423.25001;0;1.5300586007363e-06;0
423.364;0.00666999999999973;1.65384358081518e-06;0
423.484;0.0133399999999995;1.78041510065055e-06;0
423.592;0.019999999999996;1.90828715528646e-06;0
423.711;0.0266699999999958;2.0388794082911e-06;0
423.824;0.0333399999999955;2.17371531202757e-06;0
423.943;0.0399999999999991;2.30990734511728e-06;0
424.05401;0.0466699999999989;2.44887373676553e-06;0
424.16401;0.0533399999999986;2.59213647523769e-06;0
424.283;0.0599999999999952;2.73680654567386e-06;0
424.387;0.0666699999999949;2.88430065478152e-06;0
424.508;0.0733399999999946;3.03613923969398e-06;0
424.62099;0.0799999999999983;3.19094046503894e-06;0
424.743;0.086669999999998;3.34721449587679e-06;0
424.84701;0.0933399999999978;3.5063726291658e-06;0
424.96799;0.0999999999999943;3.66993639151458e-06;0
425.083;0.106669999999994;3.83500651037399e-06;0
425.19401;0.113339999999994;4.00451399948663e-06;0
425.311;0.119999999999997;4.17858294026372e-06;0
425.424;0.126669999999997;4.35279592435881e-06;0
425.533;0.133339999999997;4.52997428547361e-06;0
425.657;0.139999999999993;4.71164273584209e-06;0
425.76;0.14667;4.89640665686355e-06;0
425.889;0.15334;5.08276938003444e-06;0
425.99;0.159999999999997;5.27213859048611e-06;0
426.10399;0.166669999999996;5.46452126169983e-06;0
426.214;0.173339999999996;5.65841161279067e-06;0
426.322;0.18;5.8552113319873e-06;0
426.43999;0.186669999999999;6.05492136631656e-06;0
426.559;0.193339999999999;6.25753525094348e-06;0
426.671;0.199999999999996;6.46305217858889e-06;0
426.797;0.206669999999995;6.67147070130329e-06;0
426.9;0.213339999999995;6.88429070768275e-06;0
427.014;0.219999999999999;7.10011280014219e-06;0
427.129;0.226669999999999;7.31742284321209e-06;0
427.253;0.233339999999998;7.53912572544432e-06;0
427.353;0.239999999999995;7.76382636102868e-06;0
427.473;0.246669999999995;7.99151643910386e-06;0
427.585;0.253339999999994;8.22218972864079e-06;0
427.69601;0.259999999999998;8.45735125300877e-06;0
427.811;0.266669999999998;8.69559931627512e-06;0
427.921;0.273339999999997;8.93542398071203e-06;0
428.04799;0.279999999999994;9.17972835336357e-06;0
428.154;0.286669999999994;9.425601074229e-06;0
428.27;0.293339999999993;9.67443291914545e-06;0
428.393;0.299999999999997;9.92621598380924e-06;0
428.49599;0.306669999999997;1.0182449326237e-05;0
428.601;0.313339999999997;1.0444743841334e-05;0
428.70701;0.32;1.07087923032792e-05;0
428.833;0.32667;1.09759931395386e-05;0
428.952;0.33334;1.1246346353295e-05;0
429.073;0.339999999999996;1.15198481464627e-05;0
429.171;0.346669999999996;1.17964940643202e-05;0
429.284;0.353339999999996;1.20762889705942e-05;0
429.402;0.359999999999999;1.23592212344705e-05;0
429.517;0.366669999999999;1.26437704634637e-05;0
429.63599;0.373339999999999;1.2931333299112e-05;0
429.743;0.379999999999995;1.32203830752686e-05;0
429.866;0.386669999999995;1.3512311201676e-05;0
429.97899;0.393339999999995;1.3810128407221e-05;0
430.07799;0.399999999999999;1.41094973063087e-05;0
430.20701;0.406669999999998;1.44102968434729e-05;0
430.312;0.413339999999998;1.47139188893756e-05;0
430.428;0.419999999999995;1.50203378218298e-05;0
430.532;0.426669999999994;1.53310410754809e-05;0
430.655;0.433339999999994;1.56431016287449e-05;0
430.753;0.439999999999998;1.5957897887942e-05;0
430.88399;0.446669999999997;1.62754074697878e-05;0
430.993;0.453339999999997;1.65956039278595e-05;0
431.10799;0.459999999999994;1.69214808108735e-05;0
431.225;0.466669999999993;1.72487112430692e-05;0
431.32799;0.47334;1.75771662890078e-05;0
431.443;0.479999999999997;1.79082201356192e-05;0
431.557;0.486669999999997;1.82418462011731e-05;0
431.665;0.493339999999996;1.85780138632676e-05;0
431.797;0.5;1.89166950009125e-05;0
431.904;0.50667;1.92593684807595e-05;0
432.02199;0.513339999999999;1.96046075201943e-05;0
432.11899;0.519999999999996;1.99523858814245e-05;0
432.24;0.526669999999996;2.0301169086095e-05;0
432.353;0.533339999999995;2.06538324329661e-05;0
432.469;0.539999999999999;2.10104564176921e-05;0
432.573;0.546669999999999;2.13681073597007e-05;0
432.68799;0.553339999999999;2.17281571768902e-05;0
432.808;0.559999999999995;2.2090576039673e-05;0
432.91401;0.566669999999995;2.24553335394769e-05;0
433.036;0.573339999999995;2.28223986949405e-05;0
433.15;0.579999999999998;2.31917399582745e-05;0
433.25001;0.586669999999998;2.35633252217877e-05;0
433.36899;0.593339999999998;2.3937121824574e-05;0
433.47001;0.599999999999994;2.43130965593572e-05;0
433.596;0.606669999999994;2.46912156794909e-05;0
433.70901;0.613339999999994;2.50729536649657e-05;0
433.818;0.619999999999997;2.54568795363973e-05;0
433.92699;0.626669999999997;2.58414542913387e-05;0
434.03499;0.633339999999997;2.62280434409741e-05;0
434.159;0.639999999999993;2.66151020694179e-05;0
434.28;0.64667;2.70039908281255e-05;0
434.38399;0.65334;2.73961740751531e-05;0
434.48299;0.659999999999997;2.77902138905643e-05;0
434.613;0.666669999999996;2.81860719956171e-05;0
434.72001;0.673339999999996;2.85822008901282e-05;0
434.827;0.68;2.89799575542518e-05;0
434.954;0.686669999999999;2.93808060281931e-05;0
435.06;0.693339999999999;2.97833048917896e-05;0
435.17901;0.699999999999996;3.0187413462874e-05;0
435.275;0.706669999999995;3.05930906439337e-05;0
435.392;0.713339999999995;3.10002949313465e-05;0
435.50899;0.719999999999999;3.14074756658558e-05;0
435.631;0.726669999999999;3.18159878663091e-05;0
435.742;0.733339999999998;3.22272903706818e-05;0
435.846;0.739999999999995;3.26384310943502e-05;0
435.965;0.746669999999995;3.30507637752732e-05;0
436.08401;0.753339999999994;3.34657460033632e-05;0
436.178;0.759999999999998;3.38804244792268e-05;0
436.288;0.766669999999998;3.42961517598025e-05;0
436.41801;0.773339999999997;3.47158930470363e-05;0
436.525;0.779999999999994;3.51368065126009e-05;0
436.644;0.786669999999994;3.55558350206606e-05;0
436.76;0.793339999999993;3.59757278093901e-05;0
436.868;0.799999999999997;3.63979434200815e-05;0
436.973;0.806669999999997;3.6819519851466e-05;0
437.087;0.813339999999997;3.7241810318451e-05;0
437.20901;0.82;3.76662790211388e-05;0
437.31499;0.82667;3.80899635467143e-05;0
437.42901;0.83334;3.85142101830446e-05;0
437.534;0.839999999999996;3.8940475756712e-05;0
437.65;0.846669999999996;3.9367310836902e-05;3.35457261207111e-05
437.753;0.853339999999996;3.97946669867052e-05;3.35457261207111e-05
437.879;0.859999999999999;4.02224956122802e-05;3.35457261207111e-05
437.986;0.866669999999999;4.06507479745022e-05;3.35457261207111e-05
438.092;0.873339999999999;4.10778664417622e-05;3.35457261207111e-05
438.211;0.879999999999995;4.15051981949311e-05;3.35457261207111e-05
438.325;0.886669999999995;4.19341978101439e-05;3.35457261207111e-05
438.437;0.893339999999995;4.23619059824746e-05;3.35457261207111e-05
438.55199;0.899999999999999;4.27896694204426e-05;3.35457261207111e-05
438.66801;0.906669999999998;4.32189422665159e-05;3.35457261207111e-05
438.77199;0.913339999999998;4.36482735798279e-05;3.35457261207111e-05
438.88599;0.919999999999995;4.40761047786908e-05;3.35457261207111e-05
439.004;0.926669999999994;4.45037833144418e-05;3.35457261207111e-05
439.1;0.933339999999994;4.49342695737883e-05;3.35457261207111e-05
439.21599;0.939999999999998;4.53632084461133e-05;3.35457261207111e-05
439.31901;0.946669999999997;4.57904434997462e-05;6.72379401282503e-05
439.428;0.953339999999997;4.62188275425411e-05;6.72379401282503e-05
439.55199;0.959999999999994;4.6645401693024e-05;6.72379401282503e-05
439.665;0.966669999999993;4.70715132901212e-05;6.72379401282503e-05
439.788;0.97334;4.74986139244633e-05;6.72379401282503e-05
439.893;0.979999999999997;4.79252534577756e-05;6.72379401282503e-05
440.005;0.986669999999997;4.83498743180074e-05;6.72379401282503e-05
440.109;0.993339999999996;4.87723118939918e-05;6.72379401282503e-05
440.223;1;4.91954173484099e-05;6.72379401282503e-05
440.34701;1.00667;4.96177357653864e-05;6.72379401282503e-05
440.45901;1.01334;5.00392101267018e-05;6.72379401282503e-05
440.557;1.02;5.04612954585227e-05;6.72379401282503e-05
440.672;1.02667;5.08810332456004e-05;6.72379401282503e-05
440.78901;1.03334;5.12997679367968e-05;6.72379401282503e-05
440.889;1.04;5.17174395551188e-05;6.72379401282503e-05
441.004;1.04667;5.21340010052176e-05;0.000100783666248961
441.115;1.05334;5.2549402462582e-05;0.000100783666248961
441.23501;1.06;5.2963584797285e-05;0.000100783666248961
441.348;1.06666999999999;5.33764952259683e-05;0.000100783666248961
441.46;1.07333999999999;5.37880778222648e-05;0.000100783666248961
441.56299;1.08;5.41997888260191e-05;0.000302058022973019
441.676;1.08667;5.46086710574692e-05;0.000335603749093731
441.79101;1.09334;5.5017579181578e-05;0.000369149475214442
441.90101;1.09999999999999;5.54265739719982e-05;0.000369149475214442
442.016;1.10666999999999;5.58311953164507e-05;0.000369149475214442
442.128;1.11333999999999;5.62341912511486e-05;0.000369149475214442
442.253;1.12;5.66355109694786e-05;0.000369149475214442
442.35399;1.12667;5.70351040127343e-05;0.000402841689222189
442.45901;1.13334;5.74344256528195e-05;0.000402841689222189
442.583;1.13999999999999;5.78305209898074e-05;0.000402841689222189
442.689;1.14667;5.8224741698653e-05;0.000402841689222189
442.799;1.15334;5.86185440598573e-05;0.0004363874153429
442.909;1.16;5.90089742192641e-05;0.0004363874153429
443.02;1.16667;5.93973849345207e-05;0.000402841689222189
443.135;1.17334;5.97867423643381e-05;0.000335603749093731
443.23299;1.18;6.01726976347045e-05;0.000369149475214442
443.35799;1.18667;6.05551010139323e-05;0.0004363874153429
443.48;1.19334;6.09368124718783e-05;0.000402841689222189
443.589;1.2;6.13148807495986e-05;0.000369149475214442
443.698;1.20667;6.16906612674537e-05;0.000335603749093731
443.81701;1.21334;6.20656141546576e-05;0.000335603749093731
443.928;1.22;6.24367895079253e-05;0.000369149475214442
444.02801;1.22667;6.28055441367541e-05;0.000335603749093731
444.144;1.23334;6.31718242452928e-05;0.000369149475214442
444.258;1.23999999999999;6.35355924165622e-05;0.000369149475214442
444.374;1.24666999999999;6.38998340997136e-05;0.000369149475214442
444.48701;1.25333999999999;6.42601879676703e-05;0.000402841689222189
444.59901;1.26;6.46165069668402e-05;0.0004363874153429
444.70499;1.26667;6.4971671381865e-05;0.0004363874153429
444.82;1.27334;6.53227283527081e-05;0.000469933141463403
444.933;1.27999999999999;6.56695290926506e-05;0.000469933141463403
445.042;1.28666999999999;6.60134313833716e-05;0.000469933141463403
445.159;1.29333999999999;6.63543856805391e-05;0.000469933141463403
445.253;1.3;6.66923493612608e-05;0.000469933141463403
445.368;1.30667;6.70272804410384e-05;0.000503478867584114
445.48;1.31334;6.7359130806923e-05;0.000503478867584114
445.59701;1.32;6.76878593025062e-05;0.000537024593704825
445.69401;1.32667;6.8016440700594e-05;0.000537024593704825
445.809;1.33334;6.83420404289904e-05;0.000570570319825536
445.924;1.34;6.86616094399492e-05;0.000604116045946247
446.04101;1.34667;6.89794191699676e-05;0.000604116045946247
446.15301;1.35334;6.92940244509704e-05;0.000637661772066958
446.26;1.36;6.96053978446403e-05;0.000637661772066958
446.364;1.36667;6.99135131262293e-05;0.000671207498187669
446.48299;1.37334;7.02183287495188e-05;0.000671207498187669
446.59;1.38;7.05198131970365e-05;0.000704753224308172
446.70701;1.38667;7.0817935723195e-05;0.00073844543831592
446.823;1.39333999999999;7.11126629740124e-05;0.00073844543831592
446.919;1.4;7.14039655326116e-05;0.000771991164436631
447.04101;1.40667;7.1693322408424e-05;0.000771991164436631
447.13199;1.41334;7.19793084028076e-05;0.000771991164436631
447.264;1.41999999999999;7.2260391546359e-05;0.000771991164436631
447.36899;1.42666999999999;7.25379467673262e-05;0.000771991164436631
447.477;1.43333999999999;7.28119452705782e-05;0.000771991164436631
447.601;1.44;7.30823622444975e-05;0.000771991164436631
447.70901;1.44667;7.33506813490829e-05;0.000771991164436631
447.81701;1.45334;7.36139733215995e-05;0.000771991164436631
447.93;1.45999999999999;7.38736158649293e-05;0.000771991164436631
448.03699;1.46666999999999;7.41295874338109e-05;0.000771991164436631
448.16401;1.47334;7.43818639645818e-05;0.000771991164436631
448.25899;1.48;7.46304254185463e-05;0.000771991164436631
448.36899;1.48667;7.48767602690217e-05;0.000771991164436631
448.484;1.49334;7.51194528647746e-05;0.000771991164436631
448.59501;1.5;7.53584896239803e-05;0.000771991164436631
448.71799;1.50667;7.55953655039441e-05;0.000771991164436631
448.807;1.51334;7.58271659926113e-05;0.000771991164436631
448.933;1.52;7.60552804567274e-05;0.000805536890557342
449.027;1.52667;7.62796990717643e-05;0.000805536890557342
449.154;1.53334;7.64989041782572e-05;0.000805536890557342
449.249;1.54;7.67127752190235e-05;0.000839082616678053
449.37099;1.54667;7.69257137649279e-05;0.000839082616678053
449.48501;1.55334;7.71349111068999e-05;0.000805536890557342
449.596;1.56;7.73373376931069e-05;0.000839082616678053
449.70701;1.56666999999999;7.75372973610981e-05;0.000839082616678053
449.805;1.57333999999999;7.77348933546543e-05;0.000839082616678053
449.926;1.58;7.79272077990828e-05;0.000872628342798556
450.032;1.58667;7.81156360609934e-05;0.000872628342798556
450.141;1.59334;7.83001698958368e-05;0.000872628342798556
450.26099;1.59999999999999;7.84792963906202e-05;0.000872628342798556
450.364;1.60666999999999;7.8655917270967e-05;0.000906174068919267
450.47899;1.61333999999999;7.8830134391735e-05;0.000906174068919267
450.579;1.62;7.89975324164395e-05;0.000906174068919267
450.702;1.62667;7.91594015867054e-05;0.000939719795039978
450.81299;1.63334;7.93186343678845e-05;0.000939719795039978
450.933;1.63999999999999;7.94723187470723e-05;0.000939719795039978
451.03699;1.64667;7.96218432556537e-05;0.000973265521160689
451.15101;1.65334;7.97687074675191e-05;0.000973265521160689
451.262;1.66;7.99115168955043e-05;0.000973265521160689
451.35799;1.66667;8.00517730647151e-05;0.0010068112472814
451.47899;1.67334;8.01895849389447e-05;0.0010068112472814
451.588;1.68;8.0325070594926e-05;0.0010068112472814
451.698;1.68667;8.04583507739051e-05;0.00104035697340211
451.811;1.69334;8.05880567308784e-05;0.00104035697340211
451.91199;1.7;8.07126941511493e-05;0.0010068112472814
452.027;1.70667;8.08351829456758e-05;0.00104035697340211
452.145;1.71334;8.0954157298248e-05;0.00104035697340211
452.249;1.72;8.10666236160638e-05;0.00104035697340211
452.35;1.72667;8.11754014227616e-05;0.00104035697340211
452.461;1.73334;8.12805088752498e-05;0.00104035697340211
452.57999;1.73999999999999;8.13819650845145e-05;0.00104035697340211
452.678;1.74666999999999;8.14782824832948e-05;0.00104035697340211
452.80199;1.75333999999999;8.15723848338283e-05;0.00104035697340211
452.915;1.76;8.16628938783281e-05;0.00104035697340211
453.02601;1.76667;8.1748324779219e-05;0.00104035697340211
453.133;1.77334;8.18316040138828e-05;0.00104035697340211
453.241;1.77999999999999;8.19113560242627e-05;0.00104035697340211
453.352;1.78666999999999;8.19860986562316e-05;0.00104035697340211
453.473;1.79333999999999;8.20557369472863e-05;0.00104035697340211
453.57599;1.8;8.21247205418554e-05;0.00104035697340211
453.68799;1.80667;8.2190268917499e-05;0.00104035697340211
453.797;1.81334;8.22508955448326e-05;0.00104035697340211
453.9;1.82;8.23080389920104e-05;0.00104035697340211
454.01301;1.82667;8.23617197821014e-05;0.00104035697340211
454.12;1.83334;8.2413470791319e-05;0.00104035697340211
454.23501;1.84;8.24604152082609e-05;0.00107404918740965
454.352;1.84667;8.25024756328954e-05;0.00107404918740965
454.469;1.85334;8.25425813408872e-05;0.00107404918740965
454.57999;1.86;8.25793626309814e-05;0.00110759491353036
454.68101;1.86667;8.2611343115794e-05;0.00114114063965107
454.795;1.87334;8.26384367076287e-05;0.00117468636577178
454.898;1.88;8.2663576948397e-05;0.00117468636577178
455.01301;1.88667;8.26868996179014e-05;0.00120823209189249
455.117;1.89333999999999;8.27040099410043e-05;0.00120823209189249
455.226;1.9;8.27177408036246e-05;0.00124177781801321
455.339;1.90667;8.27296337333847e-05;0.00124177781801321
455.456;1.91334;8.27367977835602e-05;0.00127532354413371
455.55601;1.91999999999999;8.27406612869901e-05;0.00127532354413371
455.66601;1.92666999999999;8.27427608449912e-05;0.00130886927025442
455.783;1.93333999999999;8.27447395309849e-05;0.00130886927025442
455.889;1.94;8.27438387602544e-05;0.00134241499637513
455.99399;1.94667;8.27370856841895e-05;0.00134241499637513
456.111;1.95334;8.27288202225071e-05;0.00134241499637513
456.21799;1.95999999999999;8.27191908166096e-05;0.00137596072249584
456.337;1.96666999999999;8.27053330575077e-05;0.00137596072249584
456.439;1.97334;8.26886860568551e-05;0.00140965293650359
456.551;1.98;8.26708003817804e-05;0.00140965293650359
456.65301;1.98667;8.2648813608821e-05;0.00137596072249584
456.779;1.99334;8.26241668065402e-05;0.00140965293650359
456.879;2;8.25968971224913e-05;0.00140965293650359
456.992;2.00667;8.25670550674884e-05;0.00144319866262409
457.107;2.01334;8.25346888814211e-05;0.00144319866262409
457.212;2.02;8.24983291746198e-05;0.00144319866262409
457.324;2.02667;8.24624346361954e-05;0.0014767443887448
457.44201;2.03334;8.24242533859356e-05;0.0014767443887448
457.545;2.04;8.23808189860375e-05;0.00151029011486551
457.65;2.04667;8.2337993008549e-05;0.00151029011486551
457.76501;2.05334;8.22930252611202e-05;0.00154383584098623
457.876;2.06;8.22429509607245e-05;0.00154383584098623
457.98099;2.06666999999999;8.21921256727641e-05;0.00154383584098623
458.102;2.07333999999999;8.2140703548893e-05;0.00157738156710694
458.204;2.08;8.20858299147299e-05;0.00157738156710694
458.32;2.08667;8.20289568298843e-05;0.00161092729322765
458.43;2.09334;8.19716410943433e-05;0.00161092729322765
458.52601;2.09999999999999;8.1911029483927e-05;0.00161092729322765
458.642;2.10666999999999;8.18470678444967e-05;0.00164447301934836
458.756;2.11333999999999;8.17827083515959e-05;0.00164447301934836
458.851;2.12;8.17181126121073e-05;0.00167801874546886
458.962;2.12667;8.16504291262404e-05;0.00167801874546886
459.075;2.13334;8.15796008963024e-05;0.00164447301934836
459.184;2.13999999999999;8.15070717041633e-05;0.00167801874546886
459.308;2.14667;8.14359201752791e-05;0.00167801874546886
459.407;2.15334;8.13633965161418e-05;0.00171156447158957
459.517;2.16;8.12865356958497e-05;0.00171156447158957
459.62099;2.16667;8.12082044993606e-05;0.00171156447158957
459.74;2.17334;8.11284421804799e-05;0.00174525668559732
459.84299;2.18;8.10488095309075e-05;0.00174525668559732
459.956;2.18667;8.09679616316282e-05;0.00174525668559732
460.06701;2.19334;8.08844429319648e-05;0.00174525668559732
460.186;2.2;8.07997063044958e-05;0.00177880241171803
460.28499;2.20667;8.07138048283439e-05;0.00177880241171803
460.406;2.21334;8.06267851118085e-05;0.00177880241171803
460.505;2.22;8.05387003547627e-05;0.00177880241171803
460.61201;2.22667;8.04495974595641e-05;0.00177880241171803
460.73;2.23334;8.03595294961452e-05;0.00177880241171803
460.839;2.23999999999999;8.02685565773247e-05;0.00177880241171803
460.95;2.24666999999999;8.01767263796451e-05;0.00177880241171803
461.061;2.25333999999999;8.00855949220854e-05;0.00177880241171803
461.158;2.26;7.9995328575862e-05;0.00177880241171803
461.27199;2.26667;7.99030803639156e-05;0.00177880241171803
461.393;2.27334;7.98087975697342e-05;0.00174525668559732
461.495;2.27999999999999;7.97139346034067e-05;0.00174525668559732
461.607;2.28666999999999;7.96185459479021e-05;0.00174525668559732
461.721;2.29333999999999;7.95226794822543e-05;0.00174525668559732
461.82;2.3;7.94278983034106e-05;0.00174525668559732
461.93799;2.30667;7.93328595969921e-05;0.00174525668559732
462.04101;2.31334;7.9236103128697e-05;0.00174525668559732
462.15;2.32;7.91390895738691e-05;0.00177880241171803
462.26501;2.32667;7.90418800858812e-05;0.00177880241171803
462.368;2.33334;7.8946025223479e-05;0.00177880241171803
462.48299;2.34;7.88501831252504e-05;0.00177880241171803
462.59901;2.34667;7.87544121432958e-05;0.00181234813783874
462.699;2.35334;7.86587673305337e-05;0.00181234813783874
462.808;2.36;7.85633069660695e-05;0.00181234813783874
462.921;2.36667;7.84695970244184e-05;0.00181234813783874
463.03499;2.37334;7.83762985213043e-05;0.00184589386395924
463.142;2.38;7.82819649313088e-05;0.00184589386395924
463.25001;2.38667;7.81865482089373e-05;0.00184589386395924
463.359;2.39333999999999;7.80930061608095e-05;0.00187943959007996
463.47001;2.4;7.80015055478614e-05;0.00187943959007996
463.57599;2.40667;7.79107071758535e-05;0.00187943959007996
463.689;2.41334;7.78191642512465e-05;0.00187943959007996
463.807;2.41999999999999;7.77253173814199e-05;0.00187943959007996
463.90301;2.42666999999999;7.76320125700625e-05;0.00187943959007996
464.01501;2.43333999999999;7.75408046872362e-05;0.00187943959007996
464.13;2.44;7.74503535157791e-05;0.00191298531620067
464.242;2.44667;7.73591985566391e-05;0.00191298531620067
464.348;2.45334;7.72687801917628e-05;0.00191298531620067
464.452;2.45999999999999;7.71791469788143e-05;0.00191298531620067
464.56499;2.46666999999999;7.70888397367095e-05;0.00194653104232138
464.67299;2.47334;7.69977752774778e-05;0.00194653104232138
464.781;2.48;7.69073993257947e-05;0.00194653104232138
464.894;2.48667;7.6817757815033e-05;0.00198007676844209
465.01;2.49334;7.67273515483315e-05;0.00198007676844209
465.113;2.5;7.6639129410381e-05;0.00198007676844209
465.215;2.50667;7.65517344139392e-05;0.0020136224945628
465.335;2.51334;7.64651809496662e-05;0.0020136224945628
465.447;2.52;7.63810138701363e-05;0.0020136224945628
465.55401;2.52667;7.6299372855046e-05;0.0020136224945628
465.65101;2.53334;7.62204048529772e-05;0.0020471682206833
465.76099;2.54;7.61427628360444e-05;0.0020471682206833
465.879;2.54667;7.60664870770109e-05;0.0020471682206833
465.99;2.55334;7.59931258238134e-05;0.00208086043469105
466.092;2.56;7.59213285585826e-05;0.0020471682206833
466.208;2.56666999999999;7.58526523853573e-05;0.0020471682206833
466.31;2.57333999999999;7.57857492713696e-05;0.00208086043469105
466.41801;2.58;7.57176547135376e-05;0.00208086043469105
466.547;2.58667;7.56512162194753e-05;0.00208086043469105
466.64899;2.59334;7.558647204764e-05;0.00208086043469105
466.74599;2.59999999999999;7.55234666038318e-05;0.00211440616081176
466.867;2.60666999999999;7.54622441449207e-05;0.00211440616081176
466.977;2.61333999999999;7.54028354105104e-05;0.00214795188693247
467.075;2.62;7.53452899688767e-05;0.00218149761305318
467.182;2.62667;7.52881500776137e-05;0.00221504333917389
467.29999;2.63334;7.5232840002922e-05;0.0022485890652944
467.413;2.63999999999999;7.51809070044806e-05;0.00228213479141511
467.52;2.64667;7.51309921143014e-05;0.00231568051753582
467.616;2.65334;7.5081621839131e-05;0.00234922624365653
467.73099;2.66;7.50327184175705e-05;0.00234922624365653
467.846;2.66667;7.4987230200007e-05;0.00238277196977724
467.958;2.67334;7.4943789479095e-05;0.00241646418378478
468.06299;2.68;7.49024263277492e-05;0.00241646418378478
468.161;2.68667;7.48631767833638e-05;0.00245000990990549
468.268;2.69334;7.48260665694462e-05;0.00245000990990549
468.391;2.7;7.47911307093265e-05;0.0024835556360262
468.497;2.70667;7.47583975046013e-05;0.00245000990990549
468.59901;2.71334;7.47278976260825e-05;0.0024835556360262
468.714;2.72;7.46996715411026e-05;0.0024835556360262
468.82101;2.72667;7.46737469025443e-05;0.0024835556360262
468.919;2.73334;7.46501471951961e-05;0.00251710136214691
469.03901;2.73999999999999;7.46289052326183e-05;0.00251710136214691
469.14899;2.74666999999999;7.46085395094888e-05;0.00255064708826763
469.251;2.75333999999999;7.45904725479772e-05;0.00251710136214691
469.364;2.76;7.45747386756821e-05;0.0024835556360262
469.47401;2.76667;7.45628670610387e-05;0.0024835556360262
469.586;2.77334;7.45534777202231e-05;0.00245000990990549
469.678;2.77999999999999;7.45450924464985e-05;0.00245000990990549
469.80199;2.78666999999999;7.45406400820858e-05;0.00241646418378478
469.902;2.79333999999999;7.45387457317704e-05;0.00241646418378478
470.00899;2.8;7.45379367869292e-05;0.00238277196977724
470.13199;2.80667;7.45411416079726e-05;0.00238277196977724
470.234;2.81334;7.45469782933407e-05;0.00238277196977724
470.333;2.82;7.45554755319215e-05;0.00238277196977724
470.452;2.82667;7.45666554244619e-05;0.00241646418378478
470.54999;2.83334;7.45805425798888e-05;0.00241646418378478
470.667;2.84;7.4598680306765e-05;0.00238277196977724
470.775;2.84667;7.46196931832182e-05;0.00241646418378478
470.881;2.85334;7.46420975769134e-05;0.00241646418378478
470.99599;2.86;7.46673211394285e-05;0.00245000990990549
471.102;2.86667;7.46968990915881e-05;0.00245000990990549
471.202;2.87334;7.47249220597846e-05;0.00245000990990549
471.314;2.88;7.47541069427434e-05;0.0024835556360262
471.434;2.88667;7.47888921576695e-05;0.0024835556360262
471.53499;2.89333999999999;7.48264787549714e-05;0.00251710136214691
471.63599;2.9;7.48668889237629e-05;0.00251710136214691
471.741;2.90667;7.49101383890242e-05;0.0024835556360262
471.85399;2.91334;7.49562421228951e-05;0.00251710136214691
471.971;2.91999999999999;7.50052283181986e-05;0.00251710136214691
472.073;2.92666999999999;7.50586202674779e-05;0.00255064708826763
472.19201;2.93333999999999;7.51150323758646e-05;0.00255064708826763
472.29101;2.94;7.51729745077641e-05;0.00258419281438834
472.398;2.94667;7.52353831266133e-05;0.00258419281438834
472.503;2.95334;7.53008790243604e-05;0.00258419281438834
472.611;2.95999999999999;7.53679724115091e-05;0.00258419281438834
472.73;2.96666999999999;7.54380859363303e-05;0.00258419281438834
472.84;2.97334;7.55127365484471e-05;0.00261773854050905
472.954;2.98;7.55905425418047e-05;0.00258419281438834
473.053;2.98667;7.56700276886281e-05;0.00258419281438834
473.16401;2.99334;7.57526079922337e-05;0.00258419281438834
473.267;3;7.58382985335974e-05;0.00258419281438834
473.38;3.00667;7.59271208460605e-05;0.00258419281438834
473.48701;3.01334;7.60190766719484e-05;0.00258419281438834
473.60399;3.02;7.61141933992294e-05;0.00258419281438834
473.71;3.02667;7.62124992726126e-05;0.00258419281438834
473.81299;3.03334;7.63139966978372e-05;0.00258419281438834
473.924;3.04;7.64187072091774e-05;0.00258419281438834
474.03;3.04667;7.65266461945144e-05;0.00258419281438834
474.139;3.05334;7.66378286093924e-05;0.00258419281438834
474.24599;3.06;7.67522829531094e-05;0.00255064708826763
474.355;3.06666999999999;7.68715331501236e-05;0.00255064708826763
474.463;3.07333999999999;7.69941945650869e-05;0.00255064708826763
474.564;3.08;7.71202936988177e-05;0.00255064708826763
474.674;3.08667;7.72498510154102e-05;0.00258419281438834
474.78499;3.09334;7.73828900439098e-05;0.00258419281438834
474.889;3.09999999999999;7.75194448159251e-05;0.00258419281438834
474.999;3.10666999999999;7.76595372645299e-05;0.00258419281438834
475.1;3.11333999999999;7.78031858800505e-05;0.00258419281438834
475.225;3.12;7.7950419215915e-05;0.00261773854050905
475.32101;3.12667;7.81012664609005e-05;0.00261773854050905
475.42499;3.13334;7.82542319381668e-05;0.00261773854050905
475.542;3.13999999999999;7.84047126608144e-05;0.00261773854050905
475.65101;3.14667;7.85553090889937e-05;0.00261773854050905
475.74801;3.15334;7.87118113151705e-05;0.00261773854050905
475.86201;3.16;7.88699206101375e-05;0.00261773854050905
475.96599;3.16667;7.90325528519826e-05;0.00265128426662955
476.07799;3.17334;7.9202824179842e-05;0.00265128426662955
476.18999;3.18;7.93780590959956e-05;0.00265128426662955
476.28699;3.18667;7.95568832796872e-05;0.00268482999275026
476.392;3.19334;7.97408130070067e-05;0.00268482999275026
476.50699;3.2;7.99299944914685e-05;0.00268482999275026
476.61201;3.20667;8.01230693280897e-05;0.00271837571887097
476.721;3.21334;8.03185529418781e-05;0.00271837571887097
476.82;3.22;8.05178790093345e-05;0.00268482999275026
476.936;3.22667;8.07210820009987e-05;0.00268482999275026
477.042;3.23334;8.0928187139647e-05;0.00271837571887097
477.15101;3.23999999999999;8.11392234352881e-05;0.00271837571887097
477.26099;3.24666999999999;8.1352725907073e-05;0.00271837571887097
477.365;3.25333999999999;8.15716312055769e-05;0.00275206793287872
477.475;3.26;8.17945707641236e-05;0.00275206793287872
477.581;3.26667;8.2018567972144e-05;0.00275206793287872
477.687;3.27334;8.22449249529522e-05;0.00278561365899943
477.795;3.27999999999999;8.24780933675602e-05;0.00278561365899943
477.906;3.28666999999999;8.27182228861789e-05;0.00278561365899943
478.017;3.29333999999999;8.29594150689429e-05;0.00278561365899943
478.128;3.3;8.31985769844495e-05;0.00278561365899943
478.23501;3.30667;8.34414490273646e-05;0.00278561365899943
478.336;3.31334;8.36925611152669e-05;0.00278561365899943
478.447;3.32;8.39477353203179e-05;0.00281915938511993
478.54999;3.32667;8.42055063152835e-05;0.00281915938511993
478.669;3.33334;8.44688037673081e-05;0.00281915938511993
478.777;3.34;8.47362585630891e-05;0.00285270511124064
478.88;3.34667;8.50079023603501e-05;0.00285270511124064
478.999;3.35334;8.52837636821875e-05;0.00285270511124064
479.09701;3.36;8.5562379666299e-05;0.00285270511124064
479.215;3.36667;8.58466896183165e-05;0.00288625083736136
479.30601;3.37334;8.61353104163751e-05;0.00288625083736136
479.424;3.38;8.64267809537373e-05;0.00285270511124064
479.53699;3.38667;8.67254627678302e-05;0.00288625083736136
479.639;3.39333999999999;8.70284574312476e-05;0.00288625083736136
479.75001;3.4;8.73329058979102e-05;0.00288625083736136
479.857;3.40667;8.76447864390344e-05;0.00291979656348207
479.96599;3.41334;8.7961326908648e-05;0.00291979656348207
480.07999;3.41999999999999;8.82810686960909e-05;0.00291979656348207
480.18;3.42666999999999;8.86069615690291e-05;0.00291979656348207
480.294;3.43333999999999;8.89361407377547e-05;0.00295334228960278
480.38199;3.44;8.92700618660483e-05;0.00298688801572349
480.493;3.44667;8.96087690945945e-05;0.00298688801572349
480.618;3.45334;8.99522904342872e-05;0.00302043374184399
480.712;3.45999999999999;9.02976660935358e-05;0.00302043374184399
480.818;3.46666999999999;9.06447283411559e-05;0.00302043374184399
480.92699;3.47334;9.09993054353835e-05;0.0030539794679647
481.04101;3.48;9.13586496422722e-05;0.0030539794679647
481.143;3.48667;9.17241966461806e-05;0.00308767168197245
481.25201;3.49334;9.20989987092526e-05;0.00308767168197245
481.35399;3.5;9.2482054134577e-05;0.00312121740809316
481.45901;3.50667;9.28692260305513e-05;0.00312121740809316
481.56901;3.51334;9.32604703522512e-05;0.00315476313421387
481.687;3.52;9.36656614739474e-05;0.00315476313421387
481.78499;3.52667;9.40757383964733e-05;0.00315476313421387
481.898;3.53334;9.44836654038299e-05;0.00318830886033458
482.004;3.54;9.48956707649519e-05;0.00315476313421387
482.103;3.54667;9.53104301884016e-05;0.00315476313421387
482.21799;3.55334;9.57308945316418e-05;0.00318830886033458
482.318;3.56;9.61586366624284e-05;0.00318830886033458
482.42499;3.56666999999999;9.6593725398136e-05;0.00322185458645509
482.53;3.57333999999999;9.70347123921532e-05;0.00322185458645509
482.642;3.58;9.74787661506663e-05;0.00322185458645509
482.751;3.58667;9.79243347029061e-05;0.0032554003125758
482.86001;3.59334;9.83755500823588e-05;0.0032554003125758
482.97001;3.59999999999999;9.88353884218139e-05;0.0032554003125758
483.07599;3.60666999999999;9.92998062588163e-05;0.00328894603869651
483.178;3.61333999999999;9.97691717406772e-05;0.00328894603869651
483.286;3.62;0.00010024796784558;0.0032554003125758
483.39001;3.62667;0.000100737351597143;0.00328894603869651
483.504;3.63334;0.000101229930885169;0.00328894603869651
483.607;3.63999999999999;0.000101726099553563;0.00328894603869651
483.72001;3.64667;0.00010222906664501;0.00332249176481722
483.82;3.65334;0.000102737260110256;0.00332249176481722
483.93;3.66;0.000103248800124356;0.00332249176481722
484.047;3.66667;0.000103763425943774;0.00335603749093793
484.13801;3.67334;0.000104287076549124;0.00335603749093793
484.253;3.68;0.000104819920031536;0.00338972970494547
484.351;3.68667;0.000105365251811432;0.00338972970494547
484.467;3.69334;0.000105920566320062;0.00335603749093793
484.575;3.7;0.00010647991171902;0.00338972970494547
484.674;3.70667;0.000107043147280545;0.00338972970494547
484.782;3.71334;0.000107608724075424;0.00338972970494547
484.896;3.72;0.000108182420498868;0.00342327543106618
485.014;3.72667;0.000108763012779355;0.00345682115718689
485.11001;3.73334;0.000109349144647666;0.0034903668833076
485.219;3.73999999999999;0.00010994077479024;0.00352391260942831
485.314;3.74666999999999;0.0001105392625495;0.00355745833554902
485.428;3.75333999999999;0.000111146037659157;0.00359100406166974
485.525;3.76;0.000111761280183836;0.00362454978779024
485.644;3.76667;0.000112385169609341;0.00365809551391095
485.75001;3.77334;0.000113014853411913;0.00362454978779024
485.87;3.77999999999999;0.000113653196540861;0.00365809551391095
485.964;3.78666999999999;0.000114298881817195;0.00369164124003166
486.07;3.79333999999999;0.000114947542339418;0.00369164124003166
486.176;3.8;0.00011559740625761;0.00372533345403941
486.28699;3.80667;0.000116252628411513;0.00372533345403941
486.392;3.81334;0.000116919137543239;0.00375887918016012
486.491;3.82;0.000117604864979775;0.00375887918016012
486.605;3.82667;0.000118304615142176;0.00379242490628062
486.706;3.83334;0.000119003817950497;0.00379242490628062
486.818;3.84;0.000119708051457013;0.00382597063240133
486.92299;3.84667;0.00012041869318509;0.00382597063240133
487.027;3.85334;0.000121137292596227;0.00382597063240133
487.135;3.86;0.000121868563431693;0.00382597063240133
487.243;3.86667;0.000122606866787034;0.00385951635852204
487.34299;3.87334;0.000123353668451787;0.00385951635852204
487.461;3.88;0.000124104523812051;0.00389306208464276
487.568;3.88667;0.000124859184669125;0.00389306208464276
487.665;3.89333999999999;0.000125624888889749;0.00389306208464276
487.77;3.9;0.000126400411705563;0.00392660781076347
487.893;3.90667;0.000127184423563396;0.00392660781076347
487.99399;3.91334;0.000127976963231818;0.00396015353688418
488.09901;3.91999999999999;0.000128776593273508;0.00396015353688418
488.204;3.92666999999999;0.000129578746285976;0.00399369926300468
488.31499;3.93333999999999;0.000130386019117019;0.00396015353688418
488.42;3.94;0.000131208806348772;0.00399369926300468
488.52399;3.94667;0.000132052227928602;0.00396015353688418
488.63599;3.95334;0.000132908167952288;0.00396015353688418
488.742;3.95999999999999;0.000133767780583035;0.00396015353688418
488.85399;3.96666999999999;0.000134629114635933;0.00396015353688418
488.952;3.97334;0.00013549781924211;0.00396015353688418
489.05601;3.98;0.000136381396710945;0.00399369926300468
489.14699;3.98667;0.000137275712877649;0.00402724498912539
489.271;3.99334;0.000138176632189097;0.00399369926300468
489.374;4;0.000139085630786294;0.00402724498912539
489.476;4.00667;0.000140002464782469;0.00406093720313314
489.581;4.01334;0.000140918000661622;0.00406093720313314
489.689;4.02;0.000141837556921961;0.00406093720313314
489.79799;4.02667;0.000142775835979271;0.00409448292925385
489.909;4.03334;0.000143736720779277;0.00409448292925385
490.00899;4.04;0.00014471534960602;0.00412802865537456
490.11001;4.04667;0.00014570472358145;0.00416157438149527
490.23099;4.05334;0.000146697296006178;0.00416157438149527
490.32999;4.06;0.000147685186012401;0.00416157438149527
490.435;4.06666999999999;0.000148682476191345;0.00422866583373649
490.547;4.07333999999999;0.00014969660174301;0.0042622115598572
490.654;4.08;0.000150720749026565;0.00429575728597791
490.758;4.08667;0.000151761025642922;0.00436284873821933
490.864;4.09334;0.000152813297714044;0.00439654095222687
490.967;4.09999999999999;0.000153871852885184;0.00443008667834758
491.075;4.10666999999999;0.000154933429921451;0.00446363240446829
491.17699;4.11333999999999;0.000155998912470156;0.00446363240446829
491.281;4.12;0.000157077085636867;0.00446363240446829
491.394;4.12667;0.000158177273546032;0.00443008667834758
491.499;4.13334;0.000159294257866882;0.00439654095222687
491.6;4.13999999999999;0.000160413696381615;0.00436284873821933
491.70701;4.14667;0.000161536647034514;0.00436284873821933
491.82;4.15334;0.000162671438816613;0.00429575728597791
491.92299;4.16;0.000163821260943105;0.00429575728597791
492.023;4.16667;0.000164979080699574;0.00429575728597791
492.128;4.17334;0.000166144715361851;0.00429575728597791
492.24599;4.18;0.000167319513311666;0.00429575728597791
492.342;4.18667;0.000168500419694513;0.00429575728597791
492.45901;4.19334;0.000169690118743273;0.00432930301209862
492.56;4.2;0.000170903639339286;0.00429575728597791
492.672;4.20667;0.000172142019320372;0.00432930301209862
492.784;4.21334;0.000173386718087441;0.00432930301209862
492.889;4.22;0.000174625317553142;0.00432930301209862
492.99;4.22667;0.000175871683373734;0.00432930301209862
493.10599;4.23334;0.00017713615216523;0.00436284873821933
493.2;4.23999999999999;0.000178410266500035;0.00439654095222687
493.318;4.24666999999999;0.000179690972730537;0.00436284873821933
493.435;4.25333999999999;0.000180980956417136;0.00439654095222687
493.52199;4.26;0.000182296756651472;0.00439654095222687
493.63;4.26667;0.000183633492659817;0.00443008667834758
493.732;4.27334;0.000184973790695113;0.00443008667834758
493.838;4.27999999999999;0.000186326041800489;0.00443008667834758
493.95;4.28666999999999;0.000187691727592428;0.00446363240446829
494.055;4.29333999999999;0.000189066593583309;0.004497178130589
494.15999;4.3;0.000190447496107303;0.004497178130589
494.27;4.30667;0.000191836874430957;0.00453072385670971
494.378;4.31334;0.000193231396561029;0.00456426958283042
494.47899;4.32;0.000194633803765593;0.00463136103507164
494.581;4.32667;0.000196066648222428;0.00463136103507164
494.689;4.33334;0.000197519306655788;0.00466490676119235
494.803;4.34;0.000198975835928901;0.00473214470132081
494.889;4.34667;0.000200441712776684;0.00476569042744131
495.00699;4.35334;0.000201921276592083;0.00479923615356202
495.11001;4.36;0.000203405673978764;0.00486632760580344
495.22001;4.36667;0.00020489594349567;0.00489987333192416
495.329;4.37334;0.000206394650724466;0.00493341905804487
495.432;4.38;0.000207906145975994;0.00489987333192416
495.53499;4.38667;0.000209447169494374;0.00493341905804487
495.637;4.39333999999999;0.000211005598965777;0.00496696478416537
495.747;4.4;0.000212565253600881;0.00496696478416537
495.85399;4.40667;0.000214134292600344;0.00496696478416537
495.965;4.41334;0.000215720065351669;0.00500051051028608
496.064;4.41999999999999;0.000217309391136653;0.00500051051028608
496.17299;4.42666999999999;0.000218900378194626;0.00500051051028608
496.275;4.43333999999999;0.000220517992404358;0.00503405623640679
496.389;4.44;0.000222164682986223;0.00503405623640679
496.50201;4.44667;0.000223818989675498;0.00506774845041454
496.598;4.45334;0.00022547450831186;0.00506774845041454
496.711;4.45999999999999;0.000227135076033179;0.00510129417653525
496.807;4.46666999999999;0.000228807744277422;0.00513483990265596
496.92299;4.47334;0.000230501427595767;0.00510129417653525
497.02199;4.48;0.000232213837618537;0.00513483990265596
497.12;4.48667;0.000233936433056849;0.00516838562877646
497.22001;4.49334;0.000235661470157208;0.00513483990265596
497.33201;4.5;0.000237397313040707;0.00516838562877646
497.42901;4.50667;0.00023916059417489;0.00520193135489717
497.546;4.51334;0.000240940352883975;0.00520193135489717
497.648;4.52;0.000242724738657695;0.00520193135489717
497.751;4.52667;0.000244514681607838;0.00523547708101789
497.857;4.53334;0.000246311134772868;0.00523547708101789
497.961;4.54;0.000248133445927062;0.00523547708101789
498.07799;4.54667;0.000249981128669208;0.0052690228071386
498.17901;4.55334;0.000251832375624055;0.00530256853325931
498.284;4.56;0.00025369104247937;0.00530256853325931
498.38199;4.56666999999999;0.000255556770826004;0.00530256853325931
498.49801;4.57333999999999;0.000257435356021815;0.00533611425938002
498.607;4.58;0.000259345061161449;0.00536965998550052
498.70499;4.58667;0.000261268966338681;0.00540335219950827
498.82;4.59334;0.000263197967754937;0.00536965998550052
498.92299;4.59999999999999;0.000265134500335978;0.00540335219950827
499.016;4.60666999999999;0.000267079830822991;0.00543689792562898
499.126;4.61333999999999;0.000269047203050614;0.00547044365174969
499.22899;4.62;0.000271025158691661;0.0055039893778704
499.346;4.62667;0.000272997067546725;0.0055039893778704
499.44601;4.63334;0.00027499325629372;0.0055375351039909
499.549;4.63999999999999;0.000277031136084156;0.00557108083011162
499.661;4.64667;0.000279069018207007;0.00560462655623233
499.767;4.65334;0.000281105977978145;0.00563817228235304
499.87099;4.66;0.000283165231442293;0.00567171800847375
499.978;4.66667;0.000285235436218865;0.00570526373459446
500.083;4.67334;0.000287322412964225;0.005738955948602
500.18799;4.68;0.000289427968820617;0.00577250167472271
500.29301;4.68667;0.000291531405671502;0.00580604740084342
500.411;4.69334;0.000293645087557658;0.00583959312696413
500.506;4.7;0.000295794505419299;0.00583959312696413
500.613;4.70667;0.000297957222646616;0.00583959312696413
500.715;4.71334;0.00030011820492138;0.00587313885308484
500.824;4.72;0.000302302087491868;0.00590668457920555
500.932;4.72667;0.000304506471407643;0.00594023030532606
501.034;4.73334;0.000306725702191763;0.00597377603144677
501.15301;4.73999999999999;0.000308958366739457;0.00600732175756748
501.25201;4.74666999999999;0.00031118184526898;0.00600732175756748
501.34701;4.75333999999999;0.00031342606170265;0.00604086748368819
501.46;4.76;0.000315708108855917;0.00607455969769594
501.56701;4.76667;0.000317999550230695;0.00610810542381665
501.671;4.77334;0.000320278993922955;0.00614165114993715
501.77199;4.77999999999999;0.00032257634489102;0.00614165114993715
501.879;4.78666999999999;0.000324919024963102;0.00617519687605786
501.98299;4.79333999999999;0.000327274572893075;0.00617519687605786
502.089;4.8;0.000329627941771591;0.00620874260217857
502.19201;4.80667;0.000331981067973579;0.00620874260217857
502.29999;4.81334;0.00033437043842359;0.00620874260217857
502.411;4.82;0.00033678412477285;0.00620874260217857
502.51099;4.82667;0.000339191352783922;0.00624228832829929
502.616;4.83334;0.000341608602083251;0.00627583405442
502.71599;4.84;0.000344058158511638;0.00627583405442
502.83201;4.84667;0.000346527974083212;0.00627583405442
502.934;4.85334;0.000349004982296336;0.00627583405442
503.03499;4.86;0.000351494688781357;0.00630937978054071
503.141;4.86667;0.000353989455124666;0.00637647123278192
503.24;4.87334;0.000356515687315818;0.00641016344678967
503.352;4.88;0.000359065551558607;0.00644370917291038
503.45499;4.88667;0.00036161399864913;0.00647725489903109
503.562;4.89333999999999;0.000364170435767652;0.00654434635127231
503.665;4.9;0.000366760182350855;0.00657789207739302
503.771;4.90667;0.000369373999481698;0.00664498352963444
503.883;4.91334;0.000371988286428003;0.00671207498187586
503.99599;4.91999999999999;0.000374614165734988;0.00681285864812482
504.094;4.92666999999999;0.000377265010493895;0.00687995010036624
504.198;4.93333999999999;0.000379932379366781;0.00698058727872817
504.297;4.94;0.000382604450665649;0.00708137094497734
504.42;4.94667;0.000385310662251476;0.00714846239721855
504.51301;4.95334;0.000388040224983976;0.00724909957558069
504.62501;4.95999999999999;0.000390768219195567;0.0073161910278219
504.71799;4.96666999999999;0.000393508595105073;0.00738328248006332
504.82999;4.97334;0.000396285098712017;0.00741697469407107
504.932;4.98;0.000399085639765275;0.00745052042019178
505.03699;4.98667;0.000401886830230156;0.00748406614631228
505.137;4.99334;0.000404704069764125;0.00751761187243299
505.253;5;0.000407547957417559;0.00751761187243299
505.35;5.00667;0.000410415013857337;0.00755115759855371
505.45499;5.01334;0.000413295050080831;0.00751761187243299
505.56;5.02;0.000416187603728924;0.00755115759855371
505.67;5.02667;0.000419097061951265;0.00758470332467442
505.77601;5.03334;0.000422020490962881;0.00761824905079513
505.893;5.04;0.000424980272965212;0.00765179477691584
505.984;5.04667;0.000427959704749728;0.00768534050303655
506.101;5.05334;0.000430936302880749;0.00771888622915705
506.20099;5.06;0.000433952283267919;0.0077525784431648
506.295;5.06666999999999;0.000436997186524719;0.00778612416928551
506.41601;5.07333999999999;0.000440044697850827;0.00785321562152693
506.518;5.08;0.000443108826210548;0.00788676134764744
506.613;5.08667;0.000446203137466384;0.00792030707376815
506.72201;5.09334;0.000449317994253043;0.00795385279988886
506.833;5.09999999999999;0.000452444694133589;0.00802094425213028
506.93;5.10666999999999;0.000455599513219299;0.00808818219225853
507.04301;5.11333999999999;0.000458777016452487;0.00812172791837924
507.145;5.12;0.000461967009171545;0.00818881937062066
507.245;5.12667;0.00046518577886973;0.00822236509674137
507.342;5.13334;0.000468424993512147;0.00828945654898259
507.454;5.13999999999999;0.000471675744794193;0.0083230022751033
507.566;5.14667;0.000474964778796826;0.00839009372734472
507.672;5.15334;0.000478283036880991;0.00842378594135247
507.764;5.16;0.000481606998380839;0.00849087739359368
507.87;5.16667;0.000484946203818987;0.00852442311971439
507.98501;5.17334;0.000488328924056181;0.00859151457195582
508.083;5.18;0.000491740277248378;0.00862506029807653
508.19401;5.18667;0.000495158264746621;0.00869215175031774
508.29999;5.19334;0.000498592452237049;0.0087593896904462
508.41199;5.2;0.000502059491389949;0.00882648114268762
508.508;5.20667;0.000505551353916751;0.00889357259492884
508.609;5.21334;0.000509060587391134;0.00892711832104955
508.719;5.22;0.000512598991934343;0.00899420977329097
508.81499;5.22667;0.000516152091896154;0.00906130122553239
508.924;5.23334;0.000519725327046709;0.00909499343953993
509.034;5.23999999999999;0.000523326165237426;0.00916208489178135
509.142;5.24666999999999;0.000526958101342947;0.00922917634402277
509.249;5.25333999999999;0.000530633721703188;0.00926272207014328
509.34299;5.26;0.000534324365903512;0.0093298135223847
509.452;5.26667;0.000538024853066875;0.00936335924850541
509.559;5.27334;0.000541762699867304;0.00943059718863366
509.659;5.27999999999999;0.000545536269339388;0.00946414291475437
509.76099;5.28666999999999;0.000549333085119341;0.00949768864087508
509.859;5.29333999999999;0.000553146786717248;0.00953123436699579
509.976;5.3;0.000556994892939393;0.00959832581923722
510.074;5.30667;0.000560872242210711;0.00963187154535793
510.18999;5.31334;0.000564765690678924;0.00966541727147843
510.29;5.32;0.000568694270775709;0.00979974666384831
510.394;5.32667;0.00057265572361406;0.00986683811608952
510.495;5.33334;0.000576646072378713;0.00993392956833095
510.601;5.34;0.000580665652840211;0.0100010210205724
510.70499;5.34667;0.000584712000392045;0.0100681124728136
510.80199;5.35334;0.00058878976627454;0.010135350412942
510.919;5.36;0.00059290069552979;0.0102024418651835
511.02;5.36667;0.000597042216838454;0.0102695333174247
511.12701;5.37334;0.000601213078000295;0.0103030790435454
511.239;5.38;0.000605415044529825;0.0103701704957868
511.337;5.38667;0.000609637911349613;0.0104374084359151
511.443;5.39333999999999;0.000613897837906274;0.0104709541620358
511.54101;5.4;0.000618194203502264;0.0105380456142772
511.65301;5.40667;0.00062252165839557;0.0106051370665186
511.76099;5.41334;0.000626883264702045;0.0106722285187598
511.859;5.41999999999999;0.000631267420640997;0.0107057742448805
511.956;5.42666999999999;0.000635678464709255;0.010773012185009
512.06701;5.43333999999999;0.000640132767562168;0.0108401036372502
512.16801;5.44;0.000644626802893792;0.0109071950894916
512.275;5.44667;0.000649144780400339;0.0109742865417331
512.38599;5.45334;0.000653701277700217;0.0110413779939743
512.477;5.45999999999999;0.000658296974865276;0.0111086159341027
512.59701;5.46666999999999;0.000662918992416158;0.0111757073863442
512.695;5.47334;0.00066758202121167;0.0112427988385854
512.80401;5.48;0.000672283841876103;0.0113098902908268
512.909;5.48667;0.000677022033860191;0.0113769817430682
513.008;5.49334;0.000681798390333471;0.0114442196831965
513.115;5.5;0.00068659992922574;0.0115113111354379
513.219;5.50667;0.000691432302484483;0.0115784025876793
513.323;5.51334;0.000696313296733238;0.0116119483137998
513.435;5.52;0.000701238006779393;0.0116790397660412
513.521;5.52667;0.00070619206404011;0.0117125854921619
513.633;5.53334;0.000711188561096107;0.0117798234322902
513.738;5.54;0.000716228311775143;0.0118133691584109
513.838;5.54667;0.00072129705757342;0.0118804606106523
513.95;5.55334;0.000726398831499143;0.011914006336773
514.072;5.56;0.000731551558127497;0.0119810977890145
514.163;5.56666999999999;0.000736750335479034;0.012014643515135
514.256;5.57333999999999;0.000741977900610022;0.0120817349673764
514.368;5.58;0.00074723990720671;0.0121489729075048
514.478;5.58667;0.000752552880929234;0.0123502472642289
514.57799;5.59334;0.000757908795149045;0.0124845766565986
514.683;5.59999999999999;0.000763299089375656;0.0126187595610812
514.794;5.60666999999999;0.000768732557226693;0.0127866346795716
514.893;5.61333999999999;0.000774207939284985;0.0128872718579337
515.00201;5.62;0.000779713638026467;0.0129543633101751
515.098;5.62667;0.000785273289500652;0.0130214547624164
515.20099;5.63334;0.000790895452294605;0.0130885462146578
515.30601;5.63999999999999;0.000796538295254547;0.0131222384286655
515.413;5.64667;0.000802218578244481;0.013155784154786
515.514;5.65334;0.000807954085628868;0.0131893298809067
515.628;5.66;0.000813717609515551;0.0132564213331482
515.72201;5.66667;0.000819513045223035;0.0132899670592689
515.831;5.67334;0.000825377176063491;0.0133570585115103
515.93999;5.68;0.000831284836883249;0.0133906042376308
516.033;5.68667;0.000837215278347169;0.0134578421777593
516.143;5.69334;0.000843191167739943;0.0135249336300007
516.238;5.7;0.000849215821972554;0.0135584793561212
516.357;5.70667;0.000855283946461644;0.0136255708083626
516.46;5.71334;0.000861398601484177;0.0137262079867247
516.55601;5.72;0.000867558589609745;0.0138269916529737
516.665;5.72667;0.000873770357702923;0.0138605373790944
516.766;5.73334;0.000880027074188908;0.0139276288313358
516.86899;5.73999999999999;0.000886325926839822;0.0140282660096978
516.98299;5.74666999999999;0.000892686506255628;0.0141961411281881
517.085;5.75333999999999;0.000899096515040548;0.0142967783065503
517.183;5.76;0.000905559318556241;0.0143638697587915
517.294;5.76667;0.000912070954265907;0.0144646534250407
517.392;5.77334;0.000918618172079048;0.0145652906034026
517.495;5.77999999999999;0.000925227484602885;0.014632382055644
517.607;5.78666999999999;0.000931889539772152;0.0147330192340061
517.708;5.79333999999999;0.000938585277923428;0.0148002571741344
517.812;5.8;0.000945335049747027;0.0149008943524965
517.90301;5.80667;0.0009521454201317;0.0150015315308584
518.01099;5.81334;0.000958991609875212;0.0150686229830999
518.122;5.82;0.000965898722034906;0.0151694066493488
518.23099;5.82667;0.000972875472077761;0.015270043827711
518.33201;5.83334;0.00097987944828939;0.0153371352799522
518.43999;5.84;0.000986936294780058;0.0154379189462013
518.53699;5.84667;0.000994053967922095;0.0155385561245633
518.64699;5.85334;0.00100121207691363;0.015572101850684
518.738;5.86;0.00100842677459412;0.0156727390290461
518.84501;5.86667;0.00101570030347571;0.0157398304812873
518.95499;5.87334;0.00102301657230494;0.0158070684214158
519.057;5.88;0.00103039302080972;0.0159077055997777
519.172;5.88667;0.0010378289834338;0.0159747970520191
519.27399;5.89333999999999;0.00104531312192217;0.0160754342303813
519.37301;5.9;0.00105284983910567;0.0161426721705095
519.471;5.90667;0.00106043943357941;0.0163104008011129
519.58401;5.91334;0.001068084974096;0.0164447301934827
519.687;5.91999999999999;0.00107578524553422;0.0165453673718447
519.783;5.92666999999999;0.00108354054494395;0.0166795502763275
519.88599;5.93333999999999;0.00109135102169886;0.0167803339425765
520.008;5.94;0.00109921695535948;0.0168138796686972
520.103;5.94667;0.00110713863533667;0.0168138796686972
520.19601;5.95334;0.00111511620935967;0.0168809711209384
520.301;5.95999999999999;0.00112314995475086;0.0169145168470591
520.40101;5.96666999999999;0.00113124477525278;0.0169816082993005
520.50899;5.97334;0.00113938455367144;0.017048699751542
520.614;5.98;0.00114758678702645;0.0171159376916702
520.71799;5.98667;0.00115585991459457;0.0171830291439116
520.822;5.99334;0.00116416574244363;0.0172836663222736
520.92901;6;0.00117254620458801;0.017350757774515
521.03;6.00667;0.00118100285419695;0.0174178492267564
521.13801;6.01334;0.00118949192362156;0.0174850871668847
521.239;6.02;0.00119804047756623;0.0175521786191261
521.348;6.02667;0.00120665641468159;0.0176528157974882
521.44401;6.03334;0.00121531928633177;0.0178206909159786
521.54799;6.04;0.00122404213703614;0.0179548738204612
521.66401;6.04667;0.00123282982397813;0.0180555109988232
521.77199;6.05334;0.00124165712523969;0.0181562946650723
521.866;6.06;0.00125056226958946;0.0182233861173137
521.96799;6.06666999999999;0.00125954094983411;0.0183240232956757
522.068;6.07333999999999;0.00126856238954142;0.0184246604740378
522.178;6.08;0.00127765116084343;0.0185254441402868
522.27801;6.08667;0.00128680048301777;0.0185925355925282
522.38599;6.09334;0.00129600582135235;0.0186931727708901
522.49;6.09999999999999;0.00130527019456245;0.0188275021632598
522.586;6.10666999999999;0.00131460425565307;0.0190623222461046
522.695;6.11333999999999;0.00132400261746967;0.0192301973645949
522.79799;6.12;0.00133345970590905;0.0193979259951985
522.90999;6.12667;0.001342969477892;0.0195322553875682
523.004;6.13334;0.00135253758515845;0.0195322553875682
523.113;6.13999999999999;0.00136217619753242;0.0196328925659301
523.215;6.14667;0.00137187991182589;0.0197335297442922
523.31499;6.15334;0.00138164750679284;0.0198678591366619
523.42499;6.16;0.00139147778720262;0.020069133493386
523.52199;6.16667;0.00140136773431705;0.0201699171596351
523.631;6.17334;0.00141131558652042;0.0203376457902385
523.739;6.18;0.00142133327492126;0.0204719751826081
523.84;6.18667;0.0014314169951501;0.0206732495393322
523.93799;6.19334;0.00144156252350858;0.0208411246578226
524.047;6.2;0.00145176088525791;0.0210088532884259
524.15999;6.20667;0.00146201300091563;0.0211431826807958
524.25899;6.21334;0.00147234559496379;0.0212773655852784
524.357;6.22;0.00148274072602519;0.0214450942158818
524.463;6.22667;0.00149319824649665;0.0215794236082515
524.573;6.23334;0.00150372854595836;0.0217136065127343
524.66601;6.23999999999999;0.00151431747563112;0.0219485730834659
524.77601;6.24666999999999;0.00152495420177277;0.0222170853803184
524.885;6.25333999999999;0.00153565107674184;0.0224855976771709
524.984;6.26;0.0015464261072002;0.0226533263077743
525.081;6.26667;0.0015572578709243;0.0226533263077743
525.189;6.27334;0.00156816240423914;0.0227204177600157
525.29;6.27999999999999;0.00157913594935528;0.0228882928785061
525.39001;6.28666999999999;0.00159015182431643;0.0230224757829887
525.497;6.29333999999999;0.00160123711889449;0.0232238966275998
525.603;6.3;0.00161238943429424;0.0233245338059617
525.70901;6.30667;0.00162360142694153;0.0234251709843239
525.80601;6.31334;0.0016348710741504;0.0235595003766936
525.922;6.32;0.0016462025245403;0.0236601375550557
526.018;6.32667;0.00165759722147903;0.0238951041257873
526.12501;6.33334;0.00166904910326616;0.0240963784825115
526.223;6.34;0.00168056832193827;0.0242642536010019
526.33201;6.34667;0.00169215359829761;0.0244319822316053
526.43101;6.35334;0.00170380048285069;0.0245998573500957
526.527;6.36;0.00171550133683052;0.024767585980699
526.631;6.36667;0.00172727661394726;0.0249690068253101
526.74599;6.37334;0.00173912563309858;0.0252710648482831
526.837;6.38;0.00175103570747256;0.0255395771451356
526.95701;6.38667;0.00176299608407352;0.0256737600496183
527.062;6.39333999999999;0.00177502382602682;0.0256737600496183
527.16199;6.4;0.00178712376599996;0.0257408515018597
527.26301;6.40667;0.00179927382630879;0.0259087266203501
527.366;6.41334;0.00181150754932626;0.0261436931910819
527.47401;6.41999999999999;0.00182380370865245;0.0263114218216852
527.57599;6.42666999999999;0.00183615595893621;0.0264456047261681
527.682;6.43333999999999;0.00184857427810766;0.0265799341185378
527.78699;6.44;0.00186105454866834;0.0267141170230204
527.889;6.44667;0.00187361000099162;0.0269155378676315
527.993;6.45334;0.00188622466817587;0.0271168122243555
528.09701;6.45999999999999;0.00189890596986764;0.0275196539135777
528.2;6.46666999999999;0.00191165712271137;0.0278552576626715
528.30401;6.47334;0.00192446777479219;0.0280229862932748
528.41199;6.48;0.0019373481579841;0.0280229862932748
528.519;6.48667;0.00195029556462102;0.0280229862932748
528.616;6.49334;0.00196330558335062;0.0280565320193955
528.715;6.5;0.00197639793302073;0.0282244071378859
528.82101;6.50667;0.00198954666693859;0.0285600108869798
528.92499;6.51334;0.00200274621892055;0.0287612852437039
529.034;6.52;0.00201601368965606;0.0289291603621943
529.13599;6.52667;0.00202934786502378;0.0290968889927976
529.236;6.53334;0.00204274571939926;0.0291641269329259
529.339;6.54;0.00205619525737338;0.0292983098374087
529.43699;6.54667;0.00206971376916578;0.0294324927418914
529.53699;6.55334;0.00208329861528994;0.0297680964909853
529.654;6.56;0.00209693961280583;0.0300366087878376
529.753;6.56666999999999;0.00211063788284697;0.0302715753585694
529.85099;6.57333999999999;0.00212439299529288;0.0303051210846901
529.95499;6.58;0.00213821657105073;0.0304057582630521
530.06501;6.58667;0.0021521103338654;0.0305736333815424
530.16801;6.59334;0.00216605953915708;0.0308756914045157
530.26801;6.59999999999999;0.00218006513760005;0.031043420035119
530.37101;6.60666999999999;0.00219413992503804;0.0312112951536094
530.47599;6.61333999999999;0.00220827946167551;0.0314461152364542
530.573;6.62;0.00222248383772281;0.031681081807186
530.67899;6.62667;0.00223674108274756;0.0319495941040383
530.78599;6.63334;0.00225105621048076;0.0322851978531322
530.88901;6.63999999999999;0.00226543940610613;0.0325872558761052
530.995;6.64667;0.00227987457996387;0.0326208016022259
531.09699;6.65334;0.00229436820930263;0.0326208016022259
531.21201;6.66;0.00230893056203035;0.0327885302328293
531.297;6.66667;0.00232353507274306;0.0331913719220515
531.40101;6.67334;0.00233820863965221;0.0334261920048963
531.51899;6.68;0.00235295009913434;0.0336611585756281
531.62;6.68667;0.00236773134972302;0.0339296708724804
531.71799;6.69334;0.00238258401890993;0.0342652746215741
531.82599;6.7;0.00239748159830295;0.0345673326445473
531.91999;6.70667;0.00241244387117564;0.0345673326445473
532.029;6.71334;0.00242748156071658;0.0346679698229092
532.13901;6.72;0.00244256117028571;0.0348693906675203
532.241;6.72667;0.00245769334047947;0.0350035735720032
532.33799;6.73334;0.00247288917910565;0.0351714486904936
532.44001;6.73999999999999;0.00248815350193538;0.0353391773210969
532.547;6.74666999999999;0.00250347195893964;0.0356747810701906
532.64301;6.75333999999999;0.00251882574967479;0.0359432933670432
532.74201;6.76;0.00253424452966601;0.0364130800206195
532.844;6.76667;0.00254974534780934;0.0367151380435928
532.95899;6.77334;0.00256528928401413;0.0367486837697135
533.06299;6.77999999999999;0.00258088255099789;0.0368830131620831
533.16401;6.78666999999999;0.00259653628337208;0.0371178332449279
533.267;6.79333999999999;0.00261224456803178;0.037319254089539
533.37198;6.8;0.00262801166261929;0.0375206749341501
533.47199;6.80667;0.00264383298232206;0.0378898244093645
533.57999;6.81334;0.00265970219751856;0.0382254281584583
533.68;6.82;0.00267561586685296;0.0386616690859141
533.792;6.82667;0.00269158830668698;0.0389637271088872
533.88599;6.83334;0.00270761927897735;0.0389972728350079
533.999;6.84;0.00272370125166246;0.0391650014656112
534.09199;6.84667;0.00273983097552272;0.0395006052147052
534.197;6.85334;0.00275600764828859;0.0397355717854367
534.30201;6.86;0.00277223499644227;0.0399705383561686
534.395;6.86667;0.00278851123987624;0.0404067792836244
534.503;6.87334;0.00280483876476862;0.0408094744849596
534.61899;6.88;0.0028212217034262;0.0409438038773292
534.70099;6.88667;0.00283765708628962;0.0410108953295707
534.809;6.89333999999999;0.00285414161267862;0.041279407626423
534.909;6.9;0.00287067186036479;0.0416150113755169
535.02299;6.90667;0.0028872425724627;0.0420177065768521
535.12299;6.91334;0.00290386181830345;0.0423868560520665
535.22999;6.91999999999999;0.0029205309909408;0.0425882768966776
535.336;6.92666999999999;0.00293725265397039;0.0428230969795224
535.43101;6.93333999999999;0.00295402368806976;0.0430916092763747
535.54099;6.94;0.0029708350356678;0.0435615424178383
535.63801;6.94667;0.00298768861313768;0.0438634539529243
535.73801;6.95334;0.00300458803328302;0.0439642376191734
535.84601;6.95999999999999;0.00302154371616013;0.0442327499160258
535.95399;6.96666999999999;0.00303853796589524;0.0445346614511119
536.047;6.97334;0.00305556211255322;0.0449710488664548
536.15601;6.98;0.00307264345025325;0.0454072897939105
536.25699;6.98667;0.00308977199969523;0.0455079269722726
536.366;6.99334;0.00310692917951362;0.0457093478168837
536.469;7;0.00312412255057221;0.0460449515659775
536.568;7.00667;0.00314135598707958;0.0463805553150712
536.67301;7.01334;0.00315863634881587;0.0468503419686478
536.77;7.02;0.00317594380307231;0.0471188542655003
536.88099;7.02667;0.00319330246152437;0.0472196379317492
536.97901;7.03334;0.00321071283232882;0.0475215494668354
537.085;7.04;0.00322813482718093;0.0478236074898085
537.176;7.04667;0.00324559890042416;0.0482599949051514
537.28901;7.05334;0.00326310754719102;0.0486291443803658
537.38599;7.06;0.00328064876553187;0.0488976566772181
537.499;7.06666999999999;0.00329822638069252;0.049333897604674
537.594;7.07333999999999;0.00331584291452905;0.0500051051028616
537.70899;7.08;0.00333348439644619;0.050172833733465
537.80399;7.08667;0.00335115548864483;0.0502400716735934
537.908;7.09334;0.00336886727162147;0.0507434040532905
538.003;7.09999999999999;0.00338661221356727;0.051112553528505
538.103;7.10666999999999;0.0034043897917487;0.0514146115514782
538.20801;7.11333999999999;0.0034221963603205;0.0518508524789338
538.31501;7.12;0.0034400281329418;0.0520858190496657
538.421;7.12667;0.00345788410649425;0.0524214227987594
538.52299;7.13334;0.00347577370898362;0.0530255388447056
538.62501;7.13999999999999;0.00349368473205107;0.0534282340460408
538.736;7.14667;0.00351161927025861;0.0535288712244029
538.84101;7.15334;0.00352958982999237;0.0539652586397456
538.93601;7.16;0.00354758720484732;0.0544014995672015
539.04899;7.16667;0.00356560464876837;0.0546364661379333
539.145;7.17334;0.00358364852488571;0.054972069887027
539.24299;7.18;0.00360172135496965;0.0552068899698718
539.34601;7.18667;0.00361981088206764;0.0555761859329733
539.452;7.19334;0.00363791591922277;0.0563480306095228
539.56599;7.2;0.00365603969462784;0.0565493049662469
539.66099;7.20667;0.00367418271594001;0.0568178172630994
539.75199;7.21334;0.00369234405596007;0.0571534210121932
539.86899;7.22;0.00371052756133489;0.0579925036288712
539.96201;7.22667;0.00372872683357;0.058227323711716
540.06199;7.23334;0.00374693781965964;0.0583951988302064
540.172;7.23999999999999;0.00376516842139686;0.0586972568531794
540.27799;7.24666999999999;0.00378340758338743;0.0592341349589974
540.378;7.25333999999999;0.00380166154750602;0.0598717967310641
540.47001;7.26;0.00381993873840285;0.0599390346711926
540.57499;7.26667;0.00383823142128544;0.0603752755986484
540.68299;7.27334;0.0038565326222485;0.0609121537044662
540.78501;7.27999999999999;0.0038748397873066;0.0614827240242918
540.891;7.28666999999999;0.00389315042749919;0.0616170534166614
540.991;7.29333999999999;0.00391148283273031;0.0620532943441173
541.085;7.3;0.00392982947004055;0.062388898093211
541.19501;7.30667;0.00394816997887008;0.0628922304729083
541.30201;7.31334;0.00396651575756195;0.0634628007927339
541.39799;7.32;0.00398486601692292;0.0635969836972165
541.50599;7.32667;0.00400321090727104;0.0640333711125594
541.60599;7.33334;0.00402156670948625;0.0645702492183772
541.71799;7.34;0.00403993607892465;0.0651408195382027
541.809;7.34667;0.00405829785941625;0.0652750024426856
541.91099;7.35334;0.00407666231700376;0.0657113898580283
542.01899;7.36;0.00409502704327984;0.0662147222377255
542.12101;7.36667;0.00411339412738878;0.0667182011053097
542.223;7.37334;0.00413176134453912;0.0670538048544034
542.327;7.38;0.00415011583504732;0.0675571372341007
542.42499;7.38667;0.00416847109384385;0.0681277075539262
542.53;7.39333999999999;0.00418682660149162;0.0682618904584088
542.62699;7.4;0.00420516377162246;0.0686982778737517
542.732;7.40667;0.0042234989968176;0.0692351559795695
542.84699;7.41334;0.00424183036235229;0.0697721805732746
542.94099;7.41999999999999;0.0042601483957734;0.0699063634777572
543.047;7.42666999999999;0.00427845644019968;0.0703092051669794
543.146;7.43333999999999;0.00429674438221957;0.0708125375466765
543.25699;7.44;0.00431501369287735;0.071282324200253
543.35999;7.44667;0.00433327962957274;0.0715508364971056
543.45399;7.45334;0.00435153289500395;0.0718864402461993
543.55302;7.45999999999999;0.00436976062915455;0.0723563733876627
543.66001;7.46666999999999;0.00438798196407871;0.0728261600412393
543.76401;7.47334;0.00440618877853559;0.0732959466948158
543.86899;7.48;0.00442436670550945;0.0738665170146414
543.964;7.48667;0.00444253056247282;0.0739671541930033
544.07499;7.49334;0.00446067813653608;0.0745377245128288
544.17499;7.5;0.00447880422300031;0.0751418405587751
544.28;7.50667;0.00449690779727026;0.0752760234632579
544.38001;7.51334;0.00451497856847289;0.0756788651524799
544.473;7.52;0.00453301928128883;0.0762157432582979
544.59199;7.52667;0.00455104373045009;0.0766856763997613
544.689;7.53334;0.00456904710890952;0.0769877344227345
544.79099;7.54;0.0045870136341487;0.0774575210763109
544.89701;7.54667;0.0046049564850836;0.0779273077298875
544.99698;7.55334;0.00462287041883779;0.0782293657528605
545.102;7.56;0.00464074404866969;0.0786992988943241
545.21299;7.56666999999999;0.00465858322387208;0.0791690855479005
545.30601;7.57333999999999;0.0046763896730597;0.0794711435708737
545.413;7.58;0.00469416545601502;0.0799744759505708
545.508;7.58667;0.00471190832669489;0.0805115005442758
545.61201;7.59334;0.0047296098118913;0.0806121377226377
545.71699;7.59999999999999;0.00474726700658999;0.0810149794118599
545.81199;7.60666999999999;0.00476488744953265;0.0815518575176777
545.92802;7.61333999999999;0.00478247017850961;0.0820888821113825
546.01899;7.62;0.00480001434360783;0.0821895192897447
546.129;7.62667;0.00481751305926195;0.0826257602172005
546.22599;7.63334;0.00483496181782543;0.0831292390847847
546.327;7.63999999999999;0.0048523680533896;0.0836998094046102
546.43699;7.64667;0.00486973994056299;0.083934629487455
546.54099;7.65334;0.00488705466436175;0.0845387455334012
546.63001;7.66;0.00490431504424321;0.0849414407347364
546.73899;7.66667;0.00492153303361831;0.0854449196023205
546.844;7.67334;0.00493870195408095;0.0860825813743874
546.94901;7.68;0.00495582246681661;0.0866866974203337
547.04999;7.68667;0.00497287249534298;0.0872571212522722
547.15299;7.69334;0.00498987971285898;0.0877270543937358
547.258;7.7;0.00500684855447588;0.0879283287504598
547.36201;7.70667;0.00502373541761567;0.0886666277008887
547.447;7.71334;0.00504057337793411;0.089270743746835
547.55601;7.72;0.00505736353466564;0.0897406768882984
547.672;7.72667;0.0050740936201755;0.0900762806373923
547.76899;7.73334;0.00509075645940762;0.0906802501954515
547.87101;7.73999999999999;0.00510734734308886;0.0912843662413976
547.97199;7.74666999999999;0.00512388092866525;0.0917207536567405
548.086;7.75333999999999;0.00514035806537716;0.092291177488679
548.18601;7.76;0.00515677655506798;0.0929623849868666
548.28699;7.76667;0.00517311727094824;0.0933987724022095
548.387;7.77334;0.00518939939348622;0.093969196234148
548.49201;7.77999999999999;0.00520561676334719;0.0944055836494907
548.59501;7.78666999999999;0.00522176405281818;0.0949760074814294
548.69999;7.79333999999999;0.00523784155921264;0.0954123948967721
548.79001;7.8;0.0052538482804296;0.0959828187287106
548.905;7.80667;0.00526978170120912;0.0963855139300458
549.01099;7.81334;0.00528562865647546;0.0969560842498713
549.09299;7.82;0.00530141289632425;0.0973924716652142
549.20701;7.82667;0.00531712665241653;0.0979628954971527
549.31101;7.83334;0.00533274652513202;0.0986341029953404
549.41199;7.84;0.00534829143133626;0.0990367981966755
549.50699;7.84667;0.00536377254727363;0.0996073685165011
549.615;7.85334;0.00537916865003013;0.100043609443957
549.72501;7.86;0.00539447544924154;0.100614179763782
549.82899;7.86667;0.00540970348787205;0.101251841535849
549.92899;7.87334;0.00542484271609301;0.101923049034037
550.03;7.88;0.00543990670759805;0.102359289961493
550.12699;7.88667;0.00545489214135825;0.102896314555198
550.241;7.89333999999999;0.00546978031171781;0.103567522053385
550.34199;7.9;0.00548459506938457;0.104003762980841
550.42499;7.90667;0.00549933645648913;0.104574333300666
550.54099;7.91334;0.00551397732868054;0.105211995072733
550.637;7.91999999999999;0.00552851583246388;0.105648236000189
550.74799;7.92666999999999;0.00554297573325122;0.106218806320015
550.85099;7.93333999999999;0.00555734634822041;0.106655047247471
550.95099;7.94;0.00557161182882345;0.107192071841176
551.05302;7.94667;0.00558579596029184;0.107863279339363
551.15201;7.95334;0.00559988819543602;0.108534486837551
551.25599;7.95999999999999;0.0056138849015334;0.108970727765006
551.357;7.96666999999999;0.00562778513808579;0.109507752358711
551.45801;7.97334;0.00564157730545464;0.110178959856899
551.564;7.98;0.00565527025345958;0.110615200784355
551.66401;7.98667;0.00566887810943737;0.11115222537806
551.77;7.99334;0.00568238887120481;0.111823432876247
551.86301;8;0.00569578677668474;0.112494640374435
551.97101;8.00667;0.0057090957022341;0.112930881301891
552.06101;8.01334;0.00572230507215764;0.113467905895595
552.171;8.02;0.00573540660574061;0.114139113393783
552.279;8.02667;0.00574841215124638;0.114810320891971
552.383;8.03334;0.00576131622861581;0.115246561819426
552.482;8.04;0.00577410932985423;0.115884223591493
552.57899;8.04667;0.00578679947653655;0.116488339637439
552.67701;8.05334;0.00579938908857312;0.117125854921619
552.78501;8.06;0.00581186782281623;0.117729970967566
552.88999;8.06666999999999;0.00582423814246062;0.118602599310364
552.986;8.07333999999999;0.005836493250462;0.118971748785579
553.09501;8.08;0.00584863811239307;0.119407989713035
553.198;8.08667;0.00586068725046699;0.120280618055833
553.297;8.09334;0.00587262745343921;0.12088473410178
553.39899;8.09999999999999;0.0058844444523734;0.121488850147726
553.50901;8.10666999999999;0.00589614260512869;0.122394877728758
553.615;8.11333999999999;0.00590773571539242;0.123267506071557
553.71;8.12;0.00591922373907733;0.123670201272892
553.81599;8.12667;0.00593059157608139;0.124576375341811
553.91999;8.13334;0.00594184696180227;0.125448857196723
554.02601;8.13999999999999;0.00595299398466911;0.126355031265642
554.11701;8.14667;0.0059640206014978;0.127126875942192
554.223;8.15334;0.00597493460195692;0.128033050011111
554.32599;8.16;0.00598573992455226;0.128804894687661
554.42899;8.16667;0.00599642618733463;0.12971106875658
554.52201;8.17334;0.00600698388741086;0.130315184802526
554.63801;8.18;0.00601743573275628;0.131254904597566
554.73099;8.18667;0.00602778765433233;0.131959657821875
554.83301;8.19334;0.00603800849345764;0.132563773867821
554.94099;8.2;0.0060481002467929;0.133234981366008
555.03599;8.20667;0.00605807566743123;0.133771859471826
555.142;8.21334;0.0060679343857028;0.134443066970014
555.24698;8.22;0.00607767023688936;0.135248603860571
555.34501;8.22667;0.00608727975561832;0.135651299061906
555.44001;8.23334;0.00609677413427437;0.136389598012335
555.55399;8.23999999999999;0.00610615349480526;0.137127896962764
555.65201;8.24666999999999;0.00611541334439827;0.137765558734831
555.76099;8.25333999999999;0.00612454891267841;0.138302583328536
555.848;8.26;0.00613355230501776;0.139275848849697
555.94999;8.26667;0.00614243144782423;0.139510668932541
556.05701;8.27334;0.00615119641168615;0.140114784978487
556.15601;8.27999999999999;0.00615984172470068;0.140953867595165
556.25999;8.28666999999999;0.00616835522457663;0.141490745700983
556.361;8.29333999999999;0.00617674812817464;0.142161953199171
556.465;8.3;0.00618502371980623;0.142967490089728
556.56599;8.30667;0.00619316708837819;0.143504368195546
556.67499;8.31334;0.00620118940480791;0.144175575693734
556.77701;8.32;0.00620909377148632;0.144981112584291
556.878;8.32667;0.00621687587867173;0.145517990690109
556.97199;8.33334;0.00622453415599634;0.146155652462176
557.08201;8.34;0.00623205648312023;0.146826859960363
557.185;8.34667;0.00623946282965787;0.147498067458551
557.28699;8.35334;0.00624675174497555;0.148169274956738
557.38199;8.36;0.00625390417171389;0.148840482454926
557.47999;8.36667;0.00626093754887396;0.149511689953114
557.586;8.37334;0.00626784920104967;0.150182897451301
557.689;8.38;0.0062746321726831;0.150854104949489
557.80201;8.38667;0.00628128832330838;0.151525312447676
557.90101;8.39333999999999;0.00628781156829955;0.152196519945864
557.999;8.4;0.00629421618421573;0.152867727444051
558.10099;8.40667;0.00630050104853346;0.153538934942239
558.20499;8.41334;0.00630665883189972;0.154075959535944
558.301;8.41999999999999;0.0063126908415924;0.155049225057105
558.409;8.42666999999999;0.00631860009955952;0.155418374532319
558.508;8.43333999999999;0.00632437756987358;0.156056036304386
558.616;8.44;0.00633002879740887;0.157062847551667
558.714;8.44667;0.00633556147371194;0.157297814122399
558.81901;8.45334;0.00634097468317793;0.157901783680458
558.922;8.45999999999999;0.00634626746406633;0.158740866297136
559.01301;8.46666999999999;0.00635143863066681;0.159277890890841
559.13099;8.47334;0.00635649254434353;0.159949098389029
559.227;8.48;0.00636142648420193;0.160754488791699
559.32999;8.48667;0.00636623503401244;0.161358604837645
559.43601;8.49334;0.00637090947919552;0.162063358061954
559.53501;8.5;0.00637546606701429;0.163103715035356
559.63099;8.50667;0.00637990553701823;0.163305135879967
559.73899;8.51334;0.00638421931159364;0.164076980556516
559.83701;8.52;0.00638841034720885;0.164714642328583
559.94401;8.52667;0.00639248200702598;0.165285066160522
560.034;8.53334;0.00639643026391512;0.165956273658709
560.145;8.54;0.00640025509249206;0.166627481156897
560.249;8.54667;0.00640397713446094;0.167298688655084
560.34901;8.55334;0.00640757788591541;0.167802167522669
560.44199;8.56;0.00641104727713284;0.168406283568615
560.551;8.56666999999999;0.00641440784895768;0.168976707400553
560.645;8.57333999999999;0.0064176402677231;0.169782244291111
560.75501;8.58;0.00642074187795862;0.170352814610936
560.85801;8.58667;0.00642374816401107;0.170990476383003
560.96;8.59334;0.00642664717123963;0.171527354488821
561.06599;8.59999999999999;0.00642942006939364;0.172097924808647
561.16099;8.60666999999999;0.00643207097069794;0.172668495128472
561.25699;8.61333999999999;0.00643461368293769;0.17333970262666
561.37;8.62;0.00643704029334467;0.174010910124847
561.461;8.62667;0.00643934352438068;0.174514242504544
561.55701;8.63334;0.00644154711806369;0.175118358550491
561.66501;8.63999999999999;0.0064436362176263;0.175655236656309
561.77601;8.64667;0.00644561156431253;0.176494319272986
561.865;8.65334;0.00644747079726724;0.177232618223415
561.96699;8.66;0.0064492097206085;0.17760176769863
562.07099;8.66667;0.0064508433234594;0.178373758863066
562.16999;8.67334;0.00645236060947764;0.178843545516643
562.275;8.68;0.0064537751808279;0.179380570110348
562.37699;8.68667;0.00645509657423749;0.179984539668407
562.48401;8.69334;0.00645630192773326;0.180890713737326
562.585;8.7;0.00645739318772006;0.181561921235514
562.68601;8.70667;0.00645837485186429;0.18213249155534
562.78599;8.71334;0.00645924701477777;0.182971427684131
562.88801;8.72;0.00646002194571189;0.183340577159345
562.98701;8.72667;0.00646068812092181;0.184079022597661
563.086;8.73334;0.00646125005724743;0.184951504452573
563.19001;8.73999999999999;0.0064617161056235;0.185522074772398
563.30399;8.74666999999999;0.00646207142206079;0.186327465175068
563.39701;8.75333999999999;0.00646232229834369;0.187032218399377
563.503;8.76;0.0064624782576267;0.187971938194417
563.59601;8.76667;0.00646252814607076;0.188710237144846
563.70399;8.77334;0.00646247911036304;0.189649956939886
563.805;8.77999999999999;0.00646233652710576;0.190489039556564
563.91501;8.78666999999999;0.006462097461026;0.191361521411475
564.008;8.79333999999999;0.0064617673967693;0.192133512575912
564.107;8.8;0.0064613340796636;0.193039540156944
564.20801;8.80667;0.00646080677669553;0.194012805678105
564.31901;8.81334;0.00646019639696656;0.194650467450172
564.41501;8.82;0.00645948750796167;0.19535522067448
564.50901;8.82667;0.00645867195647336;0.196059973898788
564.60801;8.83334;0.00645775848418925;0.19706678514607
564.728;8.84;0.00645675919474456;0.197637355465895
564.822;8.84667;0.00645566290834875;0.198476438082573
564.92499;8.85334;0.0064544823374519;0.199348919937485
565.02701;8.86;0.00645321980929494;0.199718069412699
565.133;8.86667;0.00645185296265614;0.200657789207739
565.23899;8.87334;0.00645040293000378;0.201228359527565
565.323;8.88;0.00644887408156227;0.202033749930235
565.421;8.88667;0.00644726012446094;0.202637865976181
565.53;8.89333999999999;0.00644556748065728;0.203241982022128
565.629;8.9;0.00644380425401281;0.203913189520315
565.74;8.90667;0.00644195775263893;0.204416521900012
565.83399;8.91334;0.00644001861932887;0.204987092219838
565.934;8.91999999999999;0.00643797989636013;0.205591208265784
566.03501;8.92666999999999;0.0064358532756978;0.20602744919324
566.137;8.93333999999999;0.00643365893916525;0.206598019513065
566.23499;8.94;0.00643139493500466;0.207034260440521
566.344;8.94667;0.00642906276814715;0.207168589832891
566.44999;8.95334;0.0064266643737342;0.207873343057199
566.54801;8.95999999999999;0.00642418542051604;0.208343129710776
566.64799;8.96666999999999;0.00642161807525141;0.208913700030601
566.74799;8.97334;0.00641898518570249;0.209349940958057
566.84699;8.98;0.0064162811926017;0.209920511277883
566.94599;8.98667;0.00641349641988689;0.21059171877607
567.04999;8.99334;0.00641064670991849;0.211027959703526
567.15;9;0.00640774754139637;0.211598530023352
567.254;9.00667;0.00640477720800783;0.212169100343177
567.35999;9.01334;0.00640171638624628;0.212840307841365
567.46201;9.02;0.00639859571954562;0.213511515339552
567.56101;9.02667;0.00639541965184857;0.21404839344537
567.659;9.03334;0.0063921871664986;0.214585418039075
567.76401;9.04;0.00638889017555455;0.215256625537263
567.86399;9.04667;0.00638551345365919;0.21592783303545
567.964;9.05334;0.00638207641177602;0.216498403355276
568.06599;9.06;0.00637858881972246;0.217102372913335
568.16599;9.06666999999999;0.00637504760504503;0.217605851780919
568.27601;9.07333999999999;0.00637144765479697;0.21841124218359
568.37601;9.08;0.00636779115317124;0.219015358229536
568.47199;9.08667;0.00636406651984326;0.219619474275482
568.57499;9.09334;0.00636027422817432;0.220424864678152
568.67499;9.09999999999999;0.0063564299257051;0.22109607217634
568.779;9.10666999999999;0.00635254356189794;0.221666642496165
568.88401;9.11333999999999;0.00634860630243174;0.222740545195688
568.978;9.12;0.00634461070841544;0.223109694670902
569.08301;9.12667;0.00634056532270577;0.224015868739822
569.18601;9.13334;0.00633646614531837;0.224754167690251
569.292;9.13999999999999;0.00633230905696485;0.225358283736197
569.38599;9.14667;0.00632809242914193;0.22643218643572
569.48899;9.15334;0.00632381348624889;0.226868573851063
569.58301;9.16;0.00631948867175406;0.22753978134925
569.685;9.16667;0.00631513180601326;0.2283116260258
569.79099;9.17334;0.00631073416846662;0.22911701642847
569.88999;9.18;0.00630629706470991;0.229754678200537
569.991;9.18667;0.00630182111738568;0.230258157068121
570.098;9.19334;0.00629730660009711;0.230962910292429
570.19199;9.2;0.00629275712613298;0.231969721539711
570.29801;9.20667;0.00628817065288809;0.232473053919408
570.396;9.21334;0.00628353306071872;0.232842203394622
570.49799;9.22;0.00627884793465216;0.233614194559059
570.60001;9.22667;0.00627413192289669;0.234184618390998
570.69901;9.23334;0.0062693853924429;0.234822280163065
570.80601;9.23999999999999;0.00626459306341268;0.235359304756769
570.90101;9.24666999999999;0.00625977880816192;0.235929875076595
571.00699;9.25333999999999;0.00625494947561103;0.236466753182413
571.107;9.26;0.00625008122457478;0.2371379606806
571.20701;9.26667;0.00624518204458099;0.237809168178788
571.32099;9.27334;0.00624023317904104;0.238346192772493
571.409;9.27999999999999;0.00623524192520838;0.238950308818439
571.516;9.28666999999999;0.00623024689446889;0.239487186924257
571.62198;9.29333999999999;0.00622523145288259;0.240158394422444
571.71601;9.3;0.00622017461254987;0.240829601920632
571.81299;9.30667;0.00621510606627119;0.241500809418819
571.922;9.31334;0.0062100235183224;0.242172016917007
572.02399;9.32;0.00620489309725386;0.242843224415195
572.11399;9.32667;0.00619972960236377;0.2433802490089
572.22001;9.33334;0.0061945563185916;0.243984365054846
572.323;9.34;0.00618936771529296;0.244521243160664
572.42499;9.34667;0.00618416235031709;0.245192450658851
572.52299;9.35334;0.006178940807773;0.245930896097167
572.63999;9.36;0.00617368230922173;0.246501319929106
572.72501;9.36667;0.00616839505168035;0.247172527427293
572.83301;9.37334;0.00616310032916334;0.247676006294878
572.93101;9.38;0.00615779734273672;0.248212884400695
573.03901;9.38667;0.00615247618476703;0.248850546172762
573.13599;9.39333999999999;0.00614712349530126;0.24952175367095
573.23499;9.4;0.00614175532614931;0.250092323990775
573.34601;9.40667;0.00613638088195058;0.25046147346599
573.44099;9.41334;0.00613100476324403;0.251199772416419
573.547;9.41999999999999;0.00612561267706462;0.251870979914606
573.64301;9.42666999999999;0.00612019380312871;0.252240129389821
573.749;9.43333999999999;0.00611476164611441;0.252844245435767
573.84501;9.44;0.00610932283373348;0.253548998660075
573.95399;9.44667;0.0061038771789712;0.254220206158263
574.059;9.45334;0.00609841711310714;0.254891413656451
574.14701;9.45999999999999;0.00609293990799407;0.255428438250155
574.25199;9.46666999999999;0.00608743810863699;0.256401703771316
574.34601;9.47334;0.00608193021435619;0.256636670342048
574.45899;9.48;0.00607642383953057;0.257240639900107
574.55399;9.48667;0.00607091624471623;0.258079722516785
574.65201;9.49334;0.00606540471135913;0.258616600622603
574.76801;9.5;0.00605987999491786;0.25925426239467
574.85401;9.50667;0.00605435612809217;0.259858378440616
574.95899;9.51334;0.00604884913533084;0.260428948760441
575.06599;9.52;0.00604332632800119;0.260932281140139
575.16801;9.52667;0.00603777524194462;0.261737818030696
575.26499;9.53334;0.00603222995999499;0.262308241862635
575.36899;9.54;0.00602671227994662;0.262912357908581
575.461;9.54667;0.00602118702305366;0.263449382502286
575.56599;9.55334;0.00601565763952996;0.264019952822111
575.663;9.56;0.00601014111923805;0.26459037665405
575.76499;9.56666999999999;0.00600461389306657;0.265261584152237
575.87;9.57333999999999;0.00599911235699183;0.265932791650425
575.969;9.58;0.00599360290601388;0.26646981624413
576.07801;9.58667;0.00598807327550128;0.267241660920679
576.189;9.59334;0.00598257047679884;0.267812231240505
576.28199;9.59999999999999;0.00597708055365401;0.268382801560331
576.383;9.60666999999999;0.00597158617753443;0.268953225392269
576.47599;9.61333999999999;0.00596608957227818;0.269624432890456
576.58701;9.62;0.00596058955857209;0.270127911758041
576.676;9.62667;0.00595511753461256;0.270664789863859
576.79301;9.63334;0.00594967365460939;0.271268905909805
576.88801;9.63999999999999;0.00594422277953817;0.271940113407992
576.982;9.64667;0.00593875905866894;0.27261132090618
577.08301;9.65334;0.0059333066282614;0.273282528404368
577.19901;9.66;0.00592790469629429;0.273953735902555
577.29099;9.66667;0.00592249960556763;0.27449076049626
577.392;9.67334;0.00591705109946824;0.275195513720568
577.49399;9.68;0.00591162705824163;0.275833175492635
577.602;9.68667;0.00590623811166345;0.276437291538581
577.697;9.69334;0.00590087204241193;0.277209136215131
577.79499;9.7;0.00589549915019116;0.277746160808836
577.9;9.70667;0.00589013124249741;0.278283038914654
577.999;9.71334;0.00588479581667866;0.278786517782238
578.10099;9.72;0.00587948091327429;0.279424179554305
578.202;9.72667;0.00587417187169244;0.279994603386243
578.30399;9.73334;0.00586885808574601;0.280733048824559
578.41001;9.73999999999999;0.00586357457842137;0.281001414633525
578.50699;9.74666999999999;0.00585831603995907;0.281639076405592
578.60801;9.75333999999999;0.00585308101059386;0.282276738177658
578.70099;9.76;0.00584785750795043;0.282914399949725
578.80601;9.76667;0.00584264420955967;0.283518515995672
578.91199;9.77334;0.00583745203050914;0.284357452124463
579.012;9.77999999999999;0.00583228457814238;0.284793839539805
579.10901;9.78666999999999;0.00582712113087584;0.285364263371744
579.21799;9.79333999999999;0.00582197169676999;0.286001925143811
579.314;9.8;0.00581685673348005;0.286538949737516
579.41901;9.80667;0.00581176585050912;0.287176611509583
579.53;9.81334;0.00580668645664234;0.287612852437038
579.62699;9.82;0.00580161445977991;0.288183422756864
579.72199;9.82667;0.00579658025510768;0.288854630255052
579.82099;9.83334;0.00579156324227093;0.289257325456387
579.922;9.84;0.00578655619419076;0.289794350050092
580.02799;9.84667;0.00578159240580728;0.290465557548279
580.11701;9.85334;0.00577665547780467;0.290834707023494
580.22101;9.86;0.00577172313980471;0.291371585129311
580.32801;9.86667;0.00576680971725315;0.291807972544654
580.43299;9.87334;0.00576193841109073;0.292344850650472
580.52299;9.88;0.00575709606671128;0.292982512422539
580.63001;9.88667;0.00575225988777001;0.293620174194606
580.73499;9.89333999999999;0.00574744498982287;0.294022869395941
580.83201;9.9;0.0057426709142012;0.294593439715767
580.943;9.90667;0.00573792904840176;0.295231101487833
581.033;9.91334;0.00573320760341971;0.295633796689169
581.13401;9.91999999999999;0.00572851995132215;0.296204367008994
581.24201;9.92666999999999;0.00572384077420371;0.296842028781061
581.344;9.93333999999999;0.00571918970690317;0.297278269708517
581.43101;9.94;0.00571459880505754;0.297815294302222
581.53699;9.94667;0.0057100118607565;0.298251535229678
581.64701;9.95334;0.00570544445266149;0.298788559823383
581.749;9.95999999999999;0.00570092127175153;0.29945976732157
581.85099;9.96666999999999;0.00569643328387313;0.30009728260575
581.94999;9.97334;0.00569196966801544;0.300500124294972
582.051;9.98;0.00568752672042544;0.301003456674669
582.15299;9.98667;0.00568311865020956;0.301641118446736
582.24698;9.99334;0.00567874299630939;0.302043813648071
582.35001;10;0.00567439637438458;0.302614383967897
582.45399;10.00667;0.00567009051104505;0.303218500013843
582.559;10.01334;0.00566581425207936;0.303822616059789
582.659;10.02;0.0056615577479561;0.304393039891728
582.76301;10.02667;0.00565734975375455;0.304896518759312
582.85599;10.03334;0.00565316659851486;0.305399851139009
582.95701;10.04;0.00564900530459233;0.306003967184955
583.06501;10.04667;0.00564488695006011;0.306641628957022
583.163;10.05334;0.00564081358192897;0.307178653550727
583.26301;10.06;0.00563675437177784;0.307749077382666
583.35499;10.06667;0.00563272799448955;0.308219010524129
583.461;10.07334;0.00562875760818737;0.308856672296196
583.56599;10.08;0.00562482088099828;0.309494334068263
583.66901;10.08667;0.00562091704073778;0.310064757900202
583.754;10.09334;0.0056170287579556;0.310433907375416
583.866;10.1;0.00561320261665033;0.311205898539853
583.96201;10.10667;0.00560942417547831;0.31170923091955
584.06699;10.11334;0.00560566235715116;0.312346892691617
584.17701;10.12;0.00560194828391168;0.312783133619073
584.27701;10.12667;0.00559828919076608;0.313353703938898
584.37699;10.13334;0.00559466622059403;0.314226332281697
584.46799;10.14;0.00559105720059182;0.314494698090662
584.57999;10.14667;0.00558748811080119;0.314998176958246
584.684;10.15334;0.00558397512745387;0.315870805301045
584.779;10.16;0.00558049253778202;0.316172863324018
584.88801;10.16667;0.00557703431009765;0.316810378608198
584.97999;10.17334;0.00557362704959714;0.317112436631171
585.08301;10.18;0.00557027075845516;0.317917973521729
585.17802;10.18667;0.00556694974286435;0.318488397353667
585.28901;10.19334;0.0055636674821291;0.319159604851855
585.392;10.2;0.00556043874838467;0.319528900814956
585.48401;10.20667;0.00555724646604685;0.320166416099136
585.59501;10.21334;0.00555409121968001;0.320837623597324
585.69099;10.22;0.00555098099620869;0.321206919560425
585.78699;10.22667;0.00554791485123577;0.321810889118484
585.88499;10.23334;0.00554489305099193;0.322213730807706
585.98301;10.24;0.00554191615153259;0.322817700365766
586.09;10.24667;0.00553898320955583;0.323220542054988
586.18299;10.25334;0.00553609450753184;0.323858057339168
586.288;10.26;0.00553325490774004;0.324529264837355
586.38801;10.26667;0.00553046196052663;0.324898560800457
586.48899;10.27334;0.00552772273738507;0.325502530358516
586.58799;10.28;0.00552501704981001;0.326240975796832
586.69901;10.28667;0.00552236183883831;0.32677785390265
586.79499;10.29334;0.0055197563024578;0.327214241317992
586.89399;10.3;0.00551720101544884;0.32788544881618
586.99799;10.30667;0.00551470347674312;0.328489418374239
587.098;10.31334;0.00551225009514512;0.329093534420186
587.19901;10.32;0.00550984450274121;0.329865379096735
587.29301;10.32667;0.00550747911339812;0.330268220785957
587.40699;10.33334;0.00550517424992795;0.330905882558024
587.503;10.34;0.00550292028841382;0.331577090056212
587.60401;10.34667;0.0055007017932988;0.331912693805306
587.70301;10.35334;0.00549854012989411;0.33228184328052
587.805;10.36;0.00549642705257281;0.332919505052587
587.90201;10.36667;0.00549436196731592;0.333590712550775
588.00501;10.37334;0.00549235708260418;0.333959862025989
588.10999;10.38;0.00549040911731011;0.334597523798056
588.20099;10.38667;0.00548852870319291;0.335268731296243
588.30799;10.39334;0.00548670841958312;0.335637880771458
588.413;10.4;0.00548492254281471;0.336241996817404
588.50699;10.40667;0.00548319388279747;0.336644692018739
588.61701;10.41334;0.0054815330997436;0.337282353790806
588.714;10.42;0.00547991411080031;0.337953561288994
588.81199;10.42667;0.00547835219822861;0.338624768787181
588.913;10.43334;0.00547686093254941;0.338993918262396
589.00999;10.44;0.00547542264956904;0.339631580034463
589.12198;10.44667;0.00547403034152668;0.34030278753265
589.21601;10.45334;0.00547269368931765;0.340671937007865
589.31901;10.46;0.00547142333079432;0.341309598779932
589.421;10.46667;0.00547022668303756;0.341846476885749
589.517;10.47334;0.00546908438854125;0.342450592931696
589.61899;10.48;0.00546799301655649;0.342987617525401
589.719;10.48667;0.0054669655104083;0.343658825023588
589.82001;10.49334;0.00546600789403337;0.344162157403285
589.92399;10.5;0.0054651184876394;0.34466563627087
590.02399;10.50667;0.0054642915325494;0.345168968650567
590.12;10.51334;0.00546351381663455;0.345672447518151
590.22501;10.52;0.0054627811521941;0.346343655016338
590.318;10.52667;0.00546213468840426;0.346846987396036
590.41501;10.53334;0.00546155762312856;0.34718259114513
590.525;10.54;0.00546103331356356;0.347686070012714
590.62699;10.54667;0.00546058849885668;0.348357277510901
590.72401;10.55334;0.00546021826847284;0.349028485009089
590.82599;10.56;0.00545989171180489;0.349531817388786
590.93201;10.56667;0.00545963341399042;0.35003529625637
591.03501;10.57334;0.00545946182319088;0.350706503754558
591.142;10.58;0.00545935658900878;0.351209836134255
591.223;10.58667;0.00545931413539027;0.351713315001839
591.32599;10.59334;0.00545933937389115;0.352350976773906
591.43101;10.6;0.00545942099727399;0.352854309153603
591.533;10.60667;0.00545957683645816;0.353357788021187
591.63999;10.61334;0.0054598051966789;0.353861120400885
591.741;10.62;0.00546010294857794;0.354599419351314
591.83799;10.62667;0.00546048071659341;0.354901477374287
591.935;10.63334;0.00546090710698787;0.355337864789629
592.04401;10.64;0.0054614049018393;0.355941834347689
592.146;10.64667;0.00546197637106203;0.356512404667514
592.24601;10.65334;0.00546261602534682;0.357049429261219
592.34699;10.66;0.0054633322948074;0.357586307367037
592.447;10.66667;0.00546411839015275;0.358156877686863
592.54899;10.67334;0.00546498591706187;0.35882808518505
592.65201;10.68;0.00546595021131153;0.359264326112506
592.75501;10.68667;0.00546697945678188;0.359801350706211
592.848;10.69334;0.00546807712980568;0.360237591633667
592.95899;10.7;0.00546928205208179;0.360808161953492
593.05601;10.70667;0.00547054106904543;0.36147936945168
593.155;10.71334;0.00547186241901828;0.362117031223747
593.254;10.72;0.00547328994265324;0.362553272151202
593.35999;10.72667;0.00547479275702657;0.363123842471028
593.44599;10.73334;0.00547636863405263;0.363795049969216
593.551;10.74;0.00547802494179331;0.364231290896671
593.663;10.74667;0.00547976180633389;0.364768315490376
593.753;10.75334;0.00548158191475748;0.365439522988564
593.848;10.76;0.00548348714498142;0.36587576391602
593.96699;10.76667;0.0054854748299624;0.366446334235845
594.06199;10.77334;0.00548754175619056;0.36684902943718
594.154;10.78;0.0054896989370848;0.367419599757006
594.25699;10.78667;0.00549194834306894;0.368090807255193
594.35901;10.79334;0.00549427721196793;0.368527048182649
594.45301;10.8;0.00549669032217708;0.369097618502475
594.56101;10.80667;0.0054991881411078;0.369735280274542
594.654;10.81334;0.00550177844593943;0.370171521201997
594.75999;10.82;0.00550446538685335;0.370742091521823
594.86201;10.82667;0.00550722908859799;0.371178332449279
594.965;10.83334;0.00551007809521809;0.371715357042984
595.06901;10.84;0.00551301589270219;0.372386564541171
595.16901;10.84667;0.0055160445461298;0.372822805468627
595.262;10.85334;0.00551916493217893;0.373393375788453
595.36701;10.86;0.00552238334312711;0.373930253894271
595.46299;10.86667;0.0055256838686469;0.374534369940217
595.56299;10.87334;0.00552906027404175;0.375037702319914
595.66599;10.88;0.005532563843452;0.375843239210471
595.771;10.88667;0.00553615022607175;0.376380117316289
595.86799;10.89334;0.00553980956498048;0.377017779088356
595.97401;10.9;0.00554358245402347;0.377454166503699
596.07001;10.90667;0.00554745104422725;0.378024590335637
596.16901;10.91334;0.00555141503921825;0.37846097775098
596.26801;10.92;0.00555548385134517;0.378997855856798
596.37101;10.92667;0.00555965052594037;0.37940069754602
596.477;10.93334;0.00556390101065532;0.379937575651838
596.57599;10.94;0.00556826562326856;0.380575237423905
596.68299;10.94667;0.0055727102560181;0.38097793262524
596.77201;10.95334;0.00557724397549719;0.381514957218945
596.87198;10.96;0.00558189175091334;0.382051835324763
596.97901;10.96667;0.00558662429144582;0.382622405644589
597.081;10.97334;0.00559145643430509;0.383092338786052
597.18201;10.98;0.00559639290145892;0.383729854070232
597.284;10.98667;0.00560143872771408;0.384333970116178
597.378;10.99334;0.00560658033066149;0.384703119591393
597.47401;11;0.00561182620129553;0.38537432708958
597.577;11.00667;0.00561717243057322;0.385944897409406
597.684;11.01334;0.00562262879741886;0.386347592610741
597.788;11.02;0.00562820038018182;0.386985254382808
597.88401;11.02667;0.00563386798850784;0.387656461880995
597.97901;11.03334;0.0056396319338146;0.387891428451727
598.07999;11.04;0.00564549552685191;0.388394760831424
598.185;11.04667;0.00565146194865298;0.38896533115125
598.284;11.05334;0.00565754284610112;0.389569447197196
598.38599;11.06;0.00566374183591077;0.38993859667241
598.49299;11.06667;0.0056700363525953;0.390609804170598
598.58201;11.07334;0.00567642656708271;0.391213920216544
598.685;11.08;0.00568293187807198;0.391583069691759
598.77799;11.08667;0.00568956296760005;0.392187185737705
598.88999;11.09334;0.00569630492040035;0.392556335212919
598.98401;11.1;0.00570313076980698;0.393227542711107
599.09299;11.10667;0.00571008275543882;0.393831658757053
599.19501;11.11334;0.00571714074949949;0.394368536862871
599.29499;11.12;0.00572429785955444;0.395073290087179
599.395;11.12667;0.00573158412813852;0.395543223228643
599.48801;11.13334;0.00573899042905027;0.396013009882219
599.589;11.14;0.00574652114033331;0.396684217380407
599.69001;11.14667;0.00575415291092846;0.397187696247991
599.79301;11.15334;0.0057618977644987;0.397657482901568
599.88199;11.16;0.00576974732964992;0.398160961769152
599.99;11.16667;0.00577770536852629;0.398630748422728
600.09;11.17334;0.0057858005222309;0.399301955920916
600.193;11.18;0.00579400385051332;0.3998054347885
600.283;11.18667;0.00580231308770608;0.400275221442077
600.391;11.19334;0.00581074265401138;0.400879337488023
600.48499;11.2;0.00581929266905621;0.401449761319961
600.58799;11.20667;0.00582796946302731;0.401919694461425
600.69099;11.21334;0.00583676498665204;0.402725084864095
600.805;11.22;0.00584567369328844;0.4032621094578
600.9;11.22667;0.00585470169077004;0.403866225503746
600.99698;11.23334;0.00586384232233069;0.404336012157323
601.10901;11.24;0.00587310045497374;0.404805798810899
601.202;11.24667;0.0058824907901406;0.405443460582966
601.29801;11.25334;0.00589198922191345;0.40591339372443
601.40299;11.26;0.00590158516606334;0.406416726104127
601.499;11.26667;0.00591131264698023;0.407054387876194
601.60099;11.27334;0.00592117602386778;0.407692049648261
601.69401;11.28;0.00593114476511625;0.408195528515845
601.80302;11.28667;0.00594122963427003;0.408665315169421
601.89799;11.29334;0.00595144355433774;0.409504397786099
602.00901;11.3;0.00596176551971752;0.410007730165796
602.107;11.30667;0.00597221420835748;0.410678937663984
602.206;11.31334;0.00598279218258876;0.411450782340534
602.29999;11.32;0.00599348808284593;0.411987806934238
602.40201;11.32667;0.0060042976198909;0.412591922980185
602.503;11.33334;0.00601523128342432;0.413196039026131
602.60499;11.34;0.00602628991887512;0.413732917131949
602.70499;11.34667;0.00603746939343161;0.414236395999533
602.80399;11.35334;0.00604876864299932;0.414907603497721
602.909;11.36;0.00606019815506666;0.415410935877418
603.01401;11.36667;0.00607175709258153;0.416182780553967
603.10801;11.37334;0.00608342519963685;0.416719805147672
603.21201;11.38;0.00609522873932474;0.417290375467498
603.31199;11.38667;0.00610714280937347;0.417827253573316
603.40101;11.39334;0.00611919534329009;0.418498461071503
603.50999;11.4;0.00613138842693841;0.418834064820597
603.61799;11.40667;0.00614369091687544;0.419471726592664
603.71299;11.41334;0.00615614129185222;0.420109388364731
603.81199;11.42;0.00616871884306067;0.420478537839945
603.90699;11.42667;0.00618142289373446;0.421082653885892
604.01099;11.43334;0.00619425305140019;0.421753861384079
604.11201;11.44;0.00620720269774606;0.422425068882267
604.20899;11.44667;0.00622027723414174;0.42276067263136
604.30799;11.45334;0.00623348621638064;0.423398334403427
604.41001;11.46;0.00624684486772308;0.424035996175494
604.516;11.46667;0.00626031884940426;0.424405145650709
604.61201;11.47334;0.00627390960239056;0.424975715970534
604.71;11.48;0.00628763605467877;0.425378411171869
604.81199;11.48667;0.00630149041735783;0.425982527217816
604.91401;11.49334;0.00631546350469423;0.426653734716003
605.01801;11.5;0.00632955685908157;0.42729139648807
605.12;11.50667;0.00634378243844173;0.427794728867767
605.219;11.51334;0.00635814758840314;0.428331753461472
605.318;11.52;0.00637264328747704;0.428935869507418
605.41401;11.52667;0.00638725802195443;0.429472747613236
605.52399;11.53334;0.00640199706200484;0.430043317933062
605.60999;11.54;0.00641686544763302;0.430580342526767
605.715;11.54667;0.00643185332738167;0.431251550024954
605.823;11.55334;0.0064469805631544;0.431922757523142
605.92301;11.56;0.00646221888724311;0.432593965021329
606.02601;11.56667;0.00647756979604752;0.433231480305509
606.124;11.57334;0.00649306759041043;0.433902687803697
606.21799;11.58;0.00650868201768993;0.434708224694254
606.331;11.58667;0.00652443026445521;0.435580706549166
606.42802;11.59334;0.00654028651405894;0.436285606261361
606.53101;11.6;0.00655624680799226;0.437292417508642
606.633;11.60667;0.00657236386628208;0.438164899363554
606.736;11.61334;0.00658860050579307;0.438869652587862
606.82801;11.62;0.00660494121775668;0.439608098026178
606.93799;11.62667;0.00662139774954027;0.440245613310358
607.038;11.63334;0.0066379788812447;0.441051150200916
607.13599;11.64;0.00665470528058165;0.441688811972982
607.23401;11.64667;0.0066715351367908;0.442460656649532
607.34;11.65334;0.00668845576451861;0.443031226969357
607.43101;11.66;0.00670551096441169;0.443635343015304
607.54001;11.66667;0.00672269217382187;0.444272858299484
607.63199;11.67334;0.00673998995184549;0.444944065797671
607.736;11.68;0.00675740574609742;0.445514636117497
607.83799;11.68667;0.00677493771407377;0.446387264460295
607.947;11.69334;0.00679258670029073;0.446823505387751
608.034;11.7;0.00681034877914579;0.447394075707577
608.13499;11.70667;0.00682823734406932;0.448031737479644
608.24201;11.71334;0.00684624338232745;0.448535069859341
608.336;11.72;0.00686435808345397;0.449206277357528
608.44199;11.72667;0.00688260156635601;0.449877484855716
608.534;11.73334;0.00690096179176985;0.450280180057051
608.63901;11.74;0.00691942106530004;0.450850750376877
608.741;11.74667;0.00693800129956997;0.451488412148944
608.84901;11.75334;0.00695669478142443;0.4519246530764
608.94099;11.76;0.00697548288576746;0.452461677670104
609.04099;11.76667;0.00699437309967795;0.453132885168292
609.13001;11.77334;0.00701338268377994;0.453569126095748
609.22901;11.78;0.00703249980202453;0.454106150689453
609.33799;11.78667;0.00705171872918509;0.454676721009278
609.43601;11.79334;0.00707105075495057;0.455247144841217
609.542;11.8;0.00709047869746164;0.455750623708801
609.63901;11.80667;0.0071100225915698;0.45652246838535
609.732;11.81334;0.00712966612914015;0.457126584431297
609.83399;11.82;0.00714938609819149;0.457730700477243
609.93799;11.82667;0.00716922172328084;0.45836836224931
610.034;11.83334;0.00718916452773296;0.459039569747497
610.13401;11.84;0.00720919123787764;0.459677085031677
610.24601;11.84667;0.00722931740535581;0.460348439017752
610.34501;11.85334;0.0072495529123306;0.461019646515939
610.44401;11.86;0.0072698779696283;0.461590070347878
610.547;11.86667;0.0072902730621591;0.462462698690677
610.645;11.87334;0.00731077421775799;0.463033269010502
610.73801;11.88;0.00733138643214585;0.46373802223481
610.83799;11.88667;0.00735207237378135;0.464476321185239
610.94501;11.89334;0.00737283688886801;0.465248165861789
611.042;11.9;0.00739369825810733;0.46622143138295
611.14301;11.90667;0.00741466288795646;0.467094059725748
611.249;11.91334;0.00743568691788091;0.468067325246909
611.34501;11.92;0.00745677387522415;0.468939807101821
611.44401;11.92667;0.00747795772818898;0.469913072622981
611.54099;11.93334;0.00749923333211941;0.47078570096578
611.64301;11.94;0.00752059514175455;0.471758966486941
611.74799;11.94667;0.00754201849915063;0.472631448341852
611.84101;11.95334;0.00756350513834517;0.473537622410772
611.939;11.96;0.00758506228873403;0.474309467087321
612.05201;11.96667;0.00760670727996421;0.475215641156241
612.14799;11.97334;0.00762843259453237;0.47598748583279
612.23401;11.98;0.00765021076134993;0.477061388532313
612.34699;11.98667;0.00767204872539971;0.477464230221535
612.44001;11.99334;0.00769394285242527;0.478504587194937
612.54499;12;0.00771590136972466;0.479075011026876
612.63901;12.00667;0.00773793421690211;0.479779910739071
612.74399;12.01334;0.00776003233706566;0.480551755415621
612.84299;12.02;0.0077821734508042;0.481088780009325
612.94099;12.02667;0.00780436829439995;0.482162682708848
613.04899;12.03334;0.00782661437289696;0.482733106540787
613.13999;12.04;0.00784890578822864;0.483337222586733
613.25001;12.04667;0.00787126187347536;0.484075521537162
613.344;12.05334;0.00789366933139934;0.484713183309229
613.44901;12.06;0.00791609322139757;0.485552265925907
613.55302;12.06667;0.00793854503666984;0.486424747780818
613.64701;12.07334;0.00796106534651678;0.486827589470041
613.745;12.08;0.00798364290900022;0.487767162777194
613.84601;12.08667;0.00800624612257141;0.488337733097019
613.95399;12.09334;0.00802887477329346;0.489277452892059
614.04999;12.1;0.00805153521145393;0.489948660390247
614.15201;12.10667;0.00807421510041112;0.490519230710072
614.254;12.11334;0.00809693282454335;0.491391712564984
614.34901;12.12;0.00811968659146595;0.492532853204635
614.45399;12.12667;0.00814245227698445;0.493170514976702
614.55201;12.13334;0.00816524316952605;0.494143780497863
614.65299;12.14;0.00818803758340759;0.494848533722171
614.749;12.14667;0.00821082547727238;0.495788107029324
614.85099;12.15334;0.00823363677934793;0.496493006741519
614.947;12.16;0.00825647874985662;0.497466125774793
615.055;12.16667;0.00827933018168423;0.49813733327298
615.14899;12.17334;0.00830218205156732;0.498909324437417
615.262;12.18;0.00832502163608082;0.499916135684698
615.35801;12.18667;0.00834785703741588;0.500553797456765
615.45899;12.19334;0.00837070397037674;0.501426279311677
615.559;12.2;0.00839354617110729;0.502131032535985
615.65601;12.20667;0.00841637511196717;0.502768694308052
615.75699;12.21334;0.00843919468892258;0.503540685472489
615.857;12.22;0.00846199635303979;0.504513950993649
615.947;12.22667;0.00848478300776088;0.505252249944078
616.06199;12.23334;0.00850756421486918;0.506158277525111
616.16001;12.24;0.0085303135803262;0.506896722963426
616.262;12.24667;0.00855303063080701;0.50783629627058
616.35999;12.25334;0.00857571975364387;0.508541195982775
616.46601;12.26;0.00859838019603918;0.509514315016048
616.56699;12.26667;0.0086210176517285;0.51052112626333
616.65699;12.27334;0.008643611592122;0.511326663153887
616.75501;12.28;0.00866615808301695;0.512064962104316
616.866;12.28667;0.00868867113971764;0.513038227625477
616.95899;12.29334;0.00871112842739487;0.513709435123664
617.068;12.3;0.00873352569004823;0.514682700644825
617.16801;12.30667;0.00875587878758331;0.515387453869133
617.25001;12.31334;0.00877819243502334;0.516360719390294
617.36201;12.32;0.00880046408173248;0.517031926888482
617.47001;12.32667;0.0088226756841474;0.517971646683522
617.56;12.33334;0.00884480194366366;0.518844128538433
617.663;12.34;0.00886685725990387;0.519750302607353
617.76401;12.34667;0.00888886021345629;0.520488601557781
617.865;12.35334;0.00891078303784318;0.521394775626701
617.964;12.36;0.00893262738863842;0.522267403969499
618.055;12.36667;0.00895440740754081;0.52310634009829
618.16999;12.37334;0.0089760994929093;0.524046059893331
618.26099;12.38;0.00899769029406796;0.524884996022121
618.37198;12.38667;0.00901918774687408;0.525589895734317
618.47001;12.39334;0.00904059572022128;0.52656301476759
618.56599;12.4;0.00906192706555077;0.527301460205906
618.66501;12.40667;0.00908317277282258;0.528341817179308
618.75699;12.41334;0.00910430093621208;0.529013024677496
618.861;12.42;0.00912531600831336;0.529952744472536
618.96699;12.42667;0.0091462317723085;0.530858772053568
619.06599;12.43334;0.00916703303095851;0.53186558330085
619.171;12.44;0.00918772290992079;0.532570336525158
619.26401;12.44667;0.00920829935464912;0.533644385712568
619.365;12.45334;0.00922874649692283;0.534315593210755
619.46699;12.46;0.00924907111188277;0.535288858731916
619.573;12.46667;0.00926926897101815;0.536295669979197
619.67301;12.47334;0.00928933279622547;0.537134606107988
619.77201;12.48;0.00930926653068097;0.537939996510659
619.86799;12.48667;0.00932906789250576;0.53894680775794
619.96799;12.49334;0.00934872011821724;0.539987311219229
620.06501;12.5;0.00936821982303954;0.540859793074141
620.16801;12.50667;0.00938756651036766;0.541933695773663
620.27799;12.51334;0.00940677299074367;0.542772778390341
620.374;12.52;0.00942584061481819;0.543779589637623
620.469;12.52667;0.00944474425008289;0.544786400884904
620.56699;12.53334;0.00946346909388439;0.545591791287574
620.67701;12.54;0.0094820333955641;0.54710208140244
620.77;12.54667;0.00950043751283517;0.547471230877654
620.87;12.55334;0.00951866661288321;0.548645770755539
620.97599;12.56;0.00953671635580708;0.549719819942949
621.07001;12.56667;0.00955457288449292;0.55072663119023
621.163;12.57334;0.00957225459151736;0.551330600748289
621.266;12.58;0.00958974332441622;0.552270320543329
621.36399;12.58667;0.00960704341253443;0.553109403160007
621.47401;12.59334;0.00962418536688079;0.554317488764013
621.56699;12.6;0.00964111737179855;0.555156571380691
621.66801;12.60667;0.00965783639740576;0.556297565532455
621.77299;12.61334;0.00967435230881303;0.557237285327495
621.878;12.62;0.0096906687325525;0.558277642300897
621.97001;12.62667;0.00970679039937847;0.559250907822058
622.077;12.63334;0.00972269349183184;0.560257719069339
622.16801;12.64;0.0097383664292226;0.56126453031662
622.26801;12.64667;0.00975381912610391;0.562237795837781
622.37;12.65334;0.00976906685524396;0.563244607085063
622.469;12.66;0.00978407900327693;0.564251418332344
622.57099;12.66667;0.00979886014032732;0.565224683853505
622.66901;12.67334;0.00981341288838743;0.566231495100786
622.762;12.68;0.00982773270127702;0.567204760621947
622.87198;12.68667;0.00984181495374586;0.568211571869228
622.978;12.69334;0.00985565176732887;0.569184837390389
623.072;12.7;0.00986925081100819;0.570225194363791
623.176;12.70667;0.00988259288181646;0.571164914158831
623.27399;12.71334;0.00989568272881105;0.572205271132233
623.37;12.72;0.00990853282291665;0.573212082379514
623.47101;12.72667;0.00992111604195762;0.574386622257399
623.57999;12.73334;0.00993342222781756;0.575225704874077
623.68299;12.74;0.00994547790500791;0.576400244751962
623.78101;12.74667;0.00995728602566136;0.577205781642519
623.87601;12.75334;0.0099688250511797;0.578380321520404
623.978;12.76;0.00998009181089583;0.579387132767685
624.07999;12.76667;0.00999107140635733;0.580393944014966
624.172;12.77334;0.0100017671166637;0.581501538928497
624.26899;12.78;0.010012194859887;0.582508350175778
624.379;12.78667;0.0100223287037723;0.58351516142306
624.47401;12.79334;0.0100321624116395;0.584790338479306
624.57099;12.8;0.0100417132282739;0.585864387666716
624.676;12.80667;0.0100509828695181;0.587072473270722
624.783;12.81334;0.0100599421047333;0.588180068184252
624.88199;12.82;0.0100685926685173;0.589220425157654
624.978;12.82667;0.0100769558271234;0.590227236404935
625.07001;12.83334;0.0100850177090729;0.591200501926096
625.172;12.84;0.0100927846000641;0.592207313173377
625.27;12.84667;0.0101002441852143;0.593415398777383
625.37699;12.85334;0.0101073876313551;0.594254481394061
625.48099;12.86;0.010114221653462;0.595429021271946
625.57599;12.86667;0.0101207416088187;0.596503070459355
625.67499;12.87334;0.0101269309913472;0.597543427432757
625.77799;12.88;0.0101327967267029;0.598550238680039
625.879;12.88667;0.0101383534273554;0.599825415736285
625.97501;12.89334;0.0101435740350597;0.600865919197574
626.07499;12.9;0.0101484671119812;0.60207400480158
626.16999;12.90667;0.010153038975775;0.603181453227223
626.27799;12.91334;0.0101572785506674;0.604188264474505
626.37501;12.92;0.0101611823781243;0.605195075721786
626.47401;12.92667;0.0101647509905134;0.606403307813679
626.572;12.93334;0.010167977741839;0.607510756239322
626.67802;12.94;0.0101708550869995;0.608517567486603
626.78101;12.94667;0.0101733899258729;0.609490833007764
626.88199;12.95334;0.0101755757074439;0.610732610825777
626.97599;12.96;0.010177417249738;0.611772967799179
627.068;12.96667;0.0101789108131088;0.613014745617192
627.17802;12.97334;0.0101800511695873;0.614055102590594
627.27601;12.98;0.0101808510466787;0.615330426134728
627.38499;12.98667;0.0101813129016235;0.61637078310813
627.465;12.99334;0.0101814224657331;0.617612560926143
627.57899;13;0.0101811618863913;0.618686463625666
627.68699;13.00667;0.0101805266760084;0.619928241443679
627.78501;13.01334;0.0101795396893827;0.621002144143202
627.88599;13.02;0.0101781981445266;0.622243775473328
627.97001;13.02667;0.0101764851027986;0.623317824660738
628.08701;13.03334;0.0101744151906404;0.624559455990864
628.185;13.04;0.0101719797530138;0.625633505178274
628.28599;13.04667;0.0101691704185992;0.627143648805252
628.387;13.05334;0.0101659963668181;0.628083368600292
628.491;13.06;0.01016246504374;0.629358692144426
628.585;13.06667;0.010158553496398;0.630365503391707
628.689;13.07334;0.0101542464153745;0.631540043269592
628.77701;13.08;0.0101495711385071;0.632748275361485
628.88999;13.08667;0.0101445316336941;0.633922815239369
628.977;13.09334;0.0101391274780768;0.63506395587902
629.09299;13.1;0.0101333590140246;0.636372825149275
629.185;13.10667;0.0101272186937513;0.63771524014565
629.29001;13.11334;0.0101207040039819;0.638856234297414
629.39799;13.12;0.0101138009457162;0.639997374937065
629.49299;13.12667;0.0101065164697862;0.641004186184347
629.57999;13.13334;0.0100988546496792;0.642312908966714
629.68;13.14;0.0100908149737522;0.643319720213995
629.77;13.14667;0.0100824067091004;0.644292985735156
629.88001;13.15334;0.010073621729109;0.64556830927929
629.982;13.16;0.0100644410141221;0.646575120526571
630.08701;13.16667;0.0100548761548095;0.647850444070705
630.17899;13.17334;0.0100449456533946;0.648890801044107
630.27299;13.18;0.0100346336613263;0.650166124588241
630.383;13.18667;0.0100239378604974;0.651474993858495
630.47401;13.19334;0.010012869645397;0.652615988010259
630.57801;13.2;0.0100014096752777;0.653757128649911
630.67399;13.20667;0.00998956085685829;0.655099543646286
630.77601;13.21334;0.00997733364208735;0.656106354893567
630.88099;13.22;0.00996472853787166;0.657381531949814
630.978;13.22667;0.00995176466992101;0.658388489684982
631.08399;13.23334;0.00993842386511639;0.659529483836746
631.184;13.24;0.00992469547480469;0.66067047798851
631.284;13.24667;0.00991059097594332;0.661845164354282
631.38001;13.25334;0.00989609870797038;0.663019704232167
631.48301;13.26;0.00988122981375325;0.664060061205569
631.57999;13.26667;0.00986598967118713;0.66503332672673
631.67899;13.27334;0.00985037337765756;0.666342195996984
631.78;13.28;0.00983439311207009;0.667382552970386
631.87601;13.28667;0.00981803497228205;0.668691422240641
631.973;13.29334;0.00980130018801853;0.669698233487922
632.085;13.3;0.00978419853623354;0.670839374127573
632.18;13.30667;0.00976672793525049;0.671980368279337
632.28199;13.31334;0.00974888353705017;0.673155054645109
632.379;13.32;0.00973067026129053;0.674329594522994
632.482;13.32667;0.00971208706953506;0.675336405770275
632.577;13.33334;0.00969313548835886;0.676343217017556
632.68101;13.34;0.0096738267745462;0.6774506654432
632.78199;13.34667;0.00965416036991325;0.678625351808972
632.87501;13.35334;0.00963412621597612;0.679632163056253
632.973;13.36;0.00961372849921074;0.680638974303534
633.081;13.36667;0.00959297169547188;0.681712877003057
633.16901;13.37334;0.009571857407429;0.682619051071976
633.27701;13.38;0.00955040312175023;0.68389437461611
633.378;13.38667;0.00952859176062777;0.68483409441115
633.47199;13.39334;0.00950642255330157;0.686008634289035
633.581;13.4;0.00948390885880167;0.686914808357954
633.68;13.40667;0.00946104787426153;0.688190131902088
633.77701;13.41334;0.00943783715641708;0.68923048887549
633.878;13.42;0.00941428603194689;0.690539358145745
633.969;13.42667;0.00939039768991237;0.691579715119147
634.07599;13.43334;0.00936615691874663;0.69268716354479
634.17399;13.44;0.00934158679586707;0.693693974792072
634.275;13.44667;0.00931669228151745;0.694700786039353
634.36799;13.45334;0.0092914540282114;0.695841780191117
634.47199;13.46;0.00926589088997848;0.696882283652406
634.57401;13.46667;0.00924001359764581;0.697754765507318
634.68101;13.47334;0.00921379587307497;0.69882866820684
634.77701;13.48;0.00918723796436701;0.699869171668129
634.87501;13.48667;0.00916036614406697;0.701010165819894
634.97199;13.49334;0.00913318348702756;0.702151159971658
635.077;13.5;0.00910568759397269;0.70319151694506
635.17399;13.50667;0.0090778953046381;0.70416478246622
635.279;13.51334;0.00904980802448946;0.705305923105871
635.378;13.52;0.00902139826146324;0.706480462983756
635.47199;13.52667;0.00899268218137647;0.707487274231037
635.572;13.53334;0.00896366239573414;0.708494085478319
635.676;13.54;0.00893434595142834;0.70963522611797
635.779;13.54667;0.00890474849787816;0.710742674543613
635.87198;13.55334;0.00887484961619569;0.711548064946284
635.97501;13.56;0.0088446669901026;0.712856934216538
636.073;13.56667;0.00881420251402212;0.713696016833216
636.17499;13.57334;0.00878344700201844;0.714736373806618
636.27701;13.58;0.0087524197628024;0.7157431850539
636.37501;13.58667;0.00872111473607007;0.71654857545657
636.477;13.59334;0.00868952498562311;0.71748829525161
636.57999;13.6;0.00865767024920089;0.718461560772771
636.67399;13.60667;0.00862556167364133;0.71940128056781
636.78101;13.61334;0.00859320593809915;0.720408091815092
636.87198;13.62;0.00856058893323479;0.721314265884011
636.969;13.62667;0.0085277053722253;0.722287531405172
637.07099;13.63334;0.0084945777807929;0.723327888378574
637.16999;13.64;0.00846120968472162;0.724301153899735
637.26899;13.64667;0.00842759925953109;0.725341510873137
637.37299;13.65334;0.00839376044427627;0.726079809823566
637.46799;13.66;0.00835968485639324;0.727053075344726
637.57599;13.66667;0.00832536909131768;0.727959102925759
637.667;13.67334;0.00829082016565002;0.728798185542437
637.77601;13.68;0.008256043747935;0.729737905337477
637.87601;13.68667;0.00822105534777322;0.730610387192388
637.964;13.69334;0.00818584827531218;0.731415924082946
638.07099;13.7;0.00815042526403448;0.732254860211737
638.167;13.70667;0.00811480340805755;0.733295217185139
638.27601;13.71334;0.0080789833442875;0.733932878957205
638.374;13.72;0.00804295155448704;0.734906144478366
638.46601;13.72667;0.0080067091503049;0.735745227095044
638.56501;13.73334;0.00797028867712725;0.736651254676077
638.66901;13.74;0.00793368818894141;0.737590974471117
638.77701;13.74667;0.00789690834809568;0.738329273421546
638.86799;13.75334;0.00785996689748114;0.739235447490465
638.973;13.76;0.00782284190182113;0.740007292167014
639.07999;13.76667;0.00778553489071386;0.740879920509813
639.171;13.77334;0.00774806008972263;0.741886731757094
639.27799;13.78;0.00771041719749864;0.742524393529161
639.37101;13.78667;0.00767261207292799;0.743564750502563
639.477;13.79334;0.00763466359186475;0.74416886654851
639.57001;13.8;0.00759656588897696;0.745209223521912
639.66801;13.80667;0.00755832747542248;0.745779793841737
639.771;13.81334;0.00751995104992656;0.746585184244407
639.87501;13.82;0.00748142823789592;0.747491358313327
639.96299;13.82667;0.00744277230454905;0.748061928633152
640.06199;13.83334;0.00740397808317714;0.748900864761943
640.16401;13.84;0.00736504201653752;0.749471435081769
640.266;13.84667;0.00732599800955042;0.75031037121056
640.378;13.85334;0.00728686693444087;0.751115908101117
640.46699;13.86;0.00724762205519497;0.75141796612409
640.57001;13.86667;0.00720826840268447;0.752223356526761
640.67802;13.87334;0.00716882124571609;0.752760381120465
640.76899;13.88;0.00712927691339987;0.753431588618653
640.86201;13.88667;0.00708962408706585;0.754035558176712
640.969;13.89334;0.00704988221837032;0.75487464079339
641.06299;13.9;0.00701007442010051;0.755377973173087
641.176;13.90667;0.00697017610984818;0.75578081486231
641.26801;13.91334;0.00693019792609039;0.756418476634376
641.37;13.92;0.00689014702510874;0.756921809014074
641.46601;13.92667;0.00685003035827808;0.757492379333899
641.56901;13.93334;0.00680986787613388;0.758096495379845
641.66599;13.94;0.00676965073309543;0.758734010664025
641.76099;13.94667;0.00672937492104327;0.759405218162213
641.85801;13.95334;0.00668904522718786;0.759841605577556
641.96201;13.96;0.00664867625051524;0.760412029409494
642.05601;13.96667;0.00660826932814085;0.760848416824837
642.15299;13.97334;0.00656782448029883;0.761385294930655
642.25999;13.98;0.00652733548751821;0.762056502428842
642.35999;13.98667;0.00648681742365576;0.762559981296427
642.464;13.99334;0.00644628872904967;0.763130551616252
642.55701;14;0.00640575135601378;0.763700975448191
642.65299;14.00667;0.00636520894369378;0.764372182946378
642.76499;14.01334;0.00632465902349615;0.765043390444566
642.861;14.02;0.00628410711397378;0.76554686931215
642.96201;14.02667;0.00624355805332725;0.766083747417968
643.05399;14.03334;0.00620300556348936;0.766687863463914
643.167;14.04;0.00616246407017737;0.767392616688222
643.25501;14.04667;0.00612194018959125;0.768030278460289
643.35901;14.05334;0.00608141799934459;0.768298790757142
643.45801;14.06;0.00604090530245091;0.76913787337382
643.555;14.06667;0.00600041064096421;0.769674751479637
643.66199;14.07334;0.00595994971915389;0.770345958977825
643.758;14.08;0.00591952548410198;0.77088298357153
643.853;14.08667;0.00587913941141848;0.771487099617476
643.961;14.09334;0.00583878995151176;0.772191852841784
644.064;14.1;0.00579848016310298;0.772829514613851
644.15699;14.10667;0.00575822597821995;0.773467176385918
644.25699;14.11334;0.00571801174315566;0.774138383884106
644.36399;14.12;0.00567783749141285;0.774675261989924
644.45899;14.12667;0.00563774315424105;0.775312923761991
644.56;14.13334;0.00559772175586683;0.775816402629575
644.658;14.14;0.00555776574861414;0.776453917913755
644.75999;14.14667;0.0055178925130457;0.777125125411942
644.85801;14.15334;0.00547808644071706;0.777628604279527
644.95899;14.16;0.00543835978534667;0.778098390933103
645.055;14.16667;0.00539872456339495;0.778668961252929
645.15601;14.17334;0.00535916418478496;0.778803144157411
645.253;14.18;0.00531969465413968;0.779373714477237
645.34601;14.18667;0.00528033260347588;0.779944284797062
645.45099;14.19334;0.00524106252067071;0.780279888546156
645.555;14.2;0.00520188824409376;0.780783220925853
645.64899;14.20667;0.00516282737413365;0.781454428424041
645.75501;14.21334;0.00512387589383821;0.781957907291625
645.85801;14.22;0.00508503656830259;0.782293511040719
645.95399;14.22667;0.00504632021520866;0.782796843420416
646.051;14.23334;0.00500772553417362;0.783300322288
646.15699;14.24;0.00496925315206068;0.783803654667697
646.25901;14.24667;0.00493091486213395;0.784374224987523
646.361;14.25334;0.00489270893432373;0.784508554379893
646.45099;14.26;0.00485462708931281;0.785078978211831
646.555;14.26667;0.00481668132246593;0.785649548531657
646.64799;14.27334;0.00477887891667415;0.78598515228075
646.75199;14.28;0.00474121263150382;0.786488484660448
646.85401;14.28667;0.00470368658693716;0.787059054980273
646.947;14.29334;0.00466631081887899;0.787193384372643
647.051;14.3;0.00462908429176099;0.787629625300099
647.145;14.30667;0.00459202908442113;0.788166503405917
647.25001;14.31334;0.00455513815181634;0.788737073725742
647.34501;14.32;0.00451839897000158;0.788871403118112
647.443;14.32667;0.00448182576177312;0.789307644045568
647.55399;14.33334;0.00444541771951722;0.789844522151386
647.64799;14.34;0.00440918578377433;0.790415092471211
647.75199;14.34667;0.0043731261901131;0.790549421863581
647.836;14.35334;0.00433723239914493;0.790985662791037
647.94901;14.36;0.00430151427745851;0.791354812266251
648.04999;14.36667;0.00426597749052108;0.791858144645948
648.142;14.37334;0.00423061881300334;0.792428714965774
648.25101;14.38;0.00419544529047361;0.792529352144136
648.35099;14.38667;0.00416046103598118;0.792697227262626
648.44999;14.39334;0.00412565989827019;0.79320070613021
648.54499;14.4;0.00409103703469027;0.793536309879304
648.64399;14.40667;0.00405660016899812;0.79397255080676
648.741;14.41334;0.00402236004451506;0.794140279437364
648.835;14.42;0.00398832767505345;0.794375246008095
648.95301;14.42667;0.00395447951105572;0.794677304031068
649.04001;14.43334;0.00392083134343084;0.795012907780162
649.13401;14.44;0.00388738772998447;0.795449148707618
649.23801;14.44667;0.00385413011769351;0.795751206730591
649.34601;14.45334;0.00382108798275093;0.795952627575202
649.443;14.46;0.00378825170016222;0.796187447658047
649.538;14.46667;0.00375564950453981;0.796556743621148
649.646;14.47334;0.00372326565408514;0.796892347370242
649.741;14.48;0.00369107064422211;0.797295042571577
649.839;14.48667;0.00365909676423953;0.797529862654422
649.93601;14.49334;0.00362734219550861;0.79756355486843
650.038;14.5;0.00359580976900525;0.797798374951275
650.142;14.50667;0.00356451062191881;0.798402490997221
650.23499;14.51334;0.00353341612086597;0.798805186198556
650.34299;14.52;0.00350254725477827;0.798838731924677
650.439;14.52667;0.00347190768496618;0.798939515590926
650.53699;14.53334;0.00344149090107759;0.799275119340019
650.646;14.54;0.00341130826753361;0.799543485148985
650.74399;14.54667;0.00338133971846666;0.799845543171958
650.84101;14.55334;0.00335160992579615;0.800181146921052
650.94401;14.56;0.0033221348549715;0.80024838486118
651.04099;14.56667;0.00329288013293083;0.800416113491784
651.142;14.57334;0.00326384878811856;0.800617534336394
651.241;14.58;0.00323505817419134;0.800785262966998
651.339;14.58667;0.00320650507373186;0.801221503894454
651.44001;14.59334;0.00317818162425317;0.801624345583676
651.538;14.6;0.00315008973480299;0.801758528488159
651.64399;14.60667;0.00312222679176359;0.801792074214279
651.736;14.61334;0.00309459364612931;0.80195994933277
651.839;14.62;0.00306721722074189;0.802194769415615
651.94001;14.62667;0.0030400807562172;0.802396190260225
652.04499;14.63334;0.00301318575585812;0.802631156830957
652.142;14.64;0.00298653169390551;0.802865976913802
652.24201;14.64667;0.00296010449228318;0.803067397758413
652.34101;14.65334;0.00293392058233798;0.803369455781386
652.43699;14.66;0.00290799281763267;0.80370505953048
652.542;14.66667;0.00288230654796477;0.803906480375091
652.63599;14.67334;0.00285686388186015;0.803940026101212
652.74201;14.68;0.00283166404391209;0.804040663279574
652.82899;14.68667;0.00280670409992997;0.804275629850306
652.94001;14.69334;0.0027819749060727;0.804543995659271
653.03699;14.7;0.00275748940719945;0.804678325051641
653.13199;14.70667;0.00273326777794124;0.804846053682244
653.23499;14.71334;0.00270928257048429;0.804980383074614
653.33301;14.72;0.00268552887112879;0.805148111705217
653.43799;14.72667;0.00266202565354414;0.805349532549828
653.53101;14.73334;0.00263876092906226;0.80558449912056
653.63801;14.74;0.00261573911275439;0.805852864929525
653.73099;14.74667;0.0025929629080147;0.80622201440474
653.836;14.75334;0.00257042762543821;0.80638988952323
653.92802;14.76;0.00254813314499953;0.806423435249351
654.03501;14.76667;0.00252607170077573;0.806456980975472
654.13599;14.77334;0.00250425071920945;0.806591310367841
654.23099;14.78;0.00248266789331519;0.806893221902927
654.336;14.78667;0.00246132769687271;0.807061097021418
654.42499;14.79334;0.00244023928279427;0.807195279925901
654.529;14.8;0.0024194027310928;0.807363155044391
654.628;14.80667;0.00239880155657225;0.807497337948874
654.727;14.81334;0.0023784363783636;0.807564429401115
654.82801;14.82;0.00235830631757044;0.807698758793485
654.92399;14.82667;0.00233840369853106;0.808034362542579
655.02701;14.83334;0.00231874545628503;0.80826932911331
655.12101;14.84;0.0022993234785964;0.808537694922276
655.22101;14.84667;0.00228013967907785;0.808571240648396
655.31599;14.85334;0.00226118741560823;0.808638478588525
655.41501;14.86;0.00224245578110468;0.808772661493008
655.52;14.86667;0.00222396811027646;0.80890684439749
655.615;14.87334;0.00220572184583086;0.809074719515981
655.72101;14.88;0.00218769932757266;0.809175356694343
655.82001;14.88667;0.00216991155223915;0.809208902420463
655.90699;14.89334;0.00215235170266402;0.809410323265074
656.01301;14.9;0.00213501471150402;0.809645289835806
656.10901;14.90667;0.00211791945888693;0.809745927014168
656.21201;14.91334;0.00210103662241167;0.80984656419253
656.31901;14.92;0.00208436083624148;0.809947347858779
656.41801;14.92667;0.00206791688768143;0.810047985037141
656.50599;14.93334;0.00205171194004915;0.810148622215503
656.60401;14.94;0.00203573389362363;0.810350043060114
656.71601;14.94667;0.00201998379822607;0.810551317416839
656.809;14.95334;0.00200445045136969;0.81078628398757
656.905;14.96;0.00198912837855267;0.81078628398757
657.016;14.96667;0.00197402600083278;0.810819829713691
657.11201;14.97334;0.00195913025535708;0.810886921165932
657.20801;14.98;0.00194447157978891;0.811054796284423
657.31299;14.98667;0.00193000491593582;0.811222524915026
657.417;14.99334;0.0019157328525581;0.811323308581275
657.51301;15;0.00190170142708028;0.811423945759637
657.60401;15.00667;0.00188787207425167;0.81155812866412
657.70801;15.01334;0.00187422534517868;0.811927278139334
657.81199;15.02;0.00186078242248916;0.812296574102436
657.91001;15.02667;0.00184755912830358;0.81249784845916
658.00001;15.03334;0.00183455033349308;0.81249784845916
658.10099;15.04;0.00182174266331201;0.812531394185281
658.211;15.04667;0.00180913028345483;0.81266572357765
658.30201;15.05334;0.00179671871261524;0.812799906482133
658.413;15.06;0.0017844977525425;0.812967781600623
658.50901;15.06667;0.00177247312546964;0.813135510231227
658.60401;15.07334;0.0017606402818178;0.813236147409589
658.70801;15.08;0.00174899314669599;0.813404022528079
658.80601;15.08667;0.00173753112877359;0.813638989098811
658.90299;15.09334;0.0017262613365141;0.813806717729414
658.999;15.1;0.00171519003005863;0.813941047121784
659.102;15.10667;0.00170431335974888;0.814075230026267
659.20099;15.11334;0.00169362136454667;0.814209412930749
659.30601;15.12;0.00168310803215945;0.814310196596999
659.41199;15.12667;0.00167277133252254;0.81441083377536
659.50001;15.13334;0.00166261373691474;0.814511470953723
659.59299;15.14;0.0016526351108567;0.814746437524454
659.71;15.14667;0.00164282174369197;0.814947858369065
659.809;15.15334;0.00163318023694078;0.815115586999669
659.91001;15.16;0.00162371922909421;0.815283462118159
660.008;15.16667;0.0016144354330833;0.815484736474883
660.10499;15.17334;0.00160531263190695;0.815786794497856
660.20399;15.18;0.00159635977638745;0.816055306794709
660.301;15.18667;0.0015875738891356;0.816189489699192
660.40601;15.19334;0.00157894886270321;0.816189489699192
660.50599;15.2;0.00157048522280186;0.816256581151433
660.60599;15.20667;0.00156217049865812;0.816424456269923
660.70801;15.21334;0.00155402489894729;0.816558639174406
660.80601;15.22;0.0015460398003511;0.816726514292896
660.91001;15.22667;0.00153820497938285;0.816827151471259
661.00199;15.23334;0.00153053129589669;0.816927788649621
661.10099;15.24;0.00152301221532058;0.81706211804199
661.20399;15.24667;0.00151564022198318;0.817330630338843
661.29899;15.25334;0.00150841348641262;0.817498358969446
661.4;15.26;0.00150132469801443;0.81783396271854
661.49799;15.26667;0.00149437686062327;0.818203112193754
661.60001;15.27334;0.00148756391740101;0.818505170216727
661.689;15.28;0.00148087933755246;0.818538715942848
661.788;15.28667;0.00147434074616062;0.818538715942848
661.90201;15.29334;0.00146793909950375;0.818605807395089
661.995;15.3;0.00146167952159445;0.81877368251358
662.09699;15.30667;0.00145557062089117;0.819008649084312
662.19999;15.31334;0.00144958892443293;0.819142831988794
662.292;15.32;0.00144373012843812;0.819344252833405
662.387;15.32667;0.00143800340070779;0.819511981464009
662.49299;15.33334;0.00143240336496055;0.819679856582499
662.60001;15.34;0.00142692563897978;0.819814039486982
662.69599;15.34667;0.0014215728120528;0.819948222391465
662.79301;15.35334;0.00141633619358826;0.820049006057714
662.892;15.36;0.00141121786053798;0.820149643236076
662.99;15.36667;0.0014062246302063;0.820283826140558
663.10001;15.37334;0.00140134975700468;0.820418155532928
663.19599;15.38;0.00139657865628695;0.820585884163532
663.29499;15.38667;0.00139191438474639;0.820753759282022
663.391;15.39334;0.00138737098775361;0.820921487912625
663.49;15.4;0.00138293916382128;0.821190000209478
663.589;15.40667;0.00137861414533818;0.82145851250633
663.697;15.41334;0.00137439267656533;0.821693479077062
663.78699;15.42;0.00137027302359107;0.821693479077062
663.891;15.42667;0.00136625324741275;0.821693479077062
663.98401;15.43334;0.00136233462379181;0.821693479077062
664.09101;15.44;0.00135851877511069;0.821794116255424
664.18101;15.44667;0.00135479668535275;0.821928299159907
664.28699;15.45334;0.00135116945321711;0.82223035718288
664.38099;15.46;0.00134763409195887;0.822331140849129
664.48801;15.46667;0.00134418732443068;0.822465323753612
664.59299;15.47334;0.00134083175060044;0.822599506658094
664.68799;15.48;0.0013375615134934;0.822700290324343
664.78;15.48667;0.00133438444286006;0.822834473228826
664.883;15.49334;0.00133128387002017;0.822968656133309
664.986;15.5;0.00132826056132135;0.823035894073437
665.073;15.50667;0.00132533106325215;0.823136531251799
665.17399;15.51334;0.00132248264335852;0.823237168430161
665.27601;15.52;0.00131972115442197;0.823606317905376
665.378;15.52667;0.00131703284751622;0.823908375928349
665.477;15.53334;0.00131440698174234;0.824176888225201
665.57001;15.54;0.00131186063498523;0.824176888225201
665.67802;15.54667;0.00130940365849557;0.824176888225201
665.78;15.55334;0.00130701155732524;0.824143342499081
665.86799;15.56;0.00130468081363071;0.824243979677443
665.97199;15.56667;0.00130241335284844;0.824344763343691
666.07499;15.57334;0.00130022065252341;0.824411854795933
666.167;15.58;0.0012980939170152;0.824512491974295
666.27799;15.58667;0.00129601464659243;0.824613129152657
666.37299;15.59334;0.0012940088834114;0.824713912818906
666.47199;15.6;0.00129206761675489;0.824814549997268
666.568;15.60667;0.00129017744182806;0.825049516568
666.66901;15.61334;0.00128834213217706;0.825183699472482
666.77201;15.62;0.00128656768428847;0.825318028864852
666.87198;15.62667;0.00128487024004762;0.825351574590973
666.97199;15.63334;0.0012832314933505;0.825452211769335
667.06501;15.64;0.00128163958045954;0.825552848947697
667.17399;15.64667;0.0012801076063387;0.825821361244549
667.26801;15.65334;0.00127861647795035;0.82602278208916
667.37198;15.66;0.00127716348399075;0.826224056445884
667.46799;15.66667;0.00127575420950879;0.826391931564375
667.56;15.67334;0.00127439040938579;0.826391931564375
667.66599;15.68;0.0012730814258096;0.826391931564375
667.76301;15.68667;0.00127182007208325;0.826526114468858
667.86399;15.69334;0.00127060505079652;0.826693989587348
667.96699;15.7;0.00126942684266001;0.826928809670193
668.059;15.70667;0.00126828184726239;0.827029593336442
668.16199;15.71334;0.00126719056748808;0.827163776240925
668.26499;15.72;0.00126613984388944;0.827264413419287
668.36201;15.72667;0.00126512538556363;0.827398742811656
668.46201;15.73334;0.00126414601201996;0.827499379990018
668.564;15.74;0.00126319379258542;0.827633562894501
668.667;15.74667;0.00126228211763382;0.82773434656075
668.76099;15.75334;0.0012614097219333;0.827868529465233
668.85599;15.76;0.00126057292882384;0.828036404583723
668.96299;15.76667;0.00125975773261323;0.828372008332817
669.064;15.77334;0.00125896639049185;0.828606828415662
669.158;15.78;0.00125820371014453;0.828808249260273
669.262;15.78667;0.00125747218400529;0.828774703534152
669.35901;15.79334;0.00125676620242072;0.828808249260273
669.44999;15.8;0.00125608115261296;0.828942432164756
669.56199;15.80667;0.00125543096747339;0.829043215831005
669.65699;15.81334;0.00125481086406409;0.829177398735487
669.766;15.82;0.00125422157591029;0.82931158163997
669.852;15.82667;0.00125365127850332;0.829345273853978
669.961;15.83334;0.00125309437313609;0.82944591103234
670.05799;15.84;0.00125255444013997;0.829546548210702
670.15601;15.84667;0.00125204508550505;0.829680877603072
670.253;15.85334;0.00125156386977924;0.829815060507554
670.352;15.86;0.0012511027296621;0.829982789138158
670.45301;15.86667;0.00125066081420405;0.830117118530527
670.55399;15.87334;0.00125022596656028;0.830318392887251
670.64899;15.88;0.00124980662497566;0.830486268005742
670.75501;15.88667;0.00124939927444465;0.830586905184104
670.85499;15.89334;0.00124901320232181;0.830721234576474
670.948;15.9;0.00124863866859295;0.830821871754836
671.04899;15.90667;0.00124826335455825;0.830922508933198
671.14899;15.91334;0.00124790571572455;0.830989600385439
671.249;15.92;0.00124756184426044;0.831056838325567
671.33799;15.92667;0.00124722731186852;0.831392442074661
671.44001;15.93334;0.001246911223262;0.831660807883627
671.54401;15.94;0.00124660470388447;0.831929320180479
671.63901;15.94667;0.00124630790580731;0.8319628659066
671.73899;15.95334;0.0012460309085248;0.8319628659066
671.844;15.96;0.00124577305927508;0.831929320180479
671.943;15.96667;0.00124551468279427;0.832030103846728
672.03699;15.97334;0.00124525097207972;0.832097195298969
672.13499;15.98;0.00124500025595225;0.832298469655693
672.24299;15.98667;0.00124476161401422;0.832432799048063
672.33701;15.99334;0.00124451301087538;0.832566981952546
672.443;16;0.00124427743363187;0.832801948523278
672.53699;16.00667;0.00124404657014931;0.83293613142776
672.637;16.01334;0.00124380702582836;0.833036915094009
672.74601;16.02;0.00124358039010899;0.833171097998492
672.83701;16.02667;0.00124334436281676;0.833338826629096
672.935;16.03334;0.00124310893025494;0.833573793199827
673.029;16.04;0.00124288977614952;0.83384230549668
673.137;16.04667;0.00124267476114547;0.834010034127283
673.22901;16.05334;0.00124246640010964;0.834043726341291
673.32801;16.06;0.00124225871278221;0.834077272067411
673.43;16.06667;0.0012420453162055;0.834245000698015
673.52601;16.07334;0.00124183091300165;0.834379330090385
673.63599;16.08;0.00124161470811997;0.834513512994867
673.72599;16.08667;0.00124139916888782;0.834614150173229
673.823;16.09334;0.00124118018014347;0.834614150173229
673.92701;16.1;0.00124096881570869;0.834714933839478
674.02601;16.10667;0.00124076489924844;0.83481557101784
674.12601;16.11334;0.00124055342842375;0.834916208196202
674.23099;16.12;0.00124034003685255;0.835084083314693
674.32001;16.12667;0.00124012403128328;0.835151174766934
674.42301;16.13334;0.00123990076243473;0.835318903397538
674.525;16.14;0.00123967468658269;0.835453232789907
674.624;16.14667;0.00123945677237255;0.83558741569439
674.72401;16.15334;0.00123922774649257;0.835688199360639
674.81501;16.16;0.00123899370380279;0.835822382265122
674.922;16.16667;0.00123876576888636;0.836057348835853
675.01899;16.17334;0.00123853330707313;0.836359406858827
675.11799;16.18;0.00123829751693195;0.836594226941671
675.223;16.18667;0.00123804930138254;0.836728556334041
675.32801;16.19334;0.00123780044846196;0.83669501060792
675.421;16.2;0.00123754958445069;0.83669501060792
675.51801;16.20667;0.00123729506477225;0.836728556334041
675.61899;16.21334;0.00123704657116926;0.836829193512403
675.72599;16.22;0.00123678220128029;0.836963376416886
675.81501;16.22667;0.00123651511290497;0.837131251535376
675.91199;16.23334;0.00123624370642025;0.837265434439859
676.02;16.24;0.00123596655048236;0.8373325258921
676.11399;16.24667;0.00123567893440519;0.83746685528447
676.21;16.25334;0.00123537807197964;0.837533946736711
676.31299;16.26;0.00123509010751081;0.837634583915073
676.41099;16.26667;0.00123478719602355;0.837735367581322
676.50901;16.27334;0.00123447691965342;0.837869550485805
676.607;16.28;0.0012341577468367;0.838305791413261
676.706;16.28667;0.00123382769278507;0.838641395162355
676.80799;16.29334;0.00123350045671667;0.838775724554724
676.90699;16.3;0.00123314596969854;0.838775724554724
677.00901;16.30667;0.0012327943150097;0.838742178828604
677.10801;16.31334;0.00123245415772087;0.838809270280845
677.211;16.32;0.00123210524964358;0.838909907459207
677.309;16.32667;0.0012317549036293;0.839044236851577
677.408;16.33334;0.00123140249256638;0.83917841975606
677.503;16.34;0.00123103750683025;0.839312602660542
677.60499;16.34667;0.00123065045942735;0.839346148386663
677.69999;16.35334;0.00123026503831305;0.839480477779033
677.80399;16.36;0.00122987789333103;0.839581114957395
677.896;16.36667;0.00122948300387445;0.839816081528126
678.004;16.37334;0.00122909201857037;0.839950264432609
678.09699;16.38;0.00122870057136108;0.840084593824979
678.19999;16.38667;0.001228302484458;0.840185231003341
678.301;16.39334;0.00122789049764791;0.840285868181703
678.408;16.4;0.00122746949519314;0.840420197574073
678.499;16.40667;0.00122704093857457;0.840520834752435
678.60099;16.41334;0.0012266076649642;0.840621471930797
678.697;16.42;0.0012261766034853;0.840755801323167
678.80601;16.42667;0.00122573707876849;0.841158496524502
678.89701;16.43334;0.00122529226993663;0.841427008821354
678.99601;16.44;0.0012248468765715;0.841661828904199
679.09601;16.44667;0.00122440069150793;0.84169537463032
679.19401;16.45334;0.00122395339780365;0.84169537463032
679.29401;16.46;0.00122349511767338;0.84169537463032
679.38801;16.46667;0.00122302337136301;0.841796158296569
679.48701;16.47334;0.00122255118995455;0.841896795474931
679.58799;16.48;0.00122208571833536;0.842030978379413
679.67802;16.48667;0.00122161514497396;0.842165307771783
679.784;16.49334;0.00122112119802389;0.842299490676266
679.89301;16.5;0.00122062898415716;0.842433820068635
679.99;16.50667;0.00122013444428899;0.84266864015148
680.08399;16.51334;0.00121962541491893;0.842870060996091
680.18601;16.52;0.00121911249193847;0.843037789626695
680.284;16.52667;0.00121859902848012;0.843138573292944
680.38499;16.53334;0.00121809560617489;0.843239210471306
680.47999;16.54;0.00121759079401979;0.843373393375789
680.59;16.54667;0.00121707746441007;0.843440631315917
680.68299;16.55334;0.00121655547344867;0.843507722768158
680.784;16.56;0.00121601887636988;0.843943963695614
680.88401;16.56667;0.00121547645488471;0.844313113170828
680.98401;16.57334;0.00121492984901004;0.844480988289319
681.07801;16.58;0.00121437780636232;0.84451453401544
681.18601;16.58667;0.00121383180225882;0.844480988289319
681.28599;16.59334;0.00121327746281919;0.84451453401544
681.383;16.6;0.00121271268572824;0.844648716919922
681.48099;16.60667;0.00121214947272754;0.844749500586171
681.59;16.61334;0.00121156643293145;0.844883683490654
681.67802;16.62;0.00121098457062136;0.845017866395137
681.779;16.62667;0.00121042083263242;0.845085104335265
681.87699;16.63334;0.00120984144403147;0.845185741513627
681.97599;16.64;0.00120925560036721;0.845286378691989
682.07801;16.64667;0.0012086832831374;0.84545425381048
682.17399;16.65334;0.00120810655294594;0.845621982441083
682.27299;16.66;0.00120749940040205;0.845689073893324
682.37501;16.66667;0.00120688651030671;0.845756311833453
682.48499;16.67334;0.00120628367497955;0.845823403285694
682.58201;16.68;0.00120568844316736;0.845890494737935
682.67399;16.68667;0.00120510442321713;0.845924040464056
682.77299;16.69334;0.00120450347985967;0.846024677642418
682.878;16.7;0.00120390232726709;0.846091915582546
682.97101;16.70667;0.00120331472634357;0.846226098487029
683.07001;16.71334;0.00120271252945117;0.846326735665391
683.16599;16.72;0.00120210643928221;0.84642751933164
683.26801;16.72667;0.00120150933865823;0.846662339414485
683.36799;16.73334;0.00120089533055516;0.846863760259096
683.46699;16.74;0.0012002755143889;0.847065181103707
683.57099;16.74667;0.00119967577390102;0.84719936400819
683.663;16.75334;0.00119908087784425;0.84719936400819
683.75599;16.76;0.00119846514755313;0.847165818282069
683.86399;16.76667;0.00119783788013623;0.84719936400819
683.969;16.77334;0.00119722599406429;0.847266455460431
684.06;16.78;0.00119662306594403;0.847367092638793
684.163;16.78667;0.00119600363023686;0.847467876305042
684.27;16.79334;0.00119538030087629;0.847602059209525
684.36799;16.8;0.00119476608859712;0.847837025780257
684.46799;16.80667;0.00119415469274376;0.847937662958619
684.57001;16.81334;0.00119355455887026;0.848071992350989
684.66401;16.82;0.00119293718632691;0.848206175255471
684.76499;16.82667;0.00119230387927506;0.848273266707713
684.85901;16.83334;0.00119168652609676;0.848306812433833
684.96201;16.84;0.00119107540338565;0.848407596100082
685.06299;16.84667;0.00119046460785611;0.848608870456806
685.16599;16.85334;0.00118984738446895;0.848843837027538
685.27;16.86;0.00118922145224403;0.848978019932021
685.35901;16.86667;0.00118860285437756;0.849112349324391
685.45899;16.87334;0.0011879882222019;0.849212986502753
685.55799;16.88;0.00118737407439087;0.849347169407235
685.658;16.88667;0.0011867586086114;0.849582135977967
685.76301;16.89334;0.00118613500730406;0.849817102548699
685.84901;16.9;0.00118551267183631;0.850051922631543
685.956;16.90667;0.00118490786739108;0.850186252023913
686.055;16.91334;0.00118431036322605;0.850186252023913
686.15101;16.92;0.00118371271055043;0.850219797750034
686.254;16.92667;0.00118310751053401;0.850353980654517
686.344;16.93334;0.00118248808169484;0.850454764320766
686.45301;16.94;0.00118187252691008;0.850588947225248
686.547;16.94667;0.0011812832467577;0.850723130129731
686.65;16.95334;0.00118070160490209;0.85079036806986
686.741;16.96;0.00118009787020835;0.850891005248222
686.84601;16.96667;0.00117948517534988;0.850991642426584
686.93601;16.97334;0.00117888675037075;0.851159517545074
687.04099;16.98;0.00117829592485345;0.851327246175677
687.14301;16.98667;0.00117770365463598;0.851428029841926
687.24299;16.99334;0.0011771171450578;0.851562212746409
687.344;17;0.00117652374440114;0.851662849924771
687.44599;17.00667;0.00117592556576252;0.851797179317141
687.547;17.01334;0.00117533721544886;0.851897816495503
687.63401;17.02;0.00117475127253725;0.852065545126106
687.73701;17.02667;0.001174176008478;0.852065545126106
687.844;17.03334;0.00117361056114487;0.852132783066235
687.934;17.04;0.00117302720755815;0.852266965970717
688.03699;17.04667;0.00117243117946869;0.852468386815328
688.137;17.05334;0.00117184352830694;0.852736752624294
688.23701;17.06;0.00117126841238069;0.852904627742784
688.33201;17.06667;0.00117069826456861;0.853072356373388
688.44199;17.07334;0.00117012863467742;0.853072356373388
688.54301;17.08;0.00116956233327919;0.853072356373388
688.63099;17.08667;0.00116899644075732;0.853139594313516
688.72999;17.09334;0.00116843522514991;0.853240231491878
688.83301;17.1;0.00116788129419649;0.85334086867024
688.926;17.10667;0.00116731987622089;0.853441652336489
689.03101;17.11334;0.00116673949512253;0.853508743788731
689.13499;17.12;0.00116615496613457;0.853508743788731
689.232;17.12667;0.00116558203093003;0.853575835240972
689.322;17.13334;0.00116502314787185;0.853676472419334
689.42701;17.14;0.00116447003223624;0.853978530442307
689.54001;17.14667;0.00116391606323608;0.854079167620669
689.62;17.15334;0.00116336432063731;0.854179951286918
689.728;17.16;0.00116281177362832;0.854247042739159
689.822;17.16667;0.00116225944643864;0.854347679917521
689.91599;17.17334;0.0011617127718503;0.854414771369763
690.02799;17.18;0.00116117012618546;0.854549100762133
690.128;17.18667;0.0011606340609842;0.854616192214374
690.22599;17.19334;0.00116009430098938;0.854716829392736
690.31199;17.2;0.00115953986086731;0.854817613058985
690.422;17.20667;0.00115898154052802;0.854918250237347
690.52701;17.21334;0.00115843097564116;0.8551867625342
690.62299;17.22;0.00115788884565484;0.855488820557173
690.72001;17.22667;0.00115734562328268;0.855757332854025
690.82599;17.23334;0.00115680002897313;0.855857970032387
690.91599;17.24;0.00115625686866174;0.855857970032387
691.02201;17.24667;0.00115571467548107;0.855824424306266
691.12;17.25334;0.00115516913835385;0.855857970032387
691.22101;17.26;0.00115462473712714;0.855958607210749
691.309;17.26667;0.00115409260242067;0.856059244389111
691.41599;17.27334;0.00115356477165411;0.85616002805536
691.51301;17.28;0.0011530339275638;0.856227119507602
691.61301;17.28667;0.00115249312469769;0.856361302412084
691.72101;17.29334;0.00115194431310936;0.856428540352213
691.81199;17.3;0.00115140065413927;0.856562723256695
691.913;17.30667;0.00115086184313136;0.856831235553548
692.00901;17.31334;0.00115032627672239;0.85693187273191
692.12101;17.32;0.0011497895876079;0.857032509910272
692.211;17.32667;0.00114924760133935;0.8570997478504
692.318;17.33334;0.00114870744628566;0.857166839302641
692.40601;17.34;0.00114817270671959;0.857233930754883
692.50699;17.34667;0.00114763134772709;0.857334567933245
692.60499;17.35334;0.00114708357475772;0.857401659385486
692.70899;17.36;0.00114653534924039;0.857670171682339
692.80799;17.36667;0.00114599259618734;0.857938683979191
692.913;17.37334;0.00114545713296713;0.858173650549923
693.01099;17.38;0.00114492611777194;0.858274287728285
693.10599;17.38667;0.00114439917218329;0.858240742002164
693.20801;17.39334;0.0011438716187649;0.858207196276044
693.29999;17.4;0.00114333040580853;0.858207196276044
693.40699;17.40667;0.00114278179648608;0.858274287728285
693.50001;17.41334;0.00114223613688954;0.858374924906647
693.607;17.42;0.00114169593294065;0.858442162846775
693.70701;17.42667;0.00114116380567963;0.858509254299017
693.79301;17.43334;0.00114062666952847;0.858609891477379
693.904;17.44;0.00114008609834283;0.858744074381861
693.98899;17.44667;0.00113954643396465;0.858844858048111
694.10099;17.45334;0.00113901580264899;0.858945495226472
694.20899;17.46;0.00113849486974658;0.859146916071084
694.29899;17.46667;0.0011379631416173;0.859247553249446
694.395;17.47334;0.0011374126028898;0.859348190427808
694.49698;17.48;0.00113685269928838;0.859448974094057
694.60099;17.48667;0.00113629487538122;0.859549611272419
694.69599;17.49334;0.00113574147728088;0.859683794176901
694.80399;17.5;0.0011351909570166;0.859818123569271
694.90299;17.50667;0.00113463733678238;0.859985852199875
694.99601;17.51334;0.0011340805237985;0.860120181592244
695.09601;17.52;0.00113352512489094;0.860287910222848
695.19501;17.52667;0.00113297236928948;0.860589968245821
695.292;17.53334;0.00113241755796543;0.860824934816553
695.39301;17.54;0.00113185649418076;0.861026209173277
695.495;17.54667;0.00113129223694441;0.861026209173277
695.59101;17.55334;0.00113072621675746;0.860992663447156
695.68299;17.56;0.00113015549731076;0.860992663447156
695.78501;17.56667;0.00112958152043571;0.861059754899397
695.887;17.57334;0.00112900571116292;0.861160538565646
695.98701;17.58;0.00112843363313979;0.861227630017888
696.09501;17.58667;0.00112786490905908;0.86132826719625
696.19401;17.59334;0.00112728924875841;0.861596779493102
696.283;17.6;0.00112671118087908;0.861730962397585
696.38801;17.60667;0.00112613216196992;0.861865291789955
696.48899;17.61334;0.001125553206971;0.861965928968317
696.59501;17.62;0.00112497693015939;0.862100111872799
696.69501;17.62667;0.00112439199304114;0.862133804086807
696.783;17.63334;0.00112379178270669;0.862200895539048
696.88999;17.64;0.00112318692210675;0.86230153271741
696.99698;17.64667;0.00112258283855555;0.862570045014263
697.08799;17.65334;0.0011219743812002;0.862737773644866
697.18799;17.66;0.00112136420617574;0.862838557311115
697.28901;17.66667;0.00112075095880289;0.862905648763357
697.38901;17.67334;0.00112013185531804;0.863006285941719
697.491;17.68;0.00111951580677927;0.863140615334088
697.589;17.68667;0.00111890858754784;0.86320770678633
697.68799;17.69334;0.00111830131715403;0.863308343964692
697.78599;17.7;0.00111769543851212;0.863442526869174
697.878;17.70667;0.0011170919367478;0.863543310535424
697.986;17.71334;0.00111648166090414;0.863643947713785
698.073;17.72;0.00111585207165882;0.863845368558397
698.18299;17.72667;0.00111520700760767;0.864214518033611
698.27601;17.73334;0.00111456288171605;0.864449338116456
698.36899;17.74;0.00111392224880673;0.864617213234946
698.47401;17.74667;0.00111328745650367;0.864650758961067
698.57401;17.75334;0.00111264661243859;0.864650758961067
698.68201;17.76;0.00111199974096196;0.864650758961067
698.77299;17.76667;0.00111134810642228;0.864751396139429
698.87198;17.77334;0.00111068854199365;0.864885725531799
698.97199;17.78;0.0011100269681892;0.864986362710161
699.07401;17.78667;0.00110936215819675;0.865086999888523
699.16999;17.79334;0.001108694297022;0.865187783554772
699.27;17.8;0.00110802207231219;0.865187783554772
699.366;17.80667;0.00110734834795626;0.865221329280892
699.46799;17.81334;0.00110667600875792;0.865254875007013
699.577;17.82;0.00110600215922441;0.865321966459255
699.676;17.82667;0.00110532366296779;0.865389057911496
699.76499;17.83334;0.00110464329557325;0.865456295851624
699.87198;17.84;0.00110396690478192;0.865523387303866
699.964;17.84667;0.00110328987516044;0.865590478756107
700.07099;17.85334;0.00110260618662569;0.865657570208348
700.16999;17.86;0.00110190609602065;0.86575820738671
700.266;17.86667;0.00110119172718704;0.86589253677908
700.365;17.87334;0.00110047497707009;0.866026719683563
700.46201;17.88;0.00109976151988492;0.866093811135804
700.564;17.88667;0.0010990510163497;0.866161049075932
700.65699;17.89334;0.00109834429123851;0.866295231980415
700.76099;17.9;0.00109763385858005;0.866362323432657
700.85401;17.90667;0.00109691583979603;0.866530198551147
700.956;17.91334;0.00109619636299857;0.86666438145563
701.064;17.92;0.00109546954661613;0.866798710847999
701.15299;17.92667;0.00109473365394598;0.866999985204723
701.25501;17.93334;0.00109399413480094;0.867234951775455
701.35001;17.94;0.00109324960934062;0.867469918346187
701.44599;17.94667;0.00109250026515473;0.86760410125067
701.54999;17.95334;0.0010917534871268;0.86763764697679
701.64301;17.96;0.00109102083170465;0.867671192702911
701.754;17.96667;0.00109029458300912;0.867738284155152
701.848;17.97334;0.00108956015453446;0.867872613547522
701.943;17.98;0.00108880806898752;0.868174671570495
702.051;17.98667;0.00108803908802987;0.868308854474978
702.154;17.99334;0.00108726666304164;0.86840949165334
702.249;18;0.00108649497793164;0.868510275319589
702.344;18.00667;0.00108572500118625;0.868610912497951
702.44999;18.01334;0.00108495370312073;0.868711549676313
702.54001;18.02;0.00108417982086782;0.868812333342562
702.64301;18.02667;0.00108340326189333;0.868912970520924
702.741;18.03334;0.0010826269411035;0.869080699151528
702.836;18.04;0.00108184808873395;0.869215028543897
702.934;18.04667;0.00108107083343746;0.86934921144838
703.03599;18.05334;0.00108029348256168;0.869684815197474
703.141;18.06;0.00107950749188571;0.869919781768206
703.23801;18.06667;0.00107871310700845;0.870154748338937
703.335;18.07334;0.00107791786258434;0.870154748338937
703.43299;18.08;0.00107712181026996;0.870154748338937
703.54099;18.08667;0.00107632736831085;0.870154748338937
703.63801;18.09334;0.0010755340114802;0.870188294065058
703.73099;18.1;0.00107473750860232;0.87028893124342
703.82999;18.10667;0.00107393824551839;0.870523897814152
703.943;18.11334;0.0010731264723517;0.870725172170876
704.03599;18.12;0.00107230566869737;0.870859501563246
704.133;18.12667;0.0010714905026356;0.870993684467728
704.23499;18.13334;0.00107068358416404;0.87109432164609
704.34299;18.14;0.00106987885533905;0.871195105312339
704.434;18.14667;0.00106906604086248;0.871295742490701
704.521;18.15334;0.00106824681439243;0.871396379669063
704.62699;18.16;0.00106742577211773;0.871463471121305
704.73801;18.16667;0.00106660296800777;0.871597800513675
704.83301;18.17334;0.00106577541683856;0.871698437692037
704.92499;18.18;0.00106494446147618;0.871832767084406
705.03199;18.18667;0.0010641145751926;0.871966949988889
705.12198;18.19334;0.00106328449796022;0.872101132893372
705.22999;18.2;0.0010624572082753;0.872134678619492
705.32599;18.20667;0.00106163676556678;0.872235462285741
705.421;18.21334;0.00106081547651836;0.872336099464103
705.52399;18.22;0.0010599847623824;0.872436736642465
705.624;18.22667;0.00105914241671952;0.872671703213197
705.72501;18.23334;0.00105829365080258;0.872873124057808
705.822;18.24;0.00105745165648383;0.873040852688412
705.91801;18.24667;0.00105661023964529;0.873208727806902
706.02201;18.25334;0.00105576027125926;0.873242273533023
706.11201;18.26;0.00105490870150909;0.873208727806902
706.21699;18.26667;0.00105405428940462;0.873309364985264
706.31699;18.27334;0.0010531958384694;0.873410002163626
706.422;18.28;0.00105234060416771;0.873611423008237
706.53;18.28667;0.00105149014771377;0.873779151638841
706.62601;18.29334;0.00105064319867944;0.873846389578969
706.71799;18.3;0.00104979693053521;0.873947026757331
706.822;18.30667;0.00104894840565877;0.874014118209572
706.91401;18.31334;0.00104810046400026;0.874081209661814
707.02201;18.32;0.00104725159280106;0.874181993328063
707.11899;18.32667;0.00104639604528385;0.874249084780304
707.21601;18.33334;0.00104553988406808;0.874349721958666
707.30799;18.34;0.00104468177355579;0.874416813410907
707.41501;18.34667;0.00104382175788015;0.874618234255519
707.50901;18.35334;0.00104296149153079;0.874752417160001
707.61399;18.36;0.00104209973799435;0.874886746552371
707.706;18.36667;0.00104125075723024;0.875155112361336
707.814;18.37334;0.00104041103552443;0.875390078932068
707.909;18.38;0.00103956596391078;0.875557954050559
708.00999;18.38667;0.00103870873182438;0.875692136955041
708.111;18.39334;0.00103784013998847;0.875692136955041
708.20499;18.4;0.00103696947994498;0.875692136955041
708.30601;18.40667;0.00103610398932886;0.875658591228921
708.409;18.41334;0.00103524334015815;0.875725682681162
708.51401;18.42;0.00103438575242066;0.875826466347411
708.60801;18.42667;0.00103352795298893;0.875893557799652
708.711;18.43334;0.00103266692599578;0.875960649251894
708.81199;18.44;0.00103181146560251;0.876061286430256
708.908;18.44667;0.00103095720834975;0.876162070096505
708.99799;18.45334;0.00103009566439824;0.876296253000987
709.10099;18.46;0.0010292343263707;0.87643043590547
709.19599;18.46667;0.00102837753230955;0.876531219571719
709.29899;18.47334;0.00102752509257443;0.876732493928443
709.39701;18.48;0.00102667828003255;0.876833277594692
709.49698;18.48667;0.00102582690311268;0.876900369046934
709.60001;18.49334;0.0010249671342396;0.876967460499175
709.689;18.5;0.00102410258051536;0.876967460499175
709.797;18.50667;0.00102324185804569;0.877034551951416
709.891;18.51334;0.00102238744513388;0.877168881343786
710.00199;18.52;0.0010215320722995;0.877403701426631
710.09299;18.52667;0.00102067587049544;0.877571576545121
710.189;18.53334;0.00101981475148425;0.877772850901845
710.30201;18.54;0.00101895325327927;0.877772850901845
710.39301;18.54667;0.00101809547040038;0.877739305175725
710.49;18.55334;0.00101723674459999;0.877739305175725
710.60599;18.56;0.001016382818197;0.877739305175725
710.702;18.56667;0.00101553240565365;0.877806396627966
710.79301;18.57334;0.00101468732904119;0.877873634568094
710.88901;18.58;0.00101384776067154;0.877940726020336
710.98899;18.58667;0.00101300791261698;0.878007817472577
711.09299;18.59334;0.00101216792558667;0.878074908924818
711.18799;18.6;0.00101132784942474;0.87814200037706
711.29099;18.60667;0.00101049471184622;0.878209238317188
711.38999;18.61334;0.0010096695180058;0.87827632976943
711.48701;18.62;0.00100884330888883;0.87830987549555
711.58399;18.62667;0.00100801204164065;0.878477604126154
711.69001;18.63334;0.00100717068617635;0.878544842066282
711.79301;18.64;0.00100632420190797;0.878611933518523
711.879;18.64667;0.00100547827928229;0.878679024970765
711.98701;18.65334;0.0010046382690497;0.878712570696885
712.08301;18.66;0.00100380687052131;0.878779662149127
712.189;18.66667;0.00100297805615983;0.878846900089255
712.288;18.67334;0.00100215018927869;0.878913991541497
712.38099;18.68;0.00100131909959887;0.878947537267617
712.486;18.68667;0.00100048781249737;0.879048174445979
712.57999;18.69334;0.000999657686058145;0.879182503838349
712.67899;18.7;0.000998828825492488;0.87924959529059
712.779;18.70667;0.000998004235105348;0.879316686742832
712.87;18.71334;0.000997182384482685;0.879383778195073
712.96799;18.72;0.000996372780349162;0.879450869647314
713.07499;18.72667;0.00099556403147558;0.879618744765805
713.16801;18.73334;0.000994741479727214;0.879820019122529
713.28;18.74;0.000993910757345552;0.88002143996714
713.37299;18.74667;0.000993075784681373;0.88018931508563
713.47401;18.75334;0.000992248461003857;0.880222860811751
713.56101;18.76;0.000991428540196523;0.880256406537872
713.66501;18.76667;0.000990611258109126;0.880256406537872
713.766;18.77334;0.000989796353506848;0.880289952263992
713.87;18.78;0.000988983823109964;0.880390589442354
713.97001;18.78667;0.000988168041351185;0.880491226620716
714.06199;18.79334;0.000987353503645126;0.880558464560845
714.16099;18.8;0.000986544502808585;0.880659101739207
714.26801;18.80667;0.000985739287954783;0.880759738917569
714.361;18.81334;0.000984936107079715;0.880860522583818
714.45899;18.82;0.000984127759757709;0.880860522583818
714.56;18.82667;0.000983317222373527;0.880927614036059
714.66401;18.83334;0.000982510473748193;0.881028251214421
714.75901;18.84;0.000981707736388608;0.881095342666663
714.853;18.84667;0.000980903045429513;0.881196126332912
714.95899;18.85334;0.00098009775084699;0.881330309237394
715.05701;18.86;0.000979296261996996;0.881397400689636
715.16099;18.86667;0.000978508245094183;0.881598821534247
715.25599;18.87334;0.000977722690250316;0.881699458712609
715.35901;18.88;0.000976926395966689;0.881800095890971
715.45899;18.88667;0.000976121383341264;0.881867333831099
715.56199;18.89334;0.000975306959002392;0.881967971009461
715.65699;18.9;0.00097449068692611;0.882035062461703
715.74698;18.90667;0.000973684128653;0.882102153913944
715.85499;18.91334;0.000972887207786947;0.882236483306314
715.96;18.92;0.000972092565307158;0.882303574758555
716.05399;18.92667;0.00097129856185652;0.882337120484676
716.15601;18.93334;0.000970505041964976;0.882437757663038
716.258;18.94;0.000969711992669532;0.882471303389158
716.353;18.94667;0.000968922069741494;0.882639178507649
716.46;18.95334;0.000968133400448118;0.882874145078381
716.564;18.96;0.000967341577110052;0.883075419435105
716.65299;18.96667;0.00096654386429789;0.883276840279716
716.74299;18.97334;0.00096573727919539;0.883310386005836
716.85401;18.98;0.00096493178047448;0.883343931731957
716.95301;18.98667;0.000964125902715519;0.883343931731957
717.04401;18.99334;0.000963318354833199;0.883411023184199
717.15201;19;0.000962527612661567;0.883545352576568
717.25101;19.00667;0.000961746756222018;0.883746626933292
717.34501;19.01334;0.000960953875460307;0.883880956325662
717.447;19.02;0.000960147152248357;0.884048684956265
717.54899;19.02667;0.000959330281075046;0.884216560074756
717.64799;19.03334;0.000958513599632984;0.884317197253118
717.73899;19.04;0.000957704006867135;0.8844513801576
717.84;19.04667;0.000956896698250115;0.884518471609842
717.93799;19.05334;0.000956090075329152;0.884619255276091
718.04099;19.06;0.00095528257074805;0.884753438180574
718.14399;19.06667;0.000954469703523617;0.884786983906694
718.232;19.07334;0.000953654389852602;0.884887767572943
718.336;19.08;0.000952842487117873;0.884988404751305
718.44501;19.08667;0.000952032418972906;0.885122587655788
718.53599;19.09334;0.000951220857037981;0.885189679108029
718.629;19.1;0.000950404853708581;0.88535755422652
718.73801;19.10667;0.000949583270336886;0.885726703701734
718.83201;19.11334;0.000948762025497262;0.885961670272466
718.93;19.12;0.000947941151181271;0.886196636843198
719.03501;19.12667;0.00094711625816482;0.886196636843198
719.13599;19.13334;0.00094629307193253;0.886196636843198
719.232;19.14;0.000945470032209156;0.886196636843198
719.33301;19.14667;0.000944643930678022;0.886196636843198
719.42899;19.15334;0.000943817361526388;0.88629727402156
719.52799;19.16;0.000942988879185022;0.886364365473801
719.63199;19.16667;0.000942162613721906;0.886465002652163
719.72999;19.17334;0.000941339569900425;0.886532240592292
719.827;19.18;0.000940510908019552;0.886632877770654
719.921;19.18667;0.000939672138551247;0.886699969222895
720.03101;19.19334;0.000938821989703283;0.886733514949016
720.12;19.2;0.000937963940374857;0.886800606401257
720.22901;19.20667;0.000937106926059559;0.886901390067506
720.32899;19.21334;0.000936255139835194;0.88710266442423
720.43201;19.22;0.000935408505863683;0.8872369938166
720.51801;19.22667;0.000934562659059488;0.887337630994962
720.61799;19.23334;0.00093371603110391;0.887438268173324
720.71699;19.24;0.000932874202421909;0.887505359625565
720.82499;19.24667;0.000932028312865949;0.887639689017935
720.92499;19.25334;0.000931172627304324;0.887706780470176
721.02;19.26;0.00093031433961902;0.887773871922418
721.12299;19.26667;0.000929451995478787;0.887840963374659
721.22001;19.27334;0.00092858296493117;0.887908201314787
721.32599;19.28;0.000927711622904524;0.88804238421927
721.40601;19.28667;0.000926844803990496;0.888143021397632
721.51801;19.29334;0.000925980521064297;0.888210259337761
721.61899;19.3;0.000925109951236798;0.888310896516122
721.714;19.30667;0.000924231883720634;0.888411533694485
721.81199;19.31334;0.00092334940619711;0.888512170872847
721.913;19.32;0.000922462487795779;0.888646500265216
722.012;19.32667;0.000921578102805468;0.888881466835948
722.10599;19.33334;0.000920695887849359;0.889015649740431
722.20399;19.34;0.000919809938140161;0.889217070585042
722.30601;19.34667;0.000918914537957627;0.889284162037283
722.40101;19.35334;0.000918005772714902;0.889284162037283
722.50699;19.36;0.000917091470946292;0.889317707763404
722.603;19.36667;0.000916180315286554;0.889384799215645
722.711;19.37334;0.0009152675161137;0.889518982120128
722.80601;19.38;0.000914351437873802;0.889586220060256
722.908;19.38667;0.000913436457768932;0.889686857238618
723.012;19.39334;0.00091251394554708;0.88975394869086
723.10999;19.4;0.000911585391964042;0.889854585869222
723.21201;19.40667;0.000910655058212452;0.889888278083229
723.30399;19.41334;0.000909722705685557;0.889955369535471
723.40299;19.42;0.000908789520047434;0.890022460987712
723.50901;19.42667;0.000907851168665664;0.890123098166074
723.61201;19.43334;0.00090690934816711;0.890223881832323
723.70399;19.44;0.000905962657758763;0.890290973284565
723.79999;19.44667;0.000905010977267456;0.890358064736806
723.895;19.45334;0.000904055672560094;0.890425156189047
723.99601;19.46;0.000903098147439492;0.890458701915168
724.10801;19.46667;0.000902134183436596;0.890525793367409
724.19401;19.47334;0.000901162680427642;0.890593031307538
724.29801;19.48;0.000900192229383668;0.8906936684859
724.4;19.48667;0.000899223781282188;0.890895089330511
724.49399;19.49334;0.000898255385357483;0.890962180782752
724.59601;19.5;0.000897282578143035;0.891062817961114
724.69199;19.50667;0.000896302776348286;0.891096363687235
724.801;19.51334;0.00089531209503582;0.891163455139476
724.89701;19.52;0.000894309567961982;0.891230693079605
724.99698;19.52667;0.00089330540869695;0.891297784531846
725.09199;19.53334;0.00089230366678178;0.891364875984087
725.18601;19.54;0.000891298302503133;0.891431967436329
725.288;19.54667;0.000890287699775075;0.89149905888857
725.38599;19.55334;0.000889271829375042;0.89166693400706
725.48801;19.56;0.000888251017908043;0.891901900577792
725.589;19.56667;0.000887226971645565;0.892103174934516
725.693;19.57334;0.000886202349772556;0.892304595779127
725.79301;19.58;0.000885183859345842;0.892371687231369
725.88901;19.58667;0.000884162479324611;0.892371687231369
725.97999;19.59334;0.000883129927841025;0.892405232957489
726.077;19.6;0.000882092487740308;0.892405232957489
726.18101;19.60667;0.000881050156212925;0.892505870135851
726.27601;19.61334;0.000880004342086123;0.8926066538021
726.37198;19.62;0.000878959502473036;0.892673745254342
726.48099;19.62667;0.000877909829800405;0.892774382432704
726.586;19.63334;0.000876855330192091;0.892841473884945
726.67399;19.64;0.000875798961098675;0.892942257551194
726.779;19.64667;0.000874739232362723;0.893042894729556
726.88599;19.65334;0.000873680136697607;0.893143531907918
726.978;19.66;0.000872623915409632;0.89321062336016
727.07401;19.66667;0.000871565997278339;0.893412044204771
727.17499;19.67334;0.000870495221358422;0.893546227109253
727.28101;19.68;0.000869411013627603;0.893647010775503
727.38001;19.68667;0.000868316953063726;0.893747647953865
727.47101;19.69334;0.000867220362062511;0.893848285132227
727.573;19.7;0.000866128242454834;0.893949068798476
727.676;19.70667;0.000865035989273918;0.894049705976838
727.771;19.71334;0.000863940605281218;0.8941503431552
727.874;19.72;0.000862842252038536;0.894251126821449
727.97599;19.72667;0.000861740966372761;0.894351763999811
728.06901;19.73334;0.000860633654811424;0.894485946904294
728.16901;19.74;0.000859520137714126;0.894586730570542
728.27399;19.74667;0.000858408640094156;0.894720913475025
728.37101;19.75334;0.000857293028888808;0.894788004927267
728.46699;19.76;0.000856167986172253;0.894888642105629
728.57099;19.76667;0.000855038286736249;0.894955880045757
728.65699;19.77334;0.000853908556242169;0.895056517224119
728.76499;19.78;0.000852779166114595;0.895190700128602
728.86399;19.78667;0.000851650264477414;0.895358575247092
728.97001;19.79334;0.000850518985486758;0.895526303877696
729.06501;19.8;0.000849387882926;0.895694178996186
729.16099;19.80667;0.000848260574886507;0.895861907626789
729.267;19.81334;0.000847131088171871;0.89589545335291
729.36399;19.82;0.000845991259074511;0.89589545335291
729.464;19.82667;0.000844837475952284;0.895929145566918
729.56;19.83334;0.000843676237650147;0.895929145566918
729.65601;19.84;0.000842514988874985;0.895996237019159
729.76301;19.84667;0.000841360982015717;0.896096874197521
729.85999;19.85334;0.000840208234335325;0.896130419923642
729.952;19.86;0.000839052188385578;0.896231057102004
730.05701;19.86667;0.000837892896049864;0.896264749316012
730.16199;19.87334;0.000836731797525347;0.896264749316012
730.258;19.88;0.000835573174917173;0.896331840768253
730.36399;19.88667;0.00083441268053948;0.896331840768253
730.46201;19.89334;0.000833248974463853;0.896398932220494
730.56;19.9;0.000832083335938636;0.896432477946615
730.65601;19.90667;0.000830912491862359;0.896466023672736
730.75501;19.91334;0.000829739592291588;0.896533115124977
730.85401;19.92;0.000828559026950282;0.896600353065105
730.94999;19.92667;0.000827374932017247;0.896700990243467
731.046;19.93334;0.000826196147164646;0.89683517314795
731.15601;19.94;0.000825018576440718;0.896902411088078
731.254;19.94667;0.00082384227651038;0.89696950254032
731.35099;19.95334;0.00082266591101386;0.897103685444802
731.44999;19.96;0.000821491208368926;0.897137231170923
731.54301;19.96667;0.000820322455009003;0.897204322623165
731.64799;19.97334;0.000819152008721694;0.897271560563293
731.74698;19.98;0.000817974095244105;0.897338652015534
731.839;19.98667;0.0008167849179475;0.897405743467776
731.94401;19.99334;0.000815586806454215;0.897472834920017
732.04499;20;0.000814390471550232;0.897539926372258
732.13999;20.00667;0.00081319876488739;0.897640710038507
732.23899;20.01334;0.000812009906623022;0.897707801490749
732.34501;20.02;0.000810820856525403;0.897808438669111
732.44099;20.02667;0.00080962716274294;0.897875530121352
732.546;20.03334;0.000808439967262163;0.89794276806148
732.641;20.04;0.000807254628576317;0.898043405239842
732.73701;20.04667;0.000806061217161822;0.898076950965963
732.84101;20.05334;0.000804870345404538;0.898177588144325
732.93101;20.06;0.000803682423354611;0.898278371810574
733.03501;20.06667;0.000802494955556526;0.898311917536695
733.142;20.07334;0.00080130694120006;0.898379008988936
733.232;20.08;0.000800119864928784;0.898446100441178
733.331;20.08667;0.000798940504991836;0.898513191893419
733.43299;20.09334;0.000797764089596608;0.898681067011909
733.53199;20.1;0.000796579241151763;0.898848795642513
733.63599;20.10667;0.00079538927677878;0.898983125034882
733.73301;20.11334;0.00079420016592453;0.899117307939365
733.839;20.12;0.000793014806911548;0.899251637331735
733.93;20.12667;0.000791830358974671;0.899285183057856
734.033;20.13334;0.000790647090701491;0.899318728783976
734.133;20.14;0.000789469525404577;0.899318728783976
734.22999;20.14667;0.000788293345361264;0.899318728783976
734.32801;20.15334;0.000787115712269536;0.899385820236218
734.42399;20.16;0.000785942327800805;0.899419365962338
734.52799;20.16667;0.000784781371396387;0.8995200031407
734.62601;20.17334;0.000783622267255559;0.899553548866821
734.73301;20.18;0.000782455283492252;0.899620786806949
734.82899;20.18667;0.000781281146304671;0.899687878259191
734.91999;20.19334;0.00078010196879129;0.899721423985311
735.025;20.2;0.000778925470011791;0.899822061163673
735.11799;20.20667;0.000777754497861835;0.899889152615915
735.21799;20.21334;0.000776591583558806;0.900057027734405
735.31501;20.22;0.000775432291639549;0.900191210638888
735.41999;20.22667;0.000774270876284864;0.900291994305137
735.52201;20.23334;0.000773111707956519;0.900392631483499
735.61899;20.24;0.000771952176526912;0.90045972293574
735.72001;20.24667;0.000770792659455282;0.900560360114102
735.818;20.25334;0.000769637614924899;0.900627598054231
735.91801;20.26;0.000768486995439791;0.900661143780351
736.01099;20.26667;0.000767339244323578;0.900728235232593
736.11799;20.27334;0.000766194297740195;0.900828872410955
736.21799;20.28;0.000765053733670439;0.900862418137075
736.31299;20.28667;0.000763916211652501;0.900895963863196
736.417;20.29334;0.000762778764958358;0.900963201803325
736.51301;20.3;0.000761642635584367;0.901030293255566
736.616;20.30667;0.000760513487813622;0.901130930433928
736.719;20.31334;0.000759391359279097;0.90123156761229
736.814;20.32;0.000758269221161354;0.901332351278539
736.913;20.32667;0.000757147359268823;0.90139944273078
737.004;20.33334;0.000756033126008775;0.901500079909142
737.10901;20.34;0.00075492067747717;0.901600863575391
737.214;20.34667;0.000753815908929855;0.901667955027633
737.31299;20.35334;0.000752720377455292;0.901701500753753
737.40201;20.36;0.000751626977737168;0.901768592205995
737.50599;20.36667;0.00075054160673297;0.901869229384357
737.60599;20.37334;0.00074946263163073;0.902070650228968
737.70399;20.38;0.000748385455964027;0.902204833133451
737.80601;20.38667;0.000747308757744658;0.902372708251941
737.904;20.39334;0.000746225833730866;0.902506891156424
738.00199;20.4;0.000745141502826923;0.902573982608665
738.107;20.40667;0.000744063130007561;0.902573982608665
738.206;20.41334;0.000742993446388196;0.902607674822673
738.30399;20.42;0.000741937800290386;0.902607674822673
738.39301;20.42667;0.000740884203538305;0.902674766274914
738.49201;20.43334;0.000739825725566202;0.902741857727156
738.585;20.44;0.000738770097110984;0.902808949179397
738.693;20.44667;0.000737718864346427;0.902909586357759
738.792;20.45334;0.00073667204599648;0.903010370024008
738.88001;20.46;0.000735631232355608;0.903043915750129
738.98701;20.46667;0.000734595068356126;0.903144552928491
739.09501;20.47334;0.000733563360264455;0.903211644380732
739.18201;20.48;0.000732538883631568;0.903245190106853
739.297;20.48667;0.000731518873493667;0.903312428046981
739.38499;20.49334;0.000730511884281307;0.903379519499222
739.49601;20.5;0.000729511687799996;0.903413065225343
739.59501;20.50667;0.000728511022777681;0.903513702403705
739.684;20.51334;0.000727504659788971;0.903580793855946
739.78901;20.52;0.00072648887762608;0.903614486069954
739.89399;20.52667;0.000725476934327545;0.903715123248316
739.98701;20.53334;0.000724473111509823;0.903815760426678
740.08799;20.54;0.000723478692122532;0.90391639760504
740.18601;20.54667;0.000722497581251187;0.903950089819048
740.29401;20.55334;0.000721527952107339;0.904017181271289
740.391;20.56;0.000720561376399251;0.904084272723531
740.478;20.56667;0.00071959982998105;0.904151364175772
740.58201;20.57334;0.000718642153850643;0.904184909901893
740.685;20.58;0.000717687025333161;0.904184909901893
740.78901;20.58667;0.000716735873767868;0.904218455628013
740.87601;20.59334;0.000715790102175502;0.904285693568142
740.98099;20.6;0.000714846849456489;0.904319239294262
741.07999;20.60667;0.000713910445798159;0.904386330746504
741.17899;20.61334;0.000712983797747956;0.904419876472624
741.29099;20.62;0.000712061131512623;0.904554059377107
741.38199;20.62667;0.000711143770685689;0.904621297317236
741.477;20.63334;0.000710231617264743;0.904688388769477
741.56901;20.64;0.000709322023722396;0.904721934495598
741.67399;20.64667;0.000708415214531771;0.904755480221718
741.77201;20.65334;0.000707516890068685;0.904789025947839
741.87198;20.66;0.000706625571989153;0.90485611740008
741.96699;20.66667;0.000705743976065335;0.904923208852322
742.072;20.67334;0.000704873188331273;0.904956901066329
742.167;20.68;0.000704004547752366;0.90499044679245
742.27601;20.68667;0.000703138189358499;0.905023992518571
742.37299;20.69334;0.000702272944692317;0.905091083970812
742.46799;20.7;0.000701405068942409;0.905292504815423
742.57099;20.70667;0.00070054639441203;0.905393141993785
742.672;20.71334;0.000699699485293846;0.905527324898268
742.766;20.72;0.000698858008566467;0.905661654290638
742.87299;20.72667;0.000698022943672037;0.905762291469
742.97199;20.73334;0.000697191591334924;0.90579583719512
743.07499;20.74;0.000696364511311089;0.905829382921241
743.163;20.74667;0.000695541801220841;0.905862928647362
743.26899;20.75334;0.000694723442032447;0.905930020099603
743.37299;20.76;0.000693912357048946;0.905963712313611
743.46699;20.76667;0.000693108537661939;0.906064349491973
743.56501;20.77334;0.000692310555511891;0.906131440944214
743.66999;20.78;0.000691515409909382;0.906198532396456
743.76099;20.78667;0.000690731606047784;0.906299316062704
743.87501;20.79334;0.000689955990979923;0.906366407514946
743.964;20.8;0.000689181281598685;0.906433498967187
744.06599;20.80667;0.00068841749965335;0.906500590419429
744.158;20.81334;0.00068766128155237;0.906534136145549
744.25901;20.82;0.000686906881976937;0.90656768187167
744.35499;20.82667;0.00068615623330877;0.906634919811798
744.45701;20.83334;0.00068540404415018;0.90670201126404
744.551;20.84;0.000684650744782901;0.906769102716281
744.65299;20.84667;0.000683900812484343;0.906836194168522
744.75101;20.85334;0.00068315990009399;0.906903285620764
744.852;20.86;0.000682433588512062;0.906970523560892
744.95801;20.86667;0.000681714522999568;0.907071160739254
745.05302;20.87334;0.000680998367784843;0.907205343643737
745.15201;20.88;0.000680289431100968;0.907306127309986
745.24399;20.88667;0.000679587594661395;0.907406764488348
745.353;20.89334;0.000678891203879056;0.907473855940589
745.452;20.9;0.000678203067717713;0.907608185332959
745.54999;20.90667;0.000677520394920686;0.9076752767852
745.65;20.91334;0.000676846065802067;0.907775913963562
745.753;20.92;0.000676175582032155;0.907843005415804
745.85401;20.92667;0.000675503226310062;0.907910096868045
745.94999;20.93334;0.000674836498706729;0.908010880534294
746.04801;20.94;0.00067417269234043;0.908044426260415
746.146;20.94667;0.000673516302227416;0.908145063438777
746.253;20.95334;0.000672871503708923;0.908245700617139
746.35001;20.96;0.000672237750774326;0.908312938557267
746.44999;20.96667;0.000671610307234185;0.908413575735629
746.551;20.97334;0.000670986257788018;0.908480667187871
746.641;20.98;0.000670363150760249;0.908581304366233
746.74299;20.98667;0.000669735906239952;0.908682088032482
746.84299;20.99334;0.000669112017319387;0.908816270936964
746.94001;21;0.000668492622431295;0.908950600329334
747.04499;21.00667;0.000667877250635528;0.909051237507696
747.13099;21.01334;0.000667269799565581;0.909084783233817
747.23801;21.02;0.000666670232801514;0.909084783233817
747.34299;21.02667;0.00066607419943247;0.909084783233817
747.43;21.03334;0.000665483025998063;0.909084783233817
747.53901;21.04;0.00066490121141059;0.909084783233817
747.63199;21.04667;0.000664327545109362;0.909118328959938
747.741;21.05334;0.000663759178318189;0.909118328959938
747.83201;21.06;0.000663196198180362;0.909151874686058
747.939;21.06667;0.000662642893919454;0.909185420412179
748.042;21.07334;0.000662093109344227;0.909185420412179
748.137;21.08;0.000661543928994104;0.9092189661383
748.24201;21.08667;0.000661001345859337;0.90925251186442
748.32899;21.09334;0.000660462524761522;0.90938684125679
748.41901;21.1;0.000659927450240423;0.909420386982911
748.534;21.10667;0.00065939890227653;0.909487478435152
748.63401;21.11334;0.000658876827371404;0.909554569887393
748.73099;21.12;0.000658358403860308;0.909621807827522
748.82401;21.12667;0.000657845008417776;0.909688899279763
748.922;21.13334;0.000657340699294257;0.909789536458125
749.02299;21.14;0.000656839539095174;0.909856627910366
749.13199;21.14667;0.000656340209333456;0.909923719362608
749.22501;21.15334;0.000655847208304745;0.909957411576615
749.322;21.16;0.000655357606410883;0.910024503028857
749.42301;21.16667;0.000654876982952138;0.910125140207219
749.533;21.17334;0.000654407884731668;0.910360106777951
749.62699;21.18;0.000653942803688222;0.910460743956313
749.72501;21.18667;0.000653478721857982;0.910561381134675
749.818;21.19334;0.000653011519013248;0.910628619074803
749.91501;21.2;0.000652543130635387;0.910662164800924
750.016;21.20667;0.000652078140896444;0.910729256253165
750.116;21.21334;0.00065161799605041;0.910796347705406
750.21201;21.22;0.000651168362134173;0.910863439157648
750.32001;21.22667;0.000650726076957563;0.910896984883769
750.41901;21.23334;0.000650285190513066;0.910964222823897
750.512;21.24;0.000649847084943425;0.910997768550018
750.611;21.24667;0.000649414512087954;0.911031314276138
750.71299;21.25334;0.000648987427205789;0.91109840572838
750.81101;21.26;0.000648560214441833;0.9111319514545
750.91199;21.26667;0.000648132937818832;0.911232588632862
751.00599;21.27334;0.000647712526384449;0.911299826572991
751.11799;21.28;0.000647300342589967;0.911299826572991
751.20701;21.28667;0.000646890651601038;0.911333372299111
751.31199;21.29334;0.000646487598677338;0.911400463751353
751.40601;21.3;0.000646088251741183;0.911434009477473
751.51301;21.30667;0.000645693985004222;0.911467555203594
751.61701;21.31334;0.000645307553696607;0.911501100929715
751.71;21.32;0.000644921965397639;0.911601738108077
751.809;21.32667;0.000644537413005035;0.911702521774326
751.905;21.33334;0.000644156756025466;0.911769613226567
752.00699;21.34;0.000643779970269598;0.911870250404929
752.10401;21.34667;0.000643404119047051;0.911971034071178
752.20499;21.35334;0.000643036365694571;0.911971034071178
752.30201;21.36;0.000642673789618738;0.911971034071178
752.4;21.36667;0.000642309251824458;0.911971034071178
752.50501;21.37334;0.000641950028245692;0.912004579797299
752.60401;21.38;0.000641597602110024;0.912004579797299
752.69901;21.38667;0.000641250441122433;0.91203812552342
752.79999;21.39334;0.000640913787346807;0.91207167124954
752.89799;21.4;0.000640581408074106;0.912138762701782
753.00001;21.40667;0.000640242851182855;0.912172308427902
753.10401;21.41334;0.000639896564690662;0.912272945606264
753.19599;21.42;0.000639550372525905;0.912440820724755
753.30701;21.42667;0.000639206149784661;0.912541457903117
753.396;21.43334;0.000638868228699559;0.912675787295486
753.50001;21.44;0.000638545284926889;0.912742878747728
753.59;21.44667;0.000638232758171341;0.91284351592609
753.69199;21.45334;0.000637923197790596;0.912944153104452
753.797;21.46;0.000637616732152221;0.91301139104458
753.88901;21.46667;0.000637314856415959;0.913078482496822
753.99399;21.47334;0.000637011738221949;0.913179119675184
754.098;21.48;0.000636708891210783;0.913246211127425
754.19099;21.48667;0.00063640780793631;0.913346994793674
754.28599;21.49334;0.000636108558782343;0.913414086245915
754.38901;21.5;0.000635815428727719;0.913481177698157
754.49;21.50667;0.000635521058115255;0.913581814876519
754.57801;21.51334;0.00063522842883623;0.913682598542768
754.68699;21.52;0.000634941814761438;0.91378323572113
754.79001;21.52667;0.00063465955306253;0.913816781447251
754.88099;21.53334;0.000634380214547397;0.913917418625613
754.98801;21.54;0.000634105308906257;0.914018202291862
755.08399;21.54667;0.000633845903661029;0.914085293744103
755.176;21.55334;0.000633589704591328;0.914185930922465
755.275;21.56;0.000633329556770592;0.914219476648586
755.36399;21.56667;0.0006330631755821;0.914286568100827
755.47999;21.57334;0.000632789882939699;0.914353806040956
755.57499;21.58;0.000632520188225846;0.914387351767076
755.672;21.58667;0.000632252519412166;0.914454443219317
755.779;21.59334;0.000631993921799572;0.91455508039768
755.874;21.6;0.000631744259683688;0.914622171849921
755.973;21.60667;0.000631499187039158;0.914689409790049
756.07499;21.61334;0.000631258802082848;0.914790046968411
756.172;21.62;0.000631020178452699;0.914823592694532
756.26401;21.62667;0.000630783172104615;0.914957775599015
756.36799;21.63334;0.000630546368714976;0.915092104991384
756.46799;21.64;0.000630312760129402;0.915226287895867
756.57099;21.64667;0.000630080590214604;0.915327071562116
756.67399;21.65334;0.000629856596721298;0.915427708740478
756.76401;21.66;0.0006296391758559;0.915461254466599
756.87198;21.66667;0.000629419795632019;0.915461254466599
756.96601;21.67334;0.000629201549380424;0.915461254466599
757.06299;21.68;0.000628983034558873;0.915461254466599
757.16001;21.68667;0.00062876853198742;0.915427708740478
757.26099;21.69334;0.000628554980063878;0.915427708740478
757.365;21.7;0.000628340954877535;0.915461254466599
757.46799;21.70667;0.000628130936488466;0.915494800192719
757.55799;21.71334;0.00062792349078566;0.915494800192719
757.66199;21.72;0.000627719885773368;0.91552834591884
757.76499;21.72667;0.000627518353901861;0.915561891644961
757.85499;21.73334;0.000627315952450589;0.915595437371082
757.96299;21.74;0.000627118683404594;0.915628983097202
758.059;21.74667;0.000626923590219314;0.91566267531121
758.154;21.75334;0.000626727515971149;0.915696221037331
758.25901;21.76;0.000626536160121774;0.915729766763451
758.35901;21.76667;0.000626352176511106;0.915796858215693
758.461;21.77334;0.000626170993197931;0.915830403941813
758.555;21.78;0.000625989834262492;0.915863949667934
758.642;21.78667;0.000625805869092239;0.915897495394055
758.75599;21.79334;0.000625616578298867;0.915964586846296
758.85499;21.8;0.000625428180055988;0.915998279060304
758.95399;21.80667;0.000625243414461734;0.916031824786424
759.05302;21.81334;0.000625063291705603;0.916065370512545
759.15699;21.82;0.000624886168881999;0.916132461964786
759.253;21.82667;0.000624710709966446;0.916166007690907
759.34901;21.83334;0.000624535463818749;0.916166007690907
759.456;21.84;0.000624361802517185;0.916233099143148
759.555;21.84667;0.000624189793870863;0.916266644869269
759.65601;21.85334;0.000624018084464279;0.916333882809398
759.74698;21.86;0.000623846515366463;0.916400974261639
759.848;21.86667;0.000623674727818968;0.91646806571388
759.94999;21.87334;0.000623505349390277;0.916501611440001
760.04801;21.88;0.000623336926388119;0.916535157166122
760.142;21.88667;0.000623168111267756;0.916602248618363
760.25199;21.89334;0.000623000349602692;0.916669486558491
760.344;21.9;0.000622835200905465;0.916736578010733
760.448;21.90667;0.00062267283118617;0.916803669462974
760.54999;21.91334;0.000622514702178414;0.916837215189095
760.646;21.92;0.00062236228305299;0.916904306641336
760.736;21.92667;0.00062221683926346;0.916971398093577
760.84199;21.93334;0.000622069413834489;0.917038636033706
760.93601;21.94;0.000621915693517793;0.917139273212068
761.03501;21.94667;0.000621761568535905;0.917172818938188
761.13499;21.95334;0.000621608602625071;0.91723991039043
761.24;21.96;0.000621456768945443;0.917273456116551
761.33701;21.96667;0.000621305904402918;0.917374239782799
761.43699;21.97334;0.000621155956111256;0.917441331235041
761.54001;21.98;0.000621005398398165;0.917508422687282
761.637;21.98667;0.00062085708722339;0.917609059865644
761.73499;21.99334;0.000620715284295615;0.917709843531893
761.83701;22;0.000620579555467354;0.917810480710255
761.93101;22.00667;0.000620445139870258;0.917844026436376
762.029;22.01334;0.000620309110612709;0.917944663614738
762.133;22.02;0.000620167403828633;0.918011901554866
762.23099;22.02667;0.000620017614342956;0.918112538733228
762.33701;22.03334;0.000619867333354816;0.918146084459349
762.43201;22.04;0.00061971801735179;0.91821317591159
762.53901;22.04667;0.000619572413794318;0.918246721637711
762.63001;22.05334;0.000619431648486624;0.91834750530396
762.72101;22.06;0.000619288269115827;0.918381051030081
762.82099;22.06667;0.000619145142076335;0.918414596756202
762.92399;22.07334;0.000619002212172201;0.918481688208443
763.02399;22.08;0.000618859458938071;0.918515233934564
763.13499;22.08667;0.000618716719986186;0.918582325386805
763.22199;22.09334;0.000618572320063491;0.918615871112926
763.323;22.1;0.000618427752575622;0.918750200505295
763.422;22.10667;0.000618290295759922;0.918817291957537
763.52299;22.11334;0.000618155377375463;0.918884383409778
763.62601;22.12;0.00061801578208306;0.918951474862019
763.719;22.12667;0.000617874605484498;0.918985167076027
763.814;22.13334;0.000617733311306536;0.919085804254389
763.92802;22.14;0.000617591889747872;0.919152895706631
764.01401;22.14667;0.000617448790658002;0.919219987158872
764.12198;22.15334;0.000617306865349531;0.919287078611113
764.21299;22.16;0.000617164703496379;0.919354316551242
764.32401;22.16667;0.000617020761120668;0.919387862277362
764.413;22.17334;0.000616877787525352;0.919488499455724
764.52299;22.18;0.000616735776195881;0.919589136634086
764.61399;22.18667;0.000616591779568542;0.919757011752577
764.711;22.19334;0.000616445743841393;0.91992474038318
764.81101;22.2;0.000616299264939013;0.92005906977555
764.913;22.20667;0.000616153929294247;0.920193252680033
765.01099;22.21334;0.000616008293667809;0.920327582072402
765.111;22.22;0.000615862111471538;0.920361127798523
765.20801;22.22667;0.000615719456946089;0.920428219250764
765.30701;22.23334;0.000615577271562436;0.920428219250764
765.408;22.24;0.000615434058829975;0.920495310703006
765.517;22.24667;0.00061528979129911;0.920595947881368
765.60001;22.25334;0.000615138838233031;0.920696731547617
765.71;22.26;0.000614980225134489;0.920730277273737
765.80601;22.26667;0.000614821434934364;0.9208309144521
765.90201;22.27334;0.000614657863717149;0.92086446017822
765.995;22.28;0.000614492032684304;0.920965097356582
766.10001;22.28667;0.000614330891563977;0.92099878957059
766.19501;22.29334;0.000614168538669547;0.92099878957059
766.29499;22.3;0.000614005034782495;0.921065881022831
766.40299;22.30667;0.000613840338192348;0.921099426748952
766.503;22.31334;0.000613674701474561;0.921166518201193
766.60001;22.32;0.000613511297935225;0.921233609653435
766.70701;22.32667;0.000613347180258291;0.921267155379555
766.79899;22.33334;0.000613180782233573;0.921334393319684
766.90699;22.34;0.000613014870057253;0.921367939045804
766.99799;22.34667;0.00061284649834873;0.921535667676408
767.09501;22.35334;0.000612678513722133;0.92163630485477
767.19001;22.36;0.00061251229118243;0.921703542794898
767.292;22.36667;0.000612344775132067;0.921938362877743
767.39701;22.37334;0.000612177100523757;0.922039146543992
767.49299;22.38;0.000612006248511873;0.922139783722354
767.594;22.38667;0.000611832398682307;0.922206875174595
767.69099;22.39334;0.000611661430894456;0.922273966626837
767.79099;22.4;0.000611489030826762;0.922307512352957
767.88499;22.40667;0.000611313986297197;0.922307512352957
767.99201;22.41334;0.000611136275587427;0.922341204566965
768.09101;22.42;0.000610955657825714;0.922408296019206
768.197;22.42667;0.000610775002355684;0.922475387471448
768.29301;22.43334;0.000610592879338945;0.922542478923689
768.39301;22.44;0.000610407758147979;0.92257602464981
768.48701;22.44667;0.00061022242173906;0.92260957037593
768.58701;22.45334;0.000610035324523538;0.922643116102051
768.68799;22.46;0.000609847952511412;0.922710354042179
768.79001;22.46667;0.000609658888579698;0.9227438997683
768.88801;22.47334;0.000609463692998015;0.922911628398904
768.982;22.48;0.000609272575612987;0.922978719851145
769.07999;22.48667;0.00060907990853347;0.923113049243515
769.18799;22.49334;0.000608882772347506;0.923213686421877
769.28699;22.5;0.000608686765513181;0.923247232147997
769.38099;22.50667;0.000608486042191675;0.923280777874118
769.482;22.51334;0.000608282191312467;0.923247232147997
769.57801;22.52;0.00060807812043642;0.923247232147997
769.67802;22.52667;0.000607867772158947;0.923280777874118
769.78101;22.53334;0.000607659508512068;0.923314323600239
769.87299;22.54;0.000607456020415961;0.923348015814246
769.97999;22.54667;0.000607248574037884;0.923415107266488
770.07899;22.55334;0.000607037270284311;0.923482198718729
770.18101;22.56;0.000606823642438934;0.923549290170971
770.28599;22.56667;0.000606603472802258;0.923616381623212
770.374;22.57334;0.000606377052488589;0.923649927349332
770.47401;22.58;0.000606147489555261;0.92368361956334
770.57899;22.58667;0.00060591485744567;0.92368361956334
770.67701;22.59334;0.000605681903948485;0.923717165289461
770.771;22.6;0.000605448393929586;0.923750711015582
770.87198;22.60667;0.000605215708297806;0.923817802467823
770.97401;22.61334;0.000604979394063508;0.923851348193944
771.072;22.62;0.000604740956140293;0.923918439646185
771.17301;22.62667;0.000604503382014444;0.923951985372306
771.267;22.63334;0.000604262329809469;0.924019223312434
771.37;22.64;0.000604019207233997;0.924052769038555
771.473;22.64667;0.000603776808001318;0.924086314764675
771.56699;22.65334;0.000603535009272676;0.924153406216917
771.671;22.66;0.000603292104778264;0.924186951943037
771.75501;22.66667;0.000603043683475141;0.924220497669158
771.86301;22.67334;0.000602792860180612;0.92432113484752
771.956;22.68;0.000602539863179764;0.924354827061528
772.06101;22.68667;0.000602283296958007;0.924421918513769
772.15699;22.69334;0.000602024551914419;0.92445546423989
772.262;22.7;0.000601760838194668;0.924522555692131
772.36201;22.70667;0.000601495161164805;0.924556101418252
772.465;22.71334;0.000601230305600195;0.924656738596614
772.56101;22.72;0.000600960359241273;0.924690430810622
772.654;22.72667;0.000600685420359668;0.924757522262863
772.754;22.73334;0.000600409887843757;0.924791067988984
772.85599;22.74;0.00060013364671558;0.924925250893466
772.95801;22.74667;0.000599856571808826;0.925026034559715
773.05399;22.75334;0.000599578556016018;0.925126671738077
773.16199;22.76;0.000599299634331611;0.925160217464198
773.25599;22.76667;0.00059901699874582;0.92526085464256
773.35499;22.77334;0.000598733658241398;0.925294400368681
773.45499;22.78;0.00059844965129971;0.925361638308809
773.55302;22.78667;0.000598162075305993;0.92542872976105
773.654;22.79334;0.000597871148149317;0.92542872976105
773.754;22.8;0.000597578510383811;0.92542872976105
773.852;22.80667;0.000597280941438222;0.92542872976105
773.95701;22.81334;0.000596983598765425;0.92539518403493
774.059;22.82;0.000596686194768062;0.92542872976105
774.154;22.82667;0.000596384442017254;0.925462275487171
774.24399;22.83334;0.000596081348144454;0.925462275487171
774.352;22.84;0.000595769833403541;0.925529366939413
774.448;22.84667;0.000595448722966569;0.925562912665533
774.542;22.85334;0.000595128554202795;0.925630004117775
774.64899;22.86;0.000594811142540777;0.925663549843895
774.73899;22.86667;0.000594490667078925;0.925730787784024
774.844;22.87334;0.000594172730488697;0.925797879236265
774.943;22.88;0.000593855958065833;0.925864970688506
775.042;22.88667;0.000593534446514916;0.925932062140748
775.13401;22.89334;0.000593212304485215;0.925999153592989
775.249;22.9;0.000592886761044556;0.926066391533117
775.34299;22.90667;0.000592556417421684;0.926099937259238
775.44401;22.91334;0.000592226996010136;0.926167028711479
775.54401;22.92;0.000591894333643226;0.926267665889841
775.642;22.92667;0.000591557042371254;0.926301211615962
775.741;22.93334;0.000591220823474969;0.92636844955609
775.84;22.94;0.000590882897277337;0.926401995282211
775.93699;22.94667;0.000590541778084981;0.926502632460573
776.03699;22.95334;0.00059020167095999;0.926536178186694
776.137;22.96;0.00058985992511611;0.926636815365056
776.23899;22.96667;0.00058951666156329;0.926771144757426
776.33399;22.97334;0.000589174585761263;0.926905327661908
776.43601;22.98;0.000588829227937241;0.92700596484027
776.52799;22.98667;0.000588477705629107;0.92714029423264
776.63099;22.99334;0.000588126060646393;0.927240931411002
776.73701;23;0.000587774433260756;0.927308022863243
776.83799;23.00667;0.000587421341072853;0.927341568589364
776.934;23.01334;0.000587060880123463;0.927341568589364
777.034;23.02;0.000586692959993619;0.927375260803372
777.13499;23.02667;0.000586326409456614;0.927408806529493
777.23099;23.03334;0.000585961216883145;0.927475897981734
777.32401;23.04;0.000585594386157955;0.927509443707855
777.43201;23.04667;0.000585224422818731;0.927610080886217
777.529;23.05334;0.000584852721476453;0.927643626612337
777.629;23.06;0.000584485121114657;0.927677172338458
777.72401;23.06667;0.000584115722412321;0.927744410278586
777.818;23.07334;0.000583741629733066;0.927811501730828
777.92301;23.08;0.000583365999603849;0.927878593183069
778.029;23.08667;0.000582986048576005;0.92791213890919
778.12501;23.09334;0.000582606193527464;0.928012922575439
778.223;23.1;0.000582226450896022;0.928046468301559
778.322;23.10667;0.000581845232612988;0.928113559753801
778.421;23.11334;0.000581462559775173;0.928180651206042
778.51499;23.12;0.000581077157521772;0.928214196932163
778.62299;23.12667;0.000580689037067961;0.928281288384404
778.72501;23.13334;0.000580302515946462;0.928348526324532
778.82099;23.14;0.000579921722340114;0.928382072050653
778.917;23.14667;0.000579540560065138;0.928449163502895
779.017;23.15334;0.000579154756353146;0.928482709229015
779.116;23.16;0.000578767287886966;0.928549800681257
779.21299;23.16667;0.000578378185249026;0.928684130073626
779.31501;23.17334;0.00057798337727431;0.928784767251988
779.41599;23.18;0.000577584633200611;0.928818312978109
779.516;23.18667;0.000577186487735574;0.92888540443035
779.62299;23.19334;0.000576788962130856;0.928952495882592
779.72001;23.2;0.000576390597006587;0.92901973382272
779.80799;23.20667;0.000575992808150982;0.929086825274961
779.91901;23.21334;0.000575593997217235;0.929120371001082
780.01499;23.22;0.000575194217673625;0.929187462453324
780.11701;23.22667;0.000574796522688853;0.929288099631686
780.20499;23.23334;0.000574395015005257;0.929321645357806
780.30399;23.24;0.000573991136072978;0.929422429024055
780.41501;23.24667;0.000573587929589065;0.929489520476297
780.51099;23.25334;0.000573184135238618;0.929590157654659
780.60901;23.26;0.000572777000853923;0.929690941320908
780.70801;23.26667;0.000572369354191731;0.929758032773149
780.805;23.27334;0.000571964005960703;0.92979157849927
780.908;23.28;0.000571556578979677;0.929858669951511
781.008;23.28667;0.00057114851074147;0.929925761403752
781.10999;23.29334;0.000570739821424174;0.930026545070001
781.21;23.3;0.000570330553353786;0.930093636522243
781.296;23.30667;0.000569922137039471;0.930127182248364
781.396;23.31334;0.000569515888454413;0.930160727974484
781.50599;23.32;0.000569108860578462;0.930227819426725
781.60999;23.32667;0.00056869817872726;0.930261365152846
781.71799;23.33334;0.00056828535999712;0.930328456605088
781.801;23.34;0.0005678748867093;0.930395694545216
781.9;23.34667;0.000567463886046207;0.930429240271337
781.99299;23.35334;0.000567047954415723;0.930462785997457
782.09699;23.36;0.000566626914593639;0.930496331723578
782.20099;23.36667;0.00056620358697605;0.930563423175819
782.29499;23.37334;0.000565782383249665;0.930630514628061
782.395;23.38;0.000565359004668438;0.930664060354181
782.49399;23.38667;0.000564934969078093;0.93073129829431
782.59501;23.39334;0.000564513076731917;0.93073129829431
782.70099;23.4;0.000564093471268695;0.930798389746551
782.80601;23.40667;0.000563674975174589;0.930831935472672
782.896;23.41334;0.000563254696396656;0.930899026924913
782.99799;23.42;0.000562835596492515;0.930932572651034
783.10499;23.42667;0.000562417702287626;0.930932572651034
783.198;23.43334;0.000561999410700701;0.930966118377154
783.29801;23.44;0.000561583575768917;0.931033356317283
783.396;23.44667;0.000561164410313123;0.931133993495645
783.499;23.45334;0.000560739131273775;0.931301722126248
783.59199;23.46;0.000560311009388155;0.931402505792497
783.698;23.46667;0.000559881764371001;0.931503142970859
783.792;23.47334;0.0005594528866658;0.931637325875342
783.88801;23.48;0.000559024383647882;0.931738109541591
783.98701;23.48667;0.000558597664744804;0.931771655267712
784.081;23.49334;0.000558171207488631;0.931805200993832
784.19401;23.5;0.000557745020440986;0.931838746719953
784.292;23.50667;0.000557322017982208;0.931838746719953
784.392;23.51334;0.000556896378193066;0.931872292446074
784.48301;23.52;0.00055646951589144;0.931939383898315
784.58399;23.52667;0.000556047257009492;0.931972929624436
784.69501;23.53334;0.000555631002978743;0.932006475350557
784.779;23.54;0.000555213356833026;0.932040167564564
784.887;23.54667;0.000554792935638019;0.932107259016806
784.98301;23.55334;0.000554374163874552;0.932140804742926
785.08201;23.56;0.000553955578205378;0.932174350469047
785.176;23.56667;0.000553538706290447;0.932207896195168
785.27402;23.57334;0.000553119025996168;0.932274987647409
785.38199;23.58;0.000552699267432241;0.93230853337353
785.48002;23.58667;0.000552281053445874;0.932375771313658
785.57603;23.59334;0.000551860203017076;0.932409317039779
785.66801;23.6;0.000551441154401005;0.932442862765899
785.77299;23.60667;0.000551025311213323;0.932509954218141
785.87198;23.61334;0.000550616681780668;0.932543499944261
785.97397;23.62;0.000550210806750999;0.932577045670382
786.07603;23.62667;0.000549797813012937;0.932644137122623
786.16398;23.63334;0.000549383771321832;0.932711375062752
786.275;23.64;0.000548968930722529;0.932778466514993
786.36899;23.64667;0.000548551897504243;0.932845557967234
786.47397;23.65334;0.000548136889579032;0.932912649419476
786.564;23.66;0.000547720925115246;0.932979740871717
786.67197;23.66667;0.000547302502417013;0.933013286597838
786.77402;23.67334;0.000546887542862762;0.933080524537966
786.86698;23.68;0.00054647325430652;0.933147615990208
786.96897;23.68667;0.000546055231759778;0.93324825316857
787.06998;23.69334;0.000545639183030066;0.933315344620811
787.17301;23.7;0.000545225114946907;0.933382582560939
787.27097;23.70667;0.000544813034511528;0.933449674013181
787.36802;23.71334;0.000544404339037055;0.933583856917663
787.47098;23.72;0.00054399194994735;0.933684494096025
787.57297;23.72667;0.00054357899581509;0.933718186310033
787.66898;23.73334;0.000543169778890953;0.933852369214516
787.767;23.74;0.00054276130163181;0.933885914940637
787.861;23.74667;0.000542350665478481;0.933986552118999
787.95902;23.75334;0.000541936236971249;0.934053790059127
788.05399;23.76;0.000541526530623078;0.934087335785248
788.16398;23.76667;0.000541121454668735;0.934120881511368
788.25699;23.77334;0.00054071215046306;0.93418797296361
788.35203;23.78;0.000540304452781283;0.93422151868973
788.45603;23.78667;0.000539901400484211;0.934288610141972
788.55302;23.79334;0.000539495980817984;0.934355701594213
788.655;23.8;0.000539088636363245;0.934389393808221
788.75199;23.80667;0.000538684003179136;0.934422939534341
788.85502;23.81334;0.000538280565936061;0.934490030986583
788.95298;23.82;0.000537878230011921;0.934523576712703
789.05601;23.82667;0.000537477007073852;0.934523576712703
789.155;23.83334;0.000537075272490316;0.934590668164945
789.254;23.84;0.000536677235761599;0.934624213891065
789.34897;23.84667;0.000536279997606105;0.934691305343307
789.46299;23.85334;0.000535884958038158;0.934892726187918
789.551;23.86;0.000535496238905734;0.935026909092401
789.66099;23.86667;0.000535107837717648;0.93512769275865
789.75602;23.87334;0.000534718379767296;0.935261875663132
789.85599;23.88;0.000534329522221355;0.935328967115374
789.95298;23.88667;0.000533939988071242;0.935328967115374
790.05302;23.89334;0.000533551197740377;0.935362512841494
790.14701;23.9;0.000533161686999597;0.935362512841494
790.24698;23.90667;0.000532773079289884;0.935362512841494
790.35001;23.91334;0.000532382352995177;0.935362512841494
790.45499;23.92;0.000531987710486566;0.935396205055502
790.54801;23.92667;0.000531599394882198;0.935429750781623
790.65897;23.93334;0.000531213296121514;0.935463296507744
790.74497;23.94;0.000530825122877846;0.935496842233864
790.85001;23.94667;0.000530437697597866;0.935530387959985
790.94602;23.95334;0.000530053825416797;0.935597479412226
791.04502;23.96;0.000529672127841263;0.935631025138347
791.14799;23.96667;0.000529286906091788;0.935698116590588
791.24601;23.97334;0.00052890257291274;0.935731808804596
791.34501;23.98;0.000528524980276706;0.935765354530717
791.447;23.98667;0.000528146931719723;0.935798900256837
791.54301;23.99334;0.000527765409854672;0.935832445982958
791.645;24;0.00052738475248097;0.935899537435199
791.74003;24.00667;0.000527008194897027;0.93593308316132
791.84397;24.01334;0.000526632951769998;0.935966628887441
791.93601;24.02;0.000526256019820266;0.936000174613561
792.038;24.02667;0.00052588031586229;0.936033720339682
792.13798;24.03334;0.000525508651901118;0.93610095827981
792.241;24.04;0.000525139545518523;0.93610095827981
792.32999;24.04667;0.000524768713021314;0.93610095827981
792.43802;24.05334;0.000524400461021031;0.93606741255369
792.533;24.06;0.0005240334153268;0.936033720339682
792.63798;24.06667;0.000523669107158154;0.936033720339682
792.73099;24.07334;0.0005233087337683;0.936033720339682
792.83597;24.08;0.000522949223582846;0.936033720339682
792.93302;24.08667;0.000522589210745324;0.936033720339682
793.03202;24.09334;0.000522228813301903;0.936134504005931
793.129;24.1;0.000521866772309848;0.936134504005931
793.23197;24.10667;0.000521501919796932;0.936168049732052
793.32798;24.11334;0.00052113736817667;0.936168049732052
793.42899;24.12;0.000520776140330162;0.936201595458172
793.53098;24.12667;0.000520416952188033;0.936235141184293
793.62498;24.13334;0.000520056889276793;0.936268686910414
793.728;24.14;0.000519701548838875;0.936335778362655
793.82902;24.14667;0.00051934480049771;0.936369324088776
793.93101;24.15334;0.000518984894524567;0.936403016302784
794.02903;24.16;0.000518629154456175;0.936436562028904
794.124;24.16667;0.000518274674280552;0.936503653481146
794.23099;24.17334;0.000517919798479321;0.936570744933387
794.327;24.18;0.000517568949692658;0.936637836385628
794.42197;24.18667;0.000517223861994906;0.936637836385628
794.52701;24.19334;0.000516880322216858;0.936738620051877
794.62198;24.2;0.000516538344079671;0.936805711504119
794.728;24.20667;0.000516200850475098;0.93687280295636
794.81998;24.21334;0.000515864953589897;0.936939894408601
794.91801;24.22;0.000515529291672108;0.936973440134722
795.012;24.22667;0.000515193878595648;0.937040531586963
795.11698;24.23334;0.00051486152278528;0.937107769527092
795.21299;24.24;0.000514530752653763;0.937141315253212
795.31901;24.24667;0.000514200182441689;0.937208406705454
795.41599;24.25334;0.00051387434137365;0.937275498157695
795.51902;24.26;0.000513553379492706;0.937376135336057
795.61198;24.26667;0.000513232916105041;0.937409827550065
795.71403;24.27334;0.000512910066483386;0.937476919002306
795.81498;24.28;0.000512590680814359;0.937544010454547
795.92002;24.28667;0.000512273178362087;0.937611101906789
796.01298;24.29334;0.000511957469323041;0.93764464763291
796.11301;24.3;0.000511644986064202;0.937711739085151
796.215;24.30667;0.000511334247290697;0.9378125227514
796.31101;24.31334;0.00051102236746;0.937946705655883
796.41202;24.32;0.000510709387026614;0.938047342834245
796.512;24.32667;0.000510401148812868;0.938148126500494
796.60898;24.33334;0.000510097665555868;0.938248763678856
796.70798;24.34;0.000509794560952924;0.938349400857218
796.81699;24.34667;0.000509493261581895;0.938383093071226
796.908;24.35334;0.000509193895079072;0.938450184523467
797.004;24.36;0.000508896618245254;0.938450184523467
797.10502;24.36667;0.000508602871740948;0.938450184523467
797.20603;24.37334;0.000508309665687476;0.938450184523467
797.30802;24.38;0.000508022859074985;0.938483730249588
797.39799;24.38667;0.000507738287985354;0.938550821701829
797.50303;24.39334;0.000507453200943846;0.93858436742795
797.60398;24.4;0.000507170555770991;0.93861791315407
797.70603;24.40667;0.000506890285318677;0.938685004606312
797.80198;24.41334;0.000506615221050807;0.938718696820319
797.90098;24.42;0.000506342626845772;0.938785788272561
798.00199;24.42667;0.000506071044297638;0.938852879724802
798.098;24.43334;0.000505803209032873;0.938886425450923
798.20701;24.44;0.000505539183481999;0.938919971177043
798.29899;24.44667;0.000505274811439303;0.938987062629285
798.40299;24.45334;0.000505013156798537;0.939020608355405
798.50602;24.46;0.000504755686392901;0.939087846295534
798.60001;24.46667;0.000504499422440339;0.939121392021654
798.69999;24.47334;0.000504242894740788;0.939188483473896
798.79301;24.48;0.000503989185419697;0.939222029200016
798.89701;24.48667;0.000503739942283054;0.939289120652258
798.99399;24.49334;0.000503495208031427;0.939322666378379
799.10099;24.5;0.000503255037358884;0.939389904318507
799.19401;24.50667;0.000503016780630791;0.939456995770748
799.296;24.51334;0.000502782001327625;0.93952408722299
799.39799;24.52;0.00050254914144455;0.939591178675231
799.49998;24.52667;0.000502321155893326;0.939658270127472
799.60001;24.53334;0.000502096690733398;0.939759053793721
799.69999;24.54;0.000501877099578436;0.939859690972083
799.79801;24.54667;0.00050166222373812;0.939926782424325
799.9;24.55334;0.000501449315845498;0.939960328150446
799.99601;24.56;0.000501240061738595;0.940027419602687
800.08597;24.56667;0.00050103462900416;0.940061111816694
800.19602;24.57334;0.000500834574290502;0.940128203268936
800.29899;24.58;0.0005006398565151;0.940161748995057
800.39402;24.58667;0.000500447636816081;0.940228840447298
800.49802;24.59334;0.000500257975190561;0.940295931899539
800.58701;24.6;0.000500072346999092;0.94032947762566
800.69303;24.60667;0.000499887892897581;0.940396715565788
800.79099;24.61334;0.00049970895885;0.94046380701803
800.88901;24.62;0.000499536910234656;0.940530898470271
800.98398;24.62667;0.000499373107409194;0.940564444196392
801.08799;24.63334;0.000499215993256301;0.940665081374754
801.17899;24.64;0.000499061259754219;0.940698627100874
801.28599;24.64667;0.000498909086540789;0.940765865041003
801.38499;24.65334;0.000498761048473985;0.940765865041003
801.48899;24.66;0.000498613030053765;0.940832956493244
801.58201;24.66667;0.000498465300452006;0.940900047945485
801.671;24.67334;0.000498319420728344;0.940933593671606
801.77903;24.68;0.000498178336563677;0.941000685123847
801.88199;24.68667;0.000498046287658394;0.941034230849968
801.98002;24.69334;0.000497917174065225;0.941101468790097
802.07798;24.7;0.0004977895337564;0.941135014516217
802.17399;24.70667;0.00049766641601824;0.941202105968458
802.27097;24.71334;0.000497547850995684;0.941235651694579
802.37101;24.72;0.000497433877791223;0.94140352681307
802.47098;24.72667;0.000497323019838769;0.941504163991432
802.57401;24.73334;0.000497213993498056;0.941638346895914
802.67502;24.74;0.000497112856599868;0.941705438348156
802.78098;24.74667;0.000497019634937145;0.941839767740525
802.88297;24.75334;0.000496932949941913;0.941906859192767
802.98197;24.76;0.000496852847869133;0.941940404918888
803.07297;24.76667;0.000496774944291119;0.941973950645008
803.17899;24.77334;0.000496700673091495;0.942007496371129
803.28397;24.78;0.000496632978328873;0.942074734311257
803.38199;24.78667;0.000496574678639132;0.942108280037378
803.47397;24.79334;0.0004965225753516;0.942175371489619
803.56699;24.8;0.000496472430127115;0.94220891721574
803.671;24.80667;0.000496432988836968;0.942242462941861
803.77097;24.81334;0.000496398151304387;0.942309554394102
803.87198;24.82;0.000496362288600539;0.942376645846343
803.97397;24.82667;0.000496330046076271;0.942443883786472
804.06901;24.83334;0.000496301549213068;0.942477429512592
804.16801;24.84;0.000496276929932013;0.942510975238713
804.26603;24.84667;0.000496254912632427;0.942510975238713
804.374;24.85334;0.000496238518645308;0.942510975238713
804.47397;24.86;0.000496230543901761;0.942578066690954
804.57102;24.86667;0.000496229378003172;0.942611612417075
804.66801;24.87334;0.000496233511611931;0.942645158143196
804.77701;24.88;0.000496241573566991;0.942678703869317
804.86698;24.88667;0.000496253682767122;0.942745941809445
804.96598;24.89334;0.000496272838351918;0.942779487535565
805.06699;24.9;0.000496300566079991;0.942846578987807
805.16599;24.90667;0.000496332452899932;0.942846578987807
805.27097;24.91334;0.000496374082855597;0.942913670440048
805.366;24.92;0.000496422378057437;0.94298076189229
805.46598;24.92667;0.000496475967143517;0.942947216166169
805.56498;24.93334;0.000496536354510916;0.94298076189229
805.66099;24.94;0.000496596353806611;0.94301430761841
805.75999;24.94667;0.000496659094276326;0.943047853344531
805.85398;24.95334;0.000496721751269807;0.943081545558539
805.96;24.96;0.000496788722430784;0.943115091284659
806.06101;24.96667;0.000496868817442217;0.94314863701078
806.16099;24.97334;0.000496956190888196;0.943282819915263
806.26401;24.98;0.000497046319798377;0.943316365641383
806.35001;24.98667;0.000497144890467772;0.943383457093625
806.45701;24.99334;0.000497250365200938;0.943417149307632
806.55601;25;0.000497359729644579;0.943484240759874
806.66001;25.00667;0.000497477391039159;0.943517786485994
806.75602;25.01334;0.000497599137939668;0.943584877938236
806.85898;25.02;0.000497723564384256;0.943618423664356
806.96201;25.02667;0.000497852147788885;0.943685515116598
807.059;25.03334;0.000497984843334097;0.943719060842719
807.155;25.04;0.000498125936509355;0.943819844508967
807.26603;25.04667;0.00049827539274667;0.943853390235088
807.35203;25.05334;0.000498430279976156;0.943920481687329
807.45701;25.06;0.000498589082405808;0.943987573139571
807.53898;25.06667;0.00049875316633371;0.944021118865692
807.64799;25.07334;0.000498925515338853;0.944054664591812
807.74998;25.08;0.000499104816954123;0.94408835680582
807.85398;25.08667;0.000499289748486514;0.944155448258061
807.95103;25.09334;0.000499483313279331;0.944155448258061
808.04301;25.1;0.000499679578259119;0.944222539710303
808.15098;25.10667;0.00049987991887972;0.944256085436423
808.254;25.11334;0.000500088613390994;0.944323176888665
808.34397;25.12;0.00050029962140235;0.944323176888665
808.44797;25.12667;0.000500517318805609;0.944356722614785
808.54099;25.13334;0.000500740374434056;0.944390268340906
808.65403;25.14;0.000500965754071124;0.944423960554914
808.754;25.14667;0.000501197725266616;0.944457506281035
808.848;25.15334;0.000501434734927807;0.944491052007155
808.94602;25.16;0.000501676651705651;0.944524597733276
809.04899;25.16667;0.000501923531827226;0.944591689185517
809.14402;25.17334;0.000502175428362313;0.944625234911638
809.25699;25.18;0.000502435113102252;0.944692326363879
809.348;25.18667;0.000502700823973638;0.94472587209
809.44602;25.19334;0.000502969498791369;0.944793110030128
809.54502;25.2;0.000503241327890392;0.944826655756249
809.642;25.20667;0.000503517875124898;0.94486020148237
809.749;25.21334;0.000503797576319909;0.94489374720849
809.84202;25.22;0.00050408039160264;0.94489374720849
809.93802;25.22667;0.000504370667225535;0.944927292934611
810.033;25.23334;0.000504662626253781;0.944927292934611
810.13297;25.24;0.000504953412527924;0.944927292934611
810.23502;25.24667;0.000505248759892385;0.944927292934611
810.34299;25.25334;0.000505548681804096;0.945061475839094
810.43802;25.26;0.000505854591325539;0.945128713779222
810.54398;25.26667;0.000506166197381964;0.945229350957584
810.64402;25.27334;0.000506481907079076;0.945296442409825
810.74399;25.28;0.000506804652460547;0.945363533862067
810.84;25.28667;0.000507131340855352;0.945464317528316
810.93802;25.29334;0.000507463288073103;0.945564954706678
811.04301;25.3;0.000507797518319721;0.945564954706678
811.13999;25.30667;0.000508133849076768;0.945564954706678
811.23197;25.31334;0.000508476486463916;0.945632046158919
811.33402;25.32;0.000508816405221445;0.945598500432799
811.43699;25.32667;0.000509156108552687;0.945598500432799
811.538;25.33334;0.000509501288068032;0.94566559188504
811.62998;25.34;0.000509849046560621;0.94566559188504
811.73502;25.34667;0.000510196369611876;0.94569913761116
811.83597;25.35334;0.000510547538667968;0.945766375551289
811.939;25.36;0.000510908379247863;0.945766375551289
812.03702;25.36667;0.000511271676849;0.94579992127741
812.13901;25.37334;0.000511636047575708;0.945867012729651
812.23801;25.38;0.000512001398622953;0.945867012729651
812.32999;25.38667;0.000512370412236625;0.945900558455772
812.42802;25.39334;0.00051274297982077;0.945967649908013
812.54099;25.4;0.00051311610229845;0.945967649908013
812.63499;25.40667;0.000513493774237041;0.945967649908013
812.72898;25.41334;0.000513875650920023;0.946001195634134
812.82999;25.42;0.000514258860435116;0.946001195634134
812.93003;25.42667;0.000514643429906811;0.946068287086375
813.02799;25.43334;0.000515030749121996;0.946101979300383
813.12198;25.44;0.00051541653466866;0.946101979300383
813.23099;25.44667;0.000515800899089962;0.946135525026503
813.33298;25.45334;0.000516182432092282;0.946135525026503
813.43003;25.46;0.000516563923621931;0.946269707930986
813.52598;25.46667;0.00051694803647388;0.946336799383227
813.62803;25.47334;0.000517333000623176;0.946403890835469
813.73099;25.48;0.000517721615944646;0.946471128775597
813.82297;25.48667;0.000518112363100499;0.946538220227839
813.92698;25.49334;0.000518500581475083;0.946638857406201
814.017;25.5;0.000518886151239028;0.946705948858442
814.129;25.50667;0.000519273355613509;0.946739494584563
814.22599;25.51334;0.000519663438674821;0.946840278250812
814.32499;25.52;0.000520054870806059;0.946873823976932
814.41801;25.52667;0.000520443227845918;0.946940915429174
814.525;25.53334;0.000520832687505678;0.947008006881415
814.62803;25.54;0.000521223117807893;0.947041552607536
814.72001;25.54667;0.000521611581080478;0.947108790547664
814.82603;25.55334;0.000522000852730881;0.947175881999905
814.91898;25.56;0.000522387905466385;0.947209427726026
815.02097;25.56667;0.000522774112125549;0.947276519178267
815.11899;25.57334;0.000523159221978556;0.947343610630509
815.21598;25.58;0.000523541602023673;0.94737715635663
815.32401;25.58667;0.000523922620326688;0.947444394296758
815.41898;25.59334;0.00052430212724833;0.947477940022878
815.52;25.6;0.000524679991697969;0.94754503147512
815.61698;25.60667;0.000525061789833961;0.947612122927361
815.71799;25.61334;0.000525442855443174;0.947645668653482
815.814;25.62;0.00052581434627339;0.947712760105723
815.91898;25.62667;0.000526182056798919;0.947746305831844
816.01499;25.63334;0.000526548743134328;0.947779998045852
816.11301;25.64;0.000526914275483603;0.947813543771972
816.21598;25.64667;0.000527278614692885;0.947847089498093
816.30997;25.65334;0.000527637303087663;0.947880635224214
816.40403;25.66;0.000527993123031933;0.947947726676455
816.517;25.66667;0.000528350235257642;0.947947726676455
816.61198;25.67334;0.000528701181027422;0.947981272402576
816.71702;25.68;0.00052904875636678;0.948048363854817
816.81101;25.68667;0.00052939571905499;0.948081909580938
816.91099;25.69334;0.000529739016408163;0.948115601794945
817.01102;25.7;0.000530081457289418;0.948115601794945
817.11198;25.70667;0.000530420110632636;0.948182693247187
817.20798;25.71334;0.000530752156433995;0.948216238973307
817.314;25.72;0.000531077482630029;0.948249784699428
817.41202;25.72667;0.000531400157284083;0.948316876151669
817.51499;25.73334;0.000531722958158742;0.94835042187779
817.61198;25.74;0.00053203844997735;0.948417513330032
817.71598;25.74667;0.000532341971526005;0.948451205544039
817.809;25.75334;0.000532639196025383;0.948518296996281
817.91001;25.76;0.000532934407787028;0.948551842722401
818.00999;25.76667;0.000533223045546055;0.948618934174642
818.10697;25.77334;0.000533506345852931;0.948686025626884
818.21201;25.78;0.00053378559071156;0.948753263567012
818.31101;25.78667;0.000534056227451336;0.948786809293133
818.41202;25.79334;0.000534324117303995;0.948853900745374
818.52097;25.8;0.000534589464850789;0.948954537923736
818.61399;25.80667;0.000534849236016084;0.949122413042227
818.70701;25.81334;0.000535106101882747;0.949223050220589
818.81101;25.82;0.000535355644212588;0.949357233125072
818.90702;25.82667;0.000535599265793591;0.949458016791321
819.00797;25.83334;0.000535836956743942;0.949592199695803
819.10502;25.84;0.000536068706430409;0.949692836874165
819.20103;25.84667;0.000536294303166368;0.949726382600286
819.301;25.85334;0.000536512017568937;0.949793620540414
819.4;25.86;0.000536723147493816;0.949860711992656
819.50199;25.86667;0.00053692327271556;0.949894257718776
819.59897;25.87334;0.000537116682206431;0.949961349171018
819.697;25.88;0.000537309087065299;0.950028440623259
819.80302;25.88667;0.000537497364759867;0.95006198634938
819.89402;25.89334;0.000537679580426813;0.950162770015629
819.999;25.9;0.000537855469996848;0.95022986146787
820.10001;25.90667;0.000538022244051331;0.950296952920112
820.19498;25.91334;0.000538179816196213;0.950364044372353
820.30399;25.92;0.000538330944276805;0.950431282312481
820.395;25.92667;0.000538469931877181;0.950498373764723
820.49601;25.93334;0.000538598404052071;0.950565465216964
820.598;25.94;0.000538720806069375;0.950632556669205
820.69303;25.94667;0.000538834247710834;0.950699648121447
820.79697;25.95334;0.00053893863652462;0.950733193847567
820.90098;25.96;0.000539038087577729;0.950833977513816
820.99399;25.96667;0.000539131012758859;0.950901068966058
821.09;25.97334;0.000539213024695461;0.950934614692179
821.19901;25.98;0.000539286958830843;0.950968160418299
821.30198;25.98667;0.000539355646586355;0.95103525187054
821.39902;25.99334;0.000539416108689994;0.951068797596661
821.499;26;0.000539465381363476;0.951136035536789
821.59598;26.00667;0.000539507811822549;0.95116958126291
821.69498;26.01334;0.000539541824385086;0.951203126989031
821.788;26.02;0.000539565751330219;0.951337309893514
821.89298;26.02667;0.000539582446207692;0.951370855619634
822.01298;26.03334;0.000539590439912663;0.951438093559763
822.09397;26.04;0.000539588282585445;0.951505185012004
822.19199;26.04667;0.000539577321892096;0.951538730738125
822.29398;26.05334;0.000539557395805059;0.951605822190366
822.395;26.06;0.000539528579929783;0.951639367916487
822.48899;26.06667;0.000539490822600184;0.951639367916487
822.59299;26.07334;0.000539446878689431;0.951706459368728
822.68699;26.08;0.000539393813269486;0.951706459368728
822.80198;26.08667;0.000539330082687911;0.951740005094849
822.89402;26.09334;0.000539260071492426;0.951807243034977
822.98899;26.1;0.000539182480545394;0.951840788761098
823.103;26.10667;0.000539094493322589;0.95194142593946
823.19199;26.11334;0.000538997609843218;0.952008517391701
823.296;26.12;0.000538891713747166;0.952042063117822
823.38602;26.12667;0.000538778084370424;0.95210930105795
823.49302;26.13334;0.000538655213923563;0.952209938236312
823.59897;26.14;0.000538521723799902;0.952277029688554
823.69401;26.14667;0.000538380621584574;0.952344121140795
823.78702;26.15334;0.000538231790744531;0.952411212593036
823.89402;26.16;0.000538075059553327;0.952444904807044
823.98899;26.16667;0.000537904747981145;0.952511996259285
824.09098;26.17334;0.000537726776323421;0.952545541985406
824.18302;26.18;0.000537538153527338;0.952612633437647
824.283;26.18667;0.000537338901051703;0.952646179163768
824.379;26.19334;0.000537133449997021;0.95274681634213
824.48801;26.2;0.000536914614207151;0.9528811457345
824.58597;26.20667;0.000536685417955599;0.952948237186741
824.68699;26.21334;0.00053645029305271;0.953048874365103
824.77598;26.22;0.000536204856156007;0.953183203757473
824.887;26.22667;0.000535947509935355;0.953250295209714
824.98301;26.23334;0.000535682468211473;0.953317386661956
825.08201;26.24;0.000535406871174285;0.953350932388076
825.17399;26.24667;0.00053512234332715;0.953384478114197
825.27903;26.25334;0.000534831910892141;0.953384478114197
825.37302;26.26;0.000534532717185506;0.953451716054325
825.47898;26.26667;0.000534220490667729;0.953451716054325
825.57401;26.27334;0.00053390106328644;0.953518807506567
825.67899;26.28;0.000533577393421612;0.953585898958808
825.775;26.28667;0.000533243720042084;0.953619444684929
825.87699;26.29334;0.000532905469688011;0.95368653613717
825.97599;26.3;0.000532560782994163;0.953720081863291
826.06998;26.30667;0.00053220402047198;0.953787319803419
826.17002;26.31334;0.000531838357051681;0.95382086552954
826.27;26.32;0.000531462482159597;0.953887956981781
826.37302;26.32667;0.000531073885329047;0.953887956981781
826.47202;26.33334;0.000530674335508144;0.953955048434023
826.57603;26.34;0.000530265287153949;0.953988594160143
826.67698;26.34667;0.000529848297668314;0.954055685612385
826.77903;26.35334;0.000529423516822679;0.954055685612385
826.87198;26.36;0.000528990890803441;0.954223560730875
826.96403;26.36667;0.000528553278238879;0.954324197909237
827.06901;26.37334;0.000528109335202625;0.954357743635358
827.16398;26.38;0.000527656232271527;0.954424835087599
827.27598;26.38667;0.000527196949076586;0.954492073027727
827.36997;26.39334;0.00052673306361952;0.954592710206089
827.46702;26.4;0.000526261763351765;0.95462625593221
827.56699;26.40667;0.000525781629190472;0.954693347384451
827.66703;26.41334;0.000525292639993352;0.954760438836693
827.76499;26.42;0.000524796384759423;0.954827676776821
827.86301;26.42667;0.00052429305655875;0.954827676776821
827.96897;26.43334;0.000523782750589723;0.954894768229062
828.06199;26.44;0.000523266958727926;0.954995405407425
828.16398;26.44667;0.000522742761672528;0.955028951133545
828.26603;26.45334;0.000522210244571956;0.955028951133545
828.35898;26.46;0.000521674031643568;0.955096042585787
828.45902;26.46667;0.000521132929063757;0.955129734799794
828.564;26.47334;0.000520587048521176;0.955196826252036
828.66501;26.48;0.000520032086708817;0.955230371978156
828.76102;26.48667;0.000519468250008669;0.955263917704277
828.86198;26.49334;0.000518895750423179;0.955331009156518
828.96201;26.5;0.000518316180251108;0.955364554882639
829.05601;26.50667;0.00051773556219838;0.95539810060876
829.15897;26.51334;0.000517145054980103;0.955431646334881
829.26902;26.52;0.000516545827356605;0.955498884275009
829.36802;26.52667;0.00051594228479799;0.95553243000113
829.46299;26.53334;0.000515338812527474;0.955599521453371
829.56498;26.54;0.000514731099436699;0.955633067179492
829.671;26.54667;0.000514112041545027;0.955700158631733
829.76499;26.55334;0.000513487555784213;0.955733704357854
829.86698;26.56;0.000512860757704692;0.955800942297982
829.973;26.56667;0.000512230355885723;0.955800942297982
830.06901;26.57334;0.000511596454991133;0.955834488024103
830.16898;26.58;0.000510962199108314;0.955901579476344
830.26102;26.58667;0.000510323409640736;0.955935125202465
830.36503;26.59334;0.000509680333798981;0.956102853833068
830.46;26.6;0.00050903321346336;0.956203637499317
830.564;26.60667;0.000508382070077828;0.956304274677679
830.65702;26.61334;0.000507728337766456;0.956438457582162
830.77299;26.62;0.000507070660161105;0.956572786974532
830.86802;26.62667;0.000506406374553922;0.956639878426773
830.96097;26.63334;0.000505738528580851;0.956673424152893
831.06699;26.64;0.000505069952131045;0.956740515605135
831.16599;26.64667;0.000504396356833126;0.956774061331256
831.26401;26.65334;0.000503719398140892;0.956807753545263
831.374;26.66;0.000503039340450271;0.956841299271384
831.45499;26.66667;0.000502353406028905;0.956874844997505
831.56498;26.67334;0.000501662909135576;0.956941936449746
831.66001;26.68;0.000500967871975411;0.956975482175867
831.76401;26.68667;0.000500271425050168;0.957042573628108
831.85801;26.69334;0.000499573689022742;0.957076119354229
831.95499;26.7;0.000498871673400424;0.957076119354229
832.06199;26.70667;0.000498166915333939;0.957076119354229
832.15299;26.71334;0.000497459741170323;0.957109665080349
832.25699;26.72;0.000496750271869329;0.957143357294357
832.35599;26.72667;0.000496040036951658;0.957176903020478
832.45402;26.73334;0.000495326343788205;0.957243994472719
832.55002;26.74;0.000494609328483311;0.95727754019884
832.65403;26.74667;0.000493893322971749;0.957344631651081
832.75699;26.75334;0.000493179715643405;0.957378177377202
832.85599;26.76;0.000492465747212539;0.957478961043451
832.95798;26.76667;0.000491748763448991;0.957546052495692
833.05198;26.77334;0.000491028882100983;0.957613143947934
833.14799;26.78;0.000490307635679736;0.957646689674054
833.25303;26.78667;0.00048958236485938;0.957747326852416
833.35398;26.79334;0.000488854792781095;0.957780872578537
833.45701;26.8;0.000488125134942764;0.957848110518665
833.546;26.80667;0.000487392208770738;0.957881656244786
833.645;26.81334;0.000486660627569975;0.957948747697027
833.74998;26.82;0.000485930492134071;0.958015839149269
833.84897;26.82667;0.000485203199981942;0.958015839149269
833.95701;26.83334;0.000484475830008386;0.958049384875389
834.04801;26.84;0.000483745596336401;0.95808293060151
834.13999;26.84667;0.000483018422447471;0.958116476327631
834.23301;26.85334;0.000482289988974074;0.958183714267759
834.34;26.86;0.000481558782179597;0.958183714267759
834.44498;26.86667;0.000480830598489715;0.95821725999388
834.54301;26.87334;0.000480102721119726;0.958284351446121
834.642;26.88;0.000479375477929435;0.958317897172242
834.74399;26.88667;0.000478647462284144;0.958351442898362
834.84;26.89334;0.000477920037773162;0.958384988624483
834.94901;26.9;0.000477193307608241;0.958418534350604
835.03501;26.90667;0.00047646735104433;0.958452080076725
835.13999;26.91334;0.000475742226535175;0.958519318016853
835.24003;26.92;0.000475019547549889;0.958586409469094
835.33103;26.92667;0.000474301019295957;0.958619955195215
835.43497;26.93334;0.000473583920865102;0.958653500921336
835.53501;26.94;0.000472868357329343;0.958687046647456
835.63999;26.94667;0.00047215581087735;0.958687046647456
835.73899;26.95334;0.000471444853488431;0.958687046647456
835.83597;26.96;0.000470732575560484;0.958720592373577
835.94303;26.96667;0.000470023365840309;0.958754138099698
836.03397;26.97334;0.000469320321396801;0.958754138099698
836.13499;26.98;0.000468620634861531;0.958787683825818
836.24198;26.98667;0.000467921483853791;0.958821376039826
836.33402;26.99334;0.000467221670817677;0.958854921765947
836.43003;27;0.00046652279207397;0.958854921765947
836.53397;27.00667;0.000465826327100668;0.958888467492067
836.62601;27.01334;0.000465130821422526;0.958854921765947
836.74003;27.02;0.00046443774988329;0.958888467492067
836.82999;27.02667;0.000463748696421936;0.958854921765947
836.93198;27.03334;0.000463062207257667;0.958888467492067
837.02799;27.04;0.000462373831540952;0.958888467492067
837.137;27.04667;0.000461687935363947;0.958922013218188
837.236;27.05334;0.000461008964812098;0.958955558944309
837.32798;27.06;0.000460332675382789;0.958989104670429
837.434;27.06667;0.000459656213870111;0.95902265039655
837.54301;27.07334;0.000458983932764267;0.95902265039655
837.63798;27.08;0.00045831288201904;0.959056196122671
837.73502;27.08667;0.000457641596058741;0.959056196122671
837.84202;27.09334;0.000456971594165924;0.959089741848791
837.94401;27.1;0.000456304405142638;0.959089741848791
838.04398;27.10667;0.000455642868531426;0.959123434062799
838.13901;27.11334;0.000454982587138576;0.95915697978892
838.236;27.12;0.000454329623611368;0.959224071241161
838.34202;27.12667;0.000453681315835163;0.959257616967282
838.43302;27.13334;0.000453036301557641;0.959324708419523
838.54099;27.14;0.000452396127052732;0.959425345597885
838.637;27.14667;0.000451757913886076;0.959492583538014
838.73197;27.15334;0.000451124606580258;0.959593220716376
838.82902;27.16;0.000450500566646784;0.959660312168617
838.92899;27.16667;0.000449882712777645;0.959760949346979
839.02598;27.17334;0.000449265169269409;0.959861733013228
839.13297;27.18;0.000448649516929341;0.95992882446547
839.22202;27.18667;0.000448038814866603;0.959995915917711
839.322;27.19334;0.0004474301902223;0.960029461643831
839.43497;27.2;0.000446820887723301;0.960063007369952
839.53599;27.20667;0.00044621405699338;0.960096553096073
839.63199;27.21334;0.000445609714315418;0.960163791036201
839.72397;27.22;0.000445009175803233;0.960230882488443
839.82401;27.22667;0.000444412337880144;0.960264428214563
839.93198;27.23334;0.000443820704729547;0.960331519666805
840.025;27.24;0.000443231387541892;0.960398611119046
840.12601;27.24667;0.000442642889727954;0.960432156845167
840.22397;27.25334;0.000442061022696643;0.960499394785295
840.32499;27.26;0.000441484284366475;0.960566486237536
840.42698;27.26667;0.000440911177525219;0.960633577689778
840.52799;27.27334;0.000440338783220027;0.960700669142019
840.62699;27.28;0.00043976709767251;0.96076776059426
840.72501;27.28667;0.000439197613104442;0.960834998534389
840.82999;27.29334;0.000438630410495101;0.96090208998663
840.92301;27.3;0.00043807129026497;0.960969181438871
841.03599;27.30667;0.000437517215572121;0.961036272891113
841.12803;27.31334;0.000436963746157443;0.961103364343354
841.22599;27.32;0.000436413768729242;0.961170602283483
841.32499;27.32667;0.000435868673529955;0.961237693735724
841.43302;27.33334;0.00043532691817804;0.961304785187965
841.52402;27.34;0.000434788478160432;0.961338330914086
841.62803;27.34667;0.000434251935717506;0.961371876640207
841.73301;27.35334;0.000433718751769904;0.961438968092448
841.82401;27.36;0.000433191711753078;0.961472660306456
841.92502;27.36667;0.000432663580667109;0.961539751758697
842.02598;27.37334;0.000432137430068894;0.961539751758697
842.12498;27.38;0.00043161753071575;0.961606843210938
842.21702;27.38667;0.000431102341729566;0.961640388937059
842.32297;27.39334;0.000430590421393228;0.961707480389301
842.41801;27.4;0.00043008023575377;0.961808264055549
842.52097;27.40667;0.000429574658343129;0.961875355507791
842.62198;27.41334;0.000429077955119034;0.961875355507791
842.715;27.42;0.000428585706615856;0.961942446960032
842.82603;27.42667;0.00042809369414576;0.962009538412274
842.92502;27.43334;0.000427604914828974;0.962043084138394
843.017;27.44;0.000427120856766612;0.962110175590636
843.12198;27.44667;0.000426637076879551;0.962177413530764
843.21897;27.45334;0.000426156349088692;0.962177413530764
843.31602;27.46;0.000425680162802489;0.962244504983005
843.421;27.46667;0.000425205576923082;0.962278050709126
843.52598;27.47334;0.00042472943612743;0.962345142161367
843.61899;27.48;0.000424255813478592;0.962412233613609
843.71598;27.48667;0.000423789070086474;0.962445779339729
843.81602;27.49334;0.000423325063567282;0.962479471553737
843.91501;27.5;0.000422863772509099;0.962513017279858
844.01298;27.50667;0.000422403662808344;0.962580108732099
844.12498;27.51334;0.000421944803233979;0.96261365445822
844.20798;27.52;0.000421488668127761;0.96261365445822
844.31602;27.52667;0.00042103811876237;0.96261365445822
844.41898;27.53334;0.000420587290423865;0.962580108732099
844.52;27.54;0.000420139063793585;0.962546563005978
844.61997;27.54667;0.000419697814087156;0.962580108732099
844.71299;27.55334;0.000419259197412901;0.962546563005978
844.81302;27.56;0.000418821792821388;0.962580108732099
844.91801;27.56667;0.000418385666937497;0.96261365445822
845.017;27.57334;0.000417952185974225;0.962580108732099
845.11301;27.58;0.00041752273272454;0.96261365445822
845.20902;27.58667;0.000417095860963272;0.96264720018434
845.30997;27.59334;0.000416671529422457;0.96264720018434
845.41501;27.6;0.0004162497195859;0.962714291636582
845.504;27.60667;0.000415830293757132;0.962714291636582
845.60398;27.61334;0.000415413107078262;0.962747837362702
845.70902;27.62;0.000414999647465726;0.962747837362702
845.80997;27.62667;0.00041458848731098;0.962781383088823
845.91398;27.63334;0.000414178094877844;0.962815075302831
846.00999;27.64;0.00041376833529094;0.962848621028952
846.11002;27.64667;0.0004133591629493;0.962848621028952
846.21;27.65334;0.000412953561912359;0.962882166755072
846.31101;27.66;0.000412550220606312;0.962915712481193
846.41099;27.66667;0.000412147700302;0.962949258207313
846.51401;27.67334;0.000411747361074871;0.962949258207313
846.60599;27.68;0.000411349279803654;0.962982803933434
846.70499;27.68667;0.000410952022261989;0.963049895385675
846.80802;27.69334;0.000410562547439811;0.963083441111796
846.90201;27.7;0.000410177621715406;0.963116986837917
847.00699;27.70667;0.000409788280553357;0.963150679051925
847.10398;27.71334;0.00040939717543877;0.963217770504166
847.19999;27.72;0.000409008717438375;0.963217770504166
847.30698;27.72667;0.000408622982306092;0.963251316230287
847.41202;27.73334;0.000408239805436403;0.963284861956407
847.50498;27.74;0.000407851962601987;0.963284861956407
847.60599;27.74667;0.0004074626574527;0.963351953408649
847.70103;27.75334;0.000407082274167955;0.963385499134769
847.80997;27.76;0.000406700666492887;0.96341904486089
847.905;27.76667;0.000406319416819225;0.963586919979381
848.004;27.77334;0.000405945802811419;0.963687557157742
848.10599;27.78;0.000405575407878815;0.963788194336105
848.20902;27.78667;0.000405203902621471;0.963888978002354
848.309;27.79334;0.000404835464877536;0.964023160906836
848.39902;27.8;0.00040446858566955;0.964090252359078
848.50498;27.80667;0.000404100436330224;0.964123798085198
848.616;27.81334;0.000403736706357368;0.964157490299206
848.70298;27.82;0.000403372974716182;0.964191036025327
848.80802;27.82667;0.000403009332865586;0.964258127477568
848.90403;27.83334;0.000402650065459276;0.964291673203689
849.00901;27.84;0.000402290754394736;0.964325218929809
849.10697;27.84667;0.000401930092923724;0.964392310382051
849.19401;27.85334;0.000401572466889992;0.964459401834292
849.29203;27.86;0.000401216363152892;0.9644930940483
849.39902;27.86667;0.000400866192175093;0.96452663977442
849.50101;27.87334;0.000400519043203257;0.964560185500541
849.59897;27.88;0.000400167596030024;0.964560185500541
849.697;27.88667;0.000399819160653442;0.964593731226662
849.79398;27.89334;0.000399473843884479;0.964593731226662
849.905;27.9;0.000399134453315928;0.964660822678903
849.99698;27.90667;0.000398799281876519;0.964694368405024
850.09897;27.91334;0.000398462534324595;0.964761459857265
850.19999;27.92;0.000398127262825419;0.964828697797393
850.296;27.92667;0.000397793477085875;0.964828697797393
850.39799;27.93334;0.000397462588685689;0.964895789249635
850.50101;27.94;0.000397133133960162;0.964962880701876
850.603;27.94667;0.000396800825769787;0.965029972154118
850.69498;27.95334;0.00039647149822085;0.965097063606359
850.80002;27.96;0.000396143666098996;0.96513060933248
850.88798;27.96667;0.000395817447527866;0.965164301546487
850.99302;27.97334;0.000395495884456711;0.965231392998729
851.09299;27.98;0.00039517470740776;0.965264938724849
851.19303;27.98667;0.000394855454555796;0.96529848445097
851.29203;27.99334;0.000394538039687281;0.965332030177091
851.39298;28;0.000394220986508742;0.965365575903211
851.49601;28.00667;0.000393905832639707;0.965399121629332
851.59098;28.01334;0.000393592493960253;0.965432667355453
851.69102;28.02;0.000393276481347086;0.965499905295581
851.78702;28.02667;0.000392962125098239;0.965533451021702
851.89103;28.03334;0.00039265093248706;0.965600542473943
851.99399;28.04;0.000392344543748657;0.965634088200064
852.08903;28.04667;0.000392041591768642;0.965701179652305
852.18601;28.05334;0.000391737691230661;0.965701179652305
852.29398;28.06;0.000391435785868309;0.965768271104547
852.39103;28.06667;0.000391135901322443;0.965835509044675
852.486;28.07334;0.000390836666769691;0.965902600496916
852.58799;28.08;0.000390539614003005;0.965969691949157
852.68302;28.08667;0.000390244754038125;0.966003237675278
852.78898;28.09334;0.000389952120727969;0.966036783401399
852.88199;28.1;0.000389664662025295;0.96610387485364
852.978;28.10667;0.000389376587347979;0.966137420579761
853.08402;28.11334;0.00038908792064301;0.966171112793769
853.18198;28.12;0.000388805903957334;0.96623820424601
853.28599;28.12667;0.000388524644069143;0.966271749972131
853.38901;28.13334;0.000388244169111298;0.966305295698251
853.47703;28.14;0.000387964610414432;0.966338841424372
853.58903;28.14667;0.000387685875804315;0.966338841424372
853.68497;28.15334;0.000387413686825108;0.966338841424372
853.78098;28.16;0.000387142364902719;0.966338841424372
853.88499;28.16667;0.000386873342083488;0.966405932876614
853.97898;28.17334;0.000386608041307157;0.966405932876614
854.08201;28.18;0.000386345094873726;0.966405932876614
854.184;28.18667;0.000386084537727811;0.966473024328855
854.28202;28.19334;0.000385824877023998;0.966573807995104
854.374;28.2;0.000385569050238061;0.966640899447345
854.48698;28.20667;0.000385315691538235;0.966707990899587
854.57603;28.21334;0.000385064714594836;0.966808628077949
854.68998;28.22;0.000384819075904933;0.966875866018077
854.78599;28.22667;0.000384573087128763;0.966976503196439
854.88102;28.23334;0.000384329679959592;0.967077140374801
854.98099;28.24;0.000384091707623554;0.967077140374801
855.08903;28.24667;0.000383858886017754;0.967110686100922
855.18003;28.25334;0.000383631133992814;0.967144231827042
855.27598;28.26;0.000383402810880824;0.967144231827042
855.387;28.26667;0.000383176879043595;0.96717792404105
855.48801;28.27334;0.000382953366003072;0.96717792404105
855.58298;28.28;0.000382732328059388;0.96717792404105
855.67502;28.28667;0.000382509600321967;0.96717792404105
855.77903;28.29334;0.000382288341343351;0.967211469767171
855.88602;28.3;0.000382071492964608;0.967245015493291
855.98099;28.30667;0.000381856159568138;0.967278561219412
856.07798;28.31334;0.000381643871124487;0.967345652671653
856.17301;28.32;0.000381434550235496;0.967379198397774
856.275;28.32667;0.000381226709023249;0.967379198397774
856.38199;28.33334;0.000381024776732125;0.967412744123895
856.47703;28.34;0.000380827267651236;0.967479835576136
856.57401;28.34667;0.000380629790435098;0.967479835576136
856.67399;28.35334;0.000380438292637306;0.967513527790144
856.77701;28.36;0.000380246993053043;0.967580619242385
856.87803;28.36667;0.000380055687104001;0.967580619242385
856.97599;28.37334;0.000379870178566658;0.967647710694627
857.07297;28.38;0.000379687699600621;0.967647710694627
857.18198;28.38667;0.000379505240171515;0.967681256420747
857.283;28.39334;0.000379324195432336;0.967681256420747
857.36899;28.4;0.000379149004363145;0.967748347872988
857.47397;28.40667;0.000378979658838814;0.967748347872988
857.572;28.41334;0.000378811952868529;0.967781893599109
857.67802;28.42;0.000378647633967754;0.96781543932523
857.77701;28.42667;0.000378488215092047;0.967849131539238
857.87198;28.43334;0.000378333701507645;0.967849131539238
857.978;28.44;0.000378184229224859;0.967882677265358
858.07603;28.44667;0.000378036897263285;0.967916222991479
858.16801;28.45334;0.000377891710611299;0.967916222991479
858.27299;28.46;0.000377754399910477;0.96798331444372
858.37198;28.46667;0.000377620457991325;0.968016860169841
858.47898;28.47334;0.00037748559703625;0.968050405895962
858.57902;28.48;0.000377355641302702;0.968083951622082
858.67002;28.48667;0.000377227674242472;0.968117497348203
858.76798;28.49334;0.00037709868798757;0.968184735288331
858.87198;28.5;0.000376971377715721;0.968218281014452
858.97098;28.50667;0.000376847333635719;0.968251826740573
859.06998;28.51334;0.000376728142190079;0.968318918192814
859.176;28.52;0.000376610769320137;0.968318918192814
859.27402;28.52667;0.000376496707396266;0.968386009645056
859.36997;28.53334;0.000376388844523201;0.968419555371176
859.46403;28.54;0.000376284144084656;0.968419555371176
859.56498;28.54667;0.000376183983740525;0.968419555371176
859.66398;28.55334;0.000376088236895093;0.968419555371176
859.77701;28.56;0.000375995613715418;0.968419555371176
859.86997;28.56667;0.000375906319368528;0.968453101097297
859.97001;28.57334;0.000375820105313999;0.968453101097297
860.06498;28.58;0.000375736754218083;0.968486646823418
860.16501;28.58667;0.000375654860195166;0.968486646823418
860.27097;28.59334;0.000375574384358295;0.968486646823418
860.35898;28.6;0.000375496824987102;0.968520339037425
860.46799;28.60667;0.000375423759708802;0.968520339037425
860.572;28.61334;0.00037535223873906;0.968553884763546
860.66398;28.62;0.000375282130613312;0.968553884763546
860.75901;28.62667;0.000375216312520095;0.968620976215787
860.86899;28.63334;0.000375154745000042;0.968620976215787
860.97202;28.64;0.000375100102921717;0.968654521941908
861.06302;28.64667;0.00037504643267747;0.968688067668029
861.16801;28.65334;0.000374993798910765;0.968721613394149
861.26798;28.66;0.000374946501286535;0.968721613394149
861.35697;28.66667;0.000374898587467866;0.968788704846391
861.45701;28.67334;0.000374850117719765;0.968855942786519
861.56199;28.68;0.000374804184185497;0.96892303423876
861.663;28.68667;0.000374759444411282;0.968990125691002
861.76298;28.69334;0.000374715944464577;0.969023671417122
861.86899;28.7;0.000374676539098318;0.969057217143243
861.96097;28.70667;0.000374641172767746;0.969090762869364
862.06803;28.71334;0.000374609894695021;0.969157854321605
862.16099;28.72;0.00037458104701726;0.969191546535613
862.25498;28.72667;0.000374552964948085;0.969191546535613
862.37198;28.73334;0.000374530109329693;0.969258637987854
862.46799;28.74;0.00037450813180186;0.969325729440096
862.56101;28.74667;0.000374486877955609;0.969392820892337
862.65702;28.75334;0.000374467673720623;0.969426366618458
862.76298;28.76;0.000374450455995408;0.969493604558586
862.86301;28.76667;0.000374435282709514;0.969527150284706
862.95603;28.77334;0.000374422199341122;0.969560696010827
863.04899;28.78;0.000374412544291352;0.969627787463069
863.16099;28.78667;0.000374404749731358;0.96969487891531
863.26401;28.79334;0.000374397348040615;0.969728424641431
863.35697;28.8;0.000374395998233598;0.969795516093672
863.452;28.80667;0.000374398811409978;0.9698627540338
863.56498;28.81334;0.000374398506462815;0.969896299759921
863.65299;28.82;0.000374399784048556;0.969929845486042
863.75999;28.82667;0.0003744010737264;0.969996936938283
863.86399;28.83334;0.000374403483325594;0.969996936938283
863.96799;28.84;0.000374403942930159;0.970030482664404
864.05198;28.84667;0.000374403883846934;0.970030482664404
864.15299;28.85334;0.000374406110425837;0.970097574116645
864.25797;28.86;0.000374409060131815;0.970131119842766
864.353;28.86667;0.000374409850802117;0.970164812056774
864.45798;28.87334;0.000374411383012168;0.970198357782894
864.54899;28.88;0.000374420801468795;0.970231903509015
864.64902;28.88667;0.000374430810029975;0.970265449235135
864.75303;28.89334;0.000374438753007465;0.970332540687377
864.85203;28.9;0.000374450596792725;0.970366086413498
864.94999;28.90667;0.000374464761730405;0.970366086413498
865.05503;28.91334;0.000374479664348504;0.970366086413498
865.14902;28.92;0.000374495239921723;0.970366086413498
865.24802;28.92667;0.000374510025159718;0.970399632139618
865.353;28.93334;0.000374525347745835;0.970399632139618
865.44303;28.94;0.000374541036207372;0.97046672359186
865.55302;28.94667;0.000374557124198917;0.97046672359186
865.65201;28.95334;0.000374572137895544;0.97046672359186
865.75101;28.96;0.000374588814661283;0.970601052984229
865.84897;28.96667;0.000374605567556059;0.970668144436471
865.94797;28.97334;0.00037462080591072;0.970768781614833
866.04502;28.98;0.000374637378380425;0.970802327340953
866.14402;28.98667;0.000374653811067111;0.970869565281082
866.24698;28.99334;0.000374670028273074;0.970970202459444
866.34202;29;0.000374687482229532;0.971037293911685
866.44401;29.00667;0.000374703295583052;0.971070839637806
866.54502;29.01334;0.00037471900787786;0.971137931090047
866.63901;29.02;0.000374737468656838;0.971137931090047
866.749;29.02667;0.000374754091802707;0.971137931090047
866.85001;29.03334;0.000374772903699645;0.971137931090047
866.94303;29.04;0.000374795056425254;0.971104385363926
867.05302;29.04667;0.000374814785039331;0.971104385363926
867.13999;29.05334;0.000374832035280479;0.971104385363926
867.24198;29.06;0.000374849481035075;0.971104385363926
867.35203;29.06667;0.00037486426272344;0.971104385363926
867.447;29.07334;0.000374873736403416;0.971104385363926
867.54203;29.08;0.00037488237954456;0.971137931090047
867.64103;29.08667;0.000374890127452605;0.971137931090047
867.74399;29.09334;0.000374895522336644;0.971171623304055
867.84299;29.1;0.000374898497149727;0.971171623304055
867.93802;29.10667;0.000374898869178383;0.971171623304055
868.04099;29.11334;0.000374899366586204;0.971238714756296
868.13798;29.12;0.000374899930359402;0.971305806208538
868.249;29.12667;0.000374897580844009;0.971372897660779
868.34501;29.13334;0.000374892142785865;0.9714064433869
868.43497;29.14;0.000374885177225565;0.971473534839141
868.54203;29.14667;0.000374875420125515;0.97157431850539
868.63199;29.15334;0.000374864195889288;0.971607864231511
868.74302;29.16;0.000374854243742558;0.971674955683752
868.83701;29.16667;0.000374842585658397;0.971742047135993
868.939;29.17334;0.000374830550890173;0.971775592862114
869.04099;29.18;0.000374816590346562;0.971842830802243
869.142;29.18667;0.000374799140652841;0.971909922254484
869.23899;29.19334;0.000374782555556791;0.971977013706725
869.34;29.2;0.000374768419694317;0.972010559432846
869.44401;29.20667;0.000374752272879915;0.972044105158966
869.54398;29.21334;0.000374731060267514;0.972077650885087
869.63999;29.22;0.00037470777566683;0.972144742337329
869.73398;29.22667;0.000374683885469796;0.972178434551336
869.83701;29.23334;0.000374656339673678;0.972245526003577
869.94401;29.24;0.000374626626648615;0.972279071729698
870.04001;29.24667;0.000374593301271559;0.97234616318194
870.13798;29.25334;0.000374554701489244;0.97237970890806
870.236;29.26;0.000374518016336258;0.972413254634181
870.33402;29.26667;0.000374477607581708;0.972446800360302
870.43302;29.27334;0.000374432150200983;0.972480346086422
870.53098;29.28;0.000374384406744464;0.97251403830043
870.637;29.28667;0.000374332722575737;0.972581129752671
870.73899;29.29334;0.000374279855641436;0.972581129752671
870.835;29.3;0.000374221352583028;0.972681766931033
870.93003;29.30667;0.000374158670679774;0.972748858383275
871.03702;29.31334;0.000374096062334381;0.972815949835516
871.137;29.32;0.000374030487986687;0.972849642049524
871.23698;29.32667;0.000373962024058482;0.972883187775644
871.32999;29.33334;0.000373890730279402;0.972983824954007
871.44102;29.34;0.000373815070477484;0.973017370680127
871.53397;29.34667;0.000373734901896535;0.973118007858489
871.63102;29.35334;0.000373654488817817;0.97315155358461
871.73398;29.36;0.000373572290171391;0.973252337250859
871.84098;29.36667;0.000373486879941239;0.973252337250859
871.92899;29.37334;0.000373396948818014;0.97328588297698
872.038;29.38;0.000373303979963551;0.97328588297698
872.137;29.38667;0.000373208055392404;0.9733194287031
872.23502;29.39334;0.000373107856496685;0.9733194287031
872.32999;29.4;0.000373007776932541;0.973352974429221
872.42899;29.40667;0.000372903278274514;0.973420065881462
872.52701;29.41334;0.00037279422981384;0.973420065881462
872.62198;29.42;0.000372683632253318;0.973420065881462
872.72397;29.42667;0.000372569969579979;0.973420065881462
872.82902;29.43334;0.000372453108268462;0.973420065881462
872.93003;29.44;0.000372331629543201;0.973420065881462
873.02402;29.44667;0.00037220704006726;0.973453611607583
873.12601;29.45334;0.000372079436455004;0.973453611607583
873.22703;29.46;0.00037194891079274;0.973520849547711
873.32798;29.46667;0.000371813946863261;0.973520849547711
873.42899;29.47334;0.000371678946055969;0.973554395273832
873.52598;29.48;0.000371542508022411;0.973587940999953
873.62302;29.48667;0.000371401621834933;0.973688578178315
873.72898;29.49334;0.00037125908775989;0.973722123904435
873.82297;29.5;0.000371113411202659;0.973755669630556
873.92899;29.50667;0.000370966108957228;0.973789215356677
874.02097;29.51334;0.000370814394456503;0.973856453296805
874.12699;29.52;0.000370658283391683;0.973889999022926
874.22397;29.52667;0.000370497679499983;0.973990636201288
874.327;29.53334;0.000370333985321687;0.974057727653529
874.43003;29.54;0.000370165704619903;0.974158364831891
874.52598;29.54667;0.00036999273742716;0.97422560277202
874.61698;29.55334;0.000369817875823207;0.974326239950382
874.71897;29.56;0.000369641028425782;0.974393331402623
874.82603;29.56667;0.000369460702391327;0.974393331402623
874.91501;29.57334;0.000369276900056719;0.974426877128744
875.02201;29.58;0.000369092443082829;0.974426877128744
875.12302;29.58667;0.000368907368510517;0.974426877128744
875.21897;29.59334;0.000368720409842406;0.974460422854864
875.33103;29.6;0.000368530209304435;0.974426877128744
875.41703;29.60667;0.000368338320174759;0.974426877128744
875.52097;29.61334;0.000368141774287379;0.974393331402623
875.61503;29.62;0.000367940516039786;0.974426877128744
875.71598;29.62667;0.00036773619134024;0.974393331402623
875.82902;29.63334;0.000367526041310574;0.974393331402623
875.92399;29.64;0.000367311615540998;0.974393331402623
876.01603;29.64667;0.000367094450930744;0.974393331402623
876.12498;29.65334;0.000366875977508002;0.974393331402623
876.21097;29.66;0.000366656119279207;0.974426877128744
876.31803;29.66667;0.000366433514673035;0.974460422854864
876.41703;29.67334;0.000366206813013077;0.974493968580985
876.53;29.68;0.000365975839138332;0.974493968580985
876.62101;29.68667;0.000365742028455722;0.974561206521113
876.723;29.69334;0.000365507028545798;0.974594752247234
876.81901;29.7;0.000365270882934757;0.974628297973355
876.92002;29.70667;0.000365033629234813;0.974661843699476
877.02;29.71334;0.000364793918016667;0.974695389425596
877.11698;29.72;0.000364550302428641;0.974762480877838
877.21799;29.72667;0.000364304228656988;0.974829572330079
877.32401;29.73334;0.000364055735880498;0.974896810270207
877.41599;29.74;0.000363804884052452;0.974963901722449
877.51603;29.74667;0.000363551720442898;0.974997447448569
877.616;29.75334;0.000363297794700646;0.975064538900811
877.71702;29.76;0.000363043286135147;0.975131630353052
877.80198;29.76667;0.000362786842673286;0.97519886829318
877.92197;29.77334;0.000362527005907009;0.975265959745422
878.01499;29.78;0.000362265355992331;0.975333051197663
878.11503;29.78667;0.000362000651341084;0.975400142649904
878.20902;29.79334;0.000361732833277091;0.975467234102146
878.31302;29.8;0.000361463255535133;0.975534472042274
878.41599;29.80667;0.00036119195815242;0.975601563494515
878.50699;29.81334;0.000360917575336479;0.975668654946757
878.61698;29.82;0.00036064167207754;0.975735746398998
878.71299;29.82667;0.000360367200575447;0.975802837851239
878.814;29.83334;0.000360089783717894;0.97583638357736
878.913;29.84;0.000359813693451918;0.975903621517489
879.01298;29.84667;0.000359537477245972;0.97597071296973
879.11997;29.85334;0.000359255577254289;0.976004258695851
879.21702;29.86;0.000358972580242883;0.976037804421971
879.31602;29.86667;0.000358689828401769;0.976037804421971
879.42002;29.87334;0.000358405858990781;0.976071350148092
879.52097;29.88;0.000358120841648307;0.976071350148092
879.61399;29.88667;0.000357836234746669;0.976071350148092
879.71299;29.89334;0.000357552300790377;0.976138441600333
879.80601;29.9;0.000357269425009102;0.976138441600333
879.91501;29.90667;0.000356986169030372;0.976171987326454
880.01798;29.91334;0.000356700986212005;0.976205679540462
880.10502;29.92;0.000356416746886713;0.976339862444944
880.20798;29.92667;0.000356130605005762;0.976406953897186
880.31199;29.93334;0.000355841228897675;0.976440499623306
880.41099;29.94;0.00035555157850552;0.976474045349427
880.512;29.94667;0.000355263099725688;0.976541283289555
880.60398;29.95334;0.000354972836262512;0.976574829015676
880.70701;29.96;0.000354676428433504;0.976641920467918
880.80503;29.96667;0.000354379834791988;0.976675466194038
880.905;29.97334;0.000354083299081718;0.976709011920159
881.00699;29.98;0.000353784050527383;0.9767761033724
881.103;29.98667;0.000353489333979533;0.976809649098521
881.20499;29.99334;0.000353194764755934;0.976809649098521
881.301;30;0.000352898871021076;0.976843194824642
881.40299;30.00667;0.000352605889081338;0.976843194824642
881.504;30.01334;0.000352311543397106;0.976876887038649
881.603;30.02;0.000352017486862818;0.97691043276477
881.697;30.02667;0.000351725042753896;0.97691043276477
881.79697;30.03334;0.000351432741392727;0.976943978490891
881.88901;30.04;0.000351142140141776;0.976943978490891
882.00101;30.04667;0.000350851766192173;0.976977524217011
882.09598;30.05334;0.000350560256522324;0.977011069943132
882.20298;30.06;0.000350269158866336;0.977044615669253
882.301;30.06667;0.000349980015939032;0.977044615669253
882.40403;30.07334;0.000349691362383224;0.977078161395373
882.49998;30.08;0.000349403127076692;0.977111707121494
882.60203;30.08667;0.000349115447097307;0.977178798573735
882.70499;30.09334;0.000348825455143511;0.977212490787743
882.80198;30.1;0.000348537383291919;0.977246036513864
882.89402;30.10667;0.000348252769573573;0.977246036513864
882.99198;30.11334;0.000347967448809777;0.977313127966105
883.09202;30.12;0.000347681456784606;0.977313127966105
883.197;30.12667;0.000347397517188229;0.977346673692226
883.301;30.13334;0.000347115546648053;0.977380219418346
883.4;30.14;0.000346834295746861;0.977413765144467
883.49802;30.14667;0.000346550894026293;0.977447310870588
883.60502;30.15334;0.000346268039080304;0.977581640262957
883.70298;30.16;0.000345987270576608;0.97768227744132
883.80802;30.16667;0.000345704423016172;0.977749368893561
883.90098;30.17334;0.000345422301120234;0.977850006071923
883.99802;30.18;0.00034514092509227;0.977917244012051
884.10398;30.18667;0.000344861816201445;0.978051426916534
884.20499;30.19334;0.000344584875592162;0.978084972642655
884.30399;30.2;0.000344307221854675;0.978118518368775
884.40201;30.20667;0.000344034479370564;0.978185609821017
884.50199;30.21334;0.000343766330757528;0.978185609821017
884.60203;30.22;0.000343497111588014;0.978219302035024
884.697;30.22667;0.000343223959462899;0.978185609821017
884.79801;30.23334;0.000342950970860583;0.978252847761145
884.89799;30.24;0.000342678167693011;0.978252847761145
884.99497;30.24667;0.000342399955713434;0.978286393487266
885.08799;30.25334;0.000342120851488679;0.978319939213386
885.19199;30.26;0.000341842357850651;0.978353484939507
885.29697;30.26667;0.000341565849951546;0.978387030665628
885.39402;30.27334;0.00034129130642381;0.978420576391749
885.49802;30.28;0.000341017428252421;0.978454122117869
885.59;30.28667;0.00034074873338306;0.97848766784399
885.69102;30.29334;0.000340482313342785;0.97852121357011
885.79099;30.3;0.000340215272808267;0.978554905784118
885.89597;30.30667;0.000339949215559338;0.978588451510239
885.99601;30.31334;0.000339682729517712;0.978554905784118
886.08903;30.32;0.00033941581678651;0.978588451510239
886.19102;30.32667;0.000339151477665934;0.97862199723636
886.30302;30.33334;0.000338886790097366;0.97862199723636
886.39597;30.34;0.000338623032733647;0.97862199723636
886.491;30.34667;0.000338361481989981;0.97862199723636
886.59501;30.35334;0.000338102115700923;0.97862199723636
886.69199;30.36;0.000337844937593519;0.97862199723636
886.78898;30.36667;0.000337584112746037;0.97862199723636
886.88798;30.37334;0.00033732553255414;0.97862199723636
886.99198;30.38;0.000337070591495883;0.97862199723636
887.098;30.38667;0.000336816259864264;0.97862199723636
887.18802;30.39334;0.000336562518931001;0.97865554296248
887.28501;30.4;0.000336307963667617;0.97865554296248
887.39103;30.40667;0.000336054192238891;0.978689088688601
887.48398;30.41334;0.000335801167486043;0.97865554296248
887.58701;30.42;0.000335548766461416;0.97865554296248
887.69199;30.42667;0.000335295575876631;0.97862199723636
887.79001;30.43334;0.000335043065083048;0.97862199723636
887.887;30.44;0.000334791209487396;0.97862199723636
887.98801;30.44667;0.000334539976992679;0.97862199723636
888.08402;30.45334;0.000334289331409352;0.97862199723636
888.184;30.46;0.000334040652590275;0.97865554296248
888.29001;30.46667;0.000333790887611599;0.978722634414722
888.387;30.47334;0.00033354138923594;0.978756180140842
888.48002;30.48;0.00033329515436851;0.978789725866963
888.59098;30.48667;0.000333046335161931;0.978756180140842
888.68699;30.49334;0.000332794779910886;0.978789725866963
888.78702;30.5;0.00033254334990604;0.978789725866963
888.88199;30.50667;0.000332296319019576;0.978823271593084
888.98899;30.51334;0.000332049224440531;0.978823271593084
889.08298;30.52;0.000331800519490799;0.978856817319204
889.18302;30.52667;0.000331550167166067;0.978856817319204
889.28397;30.53334;0.000331298218074581;0.978890509533212
889.38798;30.54;0.000331049044275531;0.978890509533212
889.48502;30.54667;0.00033079818322228;0.978890509533212
889.58799;30.55334;0.00033054709045037;0.978924055259333
889.68003;30.56;0.000330297217690146;0.978957600985453
889.788;30.56667;0.000330045501501774;0.978957600985453
889.88499;30.57334;0.000329794911257895;0.979024692437695
889.98197;30.58;0.000329544106533325;0.979024692437695
890.077;30.58667;0.000329290128793952;0.979091783889936
890.18302;30.59334;0.00032903744114045;0.979158875342177
890.28599;30.6;0.000328784698077882;0.979158875342177
890.38798;30.60667;0.000328533140299434;0.979226113282306
890.49198;30.61334;0.000328281098031894;0.979259659008426
890.59299;30.62;0.00032802572503635;0.979293204734547
890.69401;30.62667;0.000327772780771015;0.979326750460668
890.79001;30.63334;0.00032752340050383;0.979360296186789
890.88602;30.64;0.000327274537323606;0.97942738763903
890.98398;30.64667;0.00032702334704216;0.97942738763903
891.09098;30.65334;0.000326771196961424;0.979494479091271
891.189;30.66;0.000326517961129614;0.979528024817392
891.29001;30.66667;0.000326263592867437;0.979528024817392
891.38401;30.67334;0.000326009442977485;0.97959526275752
891.48197;30.68;0.000325751297626097;0.97959526275752
891.58402;30.68667;0.000325489431845212;0.979662354209762
891.68198;30.69334;0.000325225187527745;0.979695899935882
891.788;30.7;0.000324956903512397;0.979695899935882
891.87803;30.70667;0.000324688946187204;0.979762991388124
891.98197;30.71334;0.000324419836506536;0.979762991388124
892.08597;30.72;0.000324148112046635;0.979830082840365
892.18003;30.72667;0.00032387673293697;0.979830082840365
892.283;30.73334;0.000323605637472639;0.979897320780493
892.38401;30.74;0.000323330142065296;0.979897320780493
892.486;30.74667;0.000323051368198811;0.979964412232735
892.57798;30.75334;0.000322775060603973;0.979964412232735
892.68802;30.76;0.000322496874463;0.980031503684976
892.78397;30.76667;0.000322212441945167;0.980065049411097
892.88297;30.77334;0.000321929123319975;0.980132140863338
892.97898;30.78;0.00032164536051518;0.980132140863338
893.07798;30.78667;0.000321358088108517;0.980199378803467
893.18198;30.79334;0.000321068859819152;0.980232924529587
893.27299;30.8;0.00032077902780416;0.980232924529587
893.38199;30.80667;0.000320485529034725;0.980333561707949
893.48301;30.81334;0.000320188302806799;0.980400653160191
893.585;30.82;0.00031989171850155;0.980434198886311
893.68497;30.82667;0.000319593034095126;0.980501290338553
893.783;30.83334;0.000319293817529649;0.980602074004802
893.87101;30.84;0.000318994032940591;0.980669165457043
893.96799;30.84667;0.00031868912221429;0.980736256909284
894.06998;30.85334;0.000318381948091748;0.980769802635405
894.176;30.86;0.000318075491701207;0.980803348361526
894.27201;30.86667;0.000317765310925338;0.980803348361526
894.36997;30.87334;0.000317451362680186;0.980836894087647
894.48301;30.88;0.000317136624639043;0.980803348361526
894.56803;30.88667;0.000316819557361025;0.980803348361526
894.67399;30.89334;0.000316495608089988;0.980803348361526
894.77903;30.9;0.000316170455940843;0.980803348361526
894.87601;30.90667;0.000315845460266495;0.980803348361526
894.97501;30.91334;0.000315516277736837;0.980803348361526
895.07297;30.92;0.000315184394056732;0.980836894087647
895.18003;30.92667;0.000314846765753071;0.980836894087647
895.27402;30.93334;0.000314507547103489;0.980870586301654
895.37101;30.94;0.000314168226321247;0.980971223480016
895.47202;30.94667;0.000313823071871312;0.981038314932257
895.56998;30.95334;0.000313476357287594;0.981071860658378
895.671;30.96;0.000313128177733309;0.98113895211062
895.775;30.96667;0.000312775713968619;0.981206190050748
895.87302;30.97334;0.000312421741592654;0.981239735776869
895.97001;30.98;0.000312064962827797;0.98130682722911
896.07902;30.98667;0.000311705684684871;0.981340372955231
896.17002;30.99334;0.000311344007569303;0.981407464407472
896.26298;31;0.00031097841429796;0.981441010133593
896.36802;31.00667;0.000310613204472746;0.981441010133593
896.46201;31.01334;0.000310246979521865;0.981474555859713
896.57902;31.02;0.000309878347804452;0.981541793799842
896.67002;31.02667;0.000309505808738661;0.981575339525962
896.767;31.03334;0.000309127863246878;0.981642430978204
896.87803;31.04;0.000308750335828361;0.981709522430445
896.97098;31.04667;0.000308370320308302;0.981743068156566
897.07297;31.05334;0.000307987825140306;0.981776613882686
897.16898;31.06;0.000307601364686901;0.981843705334928
897.26902;31.06667;0.000307212244917231;0.981910943275056
897.37498;31.07334;0.000306820368161224;0.981944489001177
897.46097;31.08;0.000306422845818109;0.982011580453418
897.56602;31.08667;0.00030602399671552;0.982045126179539
897.66599;31.09334;0.000305623828748178;0.98211221763178
897.76603;31.1;0.0003052180582456;0.982145763357901
897.86899;31.10667;0.000304811009076871;0.982213001298029
897.96897;31.11334;0.000304405500512667;0.982280092750271
898.06602;31.12;0.000303995645145074;0.982347184202512
898.16099;31.12667;0.000303585883330422;0.982380729928633
898.27;31.13334;0.000303172058706306;0.982447821380874
898.36503;31.14;0.000302751308262723;0.982481367106995
898.46598;31.14667;0.000302327962545861;0.982548605047123
898.55997;31.15334;0.000301903450043224;0.982548605047123
898.66599;31.16;0.000301477827275636;0.982582150773244
898.76298;31.16667;0.00030104540982022;0.982649242225485
898.86399;31.17334;0.000300605998330852;0.982682787951606
898.96403;31.18;0.000300166519033877;0.982682787951606
899.06199;31.18667;0.000299725485887176;0.982749879403847
899.16898;31.19334;0.000299278611708506;0.982783425129968
899.26499;31.2;0.000298830362666217;0.982850516582209
899.36802;31.20667;0.000298379349625169;0.982884208796217
899.46403;31.21334;0.000297924188576177;0.982917754522338
899.564;31.22;0.00029747085609062;0.982951300248458
899.66599;31.22667;0.000297016479685777;0.982984845974579
899.767;31.23334;0.000296559697107906;0.983018391700699
899.86802;31.24;0.000296103693004652;0.98305193742682
899.965;31.24667;0.000295647130095856;0.983085483152941
900.07297;31.25334;0.000295185647528269;0.983152574605182
900.176;31.26;0.000294720813558074;0.983152574605182
900.26499;31.26667;0.000294255597949988;0.983186120331303
900.37302;31.27334;0.00029378714835882;0.983253358271431
900.46598;31.28;0.000293314127312411;0.983320449723673
900.56498;31.28667;0.000292839494532103;0.983421086902035
900.67002;31.29334;0.000292366198073399;0.983488178354276
900.76499;31.3;0.000291891295391213;0.983588962020525
900.86301;31.30667;0.000291413354075994;0.983656053472766
900.97098;31.31334;0.000290933923638239;0.983756690651129
901.06199;31.32;0.000290453065542529;0.98382378210337
901.16398;31.32667;0.000289972356271819;0.98385732782949
901.25999;31.33334;0.000289491858907784;0.983891020043498
901.36002;31.34;0.000289010146798191;0.983891020043498
901.45902;31.34667;0.000288524490977356;0.983891020043498
901.55997;31.35334;0.000288035063765504;0.983891020043498
901.65702;31.36;0.000287546343140982;0.983891020043498
901.762;31.36667;0.000287056887045297;0.983891020043498
901.86002;31.37334;0.000286566648092161;0.983891020043498
901.95402;31.38;0.000286077091807569;0.983924565769619
902.059;31.38667;0.000285586789263676;0.983924565769619
902.15897;31.39334;0.000285093013843189;0.983924565769619
902.25797;31.4;0.000284604454413095;0.983958111495739
902.35502;31.40667;0.000284117959164498;0.983958111495739
902.46201;31.41334;0.000283627680580061;0.98399165722186
902.55698;31.42;0.000283136741907708;0.984025202947981
902.658;31.42667;0.000282642431298477;0.984025202947981
902.75303;31.43334;0.000282150513316385;0.984058748674102
902.85099;31.44;0.000281659580795302;0.984058748674102
902.96598;31.44667;0.000281164025181388;0.984058748674102
903.05302;31.45334;0.000280669836469244;0.984058748674102
903.16703;31.46;0.000280175814513042;0.984025202947981
903.25797;31.46667;0.000279676331345681;0.984025202947981
903.35697;31.47334;0.000279177265395301;0.984025202947981
903.45298;31.48;0.000278678793102133;0.984058748674102
903.55802;31.48667;0.000278181090656163;0.984025202947981
903.64799;31.49334;0.000277687130657922;0.984025202947981
903.75901;31.5;0.000277195591635449;0.984058748674102
903.85203;31.50667;0.000276706663272185;0.984058748674102
903.95701;31.51334;0.000276220544246165;0.984058748674102
904.05698;31.52;0.00027573732815253;0.984058748674102
904.155;31.52667;0.000275255604318231;0.984058748674102
904.25602;31.53334;0.000274775483183964;0.984058748674102
904.35898;31.54;0.000274295551163761;0.984058748674102
904.46;31.54667;0.000273815897148739;0.984092294400222
904.55399;31.55334;0.000273340931703309;0.984125840126343
904.64701;31.56;0.000272869037291351;0.984159385852464
904.754;31.56667;0.000272394180601911;0.984159385852464
904.85801;31.57334;0.000271917738700252;0.984226623792592
904.94901;31.58;0.000271445731646726;0.984260169518713
905.04697;31.58667;0.000270978256937667;0.984260169518713
905.15403;31.59334;0.000270509467456684;0.984293715244833
905.25303;31.6;0.000270040974454483;0.984327260970954
905.35502;31.60667;0.00026957880137734;0.984327260970954
905.44999;31.61334;0.000269117325177788;0.984360806697075
905.55503;31.62;0.00026865816364679;0.984360806697075
905.66202;31.62667;0.000268202804078417;0.984394352423195
905.74998;31.63334;0.00026774982468245;0.984427898149316
905.85203;31.64;0.000267297939546626;0.984394352423195
905.95701;31.64667;0.000266847346295678;0.984360806697075
906.05503;31.65334;0.00026639963740492;0.984360806697075
906.15098;31.66;0.000265954798201113;0.984360806697075
906.25101;31.66667;0.000265514321744568;0.984327260970954
906.36698;31.67334;0.000265075377373716;0.984327260970954
906.46097;31.68;0.000264639453236509;0.984327260970954
906.56101;31.68667;0.000264209654718772;0.984293715244833
906.655;31.69334;0.000263780246041572;0.984327260970954
906.76102;31.7;0.000263352724124585;0.984360806697075
906.86002;31.70667;0.000262931695728354;0.984327260970954
906.95902;31.71334;0.000262514436728924;0.984327260970954
907.051;31.72;0.000262098025788085;0.984327260970954
907.155;31.72667;0.000261686734807265;0.984360806697075
907.25199;31.73334;0.000261280737736576;0.984394352423195
907.35898;31.74;0.000260880238108449;0.984427898149316
907.44901;31.74667;0.000260486614161108;0.984494989601557
907.55503;31.75334;0.000260092521237844;0.984528535327678
907.65299;31.76;0.000259700963759659;0.984595773267806
907.74802;31.76667;0.000259315129195863;0.984629318993927
907.85099;31.77334;0.000258935084504457;0.984662864720048
907.95499;31.78;0.000258559309664085;0.984696410446169
908.05198;31.78667;0.000258189388610421;0.98476350189841
908.14799;31.79334;0.000257820981782818;0.984830593350651
908.24601;31.8;0.000257453954268588;0.984864139076772
908.35001;31.80667;0.000257091274935894;0.9849313770169
908.45902;31.81334;0.000256731809593371;0.9849313770169
908.55198;31.82;0.000256377232925142;0.984998468469142
908.65299;31.82667;0.000256026089641546;0.984998468469142
908.75303;31.83334;0.00025567981820145;0.985032014195262
908.853;31.84;0.000255341484877941;0.985032014195262
908.952;31.84667;0.000255012649226875;0.985032014195262
909.05802;31.85334;0.000254686045940298;0.985099105647504
909.15098;31.86;0.000254363349813692;0.985099105647504
909.24497;31.86667;0.000254047730400682;0.985132651373624
909.34501;31.87334;0.000253736331583335;0.985166197099745
909.44999;31.88;0.00025342909023073;0.985199742825866
909.54398;31.88667;0.000253130356720112;0.985233435039873
909.65201;31.89334;0.000252838776667352;0.985266980765994
909.749;31.9;0.000252552901058458;0.985266980765994
909.853;31.90667;0.000252268141774911;0.985300526492115
909.95499;31.91334;0.000251984296950286;0.985334072218235
910.04801;31.92;0.000251710131292568;0.985300526492115
910.14799;31.92667;0.000251444174769463;0.985334072218235
910.24698;31.93334;0.000251183430874785;0.985334072218235
910.35203;31.94;0.000250925144986525;0.985367617944356
910.44999;31.94667;0.000250670849877266;0.985367617944356
910.53702;31.95334;0.000250424861456528;0.985367617944356
910.655;31.96;0.000250185813912466;0.985367617944356
910.75303;31.96667;0.000249955242292612;0.985401163670477
910.84501;31.97334;0.000249731666949397;0.985434709396597
910.947;31.98;0.000249513630118668;0.985468255122718
911.046;31.98667;0.000249301170435588;0.98553534657496
911.15403;31.99334;0.000249094308911053;0.985602584515088
911.249;32;0.000248893084367193;0.985669675967329
911.348;32.00667;0.000248691818668038;0.98573676741957
911.44401;32.01334;0.000248495041873105;0.985803858871812
911.54398;32.02;0.00024830426943507;0.985870950324053
911.64402;32.02667;0.000248118101951382;0.985938188264182
911.73301;32.03334;0.000247939437886116;0.985938188264182
911.85001;32.04;0.000247766877507032;0.985971733990302
911.94102;32.04667;0.000247599116127137;0.985971733990302
912.04203;32.05334;0.000247437656438983;0.985971733990302
912.14701;32.06;0.000247283892524532;0.986038825442544
912.24003;32.06667;0.000247136302644846;0.986038825442544
912.34598;32.07334;0.000246994982563753;0.986072371168664
912.44199;32.08;0.000246861427722254;0.986105916894785
912.54301;32.08667;0.000246732614180113;0.986139462620906
912.64799;32.09334;0.000246609925773213;0.986173008347026
912.74497;32.1;0.000246496256759593;0.986206554073147
912.84098;32.10667;0.000246388582361256;0.986240246287155
912.93302;32.11334;0.000246286780663947;0.986240246287155
913.04801;32.12;0.000246190952893298;0.986307337739396
913.13999;32.12667;0.000246101090620488;0.986374429191637
913.24198;32.13334;0.000246018460459783;0.986407974917758
913.34598;32.14;0.000245940142106308;0.986441520643879
913.43998;32.14667;0.000245867630057162;0.986475066369999
913.55302;32.15334;0.000245800899740912;0.986475066369999
913.64799;32.16;0.00024573982697182;0.98650861209612
913.74198;32.16667;0.00024568718916303;0.986542157822241
913.84202;32.17334;0.000245640060359845;0.986575850036248
913.947;32.18;0.000245596917376755;0.986609395762369
914.04301;32.18667;0.000245559235006497;0.98664294148849
914.13602;32.19334;0.000245527089202198;0.986676487214611
914.24497;32.2;0.000245501866752566;0.986676487214611
914.34299;32.20667;0.000245480536807179;0.986676487214611
914.43699;32.21334;0.000245462938840172;0.986676487214611
914.54697;32.22;0.000245453457698863;0.986710032940731
914.63499;32.22667;0.000245449263703064;0.986676487214611
914.741;32.23334;0.000245450318164265;0.986710032940731
914.84501;32.24;0.000245458111662874;0.986743578666852
914.94401;32.24667;0.000245471201141513;0.986777124392972
915.04099;32.25334;0.000245489543871981;0.986810670119093
915.13901;32.26;0.000245513121113807;0.986844215845214
915.24198;32.26667;0.000245541892710244;0.986877761571334
915.34598;32.27334;0.000245574417138653;0.986877761571334
915.43802;32.28;0.000245612172147111;0.986944999511463
915.54301;32.28667;0.00024565650382897;0.986944999511463
915.63297;32.29334;0.000245704451372958;0.986978545237584
915.74399;32.3;0.000245754578701491;0.986978545237584
915.85697;32.30667;0.000245806825379192;0.987012090963704
915.94901;32.31334;0.000245865534132918;0.987045636689825
916.038;32.32;0.000245930749942708;0.987045636689825
916.13297;32.32667;0.000245998098602257;0.987079182415946
916.24198;32.33334;0.00024607321397885;0.987079182415946
916.33903;32.34;0.000246151509821824;0.987012090963704
916.43699;32.34667;0.000246232914537537;0.986978545237584
916.54099;32.35334;0.000246321762095987;0.986944999511463
916.63798;32.36;0.000246417774231773;0.986944999511463
916.74198;32.36667;0.000246519166943041;0.986911453785342
916.83298;32.37334;0.000246620163838069;0.986911453785342
916.93302;32.38;0.000246723825315628;0.986911453785342
917.04099;32.38667;0.000246834494418565;0.986911453785342
917.13401;32.39334;0.000246947669826438;0.986911453785342
917.23002;32.4;0.000247064677371059;0.986944999511463
917.33799;32.40667;0.00024718845977262;0.987012090963704
917.43601;32.41334;0.000247311724780009;0.987012090963704
917.52799;32.42;0.000247440104062892;0.987045636689825
917.63297;32.42667;0.000247575023102485;0.987079182415946
917.73899;32.43334;0.000247707780011186;0.987079182415946
917.83201;32.44;0.000247845625583676;0.987112728142066
917.94102;32.44667;0.000247988571692356;0.987146273868187
918.025;32.45334;0.000248132113979457;0.987179819594308
918.13901;32.46;0.000248281878328944;0.987179819594308
918.23801;32.46667;0.000248434963585797;0.987213365320428
918.33799;32.47334;0.000248591396838851;0.987247057534436
918.43802;32.48;0.000248752602536103;0.987247057534436
918.53501;32.48667;0.00024891709534013;0.987280603260557
918.645;32.49334;0.0002490846855293;0.987280603260557
918.73398;32.5;0.000249255186257758;0.987314148986677
918.84098;32.50667;0.000249427111131161;0.987314148986677
918.93101;32.51334;0.000249601879607183;0.987314148986677
919.03397;32.52;0.000249779297752544;0.987347694712798
919.13102;32.52667;0.000249960570292762;0.987347694712798
919.23002;32.53334;0.000250145613678536;0.987347694712798
919.33201;32.54;0.000250330038051501;0.98741478616504
919.42399;32.54667;0.000250515253790941;0.98741478616504
919.52701;32.55334;0.000250705586673214;0.98741478616504
919.63602;32.56;0.000250896537911098;0.98741478616504
919.72599;32.56667;0.000251086508093879;0.98744833189116
919.83597;32.57334;0.000251278192341766;0.987481877617281
919.93497;32.58;0.000251471388489847;0.987481877617281
920.03397;32.58667;0.000251665996308444;0.987481877617281
920.13499;32.59334;0.000251866105361213;0.987548969069522
920.23801;32.6;0.000252071426781087;0.98758266128353
920.33201;32.60667;0.000252276171263342;0.98758266128353
920.42301;32.61334;0.00025248036105293;0.987649752735771
920.533;32.62;0.000252683822944618;0.987683298461892
920.63102;32.62667;0.00025289076905667;0.987716844188013
920.73502;32.63334;0.00025309830181936;0.987750389914133
920.83201;32.64;0.000253300756322052;0.987783935640254
920.92399;32.64667;0.000253505358086391;0.987817481366375
921.02903;32.65334;0.000253710604740377;0.987884572818616
921.12101;32.66;0.000253915120608809;0.987884572818616
921.22599;32.66667;0.0002541173858747;0.987918265032624
921.33201;32.67334;0.000254318592424468;0.988018902210986
921.42899;32.68;0.000254521338277209;0.988085993663227
921.53599;32.68667;0.000254724097054894;0.988153085115468
921.63798;32.69334;0.00025492977570113;0.988253868781717
921.72703;32.7;0.000255132355906936;0.988320960233959
921.82102;32.70667;0.000255334527627744;0.988421597412321
921.93198;32.71334;0.000255536178242685;0.988488688864562
922.02799;32.72;0.000255737215167329;0.988555780316804
922.13499;32.72667;0.000255940542306558;0.988589472530811
922.22599;32.73334;0.000256143253611282;0.988589472530811
922.32297;32.74;0.000256346773614491;0.988623018256932
922.42197;32.74667;0.000256549602139867;0.988623018256932
922.53599;32.75334;0.000256750346648835;0.988623018256932
922.62998;32.76;0.000256950536281874;0.988656563983052
922.73099;32.76667;0.000257151371835101;0.988656563983052
922.82102;32.77334;0.000257351253203531;0.988656563983052
922.92899;32.78;0.000257550311511799;0.988690109709173
923.02701;32.78667;0.000257747058202549;0.988723655435294
923.12998;32.79334;0.000257941295577934;0.988757201161415
923.22703;32.8;0.000258134330794344;0.988757201161415
923.32401;32.80667;0.000258326071992743;0.988790746887535
923.41801;32.81334;0.000258516425047027;0.988824292613656
923.52903;32.82;0.000258705300125481;0.988824292613656
923.63199;32.82667;0.00025889260198401;0.988857838339777
923.72599;32.83334;0.00025907964596681;0.988857838339777
923.83402;32.84;0.0002592648504675;0.988891384065897
923.93003;32.84667;0.000259448127785139;0.988891384065897
924.03202;32.85334;0.000259627994082131;0.988891384065897
924.137;32.86;0.000259802964958643;0.988925076279905
924.22501;32.86667;0.000259975859645877;0.988925076279905
924.33597;32.87334;0.000260148091885293;0.988958622006026
924.421;32.88;0.00026031957613603;0.988958622006026
924.53202;32.88667;0.000260488726705506;0.988992167732146
924.62803;32.89334;0.000260655463519109;0.988992167732146
924.723;32.9;0.000260821112208185;0.989025713458267
924.82603;32.90667;0.000260986897114308;0.989025713458267
924.92301;32.91334;0.000261149736077469;0.989092804910508
925.025;32.92;0.000261309686042281;0.989092804910508
925.12101;32.92667;0.000261462484205132;0.989092804910508
925.223;32.93334;0.000261612476521267;0.98915989636275
925.32499;32.94;0.0002617655223214;0.989193442088871
925.42301;32.94667;0.000261915859195082;0.989260680028999
925.52201;32.95334;0.000262061935378213;0.989260680028999
925.629;32.96;0.000262206611168917;0.98932777148124
925.71702;32.96667;0.00026234843880858;0.989361317207361
925.81803;32.97334;0.000262487386118676;0.989428408659602
925.91703;32.98;0.000262623406628993;0.989461954385723
926.02;32.98667;0.000262753543673325;0.989495500111844
926.12101;32.99334;0.000262882069398425;0.989562591564085
926.21799;33;0.000263008837189102;0.989562591564085
926.31498;33.00667;0.000263129393502556;0.989629829504213
926.41001;33.01334;0.000263249520481725;0.989663375230334
926.52;33.02;0.000263366275583395;0.989663375230334
926.611;33.02667;0.000263476597551008;0.989696920956455
926.71299;33.03334;0.000263586058848478;0.989730466682575
926.81998;33.04;0.000263690337731654;0.989696920956455
926.91801;33.04667;0.00026379101527862;0.989730466682575
927.02;33.05334;0.000263887944732219;0.989730466682575
927.12198;33.06;0.000263978080799816;0.989764012408696
927.21799;33.06667;0.00026406580950229;0.989764012408696
927.31602;33.07334;0.000264151203282646;0.989797558134817
927.41801;33.08;0.000264231225348059;0.989797558134817
927.51401;33.08667;0.000264305739635882;0.989797558134817
927.62101;33.09334;0.000264376216100003;0.989797558134817
927.71403;33.1;0.000264442522351802;0.989831103860937
927.80997;33.10667;0.000264504734612957;0.989831103860937
927.91703;33.11334;0.000264564441923684;0.989864649587058
928.01603;33.12;0.000264618602631786;0.989864649587058
928.11198;33.12667;0.000264668578419312;0.989864649587058
928.20798;33.13334;0.000264717258659725;0.989864649587058
928.322;33.14;0.000264758931548031;0.989931887527186
928.40598;33.14667;0.000264796476267198;0.989965433253307
928.51499;33.15334;0.000264829756426991;0.989998978979428
928.616;33.16;0.00026486026595688;0.990032524705548
928.72001;33.16667;0.000264886587311056;0.990066070431669
928.80997;33.17334;0.000264905690685628;0.990066070431669
928.913;33.18;0.000264920354280131;0.99009961615779
929.01603;33.18667;0.000264932058709201;0.990200253336152
929.10099;33.19334;0.000264937871466248;0.99026749127628
929.21299;33.2;0.000264939186161994;0.990301037002401
929.30997;33.20667;0.000264937392464985;0.990368128454642
929.42002;33.21334;0.000264929443664993;0.990435219906884
929.517;33.22;0.000264915331877218;0.990435219906884
929.611;33.22667;0.000264898058984664;0.990535857085246
929.70902;33.23334;0.000264877586175214;0.990535857085246
929.81803;33.24;0.00026484809311096;0.990603095025374
929.91599;33.24667;0.000264819806155246;0.990636640751495
930.01298;33.25334;0.000264789688524792;0.990703732203736
930.11198;33.26;0.000264751940483275;0.990770823655977
930.21;33.26667;0.000264712589411837;0.990770823655977
930.31602;33.27334;0.000264668627478482;0.990804369382098
930.41398;33.28;0.000264619853482469;0.990770823655977
930.517;33.28667;0.000264567882324842;0.990804369382098
930.61802;33.29334;0.000264507021209657;0.990837915108219
930.72098;33.3;0.000264440188631937;0.990837915108219
930.81302;33.30667;0.000264368996627227;0.990837915108219
930.91398;33.31334;0.000264293548480932;0.990871460834339
931.00901;33.32;0.000264212439647995;0.990871460834339
931.11899;33.32667;0.000264124272336444;0.990871460834339
931.21;33.33334;0.000264031838470514;0.990905153048347
931.31803;33.34;0.000263935014883913;0.990972244500589
931.40598;33.34667;0.000263835301992013;0.991005790226709
931.51603;33.35334;0.000263729780847738;0.99103933595283
931.61503;33.36;0.000263621247255235;0.99107288167895
931.72501;33.36667;0.000263509700689499;0.991106427405071
931.82401;33.37334;0.000263393737150565;0.991207064583433
931.91801;33.38;0.000263277567914681;0.991240756797441
932.017;33.38667;0.000263158089039061;0.991274302523562
932.10898;33.39334;0.000263031007506476;0.991341393975803
932.21799;33.4;0.000262899365311287;0.991374939701924
932.31302;33.40667;0.000262763077523364;0.991374939701924
932.41703;33.41334;0.000262622145038039;0.991442031154165
932.517;33.42;0.00026247971431111;0.991442031154165
932.61399;33.42667;0.000262329999350104;0.991442031154165
932.71598;33.43334;0.000262175814249835;0.991408485428044
932.81602;33.44;0.000262020205097222;0.991408485428044
932.91398;33.44667;0.000261856086782119;0.991408485428044
933.00999;33.45334;0.000261686376019141;0.991374939701924
933.11301;33.46;0.000261512286755167;0.991341393975803
933.21598;33.46667;0.000261332112724028;0.991307848249682
933.31699;33.47334;0.000261148746205018;0.991307848249682
933.40598;33.48;0.000260962219514582;0.991307848249682
933.50999;33.48667;0.000260769636548655;0.991274302523562
933.61503;33.49334;0.000260571114889593;0.991274302523562
933.70798;33.5;0.000260369589825842;0.991240756797441
933.80997;33.50667;0.000260163464043721;0.991274302523562
933.90702;33.51334;0.000259954241668067;0.991274302523562
934.012;33.52;0.000259743673637656;0.991307848249682
934.103;33.52667;0.000259528993721334;0.991341393975803
934.20902;33.53334;0.00025931173780938;0.991374939701924
934.30698;33.54;0.000259090550452003;0.991374939701924
934.40201;33.54667;0.000258865473271942;0.991442031154165
934.51603;33.55334;0.000258639445075165;0.991442031154165
934.616;33.56;0.000258408100096572;0.991475576880286
934.70603;33.56667;0.00025816997881611;0.991509122606406
934.81199;33.57334;0.000257931040153194;0.991475576880286
934.90598;33.58;0.000257688536785673;0.991509122606406
935.00101;33.58667;0.000257439503284729;0.991542668332527
935.10801;33.59334;0.000257185369025188;0.991576360546535
935.20902;33.6;0.000256927784460926;0.991609906272655
935.309;33.60667;0.000256669699408817;0.991609906272655
935.40098;33.61334;0.0002564081394446;0.991676997724897
935.49802;33.62;0.000256141864468625;0.991811180629379
935.60203;33.62667;0.000255875437914998;0.991878272081621
935.70603;33.63334;0.000255607405874575;0.99197905574787
935.81199;33.64;0.000255334814743341;0.992079692926232
935.90897;33.64667;0.000255057614982176;0.992146784378473
936.01499;33.65334;0.000254777357756113;0.992247568044722
936.10398;33.66;0.000254497218249337;0.992314659496963
936.20499;33.66667;0.000254214457648391;0.992348205223084
936.314;33.67334;0.000253927635188128;0.992415296675326
936.41703;33.68;0.000253638212774571;0.992415296675326
936.50797;33.68667;0.000253341722268007;0.992415296675326
936.603;33.69334;0.000253045320210557;0.992415296675326
936.70402;33.7;0.000252744758777175;0.992448842401446
936.80399;33.70667;0.000252440194550392;0.992448842401446
936.90598;33.71334;0.00025213598969089;0.992482388127567
937.01298;33.72;0.000251830586433646;0.992482388127567
937.10502;33.72667;0.000251523931710171;0.992549479579808
937.20603;33.73334;0.000251214587422425;0.992549479579808
937.30399;33.74;0.000250902640199802;0.992583171793816
937.40598;33.74667;0.000250588147725021;0.992616717519937
937.50999;33.75334;0.000250271168819524;0.992650263246057
937.61399;33.76;0.000249951791380118;0.992683808972178
937.70902;33.76667;0.000249627278081018;0.992717354698299
937.80997;33.77334;0.000249299310373959;0.992717354698299
937.905;33.78;0.000248968050231568;0.992750900424419
938.00901;33.78667;0.00024863364904028;0.992750900424419
938.11301;33.79334;0.000248297669959193;0.99278444615054
938.20902;33.8;0.000247960161435473;0.992817991876661
938.309;33.80667;0.000247621172541691;0.992817991876661
938.41202;33.81334;0.000247280752965301;0.992885083328902
938.50797;33.82;0.00024694035416004;0.992885083328902
938.59897;33.82667;0.000246598523144992;0.99295232126903
938.702;33.83334;0.00024625391502177;0.99295232126903
938.80503;33.84;0.000245909491553413;0.993019412721272
938.90598;33.84667;0.000245563801268749;0.993019412721272
939.01603;33.85334;0.000245216900849208;0.993086504173513
939.10203;33.86;0.000244870251795393;0.993120049899634
939.20103;33.86667;0.0002445210065228;0.993153595625755
939.30399;33.87334;0.000244170731616008;0.993220687077996
939.40299;33.88;0.000243819488507362;0.993254379292004
939.50699;33.88667;0.000243465934519786;0.993287925018124
939.59897;33.89334;0.00024311163347843;0.993355016470366
939.69303;33.9;0.000242755239707654;0.993355016470366
939.796;33.90667;0.000242398312962509;0.993388562196486
939.89701;33.91334;0.000242042305882187;0.993455653648728
939.999;33.92;0.0002416871677057;0.993489199374848
940.10203;33.92667;0.00024133005059498;0.993522745100969
940.19901;33.93334;0.000240971120626167;0.99355629082709
940.301;33.94;0.000240614739554131;0.99355629082709
940.40299;33.94667;0.00024025795401781;0.99355629082709
940.49601;33.95334;0.000239899426061856;0.993522745100969
940.60099;33.96;0.000239540722917205;0.993489199374848
940.69901;33.96667;0.000239181903286884;0.993455653648728
940.80698;33.97334;0.000238823026083562;0.993422107922607
940.908;33.98;0.000238464150407841;0.993388562196486
941.01401;33.98667;0.000238106736688604;0.993388562196486
941.10697;33.99334;0.00023775073953296;0.993355016470366
941.20701;34;0.000237394723762582;0.993355016470366
941.30002;34.00667;0.000237037355086264;0.993355016470366
941.40702;34.01334;0.000236681611559168;0.993455653648728
941.50101;34.02;0.000236327452346866;0.993489199374848
941.59702;34.02667;0.000235970631689904;0.993522745100969
941.70902;34.03334;0.000235614236252822;0.99355629082709
941.79899;34.04;0.000235259732853582;0.993623528767218
941.89799;34.04667;0.000234904278655856;0.993657074493339
942.00101;34.05334;0.00023454944441382;0.993657074493339
942.10599;34.06;0.000234195295141649;0.993690620219459
942.21598;34.06667;0.000233841892309848;0.993690620219459
942.30601;34.07334;0.000233490697320607;0.99372416594558
942.39902;34.08;0.000233137470393054;0.99372416594558
942.49399;34.08667;0.000232782481209146;0.993757711671701
942.60001;34.09334;0.000232430196214036;0.993757711671701
942.697;34.1;0.000232080557157796;0.993791257397821
942.79899;34.10667;0.000231730711467183;0.993824803123942
942.9;34.11334;0.000231382219954262;0.993824803123942
942.99998;34.12;0.000231036532354732;0.993891894576184
943.10697;34.12667;0.000230690795246722;0.993891894576184
943.20298;34.13334;0.000230347968629617;0.993891894576184
943.29099;34.14;0.000230009400713185;0.993959132516312
943.40598;34.14667;0.00022966933563905;0.993959132516312
943.50101;34.15334;0.000229329444344821;0.993959132516312
943.60001;34.16;0.000228992682706115;0.993959132516312
943.70701;34.16667;0.000228658996845078;0.994026223968553
943.80302;34.17334;0.000228328333988032;0.994026223968553
943.90201;34.18;0.000227999250869438;0.994026223968553
943.99998;34.18667;0.000227673206725215;0.994026223968553
944.103;34.19334;0.000227348754042616;0.994026223968553
944.19797;34.2;0.000227025968913856;0.994093315420794
944.296;34.20667;0.000226704903831932;0.994093315420794
944.40403;34.21334;0.00022638421087073;0.994093315420794
944.499;34.22;0.000226065465223572;0.994126861146915
944.59299;34.22667;0.000225750120296828;0.994126861146915
944.70701;34.23334;0.000225438122679991;0.994126861146915
944.79502;34.24;0.000225126633309221;0.994193952599157
944.90201;34.24667;0.000224817218532637;0.994261190539285
944.99802;34.25334;0.000224508523316031;0.994294736265406
945.10203;34.26;0.000224202103369535;0.994328281991526
945.19999;34.26667;0.000223898010542166;0.994361827717647
945.29502;34.27334;0.000223594888966875;0.994428919169888
945.39597;34.28;0.000223294289824292;0.994462464896009
945.49802;34.28667;0.000222994849926642;0.994462464896009
945.60099;34.29334;0.000222700911306423;0.994462464896009
945.689;34.3;0.000222409502548535;0.99449601062213
945.79502;34.30667;0.000222119260675534;0.994462464896009
945.90403;34.31334;0.000221833127736216;0.994462464896009
946.00199;34.32;0.000221549637195569;0.994462464896009
946.09098;34.32667;0.000221268829408941;0.99449601062213
946.19999;34.33334;0.000220990730809937;0.994462464896009
946.29502;34.34;0.00022071397219408;0.994462464896009
946.38999;34.34667;0.000220440094000195;0.994462464896009
946.49302;34.35334;0.00022017052128373;0.994563102074371
946.59098;34.36;0.000219900976819962;0.994630340014499
946.69199;34.36667;0.000219634494081946;0.99466388574062
946.79203;34.37334;0.000219372490069152;0.994730977192861
946.89902;34.38;0.000219113478635252;0.994764522918982
946.99698;34.38667;0.000218857477626639;0.994831614371224
947.09501;34.39334;0.000218603103382998;0.994898705823465
947.19797;34.4;0.000218351875778354;0.994932398037472
947.29502;34.40667;0.000218105205674917;0.994965943763593
947.38999;34.41334;0.000217862996539409;0.994965943763593
947.50303;34.42;0.000217623760487693;0.994999489489714
947.59202;34.42667;0.000217388911291317;0.994999489489714
947.68802;34.43334;0.0002171583613672;0.995033035215835
947.79001;34.44;0.000216930625330127;0.995033035215835
947.89799;34.44667;0.000216705711889148;0.995066580941955
947.99497;34.45334;0.000216483640863847;0.995100126668076
948.09702;34.46;0.000216264436478794;0.995133672394197
948.19901;34.46667;0.000216048113908618;0.995167218120317
948.30002;34.47334;0.000215831873787393;0.995200763846438
948.39799;34.48;0.000215617330617743;0.995234309572559
948.491;34.48667;0.000215405990677816;0.995234309572559
948.58799;34.49334;0.000215196444300474;0.995268001786566
948.69401;34.5;0.000214992987460936;0.995268001786566
948.79801;34.50667;0.000214792595699853;0.995301547512687
948.90403;34.51334;0.0002145938580485;0.995301547512687
948.999;34.52;0.000214399671134493;0.995301547512687
949.09897;34.52667;0.000214208512757954;0.995301547512687
949.19901;34.53334;0.000214020366677175;0.995335093238808
949.29502;34.54;0.000213835221270803;0.995335093238808
949.38602;34.54667;0.000213653062579196;0.995335093238808
949.49698;34.55334;0.000213472462158704;0.995368638964928
949.59202;34.56;0.000213296299621192;0.995368638964928
949.69401;34.56667;0.000213125850726759;0.995368638964928
949.78599;34.57334;0.000212956678327871;0.995402184691049
949.89298;34.58;0.000212788874308302;0.995402184691049
950.00199;34.58667;0.000212623914950675;0.99543573041717
950.09897;34.59334;0.000212460367109572;0.99543573041717
950.18802;34.6;0.000212299704047379;0.99546927614329
950.29001;34.60667;0.000212143286371362;0.995502821869411
950.38901;34.61334;0.000211989573061348;0.995502821869411
950.49003;34.62;0.000211838523807524;0.995536367595532
950.58903;34.62667;0.000211690090310045;0.995569913321652
950.684;34.63334;0.000211544235298742;0.995569913321652
950.78397;34.64;0.00021139951839339;0.99560360553566
950.88798;34.64667;0.000211255994653225;0.99560360553566
950.98502;34.65334;0.000211115115961967;0.995670696987902
951.08903;34.66;0.00021097822500575;0.995704242714022
951.18998;34.66667;0.000210842356692634;0.995704242714022
951.28501;34.67334;0.000210708958046787;0.995737788440143
951.39103;34.68;0.00021058076809496;0.995737788440143
951.48197;34.68667;0.000210454714260938;0.995737788440143
951.59202;34.69334;0.000210330737663295;0.995737788440143
951.68802;34.7;0.00021020878416706;0.995737788440143
951.79301;34.70667;0.00021008879132384;0.995737788440143
951.9;34.71334;0.000209969295052432;0.995737788440143
951.99198;34.72;0.000209853145140604;0.995737788440143
952.08701;34.72667;0.000209738760038752;0.995737788440143
952.19797;34.73334;0.000209624664710439;0.995737788440143
952.29301;34.74;0.00020951230344331;0.995737788440143
952.39298;34.74667;0.000209401600364848;0.995771334166264
952.48398;34.75334;0.000209293878311229;0.995804879892384
952.60001;34.76;0.000209186158922057;0.995804879892384
952.69401;34.76667;0.000209079869469663;0.995804879892384
952.80302;34.77334;0.000208974928258026;0.995838425618505
952.88499;34.78;0.000208867051933411;0.995838425618505
952.99497;34.78667;0.000208759266376717;0.995905517070746
953.09098;34.79334;0.000208654379544242;0.995905517070746
953.19498;34.8;0.000208552179366689;0.995939209284754
953.29502;34.80667;0.000208451063114316;0.995972755010875
953.39402;34.81334;0.000208350934530316;0.996006300736995
953.49601;34.82;0.000208253094246282;0.996039846463116
953.59;34.82667;0.000208155940158126;0.996073392189237
953.69102;34.83334;0.000208059376707277;0.996073392189237
953.79099;34.84;0.000207964708443308;0.996140483641478
953.89402;34.84667;0.000207873136188066;0.996140483641478
953.991;34.85334;0.000207780155114653;0.996140483641478
954.09702;34.86;0.00020768578698392;0.996207575093719
954.19999;34.86667;0.000207592843239407;0.996207575093719
954.296;34.87334;0.000207498320579604;0.996207575093719
954.39103;34.88;0.000207403631644528;0.996274813033848
954.49399;34.88667;0.00020731007722028;0.99624112081984
954.59702;34.89334;0.000207216051178938;0.996274813033848
954.69303;34.9;0.000207120060465638;0.996308358759968
954.79697;34.90667;0.000207023509486913;0.996308358759968
954.90098;34.91334;0.000206927700505721;0.996308358759968
954.991;34.92;0.000206829622591396;0.996308358759968
955.08799;34.92667;0.000206730671588425;0.996274813033848
955.20103;34.93334;0.000206630747763321;0.996274813033848
955.29099;34.94;0.000206529747336533;0.996274813033848
955.38798;34.94667;0.000206427562570138;0.996274813033848
955.499;34.95334;0.000206322685081308;0.996274813033848
955.59098;34.96;0.00020621791209988;0.996274813033848
955.68802;34.96667;0.000206111626624411;0.996308358759968
955.79099;34.97334;0.000206002318749375;0.996308358759968
955.892;34.98;0.00020589418545851;0.996308358759968
955.99198;34.98667;0.000205784104592654;0.996341904486089
956.08903;34.99334;0.000205669168707351;0.996341904486089
956.19303;35;0.000205552279971382;0.996341904486089
956.29001;35.00667;0.000205434723983649;0.99637545021221
956.39103;35.01334;0.000205316280204586;0.99640899593833
956.49198;35.02;0.000205193936894388;0.996476087390572
956.58903;35.02667;0.000205067688039824;0.996509633116692
956.68998;35.03334;0.000204941726235597;0.996576724568934
956.78599;35.04;0.000204814338989533;0.996610416782941
956.88401;35.04667;0.000204681104515799;0.996643962509062
956.986;35.05334;0.00020454632142385;0.996643962509062
957.08402;35.06;0.000204409786098647;0.996711053961303
957.18699;35.06667;0.000204268484253497;0.996744599687424
957.28098;35.07334;0.000204123815460354;0.996778145413545
957.379;35.08;0.000203975677033804;0.996778145413545
957.48899;35.08667;0.000203823959758317;0.996845236865786
957.58903;35.09334;0.000203669954820855;0.996845236865786
957.68302;35.1;0.000203510657074362;0.996878782591907
957.79001;35.10667;0.000203346070307516;0.996878782591907
957.892;35.11334;0.000203181784820593;0.996946020532035
957.991;35.12;0.000203014582024201;0.997013111984277
958.08597;35.12667;0.000202841463006935;0.997080203436518
958.189;35.13334;0.000202665242709146;0.997113749162639
958.288;35.14;0.000202484325987973;0.997147294888759
958.40098;35.14667;0.000202298610552515;0.997247932067121
958.49497;35.15334;0.000202108007426601;0.997281624281129
958.58597;35.16;0.000201911036284877;0.997382261459491
958.689;35.16667;0.000201707710544304;0.997415807185612
958.796;35.17334;0.000201496629916682;0.997449352911733
958.88999;35.18;0.000201280699694342;0.997482898637853
958.98698;35.18667;0.000201059817820379;0.997482898637853
959.08597;35.19334;0.000200832476476259;0.997516444363974
959.19401;35.2;0.000200601474933083;0.997482898637853
959.29099;35.20667;0.000200365199717115;0.997516444363974
959.39298;35.21334;0.000200122145945786;0.997516444363974
959.48398;35.22;0.000199875115966678;0.997516444363974
959.58298;35.22667;0.000199623900684594;0.997482898637853
959.69199;35.23334;0.000199366893768994;0.997516444363974
959.79203;35.24;0.000199102604026207;0.997516444363974
959.88499;35.24667;0.000198832439799852;0.997549990090094
959.986;35.25334;0.000198557703263014;0.997549990090094
960.07798;35.26;0.000198275398164099;0.997583535816215
960.18802;35.26667;0.000197986936678346;0.997583535816215
960.28599;35.27334;0.000197692224827876;0.997617228030223
960.38297;35.28;0.000197391173299778;0.997617228030223
960.48698;35.28667;0.000197083690951855;0.997650773756343
960.58402;35.29334;0.000196768288131656;0.997650773756343
960.68998;35.3;0.000196447789057266;0.997684319482464
960.78501;35.30667;0.00019612059317267;0.997717865208585
960.87998;35.31334;0.000195786609744899;0.997751410934706
960.98301;35.32;0.000195445765638991;0.997751410934706
961.07999;35.32667;0.000195097979546591;0.997784956660826
961.18302;35.33334;0.000194743172002098;0.997784956660826
961.288;35.34;0.000194381268567819;0.997818502386947
961.38901;35.34667;0.000194012193334465;0.997818502386947
961.48899;35.35334;0.000193637272459038;0.997852048113067
961.58103;35.36;0.000193254935437055;0.997852048113067
961.68497;35.36667;0.000192862313431248;0.997852048113067
961.783;35.37334;0.000192465152027896;0.997885593839188
961.88602;35.38;0.000192061778964173;0.997885593839188
961.98002;35.38667;0.000191650635920041;0.997818502386947
962.07499;35.39334;0.000191230261530447;0.997818502386947
962.18198;35.4;0.000190802108313259;0.997784956660826
962.29099;35.40667;0.00019036752928228;0.997751410934706
962.39298;35.41334;0.000189924967019714;0.997717865208585
962.49601;35.42;0.000189474384553051;0.997684319482464
962.59202;35.42667;0.000189014335850133;0.997650773756343
962.68998;35.43334;0.00018854768336447;0.997650773756343
962.79398;35.44;0.00018807148645878;0.997617228030223
962.89402;35.44667;0.000187587216579453;0.997617228030223
962.99003;35.45334;0.000187096227350873;0.997617228030223
963.09299;35.46;0.00018659417746022;0.997583535816215
963.18998;35.46667;0.000186084049328816;0.997583535816215
963.296;35.47334;0.00018556720611715;0.997617228030223
963.39597;35.48;0.000185039312498869;0.997617228030223
963.48398;35.48667;0.000184503347680298;0.997617228030223
963.60203;35.49334;0.000183960678269271;0.997617228030223
963.69303;35.5;0.000183409771641721;0.997650773756343
963.79099;35.50667;0.000182850603117575;0.997684319482464
963.895;35.51334;0.000182283150609385;0.997684319482464
963.991;35.52;0.000181707397786899;0.997684319482464
964.09501;35.52667;0.000181121926394114;0.997751410934706
964.19602;35.53334;0.000180528226893355;0.997751410934706
964.29801;35.54;0.000179927684819027;0.997818502386947
964.38901;35.54667;0.00017931878336155;0.997852048113067
964.49698;35.55334;0.000178701516022087;0.997852048113067
964.59598;35.56;0.000178075882142756;0.997885593839188
964.69999;35.56667;0.000177440479217142;0.997919139565309
964.788;35.57334;0.000176796813527813;0.997952831779317
964.89298;35.58;0.000176147693774548;0.997952831779317
964.98502;35.58667;0.000175491509820478;0.997986377505437
965.09202;35.59334;0.000174825363784968;0.998019923231558
965.19797;35.6;0.000174150793182289;0.998053468957679
965.29398;35.60667;0.000173467816124194;0.998053468957679
965.387;35.61334;0.000172775053334465;0.998087014683799
965.48398;35.62;0.000172074036354455;0.998154106136041
965.59202;35.62667;0.000171368990800911;0.998187651862162
965.68998;35.63334;0.000170656833020482;0.998221197588282
965.78702;35.64;0.000169933304124282;0.99828843552841
965.88102;35.64667;0.000169201450218127;0.998321981254531
965.98899;35.65334;0.000168462717645261;0.998389072706772
966.09397;35.66;0.000167712854162471;0.998456164159014
966.189;35.66667;0.000166956316606969;0.998523255611255
966.28397;35.67334;0.000166191643161791;0.998556801337376
966.38499;35.68;0.000165417497824348;0.998624039277504
966.48801;35.68667;0.000164636830574529;0.998691130729746
966.59299;35.69334;0.00016384818080505;0.998691130729746
966.697;35.7;0.000163053022581592;0.998758222181987
966.79203;35.70667;0.000162247108472632;0.998758222181987
966.87998;35.71334;0.000161432113300217;0.998758222181987
966.98502;35.72;0.000160608203893234;0.998825313634228
967.08298;35.72667;0.000159776942551543;0.998825313634228
967.18601;35.73334;0.000158941186762834;0.998825313634228
967.29099;35.74;0.000158096591832329;0.99889240508647
967.39103;35.74667;0.000157243330205029;0.99889240508647
967.48899;35.75334;0.000156384375417983;0.99892595081259
967.58903;35.76;0.000155518292975894;0.99892595081259
967.69102;35.76667;0.000154643755084527;0.998959643026598
967.79398;35.77334;0.000153763748726276;0.998993188752719
967.88999;35.78;0.000152879642443981;0.99906028020496
967.99198;35.78667;0.000151988502981543;0.999093825931081
968.09397;35.79334;0.000151089027296516;0.999127371657201
968.18497;35.8;0.000150182819351144;0.999194463109443
968.296;35.80667;0.000149269969907336;0.999228008835563
968.38602;35.81334;0.000148353372260568;0.999261554561684
968.491;35.82;0.000147430130802709;0.999295246775692
968.59598;35.82667;0.000146497541100349;0.999328792501813
968.68998;35.83334;0.000145560113647766;0.999362338227933
968.79398;35.84;0.000144616460787267;0.999395883954054
968.88901;35.84667;0.000143663886678589;0.999429429680174
968.98899;35.85334;0.000142706909854165;0.999496521132416
969.09897;35.86;0.000141744134775558;0.999496521132416
969.18802;35.86667;0.000140772867612511;0.999496521132416
969.29099;35.87334;0.000139794828595369;0.999563612584657
969.38499;35.88;0.000138811624245139;0.999563612584657
969.48698;35.88667;0.000137824758865278;0.999563612584657
969.58298;35.89334;0.000136831432526669;0.999597158310778
969.68802;35.9;0.000135831856605083;0.999630850524786
969.79099;35.90667;0.00013482764402024;0.999731487703148
969.88798;35.91334;0.000133820302040298;0.999798579155389
969.99302;35.92;0.000132809832831131;0.99986567060763
970.08597;35.92667;0.00013179344629656;0.999932762059872
970.19303;35.93334;0.000130772767772516;1
970.29203;35.94;0.000129747912387859;1.00006709145224
970.38798;35.94667;0.000128720401481816;1.00013418290448
970.49302;35.95334;0.000127690252045756;1.00023482008284
970.59501;35.96;0.000126656089592811;1.00023482008284
970.68601;35.96667;0.000125619447672238;1.00026836580897
970.79502;35.97334;0.000124578955213664;1.00026836580897
970.892;35.98;0.000123533356435137;1.00026836580897
970.999;35.98667;0.000122485696313863;1.00026836580897
971.09;35.99334;0.000121434607434286;1.00026836580897
971.202;36;0.000120378837522727;1.00023482008284
971.28599;36.00667;0.000119321434916924;1.00026836580897
971.39902;36.01334;0.000118258235188708;1.00026836580897
971.49003;36.02;0.000117192393661974;1.00023482008284
971.59299;36.02667;0.000116126851543999;1.00023482008284
971.69602;36.03334;0.000115058745029195;1.00026836580897
971.79203;36.04;0.000113988222404774;1.00026836580897
971.895;36.04667;0.0001129140253716;1.00026836580897
971.999;36.05334;0.000111839215357333;1.00026836580897
972.10001;36.06;0.000110768045248607;1.00026836580897
972.18802;36.06667;0.000109694650548201;1.00023482008284
972.283;36.07334;0.000108617803909547;1.00020127435672
972.39103;36.08;0.00010754058773879;1.0001677286306
972.48698;36.08667;0.000106460253536381;1.0001677286306
972.58799;36.09334;0.000105378485776321;1.0001677286306
972.69602;36.1;0.000104295457070545;1.00013418290448
972.78898;36.10667;0.000103208521579043;1.00006709145224
972.88602;36.11334;0.000102120858615518;1.00003354572612
972.98698;36.12;0.00010103123194773;1
973.08903;36.12667;9.99384981063152e-05;1
