   3.8320000e+02   4.7554170e+01   2.8336818e-04   1.6608935e-04
   3.8328100e+02   4.7567500e+01   2.8054871e-04   1.7537559e-04
   3.8336600e+02   4.7580830e+01   2.7774823e-04   1.8481007e-04
   3.8343500e+02   4.7594170e+01   2.7496675e-04   1.9439279e-04
   3.8349100e+02   4.7607500e+01   2.7220428e-04   2.0412376e-04
   3.8356600e+02   4.7620830e+01   2.6946080e-04   2.1400297e-04
   3.8364000e+02   4.7634170e+01   2.6673631e-04   2.2403042e-04
   3.8371100e+02   4.7647500e+01   2.6403083e-04   2.3420611e-04
   3.8378100e+02   4.7660830e+01   2.6134435e-04   2.4453005e-04
   3.8384400e+02   4.7674170e+01   2.5867686e-04   2.5500222e-04
   3.8393100e+02   4.7687500e+01   2.5602838e-04   2.6562264e-04
   3.8399200e+02   4.7700830e+01   2.5339889e-04   2.7639130e-04
   3.8406800e+02   4.7714170e+01   2.5078840e-04   2.8730820e-04
   3.8413700e+02   4.7727500e+01   2.4819691e-04   2.9837334e-04
   3.8420900e+02   4.7740830e+01   2.4562442e-04   3.0958673e-04
   3.8428100e+02   4.7754170e+01   2.4307092e-04   3.2094836e-04
   3.8435600e+02   4.7767500e+01   2.4053643e-04   3.3245823e-04
   3.8442300e+02   4.7780830e+01   2.3802093e-04   3.4411634e-04
   3.8449600e+02   4.7794170e+01   2.3552443e-04   3.5592269e-04
   3.8455400e+02   4.7807500e+01   2.3304694e-04   3.6787728e-04
   3.8463700e+02   4.7820830e+01   2.3058843e-04   3.7998012e-04
   3.8470600e+02   4.7834170e+01   2.2814893e-04   3.9223120e-04
   3.8477100e+02   4.7847500e+01   2.2572843e-04   4.0463052e-04
   3.8485200e+02   4.7860830e+01   2.2332693e-04   4.1717808e-04
   3.8490900e+02   4.7874170e+01   2.2094442e-04   4.2987388e-04
   3.8498700e+02   4.7887500e+01   2.1858091e-04   4.4271793e-04
   3.8505400e+02   4.7900830e+01   2.1623641e-04   4.5571022e-04
   3.8512600e+02   4.7914170e+01   2.1391090e-04   4.6885075e-04
   3.8520400e+02   4.7927500e+01   2.1160438e-04   4.8213952e-04
   3.8527100e+02   4.7940830e+01   2.0931687e-04   4.9557653e-04
   3.8534100e+02   4.7954170e+01   2.0704836e-04   5.0916179e-04
   3.8541800e+02   4.7967500e+01   2.0479884e-04   5.2289528e-04
   3.8548500e+02   4.7980830e+01   2.0256833e-04   5.3677702e-04
   3.8555200e+02   4.7994170e+01   2.0035681e-04   5.5080700e-04
   3.8561800e+02   4.8007500e+01   1.9816429e-04   5.6498522e-04
   3.8569400e+02   4.8020830e+01   1.9599077e-04   5.7931169e-04
   3.8576200e+02   4.8034170e+01   1.9383625e-04   5.9378639e-04
   3.8582900e+02   4.8047500e+01   1.9170072e-04   6.0840934e-04
   3.8590800e+02   4.8060830e+01   1.8958420e-04   6.2318053e-04
   3.8596400e+02   4.8074170e+01   1.8748667e-04   6.3809996e-04
   3.8603300e+02   4.8087500e+01   1.8540815e-04   6.5316764e-04
   3.8610500e+02   4.8100830e+01   1.8334862e-04   6.6838355e-04
   3.8617300e+02   4.8114170e+01   1.8130809e-04   6.8374771e-04
   3.8624800e+02   4.8127500e+01   1.7928656e-04   6.9926011e-04
   3.8631900e+02   4.8140830e+01   1.7728402e-04   7.1492075e-04
   3.8638000e+02   4.8154170e+01   1.7530049e-04   7.3072963e-04
   3.8645500e+02   4.8167500e+01   1.7333595e-04   7.4668676e-04
   3.8652500e+02   4.8180830e+01   1.7139042e-04   7.6279212e-04
   3.8660200e+02   4.8194170e+01   1.6946388e-04   7.7904573e-04
   3.8666800e+02   4.8207500e+01   1.6755634e-04   7.9544758e-04
   3.8673800e+02   4.8220830e+01   1.6566780e-04   8.1199767e-04
   3.8680500e+02   4.8234170e+01   1.6379826e-04   8.3051632e-04
   3.8687000e+02   4.8247500e+01   1.6194771e-04   8.4912323e-04
   3.8694600e+02   4.8260830e+01   1.6011617e-04   8.6827336e-04
   3.8703000e+02   4.8274170e+01   1.5830362e-04   8.8737465e-04
   3.8709500e+02   4.8287500e+01   1.5651007e-04   9.0585641e-04
   3.8715500e+02   4.8300830e+01   1.5473553e-04   9.2470626e-04
   3.8723800e+02   4.8314170e+01   1.5297998e-04   9.4285683e-04
   3.8729500e+02   4.8327500e+01   1.5124342e-04   9.6129552e-04
   3.8737600e+02   4.8340830e+01   1.4952587e-04   9.7848071e-04
   3.8744100e+02   4.8354170e+01   1.4782732e-04   9.9490395e-04
   3.8750700e+02   4.8367500e+01   1.4614776e-04   1.0110776e-03
   3.8758200e+02   4.8380830e+01   1.4448720e-04   1.0259875e-03
   3.8764800e+02   4.8394170e+01   1.4284564e-04   1.0401971e-03
   3.8772100e+02   4.8407500e+01   1.4122308e-04   1.0536994e-03
   3.8778600e+02   4.8420830e+01   1.3961952e-04   1.0664563e-03
   3.8785600e+02   4.8434170e+01   1.3803496e-04   1.0785018e-03
   3.8793100e+02   4.8447500e+01   1.3646940e-04   1.0908573e-03
   3.8800400e+02   4.8460830e+01   1.3492283e-04   1.1030809e-03
   3.8806800e+02   4.8474170e+01   1.3339527e-04   1.1153638e-03
   3.8814200e+02   4.8487500e+01   1.3188670e-04   1.1278573e-03
   3.8820600e+02   4.8500830e+01   1.3039713e-04   1.1411611e-03
   3.8828300e+02   4.8514170e+01   1.2892656e-04   1.1543191e-03
   3.8835500e+02   4.8527500e+01   1.2747499e-04   1.1678815e-03
   3.8842700e+02   4.8540830e+01   1.2604241e-04   1.1808414e-03
   3.8850300e+02   4.8554170e+01   1.2462884e-04   1.1942480e-03
   3.8856800e+02   4.8567500e+01   1.2323426e-04   1.2085991e-03
   3.8864200e+02   4.8580830e+01   1.2185868e-04   1.2229127e-03
   3.8870700e+02   4.8594170e+01   1.2050210e-04   1.2371920e-03
   3.8878000e+02   4.8607500e+01   1.1916452e-04   1.2504523e-03
   3.8884600e+02   4.8620830e+01   1.1784594e-04   1.2642735e-03
   3.8891100e+02   4.8634170e+01   1.1654636e-04   1.2771713e-03
   3.8899200e+02   4.8647500e+01   1.1526578e-04   1.2902478e-03
   3.8905300e+02   4.8660830e+01   1.1400419e-04   1.3030227e-03
   3.8911500e+02   4.8674170e+01   1.1276160e-04   1.3160655e-03
   3.8919900e+02   4.8687500e+01   1.1153801e-04   1.3288969e-03
   3.8926100e+02   4.8700830e+01   1.1033343e-04   1.3420855e-03
   3.8933900e+02   4.8714170e+01   1.0914783e-04   1.3557013e-03
   3.8939900e+02   4.8727500e+01   1.0798124e-04   1.3687135e-03
   3.8947300e+02   4.8740830e+01   1.0683365e-04   1.3826658e-03
   3.8954300e+02   4.8754170e+01   1.0570505e-04   1.3975760e-03
   3.8962200e+02   4.8767500e+01   1.0459546e-04   1.4129820e-03
   3.8968900e+02   4.8780830e+01   1.0350486e-04   1.4288143e-03
   3.8976100e+02   4.8794170e+01   1.0243326e-04   1.4444566e-03
   3.8983600e+02   4.8807500e+01   1.0138066e-04   1.4603739e-03
   3.8989900e+02   4.8820830e+01   1.0034706e-04   1.4754315e-03
   3.8997000e+02   4.8834170e+01   9.9332454e-05   1.4911413e-03
   3.9003300e+02   4.8847500e+01   9.8336849e-05   1.5059408e-03
   3.9010300e+02   4.8860830e+01   9.7360243e-05   1.5208214e-03
   3.9017000e+02   4.8874170e+01   9.6402636e-05   1.5357461e-03
   3.9024000e+02   4.8887500e+01   9.5464027e-05   1.5496511e-03
   3.9031000e+02   4.8900830e+01   9.4544417e-05   1.5635236e-03
   3.9039200e+02   4.8914170e+01   9.3643806e-05   1.5767741e-03
   3.9044800e+02   4.8927500e+01   9.2762193e-05   1.5893829e-03
   3.9052900e+02   4.8940830e+01   9.1899579e-05   1.6012881e-03
   3.9058900e+02   4.8954170e+01   9.1055964e-05   1.6129464e-03
   3.9066500e+02   4.8967500e+01   9.0231347e-05   1.6237652e-03
   3.9073800e+02   4.8980830e+01   8.9425729e-05   1.6342001e-03
   3.9079100e+02   4.8994170e+01   8.8639109e-05   1.6442081e-03
   3.9087900e+02   4.9007500e+01   8.7871488e-05   1.6531978e-03
   3.9094100e+02   4.9020830e+01   8.7122866e-05   1.6626482e-03
   3.9101500e+02   4.9034170e+01   8.6393243e-05   1.6709428e-03
   3.9107700e+02   4.9047500e+01   8.5682618e-05   1.6790832e-03
   3.9116300e+02   4.9060830e+01   8.4990991e-05   1.6864590e-03
   3.9121900e+02   4.9074170e+01   8.4318364e-05   1.6935454e-03
   3.9129300e+02   4.9087500e+01   8.3664735e-05   1.6997348e-03
   3.9135300e+02   4.9100830e+01   8.3030104e-05   1.7055014e-03
   3.9142700e+02   4.9114170e+01   8.2414473e-05   1.7107868e-03
   3.9150100e+02   4.9127500e+01   8.1817840e-05   1.7155727e-03
   3.9157000e+02   4.9140830e+01   8.1240205e-05   1.7193224e-03
   3.9163500e+02   4.9154170e+01   8.0681569e-05   1.7230265e-03
   3.9171200e+02   4.9167500e+01   8.0141932e-05   1.7256208e-03
   3.9178200e+02   4.9180830e+01   7.9621294e-05   1.7280980e-03
   3.9184400e+02   4.9194170e+01   7.9119654e-05   1.7310470e-03
   3.9191300e+02   4.9207500e+01   7.8637013e-05   1.7351398e-03
   3.9198000e+02   4.9220830e+01   7.8173370e-05   1.7409646e-03
   3.9206700e+02   4.9234170e+01   7.7728726e-05   1.7480717e-03
   3.9212500e+02   4.9247500e+01   7.7303081e-05   1.7555205e-03
   3.9221500e+02   4.9260830e+01   7.6896434e-05   1.7638752e-03
   3.9226900e+02   4.9274170e+01   7.6508786e-05   1.7726274e-03
   3.9234800e+02   4.9287500e+01   7.6140137e-05   1.7818392e-03
   3.9241300e+02   4.9300830e+01   7.5790486e-05   1.7915336e-03
   3.9247000e+02   4.9314170e+01   7.5459834e-05   1.8012242e-03
   3.9253600e+02   4.9327500e+01   7.5148181e-05   1.8115098e-03
   3.9261000e+02   4.9340830e+01   7.4855526e-05   1.8224188e-03
   3.9268100e+02   4.9354170e+01   7.4581870e-05   1.8334719e-03
   3.9274800e+02   4.9367500e+01   7.4327213e-05   1.8447210e-03
   3.9282500e+02   4.9380830e+01   7.4091554e-05   1.8572473e-03
   3.9289700e+02   4.9394170e+01   7.3874894e-05   1.8695975e-03
   3.9296000e+02   4.9407500e+01   7.3677232e-05   1.8822871e-03
   3.9303000e+02   4.9420830e+01   7.3498569e-05   1.8953420e-03
   3.9310800e+02   4.9434170e+01   7.3338905e-05   1.9082696e-03
   3.9317500e+02   4.9447500e+01   7.3198239e-05   1.9216264e-03
   3.9325000e+02   4.9460830e+01   7.3076572e-05   1.9349209e-03
   3.9331200e+02   4.9474170e+01   7.2973904e-05   1.9471316e-03
   3.9338900e+02   4.9487500e+01   7.2890234e-05   1.9592918e-03
   3.9345000e+02   4.9500830e+01   7.2825563e-05   1.9708564e-03
   3.9352200e+02   4.9514170e+01   7.2779891e-05   1.9807514e-03
   3.9359900e+02   4.9527500e+01   7.2753217e-05   1.9888518e-03
   3.9366900e+02   4.9540830e+01   7.2745542e-05   1.9950727e-03
   3.9373600e+02   4.9554170e+01   7.2756866e-05   2.0003856e-03
   3.9380500e+02   4.9567500e+01   7.2580769e-05   2.0052134e-03
   3.9386300e+02   4.9580830e+01   7.3018818e-05   2.0084884e-03
   3.9394000e+02   4.9594170e+01   7.3541427e-05   2.0106802e-03
   3.9401400e+02   4.9607500e+01   7.4310998e-05   2.0122065e-03
   3.9407600e+02   4.9620830e+01   7.5289771e-05   2.0125486e-03
   3.9415700e+02   4.9634170e+01   7.6108653e-05   2.0121540e-03
   3.9421900e+02   4.9647500e+01   7.6940016e-05   2.0105031e-03
   3.9429300e+02   4.9660830e+01   7.7976654e-05   2.0075639e-03
   3.9437300e+02   4.9674170e+01   7.8967999e-05   2.0038947e-03
   3.9443200e+02   4.9687500e+01   8.0080987e-05   1.9985594e-03
   3.9450500e+02   4.9700830e+01   8.1091388e-05   1.9921220e-03
   3.9457600e+02   4.9714170e+01   8.2291353e-05   1.9846903e-03
   3.9463500e+02   4.9727500e+01   8.3457869e-05   1.9768804e-03
   3.9471000e+02   4.9740830e+01   8.4516507e-05   1.9687065e-03
   3.9478000e+02   4.9754170e+01   8.5607389e-05   1.9596739e-03
   3.9484100e+02   4.9767500e+01   8.6667286e-05   1.9508450e-03
   3.9491400e+02   4.9780830e+01   8.7553608e-05   1.9406760e-03
   3.9498200e+02   4.9794170e+01   8.8583436e-05   1.9307269e-03
   3.9505700e+02   4.9807500e+01   8.9420954e-05   1.9211036e-03
   3.9512000e+02   4.9820830e+01   9.0644726e-05   1.9113937e-03
   3.9518200e+02   4.9834170e+01   9.1324846e-05   1.9020898e-03
   3.9526600e+02   4.9847500e+01   9.2072808e-05   1.8927190e-03
   3.9533000e+02   4.9860830e+01   9.2917249e-05   1.8837751e-03
   3.9538800e+02   4.9874170e+01   9.3599668e-05   1.8752644e-03
   3.9546100e+02   4.9887500e+01   9.4607123e-05   1.8666749e-03
   3.9554200e+02   4.9900830e+01   9.5133133e-05   1.8574429e-03
   3.9560100e+02   4.9914170e+01   9.5722928e-05   1.8486030e-03
   3.9567700e+02   4.9927500e+01   9.6136604e-05   1.8396431e-03
   3.9575100e+02   4.9940830e+01   9.6471086e-05   1.8316507e-03
   3.9581400e+02   4.9954170e+01   9.6878197e-05   1.8236169e-03
   3.9590400e+02   4.9967500e+01   9.7186198e-05   1.8166312e-03
   3.9595600e+02   4.9980830e+01   9.7393789e-05   1.8102348e-03
   3.9603600e+02   4.9994170e+01   9.7546872e-05   1.8044732e-03
   3.9609300e+02   5.0007500e+01   9.7688412e-05   1.7993909e-03
   3.9615700e+02   5.0020830e+01   9.7884380e-05   1.7950333e-03
   3.9623900e+02   5.0034170e+01   9.7914546e-05   1.7914469e-03
   3.9631200e+02   5.0047500e+01   9.7996736e-05   1.7886791e-03
   3.9638100e+02   5.0060830e+01   9.8093379e-05   1.7867786e-03
   3.9643900e+02   5.0074170e+01   9.7958661e-05   1.7852445e-03
   3.9651700e+02   5.0087500e+01   9.8178033e-05   1.7840747e-03
   3.9657700e+02   5.0100830e+01   9.8107821e-05   1.7838176e-03
   3.9665500e+02   5.0114170e+01   9.7896169e-05   1.7834231e-03
   3.9672800e+02   5.0127500e+01   9.7720996e-05   1.7833878e-03
   3.9678700e+02   5.0140830e+01   9.7449775e-05   1.7837097e-03
   3.9686900e+02   5.0154170e+01   9.7017483e-05   1.7843867e-03
   3.9693700e+02   5.0167500e+01   9.6782630e-05   1.7854168e-03
   3.9701000e+02   5.0180830e+01   9.6322189e-05   1.7873483e-03
   3.9707500e+02   5.0194170e+01   9.5778550e-05   1.7896814e-03
   3.9713600e+02   5.0207500e+01   9.5171050e-05   1.7924151e-03
   3.9720500e+02   5.0220830e+01   9.4708482e-05   1.7960964e-03
   3.9727400e+02   5.0234170e+01   9.4235704e-05   1.8002287e-03
   3.9734600e+02   5.0247500e+01   9.3966895e-05   1.8048119e-03
   3.9742300e+02   5.0260830e+01   9.3755000e-05   1.8103965e-03
   3.9748100e+02   5.0274170e+01   9.3098951e-05   1.8164847e-03
   3.9754900e+02   5.0287500e+01   9.2392774e-05   1.8225991e-03
   3.9762800e+02   5.0300830e+01   9.2045260e-05   1.8292694e-03
   3.9768800e+02   5.0314170e+01   9.1545570e-05   1.8364955e-03
   3.9775800e+02   5.0327500e+01   9.0722309e-05   1.8442774e-03
   3.9782500e+02   5.0340830e+01   9.0215568e-05   1.8521368e-03
   3.9789900e+02   5.0354170e+01   8.9314724e-05   1.8600519e-03
   3.9797000e+02   5.0367500e+01   8.8535944e-05   1.8685192e-03
   3.9803700e+02   5.0380830e+01   8.7819834e-05   1.8770585e-03
   3.9811400e+02   5.0394170e+01   8.6730096e-05   1.8846914e-03
   3.9818700e+02   5.0407500e+01   8.5654362e-05   1.8920107e-03
   3.9825100e+02   5.0420830e+01   8.4767079e-05   1.8985623e-03
   3.9832100e+02   5.0434170e+01   8.3846911e-05   1.9049339e-03
   3.9837300e+02   5.0447500e+01   8.2792918e-05   1.9111424e-03
   3.9845300e+02   5.0460830e+01   8.1612900e-05   1.9177225e-03
   3.9852000e+02   5.0474170e+01   8.0311277e-05   1.9247089e-03
   3.9859100e+02   5.0487500e+01   7.9338906e-05   1.9315849e-03
   3.9866800e+02   5.0500830e+01   7.8401744e-05   1.9384047e-03
   3.9872800e+02   5.0514170e+01   7.7673606e-05   1.9451747e-03
   3.9880000e+02   5.0527500e+01   7.6262323e-05   1.9519431e-03
   3.9886200e+02   5.0540830e+01   7.5421603e-05   1.9592647e-03
   3.9893800e+02   5.0554170e+01   7.4562212e-05   1.9655852e-03
   3.9901000e+02   5.0567500e+01   7.3433354e-05   1.9719015e-03
   3.9907700e+02   5.0580830e+01   7.3063657e-05   1.9782542e-03
   3.9914600e+02   5.0594170e+01   7.2341252e-05   1.9846391e-03
   3.9921000e+02   5.0607500e+01   7.1874935e-05   1.9914949e-03
   3.9926800e+02   5.0620830e+01   7.1545751e-05   1.9988041e-03
   3.9934400e+02   5.0634170e+01   7.0886525e-05   2.0060284e-03
   3.9941800e+02   5.0647500e+01   7.0790520e-05   2.0141550e-03
   3.9948200e+02   5.0660830e+01   7.0246329e-05   2.0236212e-03
   3.9955200e+02   5.0674170e+01   6.9961564e-05   2.0337855e-03
   3.9961100e+02   5.0687500e+01   6.9813391e-05   2.0450552e-03
   3.9970200e+02   5.0700830e+01   6.9549878e-05   2.0563833e-03
   3.9977000e+02   5.0714170e+01   6.9963523e-05   2.0677090e-03
   3.9983800e+02   5.0727500e+01   6.9968794e-05   2.0800404e-03
   3.9989500e+02   5.0740830e+01   7.0384782e-05   2.0922881e-03
   3.9996900e+02   5.0754170e+01   7.0839611e-05   2.1044316e-03
   4.0004200e+02   5.0767500e+01   7.1377627e-05   2.1164797e-03
   4.0010700e+02   5.0780830e+01   7.2170917e-05   2.1289191e-03
   4.0017800e+02   5.0794170e+01   7.3042787e-05   2.1417064e-03
   4.0024700e+02   5.0807500e+01   7.3975696e-05   2.1543922e-03
   4.0031700e+02   5.0820830e+01   7.4843997e-05   2.1674927e-03
   4.0037300e+02   5.0834170e+01   7.5949769e-05   2.1809636e-03
   4.0046600e+02   5.0847500e+01   7.6851195e-05   2.1953112e-03
   4.0052500e+02   5.0860830e+01   7.8145246e-05   2.2099936e-03
   4.0057800e+02   5.0874170e+01   7.9373403e-05   2.2255179e-03
   4.0067000e+02   5.0887500e+01   8.0872834e-05   2.2418216e-03
   4.0071700e+02   5.0900830e+01   8.2337952e-05   2.2577838e-03
   4.0079900e+02   5.0914170e+01   8.3738473e-05   2.2744114e-03
   4.0085900e+02   5.0927500e+01   8.4941362e-05   2.2906861e-03
   4.0093200e+02   5.0940830e+01   8.6428717e-05   2.3060666e-03
   4.0100100e+02   5.0954170e+01   8.7902503e-05   2.3220875e-03
   4.0106900e+02   5.0967500e+01   8.9397857e-05   2.3371782e-03
   4.0114600e+02   5.0980830e+01   9.0843623e-05   2.3523956e-03
   4.0120600e+02   5.0994170e+01   9.2247864e-05   2.3677233e-03
   4.0127601e+02   5.1007500e+01   9.4142513e-05   2.3836663e-03
   4.0134600e+02   5.1020830e+01   9.5343395e-05   2.4007801e-03
   4.0141801e+02   5.1034170e+01   9.7136707e-05   2.4190540e-03
   4.0148501e+02   5.1047500e+01   9.8747362e-05   2.4390009e-03
   4.0154900e+02   5.1060830e+01   1.0031857e-04   2.4596069e-03
   4.0162099e+02   5.1074170e+01   1.0187979e-04   2.4803376e-03
   4.0168101e+02   5.1087500e+01   1.0364155e-04   2.5021854e-03
   4.0175699e+02   5.1100830e+01   1.0530029e-04   2.5240884e-03
   4.0183300e+02   5.1114170e+01   1.0694974e-04   2.5465629e-03
   4.0189500e+02   5.1127500e+01   1.0856995e-04   2.5695556e-03
   4.0196000e+02   5.1140830e+01   1.1023917e-04   2.5935316e-03
   4.0203400e+02   5.1154170e+01   1.1184729e-04   2.6184635e-03
   4.0210399e+02   5.1167500e+01   1.1350428e-04   2.6427450e-03
   4.0217600e+02   5.1180830e+01   1.1506428e-04   2.6678747e-03
   4.0224000e+02   5.1194170e+01   1.1661752e-04   2.6927256e-03
   4.0231299e+02   5.1207500e+01   1.1817807e-04   2.7177166e-03
   4.0238599e+02   5.1220830e+01   1.1975946e-04   2.7422945e-03
   4.0245800e+02   5.1234170e+01   1.2153634e-04   2.7669121e-03
   4.0253200e+02   5.1247500e+01   1.2316619e-04   2.7914935e-03
   4.0259200e+02   5.1260830e+01   1.2507743e-04   2.8159638e-03
   4.0266700e+02   5.1274170e+01   1.2683370e-04   2.8397710e-03
   4.0273200e+02   5.1287500e+01   1.2896830e-04   2.8633706e-03
   4.0279600e+02   5.1300830e+01   1.3080770e-04   2.8866901e-03
   4.0287501e+02   5.1314170e+01   1.3284159e-04   2.9091791e-03
   4.0293101e+02   5.1327500e+01   1.3501849e-04   2.9308172e-03
   4.0300300e+02   5.1340830e+01   1.3714725e-04   2.9520622e-03
   4.0307200e+02   5.1354170e+01   1.3921886e-04   2.9723650e-03
   4.0313900e+02   5.1367500e+01   1.4135829e-04   2.9921845e-03
   4.0321300e+02   5.1380830e+01   1.4353948e-04   3.0109725e-03
   4.0329101e+02   5.1394170e+01   1.4568309e-04   3.0287106e-03
   4.0335599e+02   5.1407500e+01   1.4793544e-04   3.0453802e-03
   4.0341500e+02   5.1420830e+01   1.5026930e-04   3.0609629e-03
   4.0349300e+02   5.1434170e+01   1.5251856e-04   3.0749618e-03
   4.0356600e+02   5.1447500e+01   1.5469045e-04   3.0878869e-03
   4.0361899e+02   5.1460830e+01   1.5703041e-04   3.0997188e-03
   4.0369401e+02   5.1474170e+01   1.5924403e-04   3.1099594e-03
   4.0375699e+02   5.1487500e+01   1.6155739e-04   3.1191180e-03
   4.0382700e+02   5.1500830e+01   1.6368768e-04   3.1266954e-03
   4.0389800e+02   5.1514170e+01   1.6595083e-04   3.1331997e-03
   4.0396400e+02   5.1527500e+01   1.6800010e-04   3.1386093e-03
   4.0404101e+02   5.1540830e+01   1.6985862e-04   3.1424243e-03
   4.0411899e+02   5.1554170e+01   1.7156279e-04   3.1451517e-03
   4.0417400e+02   5.1567500e+01   1.7323007e-04   3.1462903e-03
   4.0424900e+02   5.1580830e+01   1.7481429e-04   3.1458679e-03
   4.0430800e+02   5.1594170e+01   1.7628247e-04   3.1439109e-03
   4.0438399e+02   5.1607500e+01   1.7757218e-04   3.1404469e-03
   4.0444700e+02   5.1620830e+01   1.7875605e-04   3.1365268e-03
   4.0452601e+02   5.1634170e+01   1.7988492e-04   3.1311478e-03
   4.0458401e+02   5.1647500e+01   1.8093505e-04   3.1248128e-03
   4.0465900e+02   5.1660830e+01   1.8183836e-04   3.1170167e-03
   4.0472899e+02   5.1674170e+01   1.8263591e-04   3.1088117e-03
   4.0479301e+02   5.1687500e+01   1.8343189e-04   3.0991940e-03
   4.0486700e+02   5.1700830e+01   1.8385016e-04   3.0886653e-03
   4.0493101e+02   5.1714170e+01   1.8419883e-04   3.0772699e-03
   4.0500600e+02   5.1727500e+01   1.8444269e-04   3.0661117e-03
   4.0507300e+02   5.1740830e+01   1.8440833e-04   3.0547897e-03
   4.0513700e+02   5.1754170e+01   1.8439004e-04   3.0439097e-03
   4.0521000e+02   5.1767500e+01   1.8417879e-04   3.0330762e-03
   4.0527500e+02   5.1780830e+01   1.8378887e-04   3.0223500e-03
   4.0534701e+02   5.1794170e+01   1.8326439e-04   3.0117622e-03
   4.0540500e+02   5.1807500e+01   1.8267655e-04   3.0008663e-03
   4.0547700e+02   5.1820830e+01   1.8204314e-04   2.9902242e-03
   4.0555199e+02   5.1834170e+01   1.8120855e-04   2.9799406e-03
   4.0562400e+02   5.1847500e+01   1.8029466e-04   2.9691236e-03
   4.0568700e+02   5.1860830e+01   1.7952322e-04   2.9589374e-03
   4.0575001e+02   5.1874170e+01   1.7854737e-04   2.9484903e-03
   4.0582101e+02   5.1887500e+01   1.7742493e-04   2.9389465e-03
   4.0589400e+02   5.1900830e+01   1.7610082e-04   2.9298926e-03
   4.0596900e+02   5.1914170e+01   1.7496047e-04   2.9219640e-03
   4.0603600e+02   5.1927500e+01   1.7345802e-04   2.9147482e-03
   4.0610300e+02   5.1940830e+01   1.7219029e-04   2.9082596e-03
   4.0616801e+02   5.1954170e+01   1.7074054e-04   2.9025537e-03
   4.0622300e+02   5.1967500e+01   1.6941421e-04   2.8977170e-03
   4.0629999e+02   5.1980830e+01   1.6812201e-04   2.8937637e-03
   4.0637400e+02   5.1994170e+01   1.6665360e-04   2.8901272e-03
   4.0644201e+02   5.2007500e+01   1.6511238e-04   2.8862599e-03
   4.0651099e+02   5.2020830e+01   1.6373185e-04   2.8826203e-03
   4.0658100e+02   5.2034170e+01   1.6243626e-04   2.8797586e-03
   4.0664500e+02   5.2047500e+01   1.6119164e-04   2.8772066e-03
   4.0671000e+02   5.2060830e+01   1.5992838e-04   2.8754724e-03
   4.0678901e+02   5.2074170e+01   1.5873502e-04   2.8740560e-03
   4.0685500e+02   5.2087500e+01   1.5747778e-04   2.8735363e-03
   4.0692400e+02   5.2100830e+01   1.5620366e-04   2.8744719e-03
   4.0698800e+02   5.2114170e+01   1.5504758e-04   2.8758661e-03
   4.0707101e+02   5.2127500e+01   1.5380841e-04   2.8777454e-03
   4.0713399e+02   5.2140830e+01   1.5263148e-04   2.8821947e-03
   4.0720200e+02   5.2154170e+01   1.5138557e-04   2.8871880e-03
   4.0727601e+02   5.2167500e+01   1.5015208e-04   2.8927549e-03
   4.0733900e+02   5.2180830e+01   1.4901116e-04   2.8998809e-03
   4.0740800e+02   5.2194170e+01   1.4781388e-04   2.9075364e-03
   4.0747401e+02   5.2207500e+01   1.4669177e-04   2.9157499e-03
   4.0754700e+02   5.2220830e+01   1.4564128e-04   2.9244771e-03
   4.0762099e+02   5.2234170e+01   1.4464681e-04   2.9337137e-03
   4.0769601e+02   5.2247500e+01   1.4354210e-04   2.9434851e-03
   4.0775500e+02   5.2260830e+01   1.4254621e-04   2.9548446e-03
   4.0782500e+02   5.2274170e+01   1.4157822e-04   2.9678182e-03
   4.0790101e+02   5.2287500e+01   1.4075730e-04   2.9814040e-03
   4.0796200e+02   5.2300830e+01   1.3985707e-04   2.9966562e-03
   4.0803400e+02   5.2314170e+01   1.3895053e-04   3.0131212e-03
   4.0809501e+02   5.2327500e+01   1.3814199e-04   3.0303308e-03
   4.0816601e+02   5.2340830e+01   1.3736704e-04   3.0487867e-03
   4.0823299e+02   5.2354170e+01   1.3642186e-04   3.0679848e-03
   4.0830300e+02   5.2367500e+01   1.3542467e-04   3.0874015e-03
   4.0836800e+02   5.2380830e+01   1.3452563e-04   3.1079624e-03
   4.0843000e+02   5.2394170e+01   1.3347682e-04   3.1291295e-03
   4.0850699e+02   5.2407500e+01   1.3244614e-04   3.1509242e-03
   4.0857900e+02   5.2420830e+01   1.3138527e-04   3.1732948e-03
   4.0865000e+02   5.2434170e+01   1.3027121e-04   3.1962298e-03
   4.0871700e+02   5.2447500e+01   1.2920013e-04   3.2197477e-03
   4.0878000e+02   5.2460830e+01   1.2833863e-04   3.2442720e-03
   4.0884800e+02   5.2474170e+01   1.2723054e-04   3.2687093e-03
   4.0892100e+02   5.2487500e+01   1.2623686e-04   3.2935017e-03
   4.0899599e+02   5.2500830e+01   1.2526058e-04   3.3195891e-03
   4.0905300e+02   5.2514170e+01   1.2425301e-04   3.3458558e-03
   4.0912301e+02   5.2527500e+01   1.2338195e-04   3.3722131e-03
   4.0919300e+02   5.2540830e+01   1.2249494e-04   3.3990521e-03
   4.0925400e+02   5.2554170e+01   1.2169396e-04   3.4263019e-03
   4.0933100e+02   5.2567500e+01   1.2069828e-04   3.4533739e-03
   4.0939800e+02   5.2580830e+01   1.1972954e-04   3.4806561e-03
   4.0946599e+02   5.2594170e+01   1.1889732e-04   3.5075281e-03
   4.0954500e+02   5.2607500e+01   1.1803705e-04   3.5344486e-03
   4.0960500e+02   5.2620830e+01   1.1723057e-04   3.5613055e-03
   4.0968300e+02   5.2634170e+01   1.1657164e-04   3.5874776e-03
   4.0974801e+02   5.2647500e+01   1.1578092e-04   3.6134226e-03
   4.0981100e+02   5.2660830e+01   1.1501834e-04   3.6390993e-03
   4.0987400e+02   5.2674170e+01   1.1451379e-04   3.6639162e-03
   4.0993999e+02   5.2687500e+01   1.1398608e-04   3.6883300e-03
   4.1001700e+02   5.2700830e+01   1.1374554e-04   3.7117482e-03
   4.1008100e+02   5.2714170e+01   1.1315723e-04   3.7346264e-03
   4.1014899e+02   5.2727500e+01   1.1281539e-04   3.7569214e-03
   4.1022100e+02   5.2740830e+01   1.1252340e-04   3.7785900e-03
   4.1028699e+02   5.2754170e+01   1.1244987e-04   3.7995892e-03
   4.1036800e+02   5.2767500e+01   1.1217267e-04   3.8204260e-03
   4.1043700e+02   5.2780830e+01   1.1182235e-04   3.8405596e-03
   4.1050899e+02   5.2794170e+01   1.1167055e-04   3.8599479e-03
   4.1057599e+02   5.2807500e+01   1.1149550e-04   3.8790992e-03
   4.1064300e+02   5.2820830e+01   1.1134722e-04   3.8974734e-03
   4.1070200e+02   5.2834170e+01   1.1121437e-04   3.9155800e-03
   4.1077100e+02   5.2847500e+01   1.1130930e-04   3.9328801e-03
   4.1083700e+02   5.2860830e+01   1.1107515e-04   3.9493336e-03
   4.1091300e+02   5.2874170e+01   1.1127575e-04   3.9654508e-03
   4.1098900e+02   5.2887500e+01   1.1177254e-04   3.9806939e-03
   4.1105700e+02   5.2900830e+01   1.1164644e-04   3.9955742e-03
   4.1112099e+02   5.2914170e+01   1.1243589e-04   4.0101053e-03
   4.1118000e+02   5.2927500e+01   1.1250378e-04   4.0243018e-03
   4.1126200e+02   5.2940830e+01   1.1311517e-04   4.0381771e-03
   4.1132200e+02   5.2954170e+01   1.1339453e-04   4.0511996e-03
   4.1139300e+02   5.2967500e+01   1.1364666e-04   4.0638847e-03
   4.1145499e+02   5.2980830e+01   1.1390333e-04   4.0756997e-03
   4.1153600e+02   5.2994170e+01   1.1417376e-04   4.0871611e-03
   4.1159000e+02   5.3007500e+01   1.1437034e-04   4.0977373e-03
   4.1166900e+02   5.3020830e+01   1.1453360e-04   4.1079457e-03
   4.1174300e+02   5.3034170e+01   1.1493927e-04   4.1172557e-03
   4.1180100e+02   5.3047500e+01   1.1509769e-04   4.1261859e-03
   4.1187400e+02   5.3060830e+01   1.1547016e-04   4.1342066e-03
   4.1193900e+02   5.3074170e+01   1.1598316e-04   4.1413590e-03
   4.1201200e+02   5.3087500e+01   1.1631102e-04   4.1476431e-03
   4.1207700e+02   5.3100830e+01   1.1708397e-04   4.1540569e-03
   4.1214800e+02   5.3114170e+01   1.1740932e-04   4.1595432e-03
   4.1221900e+02   5.3127500e+01   1.1783536e-04   4.1635949e-03
   4.1228600e+02   5.3140830e+01   1.1853401e-04   4.1672622e-03
   4.1235000e+02   5.3154170e+01   1.1925305e-04   4.1700174e-03
   4.1242000e+02   5.3167500e+01   1.1978841e-04   4.1723799e-03
   4.1250201e+02   5.3180830e+01   1.2035349e-04   4.1749260e-03
   4.1256400e+02   5.3194170e+01   1.2087785e-04   4.1771829e-03
   4.1262900e+02   5.3207500e+01   1.2171257e-04   4.1797279e-03
   4.1271000e+02   5.3220830e+01   1.2225741e-04   4.1816129e-03
   4.1276200e+02   5.3234170e+01   1.2286729e-04   4.1838747e-03
   4.1283100e+02   5.3247500e+01   1.2355431e-04   4.1860127e-03
   4.1290000e+02   5.3260830e+01   1.2416144e-04   4.1875826e-03
   4.1297401e+02   5.3274170e+01   1.2516044e-04   4.1885957e-03
   4.1303400e+02   5.3287500e+01   1.2578492e-04   4.1900612e-03
   4.1309501e+02   5.3300830e+01   1.2660848e-04   4.1910053e-03
   4.1317200e+02   5.3314170e+01   1.2751183e-04   4.1914414e-03
   4.1324100e+02   5.3327500e+01   1.2787483e-04   4.1913520e-03
   4.1331701e+02   5.3340830e+01   1.2884028e-04   4.1912700e-03
   4.1338100e+02   5.3354170e+01   1.2938078e-04   4.1906802e-03
   4.1345299e+02   5.3367500e+01   1.2980320e-04   4.1901165e-03
   4.1351600e+02   5.3380830e+01   1.3029809e-04   4.1896151e-03
   4.1357700e+02   5.3394170e+01   1.3054337e-04   4.1881846e-03
   4.1364800e+02   5.3407500e+01   1.3058221e-04   4.1873677e-03
   4.1371100e+02   5.3420830e+01   1.3077773e-04   4.1866732e-03
   4.1379500e+02   5.3434170e+01   1.3100719e-04   4.1851117e-03
   4.1386201e+02   5.3447500e+01   1.3078625e-04   4.1837473e-03
   4.1392100e+02   5.3460830e+01   1.3050950e-04   4.1826216e-03
   4.1399100e+02   5.3474170e+01   1.3042928e-04   4.1811524e-03
   4.1406000e+02   5.3487500e+01   1.2990713e-04   4.1793695e-03
   4.1412701e+02   5.3500830e+01   1.2934115e-04   4.1778430e-03
   4.1419300e+02   5.3514170e+01   1.2861786e-04   4.1755133e-03
   4.1426900e+02   5.3527500e+01   1.2771604e-04   4.1729400e-03
   4.1434200e+02   5.3540830e+01   1.2668480e-04   4.1711712e-03
   4.1440500e+02   5.3554170e+01   1.2551507e-04   4.1691694e-03
   4.1447700e+02   5.3567500e+01   1.2414946e-04   4.1669974e-03
   4.1454400e+02   5.3580830e+01   1.2262192e-04   4.1652270e-03
   4.1459901e+02   5.3594170e+01   1.2096738e-04   4.1638297e-03
   4.1468101e+02   5.3607500e+01   1.1912988e-04   4.1622687e-03
   4.1473501e+02   5.3620830e+01   1.1674808e-04   4.1606088e-03
   4.1480100e+02   5.3634170e+01   1.1460274e-04   4.1583953e-03
   4.1489100e+02   5.3647500e+01   1.1240514e-04   4.1552667e-03
   4.1495800e+02   5.3660830e+01   1.0962649e-04   4.1528486e-03
   4.1501900e+02   5.3674170e+01   1.0706809e-04   4.1496784e-03
   4.1509200e+02   5.3687500e+01   1.0429471e-04   4.1473541e-03
   4.1516401e+02   5.3700830e+01   1.0156272e-04   4.1454389e-03
   4.1523900e+02   5.3714170e+01   9.8858558e-05   4.1429245e-03
   4.1529999e+02   5.3727500e+01   9.5596899e-05   4.1418556e-03
   4.1536800e+02   5.3740830e+01   9.2779464e-05   4.1412657e-03
   4.1543000e+02   5.3754170e+01   8.9788928e-05   4.1411753e-03
   4.1549801e+02   5.3767500e+01   8.6747229e-05   4.1416460e-03
   4.1557200e+02   5.3780830e+01   8.3817141e-05   4.1437272e-03
   4.1564400e+02   5.3794170e+01   8.0747030e-05   4.1453536e-03
   4.1571400e+02   5.3807500e+01   7.7818423e-05   4.1480937e-03
   4.1578100e+02   5.3820830e+01   7.4468686e-05   4.1509609e-03
   4.1583800e+02   5.3834170e+01   7.1445387e-05   4.1539243e-03
   4.1591500e+02   5.3847500e+01   6.8260215e-05   4.1579497e-03
   4.1598900e+02   5.3860830e+01   6.5274695e-05   4.1620189e-03
   4.1606400e+02   5.3874170e+01   6.1967408e-05   4.1670566e-03
   4.1611001e+02   5.3887500e+01   5.8760717e-05   4.1729703e-03
   4.1618700e+02   5.3900830e+01   5.5772665e-05   4.1796998e-03
   4.1624300e+02   5.3914170e+01   5.2455204e-05   4.1861567e-03
   4.1632101e+02   5.3927500e+01   4.9440570e-05   4.1933091e-03
   4.1637701e+02   5.3940830e+01   4.6527514e-05   4.2006191e-03
   4.1646599e+02   5.3954170e+01   4.3505625e-05   4.2075281e-03
   4.1653200e+02   5.3967500e+01   4.0631981e-05   4.2150040e-03
   4.1660599e+02   5.3980830e+01   3.7438108e-05   4.2220305e-03
   4.1665200e+02   5.3994170e+01   3.4684195e-05   4.2291282e-03
   4.1672500e+02   5.4007500e+01   3.1872844e-05   4.2362876e-03
   4.1680100e+02   5.4020830e+01   2.9183787e-05   4.2434996e-03
   4.1686700e+02   5.4034170e+01   2.6293661e-05   4.2502765e-03
   4.1693600e+02   5.4047500e+01   2.3597435e-05   4.2576160e-03
   4.1700699e+02   5.4060830e+01   2.0851410e-05   4.2645008e-03
   4.1707300e+02   5.4074170e+01   1.8223591e-05   4.2714504e-03
   4.1713801e+02   5.4087500e+01   1.5468817e-05   4.2789328e-03
   4.1721000e+02   5.4100830e+01   1.3003300e-05   4.2859307e-03
   4.1727500e+02   5.4114170e+01   1.0657582e-05   4.2929636e-03
   4.1734901e+02   5.4127500e+01   8.0913263e-06   4.3000211e-03
   4.1741300e+02   5.4140830e+01   5.7960048e-06   4.3070929e-03
   4.1747500e+02   5.4154170e+01   3.7508194e-06   4.3136904e-03
   4.1755401e+02   5.4167500e+01   1.8485876e-06   4.3208102e-03
   4.1761500e+02   5.4180830e+01  -1.2413384e-07   4.3274341e-03
   4.1768200e+02   5.4194170e+01  -1.8427067e-06   4.3340804e-03
   4.1775600e+02   5.4207500e+01  -3.6370027e-06   4.3407378e-03
   4.1782999e+02   5.4220830e+01  -5.2641081e-06   4.3469165e-03
   4.1788700e+02   5.4234170e+01  -6.8907789e-06   4.3531339e-03
   4.1795800e+02   5.4247500e+01  -8.5877531e-06   4.3593776e-03
   4.1802900e+02   5.4260830e+01  -1.0022533e-05   4.3656352e-03
   4.1809400e+02   5.4274170e+01  -1.1207740e-05   4.3714161e-03
   4.1816601e+02   5.4287500e+01  -1.2398431e-05   4.3777149e-03
   4.1823800e+02   5.4300830e+01  -1.3754855e-05   4.3835112e-03
   4.1829900e+02   5.4314170e+01  -1.4452331e-05   4.3893212e-03
   4.1837400e+02   5.4327500e+01  -1.5353001e-05   4.3951317e-03
   4.1843600e+02   5.4340830e+01  -1.5942960e-05   4.4023644e-03
   4.1850100e+02   5.4354170e+01  -1.6620938e-05   4.4098987e-03
   4.1858201e+02   5.4367500e+01  -1.7038305e-05   4.4186289e-03
   4.1863900e+02   5.4380830e+01  -1.7380224e-05   4.4269622e-03
   4.1871300e+02   5.4394170e+01  -1.7772063e-05   4.4353709e-03
   4.1878400e+02   5.4407500e+01  -1.7854984e-05   4.4438706e-03
   4.1884901e+02   5.4420830e+01  -1.8282401e-05   4.4524369e-03
   4.1891300e+02   5.4434170e+01  -1.8401885e-05   4.4595083e-03
   4.1898701e+02   5.4447500e+01  -1.8498847e-05   4.4665864e-03
   4.1905401e+02   5.4460830e+01  -1.8249330e-05   4.4736879e-03
   4.1911800e+02   5.4474170e+01  -1.7828332e-05   4.4803109e-03
   4.1919100e+02   5.4487500e+01  -1.7674390e-05   4.4869308e-03
   4.1925600e+02   5.4500830e+01  -1.7274158e-05   4.4925375e-03
   4.1932500e+02   5.4514170e+01  -1.7093328e-05   4.4981358e-03
   4.1939800e+02   5.4527500e+01  -1.6006933e-05   4.5027159e-03
   4.1946599e+02   5.4540830e+01  -1.5330276e-05   4.5072825e-03
   4.1953300e+02   5.4554170e+01  -1.4622074e-05   4.5118544e-03
   4.1958800e+02   5.4567500e+01  -1.3482887e-05   4.5153814e-03
   4.1966199e+02   5.4580830e+01  -1.2714683e-05   4.5183602e-03
   4.1973701e+02   5.4594170e+01  -1.1676174e-05   4.5213392e-03
   4.1979900e+02   5.4607500e+01  -1.0824608e-05   4.5238186e-03
   4.1987200e+02   5.4620830e+01  -9.9811834e-06   4.5257253e-03
   4.1995099e+02   5.4634170e+01  -8.6154671e-06   4.5270994e-03
   4.2001099e+02   5.4647500e+01  -7.9452931e-06   4.5284493e-03
   4.2006701e+02   5.4660830e+01  -6.6131298e-06   4.5287668e-03
   4.2013300e+02   5.4674170e+01  -5.2607863e-06   4.5290589e-03
   4.2021000e+02   5.4687500e+01  -4.0459581e-06   4.5283177e-03
   4.2028499e+02   5.4700830e+01  -2.8855551e-06   4.5275502e-03
   4.2034800e+02   5.4714170e+01  -1.8779854e-06   4.5262266e-03
   4.2041801e+02   5.4727500e+01  -6.5226474e-07   4.5248974e-03
   4.2047899e+02   5.4740830e+01   5.3946084e-07   4.5229929e-03
   4.2054600e+02   5.4754170e+01   1.5163893e-06   4.5200049e-03
   4.2062301e+02   5.4767500e+01   2.6195634e-06   4.5174917e-03
   4.2069500e+02   5.4780830e+01   3.5077129e-06   4.5139486e-03
   4.2075500e+02   5.4794170e+01   4.6393235e-06   4.5103847e-03
   4.2082700e+02   5.4807500e+01   5.5162440e-06   4.5057221e-03
   4.2088900e+02   5.4820830e+01   6.6614744e-06   4.5014893e-03
   4.2096599e+02   5.4834170e+01   7.7465127e-06   4.4966610e-03
   4.2102801e+02   5.4847500e+01   9.0938727e-06   4.4912403e-03
   4.2109400e+02   5.4860830e+01   1.0259029e-05   4.4857807e-03
   4.2115999e+02   5.4874170e+01   1.1333830e-05   4.4792372e-03
   4.2123600e+02   5.4887500e+01   1.2364791e-05   4.4721116e-03
   4.2130199e+02   5.4900830e+01   1.3042632e-05   4.4644789e-03
   4.2137501e+02   5.4914170e+01   1.4214673e-05   4.4563731e-03
   4.2143400e+02   5.4927500e+01   1.5266936e-05   4.4472469e-03
   4.2150001e+02   5.4940830e+01   1.6545552e-05   4.4371228e-03
   4.2157700e+02   5.4954170e+01   1.7511893e-05   4.4270817e-03
   4.2164500e+02   5.4967500e+01   1.8647084e-05   4.4171772e-03
   4.2169601e+02   5.4980830e+01   1.9743505e-05   4.4080841e-03
   4.2178100e+02   5.4994170e+01   2.0943522e-05   4.3988429e-03
   4.2184701e+02   5.5007500e+01   2.1854821e-05   4.3900812e-03
   4.2189899e+02   5.5020830e+01   2.2997878e-05   4.3813372e-03
   4.2197201e+02   5.5034170e+01   2.3985367e-05   4.3731674e-03
   4.2204400e+02   5.5047500e+01   2.5129612e-05   4.3651522e-03
   4.2211700e+02   5.5060830e+01   2.6129360e-05   4.3567793e-03
   4.2218999e+02   5.5074170e+01   2.7309136e-05   4.3486256e-03
   4.2225400e+02   5.5087500e+01   2.8422994e-05   4.3407280e-03
   4.2231901e+02   5.5100830e+01   2.9259058e-05   4.3336432e-03
   4.2238300e+02   5.5114170e+01   3.0318001e-05   4.3258528e-03
   4.2245299e+02   5.5127500e+01   3.1154844e-05   4.3189385e-03
   4.2252199e+02   5.5140830e+01   3.2077171e-05   4.3119292e-03
   4.2258600e+02   5.5154170e+01   3.3097038e-05   4.3059100e-03
   4.2265500e+02   5.5167500e+01   3.4225336e-05   4.2999101e-03
   4.2273701e+02   5.5180830e+01   3.5138639e-05   4.2939137e-03
   4.2279101e+02   5.5194170e+01   3.6214829e-05   4.2889740e-03
   4.2287000e+02   5.5207500e+01   3.7275308e-05   4.2830185e-03
   4.2293600e+02   5.5220830e+01   3.8166202e-05   4.2770258e-03
   4.2300300e+02   5.5234170e+01   3.9270623e-05   4.2704670e-03
   4.2307200e+02   5.5247500e+01   4.0324823e-05   4.2643693e-03
   4.2314400e+02   5.5260830e+01   4.1409817e-05   4.2581815e-03
   4.2320800e+02   5.5274170e+01   4.2362905e-05   4.2519218e-03
   4.2327399e+02   5.5287500e+01   4.3338519e-05   4.2461166e-03
   4.2333900e+02   5.5300830e+01   4.4197775e-05   4.2397343e-03
   4.2342000e+02   5.5314170e+01   4.5130644e-05   4.2343482e-03
   4.2348099e+02   5.5327500e+01   4.5916401e-05   4.2294557e-03
   4.2354000e+02   5.5340830e+01   4.6609198e-05   4.2245740e-03
   4.2361700e+02   5.5354170e+01   4.7451155e-05   4.2202278e-03
   4.2367400e+02   5.5367500e+01   4.8067191e-05   4.2164839e-03
   4.2374100e+02   5.5380830e+01   4.8820699e-05   4.2128175e-03
   4.2380900e+02   5.5394170e+01   4.9351224e-05   4.2102716e-03
   4.2387501e+02   5.5407500e+01   4.9833486e-05   4.2078660e-03
   4.2394700e+02   5.5420830e+01   5.0413272e-05   4.2055715e-03
   4.2401400e+02   5.5434170e+01   5.0990962e-05   4.2039516e-03
   4.2408100e+02   5.5447500e+01   5.1335545e-05   4.2030300e-03
   4.2414300e+02   5.5460830e+01   5.1770884e-05   4.2027994e-03
   4.2421700e+02   5.5474170e+01   5.2141728e-05   4.2027744e-03
   4.2428300e+02   5.5487500e+01   5.2407013e-05   4.2040265e-03
   4.2435300e+02   5.5500830e+01   5.2552862e-05   4.2050212e-03
   4.2442100e+02   5.5514170e+01   5.2936567e-05   4.2073279e-03
   4.2448200e+02   5.5527500e+01   5.2524766e-05   4.2104396e-03
   4.2455601e+02   5.5540830e+01   5.2399785e-05   4.2138697e-03
   4.2462400e+02   5.5554170e+01   5.2592412e-05   4.2186889e-03
   4.2468799e+02   5.5567500e+01   5.2688831e-05   4.2243903e-03
   4.2476301e+02   5.5580830e+01   5.2820259e-05   4.2309655e-03
   4.2484099e+02   5.5594170e+01   5.2837848e-05   4.2384065e-03
   4.2488700e+02   5.5607500e+01   5.2610183e-05   4.2472553e-03
   4.2495901e+02   5.5620830e+01   5.2831072e-05   4.2564556e-03
   4.2504000e+02   5.5634170e+01   5.2356202e-05   4.2670483e-03
   4.2509600e+02   5.5647500e+01   5.2356825e-05   4.2785275e-03
   4.2517100e+02   5.5660830e+01   5.2282480e-05   4.2908860e-03
   4.2523099e+02   5.5674170e+01   5.2068326e-05   4.3024655e-03
   4.2531000e+02   5.5687500e+01   5.1987137e-05   4.3142017e-03
   4.2538300e+02   5.5700830e+01   5.1951875e-05   4.3249332e-03
   4.2543400e+02   5.5714170e+01   5.1967135e-05   4.3361397e-03
   4.2550500e+02   5.5727500e+01   5.1829910e-05   4.3472566e-03
   4.2557400e+02   5.5740830e+01   5.2010422e-05   4.3587671e-03
   4.2564001e+02   5.5754170e+01   5.2363995e-05   4.3701055e-03
   4.2571300e+02   5.5767500e+01   5.2540738e-05   4.3823044e-03
   4.2577900e+02   5.5780830e+01   5.2826189e-05   4.3938210e-03
   4.2585300e+02   5.5794170e+01   5.3151451e-05   4.4056660e-03
   4.2591401e+02   5.5807500e+01   5.3788445e-05   4.4178222e-03
   4.2598400e+02   5.5820830e+01   5.4324029e-05   4.4297215e-03
   4.2604200e+02   5.5834170e+01   5.4756549e-05   4.4419162e-03
   4.2612000e+02   5.5847500e+01   5.5241344e-05   4.4538684e-03
   4.2618300e+02   5.5860830e+01   5.5940717e-05   4.4666075e-03
   4.2625201e+02   5.5874170e+01   5.6726298e-05   4.4785877e-03
   4.2632999e+02   5.5887500e+01   5.7628497e-05   4.4908166e-03
   4.2638399e+02   5.5900830e+01   5.8758702e-05   4.5032738e-03
   4.2645200e+02   5.5914170e+01   5.9589233e-05   4.5159387e-03
   4.2652900e+02   5.5927500e+01   6.0893389e-05   4.5283142e-03
   4.2659501e+02   5.5940830e+01   6.1877494e-05   4.5409063e-03
   4.2666801e+02   5.5954170e+01   6.3319482e-05   4.5531430e-03
   4.2672201e+02   5.5967500e+01   6.4438723e-05   4.5655724e-03
   4.2679000e+02   5.5980830e+01   6.5592364e-05   4.5776524e-03
   4.2685700e+02   5.5994170e+01   6.7156251e-05   4.5904085e-03
   4.2693300e+02   5.6007500e+01   6.9048470e-05   4.6022905e-03
   4.2699599e+02   5.6020830e+01   7.0398162e-05   4.6148525e-03
   4.2706701e+02   5.6034170e+01   7.1872648e-05   4.6270217e-03
   4.2713199e+02   5.6047500e+01   7.3619074e-05   4.6387939e-03
   4.2720200e+02   5.6060830e+01   7.5199631e-05   4.6506729e-03
   4.2725800e+02   5.6074170e+01   7.6772299e-05   4.6620827e-03
   4.2733500e+02   5.6087500e+01   7.8735809e-05   4.6740457e-03
   4.2740700e+02   5.6100830e+01   8.0627707e-05   4.6850087e-03
   4.2746300e+02   5.6114170e+01   8.2521362e-05   4.6965226e-03
   4.2753499e+02   5.6127500e+01   8.4598012e-05   4.7075117e-03
   4.2760399e+02   5.6140830e+01   8.6488806e-05   4.7179685e-03
   4.2768200e+02   5.6154170e+01   8.8780946e-05   4.7278435e-03
   4.2775001e+02   5.6167500e+01   9.0949587e-05   4.7376056e-03
   4.2781901e+02   5.6180830e+01   9.3172937e-05   4.7467466e-03
   4.2788000e+02   5.6194170e+01   9.5500713e-05   4.7557654e-03
   4.2794800e+02   5.6207500e+01   9.7822790e-05   4.7646310e-03
   4.2801600e+02   5.6220830e+01   1.0012803e-04   4.7733127e-03
   4.2807300e+02   5.6234170e+01   1.0245171e-04   4.7818516e-03
   4.2815301e+02   5.6247500e+01   1.0494275e-04   4.7902476e-03
   4.2822100e+02   5.6260830e+01   1.0747513e-04   4.7984700e-03
   4.2828901e+02   5.6274170e+01   1.1006381e-04   4.8065619e-03
   4.2834200e+02   5.6287500e+01   1.1268226e-04   4.8145211e-03
   4.2842400e+02   5.6300830e+01   1.1528114e-04   4.8223167e-03
   4.2848800e+02   5.6314170e+01   1.1787955e-04   4.8299900e-03
   4.2855199e+02   5.6327500e+01   1.2063120e-04   4.8375409e-03
   4.2861800e+02   5.6340830e+01   1.2338318e-04   4.8454890e-03
   4.2868999e+02   5.6354170e+01   1.2635738e-04   4.8528272e-03
   4.2877601e+02   5.6367500e+01   1.2937478e-04   4.8600545e-03
   4.2882999e+02   5.6380830e+01   1.3239770e-04   4.8676903e-03
   4.2890000e+02   5.6394170e+01   1.3565202e-04   4.8756845e-03
   4.2895901e+02   5.6407500e+01   1.3876659e-04   4.8835507e-03
   4.2903100e+02   5.6420830e+01   1.4194453e-04   4.8912909e-03
   4.2909200e+02   5.6434170e+01   1.4535646e-04   4.8988763e-03
   4.2917299e+02   5.6447500e+01   1.4864215e-04   4.9063480e-03
   4.2924200e+02   5.6460830e+01   1.5176808e-04   4.9137100e-03
   4.2929700e+02   5.6474170e+01   1.5519164e-04   4.9214839e-03
   4.2937900e+02   5.6487500e+01   1.5829833e-04   4.9281864e-03
   4.2942901e+02   5.6500830e+01   1.6131518e-04   4.9353973e-03
   4.2950500e+02   5.6514170e+01   1.6453771e-04   4.9421107e-03
   4.2957400e+02   5.6527500e+01   1.6736590e-04   4.9488264e-03
   4.2963599e+02   5.6540830e+01   1.7025594e-04   4.9555865e-03
   4.2970499e+02   5.6554170e+01   1.7304640e-04   4.9623920e-03
   4.2978300e+02   5.6567500e+01   1.7575120e-04   4.9692852e-03
   4.2985200e+02   5.6580830e+01   1.7840061e-04   4.9762670e-03
   4.2990600e+02   5.6594170e+01   1.8101427e-04   4.9837861e-03
   4.2998400e+02   5.6607500e+01   1.8336995e-04   4.9913560e-03
   4.3005199e+02   5.6620830e+01   1.8577749e-04   4.9989789e-03
   4.3010300e+02   5.6634170e+01   1.8817347e-04   5.0066999e-03
   4.3018600e+02   5.6647500e+01   1.9035225e-04   5.0145189e-03
   4.3025699e+02   5.6660830e+01   1.9244743e-04   5.0224071e-03
   4.3031499e+02   5.6674170e+01   1.9438956e-04   5.0304077e-03
   4.3037400e+02   5.6687500e+01   1.9625277e-04   5.0385228e-03
   4.3045600e+02   5.6700830e+01   1.9815692e-04   5.0477523e-03
   4.3052199e+02   5.6714170e+01   1.9985904e-04   5.0565629e-03
   4.3059501e+02   5.6727500e+01   2.0132295e-04   5.0654564e-03
   4.3065900e+02   5.6740830e+01   2.0280001e-04   5.0749530e-03
   4.3071900e+02   5.6754170e+01   2.0416652e-04   5.0840510e-03
   4.3078699e+02   5.6767500e+01   2.0533174e-04   5.0938027e-03
   4.3085799e+02   5.6780830e+01   2.0655890e-04   5.1036825e-03
   4.3091401e+02   5.6794170e+01   2.0760884e-04   5.1136637e-03
   4.3098400e+02   5.6807500e+01   2.0859541e-04   5.1242700e-03
   4.3104700e+02   5.6820830e+01   2.0938041e-04   5.1344986e-03
   4.3111800e+02   5.6834170e+01   2.1019971e-04   5.1454026e-03
   4.3119500e+02   5.6847500e+01   2.1096655e-04   5.1564577e-03
   4.3125800e+02   5.6860830e+01   2.1156466e-04   5.1671598e-03
   4.3133401e+02   5.6874170e+01   2.1214080e-04   5.1785620e-03
   4.3138700e+02   5.6887500e+01   2.1251078e-04   5.1901400e-03
   4.3146700e+02   5.6900830e+01   2.1284326e-04   5.2018681e-03
   4.3153000e+02   5.6914170e+01   2.1301059e-04   5.2137205e-03
   4.3160200e+02   5.6927500e+01   2.1313167e-04   5.2256716e-03
   4.3167200e+02   5.6940830e+01   2.1300490e-04   5.2372173e-03
   4.3173400e+02   5.6954170e+01   2.1275106e-04   5.2488605e-03
   4.3180199e+02   5.6967500e+01   2.1256309e-04   5.2600961e-03
   4.3187099e+02   5.6980830e+01   2.1221449e-04   5.2714259e-03
   4.3193700e+02   5.6994170e+01   2.1160340e-04   5.2833005e-03
   4.3199500e+02   5.7007500e+01   2.1130796e-04   5.2946853e-03
   4.3206299e+02   5.7020830e+01   2.1082871e-04   5.3060821e-03
   4.3214200e+02   5.7034170e+01   2.1009362e-04   5.3169848e-03
   4.3219601e+02   5.7047500e+01   2.0961587e-04   5.3278942e-03
   4.3227801e+02   5.7060830e+01   2.0903104e-04   5.3383051e-03
   4.3235000e+02   5.7074170e+01   2.0838569e-04   5.3487150e-03
   4.3240999e+02   5.7087500e+01   2.0765708e-04   5.3595707e-03
   4.3248000e+02   5.7100830e+01   2.0680449e-04   5.3703159e-03
   4.3253901e+02   5.7114170e+01   2.0596578e-04   5.3809958e-03
   4.3260799e+02   5.7127500e+01   2.0499167e-04   5.3911319e-03
   4.3267600e+02   5.7140830e+01   2.0412577e-04   5.3997889e-03
   4.3275800e+02   5.7154170e+01   2.0317509e-04   5.4075658e-03
   4.3281600e+02   5.7167500e+01   2.0221141e-04   5.4150825e-03
   4.3288801e+02   5.7180830e+01   2.0121399e-04   5.4219044e-03
   4.3295701e+02   5.7194170e+01   2.0021829e-04   5.4290527e-03
   4.3301000e+02   5.7207500e+01   1.9909721e-04   5.4365613e-03
   4.3309299e+02   5.7220830e+01   1.9795197e-04   5.4434663e-03
   4.3315301e+02   5.7234170e+01   1.9671627e-04   5.4503084e-03
   4.3322401e+02   5.7247500e+01   1.9539097e-04   5.4570978e-03
   4.3328800e+02   5.7260830e+01   1.9406291e-04   5.4643914e-03
   4.3336100e+02   5.7274170e+01   1.9268719e-04   5.4717038e-03
   4.3341900e+02   5.7287500e+01   1.9118765e-04   5.4795191e-03
   4.3349399e+02   5.7300830e+01   1.8970504e-04   5.4878662e-03
   4.3355800e+02   5.7314170e+01   1.8810623e-04   5.4962543e-03
   4.3361700e+02   5.7327500e+01   1.8660870e-04   5.5046905e-03
   4.3369700e+02   5.7340830e+01   1.8498897e-04   5.5137311e-03
   4.3375800e+02   5.7354170e+01   1.8330712e-04   5.5228833e-03
   4.3383300e+02   5.7367500e+01   1.8171833e-04   5.5321522e-03
   4.3389200e+02   5.7380830e+01   1.8003819e-04   5.5420919e-03
   4.3395701e+02   5.7394170e+01   1.7836056e-04   5.5526861e-03
   4.3402900e+02   5.7407500e+01   1.7672619e-04   5.5638874e-03
   4.3410100e+02   5.7420830e+01   1.7504692e-04   5.5751723e-03
   4.3416401e+02   5.7434170e+01   1.7339069e-04   5.5875701e-03
   4.3423701e+02   5.7447500e+01   1.7175175e-04   5.6005349e-03
   4.3430700e+02   5.7460830e+01   1.7010470e-04   5.6140194e-03
   4.3437501e+02   5.7474170e+01   1.6843645e-04   5.6285266e-03
   4.3444100e+02   5.7487500e+01   1.6674763e-04   5.6439879e-03
   4.3452399e+02   5.7500830e+01   1.6513202e-04   5.6598309e-03
   4.3457300e+02   5.7514170e+01   1.6344794e-04   5.6765606e-03
   4.3463199e+02   5.7527500e+01   1.6186855e-04   5.6936340e-03
   4.3470499e+02   5.7540830e+01   1.6037874e-04   5.7110071e-03
   4.3477500e+02   5.7554170e+01   1.5881800e-04   5.7286356e-03
   4.3484901e+02   5.7567500e+01   1.5737448e-04   5.7470256e-03
   4.3491601e+02   5.7580830e+01   1.5598038e-04   5.7656353e-03
   4.3497401e+02   5.7594170e+01   1.5452931e-04   5.7848999e-03
   4.3505300e+02   5.7607500e+01   1.5311631e-04   5.8047958e-03
   4.3510500e+02   5.7620830e+01   1.5215470e-04   5.8247851e-03
   4.3517400e+02   5.7634170e+01   1.5091203e-04   5.8448268e-03
   4.3524100e+02   5.7647500e+01   1.4969761e-04   5.8654301e-03
   4.3530199e+02   5.7660830e+01   1.4881704e-04   5.8860562e-03
   4.3537099e+02   5.7674170e+01   1.4775644e-04   5.9066650e-03
   4.3543999e+02   5.7687500e+01   1.4685245e-04   5.9282452e-03
   4.3550899e+02   5.7700830e+01   1.4569158e-04   5.9497304e-03
   4.3557200e+02   5.7714170e+01   1.4450634e-04   5.9710826e-03
   4.3564200e+02   5.7727500e+01   1.4371271e-04   5.9917134e-03
   4.3571900e+02   5.7740830e+01   1.4253370e-04   6.0126328e-03
   4.3578400e+02   5.7754170e+01   1.4143085e-04   6.0333042e-03
   4.3585000e+02   5.7767500e+01   1.4035432e-04   6.0536894e-03
   4.3591300e+02   5.7780830e+01   1.3922936e-04   6.0743008e-03
   4.3599200e+02   5.7794170e+01   1.3817769e-04   6.0950811e-03
   4.3605900e+02   5.7807500e+01   1.3702916e-04   6.1154647e-03
   4.3612200e+02   5.7820830e+01   1.3605102e-04   6.1365163e-03
   4.3618300e+02   5.7834170e+01   1.3493359e-04   6.1572046e-03
   4.3625201e+02   5.7847500e+01   1.3399681e-04   6.1780460e-03
   4.3632200e+02   5.7860830e+01   1.3279824e-04   6.1985088e-03
   4.3639400e+02   5.7874170e+01   1.3178003e-04   6.2191105e-03
   4.3646100e+02   5.7887500e+01   1.3066915e-04   6.2397990e-03
   4.3652300e+02   5.7900830e+01   1.2952086e-04   6.2605642e-03
   4.3659701e+02   5.7914170e+01   1.2862306e-04   6.2808774e-03
   4.3665700e+02   5.7927500e+01   1.2760002e-04   6.3001587e-03
   4.3672700e+02   5.7940830e+01   1.2638316e-04   6.3194261e-03
   4.3679101e+02   5.7954170e+01   1.2533301e-04   6.3381513e-03
   4.3684800e+02   5.7967500e+01   1.2419023e-04   6.3568524e-03
   4.3692600e+02   5.7980830e+01   1.2328753e-04   6.3750041e-03
   4.3700400e+02   5.7994170e+01   1.2216597e-04   6.3930559e-03
   4.3706600e+02   5.8007500e+01   1.2109417e-04   6.4110008e-03
   4.3713100e+02   5.8020830e+01   1.1983544e-04   6.4283135e-03
   4.3720299e+02   5.8034170e+01   1.1878726e-04   6.4444167e-03
   4.3726301e+02   5.8047500e+01   1.1756307e-04   6.4603320e-03
   4.3732101e+02   5.8060830e+01   1.1642784e-04   6.4755337e-03
   4.3739500e+02   5.8074170e+01   1.1527764e-04   6.4899953e-03
   4.3746100e+02   5.8087500e+01   1.1420742e-04   6.5047186e-03
   4.3752801e+02   5.8100830e+01   1.1291177e-04   6.5186508e-03
   4.3759901e+02   5.8114170e+01   1.1155901e-04   6.5317672e-03
   4.3765700e+02   5.8127500e+01   1.1046364e-04   6.5440430e-03
   4.3773400e+02   5.8140830e+01   1.0915879e-04   6.5554537e-03
   4.3779900e+02   5.8154170e+01   1.0782629e-04   6.5665249e-03
   4.3787000e+02   5.8167500e+01   1.0643545e-04   6.5767343e-03
   4.3793900e+02   5.8180830e+01   1.0497538e-04   6.5865366e-03
   4.3800899e+02   5.8194170e+01   1.0347294e-04   6.5959299e-03
   4.3807500e+02   5.8207500e+01   1.0208840e-04   6.6043940e-03
   4.3813900e+02   5.8220830e+01   1.0051575e-04   6.6119073e-03
   4.3819900e+02   5.8234170e+01   9.8855081e-05   6.6184482e-03
   4.3827000e+02   5.8247500e+01   9.7354467e-05   6.6239951e-03
   4.3834000e+02   5.8260830e+01   9.5558096e-05   6.6285264e-03
   4.3841100e+02   5.8274170e+01   9.3825091e-05   6.6325709e-03
   4.3847300e+02   5.8287500e+01   9.2109106e-05   6.6360858e-03
   4.3853699e+02   5.8300830e+01   9.0568493e-05   6.6390744e-03
   4.3860799e+02   5.8314170e+01   8.8743217e-05   6.6410195e-03
   4.3867200e+02   5.8327500e+01   8.7076962e-05   6.6413523e-03
   4.3873299e+02   5.8340830e+01   8.5411361e-05   6.6411024e-03
   4.3881000e+02   5.8354170e+01   8.3712424e-05   6.6397525e-03
   4.3887099e+02   5.8367500e+01   8.1980664e-05   6.6378344e-03
   4.3893999e+02   5.8380830e+01   8.0118171e-05   6.6348320e-03
   4.3900699e+02   5.8394170e+01   7.8474972e-05   6.6312758e-03
   4.3907799e+02   5.8407500e+01   7.6788823e-05   6.6266527e-03
   4.3913700e+02   5.8420830e+01   7.5215269e-05   6.6203983e-03
   4.3920499e+02   5.8434170e+01   7.3453847e-05   6.6129916e-03
   4.3928600e+02   5.8447500e+01   7.1752277e-05   6.6049634e-03
   4.3934099e+02   5.8460830e+01   6.9954272e-05   6.5963509e-03
   4.3941900e+02   5.8474170e+01   6.8113866e-05   6.5882909e-03
   4.3949399e+02   5.8487500e+01   6.6638959e-05   6.5803756e-03
   4.3954200e+02   5.8500830e+01   6.4703856e-05   6.5726956e-03
   4.3962000e+02   5.8514170e+01   6.3113872e-05   6.5653481e-03
   4.3968000e+02   5.8527500e+01   6.1170152e-05   6.5573293e-03
   4.3974900e+02   5.8540830e+01   5.9389666e-05   6.5491835e-03
   4.3982000e+02   5.8554170e+01   5.7529274e-05   6.5415076e-03
   4.3989001e+02   5.8567500e+01   5.5706063e-05   6.5338511e-03
   4.3994601e+02   5.8580830e+01   5.3764004e-05   6.5262638e-03
   4.4002601e+02   5.8594170e+01   5.1909071e-05   6.5187963e-03
   4.4009099e+02   5.8607500e+01   5.0249296e-05   6.5114977e-03
   4.4014800e+02   5.8620830e+01   4.8253315e-05   6.5038726e-03
   4.4021599e+02   5.8634170e+01   4.6477781e-05   6.4964722e-03
   4.4029000e+02   5.8647500e+01   4.4818882e-05   6.4893502e-03
   4.4036400e+02   5.8660830e+01   4.2905292e-05   6.4825614e-03
   4.4043799e+02   5.8674170e+01   4.1134819e-05   6.4761614e-03
   4.4048800e+02   5.8687500e+01   3.9367604e-05   6.4702070e-03
   4.4054900e+02   5.8700830e+01   3.7638165e-05   6.4647559e-03
   4.4062800e+02   5.8714170e+01   3.5712986e-05   6.4598671e-03
   4.4069500e+02   5.8727500e+01   3.3981452e-05   6.4550499e-03
   4.4076099e+02   5.8740830e+01   3.2083387e-05   6.4503125e-03
   4.4083600e+02   5.8754170e+01   3.0487096e-05   6.4462113e-03
   4.4089699e+02   5.8767500e+01   2.8720352e-05   6.4422588e-03
   4.4096500e+02   5.8780830e+01   2.6922857e-05   6.4384644e-03
   4.4102199e+02   5.8794170e+01   2.5113452e-05   6.4348371e-03
   4.4111100e+02   5.8807500e+01   2.3457726e-05   6.4313863e-03
   4.4117499e+02   5.8820830e+01   2.1764238e-05   6.4275732e-03
   4.4124300e+02   5.8834170e+01   2.0187920e-05   6.4239025e-03
   4.4130601e+02   5.8847500e+01   1.8340588e-05   6.4203827e-03
   4.4136400e+02   5.8860830e+01   1.6625153e-05   6.4170218e-03
   4.4143600e+02   5.8874170e+01   1.4918835e-05   6.4138282e-03
   4.4150699e+02   5.8887500e+01   1.3149681e-05   6.4108099e-03
   4.4157300e+02   5.8900830e+01   1.1740841e-05   6.4079753e-03
   4.4163801e+02   5.8914170e+01   9.9582004e-06   6.4053325e-03
   4.4170099e+02   5.8927500e+01   8.4101458e-06   6.4023395e-03
   4.4177100e+02   5.8940830e+01   6.8236419e-06   6.3999805e-03
   4.4183300e+02   5.8954170e+01   5.1887515e-06   6.3977342e-03
   4.4190000e+02   5.8967500e+01   3.5080572e-06   6.3956088e-03
   4.4198000e+02   5.8980830e+01   1.8828938e-06   6.3936125e-03
   4.4204101e+02   5.8994170e+01   1.7321690e-07   6.3917536e-03
   4.4209901e+02   5.9007500e+01  -1.4599118e-06   6.3900402e-03
   4.4217800e+02   5.9020830e+01  -3.0327656e-06   6.3879303e-03
   4.4223701e+02   5.9034170e+01  -4.7826947e-06   6.3859297e-03
   4.4231800e+02   5.9047500e+01  -6.6142006e-06   6.3840457e-03
   4.4238599e+02   5.9060830e+01  -8.0853494e-06   6.3822854e-03
   4.4245200e+02   5.9074170e+01  -1.0013370e-05   6.3811345e-03
   4.4252000e+02   5.9087500e+01  -1.1755885e-05   6.3800715e-03
   4.4258401e+02   5.9100830e+01  -1.3420663e-05   6.3791047e-03
   4.4265600e+02   5.9114170e+01  -1.5196997e-05   6.3782423e-03
   4.4271599e+02   5.9127500e+01  -1.6809564e-05   6.3769422e-03
   4.4278300e+02   5.9140830e+01  -1.8616987e-05   6.3757103e-03
   4.4284400e+02   5.9154170e+01  -2.0592640e-05   6.3745538e-03
   4.4291300e+02   5.9167500e+01  -2.2654089e-05   6.3734799e-03
   4.4299500e+02   5.9180830e+01  -2.4497096e-05   6.3724957e-03
   4.4305199e+02   5.9194170e+01  -2.6539200e-05   6.3716086e-03
   4.4311899e+02   5.9207500e+01  -2.8616261e-05   6.3713040e-03
   4.4318500e+02   5.9220830e+01  -3.0449173e-05   6.3705102e-03
   4.4325100e+02   5.9234170e+01  -3.2597271e-05   6.3697332e-03
   4.4331299e+02   5.9247500e+01  -3.4544628e-05   6.3689801e-03
   4.4338199e+02   5.9260830e+01  -3.6696072e-05   6.3682583e-03
   4.4346700e+02   5.9274170e+01  -3.8756352e-05   6.3675747e-03
   4.4352000e+02   5.9287500e+01  -4.0859434e-05   6.3669367e-03
   4.4358100e+02   5.9300830e+01  -4.2768424e-05   6.3663515e-03
   4.4364600e+02   5.9314170e+01  -4.4583942e-05   6.3658261e-03
   4.4371900e+02   5.9327500e+01  -4.6427306e-05   6.3652959e-03
   4.4379400e+02   5.9340830e+01  -4.8093227e-05   6.3647373e-03
   4.4385599e+02   5.9354170e+01  -4.9992150e-05   6.3641573e-03
   4.4391601e+02   5.9367500e+01  -5.1742671e-05   6.3635631e-03
   4.4398400e+02   5.9380830e+01  -5.3631757e-05   6.3629621e-03
   4.4404999e+02   5.9394170e+01  -5.5308658e-05   6.3623613e-03
   4.4412600e+02   5.9407500e+01  -5.7016066e-05   6.3617680e-03
   4.4419401e+02   5.9420830e+01  -5.8807468e-05   6.3606390e-03
   4.4424900e+02   5.9434170e+01  -6.0573446e-05   6.3594792e-03
   4.4431701e+02   5.9447500e+01  -6.2173820e-05   6.3582948e-03
   4.4438300e+02   5.9460830e+01  -6.3842862e-05   6.3575703e-03
   4.4445400e+02   5.9474170e+01  -6.5477174e-05   6.3567833e-03
   4.4451600e+02   5.9487500e+01  -6.6963761e-05   6.3559410e-03
   4.4459200e+02   5.9500830e+01  -6.8380208e-05   6.3550507e-03
   4.4466700e+02   5.9514170e+01  -7.0029335e-05   6.3535691e-03
   4.4472500e+02   5.9527500e+01  -7.0919662e-05   6.3520011e-03
   4.4479400e+02   5.9540830e+01  -7.2063974e-05   6.3503530e-03
   4.4485399e+02   5.9554170e+01  -7.3388362e-05   6.3486309e-03
   4.4492400e+02   5.9567500e+01  -7.4612473e-05   6.3468409e-03
   4.4499100e+02   5.9580830e+01  -7.5817392e-05   6.3454676e-03
   4.4504999e+02   5.9594170e+01  -7.6771106e-05   6.3439886e-03
   4.4512600e+02   5.9607500e+01  -7.7367299e-05   6.3424111e-03
   4.4519500e+02   5.9620830e+01  -7.8321724e-05   6.3401943e-03
   4.4525600e+02   5.9634170e+01  -7.8562612e-05   6.3378409e-03
   4.4533100e+02   5.9647500e+01  -7.9225011e-05   6.3353572e-03
   4.4539699e+02   5.9660830e+01  -7.9798819e-05   6.3327493e-03
   4.4545800e+02   5.9674170e+01  -8.0210200e-05   6.3300233e-03
   4.4552801e+02   5.9687500e+01  -8.0790238e-05   6.3271855e-03
   4.4560100e+02   5.9700830e+01  -8.1243058e-05   6.3242420e-03
   4.4565500e+02   5.9714170e+01  -8.1654691e-05   6.3216773e-03
   4.4573099e+02   5.9727500e+01  -8.1928717e-05   6.3189692e-03
   4.4579700e+02   5.9740830e+01  -8.2452830e-05   6.3161247e-03
   4.4586201e+02   5.9754170e+01  -8.3022718e-05   6.3131510e-03
   4.4593400e+02   5.9767500e+01  -8.3376819e-05   6.3100554e-03
   4.4599500e+02   5.9780830e+01  -8.3644136e-05   6.3068451e-03
   4.4606100e+02   5.9794170e+01  -8.3704589e-05   6.3035273e-03
   4.4613399e+02   5.9807500e+01  -8.3988412e-05   6.3001091e-03
   4.4620400e+02   5.9820830e+01  -8.3917507e-05   6.2965978e-03
   4.4627000e+02   5.9834170e+01  -8.3705391e-05   6.2934788e-03
   4.4632999e+02   5.9847500e+01  -8.3462969e-05   6.2902310e-03
   4.4640900e+02   5.9860830e+01  -8.3351956e-05   6.2868625e-03
   4.4647300e+02   5.9874170e+01  -8.3219732e-05   6.2833815e-03
   4.4652700e+02   5.9887500e+01  -8.3187138e-05   6.2797962e-03
   4.4661201e+02   5.9900830e+01  -8.3003290e-05   6.2761149e-03
   4.4667100e+02   5.9914170e+01  -8.2621654e-05   6.2723458e-03
   4.4674399e+02   5.9927500e+01  -8.2436772e-05   6.2684971e-03
   4.4681200e+02   5.9940830e+01  -8.2029070e-05   6.2645771e-03
   4.4687400e+02   5.9954170e+01  -8.1946292e-05   6.2605940e-03
   4.4694500e+02   5.9967500e+01  -8.1685440e-05   6.2570323e-03
   4.4700600e+02   5.9980830e+01  -8.1351788e-05   6.2533740e-03
   4.4707000e+02   5.9994170e+01  -8.1593100e-05   6.2496283e-03
   4.4713700e+02   6.0007500e+01  -8.1689359e-05   6.2458045e-03
   4.4720499e+02   6.0020830e+01  -8.1675116e-05   6.2419117e-03
   4.4728200e+02   6.0034170e+01  -8.1658218e-05   6.2379594e-03
   4.4734800e+02   6.0047500e+01  -8.1812920e-05   6.2339566e-03
   4.4740500e+02   6.0060830e+01  -8.1548424e-05   6.2299127e-03
   4.4748099e+02   6.0074170e+01  -8.1100275e-05   6.2258369e-03
   4.4754301e+02   6.0087500e+01  -8.1423014e-05   6.2222168e-03
   4.4761400e+02   6.0100830e+01  -8.1713627e-05   6.2185331e-03
   4.4768799e+02   6.0114170e+01  -8.1704380e-05   6.2147962e-03
   4.4774801e+02   6.0127500e+01  -8.1385873e-05   6.2110162e-03
   4.4781100e+02   6.0140830e+01  -8.1426720e-05   6.2072035e-03
   4.4786100e+02   6.0154170e+01  -8.1454274e-05   6.2033684e-03
   4.4794100e+02   6.0167500e+01  -8.1231539e-05   6.1995210e-03
   4.4801400e+02   6.0180830e+01  -8.1317998e-05   6.1956717e-03
   4.4807500e+02   6.0194170e+01  -8.1132086e-05   6.1918308e-03
   4.4813900e+02   6.0207500e+01  -8.1111044e-05   6.1889654e-03
   4.4821700e+02   6.0220830e+01  -8.0920503e-05   6.1865068e-03
   4.4826600e+02   6.0234170e+01  -8.0820525e-05   6.1844174e-03
   4.4834000e+02   6.0247500e+01  -8.0705433e-05   6.1821819e-03
   4.4840600e+02   6.0260830e+01  -8.0398233e-05   6.1802931e-03
   4.4847899e+02   6.0274170e+01  -8.0084914e-05   6.1776865e-03
   4.4854799e+02   6.0287500e+01  -8.0413712e-05   6.1748752e-03
   4.4862099e+02   6.0300830e+01  -7.9963143e-05   6.1718736e-03
   4.4868400e+02   6.0314170e+01  -7.9573879e-05   6.1686961e-03
   4.4874500e+02   6.0327500e+01  -7.9291791e-05   6.1653571e-03
   4.4881800e+02   6.0340830e+01  -7.9012336e-05   6.1618709e-03
   4.4887600e+02   6.0354170e+01  -7.8721221e-05   6.1582520e-03
   4.4894100e+02   6.0367500e+01  -7.8552376e-05   6.1545148e-03
   4.4902500e+02   6.0380830e+01  -7.8194454e-05   6.1506735e-03
   4.4908401e+02   6.0394170e+01  -7.7796153e-05   6.1467427e-03
   4.4914699e+02   6.0407500e+01  -7.7430530e-05   6.1421864e-03
   4.4922100e+02   6.0420830e+01  -7.7211387e-05   6.1375166e-03
   4.4929200e+02   6.0434170e+01  -7.6850538e-05   6.1332251e-03
   4.4935000e+02   6.0447500e+01  -7.6488425e-05   6.1287968e-03
   4.4943101e+02   6.0460830e+01  -7.6237854e-05   6.1242459e-03
   4.4947899e+02   6.0474170e+01  -7.6013133e-05   6.1195870e-03
   4.4954900e+02   6.0487500e+01  -7.5630650e-05   6.1148343e-03
   4.4961201e+02   6.0500830e+01  -7.4747293e-05   6.1100023e-03
   4.4968799e+02   6.0514170e+01  -7.4607265e-05   6.1051053e-03
   4.4974200e+02   6.0527500e+01  -7.3631545e-05   6.1001578e-03
   4.4982500e+02   6.0540830e+01  -7.3130000e-05   6.0946238e-03
   4.4988900e+02   6.0554170e+01  -7.2264794e-05   6.0890154e-03
   4.4995600e+02   6.0567500e+01  -7.1260379e-05   6.0838223e-03
   4.5001800e+02   6.0580830e+01  -7.0437874e-05   6.0785316e-03
   4.5008401e+02   6.0594170e+01  -6.9355137e-05   6.0726812e-03
   4.5017299e+02   6.0607500e+01  -6.8047499e-05   6.0668119e-03
   4.5023299e+02   6.0620830e+01  -6.6786220e-05   6.0609370e-03
   4.5030300e+02   6.0634170e+01  -6.5864558e-05   6.0550699e-03
   4.5036600e+02   6.0647500e+01  -6.4615424e-05   6.0492241e-03
   4.5042499e+02   6.0660830e+01  -6.3274271e-05   6.0428623e-03
   4.5050100e+02   6.0674170e+01  -6.1891809e-05   6.0364959e-03
   4.5056901e+02   6.0687500e+01  -6.0458704e-05   6.0301370e-03
   4.5064100e+02   6.0700830e+01  -5.9227469e-05   6.0242744e-03
   4.5069900e+02   6.0714170e+01  -5.7693065e-05   6.0183941e-03
   4.5077100e+02   6.0727500e+01  -5.5907636e-05   6.0125094e-03
   4.5082101e+02   6.0740830e+01  -5.4048512e-05   6.0066337e-03
   4.5089300e+02   6.0754170e+01  -5.2064721e-05   6.0007804e-03
   4.5096200e+02   6.0767500e+01  -4.9937514e-05   5.9949628e-03
   4.5102801e+02   6.0780830e+01  -4.7803250e-05   5.9891943e-03
   4.5110700e+02   6.0794170e+01  -4.5667953e-05   5.9829378e-03
   4.5117000e+02   6.0807500e+01  -4.3513699e-05   5.9767045e-03
   4.5122500e+02   6.0820830e+01  -4.1285750e-05   5.9705067e-03
   4.5130900e+02   6.0834170e+01  -3.9120006e-05   5.9648351e-03
   4.5136300e+02   6.0847500e+01  -3.6925234e-05   5.9591734e-03
   4.5143300e+02   6.0860830e+01  -3.4737883e-05   5.9535350e-03
   4.5150201e+02   6.0874170e+01  -3.2532174e-05   5.9474549e-03
   4.5156800e+02   6.0887500e+01  -3.0273022e-05   5.9414750e-03
   4.5163500e+02   6.0900830e+01  -2.7882146e-05   5.9356077e-03
   4.5170299e+02   6.0914170e+01  -2.5588793e-05   5.9293148e-03
   4.5176099e+02   6.0927500e+01  -2.3309492e-05   5.9231065e-03
   4.5182300e+02   6.0940830e+01  -2.1070203e-05   5.9169941e-03
   4.5191500e+02   6.0954170e+01  -1.8842399e-05   5.9109888e-03
   4.5197001e+02   6.0967500e+01  -1.6539129e-05   5.9055803e-03
   4.5203499e+02   6.0980830e+01  -1.4378398e-05   5.9002514e-03
   4.5210000e+02   6.0994170e+01  -1.2149051e-05   5.8950144e-03
   4.5216900e+02   6.1007500e+01  -9.9075555e-06   5.8898817e-03
   4.5224500e+02   6.1020830e+01  -7.7960778e-06   5.8848655e-03
   4.5230700e+02   6.1034170e+01  -5.6435527e-06   5.8799782e-03
   4.5236899e+02   6.1047500e+01  -3.5534322e-06   5.8746818e-03
   4.5244500e+02   6.1060830e+01  -1.1982535e-06   5.8694863e-03
   4.5250300e+02   6.1074170e+01   9.9426761e-07   5.8644030e-03
   4.5257900e+02   6.1087500e+01   3.3922244e-06   5.8594433e-03
   4.5264899e+02   6.1100830e+01   5.8479041e-06   5.8546183e-03
   4.5270701e+02   6.1114170e+01   8.1676587e-06   5.8504179e-03
   4.5276900e+02   6.1127500e+01   1.0368888e-05   5.8463246e-03
   4.5284701e+02   6.1140830e+01   1.2334058e-05   5.8423510e-03
   4.5290500e+02   6.1154170e+01   1.4213639e-05   5.8385093e-03
   4.5296799e+02   6.1167500e+01   1.6021946e-05   5.8337830e-03
   4.5303300e+02   6.1180830e+01   1.7693171e-05   5.8292109e-03
   4.5311400e+02   6.1194170e+01   1.9324766e-05   5.8248031e-03
   4.5318000e+02   6.1207500e+01   2.0808889e-05   5.8205699e-03
   4.5324801e+02   6.1220830e+01   2.2251149e-05   5.8165217e-03
   4.5330401e+02   6.1234170e+01   2.3641838e-05   5.8126686e-03
   4.5337301e+02   6.1247500e+01   2.4754254e-05   5.8094994e-03
   4.5343999e+02   6.1260830e+01   2.5905091e-05   5.8064957e-03
   4.5350699e+02   6.1274170e+01   2.6914294e-05   5.8031905e-03
   4.5358401e+02   6.1287500e+01   2.7832906e-05   5.7991689e-03
   4.5363900e+02   6.1300830e+01   2.8644192e-05   5.7939912e-03
   4.5371599e+02   6.1314170e+01   2.9406076e-05   5.7887400e-03
   4.5377399e+02   6.1327500e+01   3.0315803e-05   5.7834705e-03
   4.5384501e+02   6.1340830e+01   3.0942212e-05   5.7782372e-03
   4.5391700e+02   6.1354170e+01   3.1739130e-05   5.7735716e-03
   4.5398299e+02   6.1367500e+01   3.2420491e-05   5.7694759e-03
   4.5405300e+02   6.1380830e+01   3.3008882e-05   5.7654735e-03
   4.5411600e+02   6.1394170e+01   3.3811924e-05   5.7620953e-03
   4.5418300e+02   6.1407500e+01   3.4342128e-05   5.7593421e-03
   4.5424700e+02   6.1420830e+01   3.4873165e-05   5.7566648e-03
   4.5431600e+02   6.1434170e+01   3.5252450e-05   5.7545619e-03
   4.5438000e+02   6.1447500e+01   3.5852972e-05   5.7525552e-03
   4.5445600e+02   6.1460830e+01   3.6248805e-05   5.7511732e-03
   4.5451400e+02   6.1474170e+01   3.6545898e-05   5.7499385e-03
   4.5458900e+02   6.1487500e+01   3.6983532e-05   5.7493764e-03
   4.5464100e+02   6.1500830e+01   3.6999803e-05   5.7494848e-03
   4.5471400e+02   6.1514170e+01   3.7525798e-05   5.7502617e-03
   4.5478600e+02   6.1527500e+01   3.7947360e-05   5.7517051e-03
   4.5486100e+02   6.1540830e+01   3.8243769e-05   5.7527121e-03
   4.5492499e+02   6.1554170e+01   3.8217874e-05   5.7537259e-03
   4.5498000e+02   6.1567500e+01   3.8701583e-05   5.7546896e-03
   4.5505700e+02   6.1580830e+01   3.8911990e-05   5.7551391e-03
   4.5512400e+02   6.1594170e+01   3.9170731e-05   5.7550966e-03
   4.5519700e+02   6.1607500e+01   3.9614893e-05   5.7551017e-03
   4.5525400e+02   6.1620830e+01   4.0104431e-05   5.7551943e-03
   4.5532799e+02   6.1634170e+01   4.0135333e-05   5.7554134e-03
   4.5539400e+02   6.1647500e+01   4.0717288e-05   5.7562751e-03
   4.5545800e+02   6.1660830e+01   4.0996807e-05   5.7577660e-03
   4.5553000e+02   6.1674170e+01   4.1429565e-05   5.7598729e-03
   4.5558900e+02   6.1687500e+01   4.1537371e-05   5.7616255e-03
   4.5566500e+02   6.1700830e+01   4.1771673e-05   5.7640677e-03
   4.5573400e+02   6.1714170e+01   4.2339828e-05   5.7671840e-03
   4.5579301e+02   6.1727500e+01   4.2864664e-05   5.7709590e-03
   4.5586400e+02   6.1740830e+01   4.3603029e-05   5.7753772e-03
   4.5592800e+02   6.1754170e+01   4.3791927e-05   5.7804233e-03
   4.5599100e+02   6.1767500e+01   4.4489994e-05   5.7845768e-03
   4.5605900e+02   6.1780830e+01   4.5205274e-05   5.7884180e-03
   4.5611300e+02   6.1794170e+01   4.5847751e-05   5.7910720e-03
   4.5619601e+02   6.1807500e+01   4.6147570e-05   5.7936777e-03
   4.5626301e+02   6.1820830e+01   4.7148260e-05   5.7967871e-03
   4.5632400e+02   6.1834170e+01   4.8211751e-05   5.8004235e-03
   4.5639100e+02   6.1847500e+01   4.8866269e-05   5.8046093e-03
   4.5646799e+02   6.1860830e+01   4.9680900e-05   5.8093660e-03
   4.5652801e+02   6.1874170e+01   5.0780402e-05   5.8147140e-03
   4.5659501e+02   6.1887500e+01   5.2146447e-05   5.8211509e-03
   4.5665600e+02   6.1900830e+01   5.3380911e-05   5.8271421e-03
   4.5672800e+02   6.1914170e+01   5.4219087e-05   5.8337278e-03
   4.5679900e+02   6.1927500e+01   5.5558776e-05   5.8414714e-03
   4.5686100e+02   6.1940830e+01   5.6938986e-05   5.8503699e-03
   4.5693200e+02   6.1954170e+01   5.8340047e-05   5.8603872e-03
   4.5699900e+02   6.1967500e+01   5.9805005e-05   5.8724441e-03
   4.5705900e+02   6.1980830e+01   6.1423428e-05   5.8854477e-03
   4.5713000e+02   6.1994170e+01   6.3113062e-05   5.8998403e-03
   4.5719100e+02   6.2007500e+01   6.4869281e-05   5.9155400e-03
   4.5725600e+02   6.2020830e+01   6.6600161e-05   5.9319856e-03
   4.5732101e+02   6.2034170e+01   6.8297628e-05   5.9490753e-03
   4.5739500e+02   6.2047500e+01   7.0165179e-05   5.9667444e-03
   4.5747899e+02   6.2060830e+01   7.2151019e-05   5.9849611e-03
   4.5753699e+02   6.2074170e+01   7.3899020e-05   6.0036936e-03
   4.5759099e+02   6.2087500e+01   7.5690159e-05   6.0233882e-03
   4.5765600e+02   6.2100830e+01   7.7451797e-05   6.0434848e-03
   4.5774100e+02   6.2114170e+01   7.9258487e-05   6.0639523e-03
   4.5779900e+02   6.2127500e+01   8.1044603e-05   6.0847600e-03
   4.5786700e+02   6.2140830e+01   8.2965804e-05   6.1058771e-03
   4.5793999e+02   6.2154170e+01   8.4861262e-05   6.1277510e-03
   4.5800100e+02   6.2167500e+01   8.6672068e-05   6.1492722e-03
   4.5807000e+02   6.2180830e+01   8.8715918e-05   6.1709084e-03
   4.5813100e+02   6.2194170e+01   9.0644554e-05   6.1926290e-03
   4.5819800e+02   6.2207500e+01   9.2804102e-05   6.2149533e-03
   4.5826200e+02   6.2220830e+01   9.5004782e-05   6.2378312e-03
   4.5832500e+02   6.2234170e+01   9.7213861e-05   6.2607044e-03
   4.5839899e+02   6.2247500e+01   9.9127836e-05   6.2835442e-03
   4.5847300e+02   6.2260830e+01   1.0134527e-04   6.3063217e-03
   4.5852399e+02   6.2274170e+01   1.0361700e-04   6.3290081e-03
   4.5860000e+02   6.2287500e+01   1.0528698e-04   6.3520532e-03
   4.5867000e+02   6.2300830e+01   1.0738997e-04   6.3743491e-03
   4.5873600e+02   6.2314170e+01   1.0972150e-04   6.3963659e-03
   4.5880300e+02   6.2327500e+01   1.1200027e-04   6.4180749e-03
   4.5886899e+02   6.2340830e+01   1.1439814e-04   6.4394471e-03
   4.5893101e+02   6.2354170e+01   1.1684869e-04   6.4609323e-03
   4.5900001e+02   6.2367500e+01   1.1939369e-04   6.4819732e-03
   4.5907000e+02   6.2380830e+01   1.2198504e-04   6.5025419e-03
   4.5913700e+02   6.2394170e+01   1.2470122e-04   6.5226108e-03
   4.5919700e+02   6.2407500e+01   1.2721479e-04   6.5421521e-03
   4.5927100e+02   6.2420830e+01   1.2965562e-04   6.5616144e-03
   4.5934200e+02   6.2434170e+01   1.3217114e-04   6.5804436e-03
   4.5940000e+02   6.2447500e+01   1.3474307e-04   6.5980628e-03
   4.5946599e+02   6.2460830e+01   1.3719404e-04   6.6149428e-03
   4.5952300e+02   6.2474170e+01   1.3978348e-04   6.6310559e-03
   4.5960900e+02   6.2487500e+01   1.4218645e-04   6.6468528e-03
   4.5966401e+02   6.2500830e+01   1.4473410e-04   6.6623276e-03
   4.5974399e+02   6.2514170e+01   1.4724112e-04   6.6769557e-03
   4.5980100e+02   6.2527500e+01   1.4977532e-04   6.6907115e-03
   4.5987000e+02   6.2540830e+01   1.5217546e-04   6.7035693e-03
   4.5994300e+02   6.2554170e+01   1.5473337e-04   6.7159818e-03
   4.5999801e+02   6.2567500e+01   1.5712198e-04   6.7273948e-03
   4.6007400e+02   6.2580830e+01   1.5959153e-04   6.7372332e-03
   4.6014300e+02   6.2594170e+01   1.6190096e-04   6.7459701e-03
   4.6021300e+02   6.2607500e+01   1.6429753e-04   6.7541301e-03
   4.6026600e+02   6.2620830e+01   1.6673351e-04   6.7627667e-03
   4.6033700e+02   6.2634170e+01   1.6899771e-04   6.7714340e-03
   4.6040800e+02   6.2647500e+01   1.7127947e-04   6.7796653e-03
   4.6047800e+02   6.2660830e+01   1.7353170e-04   6.7874937e-03
   4.6054799e+02   6.2674170e+01   1.7571434e-04   6.7949534e-03
   4.6060599e+02   6.2687500e+01   1.7789710e-04   6.8015292e-03
   4.6067600e+02   6.2700830e+01   1.8005972e-04   6.8072047e-03
   4.6074399e+02   6.2714170e+01   1.8216142e-04   6.8110785e-03
   4.6080100e+02   6.2727500e+01   1.8422440e-04   6.8127892e-03
   4.6088199e+02   6.2740830e+01   1.8631759e-04   6.8129448e-03
   4.6094601e+02   6.2754170e+01   1.8809083e-04   6.8121026e-03
   4.6100899e+02   6.2767500e+01   1.9003180e-04   6.8102890e-03
   4.6108100e+02   6.2780830e+01   1.9215136e-04   6.8085583e-03
   4.6114699e+02   6.2794170e+01   1.9394487e-04   6.8059087e-03
   4.6122100e+02   6.2807500e+01   1.9585746e-04   6.8033922e-03
   4.6128300e+02   6.2820830e+01   1.9756115e-04   6.8004875e-03
   4.6134701e+02   6.2834170e+01   1.9944493e-04   6.7971698e-03
   4.6142100e+02   6.2847500e+01   2.0102004e-04   6.7929382e-03
   4.6148900e+02   6.2860830e+01   2.0266895e-04   6.7882942e-03
   4.6156100e+02   6.2874170e+01   2.0427274e-04   6.7832123e-03
   4.6161600e+02   6.2887500e+01   2.0588027e-04   6.7776667e-03
   4.6168500e+02   6.2900830e+01   2.0723546e-04   6.7716318e-03
   4.6174700e+02   6.2914170e+01   2.0864041e-04   6.7661825e-03
   4.6181499e+02   6.2927500e+01   2.0989713e-04   6.7598913e-03
   4.6188900e+02   6.2940830e+01   2.1118623e-04   6.7538444e-03
   4.6194401e+02   6.2954170e+01   2.1251744e-04   6.7480697e-03
   4.6201501e+02   6.2967500e+01   2.1398626e-04   6.7425962e-03
   4.6207900e+02   6.2980830e+01   2.1527315e-04   6.7369036e-03
   4.6213700e+02   6.2994170e+01   2.1642628e-04   6.7309703e-03
   4.6222001e+02   6.3007500e+01   2.1756066e-04   6.7242965e-03
   4.6228400e+02   6.3020830e+01   2.1874638e-04   6.7184896e-03
   4.6235500e+02   6.3034170e+01   2.1960522e-04   6.7120534e-03
   4.6240900e+02   6.3047500e+01   2.2039880e-04   6.7045391e-03
   4.6248701e+02   6.3060830e+01   2.2104039e-04   6.6955490e-03
   4.6255401e+02   6.3074170e+01   2.2191597e-04   6.6852079e-03
   4.6261600e+02   6.3087500e+01   2.2236681e-04   6.6745962e-03
   4.6268101e+02   6.3100830e+01   2.2266137e-04   6.6648329e-03
   4.6274900e+02   6.3114170e+01   2.2303534e-04   6.6560445e-03
   4.6281701e+02   6.3127500e+01   2.2331792e-04   6.6494575e-03
   4.6288199e+02   6.3140830e+01   2.2337614e-04   6.6442027e-03
   4.6294300e+02   6.3154170e+01   2.2343550e-04   6.6398595e-03
   4.6302000e+02   6.3167500e+01   2.2333931e-04   6.6365061e-03
   4.6308600e+02   6.3180830e+01   2.2292014e-04   6.6342205e-03
   4.6314800e+02   6.3194170e+01   2.2231681e-04   6.6335593e-03
   4.6321500e+02   6.3207500e+01   2.2185820e-04   6.6340722e-03
   4.6329200e+02   6.3220830e+01   2.2107980e-04   6.6348094e-03
   4.6333900e+02   6.3234170e+01   2.2016583e-04   6.6379030e-03
   4.6341601e+02   6.3247500e+01   2.1904704e-04   6.6424059e-03
   4.6348800e+02   6.3260830e+01   2.1802456e-04   6.6488755e-03
   4.6355401e+02   6.3274170e+01   2.1698675e-04   6.6563143e-03
   4.6362099e+02   6.3287500e+01   2.1591089e-04   6.6652258e-03
   4.6368000e+02   6.3300830e+01   2.1466864e-04   6.6740075e-03
   4.6376200e+02   6.3314170e+01   2.1313923e-04   6.6841596e-03
   4.6382101e+02   6.3327500e+01   2.1165724e-04   6.6951073e-03
   4.6389300e+02   6.3340830e+01   2.0976197e-04   6.7062910e-03
   4.6395901e+02   6.3354170e+01   2.0788727e-04   6.7182306e-03
   4.6402100e+02   6.3367500e+01   2.0588409e-04   6.7308746e-03
   4.6410399e+02   6.3380830e+01   2.0375129e-04   6.7446898e-03
   4.6416801e+02   6.3394170e+01   2.0147093e-04   6.7591662e-03
   4.6423501e+02   6.3407500e+01   1.9906663e-04   6.7748003e-03
   4.6429700e+02   6.3420830e+01   1.9660412e-04   6.7910088e-03
   4.6437600e+02   6.3434170e+01   1.9389718e-04   6.8082568e-03
   4.6444201e+02   6.3447500e+01   1.9129032e-04   6.8260317e-03
   4.6450400e+02   6.3460830e+01   1.8844299e-04   6.8448284e-03
   4.6457400e+02   6.3474170e+01   1.8547240e-04   6.8646118e-03
   4.6462800e+02   6.3487500e+01   1.8242525e-04   6.8847967e-03
   4.6470099e+02   6.3500830e+01   1.7948631e-04   6.9053675e-03
   4.6477199e+02   6.3514170e+01   1.7621067e-04   6.9268166e-03
   4.6484000e+02   6.3527500e+01   1.7303396e-04   6.9491073e-03
   4.6489699e+02   6.3540830e+01   1.6988541e-04   6.9722023e-03
   4.6497300e+02   6.3554170e+01   1.6633586e-04   6.9955145e-03
   4.6503600e+02   6.3567500e+01   1.6295657e-04   7.0190261e-03
   4.6510000e+02   6.3580830e+01   1.5976503e-04   7.0432277e-03
   4.6517200e+02   6.3594170e+01   1.5666298e-04   7.0680802e-03
   4.6524500e+02   6.3607500e+01   1.5334044e-04   7.0935446e-03
   4.6530300e+02   6.3620830e+01   1.5032959e-04   7.1190314e-03
   4.6538000e+02   6.3634170e+01   1.4707352e-04   7.1445210e-03
   4.6544401e+02   6.3647500e+01   1.4404691e-04   7.1705018e-03
   4.6551400e+02   6.3660830e+01   1.4104501e-04   7.1969327e-03
   4.6557400e+02   6.3674170e+01   1.3794334e-04   7.2237726e-03
   4.6563399e+02   6.3687500e+01   1.3483386e-04   7.2499536e-03
   4.6570400e+02   6.3700830e+01   1.3171036e-04   7.2764588e-03
   4.6577300e+02   6.3714170e+01   1.2875373e-04   7.3032449e-03
   4.6584701e+02   6.3727500e+01   1.2556360e-04   7.3302688e-03
   4.6590400e+02   6.3740830e+01   1.2219440e-04   7.3574874e-03
   4.6597300e+02   6.3754170e+01   1.1901762e-04   7.3838309e-03
   4.6604101e+02   6.3767500e+01   1.1620118e-04   7.4102806e-03
   4.6610700e+02   6.3780830e+01   1.1298528e-04   7.4367911e-03
   4.6616199e+02   6.3794170e+01   1.0996473e-04   7.4633172e-03
   4.6623701e+02   6.3807500e+01   1.0677876e-04   7.4898138e-03
   4.6631100e+02   6.3820830e+01   1.0331948e-04   7.5152068e-03
   4.6636899e+02   6.3834170e+01   1.0011374e-04   7.5404774e-03
   4.6643101e+02   6.3847500e+01   9.7146527e-05   7.5655783e-03
   4.6649900e+02   6.3860830e+01   9.3969211e-05   7.5904621e-03
   4.6657799e+02   6.3874170e+01   9.0936298e-05   7.6146033e-03
   4.6665000e+02   6.3887500e+01   8.7640032e-05   7.6379328e-03
   4.6670299e+02   6.3900830e+01   8.4694222e-05   7.6609000e-03
   4.6677399e+02   6.3914170e+01   8.1846773e-05   7.6834556e-03
   4.6684200e+02   6.3927500e+01   7.9164913e-05   7.7055502e-03
   4.6690800e+02   6.3940830e+01   7.6096450e-05   7.7266562e-03
   4.6697401e+02   6.3954170e+01   7.3188242e-05   7.7467024e-03
   4.6704101e+02   6.3967500e+01   7.0578330e-05   7.7661362e-03
   4.6711100e+02   6.3980830e+01   6.8132198e-05   7.7849062e-03
   4.6718101e+02   6.3994170e+01   6.6185527e-05   7.8029611e-03
   4.6724599e+02   6.4007500e+01   6.3935613e-05   7.8202494e-03
   4.6730601e+02   6.4020830e+01   6.1975799e-05   7.8367197e-03
   4.6736899e+02   6.4034170e+01   6.0138028e-05   7.8523208e-03
   4.6744500e+02   6.4047500e+01   5.8500380e-05   7.8686522e-03
   4.6751301e+02   6.4060830e+01   5.6536623e-05   7.8858182e-03
   4.6757999e+02   6.4074170e+01   5.4715229e-05   7.9033802e-03
   4.6764600e+02   6.4087500e+01   5.3534401e-05   7.9208478e-03
   4.6771200e+02   6.4100830e+01   5.2599751e-05   7.9382306e-03
   4.6777399e+02   6.4114170e+01   5.1448497e-05   7.9549887e-03
   4.6784600e+02   6.4127500e+01   4.9927922e-05   7.9716313e-03
   4.6791300e+02   6.4140830e+01   4.9695335e-05   7.9876197e-03
   4.6797700e+02   6.4154170e+01   4.8661813e-05   8.0029137e-03
   4.6804301e+02   6.4167500e+01   4.7929756e-05   8.0174734e-03
   4.6810300e+02   6.4180830e+01   4.7565944e-05   8.0318065e-03
   4.6817800e+02   6.4194170e+01   4.7103007e-05   8.0453776e-03
   4.6824801e+02   6.4207500e+01   4.6669796e-05   8.0586258e-03
   4.6831701e+02   6.4220830e+01   4.6579957e-05   8.0724187e-03
   4.6837600e+02   6.4234170e+01   4.6782752e-05   8.0870443e-03
   4.6845000e+02   6.4247500e+01   4.6852052e-05   8.1017906e-03
   4.6853100e+02   6.4260830e+01   4.6931448e-05   8.1170986e-03
   4.6857799e+02   6.4274170e+01   4.7031899e-05   8.1313645e-03
   4.6864001e+02   6.4287500e+01   4.7787912e-05   8.1445167e-03
   4.6871300e+02   6.4300830e+01   4.8051864e-05   8.1564823e-03
   4.6877601e+02   6.4314170e+01   4.8155012e-05   8.1667113e-03
   4.6884099e+02   6.4327500e+01   4.8562142e-05   8.1751830e-03
   4.6890400e+02   6.4340830e+01   4.9097516e-05   8.1829057e-03
   4.6897500e+02   6.4354170e+01   4.9536041e-05   8.1888325e-03
   4.6903901e+02   6.4367500e+01   5.0254975e-05   8.1934953e-03
   4.6911400e+02   6.4380830e+01   5.0776005e-05   8.1974786e-03
   4.6918101e+02   6.4394170e+01   5.1337814e-05   8.2018966e-03
   4.6924700e+02   6.4407500e+01   5.1948839e-05   8.2063654e-03
   4.6931200e+02   6.4420830e+01   5.2849946e-05   8.2099309e-03
   4.6938199e+02   6.4434170e+01   5.3485994e-05   8.2126374e-03
   4.6944300e+02   6.4447500e+01   5.4260850e-05   8.2150089e-03
   4.6951000e+02   6.4460830e+01   5.5000867e-05   8.2165632e-03
   4.6958700e+02   6.4474170e+01   5.5967577e-05   8.2173466e-03
   4.6965301e+02   6.4487500e+01   5.6984780e-05   8.2174106e-03
   4.6971700e+02   6.4500830e+01   5.7673710e-05   8.2168060e-03
   4.6977700e+02   6.4514170e+01   5.8920612e-05   8.2160627e-03
   4.6985900e+02   6.4527500e+01   5.9669719e-05   8.2141544e-03
   4.6992100e+02   6.4540830e+01   6.0884426e-05   8.2116335e-03
   4.6998600e+02   6.4554170e+01   6.2021342e-05   8.2091051e-03
   4.7004000e+02   6.4567500e+01   6.2937210e-05   8.2060553e-03
   4.7012099e+02   6.4580830e+01   6.4314779e-05   8.2025109e-03
   4.7018000e+02   6.4594170e+01   6.5140777e-05   8.1979804e-03
   4.7024700e+02   6.4607500e+01   6.6050959e-05   8.1930190e-03
   4.7031100e+02   6.4620830e+01   6.6721692e-05   8.1876148e-03
   4.7037800e+02   6.4634170e+01   6.7745724e-05   8.1817999e-03
   4.7044300e+02   6.4647500e+01   6.8440902e-05   8.1750859e-03
   4.7050699e+02   6.4660830e+01   6.9103442e-05   8.1674830e-03
   4.7057999e+02   6.4674170e+01   6.9752775e-05   8.1595519e-03
   4.7064001e+02   6.4687500e+01   7.0539552e-05   8.1518339e-03
   4.7071200e+02   6.4700830e+01   7.1240093e-05   8.1433139e-03
   4.7077601e+02   6.4714170e+01   7.1909336e-05   8.1340054e-03
   4.7084099e+02   6.4727500e+01   7.2474451e-05   8.1244721e-03
   4.7091401e+02   6.4740830e+01   7.2894843e-05   8.1147079e-03
   4.7098600e+02   6.4754170e+01   7.3227837e-05   8.1041988e-03
   4.7104200e+02   6.4767500e+01   7.3504533e-05   8.0929601e-03
   4.7111600e+02   6.4780830e+01   7.3650362e-05   8.0815576e-03
   4.7118101e+02   6.4794170e+01   7.3746309e-05   8.0695090e-03
   4.7124900e+02   6.4807500e+01   7.3872966e-05   8.0573092e-03
   4.7130100e+02   6.4820830e+01   7.3989390e-05   8.0444459e-03
   4.7138700e+02   6.4834170e+01   7.4097844e-05   8.0310087e-03
   4.7144900e+02   6.4847500e+01   7.4154856e-05   8.0170459e-03
   4.7151600e+02   6.4860830e+01   7.4203207e-05   8.0030532e-03
   4.7157799e+02   6.4874170e+01   7.4244358e-05   7.9885197e-03
   4.7165200e+02   6.4887500e+01   7.4222910e-05   7.9734638e-03
   4.7171799e+02   6.4900830e+01   7.4034751e-05   7.9584544e-03
   4.7178600e+02   6.4914170e+01   7.3937906e-05   7.9434906e-03
   4.7185100e+02   6.4927500e+01   7.3869639e-05   7.9266283e-03
   4.7191601e+02   6.4940830e+01   7.3721915e-05   7.9085189e-03
   4.7198200e+02   6.4954170e+01   7.3545689e-05   7.8892780e-03
   4.7204600e+02   6.4967500e+01   7.3157788e-05   7.8695718e-03
   4.7211500e+02   6.4980830e+01   7.2854691e-05   7.8499730e-03
   4.7218200e+02   6.4994170e+01   7.2414705e-05   7.8300154e-03
   4.7224500e+02   6.5007500e+01   7.1865778e-05   7.8097618e-03
   4.7232000e+02   6.5020830e+01   7.1391292e-05   7.7898215e-03
   4.7238900e+02   6.5034170e+01   7.0891971e-05   7.7702378e-03
   4.7245800e+02   6.5047500e+01   7.0328754e-05   7.7510210e-03
   4.7251700e+02   6.5060830e+01   6.9535035e-05   7.7317049e-03
   4.7258600e+02   6.5074170e+01   6.8763582e-05   7.7123477e-03
   4.7266300e+02   6.5087500e+01   6.7725021e-05   7.6935593e-03
   4.7272600e+02   6.5100830e+01   6.6562155e-05   7.6758572e-03
   4.7278800e+02   6.5114170e+01   6.5337506e-05   7.6582425e-03
   4.7285599e+02   6.5127500e+01   6.4161406e-05   7.6412530e-03
   4.7292299e+02   6.5140830e+01   6.2994850e-05   7.6244187e-03
   4.7298299e+02   6.5154170e+01   6.1766358e-05   7.6093051e-03
   4.7305100e+02   6.5167500e+01   6.0496820e-05   7.5948930e-03
   4.7312501e+02   6.5180830e+01   5.9194056e-05   7.5811917e-03
   4.7318600e+02   6.5194170e+01   5.7854182e-05   7.5682104e-03
   4.7325100e+02   6.5207500e+01   5.6480795e-05   7.5569872e-03
   4.7331901e+02   6.5220830e+01   5.5192420e-05   7.5465050e-03
   4.7339100e+02   6.5234170e+01   5.3604468e-05   7.5367752e-03
   4.7346000e+02   6.5247500e+01   5.2506451e-05   7.5268522e-03
   4.7352900e+02   6.5260830e+01   5.0989210e-05   7.5163693e-03
   4.7359299e+02   6.5274170e+01   4.9877967e-05   7.5060387e-03
   4.7366300e+02   6.5287500e+01   4.8641918e-05   7.4959954e-03
   4.7372800e+02   6.5300830e+01   4.7338009e-05   7.4868224e-03
   4.7378800e+02   6.5314170e+01   4.6241050e-05   7.4785718e-03
   4.7386400e+02   6.5327500e+01   4.4835203e-05   7.4717733e-03
   4.7392499e+02   6.5340830e+01   4.3903898e-05   7.4664269e-03
   4.7399399e+02   6.5354170e+01   4.2668573e-05   7.4620540e-03
   4.7405900e+02   6.5367500e+01   4.1510283e-05   7.4591835e-03
   4.7413399e+02   6.5380830e+01   4.0534433e-05   7.4578140e-03
   4.7418799e+02   6.5394170e+01   3.9309820e-05   7.4579448e-03
   4.7427000e+02   6.5407500e+01   3.8377782e-05   7.4595747e-03
   4.7432000e+02   6.5420830e+01   3.7372681e-05   7.4627026e-03
   4.7440500e+02   6.5434170e+01   3.6631433e-05   7.4668493e-03
   4.7446700e+02   6.5447500e+01   3.5359854e-05   7.4725422e-03
   4.7452399e+02   6.5460830e+01   3.4881982e-05   7.4797793e-03
   4.7458800e+02   6.5474170e+01   3.3875384e-05   7.4885584e-03
   4.7466900e+02   6.5487500e+01   3.3451142e-05   7.4988776e-03
   4.7472700e+02   6.5500830e+01   3.3019275e-05   7.5107348e-03
   4.7479600e+02   6.5514170e+01   3.2484110e-05   7.5241280e-03
   4.7487099e+02   6.5527500e+01   3.2382747e-05   7.5390550e-03
   4.7492699e+02   6.5540830e+01   3.1653544e-05   7.5544851e-03
   4.7498900e+02   6.5554170e+01   3.1697697e-05   7.5697914e-03
   4.7505700e+02   6.5567500e+01   3.0913167e-05   7.5842640e-03
   4.7513300e+02   6.5580830e+01   3.1114282e-05   7.5982331e-03
   4.7519100e+02   6.5594170e+01   3.0995527e-05   7.6111254e-03
   4.7526800e+02   6.5607500e+01   3.0952582e-05   7.6234717e-03
   4.7532400e+02   6.5620830e+01   3.0871618e-05   7.6352994e-03
   4.7539500e+02   6.5634170e+01   3.1307082e-05   7.6471128e-03
   4.7546700e+02   6.5647500e+01   3.1149543e-05   7.6594353e-03
   4.7553300e+02   6.5660830e+01   3.0749051e-05   7.6727686e-03
   4.7559600e+02   6.5674170e+01   3.1094375e-05   7.6860583e-03
   4.7566199e+02   6.5687500e+01   3.1556996e-05   7.7003006e-03
   4.7574100e+02   6.5700830e+01   3.2494922e-05   7.7149875e-03
   4.7580401e+02   6.5714170e+01   3.2571883e-05   7.7306176e-03
   4.7585599e+02   6.5727500e+01   3.3148091e-05   7.7466098e-03
   4.7591601e+02   6.5740830e+01   3.3416448e-05   7.7629526e-03
   4.7599399e+02   6.5754170e+01   3.4412182e-05   7.7801427e-03
   4.7605401e+02   6.5767500e+01   3.5381143e-05   7.7976688e-03
   4.7612600e+02   6.5780830e+01   3.5819273e-05   7.8154762e-03
   4.7619300e+02   6.5794170e+01   3.6509180e-05   7.8340288e-03
   4.7625201e+02   6.5807500e+01   3.8125185e-05   7.8528131e-03
   4.7632000e+02   6.5820830e+01   3.8848787e-05   7.8723230e-03
   4.7639699e+02   6.5834170e+01   3.9696054e-05   7.8920439e-03
   4.7646200e+02   6.5847500e+01   4.1189278e-05   7.9119181e-03
   4.7653499e+02   6.5860830e+01   4.2162784e-05   7.9324064e-03
   4.7659099e+02   6.5874170e+01   4.3264860e-05   7.9529923e-03
   4.7665900e+02   6.5887500e+01   4.4048913e-05   7.9741663e-03
   4.7672800e+02   6.5900830e+01   4.5312937e-05   7.9948607e-03
   4.7680800e+02   6.5914170e+01   4.7404495e-05   8.0160628e-03
   4.7686700e+02   6.5927500e+01   4.7885595e-05   8.0377313e-03
   4.7692400e+02   6.5940830e+01   4.9157943e-05   8.0593468e-03
   4.7699000e+02   6.5954170e+01   5.0501057e-05   8.0808487e-03
   4.7705401e+02   6.5967500e+01   5.2056405e-05   8.1026905e-03
   4.7713100e+02   6.5980830e+01   5.3813683e-05   8.1248290e-03
   4.7719601e+02   6.5994170e+01   5.5212439e-05   8.1472211e-03
   4.7726000e+02   6.6007500e+01   5.6467223e-05   8.1698236e-03
   4.7732599e+02   6.6020830e+01   5.8696033e-05   8.1920430e-03
   4.7739600e+02   6.6034170e+01   6.0100316e-05   8.2143338e-03
   4.7745600e+02   6.6047500e+01   6.1990800e-05   8.2366519e-03
   4.7752300e+02   6.6060830e+01   6.3708785e-05   8.2589531e-03
   4.7759000e+02   6.6074170e+01   6.5886866e-05   8.2806428e-03
   4.7765500e+02   6.6087500e+01   6.8685474e-05   8.3021746e-03
   4.7771900e+02   6.6100830e+01   7.0805585e-05   8.3235032e-03
   4.7777900e+02   6.6114170e+01   7.3539589e-05   8.3445835e-03
   4.7787200e+02   6.6127500e+01   7.5723719e-05   8.3653701e-03
   4.7792901e+02   6.6140830e+01   7.8962958e-05   8.3852676e-03
   4.7799599e+02   6.6154170e+01   8.1983918e-05   8.4047285e-03
   4.7806499e+02   6.6167500e+01   8.5295525e-05   8.4242568e-03
   4.7813399e+02   6.6180830e+01   8.7669339e-05   8.4433086e-03
   4.7818900e+02   6.6194170e+01   9.1667352e-05   8.4612883e-03
   4.7825899e+02   6.6207500e+01   9.3918832e-05   8.4786484e-03
   4.7833300e+02   6.6220830e+01   9.7347923e-05   8.4953427e-03
   4.7839200e+02   6.6234170e+01   1.0127141e-04   8.5113250e-03
   4.7845701e+02   6.6247500e+01   1.0541361e-04   8.5259986e-03
   4.7852399e+02   6.6260830e+01   1.0827419e-04   8.5414660e-03
   4.7858700e+02   6.6274170e+01   1.1249086e-04   8.5572853e-03
   4.7866100e+02   6.6287500e+01   1.1707366e-04   8.5735196e-03
   4.7872100e+02   6.6300830e+01   1.2122449e-04   8.5902322e-03
   4.7878699e+02   6.6314170e+01   1.2567007e-04   8.6063873e-03
   4.7886001e+02   6.6327500e+01   1.2984227e-04   8.6224975e-03
   4.7892400e+02   6.6340830e+01   1.3417041e-04   8.6385773e-03
   4.7899399e+02   6.6354170e+01   1.3848934e-04   8.6546424e-03
   4.7905900e+02   6.6367500e+01   1.4305736e-04   8.6701590e-03
   4.7912400e+02   6.6380830e+01   1.4745911e-04   8.6850923e-03
   4.7918700e+02   6.6394170e+01   1.5167604e-04   8.6999553e-03
   4.7925600e+02   6.6407500e+01   1.5617953e-04   8.7147678e-03
   4.7932500e+02   6.6420830e+01   1.6089074e-04   8.7295487e-03
   4.7939200e+02   6.6434170e+01   1.6531264e-04   8.7427404e-03
   4.7944401e+02   6.6447500e+01   1.6956425e-04   8.7558856e-03
   4.7951900e+02   6.6460830e+01   1.7418929e-04   8.7684527e-03
   4.7958401e+02   6.6474170e+01   1.7833916e-04   8.7809591e-03
   4.7965301e+02   6.6487500e+01   1.8255228e-04   8.7923239e-03
   4.7972100e+02   6.6500830e+01   1.8669002e-04   8.8030129e-03
   4.7978200e+02   6.6514170e+01   1.9083318e-04   8.8129932e-03
   4.7985100e+02   6.6527500e+01   1.9493057e-04   8.8222321e-03
   4.7993200e+02   6.6540830e+01   1.9887353e-04   8.8301461e-03
   4.7998701e+02   6.6554170e+01   2.0275451e-04   8.8372002e-03
   4.8006200e+02   6.6567500e+01   2.0660032e-04   8.8428821e-03
   4.8011600e+02   6.6580830e+01   2.1029867e-04   8.8487871e-03
   4.8019100e+02   6.6594170e+01   2.1412368e-04   8.8555359e-03
   4.8025100e+02   6.6607500e+01   2.1743113e-04   8.8632513e-03
   4.8032900e+02   6.6620830e+01   2.2072592e-04   8.8715131e-03
   4.8039200e+02   6.6634170e+01   2.2391548e-04   8.8798494e-03
   4.8045499e+02   6.6647500e+01   2.2698241e-04   8.8882884e-03
   4.8051501e+02   6.6660830e+01   2.2989376e-04   8.8963086e-03
   4.8059000e+02   6.6674170e+01   2.3278588e-04   8.9038874e-03
   4.8065101e+02   6.6687500e+01   2.3538345e-04   8.9115526e-03
   4.8072401e+02   6.6700830e+01   2.3827223e-04   8.9187838e-03
   4.8079101e+02   6.6714170e+01   2.4066782e-04   8.9250812e-03
   4.8085399e+02   6.6727500e+01   2.4309714e-04   8.9309516e-03
   4.8092299e+02   6.6740830e+01   2.4568174e-04   8.9363725e-03
   4.8099399e+02   6.6754170e+01   2.4817258e-04   8.9413212e-03
   4.8106100e+02   6.6767500e+01   2.5049594e-04   8.9463256e-03
   4.8111500e+02   6.6780830e+01   2.5223776e-04   8.9508653e-03
   4.8118799e+02   6.6794170e+01   2.5438721e-04   8.9549187e-03
   4.8125001e+02   6.6807500e+01   2.5647835e-04   8.9584642e-03
   4.8132799e+02   6.6820830e+01   2.5819748e-04   8.9614803e-03
   4.8139600e+02   6.6834170e+01   2.5950431e-04   8.9639453e-03
   4.8145400e+02   6.6847500e+01   2.6111930e-04   8.9653594e-03
   4.8152399e+02   6.6860830e+01   2.6246343e-04   8.9657511e-03
   4.8159099e+02   6.6874170e+01   2.6382177e-04   8.9661767e-03
   4.8165700e+02   6.6887500e+01   2.6530948e-04   8.9661149e-03
   4.8172001e+02   6.6900830e+01   2.6618153e-04   8.9650646e-03
   4.8179301e+02   6.6914170e+01   2.6687399e-04   8.9625752e-03
   4.8185900e+02   6.6927500e+01   2.6811573e-04   8.9603020e-03
   4.8192499e+02   6.6940830e+01   2.6857776e-04   8.9583747e-03
   4.8199200e+02   6.6954170e+01   2.6932657e-04   8.9569240e-03
   4.8205601e+02   6.6967500e+01   2.6989946e-04   8.9555316e-03
   4.8212900e+02   6.6980830e+01   2.6964942e-04   8.9542774e-03
   4.8218400e+02   6.6994170e+01   2.7014473e-04   8.9531699e-03
   4.8226099e+02   6.7007500e+01   2.7033657e-04   8.9512993e-03
   4.8232200e+02   6.7020830e+01   2.7036771e-04   8.9487782e-03
   4.8239699e+02   6.7034170e+01   2.7086689e-04   8.9457521e-03
   4.8245800e+02   6.7047500e+01   2.7074569e-04   8.9423255e-03
   4.8253300e+02   6.7060830e+01   2.7016194e-04   8.9385698e-03
   4.8259299e+02   6.7074170e+01   2.7011000e-04   8.9355855e-03
   4.8264899e+02   6.7087500e+01   2.6945878e-04   8.9324114e-03
   4.8272201e+02   6.7100830e+01   2.6974071e-04   8.9296654e-03
   4.8277900e+02   6.7114170e+01   2.6942320e-04   8.9273936e-03
   4.8286201e+02   6.7127500e+01   2.6933520e-04   8.9256101e-03
   4.8292600e+02   6.7140830e+01   2.6904197e-04   8.9253569e-03
   4.8299500e+02   6.7154170e+01   2.6927754e-04   8.9256198e-03
   4.8305700e+02   6.7167500e+01   2.6891049e-04   8.9274408e-03
   4.8313199e+02   6.7180830e+01   2.6867944e-04   8.9302841e-03
   4.8318600e+02   6.7194170e+01   2.6877602e-04   8.9336364e-03
   4.8327100e+02   6.7207500e+01   2.6873988e-04   8.9385373e-03
   4.8331400e+02   6.7220830e+01   2.6906765e-04   8.9434943e-03
   4.8340101e+02   6.7234170e+01   2.6934586e-04   8.9495996e-03
   4.8345099e+02   6.7247500e+01   2.7007536e-04   8.9568450e-03
   4.8353499e+02   6.7260830e+01   2.7051395e-04   8.9647129e-03
   4.8359901e+02   6.7274170e+01   2.7089834e-04   8.9737650e-03
   4.8365400e+02   6.7287500e+01   2.7106654e-04   8.9835135e-03
   4.8372500e+02   6.7300830e+01   2.7135354e-04   8.9944469e-03
   4.8378499e+02   6.7314170e+01   2.7138236e-04   9.0060458e-03
   4.8386001e+02   6.7327500e+01   2.7186771e-04   9.0183213e-03
   4.8392299e+02   6.7340830e+01   2.7232436e-04   9.0308007e-03
   4.8398501e+02   6.7354170e+01   2.7255610e-04   9.0440197e-03
   4.8405300e+02   6.7367500e+01   2.7296979e-04   9.0579832e-03
   4.8411899e+02   6.7380830e+01   2.7347143e-04   9.0726951e-03
   4.8418600e+02   6.7394170e+01   2.7419230e-04   9.0881584e-03
   4.8425001e+02   6.7407500e+01   2.7482353e-04   9.1048533e-03
   4.8432101e+02   6.7420830e+01   2.7549332e-04   9.1222521e-03
   4.8437800e+02   6.7434170e+01   2.7637171e-04   9.1403557e-03
   4.8446400e+02   6.7447500e+01   2.7708964e-04   9.1591658e-03
   4.8451400e+02   6.7460830e+01   2.7811200e-04   9.1777223e-03
   4.8459099e+02   6.7474170e+01   2.7909342e-04   9.1966017e-03
   4.8464699e+02   6.7487500e+01   2.8029254e-04   9.2163272e-03
   4.8471700e+02   6.7500830e+01   2.8106286e-04   9.2368915e-03
   4.8480500e+02   6.7514170e+01   2.8260932e-04   9.2578097e-03
   4.8485900e+02   6.7527500e+01   2.8395972e-04   9.2795988e-03
   4.8492499e+02   6.7540830e+01   2.8540117e-04   9.3022473e-03
   4.8498000e+02   6.7554170e+01   2.8721933e-04   9.3257427e-03
   4.8505800e+02   6.7567500e+01   2.8899711e-04   9.3500715e-03
   4.8512000e+02   6.7580830e+01   2.9057018e-04   9.3747406e-03
   4.8519100e+02   6.7594170e+01   2.9209983e-04   9.4007415e-03
   4.8525899e+02   6.7607500e+01   2.9387786e-04   9.4275300e-03
   4.8532900e+02   6.7620830e+01   2.9494031e-04   9.4555646e-03
   4.8539600e+02   6.7634170e+01   2.9672431e-04   9.4842980e-03
   4.8544800e+02   6.7647500e+01   2.9820343e-04   9.5141899e-03
   4.8552100e+02   6.7660830e+01   2.9978297e-04   9.5446922e-03
   4.8558500e+02   6.7674170e+01   3.0149552e-04   9.5757850e-03
   4.8566401e+02   6.7687500e+01   3.0283650e-04   9.6074477e-03
   4.8572401e+02   6.7700830e+01   3.0429980e-04   9.6396585e-03
   4.8579400e+02   6.7714170e+01   3.0541201e-04   9.6723947e-03
   4.8585700e+02   6.7727500e+01   3.0670009e-04   9.7056324e-03
   4.8592200e+02   6.7740830e+01   3.0798733e-04   9.7393467e-03
   4.8599801e+02   6.7754170e+01   3.0932831e-04   9.7735138e-03
   4.8605800e+02   6.7767500e+01   3.1010297e-04   9.8086527e-03
   4.8612099e+02   6.7780830e+01   3.1135911e-04   9.8447181e-03
   4.8619500e+02   6.7794170e+01   3.1208486e-04   9.8811537e-03
   4.8626099e+02   6.7807500e+01   3.1304195e-04   9.9184098e-03
   4.8632900e+02   6.7820830e+01   3.1414470e-04   9.9559289e-03
   4.8640000e+02   6.7834170e+01   3.1518215e-04   9.9941605e-03
   4.8646100e+02   6.7847500e+01   3.1576507e-04   1.0033024e-02
   4.8652700e+02   6.7860830e+01   3.1640902e-04   1.0072440e-02
   4.8659099e+02   6.7874170e+01   3.1729635e-04   1.0112329e-02
   4.8666199e+02   6.7887500e+01   3.1813442e-04   1.0152608e-02
   4.8673900e+02   6.7900830e+01   3.1901259e-04   1.0193750e-02
   4.8679301e+02   6.7914170e+01   3.1963660e-04   1.0235177e-02
   4.8685799e+02   6.7927500e+01   3.1984773e-04   1.0276808e-02
   4.8692200e+02   6.7940830e+01   3.2063043e-04   1.0318086e-02
   4.8699000e+02   6.7954170e+01   3.2193319e-04   1.0359462e-02
   4.8706200e+02   6.7967500e+01   3.2219147e-04   1.0400855e-02
   4.8712600e+02   6.7980830e+01   3.2330066e-04   1.0442184e-02
   4.8718600e+02   6.7994170e+01   3.2414482e-04   1.0483370e-02
   4.8726501e+02   6.8007500e+01   3.2540039e-04   1.0524332e-02
   4.8732200e+02   6.8020830e+01   3.2669769e-04   1.0564990e-02
   4.8738801e+02   6.8034170e+01   3.2742180e-04   1.0605264e-02
   4.8745200e+02   6.8047500e+01   3.2845914e-04   1.0645625e-02
   4.8751900e+02   6.8060830e+01   3.2970129e-04   1.0685494e-02
   4.8759800e+02   6.8074170e+01   3.3092866e-04   1.0724792e-02
   4.8765700e+02   6.8087500e+01   3.3154723e-04   1.0763440e-02
   4.8772600e+02   6.8100830e+01   3.3281913e-04   1.0801359e-02
   4.8778000e+02   6.8114170e+01   3.3397349e-04   1.0838471e-02
   4.8786001e+02   6.8127500e+01   3.3502192e-04   1.0874694e-02
   4.8792800e+02   6.8140830e+01   3.3559539e-04   1.0909952e-02
   4.8800001e+02   6.8154170e+01   3.3700753e-04   1.0944164e-02
   4.8804999e+02   6.8167500e+01   3.3775042e-04   1.0977251e-02
   4.8813801e+02   6.8180830e+01   3.3851042e-04   1.1009685e-02
   4.8818500e+02   6.8194170e+01   3.3954080e-04   1.1041439e-02
   4.8825100e+02   6.8207500e+01   3.4043321e-04   1.1071937e-02
   4.8832700e+02   6.8220830e+01   3.4108339e-04   1.1101103e-02
   4.8839800e+02   6.8234170e+01   3.4188627e-04   1.1129409e-02
   4.8844300e+02   6.8247500e+01   3.4269512e-04   1.1157382e-02
   4.8851900e+02   6.8260830e+01   3.4177285e-04   1.1184019e-02
   4.8858300e+02   6.8274170e+01   3.4280783e-04   1.1209830e-02
   4.8864400e+02   6.8287500e+01   3.4337347e-04   1.1234793e-02
   4.8872201e+02   6.8300830e+01   3.4374982e-04   1.1258889e-02
   4.8878499e+02   6.8314170e+01   3.4392513e-04   1.1282098e-02
   4.8885200e+02   6.8327500e+01   3.4479045e-04   1.1302894e-02
   4.8891401e+02   6.8340830e+01   3.4543864e-04   1.1322005e-02
   4.8899200e+02   6.8354170e+01   3.4606295e-04   1.1339161e-02
   4.8905800e+02   6.8367500e+01   3.4704015e-04   1.1355152e-02
   4.8911600e+02   6.8380830e+01   3.4641317e-04   1.1370185e-02
   4.8918500e+02   6.8394170e+01   3.4713248e-04   1.1384919e-02
   4.8926400e+02   6.8407500e+01   3.4781372e-04   1.1398455e-02
   4.8932700e+02   6.8420830e+01   3.4811322e-04   1.1411945e-02
   4.8938599e+02   6.8434170e+01   3.4926784e-04   1.1425517e-02
   4.8947001e+02   6.8447500e+01   3.4952764e-04   1.1438271e-02
   4.8952500e+02   6.8460830e+01   3.5032374e-04   1.1450807e-02
   4.8958700e+02   6.8474170e+01   3.5129757e-04   1.1463124e-02
   4.8965000e+02   6.8487500e+01   3.5163448e-04   1.1475741e-02
   4.8972001e+02   6.8500830e+01   3.5208218e-04   1.1488606e-02
   4.8978800e+02   6.8514170e+01   3.5275792e-04   1.1501156e-02
   4.8985200e+02   6.8527500e+01   3.5253182e-04   1.1513908e-02
   4.8991801e+02   6.8540830e+01   3.5254112e-04   1.1526333e-02
   4.8998701e+02   6.8554170e+01   3.5309770e-04   1.1539495e-02
   4.9005300e+02   6.8567500e+01   3.5316354e-04   1.1552437e-02
   4.9012501e+02   6.8580830e+01   3.5266417e-04   1.1565154e-02
   4.9018300e+02   6.8594170e+01   3.5219776e-04   1.1579119e-02
   4.9024801e+02   6.8607500e+01   3.5197534e-04   1.1594726e-02
   4.9031800e+02   6.8620830e+01   3.5184022e-04   1.1611842e-02
   4.9038500e+02   6.8634170e+01   3.5077970e-04   1.1629311e-02
   4.9045099e+02   6.8647500e+01   3.5062543e-04   1.1647076e-02
   4.9052300e+02   6.8660830e+01   3.5029924e-04   1.1665111e-02
   4.9057999e+02   6.8674170e+01   3.4988603e-04   1.1682990e-02
   4.9065800e+02   6.8687500e+01   3.4902129e-04   1.1700770e-02
   4.9071300e+02   6.8700830e+01   3.4831376e-04   1.1718957e-02
   4.9077700e+02   6.8714170e+01   3.4740443e-04   1.1737528e-02
   4.9085100e+02   6.8727500e+01   3.4620831e-04   1.1755984e-02
   4.9091801e+02   6.8740830e+01   3.4575870e-04   1.1774282e-02
   4.9098299e+02   6.8754170e+01   3.4490972e-04   1.1792901e-02
   4.9104000e+02   6.8767500e+01   3.4307994e-04   1.1812297e-02
   4.9110599e+02   6.8780830e+01   3.4253658e-04   1.1831921e-02
   4.9118400e+02   6.8794170e+01   3.4115299e-04   1.1852859e-02
   4.9124801e+02   6.8807500e+01   3.4088770e-04   1.1874649e-02
   4.9131200e+02   6.8820830e+01   3.4014387e-04   1.1896780e-02
   4.9137301e+02   6.8834170e+01   3.3966032e-04   1.1919241e-02
   4.9144201e+02   6.8847500e+01   3.3871076e-04   1.1943049e-02
   4.9151099e+02   6.8860830e+01   3.3812181e-04   1.1967171e-02
   4.9159600e+02   6.8874170e+01   3.3770018e-04   1.1991599e-02
   4.9165301e+02   6.8887500e+01   3.3596911e-04   1.2016331e-02
   4.9171000e+02   6.8900830e+01   3.3505046e-04   1.2041361e-02
   4.9178901e+02   6.8914170e+01   3.3477984e-04   1.2067237e-02
   4.9184800e+02   6.8927500e+01   3.3309068e-04   1.2092910e-02
   4.9192400e+02   6.8940830e+01   3.3260880e-04   1.2119351e-02
   4.9199700e+02   6.8954170e+01   3.3126263e-04   1.2145486e-02
   4.9204999e+02   6.8967500e+01   3.3001984e-04   1.2171815e-02
   4.9212200e+02   6.8980830e+01   3.2978558e-04   1.2197790e-02
   4.9218799e+02   6.8994170e+01   3.2884197e-04   1.2223912e-02
   4.9225500e+02   6.9007500e+01   3.2863666e-04   1.2250184e-02
   4.9233100e+02   6.9020830e+01   3.2706785e-04   1.2276135e-02
   4.9239200e+02   6.9034170e+01   3.2672031e-04   1.2302771e-02
   4.9244201e+02   6.9047500e+01   3.2600126e-04   1.2329097e-02
   4.9251600e+02   6.9060830e+01   3.2546000e-04   1.2355645e-02
   4.9256701e+02   6.9074170e+01   3.2530882e-04   1.2381945e-02
   4.9264200e+02   6.9087500e+01   3.2421203e-04   1.2408532e-02
   4.9270400e+02   6.9100830e+01   3.2339838e-04   1.2434937e-02
   4.9277601e+02   6.9114170e+01   3.2359849e-04   1.2461148e-02
   4.9283800e+02   6.9127500e+01   3.2210118e-04   1.2487673e-02
   4.9292200e+02   6.9140830e+01   3.2194623e-04   1.2513492e-02
   4.9298501e+02   6.9154170e+01   3.2209386e-04   1.2539643e-02
   4.9304600e+02   6.9167500e+01   3.2197187e-04   1.2565105e-02
   4.9311201e+02   6.9180830e+01   3.2224787e-04   1.2589408e-02
   4.9317600e+02   6.9194170e+01   3.2238191e-04   1.2612133e-02
   4.9324300e+02   6.9207500e+01   3.2304852e-04   1.2632906e-02
   4.9330401e+02   6.9220830e+01   3.2434680e-04   1.2652834e-02
   4.9338300e+02   6.9234170e+01   3.2462543e-04   1.2671969e-02
   4.9344900e+02   6.9247500e+01   3.2622704e-04   1.2690353e-02
   4.9351501e+02   6.9260830e+01   3.2802803e-04   1.2708031e-02
   4.9357599e+02   6.9274170e+01   3.2940742e-04   1.2725595e-02
   4.9364100e+02   6.9287500e+01   3.3092042e-04   1.2743064e-02
   4.9369700e+02   6.9300830e+01   3.3177525e-04   1.2760428e-02
   4.9378000e+02   6.9314170e+01   3.3392531e-04   1.2777676e-02
   4.9384901e+02   6.9327500e+01   3.3468024e-04   1.2794792e-02
   4.9390900e+02   6.9340830e+01   3.3679895e-04   1.2811763e-02
   4.9397201e+02   6.9354170e+01   3.3873945e-04   1.2828092e-02
   4.9403699e+02   6.9367500e+01   3.3994721e-04   1.2844294e-02
   4.9411001e+02   6.9380830e+01   3.4214085e-04   1.2860348e-02
   4.9417600e+02   6.9394170e+01   3.4300284e-04   1.2876714e-02
   4.9424100e+02   6.9407500e+01   3.4495621e-04   1.2892843e-02
   4.9430900e+02   6.9420830e+01   3.4716321e-04   1.2909192e-02
   4.9437301e+02   6.9434170e+01   3.4842684e-04   1.2925212e-02
   4.9444500e+02   6.9447500e+01   3.5079911e-04   1.2941358e-02
   4.9450699e+02   6.9460830e+01   3.5259512e-04   1.2957558e-02
   4.9457999e+02   6.9474170e+01   3.5558937e-04   1.2973738e-02
   4.9463500e+02   6.9487500e+01   3.5714024e-04   1.2989825e-02
   4.9471100e+02   6.9500830e+01   3.5974627e-04   1.3005746e-02
   4.9477601e+02   6.9514170e+01   3.6203834e-04   1.3020950e-02
   4.9484299e+02   6.9527500e+01   3.6299482e-04   1.3035415e-02
   4.9490700e+02   6.9540830e+01   3.6661908e-04   1.3049116e-02
   4.9497500e+02   6.9554170e+01   3.6743330e-04   1.3062028e-02
   4.9503800e+02   6.9567500e+01   3.7017265e-04   1.3074126e-02
   4.9510900e+02   6.9580830e+01   3.7306906e-04   1.3085861e-02
   4.9518600e+02   6.9594170e+01   3.7627539e-04   1.3097228e-02
   4.9523299e+02   6.9607500e+01   3.7848639e-04   1.3107699e-02
   4.9531100e+02   6.9620830e+01   3.8143927e-04   1.3117250e-02
   4.9537701e+02   6.9634170e+01   3.8446241e-04   1.3125849e-02
   4.9544900e+02   6.9647500e+01   3.8746437e-04   1.3133467e-02
   4.9552500e+02   6.9660830e+01   3.9172171e-04   1.3141172e-02
   4.9557799e+02   6.9674170e+01   3.9515823e-04   1.3150616e-02
   4.9564899e+02   6.9687500e+01   3.9862110e-04   1.3161451e-02
   4.9571799e+02   6.9700830e+01   4.0251706e-04   1.3174336e-02
   4.9578499e+02   6.9714170e+01   4.0641952e-04   1.3188382e-02
   4.9584000e+02   6.9727500e+01   4.0949007e-04   1.3203177e-02
   4.9591300e+02   6.9740830e+01   4.1367431e-04   1.3219356e-02
   4.9597401e+02   6.9754170e+01   4.1764389e-04   1.3236513e-02
   4.9604900e+02   6.9767500e+01   4.2153636e-04   1.3255694e-02
   4.9611300e+02   6.9780830e+01   4.2557213e-04   1.3276007e-02
   4.9618300e+02   6.9794170e+01   4.3002454e-04   1.3297098e-02
   4.9625100e+02   6.9807500e+01   4.3241496e-04   1.3318562e-02
   4.9632599e+02   6.9820830e+01   4.3739624e-04   1.3340973e-02
   4.9638801e+02   6.9834170e+01   4.4114761e-04   1.3363342e-02
   4.9644500e+02   6.9847500e+01   4.4543047e-04   1.3386263e-02
   4.9651900e+02   6.9860830e+01   4.4972317e-04   1.3410780e-02
   4.9657799e+02   6.9874170e+01   4.5463849e-04   1.3436401e-02
   4.9664800e+02   6.9887500e+01   4.5901787e-04   1.3462690e-02
   4.9671599e+02   6.9900830e+01   4.6376039e-04   1.3491245e-02
   4.9677900e+02   6.9914170e+01   4.6805311e-04   1.3521078e-02
   4.9684299e+02   6.9927500e+01   4.7367650e-04   1.3551130e-02
   4.9692000e+02   6.9940830e+01   4.7862697e-04   1.3580787e-02
   4.9697300e+02   6.9954170e+01   4.8368744e-04   1.3609933e-02
   4.9704400e+02   6.9967500e+01   4.8922690e-04   1.3638515e-02
   4.9711300e+02   6.9980830e+01   4.9408413e-04   1.3666582e-02
   4.9718200e+02   6.9994170e+01   4.9962092e-04   1.3693258e-02
   4.9725201e+02   7.0007500e+01   5.0497854e-04   1.3720769e-02
   4.9730900e+02   7.0020830e+01   5.0956422e-04   1.3749222e-02
   4.9737701e+02   7.0034170e+01   5.1514839e-04   1.3778137e-02
   4.9744300e+02   7.0047500e+01   5.2027722e-04   1.3807531e-02
   4.9751501e+02   7.0060830e+01   5.2642855e-04   1.3837489e-02
   4.9757101e+02   7.0074170e+01   5.3188896e-04   1.3867580e-02
   4.9764400e+02   7.0087500e+01   5.3675204e-04   1.3898341e-02
   4.9771100e+02   7.0100830e+01   5.4255862e-04   1.3928751e-02
   4.9777199e+02   7.0114170e+01   5.4804426e-04   1.3959363e-02
   4.9783800e+02   7.0127500e+01   5.5375992e-04   1.3990710e-02
   4.9790999e+02   7.0140830e+01   5.5852087e-04   1.4022310e-02
   4.9797201e+02   7.0154170e+01   5.6393374e-04   1.4054689e-02
   4.9803499e+02   7.0167500e+01   5.6886256e-04   1.4087362e-02
   4.9810599e+02   7.0180830e+01   5.7450789e-04   1.4120297e-02
   4.9816801e+02   7.0194170e+01   5.7833043e-04   1.4154460e-02
   4.9823400e+02   7.0207500e+01   5.8460798e-04   1.4189306e-02
   4.9830900e+02   7.0220830e+01   5.8904830e-04   1.4225299e-02
   4.9837800e+02   7.0234170e+01   5.9225250e-04   1.4261893e-02
   4.9842200e+02   7.0247500e+01   5.9690871e-04   1.4299068e-02
   4.9850400e+02   7.0260830e+01   6.0236444e-04   1.4337281e-02
   4.9856901e+02   7.0274170e+01   6.0702834e-04   1.4375433e-02
   4.9863399e+02   7.0287500e+01   6.1193979e-04   1.4414474e-02
   4.9868999e+02   7.0300830e+01   6.1723267e-04   1.4454326e-02
   4.9876400e+02   7.0314170e+01   6.2153363e-04   1.4494913e-02
   4.9883500e+02   7.0327500e+01   6.2575350e-04   1.4535676e-02
   4.9890200e+02   7.0340830e+01   6.2988862e-04   1.4577062e-02
   4.9898099e+02   7.0354170e+01   6.3506020e-04   1.4619058e-02
   4.9902900e+02   7.0367500e+01   6.3903476e-04   1.4661067e-02
   4.9909901e+02   7.0380830e+01   6.4398684e-04   1.4703571e-02
   4.9916500e+02   7.0394170e+01   6.4746185e-04   1.4745079e-02
   4.9922500e+02   7.0407500e+01   6.5116203e-04   1.4786683e-02
   4.9930401e+02   7.0420830e+01   6.5570319e-04   1.4828374e-02
   4.9936400e+02   7.0434170e+01   6.6009907e-04   1.4870179e-02
   4.9942800e+02   7.0447500e+01   6.6153821e-04   1.4912082e-02
   4.9950500e+02   7.0460830e+01   6.6565039e-04   1.4953560e-02
   4.9956600e+02   7.0474170e+01   6.6988005e-04   1.4996119e-02
   4.9963100e+02   7.0487500e+01   6.7357097e-04   1.5038678e-02
   4.9970200e+02   7.0500830e+01   6.7755730e-04   1.5081736e-02
   4.9975699e+02   7.0514170e+01   6.8114401e-04   1.5125841e-02
   4.9982000e+02   7.0527500e+01   6.8389418e-04   1.5172070e-02
   4.9990200e+02   7.0540830e+01   6.8697548e-04   1.5220548e-02
   4.9997001e+02   7.0554170e+01   6.9008245e-04   1.5269852e-02
   5.0003400e+02   7.0567500e+01   6.9267785e-04   1.5320562e-02
   5.0009701e+02   7.0580830e+01   6.9583034e-04   1.5372734e-02
   5.0016700e+02   7.0594170e+01   6.9973769e-04   1.5426419e-02
   5.0023701e+02   7.0607500e+01   7.0175721e-04   1.5482148e-02
   5.0029500e+02   7.0620830e+01   7.0553980e-04   1.5538416e-02
   5.0036500e+02   7.0634170e+01   7.0735219e-04   1.5596230e-02
   5.0043300e+02   7.0647500e+01   7.1092632e-04   1.5655540e-02
   5.0050100e+02   7.0660830e+01   7.1543739e-04   1.5716771e-02
   5.0056499e+02   7.0674170e+01   7.1824669e-04   1.5778867e-02
   5.0063100e+02   7.0687500e+01   7.2172111e-04   1.5843333e-02
   5.0069700e+02   7.0700830e+01   7.2546174e-04   1.5909571e-02
   5.0076000e+02   7.0714170e+01   7.2837004e-04   1.5977002e-02
   5.0083300e+02   7.0727500e+01   7.3251625e-04   1.6045029e-02
   5.0090101e+02   7.0740830e+01   7.3633502e-04   1.6113621e-02
   5.0095800e+02   7.0754170e+01   7.3975504e-04   1.6182709e-02
   5.0103000e+02   7.0767500e+01   7.4344842e-04   1.6252739e-02
   5.0109000e+02   7.0780830e+01   7.4643402e-04   1.6322632e-02
   5.0116500e+02   7.0794170e+01   7.5033699e-04   1.6391854e-02
   5.0123200e+02   7.0807500e+01   7.5417494e-04   1.6460878e-02
   5.0130300e+02   7.0820830e+01   7.5878705e-04   1.6529648e-02
   5.0136700e+02   7.0834170e+01   7.6170061e-04   1.6598101e-02
   5.0143600e+02   7.0847500e+01   7.6667055e-04   1.6666724e-02
   5.0150800e+02   7.0860830e+01   7.6988608e-04   1.6735025e-02
   5.0156400e+02   7.0874170e+01   7.7317086e-04   1.6803522e-02
   5.0162900e+02   7.0887500e+01   7.7633063e-04   1.6872676e-02
   5.0170400e+02   7.0900830e+01   7.8041072e-04   1.6941941e-02
   5.0176099e+02   7.0914170e+01   7.8451285e-04   1.7010273e-02
   5.0183201e+02   7.0927500e+01   7.8788279e-04   1.7078681e-02
   5.0189200e+02   7.0940830e+01   7.9137848e-04   1.7147622e-02
   5.0195299e+02   7.0954170e+01   7.9528242e-04   1.7217499e-02
   5.0202700e+02   7.0967500e+01   7.9797057e-04   1.7287715e-02
   5.0209099e+02   7.0980830e+01   8.0274944e-04   1.7358197e-02
   5.0216500e+02   7.0994170e+01   8.0585646e-04   1.7428877e-02
   5.0222201e+02   7.1007500e+01   8.1037326e-04   1.7499131e-02
   5.0229400e+02   7.1020830e+01   8.1456361e-04   1.7569388e-02
   5.0236001e+02   7.1034170e+01   8.1814657e-04   1.7639026e-02
   5.0242901e+02   7.1047500e+01   8.2116392e-04   1.7708470e-02
   5.0250300e+02   7.1060830e+01   8.2530706e-04   1.7777647e-02
   5.0256400e+02   7.1074170e+01   8.2959988e-04   1.7846483e-02
   5.0262800e+02   7.1087500e+01   8.3328253e-04   1.7914906e-02
   5.0270299e+02   7.1100830e+01   8.3741349e-04   1.7981264e-02
   5.0275699e+02   7.1114170e+01   8.4142754e-04   1.8047556e-02
   5.0282400e+02   7.1127500e+01   8.4371869e-04   1.8113284e-02
   5.0289400e+02   7.1140830e+01   8.4790818e-04   1.8178952e-02
   5.0295800e+02   7.1154170e+01   8.5231349e-04   1.8243031e-02
   5.0302399e+02   7.1167500e+01   8.5539690e-04   1.8305621e-02
   5.0308600e+02   7.1180830e+01   8.6053896e-04   1.8366846e-02
   5.0315101e+02   7.1194170e+01   8.6417779e-04   1.8425732e-02
   5.0322500e+02   7.1207500e+01   8.6870607e-04   1.8482847e-02
   5.0327900e+02   7.1220830e+01   8.7222232e-04   1.8538807e-02
   5.0335399e+02   7.1234170e+01   8.7501407e-04   1.8593107e-02
   5.0342499e+02   7.1247500e+01   8.7875017e-04   1.8646733e-02
   5.0349300e+02   7.1260830e+01   8.8182147e-04   1.8700120e-02
   5.0355900e+02   7.1274170e+01   8.8500093e-04   1.8753175e-02
   5.0361300e+02   7.1287500e+01   8.8826967e-04   1.8805803e-02
   5.0368999e+02   7.1300830e+01   8.9075394e-04   1.8858940e-02
   5.0374300e+02   7.1314170e+01   8.9445838e-04   1.8912569e-02
   5.0382101e+02   7.1327500e+01   8.9817420e-04   1.8967802e-02
   5.0389300e+02   7.1340830e+01   9.0084536e-04   1.9023659e-02
   5.0395200e+02   7.1354170e+01   9.0327733e-04   1.9079133e-02
   5.0402700e+02   7.1367500e+01   9.0558525e-04   1.9134241e-02
   5.0408100e+02   7.1380830e+01   9.0841866e-04   1.9189483e-02
   5.0414899e+02   7.1394170e+01   9.1172467e-04   1.9244902e-02
   5.0421900e+02   7.1407500e+01   9.1505779e-04   1.9300568e-02
   5.0427601e+02   7.1420830e+01   9.1709154e-04   1.9356006e-02
   5.0434400e+02   7.1434170e+01   9.2077481e-04   1.9412267e-02
   5.0441100e+02   7.1447500e+01   9.2355235e-04   1.9468899e-02
   5.0448600e+02   7.1460830e+01   9.2573727e-04   1.9525906e-02
   5.0454799e+02   7.1474170e+01   9.2804576e-04   1.9583337e-02
   5.0461800e+02   7.1487500e+01   9.3124238e-04   1.9641198e-02
   5.0468799e+02   7.1500830e+01   9.3345747e-04   1.9699537e-02
   5.0474399e+02   7.1514170e+01   9.3633343e-04   1.9758366e-02
   5.0482900e+02   7.1527500e+01   9.3834294e-04   1.9816637e-02
   5.0487800e+02   7.1540830e+01   9.4053040e-04   1.9875355e-02
   5.0494201e+02   7.1554170e+01   9.4337945e-04   1.9933472e-02
   5.0501800e+02   7.1567500e+01   9.4553662e-04   1.9991513e-02
   5.0509200e+02   7.1580830e+01   9.4854693e-04   2.0049989e-02
   5.0515101e+02   7.1594170e+01   9.5128813e-04   2.0106897e-02
   5.0521799e+02   7.1607500e+01   9.5385177e-04   2.0163820e-02
   5.0528400e+02   7.1620830e+01   9.5505855e-04   2.0219756e-02
   5.0534600e+02   7.1634170e+01   9.5634389e-04   2.0274734e-02
   5.0541500e+02   7.1647500e+01   9.5837251e-04   2.0329250e-02
   5.0548299e+02   7.1660830e+01   9.5798939e-04   2.0383828e-02
   5.0554500e+02   7.1674170e+01   9.5981136e-04   2.0437941e-02
   5.0562200e+02   7.1687500e+01   9.6155885e-04   2.0492110e-02
   5.0568500e+02   7.1700830e+01   9.6229085e-04   2.0545328e-02
   5.0574100e+02   7.1714170e+01   9.6507262e-04   2.0598638e-02
   5.0581000e+02   7.1727500e+01   9.6526343e-04   2.0653642e-02
   5.0587701e+02   7.1740830e+01   9.6816218e-04   2.0709865e-02
   5.0594900e+02   7.1754170e+01   9.6935057e-04   2.0766781e-02
   5.0601301e+02   7.1767500e+01   9.7013781e-04   2.0824914e-02
   5.0608401e+02   7.1780830e+01   9.7169946e-04   2.0883265e-02
   5.0613500e+02   7.1794170e+01   9.7558944e-04   2.0942887e-02
   5.0621599e+02   7.1807500e+01   9.7722128e-04   2.1002234e-02
   5.0627700e+02   7.1820830e+01   9.7923825e-04   2.1061835e-02
   5.0634600e+02   7.1834170e+01   9.8068833e-04   2.1121718e-02
   5.0640800e+02   7.1847500e+01   9.8388529e-04   2.1182389e-02
   5.0648000e+02   7.1860830e+01   9.8767120e-04   2.1241839e-02
   5.0654101e+02   7.1874170e+01   9.9071094e-04   2.1301179e-02
   5.0661100e+02   7.1887500e+01   9.9311535e-04   2.1361034e-02
   5.0667600e+02   7.1900830e+01   9.9437746e-04   2.1420982e-02
   5.0674300e+02   7.1914170e+01   9.9777182e-04   2.1481577e-02
   5.0680800e+02   7.1927500e+01   1.0007296e-03   2.1541887e-02
   5.0687301e+02   7.1940830e+01   1.0025867e-03   2.1601967e-02
   5.0694900e+02   7.1954170e+01   1.0074070e-03   2.1662936e-02
   5.0701600e+02   7.1967500e+01   1.0113405e-03   2.1724296e-02
   5.0708700e+02   7.1980830e+01   1.0158511e-03   2.1785534e-02
   5.0715101e+02   7.1994170e+01   1.0152854e-03   2.1846597e-02
   5.0721599e+02   7.2007500e+01   1.0186505e-03   2.1908498e-02
   5.0728000e+02   7.2020830e+01   1.0217427e-03   2.1970150e-02
   5.0734299e+02   7.2034170e+01   1.0245478e-03   2.2030989e-02
   5.0742000e+02   7.2047500e+01   1.0279467e-03   2.2091999e-02
   5.0748701e+02   7.2060830e+01   1.0292603e-03   2.2152659e-02
   5.0755199e+02   7.2074170e+01   1.0326297e-03   2.2213529e-02
   5.0761800e+02   7.2087500e+01   1.0354435e-03   2.2274113e-02
   5.0768600e+02   7.2100830e+01   1.0357263e-03   2.2334413e-02
   5.0774700e+02   7.2114170e+01   1.0406455e-03   2.2394986e-02
   5.0781100e+02   7.2127500e+01   1.0425160e-03   2.2456431e-02
   5.0788000e+02   7.2140830e+01   1.0447975e-03   2.2518780e-02
   5.0794601e+02   7.2154170e+01   1.0467971e-03   2.2582512e-02
   5.0801099e+02   7.2167500e+01   1.0501404e-03   2.2649013e-02
   5.0807300e+02   7.2180830e+01   1.0528299e-03   2.2717607e-02
   5.0814800e+02   7.2194170e+01   1.0550831e-03   2.2787744e-02
   5.0821300e+02   7.2207500e+01   1.0570206e-03   2.2859361e-02
   5.0826900e+02   7.2220830e+01   1.0604638e-03   2.2931343e-02
   5.0833900e+02   7.2234170e+01   1.0619272e-03   2.3002716e-02
   5.0840500e+02   7.2247500e+01   1.0649064e-03   2.3075101e-02
   5.0847800e+02   7.2260830e+01   1.0701805e-03   2.3147529e-02
   5.0854799e+02   7.2274170e+01   1.0738466e-03   2.3217605e-02
   5.0862000e+02   7.2287500e+01   1.0781042e-03   2.3284986e-02
   5.0868300e+02   7.2300830e+01   1.0817434e-03   2.3350374e-02
   5.0874100e+02   7.2314170e+01   1.0868392e-03   2.3415398e-02
   5.0880100e+02   7.2327500e+01   1.0901798e-03   2.3480577e-02
   5.0887600e+02   7.2340830e+01   1.0889956e-03   2.3546376e-02
   5.0894100e+02   7.2354170e+01   1.0946893e-03   2.3613205e-02
   5.0902000e+02   7.2367500e+01   1.0972962e-03   2.3680468e-02
   5.0907799e+02   7.2380830e+01   1.1029471e-03   2.3748101e-02
   5.0914100e+02   7.2394170e+01   1.1062432e-03   2.3816034e-02
   5.0922001e+02   7.2407500e+01   1.1110780e-03   2.3884198e-02
   5.0929301e+02   7.2420830e+01   1.1161641e-03   2.3952045e-02
   5.0933700e+02   7.2434170e+01   1.1180236e-03   2.4020106e-02
   5.0940999e+02   7.2447500e+01   1.1217374e-03   2.4088338e-02
   5.0948000e+02   7.2460830e+01   1.1255604e-03   2.4157213e-02
   5.0954500e+02   7.2474170e+01   1.1272398e-03   2.4226161e-02
   5.0961500e+02   7.2487500e+01   1.1346167e-03   2.4296209e-02
   5.0968300e+02   7.2500830e+01   1.1362687e-03   2.4368412e-02
   5.0974300e+02   7.2514170e+01   1.1409357e-03   2.4442325e-02
   5.0980700e+02   7.2527500e+01   1.1459195e-03   2.4518031e-02
   5.0987301e+02   7.2540830e+01   1.1493797e-03   2.4595145e-02
   5.0993500e+02   7.2554170e+01   1.1543533e-03   2.4674283e-02
   5.1000300e+02   7.2567500e+01   1.1607702e-03   2.4754026e-02
   5.1008401e+02   7.2580830e+01   1.1669022e-03   2.4834925e-02
   5.1014001e+02   7.2594170e+01   1.1683433e-03   2.4915937e-02
   5.1021400e+02   7.2607500e+01   1.1754551e-03   2.4997045e-02
   5.1026800e+02   7.2620830e+01   1.1807858e-03   2.5078234e-02
   5.1033600e+02   7.2634170e+01   1.1881369e-03   2.5157975e-02
   5.1041601e+02   7.2647500e+01   1.1928404e-03   2.5237322e-02
   5.1047600e+02   7.2660830e+01   1.1981450e-03   2.5316297e-02
   5.1053800e+02   7.2674170e+01   1.2025884e-03   2.5393967e-02
   5.1060799e+02   7.2687500e+01   1.2084596e-03   2.5471953e-02
   5.1066401e+02   7.2700830e+01   1.2156346e-03   2.5549844e-02
   5.1073400e+02   7.2714170e+01   1.2211340e-03   2.5627201e-02
   5.1080300e+02   7.2727500e+01   1.2274189e-03   2.5705106e-02
   5.1086700e+02   7.2740830e+01   1.2327986e-03   2.5784095e-02
   5.1093400e+02   7.2754170e+01   1.2410034e-03   2.5864172e-02
   5.1099200e+02   7.2767500e+01   1.2483495e-03   2.5945265e-02
   5.1106100e+02   7.2780830e+01   1.2557061e-03   2.6026389e-02
   5.1113100e+02   7.2794170e+01   1.2629380e-03   2.6107569e-02
   5.1120701e+02   7.2807500e+01   1.2691806e-03   2.6189353e-02
   5.1126501e+02   7.2820830e+01   1.2767341e-03   2.6272189e-02
   5.1134600e+02   7.2834170e+01   1.2854735e-03   2.6356517e-02
   5.1140800e+02   7.2847500e+01   1.2933413e-03   2.6441726e-02
   5.1147100e+02   7.2860830e+01   1.3000936e-03   2.6528255e-02
   5.1153600e+02   7.2874170e+01   1.3052173e-03   2.6615492e-02
   5.1160300e+02   7.2887500e+01   1.3148593e-03   2.6703397e-02
   5.1167000e+02   7.2900830e+01   1.3231085e-03   2.6791960e-02
   5.1173501e+02   7.2914170e+01   1.3288711e-03   2.6880616e-02
   5.1179700e+02   7.2927500e+01   1.3383431e-03   2.6970947e-02
   5.1186800e+02   7.2940830e+01   1.3469028e-03   2.7062902e-02
   5.1192800e+02   7.2954170e+01   1.3559256e-03   2.7156440e-02
   5.1200100e+02   7.2967500e+01   1.3618324e-03   2.7250589e-02
   5.1206299e+02   7.2980830e+01   1.3710104e-03   2.7343457e-02
   5.1213599e+02   7.2994170e+01   1.3805663e-03   2.7435231e-02
   5.1220499e+02   7.3007500e+01   1.3889981e-03   2.7526572e-02
   5.1227100e+02   7.3020830e+01   1.3963033e-03   2.7619038e-02
   5.1232900e+02   7.3034170e+01   1.4068727e-03   2.7713152e-02
   5.1239300e+02   7.3047500e+01   1.4144175e-03   2.7809346e-02
   5.1246700e+02   7.3060830e+01   1.4232092e-03   2.7906463e-02
   5.1252801e+02   7.3074170e+01   1.4305643e-03   2.8004370e-02
   5.1260000e+02   7.3087500e+01   1.4419352e-03   2.8102455e-02
   5.1266700e+02   7.3100830e+01   1.4505453e-03   2.8200640e-02
   5.1272300e+02   7.3114170e+01   1.4594656e-03   2.8299387e-02
   5.1279000e+02   7.3127500e+01   1.4684238e-03   2.8397159e-02
   5.1286500e+02   7.3140830e+01   1.4785282e-03   2.8494516e-02
   5.1292299e+02   7.3154170e+01   1.4887390e-03   2.8591997e-02
   5.1299900e+02   7.3167500e+01   1.4934705e-03   2.8689131e-02
   5.1306200e+02   7.3180830e+01   1.5055250e-03   2.8785905e-02
   5.1313500e+02   7.3194170e+01   1.5135835e-03   2.8884396e-02
   5.1320099e+02   7.3207500e+01   1.5219943e-03   2.8984107e-02
   5.1326099e+02   7.3220830e+01   1.5325743e-03   2.9085044e-02
   5.1333300e+02   7.3234170e+01   1.5385065e-03   2.9186730e-02
   5.1339699e+02   7.3247500e+01   1.5476502e-03   2.9288191e-02
   5.1346300e+02   7.3260830e+01   1.5573674e-03   2.9391053e-02
   5.1352900e+02   7.3274170e+01   1.5648161e-03   2.9494391e-02
   5.1359000e+02   7.3287500e+01   1.5749002e-03   2.9598783e-02
   5.1365900e+02   7.3300830e+01   1.5795023e-03   2.9703247e-02
   5.1373400e+02   7.3314170e+01   1.5885166e-03   2.9808854e-02
   5.1379799e+02   7.3327500e+01   1.5989920e-03   2.9915099e-02
   5.1385900e+02   7.3340830e+01   1.6066990e-03   3.0021970e-02
   5.1392000e+02   7.3354170e+01   1.6157012e-03   3.0129456e-02
   5.1398600e+02   7.3367500e+01   1.6243478e-03   3.0238567e-02
   5.1405800e+02   7.3380830e+01   1.6302490e-03   3.0348742e-02
   5.1412900e+02   7.3394170e+01   1.6411757e-03   3.0459027e-02
   5.1418999e+02   7.3407500e+01   1.6485551e-03   3.0570036e-02
   5.1426600e+02   7.3420830e+01   1.6580950e-03   3.0682807e-02
   5.1433401e+02   7.3434170e+01   1.6671698e-03   3.0796844e-02
   5.1439899e+02   7.3447500e+01   1.6751590e-03   3.0912172e-02
   5.1446400e+02   7.3460830e+01   1.6825807e-03   3.1028824e-02
   5.1453901e+02   7.3474170e+01   1.6899437e-03   3.1147231e-02
   5.1460300e+02   7.3487500e+01   1.6997393e-03   3.1265760e-02
   5.1467400e+02   7.3500830e+01   1.7065388e-03   3.1382205e-02
   5.1473600e+02   7.3514170e+01   1.7175783e-03   3.1496449e-02
   5.1479900e+02   7.3527500e+01   1.7249348e-03   3.1609496e-02
   5.1486600e+02   7.3540830e+01   1.7340096e-03   3.1720802e-02
   5.1492901e+02   7.3554170e+01   1.7445689e-03   3.1832775e-02
   5.1500001e+02   7.3567500e+01   1.7515609e-03   3.1946859e-02
   5.1507000e+02   7.3580830e+01   1.7585787e-03   3.2060944e-02
   5.1514001e+02   7.3594170e+01   1.7694658e-03   3.2176009e-02
   5.1519900e+02   7.3607500e+01   1.7782529e-03   3.2293718e-02
   5.1526301e+02   7.3620830e+01   1.7878384e-03   3.2414278e-02
   5.1533401e+02   7.3634170e+01   1.7955977e-03   3.2537902e-02
   5.1539100e+02   7.3647500e+01   1.8051131e-03   3.2663631e-02
   5.1546300e+02   7.3660830e+01   1.8143032e-03   3.2790443e-02
   5.1553200e+02   7.3674170e+01   1.8238930e-03   3.2918275e-02
   5.1559501e+02   7.3687500e+01   1.8335576e-03   3.3046482e-02
   5.1567200e+02   7.3700830e+01   1.8417943e-03   3.3174024e-02
   5.1573000e+02   7.3714170e+01   1.8472576e-03   3.3301912e-02
   5.1580401e+02   7.3727500e+01   1.8589891e-03   3.3429610e-02
   5.1586700e+02   7.3740830e+01   1.8692564e-03   3.3557118e-02
   5.1592600e+02   7.3754170e+01   1.8760150e-03   3.3685451e-02
   5.1599000e+02   7.3767500e+01   1.8855175e-03   3.3813644e-02
   5.1606901e+02   7.3780830e+01   1.8948677e-03   3.3939803e-02
   5.1613100e+02   7.3794170e+01   1.9033459e-03   3.4066027e-02
   5.1619500e+02   7.3807500e+01   1.9157469e-03   3.4192768e-02
   5.1625600e+02   7.3820830e+01   1.9267818e-03   3.4319950e-02
   5.1632599e+02   7.3834170e+01   1.9330434e-03   3.4445988e-02
   5.1639899e+02   7.3847500e+01   1.9435658e-03   3.4571878e-02
   5.1646900e+02   7.3860830e+01   1.9554300e-03   3.4698065e-02
   5.1653100e+02   7.3874170e+01   1.9617730e-03   3.4824527e-02
   5.1658800e+02   7.3887500e+01   1.9707054e-03   3.4951208e-02
   5.1665700e+02   7.3900830e+01   1.9824841e-03   3.5078636e-02
   5.1672001e+02   7.3914170e+01   1.9908250e-03   3.5204334e-02
   5.1677601e+02   7.3927500e+01   2.0019229e-03   3.5328961e-02
   5.1685599e+02   7.3940830e+01   2.0094879e-03   3.5452667e-02
   5.1692200e+02   7.3954170e+01   2.0211751e-03   3.5577509e-02
   5.1700100e+02   7.3967500e+01   2.0295291e-03   3.5705964e-02
   5.1704999e+02   7.3980830e+01   2.0384422e-03   3.5836417e-02
   5.1712099e+02   7.3994170e+01   2.0497299e-03   3.5968815e-02
   5.1719100e+02   7.4007500e+01   2.0611600e-03   3.6103726e-02
   5.1725600e+02   7.4020830e+01   2.0712093e-03   3.6240155e-02
   5.1732799e+02   7.4034170e+01   2.0804592e-03   3.6377694e-02
   5.1738700e+02   7.4047500e+01   2.0864031e-03   3.6516975e-02
   5.1746000e+02   7.4060830e+01   2.0975740e-03   3.6657549e-02
   5.1752500e+02   7.4074170e+01   2.1040395e-03   3.6798438e-02
   5.1757999e+02   7.4087500e+01   2.1173250e-03   3.6940164e-02
   5.1766401e+02   7.4100830e+01   2.1259282e-03   3.7081692e-02
   5.1772500e+02   7.4114170e+01   2.1345991e-03   3.7225138e-02
   5.1778901e+02   7.4127500e+01   2.1480621e-03   3.7369567e-02
   5.1785300e+02   7.4140830e+01   2.1567545e-03   3.7516021e-02
   5.1792299e+02   7.4154170e+01   2.1651423e-03   3.7663866e-02
   5.1798900e+02   7.4167500e+01   2.1745390e-03   3.7812457e-02
   5.1805401e+02   7.4180830e+01   2.1836592e-03   3.7961673e-02
   5.1811500e+02   7.4194170e+01   2.1960051e-03   3.8111870e-02
   5.1818500e+02   7.4207500e+01   2.2054519e-03   3.8262396e-02
   5.1824500e+02   7.4220830e+01   2.2183936e-03   3.8413200e-02
   5.1831100e+02   7.4234170e+01   2.2297496e-03   3.8563299e-02
   5.1838000e+02   7.4247500e+01   2.2404379e-03   3.8711335e-02
   5.1845000e+02   7.4260830e+01   2.2497000e-03   3.8858006e-02
   5.1852000e+02   7.4274170e+01   2.2631429e-03   3.9005243e-02
   5.1858600e+02   7.4287500e+01   2.2758735e-03   3.9153826e-02
   5.1865800e+02   7.4300830e+01   2.2854368e-03   3.9303650e-02
   5.1872500e+02   7.4314170e+01   2.2926169e-03   3.9456323e-02
   5.1877300e+02   7.4327500e+01   2.3061508e-03   3.9611956e-02
   5.1885500e+02   7.4340830e+01   2.3204280e-03   3.9769643e-02
   5.1891900e+02   7.4354170e+01   2.3241864e-03   3.9927370e-02
   5.1899000e+02   7.4367500e+01   2.3374946e-03   4.0084675e-02
   5.1905401e+02   7.4380830e+01   2.3472107e-03   4.0240514e-02
   5.1912600e+02   7.4394170e+01   2.3603431e-03   4.0395865e-02
   5.1919700e+02   7.4407500e+01   2.3641575e-03   4.0550672e-02
   5.1925500e+02   7.4420830e+01   2.3770832e-03   4.0705909e-02
   5.1931701e+02   7.4434170e+01   2.3885425e-03   4.0860556e-02
   5.1938000e+02   7.4447500e+01   2.4028794e-03   4.1014654e-02
   5.1943600e+02   7.4460830e+01   2.4087896e-03   4.1170290e-02
   5.1952300e+02   7.4474170e+01   2.4213043e-03   4.1327024e-02
   5.1957700e+02   7.4487500e+01   2.4304359e-03   4.1484869e-02
   5.1964699e+02   7.4500830e+01   2.4421455e-03   4.1644833e-02
   5.1971300e+02   7.4514170e+01   2.4568064e-03   4.1805393e-02
   5.1977199e+02   7.4527500e+01   2.4658932e-03   4.1964117e-02
   5.1984099e+02   7.4540830e+01   2.4770830e-03   4.2119751e-02
   5.1991500e+02   7.4554170e+01   2.4917906e-03   4.2275480e-02
   5.1998600e+02   7.4567500e+01   2.5022186e-03   4.2434258e-02
   5.2003600e+02   7.4580830e+01   2.5178290e-03   4.2596440e-02
   5.2011500e+02   7.4594170e+01   2.5304194e-03   4.2759427e-02
   5.2018200e+02   7.4607500e+01   2.5418917e-03   4.2924257e-02
   5.2025600e+02   7.4620830e+01   2.5522120e-03   4.3090398e-02
   5.2031901e+02   7.4634170e+01   2.5639970e-03   4.3257401e-02
   5.2038399e+02   7.4647500e+01   2.5749107e-03   4.3426264e-02
   5.2044401e+02   7.4660830e+01   2.5884717e-03   4.3595938e-02
   5.2050899e+02   7.4674170e+01   2.6012123e-03   4.3767387e-02
   5.2058100e+02   7.4687500e+01   2.6138307e-03   4.3940517e-02
   5.2064300e+02   7.4700830e+01   2.6271947e-03   4.4113728e-02
   5.2070600e+02   7.4714170e+01   2.6387435e-03   4.4286015e-02
   5.2076800e+02   7.4727500e+01   2.6521152e-03   4.4460035e-02
   5.2084299e+02   7.4740830e+01   2.6597297e-03   4.4635340e-02
   5.2090700e+02   7.4754170e+01   2.6705819e-03   4.4810884e-02
   5.2097700e+02   7.4767500e+01   2.6813072e-03   4.4987634e-02
   5.2104101e+02   7.4780830e+01   2.6978071e-03   4.5165058e-02
   5.2110599e+02   7.4794170e+01   2.7081109e-03   4.5344105e-02
   5.2117400e+02   7.4807500e+01   2.7209040e-03   4.5522607e-02
   5.2124900e+02   7.4820830e+01   2.7311794e-03   4.5698204e-02
   5.2131499e+02   7.4834170e+01   2.7499714e-03   4.5872260e-02
   5.2137800e+02   7.4847500e+01   2.7534709e-03   4.6049481e-02
   5.2143600e+02   7.4860830e+01   2.7653329e-03   4.6230799e-02
   5.2150899e+02   7.4874170e+01   2.7788049e-03   4.6415132e-02
   5.2157799e+02   7.4887500e+01   2.7932167e-03   4.6599307e-02
   5.2163801e+02   7.4900830e+01   2.8040417e-03   4.6782717e-02
   5.2170800e+02   7.4914170e+01   2.8179262e-03   4.6965903e-02
   5.2177900e+02   7.4927500e+01   2.8316166e-03   4.7149340e-02
   5.2184701e+02   7.4940830e+01   2.8460197e-03   4.7333012e-02
   5.2190200e+02   7.4954170e+01   2.8547583e-03   4.7517889e-02
   5.2197500e+02   7.4967500e+01   2.8707263e-03   4.7702921e-02
   5.2204500e+02   7.4980830e+01   2.8814854e-03   4.7887089e-02
   5.2211201e+02   7.4994170e+01   2.8973616e-03   4.8069986e-02
   5.2216801e+02   7.5007500e+01   2.9086772e-03   4.8253127e-02
   5.2224500e+02   7.5020830e+01   2.9212392e-03   4.8436400e-02
   5.2230500e+02   7.5034170e+01   2.9311076e-03   4.8621824e-02
   5.2237099e+02   7.5047500e+01   2.9472180e-03   4.8807809e-02
   5.2243101e+02   7.5060830e+01   2.9579158e-03   4.8991499e-02
   5.2250500e+02   7.5074170e+01   2.9659113e-03   4.9174189e-02
   5.2256701e+02   7.5087500e+01   2.9827238e-03   4.9359385e-02
   5.2263500e+02   7.5100830e+01   2.9952694e-03   4.9547002e-02
   5.2269601e+02   7.5114170e+01   3.0027142e-03   4.9737712e-02
   5.2276800e+02   7.5127500e+01   3.0178241e-03   4.9930027e-02
   5.2284200e+02   7.5140830e+01   3.0326298e-03   5.0123856e-02
   5.2289200e+02   7.5154170e+01   3.0457765e-03   5.0314769e-02
   5.2297500e+02   7.5167500e+01   3.0563448e-03   5.0507060e-02
   5.2303600e+02   7.5180830e+01   3.0677133e-03   5.0700775e-02
   5.2310000e+02   7.5194170e+01   3.0839853e-03   5.0895857e-02
   5.2317901e+02   7.5207500e+01   3.0955860e-03   5.1092288e-02
   5.2323200e+02   7.5220830e+01   3.1074444e-03   5.1289048e-02
   5.2330300e+02   7.5234170e+01   3.1151605e-03   5.1486215e-02
   5.2337600e+02   7.5247500e+01   3.1294110e-03   5.1683154e-02
   5.2343799e+02   7.5260830e+01   3.1413004e-03   5.1881327e-02
   5.2351400e+02   7.5274170e+01   3.1563411e-03   5.2086397e-02
   5.2356600e+02   7.5287500e+01   3.1574663e-03   5.2294575e-02
   5.2363900e+02   7.5300830e+01   3.1729216e-03   5.2503046e-02
   5.2371100e+02   7.5314170e+01   3.1859106e-03   5.2711694e-02
   5.2377700e+02   7.5327500e+01   3.1928825e-03   5.2920453e-02
   5.2384701e+02   7.5340830e+01   3.2078242e-03   5.3129326e-02
   5.2391199e+02   7.5354170e+01   3.2198073e-03   5.3339779e-02
   5.2397100e+02   7.5367500e+01   3.2316838e-03   5.3552782e-02
   5.2404500e+02   7.5380830e+01   3.2477492e-03   5.3768238e-02
   5.2410799e+02   7.5394170e+01   3.2598771e-03   5.3984591e-02
   5.2418101e+02   7.5407500e+01   3.2648450e-03   5.4203368e-02
   5.2424801e+02   7.5420830e+01   3.2754973e-03   5.4423515e-02
   5.2431299e+02   7.5434170e+01   3.2924366e-03   5.4643163e-02
   5.2437501e+02   7.5447500e+01   3.3010965e-03   5.4862512e-02
   5.2443900e+02   7.5460830e+01   3.3125842e-03   5.5085619e-02
   5.2451000e+02   7.5474170e+01   3.3271213e-03   5.5311724e-02
   5.2457101e+02   7.5487500e+01   3.3432836e-03   5.5538071e-02
   5.2465000e+02   7.5500830e+01   3.3549863e-03   5.5765539e-02
   5.2470901e+02   7.5514170e+01   3.3666443e-03   5.5993505e-02
   5.2478100e+02   7.5527500e+01   3.3843189e-03   5.6221797e-02
   5.2484800e+02   7.5540830e+01   3.3927145e-03   5.6450280e-02
   5.2490700e+02   7.5554170e+01   3.4068106e-03   5.6678444e-02
   5.2496799e+02   7.5567500e+01   3.4189871e-03   5.6906956e-02
   5.2504500e+02   7.5580830e+01   3.4343082e-03   5.7138617e-02
   5.2511001e+02   7.5594170e+01   3.4406452e-03   5.7374082e-02
   5.2518000e+02   7.5607500e+01   3.4553962e-03   5.7609676e-02
   5.2524200e+02   7.5620830e+01   3.4674584e-03   5.7842291e-02
   5.2530800e+02   7.5634170e+01   3.4817117e-03   5.8070669e-02
   5.2537501e+02   7.5647500e+01   3.4950732e-03   5.8301401e-02
   5.2544401e+02   7.5660830e+01   3.5092858e-03   5.8535155e-02
   5.2551200e+02   7.5674170e+01   3.5249389e-03   5.8770181e-02
   5.2557799e+02   7.5687500e+01   3.5394054e-03   5.9006896e-02
   5.2563300e+02   7.5700830e+01   3.5515331e-03   5.9244331e-02
   5.2570701e+02   7.5714170e+01   3.5661391e-03   5.9480218e-02
   5.2577801e+02   7.5727500e+01   3.5822045e-03   5.9716764e-02
   5.2583600e+02   7.5740830e+01   3.5929573e-03   5.9954511e-02
   5.2590400e+02   7.5754170e+01   3.6074393e-03   6.0193865e-02
   5.2596900e+02   7.5767500e+01   3.6213416e-03   6.0433391e-02
   5.2603200e+02   7.5780830e+01   3.6388547e-03   6.0672335e-02
   5.2610200e+02   7.5794170e+01   3.6490274e-03   6.0908467e-02
   5.2617699e+02   7.5807500e+01   3.6673320e-03   6.1149371e-02
   5.2623200e+02   7.5820830e+01   3.6749913e-03   6.1393700e-02
   5.2630199e+02   7.5834170e+01   3.6932391e-03   6.1638673e-02
   5.2637501e+02   7.5847500e+01   3.7022678e-03   6.1883308e-02
   5.2643200e+02   7.5860830e+01   3.7171276e-03   6.2129940e-02
   5.2649500e+02   7.5874170e+01   3.7310479e-03   6.2381037e-02
   5.2657200e+02   7.5887500e+01   3.7485976e-03   6.2635662e-02
   5.2663399e+02   7.5900830e+01   3.7608771e-03   6.2888601e-02
   5.2670499e+02   7.5914170e+01   3.7717961e-03   6.3138824e-02
   5.2676301e+02   7.5927500e+01   3.7868230e-03   6.3387109e-02
   5.2683600e+02   7.5940830e+01   3.8042222e-03   6.3639964e-02
   5.2690000e+02   7.5954170e+01   3.8168571e-03   6.3897462e-02
   5.2696400e+02   7.5967500e+01   3.8259492e-03   6.4156430e-02
   5.2703699e+02   7.5980830e+01   3.8395991e-03   6.4413847e-02
   5.2710900e+02   7.5994170e+01   3.8577159e-03   6.4672774e-02
   5.2717600e+02   7.6007500e+01   3.8689743e-03   6.4933020e-02
   5.2724000e+02   7.6020830e+01   3.8792345e-03   6.5193840e-02
   5.2729500e+02   7.6034170e+01   3.8918622e-03   6.5456606e-02
   5.2736899e+02   7.6047500e+01   3.9044793e-03   6.5720823e-02
   5.2742600e+02   7.6060830e+01   3.9207040e-03   6.5985968e-02
   5.2750600e+02   7.6074170e+01   3.9299411e-03   6.6251978e-02
   5.2756800e+02   7.6087500e+01   3.9427186e-03   6.6515923e-02
   5.2763000e+02   7.6100830e+01   3.9540873e-03   6.6778447e-02
   5.2770901e+02   7.6114170e+01   3.9659454e-03   6.7045912e-02
   5.2777100e+02   7.6127500e+01   3.9852571e-03   6.7313869e-02
   5.2783201e+02   7.6140830e+01   3.9948762e-03   6.7579315e-02
   5.2789600e+02   7.6154170e+01   4.0082194e-03   6.7850148e-02
   5.2795901e+02   7.6167500e+01   4.0231341e-03   6.8125527e-02
   5.2803100e+02   7.6180830e+01   4.0313083e-03   6.8400761e-02
   5.2809501e+02   7.6194170e+01   4.0465750e-03   6.8672663e-02
   5.2816700e+02   7.6207500e+01   4.0628637e-03   6.8940811e-02
   5.2823000e+02   7.6220830e+01   4.0753880e-03   6.9208379e-02
   5.2829600e+02   7.6234170e+01   4.0861076e-03   6.9481229e-02
   5.2835700e+02   7.6247500e+01   4.0993717e-03   6.9757069e-02
   5.2843400e+02   7.6260830e+01   4.1101459e-03   7.0033225e-02
   5.2850800e+02   7.6274170e+01   4.1241349e-03   7.0309680e-02
   5.2857200e+02   7.6287500e+01   4.1352585e-03   7.0585817e-02
   5.2862800e+02   7.6300830e+01   4.1496868e-03   7.0861632e-02
   5.2870200e+02   7.6314170e+01   4.1612562e-03   7.1139165e-02
   5.2878000e+02   7.6327500e+01   4.1734743e-03   7.1417078e-02
   5.2882999e+02   7.6340830e+01   4.1945383e-03   7.1691568e-02
   5.2890400e+02   7.6354170e+01   4.2025386e-03   7.1968668e-02
   5.2896900e+02   7.6367500e+01   4.2155868e-03   7.2247518e-02
   5.2904000e+02   7.6380830e+01   4.2294021e-03   7.2526388e-02
   5.2908900e+02   7.6394170e+01   4.2374845e-03   7.2808065e-02
   5.2916501e+02   7.6407500e+01   4.2528135e-03   7.3090843e-02
   5.2923401e+02   7.6420830e+01   4.2580915e-03   7.3372115e-02
   5.2930201e+02   7.6434170e+01   4.2748345e-03   7.3653238e-02
   5.2935599e+02   7.6447500e+01   4.2902062e-03   7.3936103e-02
   5.2942701e+02   7.6460830e+01   4.3042755e-03   7.4218557e-02
   5.2948600e+02   7.6474170e+01   4.3169642e-03   7.4498545e-02
   5.2955302e+02   7.6487500e+01   4.3285200e-03   7.4778655e-02
   5.2963099e+02   7.6500830e+01   4.3459329e-03   7.5062548e-02
   5.2968900e+02   7.6514170e+01   4.3547872e-03   7.5349442e-02
   5.2975199e+02   7.6527500e+01   4.3665496e-03   7.5632776e-02
   5.2982700e+02   7.6540830e+01   4.3849940e-03   7.5916246e-02
   5.2988700e+02   7.6554170e+01   4.3940141e-03   7.6201851e-02
   5.2996601e+02   7.6567500e+01   4.4085785e-03   7.6487671e-02
   5.3003699e+02   7.6580830e+01   4.4182265e-03   7.6774285e-02
   5.3009901e+02   7.6594170e+01   4.4349165e-03   7.7067541e-02
   5.3016199e+02   7.6607500e+01   4.4412364e-03   7.7358970e-02
   5.3022300e+02   7.6620830e+01   4.4565195e-03   7.7649875e-02
   5.3028599e+02   7.6634170e+01   4.4667176e-03   7.7941637e-02
   5.3035999e+02   7.6647500e+01   4.4799392e-03   7.8231378e-02
   5.3042600e+02   7.6660830e+01   4.4887916e-03   7.8522327e-02
   5.3049201e+02   7.6674170e+01   4.5024652e-03   7.8811254e-02
   5.3056299e+02   7.6687500e+01   4.5205099e-03   7.9101310e-02
   5.3062501e+02   7.6700830e+01   4.5291670e-03   7.9395244e-02
   5.3069700e+02   7.6714170e+01   4.5454761e-03   7.9689693e-02
   5.3075300e+02   7.6727500e+01   4.5537110e-03   7.9985607e-02
   5.3081501e+02   7.6740830e+01   4.5687746e-03   8.0280910e-02
   5.3087699e+02   7.6754170e+01   4.5846263e-03   8.0576129e-02
   5.3095499e+02   7.6767500e+01   4.6003910e-03   8.0873082e-02
   5.3101600e+02   7.6780830e+01   4.6020943e-03   8.1167776e-02
   5.3108500e+02   7.6794170e+01   4.6220998e-03   8.1465699e-02
   5.3114799e+02   7.6807500e+01   4.6341330e-03   8.1764317e-02
   5.3123600e+02   7.6820830e+01   4.6460535e-03   8.2061074e-02
   5.3128501e+02   7.6834170e+01   4.6542876e-03   8.2358494e-02
   5.3134800e+02   7.6847500e+01   4.6730197e-03   8.2657931e-02
   5.3141501e+02   7.6860830e+01   4.6815856e-03   8.2955280e-02
   5.3148499e+02   7.6874170e+01   4.6963086e-03   8.3250230e-02
   5.3154600e+02   7.6887500e+01   4.7146195e-03   8.3549856e-02
   5.3161600e+02   7.6900830e+01   4.7269641e-03   8.3851570e-02
   5.3168500e+02   7.6914170e+01   4.7422285e-03   8.4154362e-02
   5.3175501e+02   7.6927500e+01   4.7565711e-03   8.4458077e-02
   5.3181199e+02   7.6940830e+01   4.7655032e-03   8.4761606e-02
   5.3188599e+02   7.6954170e+01   4.7799111e-03   8.5068632e-02
   5.3194901e+02   7.6967500e+01   4.7992192e-03   8.5379175e-02
   5.3202399e+02   7.6980830e+01   4.8129597e-03   8.5687268e-02
   5.3208900e+02   7.6994170e+01   4.8275401e-03   8.5997999e-02
   5.3215601e+02   7.7007500e+01   4.8439324e-03   8.6306079e-02
   5.3221500e+02   7.7020830e+01   4.8575855e-03   8.6614492e-02
   5.3228901e+02   7.7034170e+01   4.8706325e-03   8.6925657e-02
   5.3235001e+02   7.7047500e+01   4.8879215e-03   8.7241706e-02
   5.3240601e+02   7.7060830e+01   4.9018677e-03   8.7552897e-02
   5.3248301e+02   7.7074170e+01   4.9160382e-03   8.7867478e-02
   5.3255100e+02   7.7087500e+01   4.9285640e-03   8.8186497e-02
   5.3260599e+02   7.7100830e+01   4.9449603e-03   8.8507800e-02
   5.3267600e+02   7.7114170e+01   4.9507175e-03   8.8831650e-02
   5.3275101e+02   7.7127500e+01   4.9680306e-03   8.9160024e-02
   5.3282300e+02   7.7140830e+01   4.9819239e-03   8.9486661e-02
   5.3288199e+02   7.7154170e+01   4.9927131e-03   8.9808415e-02
   5.3294800e+02   7.7167500e+01   5.0149148e-03   9.0131838e-02
   5.3302701e+02   7.7180830e+01   5.0192026e-03   9.0460836e-02
   5.3309400e+02   7.7194170e+01   5.0363486e-03   9.0789471e-02
   5.3316001e+02   7.7207500e+01   5.0482270e-03   9.1120952e-02
   5.3321500e+02   7.7220830e+01   5.0626397e-03   9.1454035e-02
   5.3328901e+02   7.7234170e+01   5.0755927e-03   9.1785902e-02
   5.3335401e+02   7.7247500e+01   5.0853171e-03   9.2119593e-02
   5.3343101e+02   7.7260830e+01   5.1001222e-03   9.2463905e-02
   5.3347800e+02   7.7274170e+01   5.1142844e-03   9.2807696e-02
   5.3355201e+02   7.7287500e+01   5.1241592e-03   9.3149475e-02
   5.3362198e+02   7.7300830e+01   5.1426419e-03   9.3493171e-02
   5.3367899e+02   7.7314170e+01   5.1525462e-03   9.3837024e-02
   5.3375300e+02   7.7327500e+01   5.1647380e-03   9.4184547e-02
   5.3381699e+02   7.7340830e+01   5.1806360e-03   9.4529538e-02
   5.3388001e+02   7.7354170e+01   5.1889577e-03   9.4872632e-02
   5.3395701e+02   7.7367500e+01   5.2020581e-03   9.5218664e-02
   5.3402399e+02   7.7380830e+01   5.2173847e-03   9.5564016e-02
   5.3407599e+02   7.7394170e+01   5.2258584e-03   9.5909745e-02
   5.3413499e+02   7.7407500e+01   5.2406896e-03   9.6252950e-02
   5.3421699e+02   7.7420830e+01   5.2526538e-03   9.6598153e-02
   5.3427500e+02   7.7434170e+01   5.2673757e-03   9.6950460e-02
   5.3433701e+02   7.7447500e+01   5.2732463e-03   9.7299687e-02
   5.3440601e+02   7.7460830e+01   5.2885051e-03   9.7648148e-02
   5.3448401e+02   7.7474170e+01   5.3041613e-03   9.7998653e-02
   5.3454499e+02   7.7487500e+01   5.3151180e-03   9.8344351e-02
   5.3460901e+02   7.7500830e+01   5.3285051e-03   9.8695166e-02
   5.3468799e+02   7.7514170e+01   5.3407118e-03   9.9048159e-02
   5.3474399e+02   7.7527500e+01   5.3566207e-03   9.9400963e-02
   5.3481501e+02   7.7540830e+01   5.3680523e-03   9.9758502e-02
   5.3487900e+02   7.7554170e+01   5.3814193e-03   1.0011309e-01
   5.3495399e+02   7.7567500e+01   5.3996934e-03   1.0046793e-01
   5.3500800e+02   7.7580830e+01   5.4101037e-03   1.0082302e-01
   5.3507999e+02   7.7594170e+01   5.4239137e-03   1.0117628e-01
   5.3514100e+02   7.7607500e+01   5.4387287e-03   1.0153078e-01
   5.3520801e+02   7.7620830e+01   5.4473250e-03   1.0188396e-01
   5.3527399e+02   7.7634170e+01   5.4594607e-03   1.0223413e-01
   5.3533701e+02   7.7647500e+01   5.4737151e-03   1.0258823e-01
   5.3541001e+02   7.7660830e+01   5.4828791e-03   1.0294462e-01
   5.3547901e+02   7.7674170e+01   5.4969340e-03   1.0330371e-01
   5.3554001e+02   7.7687500e+01   5.5030848e-03   1.0366181e-01
   5.3561100e+02   7.7700830e+01   5.5150648e-03   1.0401617e-01
   5.3567802e+02   7.7714170e+01   5.5303576e-03   1.0436793e-01
   5.3573899e+02   7.7727500e+01   5.5461996e-03   1.0472410e-01
   5.3580500e+02   7.7740830e+01   5.5421297e-03   1.0508070e-01
   5.3586799e+02   7.7754170e+01   5.5595133e-03   1.0543876e-01
   5.3594300e+02   7.7767500e+01   5.5669111e-03   1.0579759e-01
   5.3600400e+02   7.7780830e+01   5.5800330e-03   1.0615403e-01
   5.3607999e+02   7.7794170e+01   5.5928064e-03   1.0650677e-01
   5.3613300e+02   7.7807500e+01   5.6005207e-03   1.0686406e-01
   5.3621000e+02   7.7820830e+01   5.6117494e-03   1.0722802e-01
   5.3626700e+02   7.7834170e+01   5.6271065e-03   1.0758692e-01
   5.3633799e+02   7.7847500e+01   5.6363364e-03   1.0794506e-01
   5.3640601e+02   7.7860830e+01   5.6381768e-03   1.0830525e-01
   5.3648099e+02   7.7874170e+01   5.6546657e-03   1.0866423e-01
   5.3654099e+02   7.7887500e+01   5.6676190e-03   1.0902635e-01
   5.3660200e+02   7.7900830e+01   5.6751172e-03   1.0938906e-01
   5.3667200e+02   7.7914170e+01   5.6880999e-03   1.0975777e-01
   5.3674500e+02   7.7927500e+01   5.7000579e-03   1.1012367e-01
   5.3681400e+02   7.7940830e+01   5.7136605e-03   1.1048693e-01
   5.3687198e+02   7.7954170e+01   5.7205960e-03   1.1085356e-01
   5.3694401e+02   7.7967500e+01   5.7386527e-03   1.1122317e-01
   5.3701499e+02   7.7980830e+01   5.7488147e-03   1.1159738e-01
   5.3707899e+02   7.7994170e+01   5.7583236e-03   1.1197167e-01
   5.3714100e+02   7.8007500e+01   5.7631881e-03   1.1235105e-01
   5.3720600e+02   7.8020830e+01   5.7735132e-03   1.1272957e-01
   5.3727299e+02   7.8034170e+01   5.7893583e-03   1.1310695e-01
   5.3734400e+02   7.8047500e+01   5.7993858e-03   1.1348738e-01
   5.3740400e+02   7.8060830e+01   5.8081677e-03   1.1386716e-01
   5.3746900e+02   7.8074170e+01   5.8244354e-03   1.1424884e-01
   5.3752701e+02   7.8087500e+01   5.8322363e-03   1.1463145e-01
   5.3759601e+02   7.8100830e+01   5.8492151e-03   1.1501810e-01
   5.3767899e+02   7.8114170e+01   5.8596211e-03   1.1541267e-01
   5.3773801e+02   7.8127500e+01   5.8675409e-03   1.1580287e-01
   5.3780399e+02   7.8140830e+01   5.8793341e-03   1.1619303e-01
   5.3787699e+02   7.8154170e+01   5.8916448e-03   1.1658825e-01
   5.3793400e+02   7.8167500e+01   5.9076951e-03   1.1698293e-01
   5.3800501e+02   7.8180830e+01   5.9222682e-03   1.1737742e-01
   5.3807700e+02   7.8194170e+01   5.9279535e-03   1.1777440e-01
   5.3814399e+02   7.8207500e+01   5.9372711e-03   1.1817327e-01
   5.3820301e+02   7.8220830e+01   5.9475132e-03   1.1856893e-01
   5.3827000e+02   7.8234170e+01   5.9626198e-03   1.1896879e-01
   5.3833301e+02   7.8247500e+01   5.9699377e-03   1.1936869e-01
   5.3840400e+02   7.8260830e+01   5.9869952e-03   1.1976950e-01
   5.3846799e+02   7.8274170e+01   5.9924006e-03   1.2016784e-01
   5.3853800e+02   7.8287500e+01   5.9988730e-03   1.2056733e-01
   5.3860401e+02   7.8300830e+01   6.0156135e-03   1.2097015e-01
   5.3866999e+02   7.8314170e+01   6.0282217e-03   1.2137746e-01
   5.3874500e+02   7.8327500e+01   6.0366317e-03   1.2178072e-01
   5.3880500e+02   7.8340830e+01   6.0439292e-03   1.2218143e-01
   5.3887000e+02   7.8354170e+01   6.0585748e-03   1.2258574e-01
   5.3894001e+02   7.8367500e+01   6.0663135e-03   1.2299267e-01
   5.3899601e+02   7.8380830e+01   6.0769767e-03   1.2339601e-01
   5.3907099e+02   7.8394170e+01   6.0798533e-03   1.2380612e-01
   5.3912501e+02   7.8407500e+01   6.0993177e-03   1.2421248e-01
   5.3919599e+02   7.8420830e+01   6.1093537e-03   1.2461958e-01
   5.3926600e+02   7.8434170e+01   6.1156566e-03   1.2502712e-01
   5.3933399e+02   7.8447500e+01   6.1250494e-03   1.2543712e-01
   5.3939600e+02   7.8460830e+01   6.1382832e-03   1.2585000e-01
   5.3946601e+02   7.8474170e+01   6.1457822e-03   1.2626270e-01
   5.3953699e+02   7.8487500e+01   6.1522672e-03   1.2667714e-01
   5.3959699e+02   7.8500830e+01   6.1594654e-03   1.2709279e-01
   5.3966099e+02   7.8514170e+01   6.1665618e-03   1.2750906e-01
   5.3973801e+02   7.8527500e+01   6.1780252e-03   1.2792610e-01
   5.3979899e+02   7.8540830e+01   6.1864396e-03   1.2834489e-01
   5.3987299e+02   7.8554170e+01   6.1952702e-03   1.2875829e-01
   5.3993601e+02   7.8567500e+01   6.2041030e-03   1.2918019e-01
   5.4000400e+02   7.8580830e+01   6.2048785e-03   1.2960938e-01
   5.4006299e+02   7.8594170e+01   6.2101075e-03   1.3003553e-01
   5.4013599e+02   7.8607500e+01   6.2192200e-03   1.3046035e-01
   5.4019999e+02   7.8620830e+01   6.2240251e-03   1.3088370e-01
   5.4026600e+02   7.8634170e+01   6.2350386e-03   1.3130739e-01
   5.4032401e+02   7.8647500e+01   6.2460429e-03   1.3172876e-01
   5.4038801e+02   7.8660830e+01   6.2483755e-03   1.3214773e-01
   5.4046601e+02   7.8674170e+01   6.2515500e-03   1.3257414e-01
   5.4052601e+02   7.8687500e+01   6.2559971e-03   1.3300092e-01
   5.4059699e+02   7.8700830e+01   6.2610620e-03   1.3342469e-01
   5.4065299e+02   7.8714170e+01   6.2697425e-03   1.3384759e-01
   5.4072001e+02   7.8727500e+01   6.2741174e-03   1.3426777e-01
   5.4079600e+02   7.8740830e+01   6.2823524e-03   1.3469449e-01
   5.4086701e+02   7.8754170e+01   6.2842569e-03   1.3512174e-01
   5.4091599e+02   7.8767500e+01   6.2915883e-03   1.3554564e-01
   5.4099698e+02   7.8780830e+01   6.2950244e-03   1.3596947e-01
   5.4105900e+02   7.8794170e+01   6.2988078e-03   1.3639163e-01
   5.4112198e+02   7.8807500e+01   6.3056006e-03   1.3681384e-01
   5.4118101e+02   7.8820830e+01   6.3115111e-03   1.3723671e-01
   5.4125999e+02   7.8834170e+01   6.3097066e-03   1.3765778e-01
   5.4131501e+02   7.8847500e+01   6.3256568e-03   1.3807319e-01
   5.4137800e+02   7.8860830e+01   6.3306890e-03   1.3849223e-01
   5.4145701e+02   7.8874170e+01   6.3323158e-03   1.3891115e-01
   5.4152000e+02   7.8887500e+01   6.3324506e-03   1.3932820e-01
   5.4158500e+02   7.8900830e+01   6.3442778e-03   1.3974574e-01
   5.4165299e+02   7.8914170e+01   6.3448625e-03   1.4016416e-01
   5.4171100e+02   7.8927500e+01   6.3425407e-03   1.4058200e-01
   5.4177799e+02   7.8940830e+01   6.3442096e-03   1.4099829e-01
   5.4184901e+02   7.8954170e+01   6.3547700e-03   1.4141610e-01
   5.4191700e+02   7.8967500e+01   6.3554931e-03   1.4183398e-01
   5.4198600e+02   7.8980830e+01   6.3594531e-03   1.4225109e-01
   5.4205799e+02   7.8994170e+01   6.3607607e-03   1.4266475e-01
   5.4211899e+02   7.9007500e+01   6.3653058e-03   1.4308170e-01
   5.4218799e+02   7.9020830e+01   6.3704768e-03   1.4349869e-01
   5.4225800e+02   7.9034170e+01   6.3735476e-03   1.4391010e-01
   5.4232499e+02   7.9047500e+01   6.3747685e-03   1.4432891e-01
   5.4238999e+02   7.9060830e+01   6.3831199e-03   1.4474740e-01
   5.4245801e+02   7.9074170e+01   6.3871728e-03   1.4516559e-01
   5.4252900e+02   7.9087500e+01   6.3914571e-03   1.4558154e-01
   5.4258201e+02   7.9100830e+01   6.3915139e-03   1.4599335e-01
   5.4265299e+02   7.9114170e+01   6.3998887e-03   1.4640583e-01
   5.4272300e+02   7.9127500e+01   6.4021983e-03   1.4682627e-01
   5.4278699e+02   7.9140830e+01   6.4051994e-03   1.4724521e-01
   5.4286399e+02   7.9154170e+01   6.3976984e-03   1.4766429e-01
   5.4291999e+02   7.9167500e+01   6.4068388e-03   1.4808523e-01
   5.4299201e+02   7.9180830e+01   6.4125445e-03   1.4850159e-01
   5.4305399e+02   7.9194170e+01   6.4129821e-03   1.4891644e-01
   5.4313001e+02   7.9207500e+01   6.4139927e-03   1.4934051e-01
   5.4318900e+02   7.9220830e+01   6.4227379e-03   1.4975921e-01
   5.4325101e+02   7.9234170e+01   6.4288866e-03   1.5018126e-01
   5.4332499e+02   7.9247500e+01   6.4336415e-03   1.5060057e-01
   5.4339200e+02   7.9260830e+01   6.4379898e-03   1.5102042e-01
   5.4345701e+02   7.9274170e+01   6.4411432e-03   1.5144950e-01
   5.4352601e+02   7.9287500e+01   6.4550452e-03   1.5187583e-01
   5.4358900e+02   7.9300830e+01   6.4570663e-03   1.5230010e-01
   5.4365601e+02   7.9314170e+01   6.4597863e-03   1.5272181e-01
   5.4372901e+02   7.9327500e+01   6.4690302e-03   1.5314370e-01
   5.4378901e+02   7.9340830e+01   6.4738997e-03   1.5356976e-01
   5.4385599e+02   7.9354170e+01   6.4774509e-03   1.5399750e-01
   5.4392399e+02   7.9367500e+01   6.4821646e-03   1.5442582e-01
   5.4398499e+02   7.9380830e+01   6.4854980e-03   1.5485037e-01
   5.4405399e+02   7.9394170e+01   6.4883038e-03   1.5527767e-01
   5.4412101e+02   7.9407500e+01   6.4992313e-03   1.5569978e-01
   5.4419199e+02   7.9420830e+01   6.5055656e-03   1.5612585e-01
   5.4424601e+02   7.9434170e+01   6.5060862e-03   1.5655148e-01
   5.4431501e+02   7.9447500e+01   6.5104694e-03   1.5697596e-01
   5.4438599e+02   7.9460830e+01   6.5176758e-03   1.5740148e-01
   5.4444999e+02   7.9474170e+01   6.5180869e-03   1.5782452e-01
   5.4451301e+02   7.9487500e+01   6.5169489e-03   1.5824311e-01
   5.4458301e+02   7.9500830e+01   6.5228712e-03   1.5866391e-01
   5.4465101e+02   7.9514170e+01   6.5265851e-03   1.5908762e-01
   5.4471699e+02   7.9527500e+01   6.5229969e-03   1.5951056e-01
   5.4478501e+02   7.9540830e+01   6.5346091e-03   1.5993457e-01
   5.4485999e+02   7.9554170e+01   6.5375200e-03   1.6036034e-01
   5.4491901e+02   7.9567500e+01   6.5312766e-03   1.6078112e-01
   5.4499299e+02   7.9580830e+01   6.5363934e-03   1.6120068e-01
   5.4506299e+02   7.9594170e+01   6.5374155e-03   1.6162380e-01
   5.4512400e+02   7.9607500e+01   6.5387348e-03   1.6205204e-01
   5.4518799e+02   7.9620830e+01   6.5386766e-03   1.6248023e-01
   5.4525999e+02   7.9634170e+01   6.5434642e-03   1.6290837e-01
   5.4532099e+02   7.9647500e+01   6.5434630e-03   1.6333105e-01
   5.4539399e+02   7.9660830e+01   6.5464884e-03   1.6375883e-01
   5.4545200e+02   7.9674170e+01   6.5435567e-03   1.6419404e-01
   5.4551899e+02   7.9687500e+01   6.5449500e-03   1.6462641e-01
   5.4558500e+02   7.9700830e+01   6.5461635e-03   1.6505658e-01
   5.4566801e+02   7.9714170e+01   6.5440451e-03   1.6549031e-01
   5.4571400e+02   7.9727500e+01   6.5421764e-03   1.6592143e-01
   5.4578901e+02   7.9740830e+01   6.5475422e-03   1.6636035e-01
   5.4584901e+02   7.9754170e+01   6.5422979e-03   1.6679595e-01
   5.4591901e+02   7.9767500e+01   6.5441981e-03   1.6723411e-01
   5.4598701e+02   7.9780830e+01   6.5390658e-03   1.6767021e-01
   5.4604899e+02   7.9794170e+01   6.5398171e-03   1.6810330e-01
   5.4612000e+02   7.9807500e+01   6.5352692e-03   1.6853516e-01
   5.4618799e+02   7.9820830e+01   6.5439826e-03   1.6897502e-01
   5.4625300e+02   7.9834170e+01   6.5332711e-03   1.6941304e-01
   5.4630701e+02   7.9847500e+01   6.5403156e-03   1.6984891e-01
   5.4637900e+02   7.9860830e+01   6.5346331e-03   1.7028878e-01
   5.4644700e+02   7.9874170e+01   6.5294228e-03   1.7072789e-01
   5.4651099e+02   7.9887500e+01   6.5243955e-03   1.7116587e-01
   5.4657801e+02   7.9900830e+01   6.5245592e-03   1.7160166e-01
   5.4664899e+02   7.9914170e+01   6.5221179e-03   1.7203565e-01
   5.4671500e+02   7.9927500e+01   6.5202068e-03   1.7246607e-01
   5.4677601e+02   7.9940830e+01   6.5142549e-03   1.7289452e-01
   5.4685599e+02   7.9954170e+01   6.5105140e-03   1.7331928e-01
   5.4691801e+02   7.9967500e+01   6.5134108e-03   1.7374668e-01
   5.4698499e+02   7.9980830e+01   6.5105443e-03   1.7418034e-01
   5.4704301e+02   7.9994170e+01   6.4994295e-03   1.7461312e-01
   5.4710700e+02   8.0007500e+01   6.4963950e-03   1.7503799e-01
   5.4718201e+02   8.0020830e+01   6.4959491e-03   1.7546458e-01
   5.4723801e+02   8.0034170e+01   6.4950854e-03   1.7588825e-01
   5.4730201e+02   8.0047500e+01   6.4948453e-03   1.7631033e-01
   5.4737101e+02   8.0060830e+01   6.4886942e-03   1.7673520e-01
   5.4743601e+02   8.0074170e+01   6.4881637e-03   1.7715688e-01
   5.4751200e+02   8.0087500e+01   6.4850991e-03   1.7757751e-01
   5.4757300e+02   8.0100830e+01   6.4908611e-03   1.7799273e-01
   5.4763801e+02   8.0114170e+01   6.4841701e-03   1.7840996e-01
   5.4770200e+02   8.0127500e+01   6.4778965e-03   1.7882946e-01
   5.4776700e+02   8.0140830e+01   6.4760199e-03   1.7924964e-01
   5.4784299e+02   8.0154170e+01   6.4757588e-03   1.7967190e-01
   5.4791300e+02   8.0167500e+01   6.4743140e-03   1.8008852e-01
   5.4797101e+02   8.0180830e+01   6.4765658e-03   1.8050400e-01
   5.4803199e+02   8.0194170e+01   6.4729350e-03   1.8092171e-01
   5.4810001e+02   8.0207500e+01   6.4688764e-03   1.8133680e-01
   5.4817499e+02   8.0220830e+01   6.4655852e-03   1.8175668e-01
   5.4823401e+02   8.0234170e+01   6.4646766e-03   1.8217115e-01
   5.4831000e+02   8.0247500e+01   6.4651758e-03   1.8258341e-01
   5.4837101e+02   8.0260830e+01   6.4652663e-03   1.8299704e-01
   5.4843299e+02   8.0274170e+01   6.4596902e-03   1.8341110e-01
   5.4851301e+02   8.0287500e+01   6.4522657e-03   1.8382302e-01
   5.4857599e+02   8.0300830e+01   6.4519303e-03   1.8423647e-01
   5.4864301e+02   8.0314170e+01   6.4468184e-03   1.8465152e-01
   5.4871100e+02   8.0327500e+01   6.4447310e-03   1.8507106e-01
   5.4877399e+02   8.0340830e+01   6.4415406e-03   1.8548835e-01
   5.4884000e+02   8.0354170e+01   6.4438523e-03   1.8589947e-01
   5.4890800e+02   8.0367500e+01   6.4439859e-03   1.8631749e-01
   5.4896500e+02   8.0380830e+01   6.4345885e-03   1.8673493e-01
   5.4903599e+02   8.0394170e+01   6.4386159e-03   1.8714829e-01
   5.4910999e+02   8.0407500e+01   6.4353008e-03   1.8756474e-01
   5.4917200e+02   8.0420830e+01   6.4403501e-03   1.8797948e-01
   5.4924100e+02   8.0434170e+01   6.4380613e-03   1.8839946e-01
   5.4930701e+02   8.0447500e+01   6.4320293e-03   1.8882263e-01
   5.4937400e+02   8.0460830e+01   6.4304972e-03   1.8924210e-01
   5.4943201e+02   8.0474170e+01   6.4297798e-03   1.8966134e-01
   5.4949601e+02   8.0487500e+01   6.4242881e-03   1.9007715e-01
   5.4956599e+02   8.0500830e+01   6.4234198e-03   1.9049137e-01
   5.4963300e+02   8.0514170e+01   6.4237796e-03   1.9091477e-01
   5.4969901e+02   8.0527500e+01   6.4201209e-03   1.9134110e-01
   5.4977399e+02   8.0540830e+01   6.4156493e-03   1.9176050e-01
   5.4983900e+02   8.0554170e+01   6.4167117e-03   1.9218568e-01
   5.4990000e+02   8.0567500e+01   6.4125778e-03   1.9261130e-01
   5.4996601e+02   8.0580830e+01   6.4104385e-03   1.9303810e-01
   5.5003300e+02   8.0594170e+01   6.4052861e-03   1.9346348e-01
   5.5009299e+02   8.0607500e+01   6.4080634e-03   1.9388949e-01
   5.5016501e+02   8.0620830e+01   6.4085693e-03   1.9431978e-01
   5.5023899e+02   8.0634170e+01   6.4010971e-03   1.9474862e-01
   5.5030201e+02   8.0647500e+01   6.3982240e-03   1.9517549e-01
   5.5036301e+02   8.0660830e+01   6.4038259e-03   1.9560720e-01
   5.5042701e+02   8.0674170e+01   6.3976909e-03   1.9604057e-01
   5.5049601e+02   8.0687500e+01   6.3905540e-03   1.9647631e-01
   5.5056599e+02   8.0700830e+01   6.3928422e-03   1.9691072e-01
   5.5063401e+02   8.0714170e+01   6.3896073e-03   1.9734443e-01
   5.5069800e+02   8.0727500e+01   6.3877472e-03   1.9777872e-01
   5.5075599e+02   8.0740830e+01   6.3839616e-03   1.9821601e-01
   5.5082300e+02   8.0754170e+01   6.3810804e-03   1.9864772e-01
   5.5089301e+02   8.0767500e+01   6.3739744e-03   1.9908264e-01
   5.5095399e+02   8.0780830e+01   6.3785764e-03   1.9951842e-01
   5.5102701e+02   8.0794170e+01   6.3721834e-03   1.9995597e-01
   5.5109400e+02   8.0807500e+01   6.3727333e-03   2.0039529e-01
   5.5116001e+02   8.0820830e+01   6.3693414e-03   2.0083617e-01
   5.5123600e+02   8.0834170e+01   6.3729680e-03   2.0127697e-01
   5.5130201e+02   8.0847500e+01   6.3627601e-03   2.0171614e-01
   5.5136399e+02   8.0860830e+01   6.3608772e-03   2.0214979e-01
   5.5142600e+02   8.0874170e+01   6.3603661e-03   2.0258679e-01
   5.5150800e+02   8.0887500e+01   6.3503114e-03   2.0302584e-01
   5.5157099e+02   8.0900830e+01   6.3478932e-03   2.0346453e-01
   5.5162900e+02   8.0914170e+01   6.3469607e-03   2.0390614e-01
   5.5169300e+02   8.0927500e+01   6.3434187e-03   2.0433741e-01
   5.5176600e+02   8.0940830e+01   6.3413921e-03   2.0476937e-01
   5.5183100e+02   8.0954170e+01   6.3392704e-03   2.0520269e-01
   5.5189500e+02   8.0967500e+01   6.3328492e-03   2.0563618e-01
   5.5196299e+02   8.0980830e+01   6.3272597e-03   2.0607419e-01
   5.5203000e+02   8.0994170e+01   6.3271797e-03   2.0650478e-01
   5.5210099e+02   8.1007500e+01   6.3103645e-03   2.0693588e-01
   5.5216099e+02   8.1020830e+01   6.3097664e-03   2.0736251e-01
   5.5222700e+02   8.1034170e+01   6.3014076e-03   2.0778632e-01
   5.5229899e+02   8.1047500e+01   6.2959350e-03   2.0821310e-01
   5.5235901e+02   8.1060830e+01   6.2884012e-03   2.0864305e-01
   5.5243500e+02   8.1074170e+01   6.2844370e-03   2.0906784e-01
   5.5249500e+02   8.1087500e+01   6.2796395e-03   2.0948800e-01
   5.5255900e+02   8.1100830e+01   6.2723302e-03   2.0990304e-01
   5.5262400e+02   8.1114170e+01   6.2799874e-03   2.1032248e-01
   5.5269401e+02   8.1127500e+01   6.2700998e-03   2.1074322e-01
   5.5274500e+02   8.1140830e+01   6.2665444e-03   2.1116447e-01
   5.5281599e+02   8.1154170e+01   6.2625943e-03   2.1157838e-01
   5.5288599e+02   8.1167500e+01   6.2554102e-03   2.1199254e-01
   5.5295200e+02   8.1180830e+01   6.2561322e-03   2.1239997e-01
   5.5301200e+02   8.1194170e+01   6.2512451e-03   2.1280576e-01
   5.5308900e+02   8.1207500e+01   6.2490499e-03   2.1321206e-01
   5.5314899e+02   8.1220830e+01   6.2366270e-03   2.1362134e-01
   5.5322300e+02   8.1234170e+01   6.2422206e-03   2.1402667e-01
   5.5328800e+02   8.1247500e+01   6.2379714e-03   2.1442693e-01
   5.5335801e+02   8.1260830e+01   6.2268334e-03   2.1482397e-01
   5.5342100e+02   8.1274170e+01   6.2261459e-03   2.1522546e-01
   5.5348801e+02   8.1287500e+01   6.2252181e-03   2.1562911e-01
   5.5355302e+02   8.1300830e+01   6.2175830e-03   2.1602752e-01
   5.5362000e+02   8.1314170e+01   6.2154209e-03   2.1642396e-01
   5.5369199e+02   8.1327500e+01   6.2141382e-03   2.1681264e-01
   5.5375400e+02   8.1340830e+01   6.2061896e-03   2.1720447e-01
   5.5381800e+02   8.1354170e+01   6.1996032e-03   2.1759562e-01
   5.5389100e+02   8.1367500e+01   6.1958582e-03   2.1798757e-01
   5.5395600e+02   8.1380830e+01   6.1875386e-03   2.1838297e-01
   5.5402201e+02   8.1394170e+01   6.1879174e-03   2.1877528e-01
   5.5408701e+02   8.1407500e+01   6.1835921e-03   2.1916644e-01
   5.5415800e+02   8.1420830e+01   6.1763786e-03   2.1955715e-01
   5.5421799e+02   8.1434170e+01   6.1707942e-03   2.1995141e-01
   5.5428901e+02   8.1447500e+01   6.1740548e-03   2.2034473e-01
   5.5435099e+02   8.1460830e+01   6.1693758e-03   2.2073376e-01
   5.5441599e+02   8.1474170e+01   6.1627976e-03   2.2112196e-01
   5.5448401e+02   8.1487500e+01   6.1589025e-03   2.2150899e-01
   5.5454899e+02   8.1500830e+01   6.1531484e-03   2.2189277e-01
   5.5461100e+02   8.1514170e+01   6.1433434e-03   2.2228379e-01
   5.5468799e+02   8.1527500e+01   6.1398328e-03   2.2267284e-01
   5.5475901e+02   8.1540830e+01   6.1299640e-03   2.2306137e-01
   5.5480900e+02   8.1554170e+01   6.1265721e-03   2.2345174e-01
   5.5489200e+02   8.1567500e+01   6.1155697e-03   2.2383887e-01
   5.5494501e+02   8.1580830e+01   6.1153796e-03   2.2422731e-01
   5.5501499e+02   8.1594170e+01   6.1071035e-03   2.2461696e-01
   5.5507300e+02   8.1607500e+01   6.1002856e-03   2.2500722e-01
   5.5514899e+02   8.1620830e+01   6.0978641e-03   2.2540014e-01
   5.5521400e+02   8.1634170e+01   6.0899256e-03   2.2579795e-01
   5.5528199e+02   8.1647500e+01   6.0834760e-03   2.2619155e-01
   5.5534501e+02   8.1660830e+01   6.0838126e-03   2.2658223e-01
   5.5541401e+02   8.1674170e+01   6.0671376e-03   2.2696878e-01
   5.5547700e+02   8.1687500e+01   6.0705568e-03   2.2736427e-01
   5.5554301e+02   8.1700830e+01   6.0676526e-03   2.2776213e-01
   5.5560700e+02   8.1714170e+01   6.0647535e-03   2.2815846e-01
   5.5568201e+02   8.1727500e+01   6.0499791e-03   2.2855575e-01
   5.5573899e+02   8.1740830e+01   6.0541238e-03   2.2895238e-01
   5.5580799e+02   8.1754170e+01   6.0462377e-03   2.2935170e-01
   5.5587101e+02   8.1767500e+01   6.0450076e-03   2.2974539e-01
   5.5593601e+02   8.1780830e+01   6.0370879e-03   2.3014192e-01
   5.5600400e+02   8.1794170e+01   6.0314250e-03   2.3054346e-01
   5.5607899e+02   8.1807500e+01   6.0289859e-03   2.3094240e-01
   5.5613499e+02   8.1820830e+01   6.0195011e-03   2.3134398e-01
   5.5621400e+02   8.1834170e+01   6.0125670e-03   2.3175143e-01
   5.5627701e+02   8.1847500e+01   6.0137294e-03   2.3215557e-01
   5.5633900e+02   8.1860830e+01   6.0091057e-03   2.3256108e-01
   5.5640699e+02   8.1874170e+01   6.0045884e-03   2.3296539e-01
   5.5647300e+02   8.1887500e+01   5.9930093e-03   2.3336988e-01
   5.5653501e+02   8.1900830e+01   5.9891761e-03   2.3377617e-01
   5.5660599e+02   8.1914170e+01   5.9880180e-03   2.3418288e-01
   5.5667200e+02   8.1927500e+01   5.9813508e-03   2.3459449e-01
   5.5674000e+02   8.1940830e+01   5.9710083e-03   2.3500255e-01
   5.5681101e+02   8.1954170e+01   5.9651419e-03   2.3540767e-01
   5.5688300e+02   8.1967500e+01   5.9567253e-03   2.3581202e-01
   5.5693799e+02   8.1980830e+01   5.9546272e-03   2.3621836e-01
   5.5700199e+02   8.1994170e+01   5.9482452e-03   2.3662413e-01
   5.5706800e+02   8.2007500e+01   5.9496186e-03   2.3702531e-01
   5.5713599e+02   8.2020830e+01   5.9389888e-03   2.3742235e-01
   5.5720801e+02   8.2034170e+01   5.9333230e-03   2.3781704e-01
   5.5727100e+02   8.2047500e+01   5.9348283e-03   2.3821701e-01
   5.5733500e+02   8.2060830e+01   5.9316455e-03   2.3861291e-01
   5.5739899e+02   8.2074170e+01   5.9272321e-03   2.3901102e-01
   5.5747700e+02   8.2087500e+01   5.9183872e-03   2.3941308e-01
   5.5753699e+02   8.2100830e+01   5.9082427e-03   2.3981109e-01
   5.5760700e+02   8.2114170e+01   5.9047196e-03   2.4020641e-01
   5.5766599e+02   8.2127500e+01   5.8952789e-03   2.4059663e-01
   5.5773600e+02   8.2140830e+01   5.8952077e-03   2.4098680e-01
   5.5781101e+02   8.2154170e+01   5.8903262e-03   2.4138083e-01
   5.5787601e+02   8.2167500e+01   5.8788364e-03   2.4177149e-01
   5.5794300e+02   8.2180830e+01   5.8747754e-03   2.4215952e-01
   5.5801099e+02   8.2194170e+01   5.8737834e-03   2.4255339e-01
   5.5807599e+02   8.2207500e+01   5.8714366e-03   2.4294676e-01
   5.5813700e+02   8.2220830e+01   5.8676770e-03   2.4333283e-01
   5.5821000e+02   8.2234170e+01   5.8558961e-03   2.4371854e-01
   5.5827799e+02   8.2247500e+01   5.8576283e-03   2.4410719e-01
   5.5834199e+02   8.2260830e+01   5.8491388e-03   2.4449909e-01
   5.5839701e+02   8.2274170e+01   5.8477045e-03   2.4488860e-01
   5.5847199e+02   8.2287500e+01   5.8442850e-03   2.4527155e-01
   5.5853101e+02   8.2300830e+01   5.8265171e-03   2.4565158e-01
   5.5859601e+02   8.2314170e+01   5.8220985e-03   2.4603448e-01
   5.5866901e+02   8.2327500e+01   5.8216431e-03   2.4641863e-01
   5.5873899e+02   8.2340830e+01   5.8175985e-03   2.4679880e-01
   5.5881000e+02   8.2354170e+01   5.8134264e-03   2.4718092e-01
   5.5886500e+02   8.2367500e+01   5.8096537e-03   2.4755883e-01
   5.5893201e+02   8.2380830e+01   5.8041068e-03   2.4793282e-01
   5.5900300e+02   8.2394170e+01   5.8052224e-03   2.4830728e-01
   5.5906901e+02   8.2407500e+01   5.7968280e-03   2.4868022e-01
   5.5913999e+02   8.2420830e+01   5.7895231e-03   2.4905639e-01
   5.5920099e+02   8.2434170e+01   5.7869191e-03   2.4942867e-01
   5.5927000e+02   8.2447500e+01   5.7819103e-03   2.4979980e-01
   5.5933399e+02   8.2460830e+01   5.7782717e-03   2.5017280e-01
   5.5939600e+02   8.2474170e+01   5.7734570e-03   2.5054507e-01
   5.5947101e+02   8.2487500e+01   5.7742917e-03   2.5091822e-01
   5.5953501e+02   8.2500830e+01   5.7692197e-03   2.5128966e-01
   5.5959501e+02   8.2514170e+01   5.7636740e-03   2.5166098e-01
   5.5966599e+02   8.2527500e+01   5.7569137e-03   2.5203135e-01
   5.5973301e+02   8.2540830e+01   5.7570368e-03   2.5240272e-01
   5.5980399e+02   8.2554170e+01   5.7433038e-03   2.5277592e-01
   5.5986701e+02   8.2567500e+01   5.7433680e-03   2.5315103e-01
   5.5992802e+02   8.2580830e+01   5.7418351e-03   2.5352759e-01
   5.5999698e+02   8.2594170e+01   5.7353622e-03   2.5390697e-01
   5.6007899e+02   8.2607500e+01   5.7351578e-03   2.5427611e-01
   5.6013300e+02   8.2620830e+01   5.7300222e-03   2.5464840e-01
   5.6019800e+02   8.2634170e+01   5.7270496e-03   2.5502404e-01
   5.6027399e+02   8.2647500e+01   5.7233382e-03   2.5539776e-01
   5.6033201e+02   8.2660830e+01   5.7143423e-03   2.5577828e-01
   5.6039899e+02   8.2674170e+01   5.7171954e-03   2.5615690e-01
   5.6046900e+02   8.2687500e+01   5.7177595e-03   2.5653496e-01
   5.6054001e+02   8.2700830e+01   5.7143104e-03   2.5691376e-01
   5.6059601e+02   8.2714170e+01   5.7077760e-03   2.5728724e-01
   5.6066099e+02   8.2727500e+01   5.7060781e-03   2.5766277e-01
   5.6073801e+02   8.2740830e+01   5.7061407e-03   2.5803968e-01
   5.6079999e+02   8.2754170e+01   5.7093299e-03   2.5841851e-01
   5.6085901e+02   8.2767500e+01   5.6977964e-03   2.5880016e-01
   5.6093101e+02   8.2780830e+01   5.6992969e-03   2.5917624e-01
   5.6100101e+02   8.2794170e+01   5.7008611e-03   2.5955300e-01
   5.6106299e+02   8.2807500e+01   5.6969036e-03   2.5992935e-01
   5.6113700e+02   8.2820830e+01   5.6906872e-03   2.6030887e-01
   5.6119999e+02   8.2834170e+01   5.6906923e-03   2.6068906e-01
   5.6125699e+02   8.2847500e+01   5.6865938e-03   2.6106636e-01
   5.6132599e+02   8.2860830e+01   5.6860567e-03   2.6144288e-01
   5.6138901e+02   8.2874170e+01   5.6884175e-03   2.6182007e-01
   5.6145499e+02   8.2887500e+01   5.6866471e-03   2.6220038e-01
   5.6152799e+02   8.2900830e+01   5.6760545e-03   2.6258375e-01
   5.6159699e+02   8.2914170e+01   5.6799102e-03   2.6296175e-01
   5.6165699e+02   8.2927500e+01   5.6841375e-03   2.6333616e-01
   5.6172901e+02   8.2940830e+01   5.6825617e-03   2.6371489e-01
   5.6179499e+02   8.2954170e+01   5.6805107e-03   2.6409497e-01
   5.6185999e+02   8.2967500e+01   5.6760723e-03   2.6447456e-01
   5.6194199e+02   8.2980830e+01   5.6732895e-03   2.6485107e-01
   5.6199100e+02   8.2994170e+01   5.6759712e-03   2.6522577e-01
   5.6206000e+02   8.3007500e+01   5.6700188e-03   2.6560523e-01
   5.6212000e+02   8.3020830e+01   5.6688644e-03   2.6598063e-01
   5.6218699e+02   8.3034170e+01   5.6717046e-03   2.6634824e-01
   5.6224601e+02   8.3047500e+01   5.6687619e-03   2.6671817e-01
   5.6231101e+02   8.3060830e+01   5.6643816e-03   2.6709104e-01
   5.6237699e+02   8.3074170e+01   5.6719643e-03   2.6746024e-01
   5.6244099e+02   8.3087500e+01   5.6627906e-03   2.6783051e-01
   5.6252000e+02   8.3100830e+01   5.6614650e-03   2.6820155e-01
   5.6257899e+02   8.3114170e+01   5.6636101e-03   2.6856973e-01
   5.6265000e+02   8.3127500e+01   5.6631173e-03   2.6893454e-01
   5.6271400e+02   8.3140830e+01   5.6599164e-03   2.6930215e-01
   5.6278400e+02   8.3154170e+01   5.6665847e-03   2.6966944e-01
   5.6284699e+02   8.3167500e+01   5.6615930e-03   2.7003127e-01
   5.6291700e+02   8.3180830e+01   5.6590801e-03   2.7038873e-01
   5.6298200e+02   8.3194170e+01   5.6608562e-03   2.7074368e-01
   5.6303901e+02   8.3207500e+01   5.6626433e-03   2.7110745e-01
   5.6312400e+02   8.3220830e+01   5.6544708e-03   2.7147044e-01
   5.6318400e+02   8.3234170e+01   5.6541371e-03   2.7182734e-01
   5.6324201e+02   8.3247500e+01   5.6495726e-03   2.7218593e-01
   5.6331901e+02   8.3260830e+01   5.6487970e-03   2.7254411e-01
   5.6338999e+02   8.3274170e+01   5.6478868e-03   2.7289933e-01
   5.6344999e+02   8.3287500e+01   5.6426072e-03   2.7325409e-01
   5.6351700e+02   8.3300830e+01   5.6379430e-03   2.7361385e-01
   5.6359400e+02   8.3314170e+01   5.6409308e-03   2.7397721e-01
   5.6366001e+02   8.3327500e+01   5.6367709e-03   2.7434045e-01
   5.6371500e+02   8.3340830e+01   5.6333339e-03   2.7470199e-01
   5.6378300e+02   8.3354170e+01   5.6322657e-03   2.7506185e-01
   5.6384299e+02   8.3367500e+01   5.6335912e-03   2.7542883e-01
   5.6391501e+02   8.3380830e+01   5.6295477e-03   2.7579139e-01
   5.6398499e+02   8.3394170e+01   5.6311816e-03   2.7615426e-01
   5.6404700e+02   8.3407500e+01   5.6257339e-03   2.7651751e-01
   5.6411600e+02   8.3420830e+01   5.6261297e-03   2.7687713e-01
   5.6418299e+02   8.3434170e+01   5.6199407e-03   2.7723433e-01
   5.6425300e+02   8.3447500e+01   5.6210650e-03   2.7759714e-01
   5.6432099e+02   8.3460830e+01   5.6198216e-03   2.7796271e-01
   5.6438801e+02   8.3474170e+01   5.6193780e-03   2.7832755e-01
   5.6444999e+02   8.3487500e+01   5.6204594e-03   2.7869032e-01
   5.6450999e+02   8.3500830e+01   5.6202436e-03   2.7905226e-01
   5.6458201e+02   8.3514170e+01   5.6152520e-03   2.7941008e-01
   5.6463801e+02   8.3527500e+01   5.6174295e-03   2.7976985e-01
   5.6471100e+02   8.3540830e+01   5.6103614e-03   2.8013010e-01
   5.6477299e+02   8.3554170e+01   5.6063092e-03   2.8049448e-01
   5.6484400e+02   8.3567500e+01   5.6160647e-03   2.8086112e-01
   5.6491199e+02   8.3580830e+01   5.6100757e-03   2.8122117e-01
   5.6497999e+02   8.3594170e+01   5.6145242e-03   2.8158481e-01
   5.6504600e+02   8.3607500e+01   5.6129842e-03   2.8194406e-01
   5.6510401e+02   8.3620830e+01   5.6174948e-03   2.8230603e-01
   5.6517499e+02   8.3634170e+01   5.6137718e-03   2.8267379e-01
   5.6525101e+02   8.3647500e+01   5.6112077e-03   2.8303769e-01
   5.6530201e+02   8.3660830e+01   5.6132116e-03   2.8340163e-01
   5.6537800e+02   8.3674170e+01   5.6124521e-03   2.8376426e-01
   5.6545099e+02   8.3687500e+01   5.6124186e-03   2.8412733e-01
   5.6552399e+02   8.3700830e+01   5.6135119e-03   2.8449349e-01
   5.6558500e+02   8.3714170e+01   5.6148147e-03   2.8486412e-01
   5.6564200e+02   8.3727500e+01   5.6128803e-03   2.8523582e-01
   5.6571100e+02   8.3740830e+01   5.6112788e-03   2.8561007e-01
   5.6577900e+02   8.3754170e+01   5.6156357e-03   2.8598472e-01
   5.6584400e+02   8.3767500e+01   5.6118783e-03   2.8636530e-01
   5.6591199e+02   8.3780830e+01   5.6157814e-03   2.8674305e-01
   5.6597999e+02   8.3794170e+01   5.6114391e-03   2.8711668e-01
   5.6604200e+02   8.3807500e+01   5.6117744e-03   2.8748894e-01
   5.6610599e+02   8.3820830e+01   5.6109470e-03   2.8786575e-01
   5.6619001e+02   8.3834170e+01   5.6142746e-03   2.8824573e-01
   5.6624399e+02   8.3847500e+01   5.6107273e-03   2.8862776e-01
   5.6631901e+02   8.3860830e+01   5.6143323e-03   2.8901102e-01
   5.6637400e+02   8.3874170e+01   5.6141660e-03   2.8938998e-01
   5.6644001e+02   8.3887500e+01   5.6164821e-03   2.8976996e-01
   5.6651700e+02   8.3900830e+01   5.6152196e-03   2.9014494e-01
   5.6658399e+02   8.3914170e+01   5.6203428e-03   2.9051811e-01
   5.6663999e+02   8.3927500e+01   5.6159198e-03   2.9089544e-01
   5.6669999e+02   8.3940830e+01   5.6155969e-03   2.9127890e-01
   5.6677399e+02   8.3954170e+01   5.6197629e-03   2.9166132e-01
   5.6684299e+02   8.3967500e+01   5.6192083e-03   2.9203935e-01
   5.6690699e+02   8.3980830e+01   5.6173182e-03   2.9241902e-01
   5.6697700e+02   8.3994170e+01   5.6221884e-03   2.9279641e-01
   5.6703101e+02   8.4007500e+01   5.6269060e-03   2.9317557e-01
   5.6710599e+02   8.4020830e+01   5.6245383e-03   2.9355523e-01
   5.6717399e+02   8.4034170e+01   5.6235682e-03   2.9393071e-01
   5.6724299e+02   8.4047500e+01   5.6221017e-03   2.9431048e-01
   5.6731501e+02   8.4060830e+01   5.6245417e-03   2.9469238e-01
   5.6737299e+02   8.4074170e+01   5.6280758e-03   2.9507156e-01
   5.6743699e+02   8.4087500e+01   5.6296743e-03   2.9544566e-01
   5.6750101e+02   8.4100830e+01   5.6280305e-03   2.9581716e-01
   5.6755799e+02   8.4114170e+01   5.6280046e-03   2.9619496e-01
   5.6763499e+02   8.4127500e+01   5.6246870e-03   2.9657180e-01
   5.6769999e+02   8.4140830e+01   5.6261347e-03   2.9694668e-01
   5.6775999e+02   8.4154170e+01   5.6225966e-03   2.9731749e-01
   5.6783301e+02   8.4167500e+01   5.6215663e-03   2.9768739e-01
   5.6789899e+02   8.4180830e+01   5.6231247e-03   2.9806188e-01
   5.6796500e+02   8.4194170e+01   5.6205065e-03   2.9843537e-01
   5.6803699e+02   8.4207500e+01   5.6163145e-03   2.9880864e-01
   5.6809601e+02   8.4220830e+01   5.6173126e-03   2.9917929e-01
   5.6816999e+02   8.4234170e+01   5.6174555e-03   2.9954945e-01
   5.6823801e+02   8.4247500e+01   5.6136591e-03   2.9991863e-01
   5.6830701e+02   8.4260830e+01   5.6112854e-03   3.0028897e-01
   5.6837198e+02   8.4274170e+01   5.6113354e-03   3.0065792e-01
   5.6842399e+02   8.4287500e+01   5.6162591e-03   3.0102345e-01
   5.6848701e+02   8.4300830e+01   5.6103264e-03   3.0138828e-01
   5.6856599e+02   8.4314170e+01   5.6113810e-03   3.0175195e-01
   5.6863499e+02   8.4327500e+01   5.6140213e-03   3.0211625e-01
   5.6869800e+02   8.4340830e+01   5.6061976e-03   3.0247967e-01
   5.6876600e+02   8.4354170e+01   5.6012769e-03   3.0283933e-01
   5.6883201e+02   8.4367500e+01   5.5992845e-03   3.0320610e-01
   5.6889899e+02   8.4380830e+01   5.5983150e-03   3.0356912e-01
   5.6896100e+02   8.4394170e+01   5.5985271e-03   3.0393040e-01
   5.6902799e+02   8.4407500e+01   5.5923276e-03   3.0429164e-01
   5.6909299e+02   8.4420830e+01   5.5868152e-03   3.0465001e-01
   5.6916099e+02   8.4434170e+01   5.5786683e-03   3.0501644e-01
   5.6922800e+02   8.4447500e+01   5.5811567e-03   3.0538071e-01
   5.6929401e+02   8.4460830e+01   5.5784124e-03   3.0574523e-01
   5.6936201e+02   8.4474170e+01   5.5775191e-03   3.0611080e-01
   5.6942399e+02   8.4487500e+01   5.5783709e-03   3.0647330e-01
   5.6949100e+02   8.4500830e+01   5.5696225e-03   3.0683241e-01
   5.6955201e+02   8.4514170e+01   5.5728653e-03   3.0719902e-01
   5.6963001e+02   8.4527500e+01   5.5672176e-03   3.0757068e-01
   5.6968500e+02   8.4540830e+01   5.5635074e-03   3.0793787e-01
   5.6975999e+02   8.4554170e+01   5.5631904e-03   3.0830238e-01
   5.6982499e+02   8.4567500e+01   5.5593312e-03   3.0866857e-01
   5.6988499e+02   8.4580830e+01   5.5579512e-03   3.0903685e-01
   5.6996100e+02   8.4594170e+01   5.5606745e-03   3.0939884e-01
   5.7001700e+02   8.4607500e+01   5.5581847e-03   3.0976496e-01
   5.7009101e+02   8.4620830e+01   5.5507994e-03   3.1013346e-01
   5.7016501e+02   8.4634170e+01   5.5526574e-03   3.1049735e-01
   5.7021699e+02   8.4647500e+01   5.5483342e-03   3.1086062e-01
   5.7029001e+02   8.4660830e+01   5.5465163e-03   3.1122206e-01
   5.7036100e+02   8.4674170e+01   5.5463935e-03   3.1158473e-01
   5.7042802e+02   8.4687500e+01   5.5475649e-03   3.1195057e-01
   5.7048801e+02   8.4700830e+01   5.5390063e-03   3.1230933e-01
   5.7055799e+02   8.4714170e+01   5.5381005e-03   3.1267206e-01
   5.7062699e+02   8.4727500e+01   5.5397841e-03   3.1303424e-01
   5.7069401e+02   8.4740830e+01   5.5385747e-03   3.1339687e-01
   5.7074399e+02   8.4754170e+01   5.5338285e-03   3.1376266e-01
   5.7082499e+02   8.4767500e+01   5.5354796e-03   3.1412554e-01
   5.7089200e+02   8.4780830e+01   5.5406925e-03   3.1448824e-01
   5.7096000e+02   8.4794170e+01   5.5362502e-03   3.1485308e-01
   5.7101700e+02   8.4807500e+01   5.5311180e-03   3.1521851e-01
   5.7108600e+02   8.4820830e+01   5.5298398e-03   3.1558483e-01
   5.7115601e+02   8.4834170e+01   5.5289819e-03   3.1595178e-01
   5.7122501e+02   8.4847500e+01   5.5308119e-03   3.1632335e-01
   5.7129700e+02   8.4860830e+01   5.5327486e-03   3.1669525e-01
   5.7135700e+02   8.4874170e+01   5.5359232e-03   3.1706029e-01
   5.7141599e+02   8.4887500e+01   5.5297307e-03   3.1742419e-01
   5.7149100e+02   8.4900830e+01   5.5302503e-03   3.1779132e-01
   5.7155799e+02   8.4914170e+01   5.5294674e-03   3.1816022e-01
   5.7162101e+02   8.4927500e+01   5.5281114e-03   3.1852774e-01
   5.7169401e+02   8.4940830e+01   5.5296070e-03   3.1890023e-01
   5.7175300e+02   8.4954170e+01   5.5282140e-03   3.1927527e-01
   5.7181299e+02   8.4967500e+01   5.5232646e-03   3.1964604e-01
   5.7188999e+02   8.4980830e+01   5.5265433e-03   3.2001273e-01
   5.7194700e+02   8.4994170e+01   5.5190910e-03   3.2038336e-01
   5.7201899e+02   8.5007500e+01   5.5308519e-03   3.2075739e-01
   5.7208799e+02   8.5020830e+01   5.5318910e-03   3.2113384e-01
   5.7215201e+02   8.5034170e+01   5.5318922e-03   3.2151489e-01
   5.7221699e+02   8.5047500e+01   5.5283604e-03   3.2188915e-01
   5.7229801e+02   8.5060830e+01   5.5323923e-03   3.2226261e-01
   5.7235599e+02   8.5074170e+01   5.5362410e-03   3.2263373e-01
   5.7241501e+02   8.5087500e+01   5.5310234e-03   3.2300498e-01
   5.7248899e+02   8.5100830e+01   5.5344171e-03   3.2338212e-01
   5.7255601e+02   8.5114170e+01   5.5283266e-03   3.2375790e-01
   5.7262198e+02   8.5127500e+01   5.5313642e-03   3.2413501e-01
   5.7268500e+02   8.5140830e+01   5.5326150e-03   3.2451709e-01
   5.7274799e+02   8.5154170e+01   5.5315347e-03   3.2489505e-01
   5.7281501e+02   8.5167500e+01   5.5271783e-03   3.2527000e-01
   5.7288999e+02   8.5180830e+01   5.5294613e-03   3.2564381e-01
   5.7295701e+02   8.5194170e+01   5.5285965e-03   3.2601855e-01
   5.7301899e+02   8.5207500e+01   5.5257201e-03   3.2639686e-01
   5.7307999e+02   8.5220830e+01   5.5320014e-03   3.2676989e-01
   5.7314701e+02   8.5234170e+01   5.5269568e-03   3.2714666e-01
   5.7321500e+02   8.5247500e+01   5.5276892e-03   3.2752379e-01
   5.7328800e+02   8.5260830e+01   5.5280171e-03   3.2789411e-01
   5.7334400e+02   8.5274170e+01   5.5271764e-03   3.2826816e-01
   5.7340400e+02   8.5287500e+01   5.5235477e-03   3.2864261e-01
   5.7348200e+02   8.5300830e+01   5.5244240e-03   3.2901787e-01
   5.7354401e+02   8.5314170e+01   5.5226919e-03   3.2939226e-01
   5.7361399e+02   8.5327500e+01   5.5170504e-03   3.2976749e-01
   5.7367802e+02   8.5340830e+01   5.5168791e-03   3.3013995e-01
   5.7375001e+02   8.5354170e+01   5.5202297e-03   3.3050950e-01
   5.7381800e+02   8.5367500e+01   5.5184278e-03   3.3087989e-01
   5.7389100e+02   8.5380830e+01   5.5202199e-03   3.3124577e-01
   5.7394901e+02   8.5394170e+01   5.5161696e-03   3.3161144e-01
   5.7401899e+02   8.5407500e+01   5.5132815e-03   3.3197623e-01
   5.7407999e+02   8.5420830e+01   5.5134102e-03   3.3234318e-01
   5.7414500e+02   8.5434170e+01   5.5131392e-03   3.3270985e-01
   5.7421601e+02   8.5447500e+01   5.5088144e-03   3.3306976e-01
   5.7427900e+02   8.5460830e+01   5.5051553e-03   3.3342567e-01
   5.7435001e+02   8.5474170e+01   5.5060323e-03   3.3378330e-01
   5.7442200e+02   8.5487500e+01   5.5001155e-03   3.3414268e-01
   5.7448099e+02   8.5500830e+01   5.4996329e-03   3.3450675e-01
   5.7455100e+02   8.5514170e+01   5.4995743e-03   3.3486694e-01
   5.7461301e+02   8.5527500e+01   5.4964898e-03   3.3522209e-01
   5.7467701e+02   8.5540830e+01   5.4937124e-03   3.3557571e-01
   5.7474500e+02   8.5554170e+01   5.4916316e-03   3.3592477e-01
   5.7481299e+02   8.5567500e+01   5.4907276e-03   3.3627259e-01
   5.7487501e+02   8.5580830e+01   5.4866265e-03   3.3662698e-01
   5.7494401e+02   8.5594170e+01   5.4801467e-03   3.3698253e-01
   5.7501301e+02   8.5607500e+01   5.4823832e-03   3.3733486e-01
   5.7508100e+02   8.5620830e+01   5.4810162e-03   3.3768683e-01
   5.7513999e+02   8.5634170e+01   5.4842898e-03   3.3803478e-01
   5.7521400e+02   8.5647500e+01   5.4805586e-03   3.3837811e-01
   5.7527601e+02   8.5660830e+01   5.4753764e-03   3.3872555e-01
   5.7534800e+02   8.5674170e+01   5.4815162e-03   3.3907424e-01
   5.7541401e+02   8.5687500e+01   5.4763059e-03   3.3942347e-01
   5.7548401e+02   8.5700830e+01   5.4737342e-03   3.3977290e-01
   5.7554401e+02   8.5714170e+01   5.4665958e-03   3.4012199e-01
   5.7561600e+02   8.5727500e+01   5.4725806e-03   3.4046991e-01
   5.7568101e+02   8.5740830e+01   5.4722158e-03   3.4081547e-01
   5.7574100e+02   8.5754170e+01   5.4715987e-03   3.4116220e-01
   5.7581501e+02   8.5767500e+01   5.4667414e-03   3.4151015e-01
   5.7587101e+02   8.5780830e+01   5.4686549e-03   3.4185867e-01
   5.7593900e+02   8.5794170e+01   5.4689614e-03   3.4220517e-01
   5.7601200e+02   8.5807500e+01   5.4677742e-03   3.4254899e-01
   5.7607200e+02   8.5820830e+01   5.4710832e-03   3.4289430e-01
   5.7614100e+02   8.5834170e+01   5.4720508e-03   3.4324677e-01
   5.7621100e+02   8.5847500e+01   5.4673618e-03   3.4359156e-01
   5.7627000e+02   8.5860830e+01   5.4744906e-03   3.4393572e-01
   5.7634299e+02   8.5874170e+01   5.4730282e-03   3.4428162e-01
   5.7640400e+02   8.5887500e+01   5.4770795e-03   3.4462579e-01
   5.7647599e+02   8.5900830e+01   5.4834096e-03   3.4497102e-01
   5.7653300e+02   8.5914170e+01   5.4727063e-03   3.4530692e-01
   5.7659501e+02   8.5927500e+01   5.4726300e-03   3.4565384e-01
   5.7667301e+02   8.5940830e+01   5.4760490e-03   3.4600085e-01
   5.7674100e+02   8.5954170e+01   5.4842799e-03   3.4634615e-01
   5.7680701e+02   8.5967500e+01   5.4829401e-03   3.4669230e-01
   5.7686701e+02   8.5980830e+01   5.4828601e-03   3.4703455e-01
   5.7694001e+02   8.5994170e+01   5.4845744e-03   3.4737762e-01
   5.7699900e+02   8.6007500e+01   5.4838738e-03   3.4772386e-01
   5.7706400e+02   8.6020830e+01   5.4937463e-03   3.4807220e-01
   5.7713300e+02   8.6034170e+01   5.4906024e-03   3.4842296e-01
   5.7719999e+02   8.6047500e+01   5.4946652e-03   3.4876948e-01
   5.7727299e+02   8.6060830e+01   5.4786174e-03   3.4911900e-01
   5.7733900e+02   8.6074170e+01   5.4819528e-03   3.4946318e-01
   5.7741199e+02   8.6087500e+01   5.4880162e-03   3.4981121e-01
   5.7747199e+02   8.6100830e+01   5.4928058e-03   3.5016791e-01
   5.7753501e+02   8.6114170e+01   5.4961515e-03   3.5052284e-01
   5.7759800e+02   8.6127500e+01   5.5049584e-03   3.5088025e-01
   5.7766099e+02   8.6140830e+01   5.5045635e-03   3.5123561e-01
   5.7773499e+02   8.6154170e+01   5.5044335e-03   3.5159037e-01
   5.7780601e+02   8.6167500e+01   5.5114986e-03   3.5194682e-01
   5.7786899e+02   8.6180830e+01   5.5091339e-03   3.5230213e-01
   5.7792899e+02   8.6194170e+01   5.5122182e-03   3.5266056e-01
   5.7799900e+02   8.6207500e+01   5.5158849e-03   3.5302480e-01
   5.7806400e+02   8.6220830e+01   5.5162087e-03   3.5339339e-01
   5.7813199e+02   8.6234170e+01   5.5175887e-03   3.5376134e-01
   5.7819800e+02   8.6247500e+01   5.5175606e-03   3.5412823e-01
   5.7826499e+02   8.6260830e+01   5.5144920e-03   3.5449619e-01
   5.7833201e+02   8.6274170e+01   5.5200907e-03   3.5486563e-01
   5.7839701e+02   8.6287500e+01   5.5283685e-03   3.5523735e-01
   5.7846201e+02   8.6300830e+01   5.5327587e-03   3.5560605e-01
   5.7854001e+02   8.6314170e+01   5.5296645e-03   3.5598096e-01
   5.7860001e+02   8.6327500e+01   5.5342079e-03   3.5635752e-01
   5.7866401e+02   8.6340830e+01   5.5322732e-03   3.5673343e-01
   5.7873600e+02   8.6354170e+01   5.5361657e-03   3.5710964e-01
   5.7879301e+02   8.6367500e+01   5.5383254e-03   3.5748359e-01
   5.7886701e+02   8.6380830e+01   5.5399185e-03   3.5785685e-01
   5.7893000e+02   8.6394170e+01   5.5431790e-03   3.5823597e-01
   5.7899100e+02   8.6407500e+01   5.5496599e-03   3.5861881e-01
   5.7904999e+02   8.6420830e+01   5.5466722e-03   3.5900080e-01
   5.7912299e+02   8.6434170e+01   5.5536742e-03   3.5937753e-01
   5.7919099e+02   8.6447500e+01   5.5529110e-03   3.5974993e-01
   5.7925901e+02   8.6460830e+01   5.5497821e-03   3.6012814e-01
   5.7932899e+02   8.6474170e+01   5.5540083e-03   3.6050562e-01
   5.7938901e+02   8.6487500e+01   5.5535261e-03   3.6088320e-01
   5.7946900e+02   8.6500830e+01   5.5610205e-03   3.6125981e-01
   5.7952399e+02   8.6514170e+01   5.5621970e-03   3.6163982e-01
   5.7959199e+02   8.6527500e+01   5.5654361e-03   3.6201813e-01
   5.7966300e+02   8.6540830e+01   5.5602175e-03   3.6238701e-01
   5.7972999e+02   8.6554170e+01   5.5696669e-03   3.6276277e-01
   5.7979499e+02   8.6567500e+01   5.5658144e-03   3.6314104e-01
   5.7986701e+02   8.6580830e+01   5.5671253e-03   3.6351779e-01
   5.7993500e+02   8.6594170e+01   5.5721122e-03   3.6389887e-01
   5.8000300e+02   8.6607500e+01   5.5725188e-03   3.6427681e-01
   5.8006400e+02   8.6620830e+01   5.5754114e-03   3.6465100e-01
   5.8012299e+02   8.6634170e+01   5.5743169e-03   3.6502247e-01
   5.8019901e+02   8.6647500e+01   5.5739625e-03   3.6539600e-01
   5.8025901e+02   8.6660830e+01   5.5784273e-03   3.6577043e-01
   5.8033301e+02   8.6674170e+01   5.5808540e-03   3.6614658e-01
   5.8038801e+02   8.6687500e+01   5.5814552e-03   3.6652041e-01
   5.8046000e+02   8.6700830e+01   5.5831630e-03   3.6689453e-01
   5.8052201e+02   8.6714170e+01   5.5783194e-03   3.6726932e-01
   5.8058600e+02   8.6727500e+01   5.5788820e-03   3.6763773e-01
   5.8065299e+02   8.6740830e+01   5.5814132e-03   3.6801068e-01
   5.8072101e+02   8.6754170e+01   5.5809008e-03   3.6838550e-01
   5.8079301e+02   8.6767500e+01   5.5901433e-03   3.6875764e-01
   5.8085700e+02   8.6780830e+01   5.5883110e-03   3.6913264e-01
   5.8091801e+02   8.6794170e+01   5.5864514e-03   3.6950883e-01
   5.8097901e+02   8.6807500e+01   5.5857400e-03   3.6988175e-01
   5.8105302e+02   8.6820830e+01   5.5957466e-03   3.7025725e-01
   5.8112198e+02   8.6834170e+01   5.5965516e-03   3.7063254e-01
   5.8118400e+02   8.6847500e+01   5.5935539e-03   3.7100734e-01
   5.8126499e+02   8.6860830e+01   5.5993111e-03   3.7138182e-01
   5.8131800e+02   8.6874170e+01   5.5904658e-03   3.7175605e-01
   5.8138599e+02   8.6887500e+01   5.5994986e-03   3.7213126e-01
   5.8145701e+02   8.6900830e+01   5.6020873e-03   3.7250435e-01
   5.8152399e+02   8.6914170e+01   5.5991833e-03   3.7287852e-01
   5.8158900e+02   8.6927500e+01   5.6049537e-03   3.7325547e-01
   5.8165800e+02   8.6940830e+01   5.6034540e-03   3.7362754e-01
   5.8171400e+02   8.6954170e+01   5.6040229e-03   3.7399880e-01
   5.8178699e+02   8.6967500e+01   5.6134049e-03   3.7436891e-01
   5.8185001e+02   8.6980830e+01   5.6125741e-03   3.7474402e-01
   5.8192200e+02   8.6994170e+01   5.6180664e-03   3.7511817e-01
   5.8199299e+02   8.7007500e+01   5.6185316e-03   3.7548751e-01
   5.8205302e+02   8.7020830e+01   5.6218697e-03   3.7585934e-01
   5.8211301e+02   8.7034170e+01   5.6170969e-03   3.7622869e-01
   5.8218000e+02   8.7047500e+01   5.6239354e-03   3.7659333e-01
   5.8225400e+02   8.7060830e+01   5.6285491e-03   3.7695918e-01
   5.8231000e+02   8.7074170e+01   5.6273386e-03   3.7733089e-01
   5.8238300e+02   8.7087500e+01   5.6334286e-03   3.7770400e-01
   5.8244501e+02   8.7100830e+01   5.6412785e-03   3.7807011e-01
   5.8250999e+02   8.7114170e+01   5.6370564e-03   3.7843632e-01
   5.8258500e+02   8.7127500e+01   5.6428788e-03   3.7880166e-01
   5.8264600e+02   8.7140830e+01   5.6502147e-03   3.7916432e-01
   5.8270499e+02   8.7154170e+01   5.6513459e-03   3.7952501e-01
   5.8277399e+02   8.7167500e+01   5.6590161e-03   3.7988960e-01
   5.8284400e+02   8.7180830e+01   5.6658930e-03   3.8025757e-01
   5.8290500e+02   8.7194170e+01   5.6651726e-03   3.8062439e-01
   5.8297599e+02   8.7207500e+01   5.6608579e-03   3.8098743e-01
   5.8304499e+02   8.7220830e+01   5.6734660e-03   3.8134864e-01
   5.8310801e+02   8.7234170e+01   5.6764576e-03   3.8171127e-01
   5.8316901e+02   8.7247500e+01   5.6811724e-03   3.8208341e-01
   5.8324601e+02   8.7260830e+01   5.6830984e-03   3.8245120e-01
   5.8331101e+02   8.7274170e+01   5.6823960e-03   3.8281902e-01
   5.8337501e+02   8.7287500e+01   5.6941351e-03   3.8318201e-01
   5.8344001e+02   8.7300830e+01   5.7022321e-03   3.8354935e-01
   5.8350501e+02   8.7314170e+01   5.7054671e-03   3.8392420e-01
   5.8357401e+02   8.7327500e+01   5.7104374e-03   3.8429995e-01
   5.8363801e+02   8.7340830e+01   5.7122241e-03   3.8467378e-01
   5.8370499e+02   8.7354170e+01   5.7191148e-03   3.8504858e-01
   5.8377100e+02   8.7367500e+01   5.7240258e-03   3.8542590e-01
   5.8383600e+02   8.7380830e+01   5.7244588e-03   3.8580298e-01
   5.8390201e+02   8.7394170e+01   5.7274307e-03   3.8617996e-01
   5.8396900e+02   8.7407500e+01   5.7340299e-03   3.8656779e-01
   5.8404301e+02   8.7420830e+01   5.7376003e-03   3.8695350e-01
   5.8410599e+02   8.7434170e+01   5.7443136e-03   3.8734039e-01
   5.8417200e+02   8.7447500e+01   5.7523720e-03   3.8772725e-01
   5.8424601e+02   8.7460830e+01   5.7574921e-03   3.8810706e-01
   5.8430500e+02   8.7474170e+01   5.7611044e-03   3.8849468e-01
   5.8437101e+02   8.7487500e+01   5.7681284e-03   3.8888522e-01
   5.8443601e+02   8.7500830e+01   5.7710037e-03   3.8927769e-01
   5.8450699e+02   8.7514170e+01   5.7824235e-03   3.8967332e-01
   5.8456299e+02   8.7527500e+01   5.7786586e-03   3.9006618e-01
   5.8463599e+02   8.7540830e+01   5.7896440e-03   3.9045966e-01
   5.8469999e+02   8.7554170e+01   5.8008274e-03   3.9085055e-01
   5.8476401e+02   8.7567500e+01   5.7973846e-03   3.9123730e-01
   5.8482300e+02   8.7580830e+01   5.8019865e-03   3.9163063e-01
   5.8490201e+02   8.7594170e+01   5.8112510e-03   3.9202281e-01
   5.8497001e+02   8.7607500e+01   5.8168348e-03   3.9241525e-01
   5.8503901e+02   8.7620830e+01   5.8104504e-03   3.9280558e-01
   5.8510401e+02   8.7634170e+01   5.8208726e-03   3.9319601e-01
   5.8517100e+02   8.7647500e+01   5.8230820e-03   3.9359061e-01
   5.8523600e+02   8.7660830e+01   5.8319251e-03   3.9398164e-01
   5.8530201e+02   8.7674170e+01   5.8294177e-03   3.9437306e-01
   5.8537198e+02   8.7687500e+01   5.8324289e-03   3.9476380e-01
   5.8543201e+02   8.7700830e+01   5.8399405e-03   3.9515647e-01
   5.8551200e+02   8.7714170e+01   5.8444619e-03   3.9555444e-01
   5.8557001e+02   8.7727500e+01   5.8453148e-03   3.9594529e-01
   5.8563801e+02   8.7740830e+01   5.8547720e-03   3.9633357e-01
   5.8569700e+02   8.7754170e+01   5.8611450e-03   3.9672674e-01
   5.8576600e+02   8.7767500e+01   5.8681985e-03   3.9711822e-01
   5.8583600e+02   8.7780830e+01   5.8706338e-03   3.9751721e-01
   5.8590101e+02   8.7794170e+01   5.8759980e-03   3.9790356e-01
   5.8597101e+02   8.7807500e+01   5.8813847e-03   3.9829293e-01
   5.8603699e+02   8.7820830e+01   5.8841449e-03   3.9868444e-01
   5.8610599e+02   8.7834170e+01   5.8918688e-03   3.9907646e-01
   5.8617200e+02   8.7847500e+01   5.9022452e-03   3.9946614e-01
   5.8624100e+02   8.7860830e+01   5.8912492e-03   3.9985671e-01
   5.8630302e+02   8.7874170e+01   5.9040771e-03   4.0025264e-01
   5.8638401e+02   8.7887500e+01   5.9093029e-03   4.0064125e-01
   5.8643699e+02   8.7900830e+01   5.9185571e-03   4.0102988e-01
   5.8650300e+02   8.7914170e+01   5.9246377e-03   4.0142107e-01
   5.8656400e+02   8.7927500e+01   5.9345952e-03   4.0181410e-01
   5.8663999e+02   8.7940830e+01   5.9453068e-03   4.0220626e-01
   5.8670701e+02   8.7954170e+01   5.9467347e-03   4.0259836e-01
   5.8677299e+02   8.7967500e+01   5.9494032e-03   4.0298836e-01
   5.8683799e+02   8.7980830e+01   5.9584538e-03   4.0337996e-01
   5.8690299e+02   8.7994170e+01   5.9674762e-03   4.0376842e-01
   5.8697300e+02   8.8007500e+01   5.9671253e-03   4.0415510e-01
   5.8703599e+02   8.8020830e+01   5.9760551e-03   4.0454461e-01
   5.8711100e+02   8.8034170e+01   5.9835930e-03   4.0493383e-01
   5.8715299e+02   8.8047500e+01   5.9888454e-03   4.0532310e-01
   5.8722901e+02   8.8060830e+01   5.9941452e-03   4.0571922e-01
   5.8729499e+02   8.8074170e+01   5.9921069e-03   4.0611003e-01
   5.8736600e+02   8.8087500e+01   6.0000169e-03   4.0650044e-01
   5.8743400e+02   8.8100830e+01   6.0063054e-03   4.0689161e-01
   5.8750400e+02   8.8114170e+01   6.0169244e-03   4.0727744e-01
   5.8757300e+02   8.8127500e+01   6.0246592e-03   4.0766439e-01
   5.8763401e+02   8.8140830e+01   6.0333160e-03   4.0805749e-01
   5.8770499e+02   8.8154170e+01   6.0399020e-03   4.0844331e-01
   5.8776700e+02   8.8167500e+01   6.0411976e-03   4.0882849e-01
   5.8783399e+02   8.8180830e+01   6.0490084e-03   4.0921275e-01
   5.8790201e+02   8.8194170e+01   6.0489578e-03   4.0959391e-01
   5.8796799e+02   8.8207500e+01   6.0651625e-03   4.0997613e-01
   5.8802500e+02   8.8220830e+01   6.0688693e-03   4.1035894e-01
   5.8809299e+02   8.8234170e+01   6.0822917e-03   4.1074817e-01
   5.8814899e+02   8.8247500e+01   6.0761516e-03   4.1112749e-01
   5.8822401e+02   8.8260830e+01   6.0835410e-03   4.1150014e-01
   5.8830500e+02   8.8274170e+01   6.0881057e-03   4.1188190e-01
   5.8835999e+02   8.8287500e+01   6.0921632e-03   4.1226098e-01
   5.8841300e+02   8.8300830e+01   6.1039708e-03   4.1264366e-01
   5.8849900e+02   8.8314170e+01   6.1095090e-03   4.1302835e-01
   5.8855799e+02   8.8327500e+01   6.1122677e-03   4.1340781e-01
   5.8862400e+02   8.8340830e+01   6.1232790e-03   4.1378838e-01
   5.8869199e+02   8.8354170e+01   6.1313469e-03   4.1417099e-01
   5.8875599e+02   8.8367500e+01   6.1361206e-03   4.1455571e-01
   5.8882700e+02   8.8380830e+01   6.1461962e-03   4.1494886e-01
   5.8890000e+02   8.8394170e+01   6.1579749e-03   4.1533516e-01
   5.8895701e+02   8.8407500e+01   6.1671029e-03   4.1572115e-01
   5.8903699e+02   8.8420830e+01   6.1786585e-03   4.1611160e-01
   5.8909901e+02   8.8434170e+01   6.1818592e-03   4.1650300e-01
   5.8915601e+02   8.8447500e+01   6.1939473e-03   4.1689395e-01
   5.8922700e+02   8.8460830e+01   6.1982456e-03   4.1728277e-01
   5.8929001e+02   8.8474170e+01   6.2077877e-03   4.1767834e-01
   5.8936799e+02   8.8487500e+01   6.2164463e-03   4.1808005e-01
   5.8943500e+02   8.8500830e+01   6.2282732e-03   4.1847690e-01
   5.8949900e+02   8.8514170e+01   6.2321982e-03   4.1887242e-01
   5.8955900e+02   8.8527500e+01   6.2503001e-03   4.1927073e-01
   5.8962900e+02   8.8540830e+01   6.2470325e-03   4.1966565e-01
   5.8969099e+02   8.8554170e+01   6.2607643e-03   4.2006837e-01
   5.8975599e+02   8.8567500e+01   6.2572071e-03   4.2047463e-01
   5.8982300e+02   8.8580830e+01   6.2660405e-03   4.2087972e-01
   5.8989600e+02   8.8594170e+01   6.2754918e-03   4.2128639e-01
   5.8995499e+02   8.8607500e+01   6.2863897e-03   4.2169272e-01
   5.9002201e+02   8.8620830e+01   6.2919267e-03   4.2210441e-01
   5.9009199e+02   8.8634170e+01   6.3027844e-03   4.2251863e-01
   5.9015000e+02   8.8647500e+01   6.3121996e-03   4.2292963e-01
   5.9022599e+02   8.8660830e+01   6.3235834e-03   4.2334448e-01
   5.9029499e+02   8.8674170e+01   6.3328198e-03   4.2375623e-01
   5.9036301e+02   8.8687500e+01   6.3398926e-03   4.2417100e-01
   5.9041501e+02   8.8700830e+01   6.3510288e-03   4.2458662e-01
   5.9048401e+02   8.8714170e+01   6.3608583e-03   4.2501021e-01
   5.9055701e+02   8.8727500e+01   6.3698710e-03   4.2543381e-01
   5.9062101e+02   8.8740830e+01   6.3812498e-03   4.2585520e-01
   5.9068500e+02   8.8754170e+01   6.3885384e-03   4.2627794e-01
   5.9075501e+02   8.8767500e+01   6.4054189e-03   4.2669704e-01
   5.9081599e+02   8.8780830e+01   6.4069883e-03   4.2712008e-01
   5.9088001e+02   8.8794170e+01   6.4186266e-03   4.2754804e-01
   5.9095600e+02   8.8807500e+01   6.4275310e-03   4.2797413e-01
   5.9102201e+02   8.8820830e+01   6.4446456e-03   4.2839379e-01
   5.9108201e+02   8.8834170e+01   6.4517056e-03   4.2881823e-01
   5.9116001e+02   8.8847500e+01   6.4569612e-03   4.2924424e-01
   5.9121201e+02   8.8860830e+01   6.4742859e-03   4.2967078e-01
   5.9128800e+02   8.8874170e+01   6.4799369e-03   4.3009394e-01
   5.9134901e+02   8.8887500e+01   6.5018751e-03   4.3052005e-01
   5.9141199e+02   8.8900830e+01   6.5011481e-03   4.3095031e-01
   5.9148701e+02   8.8914170e+01   6.5092113e-03   4.3137837e-01
   5.9154401e+02   8.8927500e+01   6.5218625e-03   4.3180738e-01
   5.9161100e+02   8.8940830e+01   6.5319312e-03   4.3223631e-01
   5.9168400e+02   8.8954170e+01   6.5428777e-03   4.3266803e-01
   5.9174000e+02   8.8967500e+01   6.5449560e-03   4.3310743e-01
   5.9182401e+02   8.8980830e+01   6.5567464e-03   4.3354024e-01
   5.9187900e+02   8.8994170e+01   6.5671628e-03   4.3397737e-01
   5.9195099e+02   8.9007500e+01   6.5787843e-03   4.3441604e-01
   5.9200599e+02   8.9020830e+01   6.5893888e-03   4.3485709e-01
   5.9207700e+02   8.9034170e+01   6.6065146e-03   4.3529933e-01
   5.9214500e+02   8.9047500e+01   6.6212033e-03   4.3574159e-01
   5.9221299e+02   8.9060830e+01   6.6216733e-03   4.3618462e-01
   5.9227799e+02   8.9074170e+01   6.6331274e-03   4.3663206e-01
   5.9234699e+02   8.9087500e+01   6.6486453e-03   4.3707825e-01
   5.9240500e+02   8.9100830e+01   6.6535918e-03   4.3752666e-01
   5.9247700e+02   8.9114170e+01   6.6735860e-03   4.3797664e-01
   5.9255201e+02   8.9127500e+01   6.6816773e-03   4.3843148e-01
   5.9261100e+02   8.9140830e+01   6.6950869e-03   4.3888595e-01
   5.9268201e+02   8.9154170e+01   6.7090043e-03   4.3933856e-01
   5.9275599e+02   8.9167500e+01   6.7192914e-03   4.3979266e-01
   5.9282001e+02   8.9180830e+01   6.7317930e-03   4.4024464e-01
   5.9287400e+02   8.9194170e+01   6.7459962e-03   4.4070062e-01
   5.9295600e+02   8.9207500e+01   6.7571289e-03   4.4115978e-01
   5.9301700e+02   8.9220830e+01   6.7694275e-03   4.4162236e-01
   5.9308500e+02   8.9234170e+01   6.7724466e-03   4.4208365e-01
   5.9314799e+02   8.9247500e+01   6.7891172e-03   4.4254363e-01
   5.9321000e+02   8.9260830e+01   6.7960282e-03   4.4300155e-01
   5.9328000e+02   8.9274170e+01   6.8040107e-03   4.4345984e-01
   5.9334699e+02   8.9287500e+01   6.8168838e-03   4.4392117e-01
   5.9341901e+02   8.9300830e+01   6.8268968e-03   4.4438452e-01
   5.9348200e+02   8.9314170e+01   6.8330072e-03   4.4484738e-01
   5.9354499e+02   8.9327500e+01   6.8532943e-03   4.4531037e-01
   5.9361301e+02   8.9340830e+01   6.8483163e-03   4.4577399e-01
   5.9368400e+02   8.9354170e+01   6.8632084e-03   4.4623801e-01
   5.9374299e+02   8.9367500e+01   6.8780594e-03   4.4669700e-01
   5.9381101e+02   8.9380830e+01   6.8855644e-03   4.4716330e-01
   5.9387299e+02   8.9394170e+01   6.8994566e-03   4.4762627e-01
   5.9393900e+02   8.9407500e+01   6.9092831e-03   4.4808939e-01
   5.9400300e+02   8.9420830e+01   6.9165111e-03   4.4855204e-01
   5.9407300e+02   8.9434170e+01   6.9250656e-03   4.4901475e-01
   5.9414301e+02   8.9447500e+01   6.9455838e-03   4.4947883e-01
   5.9420499e+02   8.9460830e+01   6.9528832e-03   4.4994639e-01
   5.9427900e+02   8.9474170e+01   6.9657382e-03   4.5040888e-01
   5.9434501e+02   8.9487500e+01   6.9744903e-03   4.5087320e-01
   5.9441599e+02   8.9500830e+01   6.9928720e-03   4.5133648e-01
   5.9447001e+02   8.9514170e+01   7.0074542e-03   4.5180052e-01
   5.9454499e+02   8.9527500e+01   7.0134600e-03   4.5226869e-01
   5.9462299e+02   8.9540830e+01   7.0332458e-03   4.5273637e-01
   5.9467701e+02   8.9554170e+01   7.0475000e-03   4.5319927e-01
   5.9474399e+02   8.9567500e+01   7.0563151e-03   4.5366575e-01
   5.9481501e+02   8.9580830e+01   7.0739340e-03   4.5413753e-01
   5.9488499e+02   8.9594170e+01   7.0840146e-03   4.5461509e-01
   5.9493601e+02   8.9607500e+01   7.0876923e-03   4.5508590e-01
   5.9501600e+02   8.9620830e+01   7.1068207e-03   4.5556121e-01
   5.9507300e+02   8.9634170e+01   7.1239390e-03   4.5603725e-01
   5.9515601e+02   8.9647500e+01   7.1365878e-03   4.5651470e-01
   5.9520899e+02   8.9660830e+01   7.1500980e-03   4.5699320e-01
   5.9527500e+02   8.9674170e+01   7.1645530e-03   4.5746822e-01
   5.9534601e+02   8.9687500e+01   7.1739276e-03   4.5794712e-01
   5.9541401e+02   8.9700830e+01   7.1907483e-03   4.5842611e-01
   5.9546900e+02   8.9714170e+01   7.2046707e-03   4.5890236e-01
   5.9554999e+02   8.9727500e+01   7.2189813e-03   4.5938421e-01
   5.9561799e+02   8.9740830e+01   7.2257948e-03   4.5986313e-01
   5.9568201e+02   8.9754170e+01   7.2418730e-03   4.6033688e-01
   5.9574799e+02   8.9767500e+01   7.2580521e-03   4.6081545e-01
   5.9580601e+02   8.9780830e+01   7.2733000e-03   4.6129373e-01
   5.9587299e+02   8.9794170e+01   7.2907804e-03   4.6177182e-01
   5.9593900e+02   8.9807500e+01   7.3001996e-03   4.6225201e-01
   5.9600400e+02   8.9820830e+01   7.3165390e-03   4.6272963e-01
   5.9608100e+02   8.9834170e+01   7.3280062e-03   4.6320390e-01
   5.9612699e+02   8.9847500e+01   7.3462126e-03   4.6367822e-01
   5.9619999e+02   8.9860830e+01   7.3622670e-03   4.6415200e-01
   5.9626899e+02   8.9874170e+01   7.3707730e-03   4.6462841e-01
   5.9633701e+02   8.9887500e+01   7.3864645e-03   4.6510493e-01
   5.9640699e+02   8.9900830e+01   7.4027526e-03   4.6557964e-01
   5.9647401e+02   8.9914170e+01   7.4303772e-03   4.6605654e-01
   5.9654499e+02   8.9927500e+01   7.4474786e-03   4.6653040e-01
   5.9660999e+02   8.9940830e+01   7.4544935e-03   4.6700992e-01
   5.9667200e+02   8.9954170e+01   7.4759201e-03   4.6749159e-01
   5.9674399e+02   8.9967500e+01   7.4879392e-03   4.6797053e-01
   5.9681101e+02   8.9980830e+01   7.5049791e-03   4.6844819e-01
   5.9687101e+02   8.9994170e+01   7.5223435e-03   4.6892889e-01
   5.9693699e+02   9.0007500e+01   7.5394912e-03   4.6941383e-01
   5.9700501e+02   9.0020830e+01   7.5473491e-03   4.6989883e-01
   5.9707099e+02   9.0034170e+01   7.5654911e-03   4.7038141e-01
   5.9713599e+02   9.0047500e+01   7.5853714e-03   4.7086232e-01
   5.9719300e+02   9.0060830e+01   7.6209806e-03   4.7134717e-01
   5.9726301e+02   9.0074170e+01   7.6340531e-03   4.7183333e-01
   5.9733399e+02   9.0087500e+01   7.6445786e-03   4.7231599e-01
   5.9740299e+02   9.0100830e+01   7.6604297e-03   4.7280705e-01
   5.9746900e+02   9.0114170e+01   7.6784340e-03   4.7329556e-01
   5.9753599e+02   9.0127500e+01   7.6807730e-03   4.7378296e-01
   5.9760001e+02   9.0140830e+01   7.7038149e-03   4.7427477e-01
   5.9766300e+02   9.0154170e+01   7.7184714e-03   4.7477280e-01
   5.9773600e+02   9.0167500e+01   7.7302458e-03   4.7527029e-01
   5.9779099e+02   9.0180830e+01   7.7517472e-03   4.7576815e-01
   5.9787198e+02   9.0194170e+01   7.7622808e-03   4.7626602e-01
   5.9793601e+02   9.0207500e+01   7.7848358e-03   4.7677085e-01
   5.9801499e+02   9.0220830e+01   7.8031590e-03   4.7727660e-01
   5.9806501e+02   9.0234170e+01   7.8212170e-03   4.7778288e-01
   5.9813199e+02   9.0247500e+01   7.8296561e-03   4.7829225e-01
   5.9819501e+02   9.0260830e+01   7.8579641e-03   4.7880485e-01
   5.9825699e+02   9.0274170e+01   7.8681643e-03   4.7931883e-01
   5.9833100e+02   9.0287500e+01   7.8732047e-03   4.7983406e-01
   5.9839399e+02   9.0300830e+01   7.9044969e-03   4.8035046e-01
   5.9846000e+02   9.0314170e+01   7.9174645e-03   4.8087201e-01
   5.9852701e+02   9.0327500e+01   7.9350718e-03   4.8139146e-01
   5.9859199e+02   9.0340830e+01   7.9549862e-03   4.8190990e-01
   5.9865699e+02   9.0354170e+01   7.9719420e-03   4.8243077e-01
   5.9871900e+02   9.0367500e+01   7.9803413e-03   4.8294808e-01
   5.9879999e+02   9.0380830e+01   8.0068037e-03   4.8347288e-01
   5.9886600e+02   9.0394170e+01   8.0166995e-03   4.8400109e-01
   5.9893299e+02   9.0407500e+01   8.0313375e-03   4.8452478e-01
   5.9898701e+02   9.0420830e+01   8.0604715e-03   4.8505323e-01
   5.9906599e+02   9.0434170e+01   8.0673959e-03   4.8558265e-01
   5.9912699e+02   9.0447500e+01   8.0929138e-03   4.8610707e-01
   5.9919700e+02   9.0460830e+01   8.1085320e-03   4.8664291e-01
   5.9926600e+02   9.0474170e+01   8.1308420e-03   4.8717237e-01
   5.9933301e+02   9.0487500e+01   8.1542488e-03   4.8770654e-01
   5.9940000e+02   9.0500830e+01   8.1741239e-03   4.8824105e-01
   5.9947300e+02   9.0514170e+01   8.1880656e-03   4.8877956e-01
   5.9952500e+02   9.0527500e+01   8.2074801e-03   4.8931977e-01
   5.9960599e+02   9.0540830e+01   8.2269071e-03   4.8985631e-01
   5.9965699e+02   9.0554170e+01   8.2364748e-03   4.9039494e-01
   5.9972199e+02   9.0567500e+01   8.2600974e-03   4.9093794e-01
   5.9979301e+02   9.0580830e+01   8.2861580e-03   4.9148135e-01
   5.9986301e+02   9.0594170e+01   8.3001312e-03   4.9202335e-01
   5.9992499e+02   9.0607500e+01   8.3089024e-03   4.9256897e-01
   5.9999000e+02   9.0620830e+01   8.3374361e-03   4.9311261e-01
   6.0005201e+02   9.0634170e+01   8.3426275e-03   4.9366314e-01
   6.0012900e+02   9.0647500e+01   8.3674625e-03   4.9420956e-01
   6.0019099e+02   9.0660830e+01   8.3942790e-03   4.9476070e-01
   6.0025800e+02   9.0674170e+01   8.4087600e-03   4.9530954e-01
   6.0031800e+02   9.0687500e+01   8.4262795e-03   4.9585910e-01
   6.0038901e+02   9.0700830e+01   8.4487992e-03   4.9641629e-01
   6.0045099e+02   9.0714170e+01   8.4737804e-03   4.9696778e-01
   6.0051899e+02   9.0727500e+01   8.4943318e-03   4.9752358e-01
   6.0058201e+02   9.0740830e+01   8.5056167e-03   4.9808049e-01
   6.0066300e+02   9.0754170e+01   8.5240503e-03   4.9863561e-01
   6.0072101e+02   9.0767500e+01   8.5487827e-03   4.9919264e-01
   6.0078800e+02   9.0780830e+01   8.5654543e-03   4.9974980e-01
   6.0084901e+02   9.0794170e+01   8.5951166e-03   5.0031283e-01
   6.0092301e+02   9.0807500e+01   8.6228385e-03   5.0087258e-01
   6.0098899e+02   9.0820830e+01   8.6327965e-03   5.0143647e-01
   6.0104999e+02   9.0834170e+01   8.6469250e-03   5.0200454e-01
   6.0112501e+02   9.0847500e+01   8.6713722e-03   5.0256862e-01
   6.0119300e+02   9.0860830e+01   8.6895820e-03   5.0314172e-01
   6.0126801e+02   9.0874170e+01   8.7223654e-03   5.0371445e-01
   6.0132200e+02   9.0887500e+01   8.7358417e-03   5.0429250e-01
   6.0138801e+02   9.0900830e+01   8.7657670e-03   5.0486839e-01
   6.0145899e+02   9.0914170e+01   8.7929603e-03   5.0544704e-01
   6.0152399e+02   9.0927500e+01   8.7991348e-03   5.0602637e-01
   6.0159400e+02   9.0940830e+01   8.8367090e-03   5.0661093e-01
   6.0164500e+02   9.0954170e+01   8.8493330e-03   5.0719591e-01
   6.0171799e+02   9.0967500e+01   8.8683445e-03   5.0778012e-01
   6.0178101e+02   9.0980830e+01   8.8972579e-03   5.0835946e-01
   6.0185200e+02   9.0994170e+01   8.9197565e-03   5.0894218e-01
   6.0192200e+02   9.1007500e+01   8.9442411e-03   5.0953133e-01
   6.0199399e+02   9.1020830e+01   8.9639560e-03   5.1011588e-01
   6.0206199e+02   9.1034170e+01   8.9970906e-03   5.1070091e-01
   6.0211600e+02   9.1047500e+01   9.0133998e-03   5.1128451e-01
   6.0218799e+02   9.1060830e+01   9.0411547e-03   5.1186911e-01
   6.0225300e+02   9.1074170e+01   9.0677313e-03   5.1245691e-01
   6.0231400e+02   9.1087500e+01   9.0925446e-03   5.1304700e-01
   6.0239200e+02   9.1100830e+01   9.1142246e-03   5.1362878e-01
   6.0245301e+02   9.1114170e+01   9.1447468e-03   5.1421457e-01
   6.0252900e+02   9.1127500e+01   9.1655143e-03   5.1480428e-01
   6.0259601e+02   9.1140830e+01   9.1923454e-03   5.1539012e-01
   6.0265601e+02   9.1154170e+01   9.2120912e-03   5.1597168e-01
   6.0272599e+02   9.1167500e+01   9.2336334e-03   5.1656204e-01
   6.0279899e+02   9.1180830e+01   9.2526373e-03   5.1714993e-01
   6.0286201e+02   9.1194170e+01   9.2767055e-03   5.1774586e-01
   6.0293400e+02   9.1207500e+01   9.3153790e-03   5.1834541e-01
   6.0299201e+02   9.1220830e+01   9.3257140e-03   5.1894515e-01
   6.0306599e+02   9.1234170e+01   9.3530597e-03   5.1954750e-01
   6.0312299e+02   9.1247500e+01   9.3769949e-03   5.2014605e-01
   6.0319099e+02   9.1260830e+01   9.4097295e-03   5.2075685e-01
   6.0325901e+02   9.1274170e+01   9.4239286e-03   5.2136195e-01
   6.0332300e+02   9.1287500e+01   9.4462097e-03   5.2197063e-01
   6.0338199e+02   9.1300830e+01   9.4799233e-03   5.2257984e-01
   6.0346299e+02   9.1314170e+01   9.4978981e-03   5.2319620e-01
   6.0351301e+02   9.1327500e+01   9.5242404e-03   5.2381746e-01
   6.0358301e+02   9.1340830e+01   9.5508337e-03   5.2443989e-01
   6.0365500e+02   9.1354170e+01   9.5766378e-03   5.2506345e-01
   6.0371601e+02   9.1367500e+01   9.5956595e-03   5.2569146e-01
   6.0378501e+02   9.1380830e+01   9.6279801e-03   5.2632176e-01
   6.0384901e+02   9.1394170e+01   9.6422583e-03   5.2695510e-01
   6.0390900e+02   9.1407500e+01   9.6770604e-03   5.2758828e-01
   6.0397501e+02   9.1420830e+01   9.6887439e-03   5.2823164e-01
   6.0405201e+02   9.1434170e+01   9.7131274e-03   5.2887022e-01
   6.0411201e+02   9.1447500e+01   9.7409686e-03   5.2951259e-01
   6.0418500e+02   9.1460830e+01   9.7599466e-03   5.3016067e-01
   6.0424299e+02   9.1474170e+01   9.7891644e-03   5.3081089e-01
   6.0431800e+02   9.1487500e+01   9.8045539e-03   5.3146110e-01
   6.0438599e+02   9.1500830e+01   9.8282900e-03   5.3211228e-01
   6.0444599e+02   9.1514170e+01   9.8541617e-03   5.3276539e-01
   6.0451401e+02   9.1527500e+01   9.8853708e-03   5.3342108e-01
   6.0458600e+02   9.1540830e+01   9.9071697e-03   5.3407914e-01
   6.0464600e+02   9.1554170e+01   9.9265977e-03   5.3473944e-01
   6.0471799e+02   9.1567500e+01   9.9524359e-03   5.3540303e-01
   6.0477601e+02   9.1580830e+01   9.9718501e-03   5.3606674e-01
   6.0483600e+02   9.1594170e+01   9.9992793e-03   5.3673157e-01
   6.0491199e+02   9.1607500e+01   1.0022192e-02   5.3740106e-01
   6.0498499e+02   9.1620830e+01   1.0057613e-02   5.3806517e-01
   6.0504999e+02   9.1634170e+01   1.0076188e-02   5.3873980e-01
   6.0511600e+02   9.1647500e+01   1.0107161e-02   5.3940886e-01
   6.0518299e+02   9.1660830e+01   1.0122837e-02   5.4008649e-01
   6.0524399e+02   9.1674170e+01   1.0156417e-02   5.4076417e-01
   6.0531699e+02   9.1687500e+01   1.0183019e-02   5.4144286e-01
   6.0538001e+02   9.1700830e+01   1.0201592e-02   5.4212931e-01
   6.0545301e+02   9.1714170e+01   1.0227908e-02   5.4280516e-01
   6.0550699e+02   9.1727500e+01   1.0263323e-02   5.4348613e-01
   6.0557700e+02   9.1740830e+01   1.0274175e-02   5.4417155e-01
   6.0563999e+02   9.1754170e+01   1.0305832e-02   5.4485101e-01
   6.0570801e+02   9.1767500e+01   1.0328327e-02   5.4553261e-01
   6.0577900e+02   9.1780830e+01   1.0342961e-02   5.4621499e-01
   6.0583799e+02   9.1794170e+01   1.0370182e-02   5.4689484e-01
   6.0590800e+02   9.1807500e+01   1.0396124e-02   5.4758015e-01
   6.0596900e+02   9.1820830e+01   1.0415930e-02   5.4826223e-01
   6.0604001e+02   9.1834170e+01   1.0444253e-02   5.4894411e-01
   6.0610700e+02   9.1847500e+01   1.0456402e-02   5.4963263e-01
   6.0616599e+02   9.1860830e+01   1.0493895e-02   5.5031693e-01
   6.0622901e+02   9.1874170e+01   1.0518027e-02   5.5100726e-01
   6.0630399e+02   9.1887500e+01   1.0539611e-02   5.5170001e-01
   6.0637601e+02   9.1900830e+01   1.0558333e-02   5.5238646e-01
   6.0644401e+02   9.1914170e+01   1.0579401e-02   5.5308419e-01
   6.0649799e+02   9.1927500e+01   1.0598479e-02   5.5378023e-01
   6.0657801e+02   9.1940830e+01   1.0617108e-02   5.5447902e-01
   6.0663999e+02   9.1954170e+01   1.0643379e-02   5.5518112e-01
   6.0670701e+02   9.1967500e+01   1.0673766e-02   5.5587950e-01
   6.0677399e+02   9.1980830e+01   1.0688308e-02   5.5658281e-01
   6.0684101e+02   9.1994170e+01   1.0709001e-02   5.5728833e-01
   6.0690000e+02   9.2007500e+01   1.0736375e-02   5.5799536e-01
   6.0696699e+02   9.2020830e+01   1.0765790e-02   5.5870783e-01
   6.0704401e+02   9.2034170e+01   1.0778588e-02   5.5942231e-01
   6.0711399e+02   9.2047500e+01   1.0798768e-02   5.6014244e-01
   6.0718101e+02   9.2060830e+01   1.0818500e-02   5.6086515e-01
   6.0724100e+02   9.2074170e+01   1.0850370e-02   5.6158864e-01
   6.0731000e+02   9.2087500e+01   1.0865935e-02   5.6232000e-01
   6.0738001e+02   9.2100830e+01   1.0883597e-02   5.6305055e-01
   6.0743500e+02   9.2114170e+01   1.0907204e-02   5.6378753e-01
   6.0751301e+02   9.2127500e+01   1.0925160e-02   5.6451821e-01
   6.0757499e+02   9.2140830e+01   1.0947369e-02   5.6525741e-01
   6.0763901e+02   9.2154170e+01   1.0976056e-02   5.6599640e-01
   6.0771000e+02   9.2167500e+01   1.1001448e-02   5.6673454e-01
   6.0777100e+02   9.2180830e+01   1.1015605e-02   5.6747662e-01
   6.0784699e+02   9.2194170e+01   1.1044713e-02   5.6820820e-01
   6.0791599e+02   9.2207500e+01   1.1063089e-02   5.6894394e-01
   6.0797901e+02   9.2220830e+01   1.1081925e-02   5.6968091e-01
   6.0803699e+02   9.2234170e+01   1.1096104e-02   5.7041743e-01
   6.0811201e+02   9.2247500e+01   1.1132940e-02   5.7115333e-01
   6.0817499e+02   9.2260830e+01   1.1157083e-02   5.7188620e-01
   6.0823401e+02   9.2274170e+01   1.1182393e-02   5.7262033e-01
   6.0831199e+02   9.2287500e+01   1.1200791e-02   5.7335142e-01
   6.0836600e+02   9.2300830e+01   1.1213630e-02   5.7407873e-01
   6.0844099e+02   9.2314170e+01   1.1237376e-02   5.7481258e-01
   6.0850599e+02   9.2327500e+01   1.1259526e-02   5.7554660e-01
   6.0857099e+02   9.2340830e+01   1.1269520e-02   5.7627740e-01
   6.0862800e+02   9.2354170e+01   1.1293209e-02   5.7701102e-01
   6.0870399e+02   9.2367500e+01   1.1308948e-02   5.7774346e-01
   6.0876301e+02   9.2380830e+01   1.1333226e-02   5.7848135e-01
   6.0882801e+02   9.2394170e+01   1.1349982e-02   5.7921739e-01
   6.0890201e+02   9.2407500e+01   1.1371873e-02   5.7995028e-01
   6.0896100e+02   9.2420830e+01   1.1388318e-02   5.8068605e-01
   6.0903400e+02   9.2434170e+01   1.1423653e-02   5.8142953e-01
   6.0909199e+02   9.2447500e+01   1.1427589e-02   5.8217049e-01
   6.0916599e+02   9.2460830e+01   1.1454796e-02   5.8291468e-01
   6.0923600e+02   9.2474170e+01   1.1475075e-02   5.8365870e-01
   6.0931000e+02   9.2487500e+01   1.1486920e-02   5.8441148e-01
   6.0937198e+02   9.2500830e+01   1.1511844e-02   5.8516404e-01
   6.0943900e+02   9.2514170e+01   1.1524735e-02   5.8592342e-01
   6.0950300e+02   9.2527500e+01   1.1538871e-02   5.8668038e-01
   6.0956199e+02   9.2540830e+01   1.1564745e-02   5.8743854e-01
   6.0963199e+02   9.2554170e+01   1.1575933e-02   5.8820293e-01
   6.0970701e+02   9.2567500e+01   1.1610062e-02   5.8896623e-01
   6.0976899e+02   9.2580830e+01   1.1626614e-02   5.8973553e-01
   6.0982801e+02   9.2594170e+01   1.1638731e-02   5.9050429e-01
   6.0990201e+02   9.2607500e+01   1.1653363e-02   5.9127442e-01
   6.0995600e+02   9.2620830e+01   1.1679820e-02   5.9205236e-01
   6.1003199e+02   9.2634170e+01   1.1689134e-02   5.9283236e-01
   6.1010300e+02   9.2647500e+01   1.1713522e-02   5.9361650e-01
   6.1016801e+02   9.2660830e+01   1.1709160e-02   5.9438964e-01
   6.1023401e+02   9.2674170e+01   1.1730869e-02   5.9516862e-01
   6.1030500e+02   9.2687500e+01   1.1744943e-02   5.9594440e-01
   6.1036799e+02   9.2700830e+01   1.1768062e-02   5.9672520e-01
   6.1043601e+02   9.2714170e+01   1.1779532e-02   5.9750475e-01
   6.1049601e+02   9.2727500e+01   1.1795787e-02   5.9828529e-01
   6.1055900e+02   9.2740830e+01   1.1804092e-02   5.9906683e-01
   6.1062800e+02   9.2754170e+01   1.1824590e-02   5.9983885e-01
   6.1069199e+02   9.2767500e+01   1.1828604e-02   6.0061927e-01
   6.1076600e+02   9.2780830e+01   1.1844056e-02   6.0140010e-01
   6.1083900e+02   9.2794170e+01   1.1860374e-02   6.0217949e-01
   6.1089799e+02   9.2807500e+01   1.1867175e-02   6.0295658e-01
   6.1095701e+02   9.2820830e+01   1.1872627e-02   6.0373212e-01
   6.1102299e+02   9.2834170e+01   1.1886464e-02   6.0451305e-01
   6.1109101e+02   9.2847500e+01   1.1898111e-02   6.0529261e-01
   6.1116001e+02   9.2860830e+01   1.1896003e-02   6.0607340e-01
   6.1122199e+02   9.2874170e+01   1.1906546e-02   6.0685219e-01
   6.1129499e+02   9.2887500e+01   1.1914718e-02   6.0763231e-01
   6.1136500e+02   9.2900830e+01   1.1931837e-02   6.0840776e-01
   6.1141999e+02   9.2914170e+01   1.1943816e-02   6.0918849e-01
   6.1150001e+02   9.2927500e+01   1.1941635e-02   6.0996779e-01
   6.1155701e+02   9.2940830e+01   1.1950163e-02   6.1074546e-01
   6.1162299e+02   9.2954170e+01   1.1956384e-02   6.1152990e-01
   6.1168799e+02   9.2967500e+01   1.1976162e-02   6.1230173e-01
   6.1176301e+02   9.2980830e+01   1.1984446e-02   6.1308322e-01
   6.1182300e+02   9.2994170e+01   1.1987528e-02   6.1385418e-01
   6.1188801e+02   9.3007500e+01   1.1979493e-02   6.1463239e-01
   6.1195701e+02   9.3020830e+01   1.1984537e-02   6.1540746e-01
   6.1201700e+02   9.3034170e+01   1.1990576e-02   6.1617734e-01
   6.1208900e+02   9.3047500e+01   1.1993195e-02   6.1695518e-01
   6.1215900e+02   9.3060830e+01   1.2004171e-02   6.1772663e-01
   6.1222501e+02   9.3074170e+01   1.2004883e-02   6.1850140e-01
   6.1229001e+02   9.3087500e+01   1.2005600e-02   6.1927799e-01
   6.1235801e+02   9.3100830e+01   1.2014270e-02   6.2005719e-01
   6.1242399e+02   9.3114170e+01   1.2010446e-02   6.2084424e-01
   6.1249900e+02   9.3127500e+01   1.2016012e-02   6.2163033e-01
   6.1255701e+02   9.3140830e+01   1.2010078e-02   6.2241811e-01
   6.1262299e+02   9.3154170e+01   1.2010668e-02   6.2320391e-01
   6.1268799e+02   9.3167500e+01   1.2009721e-02   6.2399496e-01
   6.1275300e+02   9.3180830e+01   1.2002349e-02   6.2478066e-01
   6.1282801e+02   9.3194170e+01   1.1999107e-02   6.2557290e-01
   6.1288700e+02   9.3207500e+01   1.2000808e-02   6.2636287e-01
   6.1295301e+02   9.3220830e+01   1.1996913e-02   6.2715458e-01
   6.1302000e+02   9.3234170e+01   1.2005927e-02   6.2795045e-01
   6.1309400e+02   9.3247500e+01   1.1990484e-02   6.2873602e-01
   6.1314899e+02   9.3260830e+01   1.1994741e-02   6.2953143e-01
   6.1321500e+02   9.3274170e+01   1.1992880e-02   6.3032568e-01
   6.1329401e+02   9.3287500e+01   1.1992871e-02   6.3111847e-01
   6.1335700e+02   9.3300830e+01   1.1977619e-02   6.3191920e-01
   6.1342399e+02   9.3314170e+01   1.1980166e-02   6.3272049e-01
   6.1349100e+02   9.3327500e+01   1.1968845e-02   6.3351930e-01
   6.1356101e+02   9.3340830e+01   1.1980359e-02   6.3432646e-01
   6.1362501e+02   9.3354170e+01   1.1976599e-02   6.3513280e-01
   6.1369700e+02   9.3367500e+01   1.1961081e-02   6.3593758e-01
   6.1375501e+02   9.3380830e+01   1.1961123e-02   6.3674371e-01
   6.1383201e+02   9.3394170e+01   1.1953244e-02   6.3754374e-01
   6.1388700e+02   9.3407500e+01   1.1952671e-02   6.3834665e-01
   6.1395200e+02   9.3420830e+01   1.1950139e-02   6.3914635e-01
   6.1402500e+02   9.3434170e+01   1.1945332e-02   6.3994598e-01
   6.1408799e+02   9.3447500e+01   1.1926269e-02   6.4074765e-01
   6.1415699e+02   9.3460830e+01   1.1927884e-02   6.4154719e-01
   6.1421799e+02   9.3474170e+01   1.1918238e-02   6.4234341e-01
   6.1428300e+02   9.3487500e+01   1.1913138e-02   6.4313395e-01
   6.1435401e+02   9.3500830e+01   1.1900158e-02   6.4392794e-01
   6.1441901e+02   9.3514170e+01   1.1889184e-02   6.4472015e-01
   6.1448701e+02   9.3527500e+01   1.1887436e-02   6.4551562e-01
   6.1455399e+02   9.3540830e+01   1.1878334e-02   6.4631050e-01
   6.1461399e+02   9.3554170e+01   1.1859175e-02   6.4710193e-01
   6.1467600e+02   9.3567500e+01   1.1856314e-02   6.4790162e-01
   6.1474900e+02   9.3580830e+01   1.1842336e-02   6.4869904e-01
   6.1481599e+02   9.3594170e+01   1.1842430e-02   6.4950054e-01
   6.1488300e+02   9.3607500e+01   1.1833498e-02   6.5029719e-01
   6.1494999e+02   9.3620830e+01   1.1814809e-02   6.5109708e-01
   6.1501801e+02   9.3634170e+01   1.1802809e-02   6.5190382e-01
   6.1508301e+02   9.3647500e+01   1.1788562e-02   6.5270208e-01
   6.1515000e+02   9.3660830e+01   1.1773313e-02   6.5350518e-01
   6.1522001e+02   9.3674170e+01   1.1763028e-02   6.5431252e-01
   6.1528300e+02   9.3687500e+01   1.1755315e-02   6.5511003e-01
   6.1535401e+02   9.3700830e+01   1.1733761e-02   6.5591740e-01
   6.1542600e+02   9.3714170e+01   1.1726213e-02   6.5671984e-01
   6.1548600e+02   9.3727500e+01   1.1704466e-02   6.5751952e-01
   6.1556501e+02   9.3740830e+01   1.1701708e-02   6.5832435e-01
   6.1563001e+02   9.3754170e+01   1.1687224e-02   6.5912638e-01
   6.1568799e+02   9.3767500e+01   1.1675196e-02   6.5992542e-01
   6.1575300e+02   9.3780830e+01   1.1660508e-02   6.6072317e-01
   6.1582300e+02   9.3794170e+01   1.1641152e-02   6.6152015e-01
   6.1588599e+02   9.3807500e+01   1.1631521e-02   6.6232182e-01
   6.1595801e+02   9.3820830e+01   1.1608863e-02   6.6311774e-01
   6.1601899e+02   9.3834170e+01   1.1599192e-02   6.6391372e-01
   6.1608399e+02   9.3847500e+01   1.1573157e-02   6.6470530e-01
   6.1615601e+02   9.3860830e+01   1.1557371e-02   6.6549618e-01
   6.1622300e+02   9.3874170e+01   1.1544353e-02   6.6628921e-01
   6.1628599e+02   9.3887500e+01   1.1526383e-02   6.6707489e-01
   6.1635300e+02   9.3900830e+01   1.1498714e-02   6.6786073e-01
   6.1641599e+02   9.3914170e+01   1.1470386e-02   6.6864279e-01
   6.1648099e+02   9.3927500e+01   1.1454084e-02   6.6942366e-01
   6.1655100e+02   9.3940830e+01   1.1435822e-02   6.7020216e-01
   6.1662400e+02   9.3954170e+01   1.1408126e-02   6.7097709e-01
   6.1668500e+02   9.3967500e+01   1.1392239e-02   6.7174669e-01
   6.1675001e+02   9.3980830e+01   1.1369127e-02   6.7251428e-01
   6.1681800e+02   9.3994170e+01   1.1346095e-02   6.7328307e-01
   6.1689301e+02   9.4007500e+01   1.1324647e-02   6.7404436e-01
   6.1695099e+02   9.4020830e+01   1.1305848e-02   6.7481042e-01
   6.1701499e+02   9.4034170e+01   1.1284692e-02   6.7557072e-01
   6.1707801e+02   9.4047500e+01   1.1249927e-02   6.7632736e-01
   6.1714899e+02   9.4060830e+01   1.1222683e-02   6.7708200e-01
   6.1721000e+02   9.4074170e+01   1.1197903e-02   6.7783110e-01
   6.1727500e+02   9.4087500e+01   1.1178653e-02   6.7858782e-01
   6.1734501e+02   9.4100830e+01   1.1153427e-02   6.7933506e-01
   6.1740699e+02   9.4114170e+01   1.1120716e-02   6.8008013e-01
   6.1747501e+02   9.4127500e+01   1.1108108e-02   6.8082616e-01
   6.1754899e+02   9.4140830e+01   1.1073045e-02   6.8156406e-01
   6.1761799e+02   9.4154170e+01   1.1052327e-02   6.8230723e-01
   6.1768000e+02   9.4167500e+01   1.1027705e-02   6.8304193e-01
   6.1774601e+02   9.4180830e+01   1.0988153e-02   6.8377145e-01
   6.1781800e+02   9.4194170e+01   1.0968187e-02   6.8450371e-01
   6.1788001e+02   9.4207500e+01   1.0934190e-02   6.8523143e-01
   6.1794501e+02   9.4220830e+01   1.0901449e-02   6.8595208e-01
   6.1801600e+02   9.4234170e+01   1.0876964e-02   6.8667754e-01
   6.1808600e+02   9.4247500e+01   1.0853854e-02   6.8738835e-01
   6.1815500e+02   9.4260830e+01   1.0816325e-02   6.8810279e-01
   6.1821500e+02   9.4274170e+01   1.0786369e-02   6.8881348e-01
   6.1827601e+02   9.4287500e+01   1.0761827e-02   6.8951830e-01
   6.1834299e+02   9.4300830e+01   1.0723045e-02   6.9022310e-01
   6.1841001e+02   9.4314170e+01   1.0704092e-02   6.9092363e-01
   6.1846500e+02   9.4327500e+01   1.0661892e-02   6.9162126e-01
   6.1853400e+02   9.4340830e+01   1.0626870e-02   6.9231753e-01
   6.1859299e+02   9.4354170e+01   1.0596425e-02   6.9300449e-01
   6.1866099e+02   9.4367500e+01   1.0567744e-02   6.9369706e-01
   6.1873200e+02   9.4380830e+01   1.0524357e-02   6.9438428e-01
   6.1879999e+02   9.4394170e+01   1.0497312e-02   6.9506718e-01
   6.1886301e+02   9.4407500e+01   1.0463842e-02   6.9575111e-01
   6.1893900e+02   9.4420830e+01   1.0419502e-02   6.9643127e-01
   6.1899500e+02   9.4434170e+01   1.0390079e-02   6.9710682e-01
   6.1906800e+02   9.4447500e+01   1.0350529e-02   6.9777788e-01
   6.1913801e+02   9.4460830e+01   1.0318289e-02   6.9844288e-01
   6.1919800e+02   9.4474170e+01   1.0277167e-02   6.9910878e-01
   6.1927500e+02   9.4487500e+01   1.0233859e-02   6.9977429e-01
   6.1933500e+02   9.4500830e+01   1.0188505e-02   7.0043125e-01
   6.1940101e+02   9.4514170e+01   1.0154619e-02   7.0108979e-01
   6.1946299e+02   9.4527500e+01   1.0116869e-02   7.0174599e-01
   6.1953101e+02   9.4540830e+01   1.0079877e-02   7.0240124e-01
   6.1960401e+02   9.4554170e+01   1.0050299e-02   7.0304952e-01
   6.1966801e+02   9.4567500e+01   1.0004277e-02   7.0369569e-01
   6.1973200e+02   9.4580830e+01   9.9600390e-03   7.0434609e-01
   6.1979899e+02   9.4594170e+01   9.9257109e-03   7.0499040e-01
   6.1987699e+02   9.4607500e+01   9.8918030e-03   7.0562724e-01
   6.1993500e+02   9.4620830e+01   9.8448745e-03   7.0626866e-01
   6.2000999e+02   9.4634170e+01   9.8209007e-03   7.0690140e-01
   6.2006101e+02   9.4647500e+01   9.7737527e-03   7.0752967e-01
   6.2013300e+02   9.4660830e+01   9.7308984e-03   7.0816176e-01
   6.2019901e+02   9.4674170e+01   9.6902749e-03   7.0878728e-01
   6.2027201e+02   9.4687500e+01   9.6476143e-03   7.0940815e-01
   6.2033799e+02   9.4700830e+01   9.6064574e-03   7.1002710e-01
   6.2040400e+02   9.4714170e+01   9.5662743e-03   7.1064450e-01
   6.2046500e+02   9.4727500e+01   9.5239423e-03   7.1126104e-01
   6.2054001e+02   9.4740830e+01   9.4878990e-03   7.1187553e-01
   6.2060499e+02   9.4754170e+01   9.4520691e-03   7.1248200e-01
   6.2066801e+02   9.4767500e+01   9.4039361e-03   7.1309231e-01
   6.2074299e+02   9.4780830e+01   9.3665905e-03   7.1369821e-01
   6.2079899e+02   9.4794170e+01   9.3153364e-03   7.1430333e-01
   6.2086399e+02   9.4807500e+01   9.2676879e-03   7.1490672e-01
   6.2093601e+02   9.4820830e+01   9.2340457e-03   7.1551395e-01
   6.2099900e+02   9.4834170e+01   9.1968118e-03   7.1611381e-01
   6.2105701e+02   9.4847500e+01   9.1553027e-03   7.1671503e-01
   6.2112699e+02   9.4860830e+01   9.1101497e-03   7.1731672e-01
   6.2120099e+02   9.4874170e+01   9.0618770e-03   7.1791561e-01
   6.2126600e+02   9.4887500e+01   9.0252438e-03   7.1851864e-01
   6.2133799e+02   9.4900830e+01   8.9757218e-03   7.1910852e-01
   6.2139500e+02   9.4914170e+01   8.9242282e-03   7.1969757e-01
   6.2146201e+02   9.4927500e+01   8.8939946e-03   7.2028906e-01
   6.2153101e+02   9.4940830e+01   8.8404712e-03   7.2088075e-01
   6.2159699e+02   9.4954170e+01   8.8060701e-03   7.2146840e-01
   6.2167301e+02   9.4967500e+01   8.7630798e-03   7.2204499e-01
   6.2173301e+02   9.4980830e+01   8.7200141e-03   7.2262628e-01
   6.2178599e+02   9.4994170e+01   8.6707132e-03   7.2320049e-01
   6.2185499e+02   9.5007500e+01   8.6293045e-03   7.2377236e-01
   6.2193101e+02   9.5020830e+01   8.5848409e-03   7.2435041e-01
   6.2199698e+02   9.5034170e+01   8.5390957e-03   7.2491825e-01
   6.2205900e+02   9.5047500e+01   8.4998803e-03   7.2547960e-01
   6.2212699e+02   9.5060830e+01   8.4508179e-03   7.2604245e-01
   6.2218900e+02   9.5074170e+01   8.4000444e-03   7.2660442e-01
   6.2225901e+02   9.5087500e+01   8.3550613e-03   7.2716274e-01
   6.2232801e+02   9.5100830e+01   8.3107507e-03   7.2771997e-01
   6.2239600e+02   9.5114170e+01   8.2643963e-03   7.2827673e-01
   6.2246100e+02   9.5127500e+01   8.2162465e-03   7.2882814e-01
   6.2252900e+02   9.5140830e+01   8.1656960e-03   7.2937159e-01
   6.2258900e+02   9.5154170e+01   8.1281536e-03   7.2991965e-01
   6.2264899e+02   9.5167500e+01   8.0844237e-03   7.3046179e-01
   6.2272001e+02   9.5180830e+01   8.0392386e-03   7.3100495e-01
   6.2278800e+02   9.5194170e+01   7.9960216e-03   7.3154226e-01
   6.2285700e+02   9.5207500e+01   7.9409546e-03   7.3207501e-01
   6.2293201e+02   9.5220830e+01   7.9029083e-03   7.3259961e-01
   6.2298701e+02   9.5234170e+01   7.8593784e-03   7.3312510e-01
   6.2305399e+02   9.5247500e+01   7.8142619e-03   7.3365142e-01
   6.2312400e+02   9.5260830e+01   7.7605690e-03   7.3417014e-01
   6.2320099e+02   9.5274170e+01   7.7304671e-03   7.3469074e-01
   6.2325001e+02   9.5287500e+01   7.6829687e-03   7.3519697e-01
   6.2331800e+02   9.5300830e+01   7.6295112e-03   7.3570533e-01
   6.2338700e+02   9.5314170e+01   7.5879656e-03   7.3621184e-01
   6.2345399e+02   9.5327500e+01   7.5436551e-03   7.3671295e-01
   6.2352701e+02   9.5340830e+01   7.4978446e-03   7.3721352e-01
   6.2358301e+02   9.5354170e+01   7.4509262e-03   7.3770773e-01
   6.2365101e+02   9.5367500e+01   7.4089378e-03   7.3819810e-01
   6.2371601e+02   9.5380830e+01   7.3611114e-03   7.3868450e-01
   6.2378901e+02   9.5394170e+01   7.3253806e-03   7.3916764e-01
   6.2385300e+02   9.5407500e+01   7.2742320e-03   7.3965022e-01
   6.2392100e+02   9.5420830e+01   7.2409137e-03   7.4012936e-01
   6.2397901e+02   9.5434170e+01   7.1997851e-03   7.4060995e-01
   6.2405302e+02   9.5447500e+01   7.1506014e-03   7.4108462e-01
   6.2412299e+02   9.5460830e+01   7.1105062e-03   7.4155056e-01
   6.2418201e+02   9.5474170e+01   7.0642060e-03   7.4202119e-01
   6.2425001e+02   9.5487500e+01   7.0266528e-03   7.4248684e-01
   6.2431400e+02   9.5500830e+01   6.9813375e-03   7.4294698e-01
   6.2438499e+02   9.5514170e+01   6.9341478e-03   7.4340955e-01
   6.2445399e+02   9.5527500e+01   6.8918986e-03   7.4386386e-01
   6.2451099e+02   9.5540830e+01   6.8459932e-03   7.4431691e-01
   6.2458100e+02   9.5554170e+01   6.8005278e-03   7.4476649e-01
   6.2464701e+02   9.5567500e+01   6.7647494e-03   7.4520843e-01
   6.2472199e+02   9.5580830e+01   6.7230306e-03   7.4565533e-01
   6.2478199e+02   9.5594170e+01   6.6734429e-03   7.4609364e-01
   6.2484601e+02   9.5607500e+01   6.6312427e-03   7.4653077e-01
   6.2492399e+02   9.5620830e+01   6.5848893e-03   7.4696521e-01
   6.2498401e+02   9.5634170e+01   6.5416093e-03   7.4739456e-01
   6.2504499e+02   9.5647500e+01   6.4992265e-03   7.4782035e-01
   6.2511799e+02   9.5660830e+01   6.4533906e-03   7.4824442e-01
   6.2518500e+02   9.5674170e+01   6.4120028e-03   7.4865647e-01
   6.2524500e+02   9.5687500e+01   6.3650546e-03   7.4907385e-01
   6.2531800e+02   9.5700830e+01   6.3250509e-03   7.4948249e-01
   6.2537900e+02   9.5714170e+01   6.2787875e-03   7.4988753e-01
   6.2544599e+02   9.5727500e+01   6.2327708e-03   7.5029595e-01
   6.2551899e+02   9.5740830e+01   6.1953499e-03   7.5069474e-01
   6.2558701e+02   9.5754170e+01   6.1448770e-03   7.5109012e-01
   6.2565900e+02   9.5767500e+01   6.1020820e-03   7.5147954e-01
   6.2572599e+02   9.5780830e+01   6.0688044e-03   7.5186499e-01
   6.2579499e+02   9.5794170e+01   6.0305368e-03   7.5225010e-01
   6.2585499e+02   9.5807500e+01   5.9846070e-03   7.5262843e-01
   6.2593101e+02   9.5820830e+01   5.9497614e-03   7.5300455e-01
   6.2598801e+02   9.5834170e+01   5.9049819e-03   7.5337440e-01
   6.2606199e+02   9.5847500e+01   5.8696421e-03   7.5373998e-01
   6.2612699e+02   9.5860830e+01   5.8322908e-03   7.5410241e-01
   6.2618900e+02   9.5874170e+01   5.7888571e-03   7.5446185e-01
   6.2625001e+02   9.5887500e+01   5.7471118e-03   7.5481911e-01
   6.2630799e+02   9.5900830e+01   5.7105119e-03   7.5517346e-01
   6.2638999e+02   9.5914170e+01   5.6714172e-03   7.5552172e-01
   6.2643799e+02   9.5927500e+01   5.6350558e-03   7.5586755e-01
   6.2651099e+02   9.5940830e+01   5.5975621e-03   7.5621537e-01
   6.2658201e+02   9.5954170e+01   5.5563014e-03   7.5655842e-01
   6.2664799e+02   9.5967500e+01   5.5119753e-03   7.5690256e-01
   6.2671400e+02   9.5980830e+01   5.4784869e-03   7.5724072e-01
   6.2678501e+02   9.5994170e+01   5.4430369e-03   7.5757215e-01
   6.2684601e+02   9.6007500e+01   5.4039362e-03   7.5790648e-01
   6.2692100e+02   9.6020830e+01   5.3589123e-03   7.5824058e-01
   6.2697999e+02   9.6034170e+01   5.3306994e-03   7.5857359e-01
   6.2704600e+02   9.6047500e+01   5.2932699e-03   7.5890294e-01
   6.2711399e+02   9.6060830e+01   5.2588214e-03   7.5923180e-01
   6.2718000e+02   9.6074170e+01   5.2191134e-03   7.5955461e-01
   6.2725300e+02   9.6087500e+01   5.1874325e-03   7.5988159e-01
   6.2731000e+02   9.6100830e+01   5.1528477e-03   7.6020490e-01
   6.2738001e+02   9.6114170e+01   5.1128235e-03   7.6052232e-01
   6.2744501e+02   9.6127500e+01   5.0821578e-03   7.6083672e-01
   6.2751600e+02   9.6140830e+01   5.0442274e-03   7.6114831e-01
   6.2758301e+02   9.6154170e+01   5.0039640e-03   7.6146112e-01
   6.2763199e+02   9.6167500e+01   4.9667991e-03   7.6177478e-01
   6.2770701e+02   9.6180830e+01   4.9370418e-03   7.6208575e-01
   6.2778000e+02   9.6194170e+01   4.9016937e-03   7.6239557e-01
   6.2784299e+02   9.6207500e+01   4.8616210e-03   7.6270266e-01
   6.2791700e+02   9.6220830e+01   4.8304862e-03   7.6300808e-01
   6.2798099e+02   9.6234170e+01   4.7982069e-03   7.6331362e-01
   6.2804700e+02   9.6247500e+01   4.7617975e-03   7.6361901e-01
   6.2810901e+02   9.6260830e+01   4.7231136e-03   7.6391782e-01
   6.2817600e+02   9.6274170e+01   4.6867773e-03   7.6421587e-01
   6.2824900e+02   9.6287500e+01   4.6587755e-03   7.6451306e-01
   6.2832200e+02   9.6300830e+01   4.6306690e-03   7.6481208e-01
   6.2838199e+02   9.6314170e+01   4.5975198e-03   7.6510856e-01
   6.2844199e+02   9.6327500e+01   4.5647855e-03   7.6540240e-01
   6.2851899e+02   9.6340830e+01   4.5424588e-03   7.6569542e-01
   6.2857700e+02   9.6354170e+01   4.5094528e-03   7.6598591e-01
   6.2863999e+02   9.6367500e+01   4.4836958e-03   7.6627524e-01
   6.2871201e+02   9.6380830e+01   4.4500420e-03   7.6656930e-01
   6.2878300e+02   9.6394170e+01   4.4156872e-03   7.6685903e-01
   6.2884299e+02   9.6407500e+01   4.3828389e-03   7.6714088e-01
   6.2891001e+02   9.6420830e+01   4.3549066e-03   7.6742158e-01
   6.2898401e+02   9.6434170e+01   4.3195408e-03   7.6770197e-01
   6.2904200e+02   9.6447500e+01   4.2987977e-03   7.6798285e-01
   6.2911701e+02   9.6460830e+01   4.2648384e-03   7.6826584e-01
   6.2917802e+02   9.6474170e+01   4.2318815e-03   7.6854959e-01
   6.2924000e+02   9.6487500e+01   4.2084401e-03   7.6882710e-01
   6.2930799e+02   9.6500830e+01   4.1730296e-03   7.6910286e-01
   6.2937800e+02   9.6514170e+01   4.1483130e-03   7.6937698e-01
   6.2944300e+02   9.6527500e+01   4.1200979e-03   7.6964791e-01
   6.2951700e+02   9.6540830e+01   4.0956666e-03   7.6991718e-01
   6.2957300e+02   9.6554170e+01   4.0671496e-03   7.7019243e-01
   6.2964600e+02   9.6567500e+01   4.0343830e-03   7.7046117e-01
   6.2971500e+02   9.6580830e+01   4.0076595e-03   7.7072637e-01
   6.2977601e+02   9.6594170e+01   3.9821992e-03   7.7099058e-01
   6.2983799e+02   9.6607500e+01   3.9554518e-03   7.7125235e-01
   6.2991199e+02   9.6620830e+01   3.9213379e-03   7.7151836e-01
   6.2997800e+02   9.6634170e+01   3.9012058e-03   7.7178198e-01
   6.3004600e+02   9.6647500e+01   3.8686311e-03   7.7204034e-01
   6.3010901e+02   9.6660830e+01   3.8555244e-03   7.7230023e-01
   6.3016801e+02   9.6674170e+01   3.8254288e-03   7.7255868e-01
   6.3025101e+02   9.6687500e+01   3.8000133e-03   7.7281570e-01
   6.3031000e+02   9.6700830e+01   3.7682527e-03   7.7306956e-01
   6.3037800e+02   9.6714170e+01   3.7421197e-03   7.7332290e-01
   6.3044099e+02   9.6727500e+01   3.7161435e-03   7.7357310e-01
   6.3051801e+02   9.6740830e+01   3.6947347e-03   7.7382521e-01
   6.3057401e+02   9.6754170e+01   3.6622322e-03   7.7407433e-01
   6.3065000e+02   9.6767500e+01   3.6377457e-03   7.7431961e-01
   6.3070701e+02   9.6780830e+01   3.6141777e-03   7.7456357e-01
   6.3077601e+02   9.6794170e+01   3.5826671e-03   7.7481072e-01
   6.3085099e+02   9.6807500e+01   3.5659435e-03   7.7505223e-01
   6.3091199e+02   9.6820830e+01   3.5400455e-03   7.7528940e-01
   6.3098200e+02   9.6834170e+01   3.5102102e-03   7.7552649e-01
   6.3104600e+02   9.6847500e+01   3.4882781e-03   7.7576135e-01
   6.3110300e+02   9.6860830e+01   3.4708582e-03   7.7599422e-01
   6.3118101e+02   9.6874170e+01   3.4445147e-03   7.7622440e-01
   6.3124500e+02   9.6887500e+01   3.4140045e-03   7.7645268e-01
   6.3129801e+02   9.6900830e+01   3.3924200e-03   7.7667976e-01
   6.3136899e+02   9.6914170e+01   3.3638046e-03   7.7690296e-01
   6.3143699e+02   9.6927500e+01   3.3462885e-03   7.7712432e-01
   6.3150300e+02   9.6940830e+01   3.3244278e-03   7.7734201e-01
   6.3157001e+02   9.6954170e+01   3.2970232e-03   7.7755794e-01
   6.3163801e+02   9.6967500e+01   3.2752162e-03   7.7777321e-01
   6.3171201e+02   9.6980830e+01   3.2460570e-03   7.7798477e-01
   6.3176899e+02   9.6994170e+01   3.2265201e-03   7.7819433e-01
   6.3183100e+02   9.7007500e+01   3.2162110e-03   7.7840380e-01
   6.3190400e+02   9.7020830e+01   3.1932357e-03   7.7861016e-01
   6.3197101e+02   9.7034170e+01   3.1657353e-03   7.7881683e-01
   6.3204099e+02   9.7047500e+01   3.1447945e-03   7.7902369e-01
   6.3210001e+02   9.7060830e+01   3.1259622e-03   7.7922702e-01
   6.3216901e+02   9.7074170e+01   3.1047514e-03   7.7943036e-01
   6.3223701e+02   9.7087500e+01   3.0857066e-03   7.7963273e-01
   6.3230799e+02   9.7100830e+01   3.0634833e-03   7.7983424e-01
   6.3236301e+02   9.7114170e+01   3.0420629e-03   7.8003427e-01
   6.3243900e+02   9.7127500e+01   3.0215253e-03   7.8023120e-01
   6.3250199e+02   9.7140830e+01   3.0014219e-03   7.8042490e-01
   6.3257499e+02   9.7154170e+01   2.9790708e-03   7.8061585e-01
   6.3263700e+02   9.7167500e+01   2.9651737e-03   7.8081052e-01
   6.3271100e+02   9.7180830e+01   2.9488674e-03   7.8100516e-01
   6.3276600e+02   9.7194170e+01   2.9269158e-03   7.8119344e-01
   6.3283100e+02   9.7207500e+01   2.9078620e-03   7.8137828e-01
   6.3290400e+02   9.7220830e+01   2.8867515e-03   7.8156235e-01
   6.3297199e+02   9.7234170e+01   2.8637819e-03   7.8174530e-01
   6.3303101e+02   9.7247500e+01   2.8533174e-03   7.8192761e-01
   6.3311201e+02   9.7260830e+01   2.8356432e-03   7.8210827e-01
   6.3316599e+02   9.7274170e+01   2.8156771e-03   7.8228575e-01
   6.3323801e+02   9.7287500e+01   2.7931103e-03   7.8245958e-01
   6.3330201e+02   9.7300830e+01   2.7887278e-03   7.8263132e-01
   6.3337299e+02   9.7314170e+01   2.7721292e-03   7.8280653e-01
   6.3343799e+02   9.7327500e+01   2.7522719e-03   7.8298257e-01
   6.3350599e+02   9.7340830e+01   2.7361549e-03   7.8315315e-01
   6.3357099e+02   9.7354170e+01   2.7162094e-03   7.8332122e-01
   6.3364301e+02   9.7367500e+01   2.7081747e-03   7.8348691e-01
   6.3370499e+02   9.7380830e+01   2.6913555e-03   7.8364941e-01
   6.3377900e+02   9.7394170e+01   2.6784583e-03   7.8380944e-01
   6.3383500e+02   9.7407500e+01   2.6589708e-03   7.8396888e-01
   6.3390800e+02   9.7420830e+01   2.6442984e-03   7.8412453e-01
   6.3397199e+02   9.7434170e+01   2.6294148e-03   7.8427561e-01
   6.3403699e+02   9.7447500e+01   2.6212923e-03   7.8442606e-01
   6.3410099e+02   9.7460830e+01   2.6041081e-03   7.8458026e-01
   6.3417399e+02   9.7474170e+01   2.5862009e-03   7.8473632e-01
   6.3422901e+02   9.7487500e+01   2.5768674e-03   7.8489147e-01
   6.3429999e+02   9.7500830e+01   2.5612342e-03   7.8504767e-01
   6.3437101e+02   9.7514170e+01   2.5492697e-03   7.8520488e-01
   6.3443500e+02   9.7527500e+01   2.5349255e-03   7.8536207e-01
   6.3449698e+02   9.7540830e+01   2.5204270e-03   7.8551978e-01
   6.3457801e+02   9.7554170e+01   2.5119071e-03   7.8567851e-01
   6.3463300e+02   9.7567500e+01   2.4980430e-03   7.8583835e-01
   6.3469700e+02   9.7580830e+01   2.4854250e-03   7.8599931e-01
   6.3477500e+02   9.7594170e+01   2.4690885e-03   7.8616141e-01
   6.3483100e+02   9.7607500e+01   2.4602932e-03   7.8632142e-01
   6.3490000e+02   9.7620830e+01   2.4496134e-03   7.8648126e-01
   6.3497901e+02   9.7634170e+01   2.4331894e-03   7.8664470e-01
   6.3503000e+02   9.7647500e+01   2.4251095e-03   7.8680925e-01
   6.3510999e+02   9.7660830e+01   2.4155474e-03   7.8697534e-01
   6.3516999e+02   9.7674170e+01   2.4013460e-03   7.8714072e-01
   6.3523499e+02   9.7687500e+01   2.3893592e-03   7.8730625e-01
   6.3529999e+02   9.7700830e+01   2.3813003e-03   7.8747126e-01
   6.3537198e+02   9.7714170e+01   2.3677456e-03   7.8763502e-01
   6.3543101e+02   9.7727500e+01   2.3586705e-03   7.8780069e-01
   6.3550501e+02   9.7740830e+01   2.3470958e-03   7.8797003e-01
   6.3556199e+02   9.7754170e+01   2.3333810e-03   7.8813810e-01
   6.3562601e+02   9.7767500e+01   2.3215134e-03   7.8830379e-01
   6.3570099e+02   9.7780830e+01   2.3067184e-03   7.8846448e-01
   6.3575699e+02   9.7794170e+01   2.2944619e-03   7.8862326e-01
   6.3583500e+02   9.7807500e+01   2.2810230e-03   7.8878065e-01
   6.3590101e+02   9.7820830e+01   2.2718535e-03   7.8893662e-01
   6.3596201e+02   9.7834170e+01   2.2562962e-03   7.8909221e-01
   6.3603501e+02   9.7847500e+01   2.2478196e-03   7.8924889e-01
   6.3610700e+02   9.7860830e+01   2.2323442e-03   7.8940704e-01
   6.3616401e+02   9.7874170e+01   2.2209818e-03   7.8956500e-01
   6.3622800e+02   9.7887500e+01   2.2108291e-03   7.8972212e-01
   6.3629700e+02   9.7900830e+01   2.1991108e-03   7.8987880e-01
   6.3635999e+02   9.7914170e+01   2.1912001e-03   7.9003557e-01
   6.3642499e+02   9.7927500e+01   2.1741814e-03   7.9019085e-01
   6.3649299e+02   9.7940830e+01   2.1712243e-03   7.9034716e-01
   6.3655701e+02   9.7954170e+01   2.1554362e-03   7.9050343e-01
   6.3662299e+02   9.7967500e+01   2.1425752e-03   7.9065854e-01
   6.3669999e+02   9.7980830e+01   2.1295197e-03   7.9081292e-01
   6.3676700e+02   9.7994170e+01   2.1177542e-03   7.9096649e-01
   6.3683201e+02   9.8007500e+01   2.1046828e-03   7.9111918e-01
   6.3690299e+02   9.8020830e+01   2.0942861e-03   7.9127093e-01
   6.3695899e+02   9.8034170e+01   2.0800844e-03   7.9142497e-01
   6.3702500e+02   9.8047500e+01   2.0703396e-03   7.9158156e-01
   6.3709901e+02   9.8060830e+01   2.0587687e-03   7.9173712e-01
   6.3716801e+02   9.8074170e+01   2.0460948e-03   7.9189045e-01
   6.3723401e+02   9.8087500e+01   2.0347521e-03   7.9203903e-01
   6.3729401e+02   9.8100830e+01   2.0214625e-03   7.9218500e-01
   6.3736600e+02   9.8114170e+01   2.0139751e-03   7.9232801e-01
   6.3742399e+02   9.8127500e+01   2.0013881e-03   7.9247074e-01
   6.3749601e+02   9.8140830e+01   1.9903469e-03   7.9261268e-01
   6.3756101e+02   9.8154170e+01   1.9768770e-03   7.9275534e-01
   6.3763801e+02   9.8167500e+01   1.9656062e-03   7.9289917e-01
   6.3770099e+02   9.8180830e+01   1.9625068e-03   7.9304195e-01
   6.3775999e+02   9.8194170e+01   1.9495585e-03   7.9318294e-01
   6.3782200e+02   9.8207500e+01   1.9369491e-03   7.9332253e-01
   6.3789600e+02   9.8220830e+01   1.9280986e-03   7.9346387e-01
   6.3796900e+02   9.8234170e+01   1.9146249e-03   7.9360393e-01
   6.3802799e+02   9.8247500e+01   1.9053773e-03   7.9374323e-01
   6.3809199e+02   9.8260830e+01   1.8950392e-03   7.9388079e-01
   6.3815699e+02   9.8274170e+01   1.8869546e-03   7.9401505e-01
   6.3822700e+02   9.8287500e+01   1.8757805e-03   7.9414752e-01
   6.3829401e+02   9.8300830e+01   1.8642291e-03   7.9427770e-01
   6.3836399e+02   9.8314170e+01   1.8522441e-03   7.9440721e-01
   6.3842499e+02   9.8327500e+01   1.8458634e-03   7.9453668e-01
   6.3850001e+02   9.8340830e+01   1.8383005e-03   7.9466723e-01
   6.3856699e+02   9.8354170e+01   1.8260872e-03   7.9479684e-01
   6.3862601e+02   9.8367500e+01   1.8184350e-03   7.9492281e-01
   6.3869300e+02   9.8380830e+01   1.8114918e-03   7.9504461e-01
   6.3875501e+02   9.8394170e+01   1.8016694e-03   7.9516479e-01
   6.3881800e+02   9.8407500e+01   1.7924066e-03   7.9528084e-01
   6.3889600e+02   9.8420830e+01   1.7861542e-03   7.9539483e-01
   6.3896000e+02   9.8434170e+01   1.7778838e-03   7.9550633e-01
   6.3902900e+02   9.8447500e+01   1.7668759e-03   7.9561481e-01
   6.3909101e+02   9.8460830e+01   1.7629469e-03   7.9572131e-01
   6.3916099e+02   9.8474170e+01   1.7537892e-03   7.9582586e-01
   6.3923099e+02   9.8487500e+01   1.7480361e-03   7.9592849e-01
   6.3929001e+02   9.8500830e+01   1.7421068e-03   7.9602918e-01
   6.3935599e+02   9.8514170e+01   1.7351084e-03   7.9612848e-01
   6.3942499e+02   9.8527500e+01   1.7278032e-03   7.9622743e-01
   6.3949698e+02   9.8540830e+01   1.7210583e-03   7.9632500e-01
   6.3956199e+02   9.8554170e+01   1.7122178e-03   7.9642173e-01
   6.3962299e+02   9.8567500e+01   1.7102000e-03   7.9651663e-01
   6.3968699e+02   9.8580830e+01   1.7030242e-03   7.9660913e-01
   6.3976200e+02   9.8594170e+01   1.6964704e-03   7.9670021e-01
   6.3983399e+02   9.8607500e+01   1.6912404e-03   7.9679043e-01
   6.3989701e+02   9.8620830e+01   1.6877732e-03   7.9688037e-01
   6.3996299e+02   9.8634170e+01   1.6798778e-03   7.9696903e-01
   6.4002399e+02   9.8647500e+01   1.6747020e-03   7.9705697e-01
   6.4008799e+02   9.8660830e+01   1.6686776e-03   7.9714520e-01
   6.4016199e+02   9.8674170e+01   1.6635353e-03   7.9723319e-01
   6.4021900e+02   9.8687500e+01   1.6612157e-03   7.9732040e-01
   6.4028501e+02   9.8700830e+01   1.6528264e-03   7.9740844e-01
   6.4035200e+02   9.8714170e+01   1.6499126e-03   7.9749798e-01
   6.4042301e+02   9.8727500e+01   1.6442279e-03   7.9758721e-01
   6.4047901e+02   9.8740830e+01   1.6412617e-03   7.9767744e-01
   6.4055601e+02   9.8754170e+01   1.6344818e-03   7.9777012e-01
   6.4062198e+02   9.8767500e+01   1.6344463e-03   7.9786570e-01
   6.4068799e+02   9.8780830e+01   1.6265399e-03   7.9796353e-01
   6.4076099e+02   9.8794170e+01   1.6245498e-03   7.9806167e-01
   6.4081800e+02   9.8807500e+01   1.6193474e-03   7.9816163e-01
   6.4087501e+02   9.8820830e+01   1.6132761e-03   7.9826178e-01
   6.4094999e+02   9.8834170e+01   1.6099817e-03   7.9836255e-01
   6.4102299e+02   9.8847500e+01   1.6042413e-03   7.9846389e-01
   6.4109199e+02   9.8860830e+01   1.6003105e-03   7.9856631e-01
   6.4114701e+02   9.8874170e+01   1.5984663e-03   7.9866931e-01
   6.4122401e+02   9.8887500e+01   1.5917171e-03   7.9877288e-01
   6.4128400e+02   9.8900830e+01   1.5880739e-03   7.9887705e-01
   6.4134299e+02   9.8914170e+01   1.5878907e-03   7.9898132e-01
   6.4142899e+02   9.8927500e+01   1.5834453e-03   7.9908617e-01
   6.4147800e+02   9.8940830e+01   1.5784321e-03   7.9919211e-01
   6.4155100e+02   9.8954170e+01   1.5744733e-03   7.9929858e-01
   6.4161500e+02   9.8967500e+01   1.5696629e-03   7.9940507e-01
   6.4166999e+02   9.8980830e+01   1.5657190e-03   7.9951207e-01
   6.4174601e+02   9.8994170e+01   1.5594264e-03   7.9961794e-01
   6.4181800e+02   9.9007500e+01   1.5584662e-03   7.9972363e-01
   6.4187800e+02   9.9020830e+01   1.5554261e-03   7.9982856e-01
   6.4194700e+02   9.9034170e+01   1.5503145e-03   7.9993316e-01
   6.4201099e+02   9.9047500e+01   1.5457212e-03   8.0003781e-01
   6.4208500e+02   9.9060830e+01   1.5410525e-03   8.0014291e-01
   6.4214100e+02   9.9074170e+01   1.5387982e-03   8.0024782e-01
   6.4221201e+02   9.9087500e+01   1.5331306e-03   8.0035459e-01
   6.4228300e+02   9.9100830e+01   1.5296235e-03   8.0046220e-01
   6.4235499e+02   9.9114170e+01   1.5243739e-03   8.0057233e-01
   6.4241599e+02   9.9127500e+01   1.5240683e-03   8.0068403e-01
   6.4247599e+02   9.9140830e+01   1.5184135e-03   8.0079686e-01
   6.4255500e+02   9.9154170e+01   1.5148108e-03   8.0091036e-01
   6.4261399e+02   9.9167500e+01   1.5091201e-03   8.0102502e-01
   6.4267802e+02   9.9180830e+01   1.5069848e-03   8.0113872e-01
   6.4275101e+02   9.9194170e+01   1.5022302e-03   8.0125030e-01
   6.4281101e+02   9.9207500e+01   1.5023282e-03   8.0136073e-01
   6.4288199e+02   9.9220830e+01   1.5000619e-03   8.0147049e-01
   6.4294501e+02   9.9234170e+01   1.4926720e-03   8.0157901e-01
   6.4301401e+02   9.9247500e+01   1.4896456e-03   8.0168730e-01
   6.4307899e+02   9.9260830e+01   1.4862206e-03   8.0179487e-01
   6.4314600e+02   9.9274170e+01   1.4811265e-03   8.0190113e-01
   6.4320899e+02   9.9287500e+01   1.4800418e-03   8.0200505e-01
   6.4328501e+02   9.9300830e+01   1.4751979e-03   8.0210721e-01
   6.4333701e+02   9.9314170e+01   1.4730133e-03   8.0220810e-01
   6.4340699e+02   9.9327500e+01   1.4678301e-03   8.0230673e-01
   6.4346699e+02   9.9340830e+01   1.4646538e-03   8.0240367e-01
   6.4354001e+02   9.9354170e+01   1.4598163e-03   8.0249892e-01
   6.4360099e+02   9.9367500e+01   1.4573897e-03   8.0259250e-01
   6.4368601e+02   9.9380830e+01   1.4523394e-03   8.0268539e-01
   6.4374299e+02   9.9394170e+01   1.4494398e-03   8.0277701e-01
   6.4379801e+02   9.9407500e+01   1.4441683e-03   8.0286780e-01
   6.4387101e+02   9.9420830e+01   1.4432911e-03   8.0296050e-01
   6.4394599e+02   9.9434170e+01   1.4378118e-03   8.0305422e-01
   6.4402201e+02   9.9447500e+01   1.4342966e-03   8.0314965e-01
   6.4407801e+02   9.9460830e+01   1.4288726e-03   8.0324529e-01
   6.4414600e+02   9.9474170e+01   1.4261302e-03   8.0334064e-01
   6.4420399e+02   9.9487500e+01   1.4213153e-03   8.0343464e-01
   6.4427399e+02   9.9500830e+01   1.4204031e-03   8.0352618e-01
   6.4435099e+02   9.9514170e+01   1.4160604e-03   8.0361620e-01
   6.4441801e+02   9.9527500e+01   1.4115213e-03   8.0370509e-01
   6.4447300e+02   9.9540830e+01   1.4082894e-03   8.0379279e-01
   6.4454401e+02   9.9554170e+01   1.4058588e-03   8.0387871e-01
   6.4460999e+02   9.9567500e+01   1.4009530e-03   8.0396435e-01
   6.4467200e+02   9.9580830e+01   1.3989414e-03   8.0404863e-01
   6.4473801e+02   9.9594170e+01   1.3960958e-03   8.0413263e-01
   6.4480500e+02   9.9607500e+01   1.3924938e-03   8.0421641e-01
   6.4487501e+02   9.9620830e+01   1.3921268e-03   8.0429948e-01
   6.4494599e+02   9.9634170e+01   1.3875342e-03   8.0438242e-01
   6.4500599e+02   9.9647500e+01   1.3830879e-03   8.0446522e-01
   6.4507499e+02   9.9660830e+01   1.3849165e-03   8.0454737e-01
   6.4514399e+02   9.9674170e+01   1.3809676e-03   8.0462588e-01
   6.4520600e+02   9.9687500e+01   1.3806474e-03   8.0470243e-01
   6.4527900e+02   9.9700830e+01   1.3793858e-03   8.0477720e-01
   6.4534000e+02   9.9714170e+01   1.3777213e-03   8.0485246e-01
   6.4540000e+02   9.9727500e+01   1.3749534e-03   8.0492779e-01
   6.4547101e+02   9.9740830e+01   1.3734835e-03   8.0500533e-01
   6.4554200e+02   9.9754170e+01   1.3723000e-03   8.0508457e-01
   6.4560300e+02   9.9767500e+01   1.3726096e-03   8.0516649e-01
   6.4567100e+02   9.9780830e+01   1.3727125e-03   8.0525005e-01
   6.4573401e+02   9.9794170e+01   1.3703429e-03   8.0533473e-01
   6.4580100e+02   9.9807500e+01   1.3714417e-03   8.0542056e-01
   6.4587101e+02   9.9820830e+01   1.3680534e-03   8.0550756e-01
   6.4593201e+02   9.9834170e+01   1.3668842e-03   8.0559522e-01
   6.4599799e+02   9.9847500e+01   1.3675651e-03   8.0568359e-01
   6.4607200e+02   9.9860830e+01   1.3658393e-03   8.0577213e-01
   6.4614399e+02   9.9874170e+01   1.3652337e-03   8.0586082e-01
   6.4619700e+02   9.9887500e+01   1.3656553e-03   8.0594972e-01
   6.4626899e+02   9.9900830e+01   1.3667446e-03   8.0603940e-01
   6.4634199e+02   9.9914170e+01   1.3653105e-03   8.0612938e-01
   6.4640400e+02   9.9927500e+01   1.3661574e-03   8.0622019e-01
   6.4645899e+02   9.9940830e+01   1.3667150e-03   8.0631133e-01
   6.4653699e+02   9.9954170e+01   1.3664056e-03   8.0640282e-01
   6.4659299e+02   9.9967500e+01   1.3676109e-03   8.0649518e-01
   6.4666199e+02   9.9980830e+01   1.3673829e-03   8.0658839e-01
   6.4674000e+02   9.9994170e+01   1.3662993e-03   8.0668134e-01
   6.4680100e+02   1.0000750e+02   1.3669719e-03   8.0677445e-01
   6.4687299e+02   1.0002083e+02   1.3668613e-03   8.0686814e-01
   6.4692899e+02   1.0003417e+02   1.3677734e-03   8.0696133e-01
   6.4699399e+02   1.0004750e+02   1.3694465e-03   8.0705447e-01
   6.4705500e+02   1.0006083e+02   1.3701162e-03   8.0714916e-01
   6.4712400e+02   1.0007417e+02   1.3695035e-03   8.0724493e-01
   6.4719300e+02   1.0008750e+02   1.3693216e-03   8.0734188e-01
   6.4725800e+02   1.0010083e+02   1.3698828e-03   8.0743963e-01
   6.4732700e+02   1.0011417e+02   1.3707996e-03   8.0753880e-01
   6.4739500e+02   1.0012750e+02   1.3702864e-03   8.0763940e-01
   6.4745899e+02   1.0014083e+02   1.3723836e-03   8.0773933e-01
   6.4752799e+02   1.0015417e+02   1.3715397e-03   8.0783907e-01
   6.4758900e+02   1.0016750e+02   1.3736381e-03   8.0793908e-01
   6.4766001e+02   1.0018083e+02   1.3729337e-03   8.0803884e-01
   6.4772800e+02   1.0019417e+02   1.3747583e-03   8.0813882e-01
   6.4779999e+02   1.0020750e+02   1.3773128e-03   8.0823949e-01
   6.4786201e+02   1.0022083e+02   1.3784773e-03   8.0833983e-01
   6.4793101e+02   1.0023417e+02   1.3787254e-03   8.0844133e-01
   6.4799500e+02   1.0024750e+02   1.3790144e-03   8.0854346e-01
   6.4806800e+02   1.0026083e+02   1.3821061e-03   8.0864517e-01
   6.4812800e+02   1.0027417e+02   1.3839273e-03   8.0874695e-01
   6.4819901e+02   1.0028750e+02   1.3847203e-03   8.0884874e-01
   6.4826301e+02   1.0030083e+02   1.3857689e-03   8.0895006e-01
   6.4833701e+02   1.0031417e+02   1.3870099e-03   8.0905094e-01
   6.4839899e+02   1.0032750e+02   1.3871280e-03   8.0915145e-01
   6.4846601e+02   1.0034083e+02   1.3890916e-03   8.0925208e-01
   6.4852000e+02   1.0035417e+02   1.3893843e-03   8.0935237e-01
   6.4859299e+02   1.0036750e+02   1.3909129e-03   8.0945185e-01
   6.4866001e+02   1.0038083e+02   1.3922760e-03   8.0955049e-01
   6.4872999e+02   1.0039417e+02   1.3922317e-03   8.0964822e-01
   6.4879600e+02   1.0040750e+02   1.3937158e-03   8.0974499e-01
   6.4886399e+02   1.0042083e+02   1.3951756e-03   8.0984070e-01
   6.4892301e+02   1.0043417e+02   1.3941751e-03   8.0993482e-01
   6.4899601e+02   1.0044750e+02   1.3942945e-03   8.1002882e-01
   6.4906699e+02   1.0046083e+02   1.3946831e-03   8.1012112e-01
   6.4912601e+02   1.0047417e+02   1.3942168e-03   8.1021272e-01
   6.4918799e+02   1.0048750e+02   1.3941017e-03   8.1030407e-01
   6.4925699e+02   1.0050083e+02   1.3926833e-03   8.1039454e-01
   6.4932801e+02   1.0051417e+02   1.3932963e-03   8.1048454e-01
   6.4938999e+02   1.0052750e+02   1.3927545e-03   8.1057456e-01
   6.4945499e+02   1.0054083e+02   1.3923777e-03   8.1066407e-01
   6.4952100e+02   1.0055417e+02   1.3906124e-03   8.1075303e-01
   6.4959601e+02   1.0056750e+02   1.3896790e-03   8.1084191e-01
   6.4966599e+02   1.0058083e+02   1.3898592e-03   8.1092965e-01
   6.4972300e+02   1.0059417e+02   1.3885218e-03   8.1101678e-01
   6.4979999e+02   1.0060750e+02   1.3864550e-03   8.1110277e-01
   6.4986100e+02   1.0062083e+02   1.3845055e-03   8.1118875e-01
   6.4992701e+02   1.0063417e+02   1.3830779e-03   8.1127484e-01
   6.4999201e+02   1.0064750e+02   1.3813443e-03   8.1136056e-01
   6.5004899e+02   1.0066083e+02   1.3792380e-03   8.1144704e-01
   6.5011799e+02   1.0067417e+02   1.3778178e-03   8.1153432e-01
   6.5018900e+02   1.0068750e+02   1.3752483e-03   8.1162101e-01
   6.5025199e+02   1.0070083e+02   1.3737007e-03   8.1170776e-01
   6.5031299e+02   1.0071417e+02   1.3716435e-03   8.1179312e-01
   6.5038700e+02   1.0072750e+02   1.3691807e-03   8.1187773e-01
   6.5045499e+02   1.0074083e+02   1.3664011e-03   8.1196162e-01
   6.5053199e+02   1.0075417e+02   1.3655216e-03   8.1204681e-01
   6.5058900e+02   1.0076750e+02   1.3625359e-03   8.1213218e-01
   6.5065101e+02   1.0078083e+02   1.3609676e-03   8.1222012e-01
   6.5071500e+02   1.0079417e+02   1.3587763e-03   8.1231033e-01
   6.5078800e+02   1.0080750e+02   1.3558802e-03   8.1240159e-01
   6.5085401e+02   1.0082083e+02   1.3551387e-03   8.1249426e-01
   6.5091901e+02   1.0083417e+02   1.3525072e-03   8.1258730e-01
   6.5098600e+02   1.0084750e+02   1.3503267e-03   8.1268067e-01
   6.5104999e+02   1.0086083e+02   1.3481144e-03   8.1277328e-01
   6.5111899e+02   1.0087417e+02   1.3459052e-03   8.1286468e-01
   6.5118601e+02   1.0088750e+02   1.3462122e-03   8.1295543e-01
   6.5124799e+02   1.0090083e+02   1.3436491e-03   8.1304455e-01
   6.5132300e+02   1.0091417e+02   1.3436016e-03   8.1313357e-01
   6.5138401e+02   1.0092750e+02   1.3442147e-03   8.1322155e-01
   6.5145099e+02   1.0094083e+02   1.3394679e-03   8.1330903e-01
   6.5151200e+02   1.0095417e+02   1.3418287e-03   8.1339655e-01
   6.5158301e+02   1.0096750e+02   1.3407903e-03   8.1348409e-01
   6.5164399e+02   1.0098083e+02   1.3400292e-03   8.1357062e-01
   6.5171601e+02   1.0099417e+02   1.3411059e-03   8.1365763e-01
   6.5178101e+02   1.0100750e+02   1.3396645e-03   8.1374631e-01
   6.5185300e+02   1.0102083e+02   1.3385142e-03   8.1383635e-01
   6.5191700e+02   1.0103417e+02   1.3391509e-03   8.1392798e-01
   6.5198600e+02   1.0104750e+02   1.3384095e-03   8.1402083e-01
   6.5205302e+02   1.0106083e+02   1.3378098e-03   8.1411398e-01
   6.5211100e+02   1.0107417e+02   1.3361897e-03   8.1420740e-01
   6.5218601e+02   1.0108750e+02   1.3373638e-03   8.1430002e-01
   6.5224799e+02   1.0110083e+02   1.3364381e-03   8.1439124e-01
   6.5231699e+02   1.0111417e+02   1.3354804e-03   8.1448246e-01
   6.5238300e+02   1.0112750e+02   1.3349863e-03   8.1457313e-01
   6.5244401e+02   1.0114083e+02   1.3363434e-03   8.1466323e-01
   6.5250599e+02   1.0115417e+02   1.3371023e-03   8.1475372e-01
   6.5257499e+02   1.0116750e+02   1.3362918e-03   8.1484354e-01
   6.5264200e+02   1.0118083e+02   1.3381000e-03   8.1493324e-01
   6.5271699e+02   1.0119417e+02   1.3388655e-03   8.1502280e-01
   6.5279700e+02   1.0120750e+02   1.3380654e-03   8.1511174e-01
   6.5284501e+02   1.0122083e+02   1.3392741e-03   8.1520018e-01
   6.5292100e+02   1.0123417e+02   1.3381593e-03   8.1528821e-01
   6.5297401e+02   1.0124750e+02   1.3387629e-03   8.1537687e-01
   6.5304999e+02   1.0126083e+02   1.3385457e-03   8.1546515e-01
   6.5311100e+02   1.0127417e+02   1.3386006e-03   8.1555358e-01
   6.5317701e+02   1.0128750e+02   1.3383785e-03   8.1564268e-01
   6.5325800e+02   1.0130083e+02   1.3379981e-03   8.1573190e-01
   6.5331699e+02   1.0131417e+02   1.3372059e-03   8.1582071e-01
   6.5338199e+02   1.0132750e+02   1.3379064e-03   8.1590958e-01
   6.5344001e+02   1.0134083e+02   1.3369743e-03   8.1599797e-01
   6.5351700e+02   1.0135417e+02   1.3373110e-03   8.1608532e-01
   6.5357999e+02   1.0136750e+02   1.3350366e-03   8.1617267e-01
   6.5364701e+02   1.0138083e+02   1.3353089e-03   8.1625952e-01
   6.5371201e+02   1.0139417e+02   1.3320072e-03   8.1634538e-01
   6.5378699e+02   1.0140750e+02   1.3320495e-03   8.1643124e-01
   6.5385001e+02   1.0142083e+02   1.3331562e-03   8.1651711e-01
   6.5391999e+02   1.0143417e+02   1.3298610e-03   8.1660159e-01
   6.5397401e+02   1.0144750e+02   1.3282797e-03   8.1668583e-01
   6.5404700e+02   1.0146083e+02   1.3272430e-03   8.1676834e-01
   6.5411100e+02   1.0147417e+02   1.3277338e-03   8.1685025e-01
   6.5418000e+02   1.0148750e+02   1.3266388e-03   8.1693313e-01
   6.5424500e+02   1.0150083e+02   1.3264971e-03   8.1701639e-01
   6.5430799e+02   1.0151417e+02   1.3254401e-03   8.1710100e-01
   6.5437198e+02   1.0152750e+02   1.3240749e-03   8.1718682e-01
   6.5443900e+02   1.0154083e+02   1.3225016e-03   8.1727320e-01
   6.5451200e+02   1.0155417e+02   1.3225717e-03   8.1736103e-01
   6.5456699e+02   1.0156750e+02   1.3200012e-03   8.1744912e-01
   6.5463001e+02   1.0158083e+02   1.3185612e-03   8.1753779e-01
   6.5470899e+02   1.0159417e+02   1.3164981e-03   8.1762695e-01
   6.5477799e+02   1.0160750e+02   1.3154438e-03   8.1771551e-01
   6.5483301e+02   1.0162083e+02   1.3136208e-03   8.1780438e-01
   6.5489899e+02   1.0163417e+02   1.3099921e-03   8.1789352e-01
   6.5496799e+02   1.0164750e+02   1.3082003e-03   8.1798245e-01
   6.5503599e+02   1.0166083e+02   1.3064728e-03   8.1807170e-01
   6.5510499e+02   1.0167417e+02   1.3030453e-03   8.1816071e-01
   6.5517399e+02   1.0168750e+02   1.3010005e-03   8.1825000e-01
   6.5523801e+02   1.0170083e+02   1.2985371e-03   8.1833913e-01
   6.5530302e+02   1.0171417e+02   1.2934199e-03   8.1842816e-01
   6.5535599e+02   1.0172750e+02   1.2918610e-03   8.1851707e-01
   6.5543500e+02   1.0174083e+02   1.2898937e-03   8.1860588e-01
   6.5549299e+02   1.0175417e+02   1.2855783e-03   8.1869411e-01
   6.5556501e+02   1.0176750e+02   1.2823780e-03   8.1878285e-01
   6.5563300e+02   1.0178083e+02   1.2808226e-03   8.1887106e-01
   6.5569999e+02   1.0179417e+02   1.2772347e-03   8.1895980e-01
   6.5576200e+02   1.0180750e+02   1.2762859e-03   8.1904810e-01
   6.5582700e+02   1.0182083e+02   1.2742326e-03   8.1913547e-01
   6.5590000e+02   1.0183417e+02   1.2718914e-03   8.1922192e-01
   6.5596699e+02   1.0184750e+02   1.2698732e-03   8.1930746e-01
   6.5604301e+02   1.0186083e+02   1.2684777e-03   8.1939210e-01
   6.5609901e+02   1.0187417e+02   1.2656503e-03   8.1947686e-01
   6.5617600e+02   1.0188750e+02   1.2632063e-03   8.1956074e-01
   6.5623401e+02   1.0190083e+02   1.2624558e-03   8.1964373e-01
   6.5630201e+02   1.0191417e+02   1.2599658e-03   8.1972638e-01
   6.5637101e+02   1.0192750e+02   1.2565981e-03   8.1980877e-01
   6.5643400e+02   1.0194083e+02   1.2554275e-03   8.1989046e-01
   6.5650501e+02   1.0195417e+02   1.2562899e-03   8.1997259e-01
   6.5656501e+02   1.0196750e+02   1.2514557e-03   8.2005520e-01
   6.5663300e+02   1.0198083e+02   1.2526259e-03   8.2013781e-01
   6.5670399e+02   1.0199417e+02   1.2501111e-03   8.2022049e-01
   6.5676301e+02   1.0200750e+02   1.2483952e-03   8.2030321e-01
   6.5684800e+02   1.0202083e+02   1.2483497e-03   8.2038806e-01
   6.5690601e+02   1.0203417e+02   1.2474832e-03   8.2047455e-01
   6.5697199e+02   1.0204750e+02   1.2480496e-03   8.2056325e-01
   6.5703901e+02   1.0206083e+02   1.2484584e-03   8.2065376e-01
   6.5710401e+02   1.0207417e+02   1.2494326e-03   8.2074515e-01
   6.5717301e+02   1.0208750e+02   1.2490601e-03   8.2083543e-01
   6.5723499e+02   1.0210083e+02   1.2496296e-03   8.2092518e-01
   6.5730201e+02   1.0211417e+02   1.2503790e-03   8.2101273e-01
   6.5736799e+02   1.0212750e+02   1.2516395e-03   8.2109733e-01
   6.5742802e+02   1.0214083e+02   1.2523018e-03   8.2118135e-01
   6.5750599e+02   1.0215417e+02   1.2541267e-03   8.2126307e-01
   6.5756901e+02   1.0216750e+02   1.2544220e-03   8.2134447e-01
   6.5763599e+02   1.0218083e+02   1.2568641e-03   8.2142494e-01
   6.5770301e+02   1.0219417e+02   1.2565886e-03   8.2150542e-01
   6.5776200e+02   1.0220750e+02   1.2579099e-03   8.2158593e-01
   6.5782801e+02   1.0222083e+02   1.2587451e-03   8.2166652e-01
   6.5789399e+02   1.0223417e+02   1.2596312e-03   8.2174774e-01
   6.5796500e+02   1.0224750e+02   1.2613379e-03   8.2182806e-01
   6.5803300e+02   1.0226083e+02   1.2632538e-03   8.2190906e-01
   6.5809400e+02   1.0227417e+02   1.2639523e-03   8.2199026e-01
   6.5816599e+02   1.0228750e+02   1.2666998e-03   8.2207062e-01
   6.5823600e+02   1.0230083e+02   1.2675713e-03   8.2215016e-01
   6.5829801e+02   1.0231417e+02   1.2691169e-03   8.2222943e-01
   6.5836399e+02   1.0232750e+02   1.2697514e-03   8.2230834e-01
   6.5843201e+02   1.0234083e+02   1.2713529e-03   8.2238688e-01
   6.5850300e+02   1.0235417e+02   1.2722262e-03   8.2246559e-01
   6.5856101e+02   1.0236750e+02   1.2750140e-03   8.2254447e-01
   6.5862000e+02   1.0238083e+02   1.2760325e-03   8.2262353e-01
   6.5868799e+02   1.0239417e+02   1.2776069e-03   8.2270278e-01
   6.5876099e+02   1.0240750e+02   1.2785152e-03   8.2278168e-01
   6.5882700e+02   1.0242083e+02   1.2796228e-03   8.2286024e-01
   6.5888999e+02   1.0243417e+02   1.2798593e-03   8.2293902e-01
   6.5896601e+02   1.0244750e+02   1.2806853e-03   8.2301692e-01
   6.5902399e+02   1.0246083e+02   1.2803426e-03   8.2309495e-01
   6.5909800e+02   1.0247417e+02   1.2810951e-03   8.2317264e-01
   6.5915800e+02   1.0248750e+02   1.2828576e-03   8.2324942e-01
   6.5922700e+02   1.0250083e+02   1.2834999e-03   8.2332630e-01
   6.5929401e+02   1.0251417e+02   1.2842631e-03   8.2340281e-01
   6.5936701e+02   1.0252750e+02   1.2845222e-03   8.2347799e-01
   6.5942802e+02   1.0254083e+02   1.2853771e-03   8.2355252e-01
   6.5949100e+02   1.0255417e+02   1.2865766e-03   8.2362708e-01
   6.5956400e+02   1.0256750e+02   1.2866049e-03   8.2370183e-01
   6.5962501e+02   1.0258083e+02   1.2865932e-03   8.2377584e-01
   6.5969199e+02   1.0259417e+02   1.2868743e-03   8.2385067e-01
   6.5975999e+02   1.0260750e+02   1.2890753e-03   8.2392680e-01
   6.5982499e+02   1.0262083e+02   1.2882534e-03   8.2400364e-01
   6.5989301e+02   1.0263417e+02   1.2890056e-03   8.2408204e-01
   6.5995301e+02   1.0264750e+02   1.2897735e-03   8.2416142e-01
   6.6002399e+02   1.0266083e+02   1.2906161e-03   8.2424069e-01
   6.6009400e+02   1.0267417e+02   1.2915734e-03   8.2432086e-01
   6.6015699e+02   1.0268750e+02   1.2925826e-03   8.2440141e-01
   6.6022599e+02   1.0270083e+02   1.2918674e-03   8.2448283e-01
   6.6029099e+02   1.0271417e+02   1.2919179e-03   8.2456462e-01
   6.6035801e+02   1.0272750e+02   1.2927240e-03   8.2464734e-01
   6.6042600e+02   1.0274083e+02   1.2922014e-03   8.2472949e-01
   6.6049399e+02   1.0275417e+02   1.2920694e-03   8.2481212e-01
   6.6056599e+02   1.0276750e+02   1.2911602e-03   8.2489641e-01
   6.6063001e+02   1.0278083e+02   1.2924376e-03   8.2498151e-01
   6.6069501e+02   1.0279417e+02   1.2936496e-03   8.2506809e-01
   6.6076200e+02   1.0280750e+02   1.2943959e-03   8.2515633e-01
   6.6081400e+02   1.0282083e+02   1.2942071e-03   8.2524573e-01
   6.6088700e+02   1.0283417e+02   1.2947430e-03   8.2533477e-01
   6.6095701e+02   1.0284750e+02   1.2941617e-03   8.2542346e-01
   6.6102100e+02   1.0286083e+02   1.2945644e-03   8.2551076e-01
   6.6109000e+02   1.0287417e+02   1.2948236e-03   8.2559766e-01
   6.6115601e+02   1.0288750e+02   1.2951037e-03   8.2568406e-01
   6.6122700e+02   1.0290083e+02   1.2939792e-03   8.2576933e-01
   6.6130302e+02   1.0291417e+02   1.2940369e-03   8.2585341e-01
   6.6135401e+02   1.0292750e+02   1.2926230e-03   8.2593673e-01
   6.6142499e+02   1.0294083e+02   1.2935284e-03   8.2601982e-01
   6.6149601e+02   1.0295417e+02   1.2922951e-03   8.2610158e-01
   6.6155799e+02   1.0296750e+02   1.2924685e-03   8.2618253e-01
   6.6162299e+02   1.0298083e+02   1.2904469e-03   8.2626274e-01
   6.6169001e+02   1.0299417e+02   1.2903742e-03   8.2634225e-01
   6.6175599e+02   1.0300750e+02   1.2886207e-03   8.2642152e-01
   6.6182599e+02   1.0302083e+02   1.2876415e-03   8.2650053e-01
   6.6189399e+02   1.0303417e+02   1.2863126e-03   8.2658028e-01
   6.6195701e+02   1.0304750e+02   1.2862292e-03   8.2666024e-01
   6.6202100e+02   1.0306083e+02   1.2848321e-03   8.2674083e-01
   6.6209000e+02   1.0307417e+02   1.2838918e-03   8.2682099e-01
   6.6215601e+02   1.0308750e+02   1.2842292e-03   8.2690127e-01
   6.6222101e+02   1.0310083e+02   1.2828506e-03   8.2698166e-01
   6.6229001e+02   1.0311417e+02   1.2827437e-03   8.2706160e-01
   6.6236301e+02   1.0312750e+02   1.2811828e-03   8.2714159e-01
   6.6242600e+02   1.0314083e+02   1.2803976e-03   8.2722213e-01
   6.6249601e+02   1.0315417e+02   1.2799945e-03   8.2730272e-01
   6.6256699e+02   1.0316750e+02   1.2791397e-03   8.2738390e-01
   6.6263499e+02   1.0318083e+02   1.2786786e-03   8.2746520e-01
   6.6269999e+02   1.0319417e+02   1.2775171e-03   8.2754761e-01
   6.6276899e+02   1.0320750e+02   1.2756780e-03   8.2762960e-01
   6.6282899e+02   1.0322083e+02   1.2734948e-03   8.2771169e-01
   6.6289701e+02   1.0323417e+02   1.2751126e-03   8.2779395e-01
   6.6296500e+02   1.0324750e+02   1.2732709e-03   8.2787739e-01
   6.6303101e+02   1.0326083e+02   1.2733498e-03   8.2796100e-01
   6.6309800e+02   1.0327417e+02   1.2713823e-03   8.2804539e-01
   6.6316001e+02   1.0328750e+02   1.2713791e-03   8.2813011e-01
   6.6323401e+02   1.0330083e+02   1.2696860e-03   8.2821468e-01
   6.6329200e+02   1.0331417e+02   1.2682842e-03   8.2829915e-01
   6.6335901e+02   1.0332750e+02   1.2678575e-03   8.2838364e-01
   6.6342802e+02   1.0334083e+02   1.2672824e-03   8.2846771e-01
   6.6348701e+02   1.0335417e+02   1.2667316e-03   8.2855228e-01
   6.6356000e+02   1.0336750e+02   1.2648732e-03   8.2863673e-01
   6.6361899e+02   1.0338083e+02   1.2645835e-03   8.2872094e-01
   6.6368500e+02   1.0339417e+02   1.2621020e-03   8.2880537e-01
   6.6376099e+02   1.0340750e+02   1.2605137e-03   8.2889002e-01
   6.6381400e+02   1.0342083e+02   1.2587338e-03   8.2897598e-01
   6.6388300e+02   1.0343417e+02   1.2577738e-03   8.2906282e-01
   6.6395899e+02   1.0344750e+02   1.2547424e-03   8.2915010e-01
   6.6402601e+02   1.0346083e+02   1.2544832e-03   8.2923737e-01
   6.6409101e+02   1.0347417e+02   1.2529002e-03   8.2932318e-01
   6.6415400e+02   1.0348750e+02   1.2507707e-03   8.2940866e-01
   6.6422300e+02   1.0350083e+02   1.2475661e-03   8.2949340e-01
   6.6429700e+02   1.0351417e+02   1.2453890e-03   8.2957799e-01
   6.6435999e+02   1.0352750e+02   1.2445163e-03   8.2966239e-01
   6.6442701e+02   1.0354083e+02   1.2418946e-03   8.2974858e-01
   6.6448801e+02   1.0355417e+02   1.2399792e-03   8.2983595e-01
   6.6455601e+02   1.0356750e+02   1.2373166e-03   8.2992392e-01
   6.6461600e+02   1.0358083e+02   1.2368730e-03   8.3001297e-01
   6.6469099e+02   1.0359417e+02   1.2348816e-03   8.3010253e-01
   6.6475901e+02   1.0360750e+02   1.2308569e-03   8.3019256e-01
   6.6481501e+02   1.0362083e+02   1.2285964e-03   8.3028352e-01
   6.6488901e+02   1.0363417e+02   1.2283961e-03   8.3037495e-01
   6.6495301e+02   1.0364750e+02   1.2261728e-03   8.3046688e-01
   6.6501099e+02   1.0366083e+02   1.2236621e-03   8.3055921e-01
   6.6508500e+02   1.0367417e+02   1.2211892e-03   8.3065239e-01
   6.6515000e+02   1.0368750e+02   1.2187764e-03   8.3074587e-01
   6.6520399e+02   1.0370083e+02   1.2161860e-03   8.3084103e-01
   6.6528000e+02   1.0371417e+02   1.2153170e-03   8.3093669e-01
   6.6535099e+02   1.0372750e+02   1.2136489e-03   8.3103324e-01
   6.6540900e+02   1.0374083e+02   1.2126055e-03   8.3113003e-01
   6.6547501e+02   1.0375417e+02   1.2107650e-03   8.3122704e-01
   6.6554600e+02   1.0376750e+02   1.2105637e-03   8.3132418e-01
   6.6560401e+02   1.0378083e+02   1.2080219e-03   8.3142089e-01
   6.6568101e+02   1.0379417e+02   1.2073561e-03   8.3151759e-01
   6.6574900e+02   1.0380750e+02   1.2035266e-03   8.3161377e-01
   6.6581599e+02   1.0382083e+02   1.2022180e-03   8.3170990e-01
   6.6587699e+02   1.0383417e+02   1.2013698e-03   8.3180587e-01
   6.6594800e+02   1.0384750e+02   1.1992603e-03   8.3190214e-01
   6.6601301e+02   1.0386083e+02   1.1972901e-03   8.3199968e-01
   6.6608100e+02   1.0387417e+02   1.1945318e-03   8.3209901e-01
   6.6614399e+02   1.0388750e+02   1.1947372e-03   8.3219864e-01
   6.6621100e+02   1.0390083e+02   1.1916684e-03   8.3229960e-01
   6.6627201e+02   1.0391417e+02   1.1914089e-03   8.3240185e-01
   6.6634101e+02   1.0392750e+02   1.1897231e-03   8.3250379e-01
   6.6641999e+02   1.0394083e+02   1.1878711e-03   8.3260432e-01
   6.6647101e+02   1.0395417e+02   1.1853074e-03   8.3270336e-01
   6.6654999e+02   1.0396750e+02   1.1839916e-03   8.3280021e-01
   6.6660700e+02   1.0398083e+02   1.1827864e-03   8.3289574e-01
   6.6667600e+02   1.0399417e+02   1.1810399e-03   8.3298940e-01
   6.6674299e+02   1.0400750e+02   1.1802610e-03   8.3308068e-01
   6.6681199e+02   1.0402083e+02   1.1790871e-03   8.3317056e-01
   6.6687501e+02   1.0403417e+02   1.1768664e-03   8.3325798e-01
   6.6694599e+02   1.0404750e+02   1.1775581e-03   8.3334251e-01
   6.6701499e+02   1.0406083e+02   1.1781723e-03   8.3342522e-01
   6.6707700e+02   1.0407417e+02   1.1778433e-03   8.3350619e-01
   6.6714701e+02   1.0408750e+02   1.1774292e-03   8.3358547e-01
   6.6721201e+02   1.0410083e+02   1.1776363e-03   8.3366313e-01
   6.6728699e+02   1.0411417e+02   1.1786951e-03   8.3373978e-01
   6.6735099e+02   1.0412750e+02   1.1786111e-03   8.3381546e-01
   6.6742399e+02   1.0414083e+02   1.1781886e-03   8.3389073e-01
   6.6748401e+02   1.0415417e+02   1.1797120e-03   8.3396401e-01
   6.6755799e+02   1.0416750e+02   1.1782310e-03   8.3403691e-01
   6.6761399e+02   1.0418083e+02   1.1778108e-03   8.3410948e-01
   6.6768400e+02   1.0419417e+02   1.1781519e-03   8.3418227e-01
   6.6775199e+02   1.0420750e+02   1.1779839e-03   8.3425432e-01
   6.6780799e+02   1.0422083e+02   1.1782464e-03   8.3432563e-01
   6.6788199e+02   1.0423417e+02   1.1784232e-03   8.3439670e-01
   6.6794999e+02   1.0424750e+02   1.1783903e-03   8.3446755e-01
   6.6801499e+02   1.0426083e+02   1.1777047e-03   8.3453773e-01
   6.6808701e+02   1.0427417e+02   1.1774397e-03   8.3460777e-01
   6.6815201e+02   1.0428750e+02   1.1782188e-03   8.3467816e-01
   6.6821601e+02   1.0430083e+02   1.1764633e-03   8.3474848e-01
   6.6828300e+02   1.0431417e+02   1.1766468e-03   8.3481931e-01
   6.6834699e+02   1.0432750e+02   1.1765136e-03   8.3489122e-01
   6.6840900e+02   1.0434083e+02   1.1763779e-03   8.3496265e-01
   6.6847199e+02   1.0435417e+02   1.1752292e-03   8.3503412e-01
   6.6854401e+02   1.0436750e+02   1.1752968e-03   8.3510558e-01
   6.6861701e+02   1.0438083e+02   1.1751291e-03   8.3517744e-01
   6.6868601e+02   1.0439417e+02   1.1754807e-03   8.3524903e-01
   6.6875300e+02   1.0440750e+02   1.1757695e-03   8.3532031e-01
   6.6881400e+02   1.0442083e+02   1.1747817e-03   8.3539227e-01
   6.6887101e+02   1.0443417e+02   1.1742757e-03   8.3546381e-01
   6.6893201e+02   1.0444750e+02   1.1740230e-03   8.3553589e-01
   6.6900599e+02   1.0446083e+02   1.1732535e-03   8.3560743e-01
   6.6907599e+02   1.0447417e+02   1.1737151e-03   8.3567835e-01
   6.6913700e+02   1.0448750e+02   1.1732150e-03   8.3574915e-01
   6.6920899e+02   1.0450083e+02   1.1728686e-03   8.3581878e-01
   6.6927701e+02   1.0451417e+02   1.1716197e-03   8.3588780e-01
   6.6934000e+02   1.0452750e+02   1.1698253e-03   8.3595561e-01
   6.6941300e+02   1.0454083e+02   1.1682479e-03   8.3602321e-01
   6.6947199e+02   1.0455417e+02   1.1677856e-03   8.3608964e-01
   6.6954001e+02   1.0456750e+02   1.1664885e-03   8.3615500e-01
   6.6960599e+02   1.0458083e+02   1.1645364e-03   8.3621827e-01
   6.6968000e+02   1.0459417e+02   1.1642530e-03   8.3628056e-01
   6.6974000e+02   1.0460750e+02   1.1626654e-03   8.3634195e-01
   6.6980100e+02   1.0462083e+02   1.1604490e-03   8.3640255e-01
   6.6987000e+02   1.0463417e+02   1.1600210e-03   8.3646292e-01
   6.6994099e+02   1.0464750e+02   1.1583693e-03   8.3652413e-01
   6.7000101e+02   1.0466083e+02   1.1583558e-03   8.3658624e-01
   6.7008399e+02   1.0467417e+02   1.1568390e-03   8.3664930e-01
   6.7014301e+02   1.0468750e+02   1.1543733e-03   8.3671122e-01
   6.7020200e+02   1.0470083e+02   1.1541222e-03   8.3677299e-01
   6.7026899e+02   1.0471417e+02   1.1527025e-03   8.3683409e-01
   6.7033500e+02   1.0472750e+02   1.1517203e-03   8.3689402e-01
   6.7040101e+02   1.0474083e+02   1.1506992e-03   8.3695389e-01
   6.7046500e+02   1.0475417e+02   1.1499252e-03   8.3701270e-01
   6.7053199e+02   1.0476750e+02   1.1482165e-03   8.3707059e-01
   6.7060499e+02   1.0478083e+02   1.1461673e-03   8.3712819e-01
   6.7067200e+02   1.0479417e+02   1.1460494e-03   8.3718615e-01
   6.7073899e+02   1.0480750e+02   1.1458400e-03   8.3724517e-01
   6.7080799e+02   1.0482083e+02   1.1454346e-03   8.3730595e-01
   6.7086301e+02   1.0483417e+02   1.1471018e-03   8.3736816e-01
   6.7093400e+02   1.0484750e+02   1.1461787e-03   8.3743147e-01
   6.7100001e+02   1.0486083e+02   1.1453477e-03   8.3749549e-01
   6.7107700e+02   1.0487417e+02   1.1453053e-03   8.3755971e-01
   6.7113300e+02   1.0488750e+02   1.1444241e-03   8.3762362e-01
   6.7119800e+02   1.0490083e+02   1.1427891e-03   8.3768777e-01
   6.7126099e+02   1.0491417e+02   1.1424792e-03   8.3775221e-01
   6.7134199e+02   1.0492750e+02   1.1397401e-03   8.3781747e-01
   6.7140201e+02   1.0494083e+02   1.1404021e-03   8.3788309e-01
   6.7147300e+02   1.0495417e+02   1.1391318e-03   8.3794959e-01
   6.7153101e+02   1.0496750e+02   1.1381304e-03   8.3801753e-01
   6.7160300e+02   1.0498083e+02   1.1364422e-03   8.3808697e-01
   6.7166700e+02   1.0499417e+02   1.1360303e-03   8.3815638e-01
   6.7173200e+02   1.0500750e+02   1.1340773e-03   8.3822679e-01
   6.7180100e+02   1.0502083e+02   1.1329878e-03   8.3829821e-01
   6.7187400e+02   1.0503417e+02   1.1314532e-03   8.3836851e-01
   6.7193601e+02   1.0504750e+02   1.1295016e-03   8.3843917e-01
   6.7200001e+02   1.0506083e+02   1.1270601e-03   8.3850910e-01
   6.7206599e+02   1.0507417e+02   1.1260671e-03   8.3857927e-01
   6.7213499e+02   1.0508750e+02   1.1238471e-03   8.3865018e-01
   6.7220499e+02   1.0510083e+02   1.1218699e-03   8.3872079e-01
   6.7226700e+02   1.0511417e+02   1.1201190e-03   8.3879212e-01
   6.7233399e+02   1.0512750e+02   1.1168536e-03   8.3886218e-01
   6.7240000e+02   1.0514083e+02   1.1153833e-03   8.3893312e-01
   6.7246100e+02   1.0515417e+02   1.1134222e-03   8.3900345e-01
   6.7253800e+02   1.0516750e+02   1.1114365e-03   8.3907367e-01
   6.7260300e+02   1.0518083e+02   1.1090927e-03   8.3914426e-01
   6.7266901e+02   1.0519417e+02   1.1070899e-03   8.3921506e-01
   6.7273600e+02   1.0520750e+02   1.1061656e-03   8.3928543e-01
   6.7280500e+02   1.0522083e+02   1.1038878e-03   8.3935635e-01
   6.7287299e+02   1.0523417e+02   1.1028010e-03   8.3942669e-01
   6.7293201e+02   1.0524750e+02   1.1018868e-03   8.3949584e-01
   6.7299601e+02   1.0526083e+02   1.0996331e-03   8.3956428e-01
   6.7306699e+02   1.0527417e+02   1.0993568e-03   8.3963252e-01
   6.7312400e+02   1.0528750e+02   1.0970700e-03   8.3970107e-01
   6.7320099e+02   1.0530083e+02   1.0972599e-03   8.3976935e-01
   6.7326301e+02   1.0531417e+02   1.0957195e-03   8.3983728e-01
   6.7333301e+02   1.0532750e+02   1.0965503e-03   8.3990635e-01
   6.7339399e+02   1.0534083e+02   1.0960554e-03   8.3997605e-01
   6.7346299e+02   1.0535417e+02   1.0952535e-03   8.4004585e-01
   6.7353699e+02   1.0536750e+02   1.0958544e-03   8.4011580e-01
   6.7359199e+02   1.0538083e+02   1.0951398e-03   8.4018708e-01
   6.7365500e+02   1.0539417e+02   1.0952720e-03   8.4025923e-01
   6.7372800e+02   1.0540750e+02   1.0953178e-03   8.4033237e-01
   6.7379801e+02   1.0542083e+02   1.0951096e-03   8.4040606e-01
   6.7385499e+02   1.0543417e+02   1.0967407e-03   8.4048093e-01
   6.7392301e+02   1.0544750e+02   1.0966944e-03   8.4055705e-01
   6.7400400e+02   1.0546083e+02   1.0957791e-03   8.4063396e-01
   6.7406800e+02   1.0547417e+02   1.0963968e-03   8.4071120e-01
   6.7412601e+02   1.0548750e+02   1.0969283e-03   8.4078934e-01
   6.7419099e+02   1.0550083e+02   1.0974932e-03   8.4086895e-01
   6.7426899e+02   1.0551417e+02   1.0976669e-03   8.4094901e-01
   6.7432801e+02   1.0552750e+02   1.0978733e-03   8.4103051e-01
   6.7439799e+02   1.0554083e+02   1.0987159e-03   8.4111394e-01
   6.7446500e+02   1.0555417e+02   1.0995369e-03   8.4119824e-01
   6.7453501e+02   1.0556750e+02   1.1004828e-03   8.4128387e-01
   6.7459901e+02   1.0558083e+02   1.1013582e-03   8.4137028e-01
   6.7465800e+02   1.0559417e+02   1.1044993e-03   8.4145801e-01
   6.7472599e+02   1.0560750e+02   1.1050799e-03   8.4154605e-01
   6.7479801e+02   1.0562083e+02   1.1052795e-03   8.4163436e-01
   6.7486301e+02   1.0563417e+02   1.1086297e-03   8.4172398e-01
   6.7492802e+02   1.0564750e+02   1.1090965e-03   8.4181391e-01
   6.7499201e+02   1.0566083e+02   1.1115788e-03   8.4190411e-01
   6.7505701e+02   1.0567417e+02   1.1140074e-03   8.4199409e-01
   6.7512000e+02   1.0568750e+02   1.1158424e-03   8.4208442e-01
   6.7519501e+02   1.0570083e+02   1.1174083e-03   8.4217409e-01
   6.7526099e+02   1.0571417e+02   1.1220096e-03   8.4226257e-01
   6.7531800e+02   1.0572750e+02   1.1221581e-03   8.4235080e-01
   6.7539399e+02   1.0574083e+02   1.1239302e-03   8.4243877e-01
   6.7546500e+02   1.0575417e+02   1.1275465e-03   8.4252641e-01
   6.7552701e+02   1.0576750e+02   1.1295438e-03   8.4261460e-01
   6.7560599e+02   1.0578083e+02   1.1307360e-03   8.4270266e-01
   6.7565500e+02   1.0579417e+02   1.1339877e-03   8.4279047e-01
   6.7571799e+02   1.0580750e+02   1.1355557e-03   8.4287888e-01
   6.7579001e+02   1.0582083e+02   1.1374467e-03   8.4296818e-01
   6.7585700e+02   1.0583417e+02   1.1402544e-03   8.4305773e-01
   6.7592100e+02   1.0584750e+02   1.1426864e-03   8.4314791e-01
   6.7598499e+02   1.0586083e+02   1.1443711e-03   8.4323804e-01
   6.7605799e+02   1.0587417e+02   1.1474873e-03   8.4332746e-01
   6.7611899e+02   1.0588750e+02   1.1496181e-03   8.4341665e-01
   6.7619099e+02   1.0590083e+02   1.1531352e-03   8.4350658e-01
   6.7625901e+02   1.0591417e+02   1.1568477e-03   8.4359671e-01
   6.7632599e+02   1.0592750e+02   1.1583783e-03   8.4368652e-01
   6.7638199e+02   1.0594083e+02   1.1610962e-03   8.4377604e-01
   6.7645600e+02   1.0595417e+02   1.1634135e-03   8.4386577e-01
   6.7651899e+02   1.0596750e+02   1.1686633e-03   8.4395515e-01
   6.7658301e+02   1.0598083e+02   1.1698573e-03   8.4404307e-01
   6.7666001e+02   1.0599417e+02   1.1743715e-03   8.4412994e-01
   6.7671799e+02   1.0600750e+02   1.1760061e-03   8.4421420e-01
   6.7678400e+02   1.0602083e+02   1.1785269e-03   8.4429737e-01
   6.7685300e+02   1.0603417e+02   1.1800323e-03   8.4437840e-01
   6.7692899e+02   1.0604750e+02   1.1818378e-03   8.4445782e-01
   6.7699201e+02   1.0606083e+02   1.1831366e-03   8.4453620e-01
   6.7704999e+02   1.0607417e+02   1.1854464e-03   8.4461307e-01
   6.7711899e+02   1.0608750e+02   1.1860436e-03   8.4468946e-01
   6.7718900e+02   1.0610083e+02   1.1876618e-03   8.4476501e-01
   6.7725300e+02   1.0611417e+02   1.1898939e-03   8.4483980e-01
   6.7731400e+02   1.0612750e+02   1.1892528e-03   8.4491392e-01
   6.7739200e+02   1.0614083e+02   1.1907945e-03   8.4498745e-01
   6.7745301e+02   1.0615417e+02   1.1910747e-03   8.4505990e-01
   6.7751200e+02   1.0616750e+02   1.1924594e-03   8.4513184e-01
   6.7758600e+02   1.0618083e+02   1.1910468e-03   8.4520384e-01
   6.7765299e+02   1.0619417e+02   1.1920551e-03   8.4527543e-01
   6.7771500e+02   1.0620750e+02   1.1912221e-03   8.4534661e-01
   6.7778501e+02   1.0622083e+02   1.1907125e-03   8.4541790e-01
   6.7785200e+02   1.0623417e+02   1.1920560e-03   8.4548934e-01
   6.7791801e+02   1.0624750e+02   1.1904304e-03   8.4556142e-01
   6.7798499e+02   1.0626083e+02   1.1892193e-03   8.4563261e-01
   6.7805701e+02   1.0627417e+02   1.1887106e-03   8.4570397e-01
   6.7811201e+02   1.0628750e+02   1.1880053e-03   8.4577449e-01
   6.7819001e+02   1.0630083e+02   1.1862223e-03   8.4584516e-01
   6.7825300e+02   1.0631417e+02   1.1858556e-03   8.4591494e-01
   6.7832099e+02   1.0632750e+02   1.1848464e-03   8.4598441e-01
   6.7838001e+02   1.0634083e+02   1.1844483e-03   8.4605405e-01
   6.7845701e+02   1.0635417e+02   1.1841666e-03   8.4612188e-01
   6.7851401e+02   1.0636750e+02   1.1835668e-03   8.4618905e-01
   6.7857700e+02   1.0638083e+02   1.1818329e-03   8.4625561e-01
   6.7865201e+02   1.0639417e+02   1.1802500e-03   8.4632213e-01
   6.7871500e+02   1.0640750e+02   1.1800352e-03   8.4638814e-01
   6.7877799e+02   1.0642083e+02   1.1775682e-03   8.4645461e-01
   6.7884101e+02   1.0643417e+02   1.1774845e-03   8.4652154e-01
   6.7891300e+02   1.0644750e+02   1.1780829e-03   8.4658839e-01
   6.7898200e+02   1.0646083e+02   1.1759305e-03   8.4665726e-01
   6.7906000e+02   1.0647417e+02   1.1756260e-03   8.4672619e-01
   6.7912501e+02   1.0648750e+02   1.1751740e-03   8.4679627e-01
   6.7919001e+02   1.0650083e+02   1.1742716e-03   8.4686703e-01
   6.7924799e+02   1.0651417e+02   1.1726722e-03   8.4693797e-01
   6.7931400e+02   1.0652750e+02   1.1725002e-03   8.4700801e-01
   6.7938300e+02   1.0654083e+02   1.1719372e-03   8.4707866e-01
   6.7944401e+02   1.0655417e+02   1.1704734e-03   8.4714887e-01
   6.7950699e+02   1.0656750e+02   1.1715306e-03   8.4721915e-01
   6.7958100e+02   1.0658083e+02   1.1695960e-03   8.4729052e-01
   6.7964500e+02   1.0659417e+02   1.1690039e-03   8.4736246e-01
   6.7970301e+02   1.0660750e+02   1.1671922e-03   8.4743501e-01
   6.7978000e+02   1.0662083e+02   1.1666973e-03   8.4750813e-01
   6.7984299e+02   1.0663417e+02   1.1668599e-03   8.4758128e-01
   6.7991599e+02   1.0664750e+02   1.1653680e-03   8.4765442e-01
   6.7998200e+02   1.0666083e+02   1.1650868e-03   8.4772653e-01
   6.8003699e+02   1.0667417e+02   1.1653428e-03   8.4779859e-01
   6.8010901e+02   1.0668750e+02   1.1644183e-03   8.4787061e-01
   6.8017301e+02   1.0670083e+02   1.1641637e-03   8.4794309e-01
   6.8023801e+02   1.0671417e+02   1.1649623e-03   8.4801608e-01
   6.8030399e+02   1.0672750e+02   1.1643930e-03   8.4808906e-01
   6.8037601e+02   1.0674083e+02   1.1641316e-03   8.4816303e-01
   6.8043699e+02   1.0675417e+02   1.1640420e-03   8.4823751e-01
   6.8049601e+02   1.0676750e+02   1.1636135e-03   8.4831110e-01
   6.8056699e+02   1.0678083e+02   1.1629775e-03   8.4838342e-01
   6.8063599e+02   1.0679417e+02   1.1620129e-03   8.4845518e-01
   6.8070301e+02   1.0680750e+02   1.1622372e-03   8.4852654e-01
   6.8077000e+02   1.0682083e+02   1.1610276e-03   8.4859769e-01
   6.8083600e+02   1.0683417e+02   1.1613924e-03   8.4866921e-01
   6.8090201e+02   1.0684750e+02   1.1619300e-03   8.4874264e-01
   6.8097199e+02   1.0686083e+02   1.1612018e-03   8.4881637e-01
   6.8103901e+02   1.0687417e+02   1.1618540e-03   8.4889127e-01
   6.8109601e+02   1.0688750e+02   1.1606235e-03   8.4896677e-01
   6.8117600e+02   1.0690083e+02   1.1617546e-03   8.4904276e-01
   6.8123301e+02   1.0691417e+02   1.1618051e-03   8.4911919e-01
   6.8129700e+02   1.0692750e+02   1.1621656e-03   8.4919603e-01
   6.8136600e+02   1.0694083e+02   1.1608469e-03   8.4927381e-01
   6.8144001e+02   1.0695417e+02   1.1613535e-03   8.4935152e-01
   6.8149799e+02   1.0696750e+02   1.1608204e-03   8.4942967e-01
   6.8157499e+02   1.0698083e+02   1.1616774e-03   8.4950831e-01
   6.8163700e+02   1.0699417e+02   1.1607130e-03   8.4958792e-01
   6.8170899e+02   1.0700750e+02   1.1610954e-03   8.4966904e-01
   6.8178101e+02   1.0702083e+02   1.1606169e-03   8.4975120e-01
   6.8184699e+02   1.0703417e+02   1.1605662e-03   8.4983499e-01
   6.8190500e+02   1.0704750e+02   1.1602971e-03   8.4992048e-01
   6.8197800e+02   1.0706083e+02   1.1601047e-03   8.5000668e-01
   6.8204401e+02   1.0707417e+02   1.1602790e-03   8.5009465e-01
   6.8210999e+02   1.0708750e+02   1.1595110e-03   8.5018338e-01
   6.8217701e+02   1.0710083e+02   1.1590537e-03   8.5027231e-01
   6.8223401e+02   1.0711417e+02   1.1587776e-03   8.5036137e-01
   6.8231299e+02   1.0712750e+02   1.1575801e-03   8.5045153e-01
   6.8237601e+02   1.0714083e+02   1.1565505e-03   8.5054160e-01
   6.8244401e+02   1.0715417e+02   1.1564128e-03   8.5063088e-01
   6.8250901e+02   1.0716750e+02   1.1559661e-03   8.5072071e-01
   6.8257401e+02   1.0718083e+02   1.1540380e-03   8.5080989e-01
   6.8264600e+02   1.0719417e+02   1.1529921e-03   8.5089873e-01
   6.8270801e+02   1.0720750e+02   1.1519138e-03   8.5098755e-01
   6.8277201e+02   1.0722083e+02   1.1503806e-03   8.5107626e-01
   6.8284501e+02   1.0723417e+02   1.1490566e-03   8.5116368e-01
   6.8290299e+02   1.0724750e+02   1.1473627e-03   8.5125018e-01
   6.8297800e+02   1.0726083e+02   1.1459178e-03   8.5133573e-01
   6.8303300e+02   1.0727417e+02   1.1432104e-03   8.5142078e-01
   6.8310499e+02   1.0728750e+02   1.1413571e-03   8.5150470e-01
   6.8316901e+02   1.0730083e+02   1.1402475e-03   8.5158739e-01
   6.8324100e+02   1.0731417e+02   1.1370966e-03   8.5166927e-01
   6.8330701e+02   1.0732750e+02   1.1350003e-03   8.5174925e-01
   6.8337198e+02   1.0734083e+02   1.1324514e-03   8.5182938e-01
   6.8343900e+02   1.0735417e+02   1.1309540e-03   8.5190813e-01
   6.8350599e+02   1.0736750e+02   1.1284538e-03   8.5198602e-01
   6.8356699e+02   1.0738083e+02   1.1249722e-03   8.5206358e-01
   6.8363401e+02   1.0739417e+02   1.1238192e-03   8.5214032e-01
   6.8370801e+02   1.0740750e+02   1.1219422e-03   8.5221628e-01
   6.8377201e+02   1.0742083e+02   1.1173338e-03   8.5229142e-01
   6.8383701e+02   1.0743417e+02   1.1142771e-03   8.5236632e-01
   6.8389799e+02   1.0744750e+02   1.1112808e-03   8.5244051e-01
   6.8396799e+02   1.0746083e+02   1.1086888e-03   8.5251501e-01
   6.8403501e+02   1.0747417e+02   1.1023557e-03   8.5258880e-01
   6.8409901e+02   1.0748750e+02   1.0998826e-03   8.5266145e-01
   6.8416501e+02   1.0750083e+02   1.0971773e-03   8.5273306e-01
   6.8423600e+02   1.0751417e+02   1.0942029e-03   8.5280320e-01
   6.8430201e+02   1.0752750e+02   1.0880451e-03   8.5287293e-01
   6.8436899e+02   1.0754083e+02   1.0857503e-03   8.5294032e-01
   6.8442701e+02   1.0755417e+02   1.0824939e-03   8.5300600e-01
   6.8449100e+02   1.0756750e+02   1.0786518e-03   8.5307054e-01
   6.8457499e+02   1.0758083e+02   1.0741362e-03   8.5313297e-01
   6.8463999e+02   1.0759417e+02   1.0706579e-03   8.5319536e-01
   6.8469300e+02   1.0760750e+02   1.0686579e-03   8.5325723e-01
   6.8476700e+02   1.0762083e+02   1.0650959e-03   8.5331958e-01
   6.8482599e+02   1.0763417e+02   1.0609973e-03   8.5338036e-01
   6.8489899e+02   1.0764750e+02   1.0577409e-03   8.5344065e-01
   6.8495899e+02   1.0766083e+02   1.0551268e-03   8.5350054e-01
   6.8503400e+02   1.0767417e+02   1.0524993e-03   8.5355904e-01
   6.8509299e+02   1.0768750e+02   1.0496038e-03   8.5361881e-01
   6.8517600e+02   1.0770083e+02   1.0475748e-03   8.5367992e-01
   6.8523099e+02   1.0771417e+02   1.0440421e-03   8.5374186e-01
   6.8529999e+02   1.0772750e+02   1.0410405e-03   8.5380417e-01
   6.8537400e+02   1.0774083e+02   1.0387141e-03   8.5386688e-01
   6.8543699e+02   1.0775417e+02   1.0356908e-03   8.5392848e-01
   6.8549601e+02   1.0776750e+02   1.0320585e-03   8.5398998e-01
   6.8556101e+02   1.0778083e+02   1.0306527e-03   8.5405090e-01
   6.8563099e+02   1.0779417e+02   1.0274908e-03   8.5411122e-01
   6.8569401e+02   1.0780750e+02   1.0272091e-03   8.5417151e-01
   6.8577000e+02   1.0782083e+02   1.0250748e-03   8.5423178e-01
   6.8582899e+02   1.0783417e+02   1.0216517e-03   8.5429157e-01
   6.8589100e+02   1.0784750e+02   1.0203668e-03   8.5435042e-01
   6.8596400e+02   1.0786083e+02   1.0195001e-03   8.5440947e-01
   6.8602399e+02   1.0787417e+02   1.0180670e-03   8.5446771e-01
   6.8609601e+02   1.0788750e+02   1.0161247e-03   8.5452671e-01
   6.8618000e+02   1.0790083e+02   1.0148601e-03   8.5458596e-01
   6.8622401e+02   1.0791417e+02   1.0137948e-03   8.5464442e-01
   6.8628901e+02   1.0792750e+02   1.0118867e-03   8.5470311e-01
   6.8636500e+02   1.0794083e+02   1.0111503e-03   8.5476202e-01
   6.8643299e+02   1.0795417e+02   1.0115830e-03   8.5482106e-01
   6.8649399e+02   1.0796750e+02   1.0089097e-03   8.5488019e-01
   6.8657200e+02   1.0798083e+02   1.0099220e-03   8.5493941e-01
   6.8663099e+02   1.0799417e+02   1.0098128e-03   8.5499972e-01
   6.8670301e+02   1.0800750e+02   1.0077862e-03   8.5506105e-01
   6.8676499e+02   1.0802083e+02   1.0084812e-03   8.5512280e-01
   6.8682599e+02   1.0803417e+02   1.0080261e-03   8.5518541e-01
   6.8689301e+02   1.0804750e+02   1.0072817e-03   8.5524781e-01
   6.8697700e+02   1.0806083e+02   1.0045894e-03   8.5530904e-01
   6.8702701e+02   1.0807417e+02   1.0034613e-03   8.5536816e-01
   6.8709901e+02   1.0808750e+02   1.0043154e-03   8.5542581e-01
   6.8717701e+02   1.0810083e+02   1.0029229e-03   8.5548284e-01
   6.8722901e+02   1.0811417e+02   1.0021873e-03   8.5554154e-01
   6.8730100e+02   1.0812750e+02   1.0007456e-03   8.5560260e-01
   6.8736899e+02   1.0814083e+02   1.0009721e-03   8.5566663e-01
   6.8744300e+02   1.0815417e+02   9.9954039e-04   8.5573372e-01
   6.8750001e+02   1.0816750e+02   9.9868251e-04   8.5580385e-01
   6.8756699e+02   1.0818083e+02   9.9909958e-04   8.5587484e-01
   6.8762900e+02   1.0819417e+02   9.9763851e-04   8.5594763e-01
   6.8769401e+02   1.0820750e+02   9.9759946e-04   8.5602102e-01
   6.8777100e+02   1.0822083e+02   9.9699378e-04   8.5609591e-01
   6.8783100e+02   1.0823417e+02   9.9699715e-04   8.5617118e-01
   6.8789200e+02   1.0824750e+02   9.9484605e-04   8.5624775e-01
   6.8795899e+02   1.0826083e+02   9.9506085e-04   8.5632506e-01
   6.8803101e+02   1.0827417e+02   9.9429563e-04   8.5640305e-01
   6.8808701e+02   1.0828750e+02   9.9406467e-04   8.5648225e-01
   6.8815601e+02   1.0830083e+02   9.9420127e-04   8.5656163e-01
   6.8822101e+02   1.0831417e+02   9.9383014e-04   8.5664224e-01
   6.8828901e+02   1.0832750e+02   9.9343489e-04   8.5672299e-01
   6.8835700e+02   1.0834083e+02   9.9347627e-04   8.5680434e-01
   6.8842301e+02   1.0835417e+02   9.9423800e-04   8.5688674e-01
   6.8848499e+02   1.0836750e+02   9.9339697e-04   8.5696961e-01
   6.8854899e+02   1.0838083e+02   9.9410464e-04   8.5705294e-01
   6.8862699e+02   1.0839417e+02   9.9489242e-04   8.5713716e-01
   6.8868101e+02   1.0840750e+02   9.9446061e-04   8.5722172e-01
   6.8875101e+02   1.0842083e+02   9.9465626e-04   8.5730659e-01
   6.8882499e+02   1.0843417e+02   9.9492449e-04   8.5739221e-01
   6.8887699e+02   1.0844750e+02   9.9528800e-04   8.5747804e-01
   6.8895701e+02   1.0846083e+02   9.9462138e-04   8.5756350e-01
   6.8903199e+02   1.0847417e+02   9.9485249e-04   8.5764899e-01
   6.8909299e+02   1.0848750e+02   9.9422192e-04   8.5773343e-01
   6.8915500e+02   1.0850083e+02   9.9394753e-04   8.5781624e-01
   6.8922999e+02   1.0851417e+02   9.9436591e-04   8.5789837e-01
   6.8929499e+02   1.0852750e+02   9.9510992e-04   8.5797873e-01
   6.8935700e+02   1.0854083e+02   9.9503365e-04   8.5805722e-01
   6.8943799e+02   1.0855417e+02   9.9520687e-04   8.5813479e-01
   6.8949299e+02   1.0856750e+02   9.9518139e-04   8.5821137e-01
   6.8956000e+02   1.0858083e+02   9.9555673e-04   8.5828638e-01
   6.8962000e+02   1.0859417e+02   9.9507539e-04   8.5836083e-01
   6.8968299e+02   1.0860750e+02   9.9566750e-04   8.5843365e-01
   6.8975501e+02   1.0862083e+02   9.9632361e-04   8.5850482e-01
   6.8981400e+02   1.0863417e+02   9.9525587e-04   8.5857526e-01
   6.8988801e+02   1.0864750e+02   9.9530242e-04   8.5864388e-01
   6.8995701e+02   1.0866083e+02   9.9438228e-04   8.5871167e-01
   6.9002799e+02   1.0867417e+02   9.9318619e-04   8.5877757e-01
   6.9008799e+02   1.0868750e+02   9.9350683e-04   8.5884210e-01
   6.9016199e+02   1.0870083e+02   9.9162984e-04   8.5890528e-01
   6.9022401e+02   1.0871417e+02   9.9013473e-04   8.5896610e-01
   6.9029001e+02   1.0872750e+02   9.8929114e-04   8.5902560e-01
   6.9035901e+02   1.0874083e+02   9.8737115e-04   8.5908428e-01
   6.9042100e+02   1.0875417e+02   9.8512256e-04   8.5914107e-01
   6.9048401e+02   1.0876750e+02   9.8417002e-04   8.5919697e-01
   6.9054801e+02   1.0878083e+02   9.8261846e-04   8.5925195e-01
   6.9062501e+02   1.0879417e+02   9.8090505e-04   8.5930392e-01
   6.9067802e+02   1.0880750e+02   9.7773435e-04   8.5935488e-01
   6.9075800e+02   1.0882083e+02   9.7523014e-04   8.5940490e-01
   6.9081800e+02   1.0883417e+02   9.7321682e-04   8.5945450e-01
   6.9087699e+02   1.0884750e+02   9.6999074e-04   8.5950323e-01
   6.9095499e+02   1.0886083e+02   9.6766399e-04   8.5955062e-01
   6.9101200e+02   1.0887417e+02   9.6513497e-04   8.5959785e-01
   6.9108500e+02   1.0888750e+02   9.6173908e-04   8.5964509e-01
   6.9115201e+02   1.0890083e+02   9.6066350e-04   8.5969143e-01
   6.9122401e+02   1.0891417e+02   9.5629667e-04   8.5973803e-01
   6.9128501e+02   1.0892750e+02   9.5509347e-04   8.5978343e-01
   6.9135401e+02   1.0894083e+02   9.5223644e-04   8.5982821e-01
   6.9141801e+02   1.0895417e+02   9.4995549e-04   8.5987182e-01
   6.9148801e+02   1.0896750e+02   9.4662721e-04   8.5991535e-01
   6.9154499e+02   1.0898083e+02   9.4446729e-04   8.5995887e-01
   6.9161799e+02   1.0899417e+02   9.4129932e-04   8.6000245e-01
   6.9167600e+02   1.0900750e+02   9.4025282e-04   8.6004619e-01
   6.9174799e+02   1.0902083e+02   9.3815427e-04   8.6008960e-01
   6.9182499e+02   1.0903417e+02   9.3521707e-04   8.6013218e-01
   6.9188401e+02   1.0904750e+02   9.3371045e-04   8.6017340e-01
   6.9195600e+02   1.0906083e+02   9.3349047e-04   8.6021386e-01
   6.9201301e+02   1.0907417e+02   9.3126497e-04   8.6025411e-01
   6.9208100e+02   1.0908750e+02   9.3098562e-04   8.6029423e-01
   6.9215900e+02   1.0910083e+02   9.3018564e-04   8.6033430e-01
   6.9220801e+02   1.0911417e+02   9.2905735e-04   8.6037487e-01
   6.9226801e+02   1.0912750e+02   9.2970108e-04   8.6041549e-01
   6.9235001e+02   1.0914083e+02   9.2817526e-04   8.6045719e-01
   6.9241599e+02   1.0915417e+02   9.2845937e-04   8.6049899e-01
   6.9247999e+02   1.0916750e+02   9.2815059e-04   8.6054194e-01
   6.9254700e+02   1.0918083e+02   9.2751900e-04   8.6058566e-01
   6.9261701e+02   1.0919417e+02   9.2863393e-04   8.6062979e-01
   6.9268299e+02   1.0920750e+02   9.2778707e-04   8.6067494e-01
   6.9275800e+02   1.0922083e+02   9.2828365e-04   8.6072017e-01
   6.9282599e+02   1.0923417e+02   9.2896414e-04   8.6076555e-01
   6.9288801e+02   1.0924750e+02   9.2862757e-04   8.6081172e-01
   6.9294099e+02   1.0926083e+02   9.2955993e-04   8.6085873e-01
   6.9302100e+02   1.0927417e+02   9.2699439e-04   8.6090615e-01
   6.9309000e+02   1.0928750e+02   9.2933063e-04   8.6095254e-01
   6.9315201e+02   1.0930083e+02   9.2933284e-04   8.6099906e-01
   6.9321500e+02   1.0931417e+02   9.2916272e-04   8.6104536e-01
   6.9328000e+02   1.0932750e+02   9.2867130e-04   8.6109105e-01
   6.9335099e+02   1.0934083e+02   9.2833480e-04   8.6113619e-01
   6.9341700e+02   1.0935417e+02   9.2783074e-04   8.6118181e-01
   6.9347401e+02   1.0936750e+02   9.2840641e-04   8.6122785e-01
   6.9354401e+02   1.0938083e+02   9.2870475e-04   8.6127580e-01
   6.9362000e+02   1.0939417e+02   9.2851685e-04   8.6132670e-01
   6.9367100e+02   1.0940750e+02   9.2875362e-04   8.6138117e-01
   6.9374299e+02   1.0942083e+02   9.2626336e-04   8.6143886e-01
   6.9380201e+02   1.0943417e+02   9.2704917e-04   8.6150103e-01
   6.9388499e+02   1.0944750e+02   9.2777416e-04   8.6156529e-01
   6.9393400e+02   1.0946083e+02   9.2787048e-04   8.6163170e-01
   6.9401499e+02   1.0947417e+02   9.2861433e-04   8.6169972e-01
   6.9408201e+02   1.0948750e+02   9.2842644e-04   8.6176886e-01
   6.9415400e+02   1.0950083e+02   9.2887267e-04   8.6183850e-01
   6.9420499e+02   1.0951417e+02   9.2961678e-04   8.6191058e-01
   6.9427799e+02   1.0952750e+02   9.2932148e-04   8.6198391e-01
   6.9435200e+02   1.0954083e+02   9.2984582e-04   8.6205885e-01
   6.9441501e+02   1.0955417e+02   9.3056081e-04   8.6213473e-01
   6.9447401e+02   1.0956750e+02   9.3078727e-04   8.6221245e-01
   6.9453699e+02   1.0958083e+02   9.3146698e-04   8.6229130e-01
   6.9460901e+02   1.0959417e+02   9.3060431e-04   8.6237118e-01
   6.9467399e+02   1.0960750e+02   9.3094538e-04   8.6245200e-01
   6.9473701e+02   1.0962083e+02   9.3221323e-04   8.6253368e-01
   6.9480100e+02   1.0963417e+02   9.3142839e-04   8.6261668e-01
   6.9487101e+02   1.0964750e+02   9.3214311e-04   8.6269994e-01
   6.9493900e+02   1.0966083e+02   9.3125639e-04   8.6278391e-01
   6.9500501e+02   1.0967417e+02   9.3264488e-04   8.6286849e-01
   6.9507700e+02   1.0968750e+02   9.3074060e-04   8.6295306e-01
   6.9514500e+02   1.0970083e+02   9.3204963e-04   8.6303802e-01
   6.9521000e+02   1.0971417e+02   9.3091135e-04   8.6312282e-01
   6.9527000e+02   1.0972750e+02   9.3216187e-04   8.6320686e-01
   6.9534199e+02   1.0974083e+02   9.3140235e-04   8.6329061e-01
   6.9540299e+02   1.0975417e+02   9.3125624e-04   8.6337450e-01
   6.9547700e+02   1.0976750e+02   9.3091410e-04   8.6345837e-01
   6.9554801e+02   1.0978083e+02   9.3175633e-04   8.6354258e-01
   6.9561201e+02   1.0979417e+02   9.3127947e-04   8.6362651e-01
   6.9567499e+02   1.0980750e+02   9.3169028e-04   8.6370952e-01
   6.9573301e+02   1.0982083e+02   9.3165112e-04   8.6379257e-01
   6.9580799e+02   1.0983417e+02   9.3099074e-04   8.6387610e-01
   6.9588099e+02   1.0984750e+02   9.3122686e-04   8.6395756e-01
   6.9594599e+02   1.0986083e+02   9.3123796e-04   8.6403852e-01
   6.9601401e+02   1.0987417e+02   9.3039123e-04   8.6411851e-01
   6.9607499e+02   1.0988750e+02   9.3093585e-04   8.6419752e-01
   6.9614899e+02   1.0990083e+02   9.2996389e-04   8.6427552e-01
   6.9620801e+02   1.0991417e+02   9.2797278e-04   8.6435301e-01
   6.9627701e+02   1.0992750e+02   9.2933859e-04   8.6442944e-01
   6.9634299e+02   1.0994083e+02   9.2830143e-04   8.6450533e-01
   6.9639701e+02   1.0995417e+02   9.2643463e-04   8.6458117e-01
   6.9648099e+02   1.0996750e+02   9.2548392e-04   8.6465532e-01
   6.9654999e+02   1.0998083e+02   9.2340481e-04   8.6472928e-01
   6.9660999e+02   1.0999417e+02   9.2126415e-04   8.6480246e-01
   6.9668201e+02   1.1000750e+02   9.2077261e-04   8.6487529e-01
   6.9675101e+02   1.1002083e+02   9.1929742e-04   8.6494824e-01
   6.9682200e+02   1.1003417e+02   9.1803808e-04   8.6502167e-01
   6.9687800e+02   1.1004750e+02   9.1758824e-04   8.6509457e-01
   6.9693799e+02   1.1006083e+02   9.1621382e-04   8.6516645e-01
   6.9701700e+02   1.1007417e+02   9.1348968e-04   8.6523678e-01
   6.9707899e+02   1.1008750e+02   9.1416376e-04   8.6530656e-01
   6.9715000e+02   1.1010083e+02   9.1266541e-04   8.6537518e-01
   6.9720600e+02   1.1011417e+02   9.0950526e-04   8.6544258e-01
   6.9727900e+02   1.1012750e+02   9.0983484e-04   8.6550975e-01
   6.9734699e+02   1.1014083e+02   9.0804091e-04   8.6557610e-01
   6.9740601e+02   1.1015417e+02   9.0679371e-04   8.6564156e-01
   6.9747800e+02   1.1016750e+02   9.0516500e-04   8.6570555e-01
   6.9754001e+02   1.1018083e+02   9.0482964e-04   8.6576854e-01
   6.9761600e+02   1.1019417e+02   9.0393895e-04   8.6583097e-01
   6.9767701e+02   1.1020750e+02   9.0368148e-04   8.6589284e-01
   6.9775800e+02   1.1022083e+02   9.0245745e-04   8.6595410e-01
   6.9780701e+02   1.1023417e+02   9.0144051e-04   8.6601475e-01
   6.9788199e+02   1.1024750e+02   9.0133529e-04   8.6607378e-01
   6.9794300e+02   1.1026083e+02   9.0174169e-04   8.6613178e-01
   6.9801700e+02   1.1027417e+02   9.0084382e-04   8.6618828e-01
   6.9807300e+02   1.1028750e+02   9.0094287e-04   8.6624330e-01
   6.9814899e+02   1.1030083e+02   9.0145366e-04   8.6629640e-01
   6.9820600e+02   1.1031417e+02   9.0209123e-04   8.6634767e-01
   6.9827500e+02   1.1032750e+02   9.0265793e-04   8.6639717e-01
   6.9834101e+02   1.1034083e+02   9.0374037e-04   8.6644498e-01
   6.9840400e+02   1.1035417e+02   9.0455797e-04   8.6649119e-01
   6.9846601e+02   1.1036750e+02   9.0536751e-04   8.6653539e-01
   6.9854301e+02   1.1038083e+02   9.0516298e-04   8.6657873e-01
   6.9861100e+02   1.1039417e+02   9.0755291e-04   8.6662086e-01
   6.9867499e+02   1.1040750e+02   9.0780129e-04   8.6666189e-01
   6.9874100e+02   1.1042083e+02   9.0992664e-04   8.6670291e-01
   6.9880900e+02   1.1043417e+02   9.1104639e-04   8.6674345e-01
   6.9887101e+02   1.1044750e+02   9.1246732e-04   8.6678400e-01
   6.9894700e+02   1.1046083e+02   9.1564864e-04   8.6682406e-01
   6.9901600e+02   1.1047417e+02   9.1657586e-04   8.6686311e-01
   6.9907300e+02   1.1048750e+02   9.1703498e-04   8.6690167e-01
   6.9914301e+02   1.1050083e+02   9.1952092e-04   8.6693919e-01
   6.9920600e+02   1.1051417e+02   9.2104532e-04   8.6697676e-01
   6.9927100e+02   1.1052750e+02   9.2190589e-04   8.6701492e-01
   6.9934901e+02   1.1054083e+02   9.2375247e-04   8.6705267e-01
   6.9940601e+02   1.1055417e+02   9.2532044e-04   8.6708916e-01
   6.9947501e+02   1.1056750e+02   9.2501454e-04   8.6712460e-01
   6.9954200e+02   1.1058083e+02   9.2756234e-04   8.6715922e-01
   6.9961701e+02   1.1059417e+02   9.2903676e-04   8.6719269e-01
   6.9967701e+02   1.1060750e+02   9.3149455e-04   8.6722574e-01
   6.9973701e+02   1.1062083e+02   9.3297237e-04   8.6726063e-01
   6.9980302e+02   1.1063417e+02   9.3309138e-04   8.6729752e-01
   6.9987198e+02   1.1064750e+02   9.3568196e-04   8.6733755e-01
   6.9993299e+02   1.1066083e+02   9.3647174e-04   8.6738132e-01
   7.0000699e+02   1.1067417e+02   9.3657524e-04   8.6742788e-01
   7.0007200e+02   1.1068750e+02   9.3727801e-04   8.6747678e-01
   7.0013499e+02   1.1070083e+02   9.3987932e-04   8.6752747e-01
   7.0021299e+02   1.1071417e+02   9.3936036e-04   8.6757893e-01
   7.0027399e+02   1.1072750e+02   9.4024742e-04   8.6763112e-01
   7.0033701e+02   1.1074083e+02   9.4121888e-04   8.6768402e-01
   7.0040699e+02   1.1075417e+02   9.4185531e-04   8.6773818e-01
   7.0046699e+02   1.1076750e+02   9.4212349e-04   8.6779360e-01
   7.0054600e+02   1.1078083e+02   9.4256490e-04   8.6785087e-01
   7.0060300e+02   1.1079417e+02   9.4418527e-04   8.6791000e-01
   7.0066801e+02   1.1080750e+02   9.4434615e-04   8.6797050e-01
   7.0074399e+02   1.1082083e+02   9.4561117e-04   8.6803342e-01
   7.0080399e+02   1.1083417e+02   9.4558444e-04   8.6809919e-01
   7.0087400e+02   1.1084750e+02   9.4619683e-04   8.6816565e-01
   7.0094700e+02   1.1086083e+02   9.4713983e-04   8.6823371e-01
   7.0100599e+02   1.1087417e+02   9.4712604e-04   8.6830317e-01
   7.0108201e+02   1.1088750e+02   9.4849242e-04   8.6837389e-01
   7.0113999e+02   1.1090083e+02   9.4832523e-04   8.6844473e-01
   7.0121201e+02   1.1091417e+02   9.4961041e-04   8.6851603e-01
   7.0127201e+02   1.1092750e+02   9.5013061e-04   8.6858772e-01
   7.0134299e+02   1.1094083e+02   9.5110606e-04   8.6865971e-01
   7.0140601e+02   1.1095417e+02   9.5091047e-04   8.6873243e-01
   7.0146500e+02   1.1096750e+02   9.5212054e-04   8.6880528e-01
   7.0153101e+02   1.1098083e+02   9.5193192e-04   8.6887922e-01
   7.0160700e+02   1.1099417e+02   9.5259925e-04   8.6895269e-01
   7.0167802e+02   1.1100750e+02   9.5325348e-04   8.6902566e-01
   7.0173701e+02   1.1102083e+02   9.5403987e-04   8.6909766e-01
   7.0180302e+02   1.1103417e+02   9.5345119e-04   8.6916872e-01
   7.0187101e+02   1.1104750e+02   9.5291576e-04   8.6923941e-01
   7.0193201e+02   1.1106083e+02   9.5289458e-04   8.6931031e-01
   7.0200800e+02   1.1107417e+02   9.5310832e-04   8.6938144e-01
   7.0207401e+02   1.1108750e+02   9.5332638e-04   8.6945181e-01
   7.0213599e+02   1.1110083e+02   9.5281442e-04   8.6952186e-01
   7.0220301e+02   1.1111417e+02   9.5183589e-04   8.6959098e-01
   7.0226801e+02   1.1112750e+02   9.5229185e-04   8.6965965e-01
   7.0233600e+02   1.1114083e+02   9.5221877e-04   8.6972736e-01
   7.0240201e+02   1.1115417e+02   9.5154016e-04   8.6979415e-01
   7.0245899e+02   1.1116750e+02   9.5172006e-04   8.6986042e-01
   7.0254099e+02   1.1118083e+02   9.5092671e-04   8.6992731e-01
   7.0260300e+02   1.1119417e+02   9.5056905e-04   8.6999437e-01
   7.0266901e+02   1.1120750e+02   9.5028371e-04   8.7006216e-01
   7.0274000e+02   1.1122083e+02   9.5012531e-04   8.7013021e-01
   7.0280900e+02   1.1123417e+02   9.4957622e-04   8.7019806e-01
   7.0287501e+02   1.1124750e+02   9.4863610e-04   8.7026676e-01
   7.0292399e+02   1.1126083e+02   9.4913103e-04   8.7033578e-01
   7.0300599e+02   1.1127417e+02   9.5011061e-04   8.7040564e-01
   7.0307899e+02   1.1128750e+02   9.4886489e-04   8.7047480e-01
   7.0314100e+02   1.1130083e+02   9.4851263e-04   8.7054431e-01
   7.0320801e+02   1.1131417e+02   9.4874774e-04   8.7061413e-01
   7.0327100e+02   1.1132750e+02   9.4862895e-04   8.7068320e-01
   7.0332999e+02   1.1134083e+02   9.4838107e-04   8.7075205e-01
   7.0340601e+02   1.1135417e+02   9.4779584e-04   8.7082055e-01
   7.0347700e+02   1.1136750e+02   9.4682853e-04   8.7088802e-01
   7.0353501e+02   1.1138083e+02   9.4714450e-04   8.7095593e-01
   7.0360599e+02   1.1139417e+02   9.4624175e-04   8.7102472e-01
   7.0365500e+02   1.1140750e+02   9.4495216e-04   8.7109382e-01
   7.0372999e+02   1.1142083e+02   9.4599924e-04   8.7116218e-01
   7.0380399e+02   1.1143417e+02   9.4527270e-04   8.7122930e-01
   7.0386301e+02   1.1144750e+02   9.4549463e-04   8.7129470e-01
   7.0394099e+02   1.1146083e+02   9.4482957e-04   8.7135940e-01
   7.0400001e+02   1.1147417e+02   9.4595390e-04   8.7142187e-01
   7.0406299e+02   1.1148750e+02   9.4542385e-04   8.7148315e-01
   7.0413401e+02   1.1150083e+02   9.4554089e-04   8.7154466e-01
   7.0419599e+02   1.1151417e+02   9.4434222e-04   8.7160532e-01
   7.0426401e+02   1.1152750e+02   9.4651923e-04   8.7166548e-01
   7.0433900e+02   1.1154083e+02   9.4603943e-04   8.7172501e-01
   7.0439600e+02   1.1155417e+02   9.4540945e-04   8.7178327e-01
   7.0446699e+02   1.1156750e+02   9.4637713e-04   8.7184067e-01
   7.0453400e+02   1.1158083e+02   9.4714878e-04   8.7189717e-01
   7.0460300e+02   1.1159417e+02   9.4832892e-04   8.7195326e-01
   7.0466901e+02   1.1160750e+02   9.4879707e-04   8.7200843e-01
   7.0472800e+02   1.1162083e+02   9.4933332e-04   8.7206267e-01
   7.0479499e+02   1.1163417e+02   9.5057795e-04   8.7211654e-01
   7.0485401e+02   1.1164750e+02   9.5148095e-04   8.7217059e-01
   7.0494001e+02   1.1166083e+02   9.5197289e-04   8.7222434e-01
   7.0499000e+02   1.1167417e+02   9.5281742e-04   8.7227738e-01
   7.0507200e+02   1.1168750e+02   9.5372857e-04   8.7233030e-01
   7.0513499e+02   1.1170083e+02   9.5418730e-04   8.7238372e-01
   7.0520499e+02   1.1171417e+02   9.5485986e-04   8.7243672e-01
   7.0526200e+02   1.1172750e+02   9.5629456e-04   8.7248997e-01
   7.0533301e+02   1.1174083e+02   9.5805433e-04   8.7254309e-01
   7.0539100e+02   1.1175417e+02   9.5887477e-04   8.7259613e-01
   7.0546201e+02   1.1176750e+02   9.5915747e-04   8.7264863e-01
   7.0552000e+02   1.1178083e+02   9.5973831e-04   8.7270058e-01
   7.0560200e+02   1.1179417e+02   9.5908604e-04   8.7275248e-01
   7.0566599e+02   1.1180750e+02   9.6031443e-04   8.7280436e-01
   7.0573401e+02   1.1182083e+02   9.6098492e-04   8.7285623e-01
   7.0579899e+02   1.1183417e+02   9.6301650e-04   8.7290810e-01
   7.0586600e+02   1.1184750e+02   9.6228439e-04   8.7295998e-01
   7.0593101e+02   1.1186083e+02   9.6180186e-04   8.7301182e-01
   7.0600800e+02   1.1187417e+02   9.6249324e-04   8.7306359e-01
   7.0607401e+02   1.1188750e+02   9.6198196e-04   8.7311745e-01
   7.0613599e+02   1.1190083e+02   9.6250027e-04   8.7317303e-01
   7.0620399e+02   1.1191417e+02   9.6239574e-04   8.7323098e-01
   7.0627000e+02   1.1192750e+02   9.6322150e-04   8.7329096e-01
   7.0633600e+02   1.1194083e+02   9.6265188e-04   8.7335315e-01
   7.0641099e+02   1.1195417e+02   9.6284675e-04   8.7341663e-01
   7.0646601e+02   1.1196750e+02   9.6384947e-04   8.7348142e-01
   7.0653199e+02   1.1198083e+02   9.6177043e-04   8.7354599e-01
   7.0660200e+02   1.1199417e+02   9.6094809e-04   8.7360982e-01
   7.0666999e+02   1.1200750e+02   9.6135811e-04   8.7367344e-01
   7.0673099e+02   1.1202083e+02   9.5983409e-04   8.7373687e-01
   7.0680100e+02   1.1203417e+02   9.5958210e-04   8.7380061e-01
   7.0686500e+02   1.1204750e+02   9.5857699e-04   8.7386471e-01
   7.0692499e+02   1.1206083e+02   9.5914179e-04   8.7392876e-01
   7.0700101e+02   1.1207417e+02   9.5958987e-04   8.7399289e-01
   7.0707300e+02   1.1208750e+02   9.5807263e-04   8.7405720e-01
   7.0712900e+02   1.1210083e+02   9.5831927e-04   8.7412183e-01
   7.0720499e+02   1.1211417e+02   9.5730011e-04   8.7418689e-01
   7.0727100e+02   1.1212750e+02   9.5845940e-04   8.7425289e-01
   7.0734000e+02   1.1214083e+02   9.5763526e-04   8.7432082e-01
   7.0740699e+02   1.1215417e+02   9.5708523e-04   8.7438962e-01
   7.0747001e+02   1.1216750e+02   9.5720859e-04   8.7445910e-01
   7.0753699e+02   1.1218083e+02   9.5628469e-04   8.7452964e-01
   7.0760499e+02   1.1219417e+02   9.5575491e-04   8.7460106e-01
   7.0766401e+02   1.1220750e+02   9.5413179e-04   8.7467262e-01
   7.0773401e+02   1.1222083e+02   9.5454355e-04   8.7474415e-01
   7.0779700e+02   1.1223417e+02   9.5204743e-04   8.7481557e-01
   7.0786500e+02   1.1224750e+02   9.5329719e-04   8.7488676e-01
   7.0792301e+02   1.1226083e+02   9.5195726e-04   8.7495765e-01
   7.0799698e+02   1.1227417e+02   9.5155201e-04   8.7502866e-01
   7.0805399e+02   1.1228750e+02   9.5092527e-04   8.7509868e-01
   7.0812699e+02   1.1230083e+02   9.4986744e-04   8.7516814e-01
   7.0819099e+02   1.1231417e+02   9.4933345e-04   8.7523645e-01
   7.0826499e+02   1.1232750e+02   9.4951255e-04   8.7530460e-01
   7.0833399e+02   1.1234083e+02   9.4802345e-04   8.7537308e-01
   7.0839899e+02   1.1235417e+02   9.4731991e-04   8.7544189e-01
   7.0844901e+02   1.1236750e+02   9.4620402e-04   8.7551062e-01
   7.0853199e+02   1.1238083e+02   9.4577631e-04   8.7557985e-01
   7.0859800e+02   1.1239417e+02   9.4332257e-04   8.7564908e-01
   7.0865699e+02   1.1240750e+02   9.4237911e-04   8.7571880e-01
   7.0872401e+02   1.1242083e+02   9.4135913e-04   8.7578901e-01
   7.0879801e+02   1.1243417e+02   9.4016375e-04   8.7585869e-01
   7.0886100e+02   1.1244750e+02   9.3912082e-04   8.7592833e-01
   7.0893201e+02   1.1246083e+02   9.3789628e-04   8.7599842e-01
   7.0899299e+02   1.1247417e+02   9.3499024e-04   8.7606945e-01
   7.0906400e+02   1.1248750e+02   9.3364497e-04   8.7614191e-01
   7.0912501e+02   1.1250083e+02   9.3225428e-04   8.7621419e-01
   7.0919199e+02   1.1251417e+02   9.3006390e-04   8.7628728e-01
   7.0926200e+02   1.1252750e+02   9.2858483e-04   8.7636066e-01
   7.0932599e+02   1.1254083e+02   9.2647920e-04   8.7643427e-01
   7.0938599e+02   1.1255417e+02   9.2390422e-04   8.7650809e-01
   7.0945301e+02   1.1256750e+02   9.2269270e-04   8.7658262e-01
   7.0952201e+02   1.1258083e+02   9.1993021e-04   8.7665631e-01
   7.0959501e+02   1.1259417e+02   9.1771761e-04   8.7672967e-01
   7.0966001e+02   1.1260750e+02   9.1427032e-04   8.7680312e-01
   7.0971900e+02   1.1262083e+02   9.1233246e-04   8.7687667e-01
   7.0979499e+02   1.1263417e+02   9.0946115e-04   8.7695031e-01
   7.0986301e+02   1.1264750e+02   9.0676572e-04   8.7702298e-01
   7.0992100e+02   1.1266083e+02   9.0430333e-04   8.7709672e-01
   7.0998899e+02   1.1267417e+02   9.0229186e-04   8.7717188e-01
   7.1007499e+02   1.1268750e+02   8.9936432e-04   8.7724726e-01
   7.1013401e+02   1.1270083e+02   8.9732601e-04   8.7732317e-01
   7.1019999e+02   1.1271417e+02   8.9556173e-04   8.7739842e-01
   7.1027000e+02   1.1272750e+02   8.9284750e-04   8.7747186e-01
   7.1033799e+02   1.1274083e+02   8.9103556e-04   8.7754439e-01
   7.1039701e+02   1.1275417e+02   8.8887284e-04   8.7761596e-01
   7.1045899e+02   1.1276750e+02   8.8646120e-04   8.7768758e-01
   7.1053901e+02   1.1278083e+02   8.8382538e-04   8.7775883e-01
   7.1060901e+02   1.1279417e+02   8.8159396e-04   8.7782827e-01
   7.1067399e+02   1.1280750e+02   8.8074140e-04   8.7789709e-01
   7.1074299e+02   1.1282083e+02   8.7880738e-04   8.7796445e-01
   7.1080500e+02   1.1283417e+02   8.7642742e-04   8.7802937e-01
   7.1086899e+02   1.1284750e+02   8.7528903e-04   8.7809197e-01
   7.1093299e+02   1.1286083e+02   8.7425272e-04   8.7815230e-01
   7.1099900e+02   1.1287417e+02   8.7241357e-04   8.7821039e-01
   7.1105601e+02   1.1288750e+02   8.7207868e-04   8.7826729e-01
   7.1113199e+02   1.1290083e+02   8.7090919e-04   8.7832343e-01
   7.1119901e+02   1.1291417e+02   8.7093677e-04   8.7837929e-01
   7.1126600e+02   1.1292750e+02   8.6941463e-04   8.7843477e-01
   7.1132401e+02   1.1294083e+02   8.6939459e-04   8.7849030e-01
   7.1140400e+02   1.1295417e+02   8.6869153e-04   8.7854579e-01
   7.1146500e+02   1.1296750e+02   8.6771730e-04   8.7860068e-01
   7.1152799e+02   1.1298083e+02   8.6831528e-04   8.7865490e-01
   7.1160599e+02   1.1299417e+02   8.6786477e-04   8.7870791e-01
   7.1167301e+02   1.1300750e+02   8.6639871e-04   8.7876125e-01
   7.1173099e+02   1.1302083e+02   8.6570602e-04   8.7881387e-01
   7.1179401e+02   1.1303417e+02   8.6462228e-04   8.7886624e-01
   7.1185401e+02   1.1304750e+02   8.6404694e-04   8.7891788e-01
   7.1193299e+02   1.1306083e+02   8.6321973e-04   8.7896983e-01
   7.1199900e+02   1.1307417e+02   8.6194881e-04   8.7902162e-01
   7.1206299e+02   1.1308750e+02   8.6046366e-04   8.7907274e-01
   7.1212699e+02   1.1310083e+02   8.5923294e-04   8.7912372e-01
   7.1218900e+02   1.1311417e+02   8.5888206e-04   8.7917406e-01
   7.1225501e+02   1.1312750e+02   8.5740234e-04   8.7922377e-01
   7.1232599e+02   1.1314083e+02   8.5655573e-04   8.7927235e-01
   7.1240400e+02   1.1315417e+02   8.5523935e-04   8.7932034e-01
   7.1246100e+02   1.1316750e+02   8.5353829e-04   8.7936773e-01
   7.1252701e+02   1.1318083e+02   8.5301703e-04   8.7941453e-01
   7.1259699e+02   1.1319417e+02   8.5096246e-04   8.7946018e-01
   7.1266501e+02   1.1320750e+02   8.4974163e-04   8.7950518e-01
   7.1273301e+02   1.1322083e+02   8.4855535e-04   8.7954851e-01
   7.1278901e+02   1.1323417e+02   8.4683714e-04   8.7959119e-01
   7.1286600e+02   1.1324750e+02   8.4498374e-04   8.7963220e-01
   7.1293699e+02   1.1326083e+02   8.4325900e-04   8.7967208e-01
   7.1299299e+02   1.1327417e+02   8.4394200e-04   8.7971089e-01
   7.1305900e+02   1.1328750e+02   8.4122623e-04   8.7974867e-01
   7.1312900e+02   1.1330083e+02   8.3986551e-04   8.7978446e-01
   7.1319300e+02   1.1331417e+02   8.3801909e-04   8.7981940e-01
   7.1326099e+02   1.1332750e+02   8.3677288e-04   8.7985460e-01
   7.1333201e+02   1.1334083e+02   8.3582300e-04   8.7988963e-01
   7.1338999e+02   1.1335417e+02   8.3553056e-04   8.7992460e-01
   7.1346799e+02   1.1336750e+02   8.3291706e-04   8.7995906e-01
   7.1353101e+02   1.1338083e+02   8.3155186e-04   8.7999314e-01
   7.1359101e+02   1.1339417e+02   8.3093581e-04   8.8002802e-01
   7.1366199e+02   1.1340750e+02   8.3002529e-04   8.8006338e-01
   7.1372599e+02   1.1342083e+02   8.3084581e-04   8.8009991e-01
   7.1378599e+02   1.1343417e+02   8.2912648e-04   8.8013730e-01
   7.1386399e+02   1.1344750e+02   8.2777771e-04   8.8017671e-01
   7.1391901e+02   1.1346083e+02   8.2745691e-04   8.8021668e-01
   7.1399601e+02   1.1347417e+02   8.2583102e-04   8.8025769e-01
   7.1406800e+02   1.1348750e+02   8.2579567e-04   8.8029970e-01
   7.1412198e+02   1.1350083e+02   8.2462250e-04   8.8034164e-01
   7.1419999e+02   1.1351417e+02   8.2334051e-04   8.8038444e-01
   7.1426301e+02   1.1352750e+02   8.2281385e-04   8.8042651e-01
   7.1432200e+02   1.1354083e+02   8.2127477e-04   8.8046781e-01
   7.1439500e+02   1.1355417e+02   8.1986552e-04   8.8050932e-01
   7.1445200e+02   1.1356750e+02   8.1913417e-04   8.8055059e-01
   7.1452299e+02   1.1358083e+02   8.1799265e-04   8.8059167e-01
   7.1459601e+02   1.1359417e+02   8.1633562e-04   8.8063358e-01
   7.1465601e+02   1.1360750e+02   8.1474883e-04   8.8067532e-01
   7.1472599e+02   1.1362083e+02   8.1291909e-04   8.8071791e-01
   7.1478901e+02   1.1363417e+02   8.1134421e-04   8.8076088e-01
   7.1485499e+02   1.1364750e+02   8.0952809e-04   8.8080429e-01
   7.1492499e+02   1.1366083e+02   8.0801182e-04   8.8084869e-01
   7.1498899e+02   1.1367417e+02   8.0513913e-04   8.8089161e-01
   7.1505399e+02   1.1368750e+02   8.0398914e-04   8.8093425e-01
   7.1511701e+02   1.1370083e+02   8.0093753e-04   8.8097779e-01
   7.1519001e+02   1.1371417e+02   7.9882270e-04   8.8102136e-01
   7.1525901e+02   1.1372750e+02   7.9538955e-04   8.8106511e-01
   7.1533500e+02   1.1374083e+02   7.9322287e-04   8.8110960e-01
   7.1538499e+02   1.1375417e+02   7.9009910e-04   8.8115538e-01
   7.1546201e+02   1.1376750e+02   7.8727531e-04   8.8120299e-01
   7.1551600e+02   1.1378083e+02   7.8418468e-04   8.8125288e-01
   7.1559101e+02   1.1379417e+02   7.8139458e-04   8.8130399e-01
   7.1565500e+02   1.1380750e+02   7.7727220e-04   8.8135580e-01
   7.1573499e+02   1.1382083e+02   7.7422303e-04   8.8140869e-01
   7.1579401e+02   1.1383417e+02   7.7031420e-04   8.8146212e-01
   7.1585700e+02   1.1384750e+02   7.6691771e-04   8.8151656e-01
   7.1592802e+02   1.1386083e+02   7.6396109e-04   8.8157101e-01
   7.1598600e+02   1.1387417e+02   7.5935936e-04   8.8162598e-01
   7.1604999e+02   1.1388750e+02   7.5588633e-04   8.8168195e-01
   7.1612400e+02   1.1390083e+02   7.5242895e-04   8.8173840e-01
   7.1619199e+02   1.1391417e+02   7.4985511e-04   8.8179585e-01
   7.1625599e+02   1.1392750e+02   7.4598810e-04   8.8185532e-01
   7.1632899e+02   1.1394083e+02   7.4348242e-04   8.8191565e-01
   7.1639500e+02   1.1395417e+02   7.4063658e-04   8.8197731e-01
   7.1645600e+02   1.1396750e+02   7.3720013e-04   8.8204070e-01
   7.1652201e+02   1.1398083e+02   7.3613260e-04   8.8210574e-01
   7.1659501e+02   1.1399417e+02   7.3413157e-04   8.8217128e-01
   7.1665500e+02   1.1400750e+02   7.3103397e-04   8.8223654e-01
   7.1672800e+02   1.1402083e+02   7.2809455e-04   8.8230130e-01
   7.1679001e+02   1.1403417e+02   7.2650763e-04   8.8236479e-01
   7.1685401e+02   1.1404750e+02   7.2392577e-04   8.8242833e-01
   7.1692301e+02   1.1406083e+02   7.2181803e-04   8.8249227e-01
   7.1698499e+02   1.1407417e+02   7.2034083e-04   8.8255543e-01
   7.1705399e+02   1.1408750e+02   7.1777655e-04   8.8261820e-01
   7.1711500e+02   1.1410083e+02   7.1546717e-04   8.8267993e-01
   7.1719001e+02   1.1411417e+02   7.1455140e-04   8.8274157e-01
   7.1725599e+02   1.1412750e+02   7.1189703e-04   8.8280363e-01
   7.1732200e+02   1.1414083e+02   7.1044328e-04   8.8286611e-01
   7.1738801e+02   1.1415417e+02   7.0821780e-04   8.8292909e-01
   7.1745499e+02   1.1416750e+02   7.0667816e-04   8.8299262e-01
   7.1751899e+02   1.1418083e+02   7.0562790e-04   8.8305686e-01
   7.1758100e+02   1.1419417e+02   7.0426675e-04   8.8312094e-01
   7.1765900e+02   1.1420750e+02   7.0290120e-04   8.8318505e-01
   7.1771400e+02   1.1422083e+02   7.0253758e-04   8.8324831e-01
   7.1778400e+02   1.1423417e+02   7.0082234e-04   8.8331078e-01
   7.1784800e+02   1.1424750e+02   6.9952885e-04   8.8337249e-01
   7.1791199e+02   1.1426083e+02   6.9882048e-04   8.8343289e-01
   7.1798600e+02   1.1427417e+02   6.9719747e-04   8.8349195e-01
   7.1803800e+02   1.1428750e+02   6.9631867e-04   8.8354964e-01
   7.1811799e+02   1.1430083e+02   6.9581538e-04   8.8360694e-01
   7.1819001e+02   1.1431417e+02   6.9438099e-04   8.8366231e-01
   7.1825001e+02   1.1432750e+02   6.9329096e-04   8.8371733e-01
   7.1832001e+02   1.1434083e+02   6.9245447e-04   8.8377049e-01
   7.1838199e+02   1.1435417e+02   6.9110568e-04   8.8382282e-01
   7.1845600e+02   1.1436750e+02   6.9057790e-04   8.8387282e-01
   7.1850901e+02   1.1438083e+02   6.9109076e-04   8.8392164e-01
   7.1858100e+02   1.1439417e+02   6.8963456e-04   8.8396929e-01
   7.1864899e+02   1.1440750e+02   6.8876944e-04   8.8401579e-01
   7.1871601e+02   1.1442083e+02   6.8909255e-04   8.8406165e-01
   7.1879001e+02   1.1443417e+02   6.8891756e-04   8.8410689e-01
   7.1885599e+02   1.1444750e+02   6.8748380e-04   8.8415243e-01
   7.1890699e+02   1.1446083e+02   6.8740381e-04   8.8419770e-01
   7.1898401e+02   1.1447417e+02   6.8560872e-04   8.8424367e-01
   7.1904899e+02   1.1448750e+02   6.8590359e-04   8.8428925e-01
   7.1911301e+02   1.1450083e+02   6.8496456e-04   8.8433439e-01
   7.1918601e+02   1.1451417e+02   6.8546779e-04   8.8437856e-01
   7.1924799e+02   1.1452750e+02   6.8519928e-04   8.8442222e-01
   7.1931101e+02   1.1454083e+02   6.8501204e-04   8.8446485e-01
   7.1938901e+02   1.1455417e+02   6.8468330e-04   8.8450698e-01
   7.1944800e+02   1.1456750e+02   6.8533649e-04   8.8454859e-01
   7.1952000e+02   1.1458083e+02   6.8574521e-04   8.8459017e-01
   7.1957599e+02   1.1459417e+02   6.8535095e-04   8.8463125e-01
   7.1965500e+02   1.1460750e+02   6.8466465e-04   8.8467186e-01
   7.1971201e+02   1.1462083e+02   6.8462167e-04   8.8471253e-01
   7.1977601e+02   1.1463417e+02   6.8580284e-04   8.8475332e-01
   7.1984601e+02   1.1464750e+02   6.8568853e-04   8.8479483e-01
   7.1991199e+02   1.1466083e+02   6.8534101e-04   8.8483598e-01
   7.1997199e+02   1.1467417e+02   6.8631244e-04   8.8487826e-01
   7.2004001e+02   1.1468750e+02   6.8715042e-04   8.8492153e-01
   7.2011100e+02   1.1470083e+02   6.8697397e-04   8.8496573e-01
   7.2018000e+02   1.1471417e+02   6.8861714e-04   8.8501081e-01
   7.2024900e+02   1.1472750e+02   6.8975268e-04   8.8505625e-01
   7.2031400e+02   1.1474083e+02   6.9072436e-04   8.8510208e-01
   7.2038199e+02   1.1475417e+02   6.9163703e-04   8.8514829e-01
   7.2043601e+02   1.1476750e+02   6.9366712e-04   8.8519540e-01
   7.2051499e+02   1.1478083e+02   6.9492216e-04   8.8524137e-01
   7.2059000e+02   1.1479417e+02   6.9548427e-04   8.8528725e-01
   7.2065299e+02   1.1480750e+02   6.9660917e-04   8.8533245e-01
   7.2071601e+02   1.1482083e+02   6.9773647e-04   8.8537641e-01
   7.2077701e+02   1.1483417e+02   6.9837329e-04   8.8542012e-01
   7.2085401e+02   1.1484750e+02   7.0012799e-04   8.8546199e-01
   7.2091501e+02   1.1486083e+02   7.0096170e-04   8.8550357e-01
   7.2098099e+02   1.1487417e+02   7.0161178e-04   8.8554486e-01
   7.2105601e+02   1.1488750e+02   7.0227035e-04   8.8558535e-01
   7.2112501e+02   1.1490083e+02   7.0322254e-04   8.8562610e-01
   7.2118500e+02   1.1491417e+02   7.0303036e-04   8.8566616e-01
   7.2125300e+02   1.1492750e+02   7.0316921e-04   8.8570506e-01
   7.2132700e+02   1.1494083e+02   7.0324168e-04   8.8574383e-01
   7.2138001e+02   1.1495417e+02   7.0370406e-04   8.8578196e-01
   7.2145801e+02   1.1496750e+02   7.0350861e-04   8.8581997e-01
   7.2152399e+02   1.1498083e+02   7.0401858e-04   8.8585835e-01
   7.2158399e+02   1.1499417e+02   7.0417457e-04   8.8589606e-01
   7.2165800e+02   1.1500750e+02   7.0360549e-04   8.8593527e-01
   7.2170801e+02   1.1502083e+02   7.0408105e-04   8.8597561e-01
   7.2178101e+02   1.1503417e+02   7.0412382e-04   8.8601668e-01
   7.2185499e+02   1.1504750e+02   7.0487122e-04   8.8605910e-01
   7.2191001e+02   1.1506083e+02   7.0553075e-04   8.8610254e-01
   7.2198200e+02   1.1507417e+02   7.0425749e-04   8.8614610e-01
   7.2204600e+02   1.1508750e+02   7.0455880e-04   8.8618986e-01
   7.2212198e+02   1.1510083e+02   7.0441400e-04   8.8623337e-01
   7.2218299e+02   1.1511417e+02   7.0474955e-04   8.8627612e-01
   7.2225400e+02   1.1512750e+02   7.0483045e-04   8.8631864e-01
   7.2232200e+02   1.1514083e+02   7.0444751e-04   8.8636151e-01
   7.2238099e+02   1.1515417e+02   7.0409138e-04   8.8640421e-01
   7.2244800e+02   1.1516750e+02   7.0271652e-04   8.8644729e-01
   7.2252000e+02   1.1518083e+02   7.0294562e-04   8.8649028e-01
   7.2258399e+02   1.1519417e+02   7.0295617e-04   8.8653480e-01
   7.2265500e+02   1.1520750e+02   7.0185815e-04   8.8657989e-01
   7.2272300e+02   1.1522083e+02   7.0158527e-04   8.8662559e-01
   7.2278699e+02   1.1523417e+02   7.0041362e-04   8.8667195e-01
   7.2284901e+02   1.1524750e+02   7.0062036e-04   8.8671905e-01
   7.2292100e+02   1.1526083e+02   6.9938845e-04   8.8676636e-01
   7.2298099e+02   1.1527417e+02   6.9798770e-04   8.8681333e-01
   7.2305900e+02   1.1528750e+02   6.9755854e-04   8.8686050e-01
   7.2311201e+02   1.1530083e+02   6.9618635e-04   8.8690727e-01
   7.2318000e+02   1.1531417e+02   6.9425747e-04   8.8695407e-01
   7.2324799e+02   1.1532750e+02   6.9277819e-04   8.8700083e-01
   7.2332099e+02   1.1534083e+02   6.9054383e-04   8.8704692e-01
   7.2337601e+02   1.1535417e+02   6.8868266e-04   8.8709275e-01
   7.2344800e+02   1.1536750e+02   6.8727819e-04   8.8713826e-01
   7.2351099e+02   1.1538083e+02   6.8559135e-04   8.8718281e-01
   7.2358799e+02   1.1539417e+02   6.8364266e-04   8.8722628e-01
   7.2365201e+02   1.1540750e+02   6.8173049e-04   8.8726906e-01
   7.2371299e+02   1.1542083e+02   6.7991754e-04   8.8731061e-01
   7.2378101e+02   1.1543417e+02   6.7854321e-04   8.8735137e-01
   7.2384800e+02   1.1544750e+02   6.7666703e-04   8.8739124e-01
   7.2391501e+02   1.1546083e+02   6.7432193e-04   8.8742967e-01
   7.2399201e+02   1.1547417e+02   6.7323769e-04   8.8746661e-01
   7.2404999e+02   1.1548750e+02   6.7131453e-04   8.8750257e-01
   7.2411500e+02   1.1550083e+02   6.6914058e-04   8.8753700e-01
   7.2418500e+02   1.1551417e+02   6.6816209e-04   8.8757097e-01
   7.2424201e+02   1.1552750e+02   6.6626550e-04   8.8760454e-01
   7.2431501e+02   1.1554083e+02   6.6486042e-04   8.8763831e-01
   7.2437601e+02   1.1555417e+02   6.6362800e-04   8.8767191e-01
   7.2445899e+02   1.1556750e+02   6.6211200e-04   8.8770592e-01
   7.2452201e+02   1.1558083e+02   6.6013553e-04   8.8773986e-01
   7.2459199e+02   1.1559417e+02   6.5878908e-04   8.8777380e-01
   7.2465400e+02   1.1560750e+02   6.5672700e-04   8.8780779e-01
   7.2471400e+02   1.1562083e+02   6.5536636e-04   8.8784238e-01
   7.2478400e+02   1.1563417e+02   6.5348197e-04   8.8787750e-01
   7.2485099e+02   1.1564750e+02   6.5199827e-04   8.8791417e-01
   7.2492399e+02   1.1566083e+02   6.5111131e-04   8.8795184e-01
   7.2498801e+02   1.1567417e+02   6.4945099e-04   8.8799056e-01
   7.2505799e+02   1.1568750e+02   6.4785611e-04   8.8802984e-01
   7.2513001e+02   1.1570083e+02   6.4582987e-04   8.8807081e-01
   7.2518799e+02   1.1571417e+02   6.4499223e-04   8.8811358e-01
   7.2525400e+02   1.1572750e+02   6.4352724e-04   8.8815720e-01
   7.2532200e+02   1.1574083e+02   6.4119655e-04   8.8820224e-01
   7.2538300e+02   1.1575417e+02   6.3924990e-04   8.8824918e-01
   7.2545801e+02   1.1576750e+02   6.3892667e-04   8.8829747e-01
   7.2552299e+02   1.1578083e+02   6.3753690e-04   8.8834552e-01
   7.2558900e+02   1.1579417e+02   6.3708721e-04   8.8839429e-01
   7.2565900e+02   1.1580750e+02   6.3644509e-04   8.8844316e-01
   7.2571799e+02   1.1582083e+02   6.3467071e-04   8.8849161e-01
   7.2578300e+02   1.1583417e+02   6.3384282e-04   8.8854061e-01
   7.2585999e+02   1.1584750e+02   6.3369856e-04   8.8858971e-01
   7.2591001e+02   1.1586083e+02   6.3402763e-04   8.8863937e-01
   7.2598801e+02   1.1587417e+02   6.3359948e-04   8.8868915e-01
   7.2605302e+02   1.1588750e+02   6.3439778e-04   8.8873959e-01
   7.2612601e+02   1.1590083e+02   6.3491994e-04   8.8878924e-01
   7.2618101e+02   1.1591417e+02   6.3522466e-04   8.8883864e-01
   7.2625300e+02   1.1592750e+02   6.3560072e-04   8.8888792e-01
   7.2631599e+02   1.1594083e+02   6.3697366e-04   8.8893767e-01
   7.2637699e+02   1.1595417e+02   6.3795929e-04   8.8898743e-01
   7.2645099e+02   1.1596750e+02   6.3996862e-04   8.8903778e-01
   7.2652601e+02   1.1598083e+02   6.4212973e-04   8.8908826e-01
   7.2658701e+02   1.1599417e+02   6.4432077e-04   8.8913890e-01
   7.2664701e+02   1.1600750e+02   6.4637320e-04   8.8918862e-01
   7.2672001e+02   1.1602083e+02   6.4961638e-04   8.8923734e-01
   7.2678501e+02   1.1603417e+02   6.5171455e-04   8.8928547e-01
   7.2684901e+02   1.1604750e+02   6.5476181e-04   8.8933294e-01
   7.2691700e+02   1.1606083e+02   6.5755559e-04   8.8937971e-01
   7.2698600e+02   1.1607417e+02   6.5998061e-04   8.8942679e-01
   7.2705399e+02   1.1608750e+02   6.6335093e-04   8.8947310e-01
   7.2712198e+02   1.1610083e+02   6.6603080e-04   8.8951861e-01
   7.2718601e+02   1.1611417e+02   6.6938572e-04   8.8956486e-01
   7.2725999e+02   1.1612750e+02   6.7166159e-04   8.8961132e-01
   7.2731901e+02   1.1614083e+02   6.7483095e-04   8.8965691e-01
   7.2738599e+02   1.1615417e+02   6.7745781e-04   8.8970269e-01
   7.2745399e+02   1.1616750e+02   6.8064508e-04   8.8974811e-01
   7.2752100e+02   1.1618083e+02   6.8370208e-04   8.8979417e-01
   7.2758701e+02   1.1619417e+02   6.8710759e-04   8.8983986e-01
   7.2765601e+02   1.1620750e+02   6.9073604e-04   8.8988567e-01
   7.2771699e+02   1.1622083e+02   6.9315657e-04   8.8993155e-01
   7.2777500e+02   1.1623417e+02   6.9717832e-04   8.8997746e-01
   7.2785401e+02   1.1624750e+02   7.0001557e-04   8.9002439e-01
   7.2790299e+02   1.1626083e+02   7.0302852e-04   8.9007183e-01
   7.2798701e+02   1.1627417e+02   7.0601615e-04   8.9011923e-01
   7.2804801e+02   1.1628750e+02   7.0844336e-04   8.9016608e-01
   7.2811701e+02   1.1630083e+02   7.1224774e-04   8.9021336e-01
   7.2817802e+02   1.1631417e+02   7.1410602e-04   8.9025849e-01
   7.2825901e+02   1.1632750e+02   7.1618563e-04   8.9030259e-01
   7.2832001e+02   1.1634083e+02   7.1935112e-04   8.9034665e-01
   7.2838901e+02   1.1635417e+02   7.2122826e-04   8.9039016e-01
   7.2844599e+02   1.1636750e+02   7.2334964e-04   8.9043313e-01
   7.2851600e+02   1.1638083e+02   7.2429857e-04   8.9047603e-01
   7.2857599e+02   1.1639417e+02   7.2672908e-04   8.9051889e-01
   7.2864600e+02   1.1640750e+02   7.2777455e-04   8.9056225e-01
   7.2872101e+02   1.1642083e+02   7.2883382e-04   8.9060659e-01
   7.2878199e+02   1.1643417e+02   7.2987956e-04   8.9065187e-01
   7.2885300e+02   1.1644750e+02   7.3034120e-04   8.9069757e-01
   7.2890601e+02   1.1646083e+02   7.3166121e-04   8.9074417e-01
   7.2897901e+02   1.1647417e+02   7.3333970e-04   8.9079165e-01
   7.2904099e+02   1.1648750e+02   7.3371787e-04   8.9083894e-01
   7.2911500e+02   1.1650083e+02   7.3511284e-04   8.9088703e-01
   7.2918201e+02   1.1651417e+02   7.3568595e-04   8.9093540e-01
   7.2925300e+02   1.1652750e+02   7.3605435e-04   8.9098306e-01
   7.2931299e+02   1.1654083e+02   7.3726354e-04   8.9103199e-01
   7.2938099e+02   1.1655417e+02   7.3781162e-04   8.9108062e-01
   7.2945600e+02   1.1656750e+02   7.3694194e-04   8.9112993e-01
   7.2951899e+02   1.1658083e+02   7.3795683e-04   8.9117943e-01
   7.2958100e+02   1.1659417e+02   7.3682220e-04   8.9122859e-01
   7.2964301e+02   1.1660750e+02   7.3781069e-04   8.9127841e-01
   7.2971601e+02   1.1662083e+02   7.3692142e-04   8.9132886e-01
   7.2978800e+02   1.1663417e+02   7.3732574e-04   8.9137793e-01
   7.2984601e+02   1.1664750e+02   7.3715073e-04   8.9142666e-01
   7.2990601e+02   1.1666083e+02   7.3665634e-04   8.9147455e-01
   7.2997599e+02   1.1667417e+02   7.3653912e-04   8.9152161e-01
   7.3004700e+02   1.1668750e+02   7.3614205e-04   8.9156788e-01
   7.3011100e+02   1.1670083e+02   7.3594373e-04   8.9161337e-01
   7.3017600e+02   1.1671417e+02   7.3575645e-04   8.9165763e-01
   7.3024500e+02   1.1672750e+02   7.3525793e-04   8.9170120e-01
   7.3030900e+02   1.1674083e+02   7.3486912e-04   8.9174411e-01
   7.3037900e+02   1.1675417e+02   7.3445517e-04   8.9178644e-01
   7.3043799e+02   1.1676750e+02   7.3465004e-04   8.9182872e-01
   7.3050800e+02   1.1678083e+02   7.3570268e-04   8.9187044e-01
   7.3057801e+02   1.1679417e+02   7.3455656e-04   8.9191168e-01
   7.3064100e+02   1.1680750e+02   7.3417057e-04   8.9195351e-01
   7.3070200e+02   1.1682083e+02   7.3378538e-04   8.9199548e-01
   7.3077900e+02   1.1683417e+02   7.3372921e-04   8.9203717e-01
   7.3084299e+02   1.1684750e+02   7.3374277e-04   8.9207966e-01
   7.3090601e+02   1.1686083e+02   7.3196069e-04   8.9212200e-01
   7.3097599e+02   1.1687417e+02   7.3104745e-04   8.9216480e-01
   7.3104001e+02   1.1688750e+02   7.3010251e-04   8.9220818e-01
   7.3110700e+02   1.1690083e+02   7.2806421e-04   8.9225169e-01
   7.3117200e+02   1.1691417e+02   7.2601980e-04   8.9229590e-01
   7.3123701e+02   1.1692750e+02   7.2522885e-04   8.9234087e-01
   7.3129801e+02   1.1694083e+02   7.2353933e-04   8.9238667e-01
   7.3137400e+02   1.1695417e+02   7.2093075e-04   8.9243377e-01
   7.3144199e+02   1.1696750e+02   7.1969841e-04   8.9248057e-01
   7.3150599e+02   1.1698083e+02   7.1728443e-04   8.9252704e-01
   7.3157200e+02   1.1699417e+02   7.1514285e-04   8.9257265e-01
   7.3164701e+02   1.1700750e+02   7.1351291e-04   8.9261748e-01
   7.3170200e+02   1.1702083e+02   7.1112205e-04   8.9266164e-01
   7.3177601e+02   1.1703417e+02   7.1093136e-04   8.9270523e-01
   7.3184501e+02   1.1704750e+02   7.0902918e-04   8.9274931e-01
   7.3189899e+02   1.1706083e+02   7.0674991e-04   8.9279387e-01
   7.3197101e+02   1.1707417e+02   7.0587003e-04   8.9283988e-01
   7.3203300e+02   1.1708750e+02   7.0389514e-04   8.9288611e-01
   7.3210499e+02   1.1710083e+02   7.0324485e-04   8.9293291e-01
   7.3217200e+02   1.1711417e+02   7.0225611e-04   8.9298116e-01
   7.3223600e+02   1.1712750e+02   7.0246626e-04   8.9302966e-01
   7.3230701e+02   1.1714083e+02   7.0220118e-04   8.9307827e-01
   7.3236701e+02   1.1715417e+02   7.0176405e-04   8.9312744e-01
   7.3243400e+02   1.1716750e+02   7.0199511e-04   8.9317561e-01
   7.3250999e+02   1.1718083e+02   7.0188949e-04   8.9322428e-01
   7.3256901e+02   1.1719417e+02   7.0184361e-04   8.9327189e-01
   7.3264301e+02   1.1720750e+02   7.0188521e-04   8.9331994e-01
   7.3270200e+02   1.1722083e+02   7.0276672e-04   8.9336742e-01
   7.3277601e+02   1.1723417e+02   7.0293119e-04   8.9341590e-01
   7.3284501e+02   1.1724750e+02   7.0385745e-04   8.9346487e-01
   7.3291001e+02   1.1726083e+02   7.0460636e-04   8.9351489e-01
   7.3298099e+02   1.1727417e+02   7.0538881e-04   8.9356498e-01
   7.3304600e+02   1.1728750e+02   7.0731321e-04   8.9361519e-01
   7.3310801e+02   1.1730083e+02   7.0728802e-04   8.9366605e-01
   7.3317499e+02   1.1731417e+02   7.0918755e-04   8.9371709e-01
   7.3323301e+02   1.1732750e+02   7.0971973e-04   8.9376837e-01
   7.3329899e+02   1.1734083e+02   7.1116391e-04   8.9381992e-01
   7.3336399e+02   1.1735417e+02   7.1168375e-04   8.9387182e-01
   7.3344001e+02   1.1736750e+02   7.1368962e-04   8.9392403e-01
   7.3350300e+02   1.1738083e+02   7.1439920e-04   8.9397658e-01
   7.3356400e+02   1.1739417e+02   7.1575038e-04   8.9402953e-01
   7.3363401e+02   1.1740750e+02   7.1569674e-04   8.9408286e-01
   7.3370701e+02   1.1742083e+02   7.1665776e-04   8.9413706e-01
   7.3376899e+02   1.1743417e+02   7.1742313e-04   8.9419262e-01
   7.3383301e+02   1.1744750e+02   7.1751526e-04   8.9424847e-01
   7.3390000e+02   1.1746083e+02   7.1810815e-04   8.9430503e-01
   7.3397001e+02   1.1747417e+02   7.1893922e-04   8.9436228e-01
   7.3403300e+02   1.1748750e+02   7.1739771e-04   8.9442024e-01
   7.3409901e+02   1.1750083e+02   7.1806060e-04   8.9447835e-01
   7.3416801e+02   1.1751417e+02   7.1802559e-04   8.9453610e-01
   7.3423600e+02   1.1752750e+02   7.1768966e-04   8.9459452e-01
   7.3430399e+02   1.1754083e+02   7.1787578e-04   8.9465307e-01
   7.3437800e+02   1.1755417e+02   7.1766430e-04   8.9471123e-01
   7.3443400e+02   1.1756750e+02   7.1721482e-04   8.9476948e-01
   7.3450901e+02   1.1758083e+02   7.1609687e-04   8.9482723e-01
   7.3457200e+02   1.1759417e+02   7.1579799e-04   8.9488446e-01
   7.3463599e+02   1.1760750e+02   7.1545619e-04   8.9494165e-01
   7.3469901e+02   1.1762083e+02   7.1511381e-04   8.9499930e-01
   7.3476099e+02   1.1763417e+02   7.1490561e-04   8.9505583e-01
   7.3483701e+02   1.1764750e+02   7.1300932e-04   8.9511437e-01
   7.3490299e+02   1.1766083e+02   7.1263392e-04   8.9517394e-01
   7.3496699e+02   1.1767417e+02   7.1206863e-04   8.9523349e-01
   7.3502701e+02   1.1768750e+02   7.1204739e-04   8.9529403e-01
   7.3510300e+02   1.1770083e+02   7.1129068e-04   8.9535551e-01
   7.3517600e+02   1.1771417e+02   7.1055918e-04   8.9541687e-01
   7.3523401e+02   1.1772750e+02   7.1115071e-04   8.9547814e-01
   7.3530100e+02   1.1774083e+02   7.1118584e-04   8.9554075e-01
   7.3536701e+02   1.1775417e+02   7.1011455e-04   8.9560348e-01
   7.3543900e+02   1.1776750e+02   7.1054219e-04   8.9566615e-01
   7.3550199e+02   1.1778083e+02   7.1057113e-04   8.9572912e-01
   7.3557899e+02   1.1779417e+02   7.1050199e-04   8.9579075e-01
   7.3563099e+02   1.1780750e+02   7.1032624e-04   8.9585144e-01
   7.3570301e+02   1.1782083e+02   7.1065076e-04   8.9591161e-01
   7.3576499e+02   1.1783417e+02   7.1073087e-04   8.9597062e-01
   7.3583500e+02   1.1784750e+02   7.1061089e-04   8.9602842e-01
   7.3590000e+02   1.1786083e+02   7.1020531e-04   8.9608599e-01
   7.3596699e+02   1.1787417e+02   7.1121523e-04   8.9614167e-01
   7.3603300e+02   1.1788750e+02   7.1043012e-04   8.9619590e-01
   7.3610200e+02   1.1790083e+02   7.1077878e-04   8.9624809e-01
   7.3616300e+02   1.1791417e+02   7.1022658e-04   8.9629872e-01
   7.3623099e+02   1.1792750e+02   7.0998239e-04   8.9634774e-01
   7.3629801e+02   1.1794083e+02   7.0979083e-04   8.9639459e-01
   7.3637101e+02   1.1795417e+02   7.0951950e-04   8.9643871e-01
   7.3643299e+02   1.1796750e+02   7.0928135e-04   8.9648122e-01
   7.3649698e+02   1.1798083e+02   7.0887978e-04   8.9652169e-01
   7.3656400e+02   1.1799417e+02   7.0830148e-04   8.9656019e-01
   7.3663401e+02   1.1800750e+02   7.0841709e-04   8.9659734e-01
   7.3669800e+02   1.1802083e+02   7.0872115e-04   8.9663319e-01
   7.3676600e+02   1.1803417e+02   7.0774222e-04   8.9666782e-01
   7.3682999e+02   1.1804750e+02   7.0752020e-04   8.9670184e-01
   7.3689100e+02   1.1806083e+02   7.0688030e-04   8.9673482e-01
   7.3696299e+02   1.1807417e+02   7.0659438e-04   8.9676683e-01
   7.3703000e+02   1.1808750e+02   7.0544171e-04   8.9679850e-01
   7.3709901e+02   1.1810083e+02   7.0381704e-04   8.9682883e-01
   7.3716300e+02   1.1811417e+02   7.0344535e-04   8.9685841e-01
   7.3723801e+02   1.1812750e+02   7.0218146e-04   8.9688832e-01
   7.3729401e+02   1.1814083e+02   7.0110749e-04   8.9691705e-01
   7.3736301e+02   1.1815417e+02   7.0045267e-04   8.9694519e-01
   7.3742899e+02   1.1816750e+02   6.9902439e-04   8.9697335e-01
   7.3749500e+02   1.1818083e+02   6.9801297e-04   8.9700054e-01
   7.3756501e+02   1.1819417e+02   6.9679801e-04   8.9702837e-01
   7.3763099e+02   1.1820750e+02   6.9544344e-04   8.9705636e-01
   7.3769700e+02   1.1822083e+02   6.9460949e-04   8.9708508e-01
   7.3776700e+02   1.1823417e+02   6.9404201e-04   8.9711405e-01
   7.3783201e+02   1.1824750e+02   6.9387340e-04   8.9714331e-01
   7.3790000e+02   1.1826083e+02   6.9305002e-04   8.9717287e-01
   7.3797300e+02   1.1827417e+02   6.9412573e-04   8.9720180e-01
   7.3803599e+02   1.1828750e+02   6.9324974e-04   8.9722915e-01
   7.3809901e+02   1.1830083e+02   6.9387313e-04   8.9725602e-01
   7.3816099e+02   1.1831417e+02   6.9429982e-04   8.9728254e-01
   7.3823801e+02   1.1832750e+02   6.9420152e-04   8.9730987e-01
   7.3830201e+02   1.1834083e+02   6.9316954e-04   8.9733867e-01
   7.3836600e+02   1.1835417e+02   6.9375518e-04   8.9736961e-01
   7.3842600e+02   1.1836750e+02   6.9386970e-04   8.9740233e-01
   7.3849399e+02   1.1838083e+02   6.9437354e-04   8.9743592e-01
   7.3856199e+02   1.1839417e+02   6.9443885e-04   8.9747046e-01
   7.3862900e+02   1.1840750e+02   6.9507107e-04   8.9750541e-01
   7.3869599e+02   1.1842083e+02   6.9560915e-04   8.9754021e-01
   7.3875901e+02   1.1843417e+02   6.9547027e-04   8.9757532e-01
   7.3883399e+02   1.1844750e+02   6.9608526e-04   8.9760963e-01
   7.3889301e+02   1.1846083e+02   6.9666028e-04   8.9764408e-01
   7.3895499e+02   1.1847417e+02   6.9834898e-04   8.9767812e-01
   7.3903199e+02   1.1848750e+02   6.9887602e-04   8.9771226e-01
   7.3909000e+02   1.1850083e+02   6.9981939e-04   8.9774755e-01
   7.3915601e+02   1.1851417e+02   7.0037702e-04   8.9778345e-01
   7.3923499e+02   1.1852750e+02   7.0118456e-04   8.9782049e-01
   7.3930201e+02   1.1854083e+02   7.0170052e-04   8.9785861e-01
   7.3935700e+02   1.1855417e+02   7.0252308e-04   8.9789780e-01
   7.3943799e+02   1.1856750e+02   7.0389560e-04   8.9793801e-01
   7.3948899e+02   1.1858083e+02   7.0439385e-04   8.9797868e-01
   7.3956699e+02   1.1859417e+02   7.0598408e-04   8.9801979e-01
   7.3962900e+02   1.1860750e+02   7.0716994e-04   8.9806185e-01
   7.3969800e+02   1.1862083e+02   7.0889273e-04   8.9810442e-01
   7.3976301e+02   1.1863417e+02   7.0967765e-04   8.9814701e-01
   7.3982801e+02   1.1864750e+02   7.1051960e-04   8.9819067e-01
   7.3989899e+02   1.1866083e+02   7.1242910e-04   8.9823496e-01
   7.3995801e+02   1.1867417e+02   7.1390001e-04   8.9827995e-01
   7.4002799e+02   1.1868750e+02   7.1491836e-04   8.9832570e-01
   7.4009901e+02   1.1870083e+02   7.1574239e-04   8.9837080e-01
   7.4016099e+02   1.1871417e+02   7.1699638e-04   8.9841592e-01
   7.4022599e+02   1.1872750e+02   7.1800042e-04   8.9846217e-01
   7.4028599e+02   1.1874083e+02   7.1872448e-04   8.9850813e-01
   7.4035999e+02   1.1875417e+02   7.1968485e-04   8.9855392e-01
   7.4043101e+02   1.1876750e+02   7.2016445e-04   8.9859957e-01
   7.4048899e+02   1.1878083e+02   7.2069739e-04   8.9864564e-01
   7.4055900e+02   1.1879417e+02   7.2054140e-04   8.9869260e-01
   7.4062101e+02   1.1880750e+02   7.2057295e-04   8.9874091e-01
   7.4069300e+02   1.1882083e+02   7.2095177e-04   8.9879099e-01
   7.4076600e+02   1.1883417e+02   7.2116199e-04   8.9884228e-01
   7.4082599e+02   1.1884750e+02   7.2060790e-04   8.9889574e-01
   7.4088999e+02   1.1886083e+02   7.2045737e-04   8.9895081e-01
   7.4096000e+02   1.1887417e+02   7.2030440e-04   8.9900785e-01
   7.4102299e+02   1.1888750e+02   7.1957672e-04   8.9906776e-01
   7.4108399e+02   1.1890083e+02   7.1949247e-04   8.9912937e-01
   7.4115900e+02   1.1891417e+02   7.1879010e-04   8.9919255e-01
   7.4122901e+02   1.1892750e+02   7.1851736e-04   8.9925771e-01
   7.4129099e+02   1.1894083e+02   7.1816097e-04   8.9932422e-01
   7.4135801e+02   1.1895417e+02   7.1795974e-04   8.9939148e-01
   7.4142600e+02   1.1896750e+02   7.1725493e-04   8.9946045e-01
   7.4149100e+02   1.1898083e+02   7.1700358e-04   8.9952946e-01
   7.4155900e+02   1.1899417e+02   7.1680959e-04   8.9959847e-01
   7.4162400e+02   1.1900750e+02   7.1585338e-04   8.9966842e-01
   7.4169901e+02   1.1902083e+02   7.1414074e-04   8.9973767e-01
   7.4176600e+02   1.1903417e+02   7.1391085e-04   8.9980663e-01
   7.4182700e+02   1.1904750e+02   7.1230684e-04   8.9987525e-01
   7.4189100e+02   1.1906083e+02   7.1056200e-04   8.9994405e-01
   7.4195099e+02   1.1907417e+02   7.1015479e-04   9.0001135e-01
   7.4202000e+02   1.1908750e+02   7.0890623e-04   9.0007652e-01
   7.4208799e+02   1.1910083e+02   7.0741243e-04   9.0013804e-01
   7.4216199e+02   1.1911417e+02   7.0564312e-04   9.0019695e-01
   7.4223401e+02   1.1912750e+02   7.0454948e-04   9.0025382e-01
   7.4229801e+02   1.1914083e+02   7.0226223e-04   9.0030870e-01
   7.4236301e+02   1.1915417e+02   7.0050751e-04   9.0036207e-01
   7.4242701e+02   1.1916750e+02   6.9936390e-04   9.0041391e-01
   7.4249399e+02   1.1918083e+02   6.9729048e-04   9.0046422e-01
   7.4255302e+02   1.1919417e+02   6.9558777e-04   9.0051348e-01
   7.4263199e+02   1.1920750e+02   6.9345886e-04   9.0056110e-01
   7.4269199e+02   1.1922083e+02   6.9131854e-04   9.0060805e-01
   7.4275901e+02   1.1923417e+02   6.8960490e-04   9.0065383e-01
   7.4281800e+02   1.1924750e+02   6.8743516e-04   9.0069841e-01
   7.4288599e+02   1.1926083e+02   6.8498064e-04   9.0074229e-01
   7.4296500e+02   1.1927417e+02   6.8353018e-04   9.0078492e-01
   7.4302100e+02   1.1928750e+02   6.8153570e-04   9.0082687e-01
   7.4308600e+02   1.1930083e+02   6.7988147e-04   9.0086871e-01
   7.4314301e+02   1.1931417e+02   6.7857247e-04   9.0091002e-01
   7.4322001e+02   1.1932750e+02   6.7727090e-04   9.0095139e-01
   7.4328199e+02   1.1934083e+02   6.7706118e-04   9.0099236e-01
   7.4335401e+02   1.1935417e+02   6.7536526e-04   9.0103300e-01
   7.4341999e+02   1.1936750e+02   6.7407525e-04   9.0107384e-01
   7.4349399e+02   1.1938083e+02   6.7319633e-04   9.0111534e-01
   7.4355399e+02   1.1939417e+02   6.7205890e-04   9.0115699e-01
   7.4362400e+02   1.1940750e+02   6.7197042e-04   9.0119831e-01
   7.4368900e+02   1.1942083e+02   6.7106501e-04   9.0123984e-01
   7.4374900e+02   1.1943417e+02   6.7051720e-04   9.0128110e-01
   7.4382099e+02   1.1944750e+02   6.6974767e-04   9.0132263e-01
   7.4390299e+02   1.1946083e+02   6.6896803e-04   9.0136340e-01
   7.4394999e+02   1.1947417e+02   6.6900367e-04   9.0140446e-01
   7.4402201e+02   1.1948750e+02   6.6799890e-04   9.0144532e-01
   7.4408900e+02   1.1950083e+02   6.6811046e-04   9.0148604e-01
   7.4415601e+02   1.1951417e+02   6.6804780e-04   9.0152717e-01
   7.4422300e+02   1.1952750e+02   6.6831816e-04   9.0156767e-01
   7.4429600e+02   1.1954083e+02   6.6894381e-04   9.0160756e-01
   7.4435499e+02   1.1955417e+02   6.6975567e-04   9.0164731e-01
   7.4441599e+02   1.1956750e+02   6.6988694e-04   9.0168737e-01
   7.4448099e+02   1.1958083e+02   6.7008820e-04   9.0172716e-01
   7.4455201e+02   1.1959417e+02   6.7043327e-04   9.0176662e-01
   7.4461799e+02   1.1960750e+02   6.7187483e-04   9.0180682e-01
   7.4468601e+02   1.1962083e+02   6.7233474e-04   9.0184782e-01
   7.4473401e+02   1.1963417e+02   6.7363262e-04   9.0188919e-01
   7.4480500e+02   1.1964750e+02   6.7479685e-04   9.0193154e-01
   7.4487800e+02   1.1966083e+02   6.7460354e-04   9.0197485e-01
   7.4495301e+02   1.1967417e+02   6.7616835e-04   9.0201718e-01
   7.4501499e+02   1.1968750e+02   6.7729628e-04   9.0205814e-01
   7.4507700e+02   1.1970083e+02   6.7904011e-04   9.0209888e-01
   7.4515000e+02   1.1971417e+02   6.7998506e-04   9.0213951e-01
   7.4522101e+02   1.1972750e+02   6.8109334e-04   9.0218109e-01
   7.4527299e+02   1.1974083e+02   6.8332163e-04   9.0222308e-01
   7.4534199e+02   1.1975417e+02   6.8535058e-04   9.0226551e-01
   7.4541801e+02   1.1976750e+02   6.8742449e-04   9.0230838e-01
   7.4548200e+02   1.1978083e+02   6.8906241e-04   9.0235170e-01
   7.4554401e+02   1.1979417e+02   6.9161916e-04   9.0239500e-01
   7.4562400e+02   1.1980750e+02   6.9258812e-04   9.0243931e-01
   7.4568500e+02   1.1982083e+02   6.9593189e-04   9.0248367e-01
   7.4574900e+02   1.1983417e+02   6.9781363e-04   9.0252862e-01
   7.4582001e+02   1.1984750e+02   7.0019935e-04   9.0257410e-01
   7.4588401e+02   1.1986083e+02   7.0173087e-04   9.0262007e-01
   7.4594800e+02   1.1987417e+02   7.0416480e-04   9.0266642e-01
   7.4602299e+02   1.1988750e+02   7.0622277e-04   9.0271403e-01
   7.4609000e+02   1.1990083e+02   7.0830435e-04   9.0276220e-01
   7.4614500e+02   1.1991417e+02   7.1007496e-04   9.0281081e-01
   7.4621900e+02   1.1992750e+02   7.1229326e-04   9.0285978e-01
   7.4628101e+02   1.1994083e+02   7.1365912e-04   9.0290854e-01
   7.4634199e+02   1.1995417e+02   7.1555159e-04   9.0295807e-01
   7.4641199e+02   1.1996750e+02   7.1660817e-04   9.0300787e-01
   7.4647901e+02   1.1998083e+02   7.1823653e-04   9.0305739e-01
   7.4654499e+02   1.1999417e+02   7.1936256e-04   9.0310763e-01
   7.4661500e+02   1.2000750e+02   7.1955750e-04   9.0315857e-01
   7.4667802e+02   1.2002083e+02   7.2004598e-04   9.0321064e-01
   7.4674900e+02   1.2003417e+02   7.2025659e-04   9.0326392e-01
   7.4681400e+02   1.2004750e+02   7.2011315e-04   9.0331853e-01
   7.4688999e+02   1.2006083e+02   7.1990314e-04   9.0337302e-01
   7.4695200e+02   1.2007417e+02   7.1956639e-04   9.0342811e-01
   7.4700901e+02   1.2008750e+02   7.1868567e-04   9.0348450e-01
   7.4708701e+02   1.2010083e+02   7.1818452e-04   9.0354136e-01
   7.4714701e+02   1.2011417e+02   7.1677749e-04   9.0359935e-01
   7.4721699e+02   1.2012750e+02   7.1603948e-04   9.0365798e-01
   7.4728300e+02   1.2014083e+02   7.1474177e-04   9.0371772e-01
   7.4734501e+02   1.2015417e+02   7.1396798e-04   9.0377842e-01
   7.4741401e+02   1.2016750e+02   7.1261370e-04   9.0383952e-01
   7.4747901e+02   1.2018083e+02   7.1111175e-04   9.0390139e-01
   7.4754099e+02   1.2019417e+02   7.0964360e-04   9.0396292e-01
   7.4761100e+02   1.2020750e+02   7.0738427e-04   9.0402350e-01
   7.4767600e+02   1.2022083e+02   7.0589014e-04   9.0408244e-01
   7.4774201e+02   1.2023417e+02   7.0376766e-04   9.0414013e-01
   7.4781101e+02   1.2024750e+02   7.0191310e-04   9.0419595e-01
   7.4787800e+02   1.2026083e+02   7.0047097e-04   9.0425031e-01
   7.4794401e+02   1.2027417e+02   6.9805960e-04   9.0430309e-01
   7.4801801e+02   1.2028750e+02   6.9562065e-04   9.0435517e-01
   7.4809501e+02   1.2030083e+02   6.9381065e-04   9.0440586e-01
   7.4815500e+02   1.2031417e+02   6.9125596e-04   9.0445507e-01
   7.4821500e+02   1.2032750e+02   6.8906976e-04   9.0450373e-01
   7.4828501e+02   1.2034083e+02   6.8649939e-04   9.0455019e-01
   7.4835401e+02   1.2035417e+02   6.8466948e-04   9.0459588e-01
   7.4841599e+02   1.2036750e+02   6.8230088e-04   9.0463969e-01
   7.4848200e+02   1.2038083e+02   6.8072189e-04   9.0468258e-01
   7.4854801e+02   1.2039417e+02   6.7869335e-04   9.0472445e-01
   7.4862101e+02   1.2040750e+02   6.7635676e-04   9.0476467e-01
   7.4868101e+02   1.2042083e+02   6.7373030e-04   9.0480373e-01
   7.4874201e+02   1.2043417e+02   6.7199162e-04   9.0484330e-01
   7.4881299e+02   1.2044750e+02   6.6971429e-04   9.0488247e-01
   7.4888300e+02   1.2046083e+02   6.6718368e-04   9.0492186e-01
   7.4895200e+02   1.2047417e+02   6.6502654e-04   9.0496058e-01
   7.4901700e+02   1.2048750e+02   6.6298395e-04   9.0499870e-01
   7.4908600e+02   1.2050083e+02   6.6027973e-04   9.0503623e-01
   7.4915299e+02   1.2051417e+02   6.5845143e-04   9.0507378e-01
   7.4921799e+02   1.2052750e+02   6.5609150e-04   9.0511033e-01
   7.4927399e+02   1.2054083e+02   6.5313789e-04   9.0514640e-01
   7.4935499e+02   1.2055417e+02   6.5098937e-04   9.0518102e-01
   7.4941700e+02   1.2056750e+02   6.4988824e-04   9.0521429e-01
   7.4949100e+02   1.2058083e+02   6.4773298e-04   9.0524682e-01
   7.4954999e+02   1.2059417e+02   6.4623346e-04   9.0527767e-01
   7.4962198e+02   1.2060750e+02   6.4476951e-04   9.0530795e-01
   7.4968299e+02   1.2062083e+02   6.4347231e-04   9.0533776e-01
   7.4974601e+02   1.2063417e+02   6.4184816e-04   9.0536669e-01
   7.4981699e+02   1.2064750e+02   6.4057076e-04   9.0539487e-01
   7.4987900e+02   1.2066083e+02   6.3955813e-04   9.0542198e-01
   7.4994700e+02   1.2067417e+02   6.3765441e-04   9.0544865e-01
   7.5001200e+02   1.2068750e+02   6.3707743e-04   9.0547456e-01
   7.5008201e+02   1.2070083e+02   6.3571225e-04   9.0549980e-01
   7.5014600e+02   1.2071417e+02   6.3437189e-04   9.0552341e-01
   7.5021100e+02   1.2072750e+02   6.3365006e-04   9.0554699e-01
   7.5028300e+02   1.2074083e+02   6.3266450e-04   9.0557157e-01
   7.5035300e+02   1.2075417e+02   6.3178810e-04   9.0559663e-01
   7.5041199e+02   1.2076750e+02   6.3042637e-04   9.0562315e-01
   7.5047101e+02   1.2078083e+02   6.2942878e-04   9.0565009e-01
   7.5054200e+02   1.2079417e+02   6.2895361e-04   9.0567843e-01
   7.5061500e+02   1.2080750e+02   6.2789266e-04   9.0570713e-01
   7.5068201e+02   1.2082083e+02   6.2726103e-04   9.0573671e-01
   7.5075199e+02   1.2083417e+02   6.2664350e-04   9.0576719e-01
   7.5081699e+02   1.2084750e+02   6.2578774e-04   9.0579758e-01
   7.5088401e+02   1.2086083e+02   6.2593562e-04   9.0582891e-01
   7.5094599e+02   1.2087417e+02   6.2565560e-04   9.0586075e-01
   7.5101801e+02   1.2088750e+02   6.2489996e-04   9.0589261e-01
   7.5107801e+02   1.2090083e+02   6.2449637e-04   9.0592445e-01
   7.5114600e+02   1.2091417e+02   6.2465076e-04   9.0595627e-01
   7.5121100e+02   1.2092750e+02   6.2381083e-04   9.0598808e-01
   7.5127399e+02   1.2094083e+02   6.2337209e-04   9.0602038e-01
   7.5134199e+02   1.2095417e+02   6.2387669e-04   9.0605267e-01
   7.5141700e+02   1.2096750e+02   6.2337316e-04   9.0608600e-01
   7.5149201e+02   1.2098083e+02   6.2335223e-04   9.0612078e-01
   7.5155201e+02   1.2099417e+02   6.2338803e-04   9.0615540e-01
   7.5160999e+02   1.2100750e+02   6.2340453e-04   9.0619196e-01
   7.5168101e+02   1.2102083e+02   6.2341252e-04   9.0623012e-01
   7.5174900e+02   1.2103417e+02   6.2311969e-04   9.0627047e-01
   7.5181199e+02   1.2104750e+02   6.2318228e-04   9.0631255e-01
   7.5188401e+02   1.2106083e+02   6.2387568e-04   9.0635489e-01
   7.5196100e+02   1.2107417e+02   6.2471373e-04   9.0639845e-01
   7.5202299e+02   1.2108750e+02   6.2477832e-04   9.0644325e-01
   7.5208900e+02   1.2110083e+02   6.2458101e-04   9.0648829e-01
   7.5216501e+02   1.2111417e+02   6.2453453e-04   9.0653511e-01
   7.5221799e+02   1.2112750e+02   6.2303433e-04   9.0658275e-01
   7.5228501e+02   1.2114083e+02   6.2269713e-04   9.0663120e-01
   7.5235300e+02   1.2115417e+02   6.2186399e-04   9.0668156e-01
   7.5241401e+02   1.2116750e+02   6.2160302e-04   9.0673234e-01
   7.5249000e+02   1.2118083e+02   6.2083492e-04   9.0678405e-01
   7.5254801e+02   1.2119417e+02   6.2010574e-04   9.0683859e-01
   7.5261899e+02   1.2120750e+02   6.1929085e-04   9.0689471e-01
   7.5268400e+02   1.2122083e+02   6.1775653e-04   9.0695117e-01
   7.5275400e+02   1.2123417e+02   6.1673490e-04   9.0700824e-01
   7.5281501e+02   1.2124750e+02   6.1548252e-04   9.0706524e-01
   7.5288599e+02   1.2126083e+02   6.1450904e-04   9.0712207e-01
   7.5295301e+02   1.2127417e+02   6.1266257e-04   9.0717915e-01
   7.5301801e+02   1.2128750e+02   6.1019750e-04   9.0723494e-01
   7.5308301e+02   1.2130083e+02   6.0902431e-04   9.0728996e-01
   7.5315201e+02   1.2131417e+02   6.0627441e-04   9.0734473e-01
   7.5322800e+02   1.2132750e+02   6.0515443e-04   9.0739823e-01
   7.5328599e+02   1.2134083e+02   6.0234889e-04   9.0745090e-01
   7.5334601e+02   1.2135417e+02   6.0097963e-04   9.0750215e-01
   7.5342200e+02   1.2136750e+02   5.9786521e-04   9.0755247e-01
   7.5347999e+02   1.2138083e+02   5.9604860e-04   9.0760285e-01
   7.5355201e+02   1.2139417e+02   5.9358520e-04   9.0765330e-01
   7.5361899e+02   1.2140750e+02   5.9201841e-04   9.0770440e-01
   7.5369501e+02   1.2142083e+02   5.8953672e-04   9.0775570e-01
   7.5375400e+02   1.2143417e+02   5.8800269e-04   9.0780779e-01
   7.5381400e+02   1.2144750e+02   5.8600366e-04   9.0786021e-01
   7.5388901e+02   1.2146083e+02   5.8375516e-04   9.0791197e-01
   7.5394700e+02   1.2147417e+02   5.8111663e-04   9.0796305e-01
   7.5401099e+02   1.2148750e+02   5.8083970e-04   9.0801235e-01
   7.5407300e+02   1.2150083e+02   5.7859367e-04   9.0806044e-01
   7.5414200e+02   1.2151417e+02   5.7704071e-04   9.0810677e-01
   7.5421400e+02   1.2152750e+02   5.7464827e-04   9.0815190e-01
   7.5428800e+02   1.2154083e+02   5.7288337e-04   9.0819592e-01
   7.5435401e+02   1.2155417e+02   5.7119604e-04   9.0823936e-01
   7.5440101e+02   1.2156750e+02   5.6945903e-04   9.0828228e-01
   7.5447101e+02   1.2158083e+02   5.6816570e-04   9.0832572e-01
   7.5455201e+02   1.2159417e+02   5.6654988e-04   9.0836963e-01
   7.5461201e+02   1.2160750e+02   5.6485681e-04   9.0841347e-01
   7.5468601e+02   1.2162083e+02   5.6333386e-04   9.0845714e-01
   7.5475599e+02   1.2163417e+02   5.6197648e-04   9.0850051e-01
   7.5481299e+02   1.2164750e+02   5.6148488e-04   9.0854353e-01
   7.5489100e+02   1.2166083e+02   5.6024031e-04   9.0858563e-01
   7.5495399e+02   1.2167417e+02   5.5892155e-04   9.0862729e-01
   7.5501899e+02   1.2168750e+02   5.5753698e-04   9.0866793e-01
   7.5508701e+02   1.2170083e+02   5.5661047e-04   9.0870801e-01
   7.5515299e+02   1.2171417e+02   5.5562230e-04   9.0874698e-01
   7.5521699e+02   1.2172750e+02   5.5485817e-04   9.0878475e-01
   7.5528800e+02   1.2174083e+02   5.5397434e-04   9.0882124e-01
   7.5535599e+02   1.2175417e+02   5.5419719e-04   9.0885693e-01
   7.5542200e+02   1.2176750e+02   5.5362727e-04   9.0889226e-01
   7.5549299e+02   1.2178083e+02   5.5235452e-04   9.0892667e-01
   7.5554899e+02   1.2179417e+02   5.5222153e-04   9.0896063e-01
   7.5561600e+02   1.2180750e+02   5.5203758e-04   9.0899460e-01
   7.5568699e+02   1.2182083e+02   5.5116973e-04   9.0902802e-01
   7.5575400e+02   1.2183417e+02   5.5103637e-04   9.0906079e-01
   7.5581299e+02   1.2184750e+02   5.5101700e-04   9.0909238e-01
   7.5588499e+02   1.2186083e+02   5.5105550e-04   9.0912229e-01
   7.5594999e+02   1.2187417e+02   5.5068988e-04   9.0915054e-01
   7.5601499e+02   1.2188750e+02   5.5096871e-04   9.0917771e-01
   7.5607999e+02   1.2190083e+02   5.5051555e-04   9.0920443e-01
   7.5614600e+02   1.2191417e+02   5.5091311e-04   9.0923029e-01
   7.5620301e+02   1.2192750e+02   5.5185898e-04   9.0925590e-01
   7.5628101e+02   1.2194083e+02   5.5215743e-04   9.0928039e-01
   7.5634601e+02   1.2195417e+02   5.5296974e-04   9.0930483e-01
   7.5641801e+02   1.2196750e+02   5.5367413e-04   9.0932884e-01
   7.5648600e+02   1.2198083e+02   5.5421158e-04   9.0935406e-01
   7.5654001e+02   1.2199417e+02   5.5471694e-04   9.0938058e-01
   7.5661399e+02   1.2200750e+02   5.5557287e-04   9.0940846e-01
   7.5667899e+02   1.2202083e+02   5.5589285e-04   9.0943783e-01
   7.5674500e+02   1.2203417e+02   5.5679657e-04   9.0946828e-01
   7.5681199e+02   1.2204750e+02   5.5741905e-04   9.0950092e-01
   7.5687699e+02   1.2206083e+02   5.5813877e-04   9.0953429e-01
   7.5694300e+02   1.2207417e+02   5.5827827e-04   9.0956836e-01
   7.5701700e+02   1.2208750e+02   5.5961181e-04   9.0960212e-01
   7.5707401e+02   1.2210083e+02   5.6112502e-04   9.0963603e-01
   7.5714600e+02   1.2211417e+02   5.6118577e-04   9.0967005e-01
   7.5721299e+02   1.2212750e+02   5.6248404e-04   9.0970411e-01
   7.5728101e+02   1.2214083e+02   5.6238534e-04   9.0973866e-01
   7.5735001e+02   1.2215417e+02   5.6312116e-04   9.0977365e-01
   7.5741501e+02   1.2216750e+02   5.6389021e-04   9.0980902e-01
   7.5748600e+02   1.2218083e+02   5.6381951e-04   9.0984526e-01
   7.5754200e+02   1.2219417e+02   5.6441719e-04   9.0988137e-01
   7.5761399e+02   1.2220750e+02   5.6566551e-04   9.0991789e-01
   7.5767301e+02   1.2222083e+02   5.6585469e-04   9.0995535e-01
   7.5774100e+02   1.2223417e+02   5.6668286e-04   9.0999274e-01
   7.5781800e+02   1.2224750e+02   5.6714016e-04   9.1003060e-01
   7.5787601e+02   1.2226083e+02   5.6681341e-04   9.1006901e-01
   7.5793799e+02   1.2227417e+02   5.6743098e-04   9.1010746e-01
   7.5801200e+02   1.2228750e+02   5.6776805e-04   9.1014604e-01
   7.5807200e+02   1.2230083e+02   5.6788076e-04   9.1018526e-01
   7.5813801e+02   1.2231417e+02   5.6761236e-04   9.1022303e-01
   7.5820600e+02   1.2232750e+02   5.6825131e-04   9.1026136e-01
   7.5828199e+02   1.2234083e+02   5.6910355e-04   9.1029925e-01
   7.5834299e+02   1.2235417e+02   5.6891729e-04   9.1033778e-01
   7.5841700e+02   1.2236750e+02   5.6839491e-04   9.1037687e-01
   7.5848701e+02   1.2238083e+02   5.6881081e-04   9.1041596e-01
   7.5855100e+02   1.2239417e+02   5.6920735e-04   9.1045609e-01
   7.5860801e+02   1.2240750e+02   5.6910673e-04   9.1049570e-01
   7.5868601e+02   1.2242083e+02   5.6837418e-04   9.1053530e-01
   7.5874799e+02   1.2243417e+02   5.6814018e-04   9.1057543e-01
   7.5881501e+02   1.2244750e+02   5.6812461e-04   9.1061507e-01
   7.5887800e+02   1.2246083e+02   5.6767931e-04   9.1065526e-01
   7.5894800e+02   1.2247417e+02   5.6717578e-04   9.1069553e-01
   7.5901600e+02   1.2248750e+02   5.6657943e-04   9.1073589e-01
   7.5908701e+02   1.2250083e+02   5.6602415e-04   9.1077689e-01
   7.5915400e+02   1.2251417e+02   5.6567581e-04   9.1081804e-01
   7.5921400e+02   1.2252750e+02   5.6511033e-04   9.1085716e-01
   7.5927799e+02   1.2254083e+02   5.6491228e-04   9.1089460e-01
   7.5934901e+02   1.2255417e+02   5.6497415e-04   9.1093123e-01
   7.5941801e+02   1.2256750e+02   5.6350942e-04   9.1096589e-01
   7.5946799e+02   1.2258083e+02   5.6315504e-04   9.1099950e-01
   7.5955201e+02   1.2259417e+02   5.6183916e-04   9.1103203e-01
   7.5961600e+02   1.2260750e+02   5.6123068e-04   9.1106388e-01
   7.5967899e+02   1.2262083e+02   5.6037959e-04   9.1109511e-01
   7.5974601e+02   1.2263417e+02   5.5954905e-04   9.1112582e-01
   7.5982001e+02   1.2264750e+02   5.5904596e-04   9.1115650e-01
   7.5987601e+02   1.2266083e+02   5.5809937e-04   9.1118670e-01
   7.5994901e+02   1.2267417e+02   5.5716314e-04   9.1121646e-01
   7.6001401e+02   1.2268750e+02   5.5573541e-04   9.1124577e-01
   7.6008301e+02   1.2270083e+02   5.5522159e-04   9.1127470e-01
   7.6015400e+02   1.2271417e+02   5.5373129e-04   9.1130177e-01
   7.6021900e+02   1.2272750e+02   5.5293431e-04   9.1132854e-01
   7.6027799e+02   1.2274083e+02   5.5147546e-04   9.1135453e-01
   7.6034400e+02   1.2275417e+02   5.5024844e-04   9.1137978e-01
   7.6041999e+02   1.2276750e+02   5.4893878e-04   9.1140434e-01
   7.6048301e+02   1.2278083e+02   5.4804646e-04   9.1142729e-01
   7.6054600e+02   1.2279417e+02   5.4722256e-04   9.1144933e-01
   7.6060401e+02   1.2280750e+02   5.4614096e-04   9.1147058e-01
   7.6068000e+02   1.2282083e+02   5.4457571e-04   9.1149119e-01
   7.6074698e+02   1.2283417e+02   5.4376107e-04   9.1151240e-01
   7.6082001e+02   1.2284750e+02   5.4216541e-04   9.1153430e-01
   7.6088599e+02   1.2286083e+02   5.4126840e-04   9.1155755e-01
   7.6094901e+02   1.2287417e+02   5.4028695e-04   9.1158275e-01
   7.6100800e+02   1.2288750e+02   5.3966761e-04   9.1161040e-01
   7.6107700e+02   1.2290083e+02   5.3861063e-04   9.1163949e-01
   7.6114399e+02   1.2291417e+02   5.3809174e-04   9.1166998e-01
   7.6121201e+02   1.2292750e+02   5.3689627e-04   9.1170175e-01
   7.6128901e+02   1.2294083e+02   5.3607608e-04   9.1173470e-01
   7.6134699e+02   1.2295417e+02   5.3560520e-04   9.1176775e-01
   7.6141501e+02   1.2296750e+02   5.3476394e-04   9.1180132e-01
   7.6147800e+02   1.2298083e+02   5.3393430e-04   9.1183537e-01
   7.6154600e+02   1.2299417e+02   5.3282975e-04   9.1186989e-01
   7.6160599e+02   1.2300750e+02   5.3253265e-04   9.1190488e-01
   7.6167701e+02   1.2302083e+02   5.3268928e-04   9.1194033e-01
   7.6174299e+02   1.2303417e+02   5.3223265e-04   9.1197623e-01
   7.6181199e+02   1.2304750e+02   5.3203283e-04   9.1201257e-01
   7.6189100e+02   1.2306083e+02   5.3177185e-04   9.1204887e-01
   7.6194599e+02   1.2307417e+02   5.3155932e-04   9.1208613e-01
   7.6201099e+02   1.2308750e+02   5.3093236e-04   9.1212286e-01
   7.6208301e+02   1.2310083e+02   5.3114665e-04   9.1215907e-01
   7.6213599e+02   1.2311417e+02   5.3097807e-04   9.1219579e-01
   7.6221400e+02   1.2312750e+02   5.3061501e-04   9.1223149e-01
   7.6227201e+02   1.2314083e+02   5.3135407e-04   9.1226813e-01
   7.6234800e+02   1.2315417e+02   5.3141806e-04   9.1230506e-01
   7.6241099e+02   1.2316750e+02   5.3175374e-04   9.1234168e-01
   7.6248200e+02   1.2318083e+02   5.3212870e-04   9.1237848e-01
   7.6254200e+02   1.2319417e+02   5.3157226e-04   9.1241600e-01
   7.6261301e+02   1.2320750e+02   5.3274919e-04   9.1245426e-01
   7.6267600e+02   1.2322083e+02   5.3300001e-04   9.1249332e-01
   7.6274601e+02   1.2323417e+02   5.3355417e-04   9.1253322e-01
   7.6281501e+02   1.2324750e+02   5.3371250e-04   9.1257398e-01
   7.6287900e+02   1.2326083e+02   5.3401345e-04   9.1261614e-01
   7.6294401e+02   1.2327417e+02   5.3410849e-04   9.1266024e-01
   7.6301499e+02   1.2328750e+02   5.3449365e-04   9.1270522e-01
   7.6307001e+02   1.2330083e+02   5.3432135e-04   9.1275214e-01
   7.6314701e+02   1.2331417e+02   5.3436551e-04   9.1279939e-01
   7.6320899e+02   1.2332750e+02   5.3447668e-04   9.1284694e-01
   7.6328699e+02   1.2334083e+02   5.3377627e-04   9.1289424e-01
   7.6334199e+02   1.2335417e+02   5.3443198e-04   9.1294179e-01
   7.6341401e+02   1.2336750e+02   5.3492022e-04   9.1298959e-01
   7.6347901e+02   1.2338083e+02   5.3335860e-04   9.1303756e-01
   7.6354801e+02   1.2339417e+02   5.3325624e-04   9.1308568e-01
   7.6360901e+02   1.2340750e+02   5.3301526e-04   9.1313339e-01
   7.6368400e+02   1.2342083e+02   5.3321720e-04   9.1318175e-01
   7.6374500e+02   1.2343417e+02   5.3225168e-04   9.1323016e-01
   7.6381000e+02   1.2344750e+02   5.3275710e-04   9.1327814e-01
   7.6387501e+02   1.2346083e+02   5.3327337e-04   9.1332613e-01
   7.6394800e+02   1.2347417e+02   5.3369145e-04   9.1337355e-01
   7.6401099e+02   1.2348750e+02   5.3481198e-04   9.1342035e-01
   7.6408301e+02   1.2350083e+02   5.3561156e-04   9.1346694e-01
   7.6413901e+02   1.2351417e+02   5.3666575e-04   9.1351323e-01
   7.6420499e+02   1.2352750e+02   5.3750755e-04   9.1355917e-01
   7.6427900e+02   1.2354083e+02   5.3787012e-04   9.1360523e-01
   7.6433799e+02   1.2355417e+02   5.3847632e-04   9.1365035e-01
   7.6440601e+02   1.2356750e+02   5.3915130e-04   9.1369548e-01
   7.6447101e+02   1.2358083e+02   5.4126462e-04   9.1374011e-01
   7.6454001e+02   1.2359417e+02   5.4185720e-04   9.1378469e-01
   7.6460599e+02   1.2360750e+02   5.4217188e-04   9.1382871e-01
   7.6467600e+02   1.2362083e+02   5.4358120e-04   9.1387271e-01
   7.6473600e+02   1.2363417e+02   5.4402421e-04   9.1391611e-01
   7.6480601e+02   1.2364750e+02   5.4525505e-04   9.1395897e-01
   7.6487299e+02   1.2366083e+02   5.4586147e-04   9.1400075e-01
   7.6494099e+02   1.2367417e+02   5.4659956e-04   9.1404203e-01
   7.6500599e+02   1.2368750e+02   5.4730409e-04   9.1408187e-01
   7.6506599e+02   1.2370083e+02   5.4854086e-04   9.1411929e-01
   7.6514399e+02   1.2371417e+02   5.4943604e-04   9.1415631e-01
   7.6521201e+02   1.2372750e+02   5.4950228e-04   9.1419192e-01
   7.6527799e+02   1.2374083e+02   5.5067117e-04   9.1422664e-01
   7.6534800e+02   1.2375417e+02   5.5086084e-04   9.1426099e-01
   7.6540601e+02   1.2376750e+02   5.5115252e-04   9.1429449e-01
   7.6547700e+02   1.2378083e+02   5.5151219e-04   9.1432718e-01
   7.6554301e+02   1.2379417e+02   5.5125722e-04   9.1435957e-01
   7.6560999e+02   1.2380750e+02   5.5220289e-04   9.1439164e-01
   7.6567200e+02   1.2382083e+02   5.5247246e-04   9.1442291e-01
   7.6574000e+02   1.2383417e+02   5.5223371e-04   9.1445389e-01
   7.6582001e+02   1.2384750e+02   5.5264494e-04   9.1448408e-01
   7.6587501e+02   1.2386083e+02   5.5215714e-04   9.1451354e-01
   7.6594599e+02   1.2387417e+02   5.5213547e-04   9.1454275e-01
   7.6600599e+02   1.2388750e+02   5.5188146e-04   9.1457069e-01
   7.6607700e+02   1.2390083e+02   5.5176541e-04   9.1459741e-01
   7.6613599e+02   1.2391417e+02   5.5145929e-04   9.1462298e-01
   7.6621000e+02   1.2392750e+02   5.5084311e-04   9.1464796e-01
   7.6627701e+02   1.2394083e+02   5.5093067e-04   9.1467184e-01
   7.6633600e+02   1.2395417e+02   5.5036846e-04   9.1469568e-01
   7.6640900e+02   1.2396750e+02   5.4977183e-04   9.1472005e-01
   7.6647300e+02   1.2398083e+02   5.4943180e-04   9.1474338e-01
   7.6654899e+02   1.2399417e+02   5.4876440e-04   9.1476724e-01
   7.6661100e+02   1.2400750e+02   5.4926462e-04   9.1479109e-01
   7.6667600e+02   1.2402083e+02   5.4889510e-04   9.1481492e-01
   7.6674500e+02   1.2403417e+02   5.4862085e-04   9.1483876e-01
   7.6680601e+02   1.2404750e+02   5.4885519e-04   9.1486420e-01
   7.6686701e+02   1.2406083e+02   5.4905303e-04   9.1488922e-01
   7.6694300e+02   1.2407417e+02   5.4906045e-04   9.1491535e-01
   7.6701200e+02   1.2408750e+02   5.4922390e-04   9.1494399e-01
   7.6707899e+02   1.2410083e+02   5.4891407e-04   9.1497403e-01
   7.6715201e+02   1.2411417e+02   5.4945516e-04   9.1500650e-01
   7.6720899e+02   1.2412750e+02   5.4967528e-04   9.1504097e-01
   7.6727900e+02   1.2414083e+02   5.4980599e-04   9.1507699e-01
   7.6734400e+02   1.2415417e+02   5.4979509e-04   9.1511563e-01
   7.6740299e+02   1.2416750e+02   5.5015974e-04   9.1515592e-01
   7.6746799e+02   1.2418083e+02   5.5061771e-04   9.1519690e-01
   7.6754401e+02   1.2419417e+02   5.5085700e-04   9.1523911e-01
   7.6760901e+02   1.2420750e+02   5.5181882e-04   9.1528151e-01
   7.6768000e+02   1.2422083e+02   5.5194734e-04   9.1532256e-01
   7.6774601e+02   1.2423417e+02   5.5273009e-04   9.1536426e-01
   7.6780201e+02   1.2424750e+02   5.5299906e-04   9.1540553e-01
   7.6787299e+02   1.2426083e+02   5.5307219e-04   9.1544531e-01
   7.6793699e+02   1.2427417e+02   5.5359014e-04   9.1548457e-01
   7.6800599e+02   1.2428750e+02   5.5411051e-04   9.1552382e-01
   7.6807001e+02   1.2430083e+02   5.5412359e-04   9.1556252e-01
   7.6813599e+02   1.2431417e+02   5.5442321e-04   9.1560163e-01
   7.6820701e+02   1.2432750e+02   5.5425156e-04   9.1564063e-01
   7.6827100e+02   1.2434083e+02   5.5429450e-04   9.1568001e-01
   7.6832801e+02   1.2435417e+02   5.5355335e-04   9.1571924e-01
   7.6839899e+02   1.2436750e+02   5.5359492e-04   9.1575832e-01
   7.6847700e+02   1.2438083e+02   5.5289066e-04   9.1579726e-01
   7.6854499e+02   1.2439417e+02   5.5199796e-04   9.1583708e-01
   7.6860700e+02   1.2440750e+02   5.5195606e-04   9.1587622e-01
   7.6866999e+02   1.2442083e+02   5.5204996e-04   9.1591629e-01
   7.6873899e+02   1.2443417e+02   5.5109426e-04   9.1595731e-01
   7.6880900e+02   1.2444750e+02   5.5112428e-04   9.1599828e-01
   7.6887800e+02   1.2446083e+02   5.5007145e-04   9.1604029e-01
   7.6894401e+02   1.2447417e+02   5.4934160e-04   9.1608175e-01
   7.6900699e+02   1.2448750e+02   5.4827220e-04   9.1612258e-01
   7.6907899e+02   1.2450083e+02   5.4700435e-04   9.1616329e-01
   7.6914301e+02   1.2451417e+02   5.4618028e-04   9.1620341e-01
   7.6921601e+02   1.2452750e+02   5.4514636e-04   9.1624395e-01
   7.6928400e+02   1.2454083e+02   5.4489976e-04   9.1628392e-01
   7.6934299e+02   1.2455417e+02   5.4362991e-04   9.1632385e-01
   7.6941300e+02   1.2456750e+02   5.4278439e-04   9.1636328e-01
   7.6947300e+02   1.2458083e+02   5.4018561e-04   9.1640275e-01
   7.6953800e+02   1.2459417e+02   5.3977446e-04   9.1644170e-01
   7.6960801e+02   1.2460750e+02   5.3828635e-04   9.1647961e-01
   7.6966999e+02   1.2462083e+02   5.3687125e-04   9.1651697e-01
   7.6974299e+02   1.2463417e+02   5.3555040e-04   9.1655373e-01
   7.6981101e+02   1.2464750e+02   5.3430553e-04   9.1658936e-01
   7.6987400e+02   1.2466083e+02   5.3271360e-04   9.1662441e-01
   7.6993101e+02   1.2467417e+02   5.3254087e-04   9.1665893e-01
   7.7001200e+02   1.2468750e+02   5.3100747e-04   9.1669297e-01
   7.7007099e+02   1.2470083e+02   5.2930762e-04   9.1672658e-01
   7.7014701e+02   1.2471417e+02   5.2845479e-04   9.1675925e-01
   7.7020600e+02   1.2472750e+02   5.2731219e-04   9.1679153e-01
   7.7027500e+02   1.2474083e+02   5.2648406e-04   9.1682394e-01
   7.7034101e+02   1.2475417e+02   5.2591074e-04   9.1685647e-01
   7.7040699e+02   1.2476750e+02   5.2486030e-04   9.1688905e-01
   7.7047599e+02   1.2478083e+02   5.2363543e-04   9.1692218e-01
   7.7054700e+02   1.2479417e+02   5.2271134e-04   9.1695529e-01
   7.7060801e+02   1.2480750e+02   5.2129945e-04   9.1698882e-01
   7.7068400e+02   1.2482083e+02   5.1994463e-04   9.1702224e-01
   7.7074000e+02   1.2483417e+02   5.1807998e-04   9.1705498e-01
   7.7080799e+02   1.2484750e+02   5.1678016e-04   9.1708700e-01
   7.7087400e+02   1.2486083e+02   5.1537104e-04   9.1711879e-01
   7.7094300e+02   1.2487417e+02   5.1391453e-04   9.1714978e-01
   7.7100999e+02   1.2488750e+02   5.1255978e-04   9.1718047e-01
   7.7107899e+02   1.2490083e+02   5.1120858e-04   9.1721030e-01
   7.7113801e+02   1.2491417e+02   5.0994240e-04   9.1723976e-01
   7.7120301e+02   1.2492750e+02   5.0874579e-04   9.1726828e-01
   7.7127601e+02   1.2494083e+02   5.0770431e-04   9.1729636e-01
   7.7134299e+02   1.2495417e+02   5.0632071e-04   9.1732399e-01
   7.7141501e+02   1.2496750e+02   5.0560281e-04   9.1735061e-01
   7.7147401e+02   1.2498083e+02   5.0468020e-04   9.1737629e-01
   7.7153800e+02   1.2499417e+02   5.0318354e-04   9.1740064e-01
   7.7160801e+02   1.2500750e+02   5.0187862e-04   9.1742427e-01
   7.7167499e+02   1.2502083e+02   5.0066226e-04   9.1744838e-01
   7.7174399e+02   1.2503417e+02   4.9971802e-04   9.1747308e-01
   7.7179899e+02   1.2504750e+02   4.9873527e-04   9.1749743e-01
   7.7187101e+02   1.2506083e+02   4.9574579e-04   9.1752250e-01
   7.7193500e+02   1.2507417e+02   4.9449726e-04   9.1754831e-01
   7.7200300e+02   1.2508750e+02   4.9411063e-04   9.1757483e-01
   7.7206699e+02   1.2510083e+02   4.9341422e-04   9.1760208e-01
   7.7213901e+02   1.2511417e+02   4.9266153e-04   9.1763057e-01
   7.7219999e+02   1.2512750e+02   4.9231635e-04   9.1765879e-01
   7.7226700e+02   1.2514083e+02   4.9146598e-04   9.1768726e-01
   7.7234101e+02   1.2515417e+02   4.9131519e-04   9.1771605e-01
   7.7240201e+02   1.2516750e+02   4.9061881e-04   9.1774517e-01
   7.7246201e+02   1.2518083e+02   4.9037155e-04   9.1777612e-01
   7.7253599e+02   1.2519417e+02   4.8996084e-04   9.1780836e-01
   7.7260499e+02   1.2520750e+02   4.9020769e-04   9.1784135e-01
   7.7267301e+02   1.2522083e+02   4.8994547e-04   9.1787558e-01
   7.7274000e+02   1.2523417e+02   4.9032051e-04   9.1791159e-01
   7.7279899e+02   1.2524750e+02   4.9068343e-04   9.1794945e-01
   7.7286899e+02   1.2526083e+02   4.9097530e-04   9.1798865e-01
   7.7294099e+02   1.2527417e+02   4.9130447e-04   9.1802921e-01
   7.7300199e+02   1.2528750e+02   4.9167962e-04   9.1807162e-01
   7.7306800e+02   1.2530083e+02   4.9237146e-04   9.1811480e-01
   7.7314301e+02   1.2531417e+02   4.9343466e-04   9.1815975e-01
   7.7321000e+02   1.2532750e+02   4.9378166e-04   9.1820541e-01
   7.7328300e+02   1.2534083e+02   4.9506789e-04   9.1825126e-01
   7.7335801e+02   1.2535417e+02   4.9563919e-04   9.1829780e-01
   7.7341401e+02   1.2536750e+02   4.9717288e-04   9.1834555e-01
   7.7347501e+02   1.2538083e+02   4.9818398e-04   9.1839342e-01
   7.7354899e+02   1.2539417e+02   4.9984140e-04   9.1844196e-01
   7.7362501e+02   1.2540750e+02   5.0089684e-04   9.1849062e-01
   7.7368400e+02   1.2542083e+02   5.0271190e-04   9.1853767e-01
   7.7374698e+02   1.2543417e+02   5.0417755e-04   9.1858349e-01
   7.7380701e+02   1.2544750e+02   5.0574954e-04   9.1862751e-01
   7.7388001e+02   1.2546083e+02   5.0724283e-04   9.1866977e-01
   7.7394401e+02   1.2547417e+02   5.0904952e-04   9.1871081e-01
   7.7400800e+02   1.2548750e+02   5.1055301e-04   9.1874961e-01
   7.7407401e+02   1.2550083e+02   5.1210220e-04   9.1878719e-01
   7.7414600e+02   1.2551417e+02   5.1279856e-04   9.1882412e-01
   7.7420899e+02   1.2552750e+02   5.1485624e-04   9.1885988e-01
   7.7428101e+02   1.2554083e+02   5.1569035e-04   9.1889504e-01
   7.7434601e+02   1.2555417e+02   5.1666499e-04   9.1893019e-01
   7.7441199e+02   1.2556750e+02   5.1826515e-04   9.1896433e-01
   7.7447501e+02   1.2558083e+02   5.1956190e-04   9.1899800e-01
   7.7454200e+02   1.2559417e+02   5.2080286e-04   9.1903229e-01
   7.7461201e+02   1.2560750e+02   5.2154148e-04   9.1906621e-01
   7.7467600e+02   1.2562083e+02   5.2288256e-04   9.1910076e-01
   7.7475901e+02   1.2563417e+02   5.2401544e-04   9.1913493e-01
   7.7480799e+02   1.2564750e+02   5.2566888e-04   9.1916822e-01
   7.7488401e+02   1.2566083e+02   5.2661237e-04   9.1920164e-01
   7.7494099e+02   1.2567417e+02   5.2836371e-04   9.1923416e-01
   7.7501700e+02   1.2568750e+02   5.2936065e-04   9.1926681e-01
   7.7508799e+02   1.2570083e+02   5.3105753e-04   9.1929956e-01
   7.7513999e+02   1.2571417e+02   5.3251601e-04   9.1933242e-01
   7.7522001e+02   1.2572750e+02   5.3296382e-04   9.1936530e-01
   7.7528300e+02   1.2574083e+02   5.3447830e-04   9.1939864e-01
   7.7534800e+02   1.2575417e+02   5.3498283e-04   9.1943238e-01
   7.7541401e+02   1.2576750e+02   5.3598567e-04   9.1946638e-01
   7.7547300e+02   1.2578083e+02   5.3758766e-04   9.1950105e-01
   7.7554600e+02   1.2579417e+02   5.3847093e-04   9.1953531e-01
   7.7561399e+02   1.2580750e+02   5.3971120e-04   9.1956958e-01
   7.7567499e+02   1.2582083e+02   5.4120095e-04   9.1960423e-01
   7.7575101e+02   1.2583417e+02   5.4268289e-04   9.1963869e-01
   7.7580201e+02   1.2584750e+02   5.4321246e-04   9.1967346e-01
   7.7587501e+02   1.2586083e+02   5.4413819e-04   9.1970744e-01
   7.7593900e+02   1.2587417e+02   5.4571822e-04   9.1974116e-01
   7.7600800e+02   1.2588750e+02   5.4731077e-04   9.1977411e-01
   7.7607401e+02   1.2590083e+02   5.4868033e-04   9.1980733e-01
   7.7613401e+02   1.2591417e+02   5.4984774e-04   9.1983979e-01
   7.7620301e+02   1.2592750e+02   5.5137409e-04   9.1987103e-01
   7.7627399e+02   1.2594083e+02   5.5245731e-04   9.1990212e-01
   7.7633500e+02   1.2595417e+02   5.5381652e-04   9.1993258e-01
   7.7640800e+02   1.2596750e+02   5.5504590e-04   9.1996145e-01
   7.7646601e+02   1.2598083e+02   5.5607460e-04   9.1998986e-01
   7.7654200e+02   1.2599417e+02   5.5772224e-04   9.2001793e-01
   7.7660700e+02   1.2600750e+02   5.5887874e-04   9.2004527e-01
   7.7666599e+02   1.2602083e+02   5.6035450e-04   9.2007301e-01
   7.7674201e+02   1.2603417e+02   5.6214833e-04   9.2010119e-01
   7.7681299e+02   1.2604750e+02   5.6359288e-04   9.2012939e-01
   7.7687601e+02   1.2606083e+02   5.6540031e-04   9.2015821e-01
   7.7694300e+02   1.2607417e+02   5.6732145e-04   9.2018666e-01
   7.7700599e+02   1.2608750e+02   5.6876700e-04   9.2021528e-01
   7.7707099e+02   1.2610083e+02   5.7051957e-04   9.2024257e-01
   7.7714701e+02   1.2611417e+02   5.7236052e-04   9.2026960e-01
   7.7721100e+02   1.2612750e+02   5.7418818e-04   9.2029541e-01
   7.7727100e+02   1.2614083e+02   5.7674263e-04   9.2032100e-01
   7.7734199e+02   1.2615417e+02   5.7875618e-04   9.2034541e-01
   7.7740900e+02   1.2616750e+02   5.8135204e-04   9.2036929e-01
   7.7747401e+02   1.2618083e+02   5.8407395e-04   9.2039272e-01
   7.7754200e+02   1.2619417e+02   5.8664389e-04   9.2041627e-01
   7.7760599e+02   1.2620750e+02   5.8858455e-04   9.2043998e-01
   7.7767301e+02   1.2622083e+02   5.9115921e-04   9.2046437e-01
   7.7773801e+02   1.2623417e+02   5.9322003e-04   9.2048895e-01
   7.7781101e+02   1.2624750e+02   5.9551063e-04   9.2051470e-01
   7.7787198e+02   1.2626083e+02   5.9828149e-04   9.2054109e-01
   7.7794001e+02   1.2627417e+02   6.0015545e-04   9.2056762e-01
   7.7800999e+02   1.2628750e+02   6.0236278e-04   9.2059481e-01
   7.7807001e+02   1.2630083e+02   6.0413025e-04   9.2062264e-01
   7.7813099e+02   1.2631417e+02   6.0598538e-04   9.2065173e-01
   7.7820399e+02   1.2632750e+02   6.0801791e-04   9.2068269e-01
   7.7826801e+02   1.2634083e+02   6.0969791e-04   9.2071561e-01
   7.7833701e+02   1.2635417e+02   6.1169981e-04   9.2074956e-01
   7.7840299e+02   1.2636750e+02   6.1410790e-04   9.2078511e-01
   7.7846400e+02   1.2638083e+02   6.1563189e-04   9.2082231e-01
   7.7853800e+02   1.2639417e+02   6.1680799e-04   9.2086016e-01
   7.7860801e+02   1.2640750e+02   6.1824357e-04   9.2089920e-01
   7.7867600e+02   1.2642083e+02   6.1977898e-04   9.2093885e-01
   7.7875300e+02   1.2643417e+02   6.2131165e-04   9.2097962e-01
   7.7881299e+02   1.2644750e+02   6.2233779e-04   9.2102142e-01
   7.7887601e+02   1.2646083e+02   6.2289823e-04   9.2106477e-01
   7.7894001e+02   1.2647417e+02   6.2371128e-04   9.2110962e-01
   7.7900101e+02   1.2648750e+02   6.2428589e-04   9.2115648e-01
   7.7907300e+02   1.2650083e+02   6.2441983e-04   9.2120479e-01
   7.7913700e+02   1.2651417e+02   6.2435224e-04   9.2125339e-01
   7.7921299e+02   1.2652750e+02   6.2400280e-04   9.2130267e-01
   7.7927500e+02   1.2654083e+02   6.2324111e-04   9.2135206e-01
   7.7935200e+02   1.2655417e+02   6.2272627e-04   9.2140196e-01
   7.7940201e+02   1.2656750e+02   6.2266203e-04   9.2145180e-01
   7.7946900e+02   1.2658083e+02   6.2174117e-04   9.2150151e-01
   7.7954301e+02   1.2659417e+02   6.2127467e-04   9.2155151e-01
   7.7960700e+02   1.2660750e+02   6.2050108e-04   9.2160121e-01
   7.7967100e+02   1.2662083e+02   6.1884824e-04   9.2165000e-01
   7.7973801e+02   1.2663417e+02   6.1846866e-04   9.2169784e-01
   7.7980100e+02   1.2664750e+02   6.1741216e-04   9.2174465e-01
   7.7987900e+02   1.2666083e+02   6.1598044e-04   9.2179037e-01
   7.7994099e+02   1.2667417e+02   6.1512352e-04   9.2183554e-01
   7.7999601e+02   1.2668750e+02   6.1434207e-04   9.2188012e-01
   7.8006800e+02   1.2670083e+02   6.1251733e-04   9.2192404e-01
   7.8013599e+02   1.2671417e+02   6.1133670e-04   9.2196674e-01
   7.8020600e+02   1.2672750e+02   6.0975716e-04   9.2200828e-01
   7.8027701e+02   1.2674083e+02   6.0861640e-04   9.2204867e-01
   7.8034199e+02   1.2675417e+02   6.0606405e-04   9.2208787e-01
   7.8041001e+02   1.2676750e+02   6.0397065e-04   9.2212688e-01
   7.8047999e+02   1.2678083e+02   6.0323094e-04   9.2216528e-01
   7.8054200e+02   1.2679417e+02   6.0146706e-04   9.2220420e-01
   7.8060401e+02   1.2680750e+02   5.9936996e-04   9.2224323e-01
   7.8066700e+02   1.2682083e+02   5.9874725e-04   9.2228300e-01
   7.8073899e+02   1.2683417e+02   5.9683356e-04   9.2232307e-01
   7.8081199e+02   1.2684750e+02   5.9531349e-04   9.2236352e-01
   7.8087900e+02   1.2686083e+02   5.9451574e-04   9.2240444e-01
   7.8094501e+02   1.2687417e+02   5.9303141e-04   9.2244636e-01
   7.8100599e+02   1.2688750e+02   5.9161820e-04   9.2248932e-01
   7.8107401e+02   1.2690083e+02   5.9083428e-04   9.2253286e-01
   7.8114100e+02   1.2691417e+02   5.8940860e-04   9.2257707e-01
   7.8121100e+02   1.2692750e+02   5.8886513e-04   9.2262194e-01
   7.8127900e+02   1.2694083e+02   5.8790583e-04   9.2266752e-01
   7.8134601e+02   1.2695417e+02   5.8588315e-04   9.2271327e-01
   7.8141901e+02   1.2696750e+02   5.8500901e-04   9.2276069e-01
   7.8147901e+02   1.2698083e+02   5.8376992e-04   9.2280975e-01
   7.8154499e+02   1.2699417e+02   5.8171833e-04   9.2285940e-01
   7.8160700e+02   1.2700750e+02   5.8058427e-04   9.2291017e-01
   7.8168201e+02   1.2702083e+02   5.7915858e-04   9.2296154e-01
   7.8175199e+02   1.2703417e+02   5.7805220e-04   9.2301349e-01
   7.8179801e+02   1.2704750e+02   5.7673094e-04   9.2306599e-01
   7.8186899e+02   1.2706083e+02   5.7582953e-04   9.2311801e-01
   7.8193500e+02   1.2707417e+02   5.7412153e-04   9.2316998e-01
   7.8200400e+02   1.2708750e+02   5.7342240e-04   9.2322137e-01
   7.8207599e+02   1.2710083e+02   5.7196948e-04   9.2327158e-01
   7.8213599e+02   1.2711417e+02   5.7109769e-04   9.2332054e-01
   7.8220701e+02   1.2712750e+02   5.6996082e-04   9.2336926e-01
   7.8227299e+02   1.2714083e+02   5.6916344e-04   9.2341714e-01
   7.8234000e+02   1.2715417e+02   5.6854216e-04   9.2346356e-01
   7.8240601e+02   1.2716750e+02   5.6776233e-04   9.2350993e-01
   7.8247300e+02   1.2718083e+02   5.6712564e-04   9.2355516e-01
   7.8254099e+02   1.2719417e+02   5.6665468e-04   9.2359969e-01
   7.8260599e+02   1.2720750e+02   5.6642043e-04   9.2364350e-01
   7.8267499e+02   1.2722083e+02   5.6605301e-04   9.2368706e-01
   7.8274799e+02   1.2723417e+02   5.6627738e-04   9.2372978e-01
   7.8281599e+02   1.2724750e+02   5.6609712e-04   9.2377213e-01
   7.8287900e+02   1.2726083e+02   5.6694314e-04   9.2381556e-01
   7.8294099e+02   1.2727417e+02   5.6722445e-04   9.2385943e-01
   7.8301401e+02   1.2728750e+02   5.6757260e-04   9.2390360e-01
   7.8307300e+02   1.2730083e+02   5.6878475e-04   9.2394856e-01
   7.8313999e+02   1.2731417e+02   5.6990989e-04   9.2399376e-01
   7.8321000e+02   1.2732750e+02   5.7091471e-04   9.2403918e-01
   7.8328101e+02   1.2734083e+02   5.7193538e-04   9.2408438e-01
   7.8334199e+02   1.2735417e+02   5.7289403e-04   9.2412791e-01
   7.8340900e+02   1.2736750e+02   5.7390022e-04   9.2416984e-01
   7.8347999e+02   1.2738083e+02   5.7583154e-04   9.2421080e-01
   7.8354099e+02   1.2739417e+02   5.7759331e-04   9.2425130e-01
   7.8360801e+02   1.2740750e+02   5.7861701e-04   9.2429186e-01
   7.8368201e+02   1.2742083e+02   5.7954961e-04   9.2433196e-01
   7.8374201e+02   1.2743417e+02   5.8140581e-04   9.2437265e-01
   7.8380500e+02   1.2744750e+02   5.8281101e-04   9.2441347e-01
   7.8387501e+02   1.2746083e+02   5.8432670e-04   9.2445498e-01
   7.8394901e+02   1.2747417e+02   5.8474029e-04   9.2449712e-01
   7.8401600e+02   1.2748750e+02   5.8580529e-04   9.2454140e-01
   7.8407700e+02   1.2750083e+02   5.8643065e-04   9.2458684e-01
   7.8414799e+02   1.2751417e+02   5.8723896e-04   9.2463393e-01
   7.8420899e+02   1.2752750e+02   5.8775655e-04   9.2468213e-01
   7.8427900e+02   1.2754083e+02   5.8854488e-04   9.2473089e-01
   7.8434699e+02   1.2755417e+02   5.8887339e-04   9.2478013e-01
   7.8441801e+02   1.2756750e+02   5.8961681e-04   9.2482934e-01
   7.8448401e+02   1.2758083e+02   5.9020275e-04   9.2487794e-01
   7.8454401e+02   1.2759417e+02   5.9054575e-04   9.2492638e-01
   7.8461201e+02   1.2760750e+02   5.9104703e-04   9.2497514e-01
   7.8467802e+02   1.2762083e+02   5.9128112e-04   9.2502320e-01
   7.8474299e+02   1.2763417e+02   5.9171103e-04   9.2507056e-01
   7.8480500e+02   1.2764750e+02   5.9141124e-04   9.2511824e-01
   7.8488099e+02   1.2766083e+02   5.9229227e-04   9.2516570e-01
   7.8494199e+02   1.2767417e+02   5.9152448e-04   9.2521240e-01
   7.8501499e+02   1.2768750e+02   5.9125066e-04   9.2525889e-01
   7.8508100e+02   1.2770083e+02   5.9033813e-04   9.2530517e-01
   7.8514100e+02   1.2771417e+02   5.8925721e-04   9.2535069e-01
   7.8521799e+02   1.2772750e+02   5.8890602e-04   9.2539650e-01
   7.8527402e+02   1.2774083e+02   5.8696574e-04   9.2544157e-01
   7.8534000e+02   1.2775417e+02   5.8586217e-04   9.2548590e-01
   7.8540800e+02   1.2776750e+02   5.8438172e-04   9.2552950e-01
   7.8547202e+02   1.2778083e+02   5.8253448e-04   9.2557231e-01
   7.8553898e+02   1.2779417e+02   5.8107357e-04   9.2561429e-01
   7.8561198e+02   1.2780750e+02   5.7906975e-04   9.2565539e-01
   7.8568101e+02   1.2782083e+02   5.7749378e-04   9.2569598e-01
   7.8573502e+02   1.2783417e+02   5.7628790e-04   9.2573543e-01
   7.8580302e+02   1.2784750e+02   5.7491207e-04   9.2577413e-01
   7.8586503e+02   1.2786083e+02   5.7425923e-04   9.2581098e-01
   7.8594401e+02   1.2787417e+02   5.7283718e-04   9.2584743e-01
   7.8600699e+02   1.2788750e+02   5.7130490e-04   9.2588236e-01
   7.8607401e+02   1.2790083e+02   5.7010423e-04   9.2591575e-01
   7.8614200e+02   1.2791417e+02   5.6927470e-04   9.2594809e-01
   7.8620798e+02   1.2792750e+02   5.6828908e-04   9.2597831e-01
   7.8627903e+02   1.2794083e+02   5.6713490e-04   9.2600739e-01
   7.8633799e+02   1.2795417e+02   5.6576297e-04   9.2603529e-01
   7.8640000e+02   1.2796750e+02   5.6502878e-04   9.2606203e-01
   7.8647898e+02   1.2798083e+02   5.6333666e-04   9.2608763e-01
   7.8654502e+02   1.2799417e+02   5.6274496e-04   9.2611113e-01
   7.8660697e+02   1.2800750e+02   5.6103364e-04   9.2613273e-01
   7.8668400e+02   1.2802083e+02   5.6041258e-04   9.2615201e-01
   7.8674802e+02   1.2803417e+02   5.5922058e-04   9.2617007e-01
   7.8680997e+02   1.2804750e+02   5.5819604e-04   9.2618649e-01
   7.8688297e+02   1.2806083e+02   5.5674765e-04   9.2620246e-01
   7.8694901e+02   1.2807417e+02   5.5573747e-04   9.2621760e-01
   7.8701401e+02   1.2808750e+02   5.5485002e-04   9.2623203e-01
   7.8707603e+02   1.2810083e+02   5.5435792e-04   9.2624577e-01
   7.8714298e+02   1.2811417e+02   5.5330099e-04   9.2625946e-01
   7.8720701e+02   1.2812750e+02   5.5212149e-04   9.2627271e-01
   7.8726798e+02   1.2814083e+02   5.5125562e-04   9.2628563e-01
   7.8734897e+02   1.2815417e+02   5.5041078e-04   9.2629882e-01
   7.8740897e+02   1.2816750e+02   5.4911086e-04   9.2631186e-01
   7.8747898e+02   1.2818083e+02   5.4793439e-04   9.2632486e-01
   7.8753702e+02   1.2819417e+02   5.4640440e-04   9.2633793e-01
   7.8760801e+02   1.2820750e+02   5.4483911e-04   9.2635112e-01
   7.8767100e+02   1.2822083e+02   5.4339241e-04   9.2636395e-01
   7.8773600e+02   1.2823417e+02   5.4144963e-04   9.2637705e-01
   7.8780198e+02   1.2824750e+02   5.4024657e-04   9.2639051e-01
   7.8786997e+02   1.2826083e+02   5.3832192e-04   9.2640390e-01
   7.8794797e+02   1.2827417e+02   5.3700470e-04   9.2641736e-01
   7.8801200e+02   1.2828750e+02   5.3517375e-04   9.2643049e-01
   7.8806998e+02   1.2830083e+02   5.3329155e-04   9.2644285e-01
   7.8814500e+02   1.2831417e+02   5.3164512e-04   9.2645450e-01
   7.8821000e+02   1.2832750e+02   5.2986307e-04   9.2646555e-01
   7.8827598e+02   1.2834083e+02   5.2813048e-04   9.2647616e-01
   7.8834800e+02   1.2835417e+02   5.2634508e-04   9.2648647e-01
   7.8841001e+02   1.2836750e+02   5.2496173e-04   9.2649710e-01
   7.8847800e+02   1.2838083e+02   5.2327204e-04   9.2650910e-01
   7.8854502e+02   1.2839417e+02   5.2231136e-04   9.2652254e-01
   7.8860898e+02   1.2840750e+02   5.2050608e-04   9.2653646e-01
   7.8868101e+02   1.2842083e+02   5.1877585e-04   9.2655199e-01
   7.8874698e+02   1.2843417e+02   5.1766606e-04   9.2656969e-01
   7.8880302e+02   1.2844750e+02   5.1574749e-04   9.2658913e-01
   7.8887498e+02   1.2846083e+02   5.1509624e-04   9.2661182e-01
   7.8894303e+02   1.2847417e+02   5.1380066e-04   9.2663764e-01
   7.8900400e+02   1.2848750e+02   5.1306325e-04   9.2666746e-01
   7.8907700e+02   1.2850083e+02   5.1263537e-04   9.2670001e-01
   7.8913999e+02   1.2851417e+02   5.1125856e-04   9.2673566e-01
   7.8920402e+02   1.2852750e+02   5.1099407e-04   9.2677281e-01
   7.8927402e+02   1.2854083e+02   5.0992482e-04   9.2681245e-01
   7.8934598e+02   1.2855417e+02   5.0956199e-04   9.2685350e-01
   7.8941300e+02   1.2856750e+02   5.0840660e-04   9.2689593e-01
   7.8948099e+02   1.2858083e+02   5.0838407e-04   9.2693969e-01
   7.8954899e+02   1.2859417e+02   5.0760848e-04   9.2698412e-01
   7.8960599e+02   1.2860750e+02   5.0656684e-04   9.2702855e-01
   7.8968003e+02   1.2862083e+02   5.0573529e-04   9.2707236e-01
   7.8974998e+02   1.2863417e+02   5.0504556e-04   9.2711649e-01
   7.8980997e+02   1.2864750e+02   5.0387649e-04   9.2716035e-01
   7.8987803e+02   1.2866083e+02   5.0314808e-04   9.2720488e-01
   7.8994303e+02   1.2867417e+02   5.0153467e-04   9.2725005e-01
   7.9000797e+02   1.2868750e+02   5.0065754e-04   9.2729698e-01
   7.9007297e+02   1.2870083e+02   5.0034122e-04   9.2734571e-01
   7.9014597e+02   1.2871417e+02   4.9903528e-04   9.2739632e-01
   7.9021598e+02   1.2872750e+02   4.9793588e-04   9.2744731e-01
   7.9027097e+02   1.2874083e+02   4.9702977e-04   9.2749916e-01
   7.9032999e+02   1.2875417e+02   4.9565152e-04   9.2755137e-01
   7.9041501e+02   1.2876750e+02   4.9454240e-04   9.2760397e-01
   7.9048002e+02   1.2878083e+02   4.9345812e-04   9.2765696e-01
   7.9054099e+02   1.2879417e+02   4.9188069e-04   9.2771038e-01
   7.9061899e+02   1.2880750e+02   4.9105584e-04   9.2776266e-01
   7.9068101e+02   1.2882083e+02   4.9040379e-04   9.2781377e-01
   7.9073698e+02   1.2883417e+02   4.8951229e-04   9.2786423e-01
   7.9081302e+02   1.2884750e+02   4.8753300e-04   9.2791349e-01
   7.9087302e+02   1.2886083e+02   4.8644903e-04   9.2796151e-01
   7.9093601e+02   1.2887417e+02   4.8508979e-04   9.2800928e-01
   7.9100901e+02   1.2888750e+02   4.8378172e-04   9.2805619e-01
   7.9107200e+02   1.2890083e+02   4.8310030e-04   9.2810325e-01
   7.9114500e+02   1.2891417e+02   4.8182728e-04   9.2814992e-01
   7.9121403e+02   1.2892750e+02   4.8065704e-04   9.2819565e-01
   7.9126902e+02   1.2894083e+02   4.7939206e-04   9.2824094e-01
   7.9134202e+02   1.2895417e+02   4.7815904e-04   9.2828627e-01
   7.9141202e+02   1.2896750e+02   4.7681644e-04   9.2833165e-01
   7.9146299e+02   1.2898083e+02   4.7589172e-04   9.2837653e-01
   7.9153202e+02   1.2899417e+02   4.7575372e-04   9.2842084e-01
   7.9159897e+02   1.2900750e+02   4.7474813e-04   9.2846462e-01
   7.9167100e+02   1.2902083e+02   4.7352192e-04   9.2850838e-01
   7.9173801e+02   1.2903417e+02   4.7266776e-04   9.2855158e-01
   7.9180503e+02   1.2904750e+02   4.7211645e-04   9.2859469e-01
   7.9186503e+02   1.2906083e+02   4.7342795e-04   9.2863718e-01
   7.9194102e+02   1.2907417e+02   4.7328293e-04   9.2867953e-01
   7.9200199e+02   1.2908750e+02   4.7271838e-04   9.2872173e-01
   7.9207102e+02   1.2910083e+02   4.7246600e-04   9.2876378e-01
   7.9213602e+02   1.2911417e+02   4.7231366e-04   9.2880465e-01
   7.9220103e+02   1.2912750e+02   4.7274765e-04   9.2884535e-01
   7.9227299e+02   1.2914083e+02   4.7271060e-04   9.2888484e-01
   7.9234397e+02   1.2915417e+02   4.7254773e-04   9.2892306e-01
   7.9240598e+02   1.2916750e+02   4.7293090e-04   9.2895994e-01
   7.9246598e+02   1.2918083e+02   4.7269307e-04   9.2899589e-01
   7.9254203e+02   1.2919417e+02   4.7241093e-04   9.2903135e-01
   7.9260502e+02   1.2920750e+02   4.7245766e-04   9.2906473e-01
   7.9268101e+02   1.2922083e+02   4.7244242e-04   9.2909747e-01
   7.9274003e+02   1.2923417e+02   4.7256104e-04   9.2912952e-01
   7.9280997e+02   1.2924750e+02   4.7235384e-04   9.2916031e-01
   7.9287400e+02   1.2926083e+02   4.7245442e-04   9.2919031e-01
   7.9293699e+02   1.2927417e+02   4.7271730e-04   9.2921897e-01
   7.9300303e+02   1.2928750e+02   4.7313978e-04   9.2924620e-01
   7.9307102e+02   1.2930083e+02   4.7321865e-04   9.2927248e-01
   7.9314298e+02   1.2931417e+02   4.7392154e-04   9.2929772e-01
   7.9320200e+02   1.2932750e+02   4.7406639e-04   9.2932297e-01
   7.9326798e+02   1.2934083e+02   4.7432122e-04   9.2934832e-01
   7.9334098e+02   1.2935417e+02   4.7440507e-04   9.2937479e-01
   7.9340299e+02   1.2936750e+02   4.7510284e-04   9.2940033e-01
   7.9347300e+02   1.2938083e+02   4.7527682e-04   9.2942698e-01
   7.9354001e+02   1.2939417e+02   4.7523195e-04   9.2945369e-01
   7.9360599e+02   1.2940750e+02   4.7551156e-04   9.2948000e-01
   7.9367698e+02   1.2942083e+02   4.7582496e-04   9.2950641e-01
   7.9374302e+02   1.2943417e+02   4.7561882e-04   9.2953238e-01
   7.9381199e+02   1.2944750e+02   4.7615833e-04   9.2955840e-01
   7.9386997e+02   1.2946083e+02   4.7655783e-04   9.2958399e-01
   7.9393802e+02   1.2947417e+02   4.7655977e-04   9.2960920e-01
   7.9399698e+02   1.2948750e+02   4.7673395e-04   9.2963403e-01
   7.9406699e+02   1.2950083e+02   4.7665833e-04   9.2965800e-01
   7.9413602e+02   1.2951417e+02   4.7773640e-04   9.2968122e-01
   7.9420298e+02   1.2952750e+02   4.7812542e-04   9.2970333e-01
   7.9426603e+02   1.2954083e+02   4.7927414e-04   9.2972440e-01
   7.9433597e+02   1.2955417e+02   4.7957677e-04   9.2974504e-01
   7.9440500e+02   1.2956750e+02   4.8054766e-04   9.2976534e-01
   7.9446201e+02   1.2958083e+02   4.8079693e-04   9.2978542e-01
   7.9453098e+02   1.2959417e+02   4.8173732e-04   9.2980537e-01
   7.9459800e+02   1.2960750e+02   4.8296061e-04   9.2982585e-01
   7.9466703e+02   1.2962083e+02   4.8371710e-04   9.2984748e-01
   7.9473698e+02   1.2963417e+02   4.8494041e-04   9.2986990e-01
   7.9480698e+02   1.2964750e+02   4.8589137e-04   9.2989423e-01
   7.9486802e+02   1.2966083e+02   4.8730242e-04   9.2992059e-01
   7.9493101e+02   1.2967417e+02   4.8820139e-04   9.2994963e-01
   7.9500303e+02   1.2968750e+02   4.8941116e-04   9.2998146e-01
   7.9507200e+02   1.2970083e+02   4.9057250e-04   9.3001614e-01
   7.9514103e+02   1.2971417e+02   4.9192293e-04   9.3005259e-01
   7.9520298e+02   1.2972750e+02   4.9354464e-04   9.3009127e-01
   7.9527500e+02   1.2974083e+02   4.9440288e-04   9.3013273e-01
   7.9534299e+02   1.2975417e+02   4.9669417e-04   9.3017644e-01
   7.9540500e+02   1.2976750e+02   4.9828559e-04   9.3022087e-01
   7.9547001e+02   1.2978083e+02   4.9979388e-04   9.3026757e-01
   7.9553501e+02   1.2979417e+02   5.0155890e-04   9.3031393e-01
   7.9560398e+02   1.2980750e+02   5.0308388e-04   9.3035979e-01
   7.9567100e+02   1.2982083e+02   5.0414093e-04   9.3040397e-01
   7.9574497e+02   1.2983417e+02   5.0525506e-04   9.3044676e-01
   7.9580601e+02   1.2984750e+02   5.0674248e-04   9.3048753e-01
   7.9587302e+02   1.2986083e+02   5.0755112e-04   9.3052824e-01
   7.9593003e+02   1.2987417e+02   5.0836619e-04   9.3056780e-01
   7.9599802e+02   1.2988750e+02   5.0840478e-04   9.3060714e-01
   7.9607102e+02   1.2990083e+02   5.0861937e-04   9.3064572e-01
   7.9613499e+02   1.2991417e+02   5.0891368e-04   9.3068396e-01
   7.9620298e+02   1.2992750e+02   5.0842888e-04   9.3072077e-01
   7.9626700e+02   1.2994083e+02   5.0827336e-04   9.3075709e-01
   7.9633799e+02   1.2995417e+02   5.0770825e-04   9.3079242e-01
   7.9639701e+02   1.2996750e+02   5.0742574e-04   9.3082676e-01
   7.9647098e+02   1.2998083e+02   5.0723145e-04   9.3086014e-01
   7.9652903e+02   1.2999417e+02   5.0641525e-04   9.3089201e-01
   7.9661301e+02   1.3000750e+02   5.0564396e-04   9.3092338e-01
   7.9667002e+02   1.3002083e+02   5.0508787e-04   9.3095371e-01
   7.9674497e+02   1.3003417e+02   5.0339321e-04   9.3098296e-01
   7.9680100e+02   1.3004750e+02   5.0179391e-04   9.3101061e-01
   7.9686100e+02   1.3006083e+02   5.0035445e-04   9.3103818e-01
   7.9692802e+02   1.3007417e+02   4.9833243e-04   9.3106459e-01
   7.9700498e+02   1.3008750e+02   4.9659581e-04   9.3109035e-01
   7.9706602e+02   1.3010083e+02   4.9459515e-04   9.3111499e-01
   7.9713297e+02   1.3011417e+02   4.9239638e-04   9.3113858e-01
   7.9720103e+02   1.3012750e+02   4.8995657e-04   9.3116068e-01
   7.9726798e+02   1.3014083e+02   4.8777519e-04   9.3118291e-01
   7.9733500e+02   1.3015417e+02   4.8539892e-04   9.3120485e-01
   7.9740897e+02   1.3016750e+02   4.8293970e-04   9.3122709e-01
   7.9747001e+02   1.3018083e+02   4.8024559e-04   9.3124921e-01
   7.9753599e+02   1.3019417e+02   4.7785779e-04   9.3127178e-01
   7.9760300e+02   1.3020750e+02   4.7559488e-04   9.3129385e-01
   7.9765800e+02   1.3022083e+02   4.7284495e-04   9.3131643e-01
   7.9774198e+02   1.3023417e+02   4.7010789e-04   9.3133852e-01
   7.9780198e+02   1.3024750e+02   4.6752943e-04   9.3136064e-01
   7.9787400e+02   1.3026083e+02   4.6525098e-04   9.3138337e-01
   7.9793802e+02   1.3027417e+02   4.6237113e-04   9.3140668e-01
   7.9800400e+02   1.3028750e+02   4.5987992e-04   9.3143053e-01
   7.9806803e+02   1.3030083e+02   4.5743706e-04   9.3145489e-01
   7.9812803e+02   1.3031417e+02   4.5521268e-04   9.3147970e-01
   7.9820200e+02   1.3032750e+02   4.5257821e-04   9.3150493e-01
   7.9826102e+02   1.3034083e+02   4.4968198e-04   9.3153062e-01
   7.9834000e+02   1.3035417e+02   4.4705171e-04   9.3155628e-01
   7.9840000e+02   1.3036750e+02   4.4437684e-04   9.3158191e-01
   7.9847501e+02   1.3038083e+02   4.4152608e-04   9.3160802e-01
   7.9853800e+02   1.3039417e+02   4.3888636e-04   9.3163409e-01
   7.9859702e+02   1.3040750e+02   4.3657442e-04   9.3166012e-01
   7.9867399e+02   1.3042083e+02   4.3382053e-04   9.3168615e-01
   7.9873398e+02   1.3043417e+02   4.3117568e-04   9.3171265e-01
   7.9880900e+02   1.3044750e+02   4.2923726e-04   9.3173919e-01
   7.9886503e+02   1.3046083e+02   4.2752555e-04   9.3176581e-01
   7.9893601e+02   1.3047417e+02   4.2547039e-04   9.3179261e-01
   7.9900498e+02   1.3048750e+02   4.2368913e-04   9.3181914e-01
   7.9906101e+02   1.3050083e+02   4.2230382e-04   9.3184603e-01
   7.9913798e+02   1.3051417e+02   4.2110160e-04   9.3187276e-01
   7.9920499e+02   1.3052750e+02   4.2044341e-04   9.3189938e-01
   7.9927402e+02   1.3054083e+02   4.1945525e-04   9.3192746e-01
   7.9934202e+02   1.3055417e+02   4.1902178e-04   9.3195590e-01
   7.9939597e+02   1.3056750e+02   4.1798012e-04   9.3198565e-01
   7.9946500e+02   1.3058083e+02   4.1772515e-04   9.3201709e-01
   7.9953702e+02   1.3059417e+02   4.1773142e-04   9.3204915e-01
   7.9960099e+02   1.3060750e+02   4.1766159e-04   9.3208178e-01
   7.9967100e+02   1.3062083e+02   4.1812877e-04   9.3211497e-01
   7.9973398e+02   1.3063417e+02   4.1796934e-04   9.3214819e-01
   7.9980302e+02   1.3064750e+02   4.1807084e-04   9.3218093e-01
   7.9986997e+02   1.3066083e+02   4.1854580e-04   9.3221419e-01
   7.9993699e+02   1.3067417e+02   4.1865504e-04   9.3224745e-01
   8.0000303e+02   1.3068750e+02   4.1922932e-04   9.3227869e-01
   8.0006803e+02   1.3070083e+02   4.1962525e-04   9.3230949e-01
   8.0013297e+02   1.3071417e+02   4.2031965e-04   9.3233883e-01
   8.0020701e+02   1.3072750e+02   4.2094133e-04   9.3236675e-01
   8.0027000e+02   1.3074083e+02   4.2169969e-04   9.3239480e-01
   8.0033500e+02   1.3075417e+02   4.2341119e-04   9.3242246e-01
   8.0040500e+02   1.3076750e+02   4.2508214e-04   9.3244967e-01
   8.0046403e+02   1.3078083e+02   4.2540774e-04   9.3247688e-01
   8.0053397e+02   1.3079417e+02   4.2676118e-04   9.3250406e-01
   8.0061198e+02   1.3080750e+02   4.2853070e-04   9.3253171e-01
   8.0067899e+02   1.3082083e+02   4.2919234e-04   9.3255875e-01
   8.0073002e+02   1.3083417e+02   4.3072622e-04   9.3258671e-01
   8.0080802e+02   1.3084750e+02   4.3269227e-04   9.3261514e-01
   8.0087101e+02   1.3086083e+02   4.3338577e-04   9.3264513e-01
   8.0093302e+02   1.3087417e+02   4.3499591e-04   9.3267570e-01
   8.0100498e+02   1.3088750e+02   4.3654436e-04   9.3270742e-01
   8.0106998e+02   1.3090083e+02   4.3744924e-04   9.3273981e-01
   8.0113700e+02   1.3091417e+02   4.3922491e-04   9.3277344e-01
   8.0120499e+02   1.3092750e+02   4.4045019e-04   9.3280783e-01
   8.0127097e+02   1.3094083e+02   4.4183553e-04   9.3284308e-01
   8.0133201e+02   1.3095417e+02   4.4406691e-04   9.3287822e-01
   8.0141001e+02   1.3096750e+02   4.4531240e-04   9.3291435e-01
   8.0148502e+02   1.3098083e+02   4.4658098e-04   9.3295046e-01
   8.0154600e+02   1.3099417e+02   4.4912817e-04   9.3298706e-01
   8.0159702e+02   1.3100750e+02   4.5030569e-04   9.3302410e-01
   8.0166703e+02   1.3102083e+02   4.5159086e-04   9.3306103e-01
   8.0173600e+02   1.3103417e+02   4.5250236e-04   9.3309774e-01
   8.0179899e+02   1.3104750e+02   4.5364819e-04   9.3313411e-01
   8.0187400e+02   1.3106083e+02   4.5478931e-04   9.3316950e-01
   8.0193003e+02   1.3107417e+02   4.5592642e-04   9.3320433e-01
   8.0199302e+02   1.3108750e+02   4.5645264e-04   9.3323749e-01
   8.0206400e+02   1.3110083e+02   4.5693468e-04   9.3327052e-01
   8.0213102e+02   1.3111417e+02   4.5728861e-04   9.3330234e-01
   8.0220103e+02   1.3112750e+02   4.5754845e-04   9.3333348e-01
   8.0225999e+02   1.3114083e+02   4.5718536e-04   9.3336392e-01
   8.0234000e+02   1.3115417e+02   4.5702104e-04   9.3339418e-01
   8.0239701e+02   1.3116750e+02   4.5617418e-04   9.3342372e-01
   8.0245603e+02   1.3118083e+02   4.5576026e-04   9.3345358e-01
   8.0252598e+02   1.3119417e+02   4.5493662e-04   9.3348322e-01
   8.0259000e+02   1.3120750e+02   4.5372930e-04   9.3351260e-01
   8.0266300e+02   1.3122083e+02   4.5243611e-04   9.3354119e-01
   8.0273301e+02   1.3123417e+02   4.5119439e-04   9.3356998e-01
   8.0280503e+02   1.3124750e+02   4.5015727e-04   9.3359788e-01
   8.0287101e+02   1.3126083e+02   4.4912018e-04   9.3362589e-01
   8.0293497e+02   1.3127417e+02   4.4787379e-04   9.3365246e-01
   8.0300602e+02   1.3128750e+02   4.4642397e-04   9.3367965e-01
   8.0307102e+02   1.3130083e+02   4.4486782e-04   9.3370693e-01
   8.0313199e+02   1.3131417e+02   4.4397524e-04   9.3373431e-01
   8.0319999e+02   1.3132750e+02   4.4261289e-04   9.3376180e-01
   8.0326200e+02   1.3134083e+02   4.4130216e-04   9.3378840e-01
   8.0333103e+02   1.3135417e+02   4.3949211e-04   9.3381512e-01
   8.0339701e+02   1.3136750e+02   4.3808313e-04   9.3384193e-01
   8.0346403e+02   1.3138083e+02   4.3644513e-04   9.3386887e-01
   8.0352500e+02   1.3139417e+02   4.3549312e-04   9.3389489e-01
   8.0359702e+02   1.3140750e+02   4.3380747e-04   9.3392099e-01
   8.0366202e+02   1.3142083e+02   4.3256140e-04   9.3394713e-01
   8.0372898e+02   1.3143417e+02   4.3158189e-04   9.3397334e-01
   8.0379502e+02   1.3144750e+02   4.3047879e-04   9.3399923e-01
   8.0386002e+02   1.3146083e+02   4.2949644e-04   9.3402641e-01
   8.0393497e+02   1.3147417e+02   4.2864020e-04   9.3405337e-01
   8.0398899e+02   1.3148750e+02   4.2784455e-04   9.3408069e-01
   8.0406498e+02   1.3150083e+02   4.2712443e-04   9.3410837e-01
   8.0413102e+02   1.3151417e+02   4.2624451e-04   9.3413644e-01
   8.0420103e+02   1.3152750e+02   4.2516874e-04   9.3416492e-01
   8.0426102e+02   1.3154083e+02   4.2411362e-04   9.3419431e-01
   8.0433597e+02   1.3155417e+02   4.2349684e-04   9.3422356e-01
   8.0439402e+02   1.3156750e+02   4.2237270e-04   9.3425320e-01
   8.0446500e+02   1.3158083e+02   4.2168069e-04   9.3428324e-01
   8.0453202e+02   1.3159417e+02   4.2099658e-04   9.3431318e-01
   8.0459598e+02   1.3160750e+02   4.2004740e-04   9.3434250e-01
   8.0467100e+02   1.3162083e+02   4.1882745e-04   9.3437116e-01
   8.0473398e+02   1.3163417e+02   4.1814049e-04   9.3439916e-01
   8.0480100e+02   1.3164750e+02   4.1741825e-04   9.3442597e-01
   8.0487198e+02   1.3166083e+02   4.1684214e-04   9.3445163e-01
   8.0492802e+02   1.3167417e+02   4.1687876e-04   9.3447670e-01
   8.0500199e+02   1.3168750e+02   4.1655416e-04   9.3450125e-01
   8.0506998e+02   1.3170083e+02   4.1682002e-04   9.3452583e-01
   8.0513102e+02   1.3171417e+02   4.1737183e-04   9.3454848e-01
   8.0518998e+02   1.3172750e+02   4.1785682e-04   9.3456986e-01
   8.0525999e+02   1.3174083e+02   4.1873721e-04   9.3459014e-01
   8.0532603e+02   1.3175417e+02   4.1980862e-04   9.3460995e-01
   8.0539200e+02   1.3176750e+02   4.2073698e-04   9.3462886e-01
   8.0546299e+02   1.3178083e+02   4.2203072e-04   9.3464755e-01
   8.0553202e+02   1.3179417e+02   4.2386110e-04   9.3466613e-01
   8.0559800e+02   1.3180750e+02   4.2576124e-04   9.3468575e-01
   8.0566801e+02   1.3182083e+02   4.2675366e-04   9.3470746e-01
   8.0572898e+02   1.3183417e+02   4.2800030e-04   9.3473079e-01
   8.0579697e+02   1.3184750e+02   4.2944769e-04   9.3475524e-01
   8.0586600e+02   1.3186083e+02   4.3058127e-04   9.3478184e-01
   8.0593497e+02   1.3187417e+02   4.3184524e-04   9.3480996e-01
   8.0599698e+02   1.3188750e+02   4.3350193e-04   9.3483900e-01
   8.0607200e+02   1.3190083e+02   4.3461681e-04   9.3486877e-01
   8.0612699e+02   1.3191417e+02   4.3573322e-04   9.3489805e-01
   8.0619401e+02   1.3192750e+02   4.3668584e-04   9.3492821e-01
   8.0625797e+02   1.3194083e+02   4.3785485e-04   9.3495911e-01
   8.0632102e+02   1.3195417e+02   4.3899823e-04   9.3499011e-01
   8.0639298e+02   1.3196750e+02   4.3960338e-04   9.3502119e-01
   8.0646403e+02   1.3198083e+02   4.4103652e-04   9.3505283e-01
   8.0653098e+02   1.3199417e+02   4.4168429e-04   9.3508397e-01
   8.0660801e+02   1.3200750e+02   4.4307512e-04   9.3511557e-01
   8.0666898e+02   1.3202083e+02   4.4348109e-04   9.3514822e-01
   8.0673002e+02   1.3203417e+02   4.4450862e-04   9.3518149e-01
   8.0680002e+02   1.3204750e+02   4.4508495e-04   9.3521590e-01
   8.0686399e+02   1.3206083e+02   4.4600742e-04   9.3525155e-01
   8.0693601e+02   1.3207417e+02   4.4669631e-04   9.3528792e-01
   8.0700400e+02   1.3208750e+02   4.4741833e-04   9.3532499e-01
   8.0706901e+02   1.3210083e+02   4.4769385e-04   9.3536271e-01
   8.0713199e+02   1.3211417e+02   4.4858870e-04   9.3540097e-01
   8.0720200e+02   1.3212750e+02   4.4892176e-04   9.3543973e-01
   8.0726798e+02   1.3214083e+02   4.4920309e-04   9.3547886e-01
   8.0734000e+02   1.3215417e+02   4.4982757e-04   9.3551879e-01
   8.0740000e+02   1.3216750e+02   4.5012687e-04   9.3555792e-01
   8.0747098e+02   1.3218083e+02   4.5049343e-04   9.3559726e-01
   8.0754099e+02   1.3219417e+02   4.5090483e-04   9.3563670e-01
   8.0760502e+02   1.3220750e+02   4.5118486e-04   9.3567618e-01
   8.0766703e+02   1.3222083e+02   4.5168797e-04   9.3571514e-01
   8.0773301e+02   1.3223417e+02   4.5228663e-04   9.3575402e-01
   8.0780399e+02   1.3224750e+02   4.5187104e-04   9.3579132e-01
   8.0786198e+02   1.3226083e+02   4.5232451e-04   9.3582806e-01
   8.0793198e+02   1.3227417e+02   4.5228998e-04   9.3586477e-01
   8.0799998e+02   1.3228750e+02   4.5273513e-04   9.3590147e-01
   8.0807297e+02   1.3230083e+02   4.5251015e-04   9.3593770e-01
   8.0814298e+02   1.3231417e+02   4.5285870e-04   9.3597348e-01
   8.0820499e+02   1.3232750e+02   4.5350484e-04   9.3600884e-01
   8.0827402e+02   1.3234083e+02   4.5289399e-04   9.3604324e-01
   8.0834501e+02   1.3235417e+02   4.5340598e-04   9.3607722e-01
   8.0840702e+02   1.3236750e+02   4.5327784e-04   9.3611024e-01
   8.0847202e+02   1.3238083e+02   4.5354078e-04   9.3614180e-01
   8.0854398e+02   1.3239417e+02   4.5354534e-04   9.3617295e-01
   8.0860099e+02   1.3240750e+02   4.5347377e-04   9.3620316e-01
   8.0866099e+02   1.3242083e+02   4.5409529e-04   9.3623301e-01
   8.0873502e+02   1.3243417e+02   4.5294530e-04   9.3626256e-01
   8.0880399e+02   1.3244750e+02   4.5352883e-04   9.3629183e-01
   8.0886899e+02   1.3246083e+02   4.5324013e-04   9.3632138e-01
   8.0893198e+02   1.3247417e+02   4.5371045e-04   9.3635027e-01
   8.0899100e+02   1.3248750e+02   4.5272417e-04   9.3637903e-01
   8.0906302e+02   1.3250083e+02   4.5238607e-04   9.3640818e-01
   8.0913297e+02   1.3251417e+02   4.5302396e-04   9.3643719e-01
   8.0918998e+02   1.3252750e+02   4.5278977e-04   9.3646554e-01
   8.0926700e+02   1.3254083e+02   4.5264199e-04   9.3649423e-01
   8.0932401e+02   1.3255417e+02   4.5289168e-04   9.3652274e-01
   8.0939103e+02   1.3256750e+02   4.5310678e-04   9.3655007e-01
   8.0946500e+02   1.3258083e+02   4.5396600e-04   9.3657726e-01
   8.0953098e+02   1.3259417e+02   4.5448769e-04   9.3660331e-01
   8.0959299e+02   1.3260750e+02   4.5446002e-04   9.3662934e-01
   8.0966398e+02   1.3262083e+02   4.5512416e-04   9.3665483e-01
   8.0973600e+02   1.3263417e+02   4.5592925e-04   9.3667975e-01
   8.0980100e+02   1.3264750e+02   4.5640695e-04   9.3670414e-01
   8.0986600e+02   1.3266083e+02   4.5675567e-04   9.3672846e-01
   8.0994102e+02   1.3267417e+02   4.5708714e-04   9.3675278e-01
   8.1000303e+02   1.3268750e+02   4.5740015e-04   9.3677707e-01
   8.1006803e+02   1.3270083e+02   4.5832321e-04   9.3680075e-01
   8.1013901e+02   1.3271417e+02   4.5818004e-04   9.3682386e-01
   8.1020902e+02   1.3272750e+02   4.5869509e-04   9.3684742e-01
   8.1027097e+02   1.3274083e+02   4.5846472e-04   9.3687037e-01
   8.1033701e+02   1.3275417e+02   4.5867755e-04   9.3689217e-01
   8.1040299e+02   1.3276750e+02   4.5832507e-04   9.3691436e-01
   8.1047098e+02   1.3278083e+02   4.5837815e-04   9.3693695e-01
   8.1054001e+02   1.3279417e+02   4.5834190e-04   9.3695891e-01
   8.1060599e+02   1.3280750e+02   4.5802028e-04   9.3698123e-01
   8.1067301e+02   1.3282083e+02   4.5766329e-04   9.3700292e-01
   8.1073801e+02   1.3283417e+02   4.5742033e-04   9.3702396e-01
   8.1080302e+02   1.3284750e+02   4.5727613e-04   9.3704534e-01
   8.1086802e+02   1.3286083e+02   4.5718277e-04   9.3706502e-01
   8.1093302e+02   1.3287417e+02   4.5686631e-04   9.3708308e-01
   8.1099100e+02   1.3288750e+02   4.5740952e-04   9.3710005e-01
   8.1106199e+02   1.3290083e+02   4.5709807e-04   9.3711599e-01
   8.1112803e+02   1.3291417e+02   4.5756065e-04   9.3713094e-01
   8.1119498e+02   1.3292750e+02   4.5769612e-04   9.3714544e-01
   8.1126401e+02   1.3294083e+02   4.5768428e-04   9.3716003e-01
   8.1133298e+02   1.3295417e+02   4.5839622e-04   9.3717422e-01
   8.1139597e+02   1.3296750e+02   4.5909784e-04   9.3718853e-01
   8.1146799e+02   1.3298083e+02   4.5924889e-04   9.3720351e-01
   8.1153000e+02   1.3299417e+02   4.5925996e-04   9.3721874e-01
   8.1159800e+02   1.3300750e+02   4.6046305e-04   9.3723479e-01
   8.1166202e+02   1.3302083e+02   4.6209943e-04   9.3725170e-01
   8.1172800e+02   1.3303417e+02   4.6229345e-04   9.3726851e-01
   8.1180198e+02   1.3304750e+02   4.6276818e-04   9.3728738e-01
   8.1186698e+02   1.3306083e+02   4.6390443e-04   9.3730848e-01
   8.1194602e+02   1.3307417e+02   4.6398146e-04   9.3733196e-01
   8.1200303e+02   1.3308750e+02   4.6456416e-04   9.3735744e-01
   8.1207401e+02   1.3310083e+02   4.6480082e-04   9.3738551e-01
   8.1214402e+02   1.3311417e+02   4.6497120e-04   9.3741629e-01
   8.1220200e+02   1.3312750e+02   4.6465875e-04   9.3744943e-01
   8.1227799e+02   1.3314083e+02   4.6460257e-04   9.3748447e-01
   8.1234000e+02   1.3315417e+02   4.6519236e-04   9.3752135e-01
   8.1240897e+02   1.3316750e+02   4.6508471e-04   9.3756097e-01
   8.1247098e+02   1.3318083e+02   4.6564092e-04   9.3760271e-01
   8.1254001e+02   1.3319417e+02   4.6614358e-04   9.3764594e-01
   8.1260001e+02   1.3320750e+02   4.6630714e-04   9.3768904e-01
   8.1267197e+02   1.3322083e+02   4.6596958e-04   9.3773343e-01
   8.1273502e+02   1.3323417e+02   4.6628150e-04   9.3777747e-01
   8.1280900e+02   1.3324750e+02   4.6652747e-04   9.3782211e-01
   8.1287302e+02   1.3326083e+02   4.6670683e-04   9.3786576e-01
   8.1293302e+02   1.3327417e+02   4.6709075e-04   9.3790887e-01
   8.1299399e+02   1.3328750e+02   4.6714683e-04   9.3795191e-01
   8.1307200e+02   1.3330083e+02   4.6759083e-04   9.3799491e-01
   8.1314298e+02   1.3331417e+02   4.6770851e-04   9.3803834e-01
   8.1320701e+02   1.3332750e+02   4.6853992e-04   9.3808219e-01
   8.1326603e+02   1.3334083e+02   4.6904587e-04   9.3812640e-01
   8.1333500e+02   1.3335417e+02   4.6997569e-04   9.3817144e-01
   8.1339500e+02   1.3336750e+02   4.7039186e-04   9.3821679e-01
   8.1347202e+02   1.3338083e+02   4.7093052e-04   9.3826239e-01
   8.1353202e+02   1.3339417e+02   4.7180180e-04   9.3830824e-01
   8.1359800e+02   1.3340750e+02   4.7242829e-04   9.3835331e-01
   8.1367100e+02   1.3342083e+02   4.7263293e-04   9.3839763e-01
   8.1373801e+02   1.3343417e+02   4.7300028e-04   9.3844169e-01
   8.1380601e+02   1.3344750e+02   4.7351453e-04   9.3848393e-01
   8.1386899e+02   1.3346083e+02   4.7427977e-04   9.3852587e-01
   8.1393900e+02   1.3347417e+02   4.7498232e-04   9.3856692e-01
   8.1400303e+02   1.3348750e+02   4.7540604e-04   9.3860697e-01
   8.1407200e+02   1.3350083e+02   4.7684151e-04   9.3864702e-01
   8.1413700e+02   1.3351417e+02   4.7764690e-04   9.3868701e-01
   8.1420103e+02   1.3352750e+02   4.7825183e-04   9.3872581e-01
   8.1427402e+02   1.3354083e+02   4.7869350e-04   9.3876386e-01
   8.1433799e+02   1.3355417e+02   4.8011817e-04   9.3880111e-01
   8.1441202e+02   1.3356750e+02   4.8082102e-04   9.3883750e-01
   8.1447898e+02   1.3358083e+02   4.8225581e-04   9.3887409e-01
   8.1454600e+02   1.3359417e+02   4.8287339e-04   9.3890989e-01
   8.1460398e+02   1.3360750e+02   4.8421884e-04   9.3894488e-01
   8.1467301e+02   1.3362083e+02   4.8544490e-04   9.3897955e-01
   8.1473899e+02   1.3363417e+02   4.8635297e-04   9.3901343e-01
   8.1480503e+02   1.3364750e+02   4.8759762e-04   9.3904703e-01
   8.1487601e+02   1.3366083e+02   4.8879687e-04   9.3908035e-01
   8.1493198e+02   1.3367417e+02   4.8962361e-04   9.3911242e-01
   8.1500400e+02   1.3368750e+02   4.9078895e-04   9.3914384e-01
   8.1507401e+02   1.3370083e+02   4.9143313e-04   9.3917462e-01
   8.1513901e+02   1.3371417e+02   4.9254460e-04   9.3920586e-01
   8.1519901e+02   1.3372750e+02   4.9359039e-04   9.3923607e-01
   8.1527097e+02   1.3374083e+02   4.9446302e-04   9.3926632e-01
   8.1532902e+02   1.3375417e+02   4.9508933e-04   9.3929666e-01
   8.1538700e+02   1.3376750e+02   4.9580492e-04   9.3932759e-01
   8.1545902e+02   1.3378083e+02   4.9608542e-04   9.3935905e-01
   8.1553300e+02   1.3379417e+02   4.9701138e-04   9.3939050e-01
   8.1559098e+02   1.3380750e+02   4.9703129e-04   9.3942345e-01
   8.1565500e+02   1.3382083e+02   4.9761447e-04   9.3945680e-01
   8.1573698e+02   1.3383417e+02   4.9807496e-04   9.3948995e-01
   8.1579697e+02   1.3384750e+02   4.9917376e-04   9.3952383e-01
   8.1586600e+02   1.3386083e+02   4.9992477e-04   9.3955737e-01
   8.1593198e+02   1.3387417e+02   5.0030553e-04   9.3959049e-01
   8.1599802e+02   1.3388750e+02   5.0146296e-04   9.3962365e-01
   8.1607102e+02   1.3390083e+02   5.0292116e-04   9.3965687e-01
   8.1612998e+02   1.3391417e+02   5.0384805e-04   9.3969012e-01
   8.1620200e+02   1.3392750e+02   5.0545591e-04   9.3972390e-01
   8.1626902e+02   1.3394083e+02   5.0659353e-04   9.3975774e-01
   8.1632999e+02   1.3395417e+02   5.0761905e-04   9.3979114e-01
   8.1640098e+02   1.3396750e+02   5.0906516e-04   9.3982459e-01
   8.1646799e+02   1.3398083e+02   5.1010724e-04   9.3985812e-01
   8.1654001e+02   1.3399417e+02   5.1124306e-04   9.3989067e-01
   8.1661002e+02   1.3400750e+02   5.1201712e-04   9.3992379e-01
   8.1667301e+02   1.3402083e+02   5.1292658e-04   9.3995589e-01
   8.1674302e+02   1.3403417e+02   5.1401891e-04   9.3998797e-01
   8.1680900e+02   1.3404750e+02   5.1548770e-04   9.4002053e-01
   8.1686997e+02   1.3406083e+02   5.1640876e-04   9.4005152e-01
   8.1693998e+02   1.3407417e+02   5.1769728e-04   9.4008198e-01
   8.1700498e+02   1.3408750e+02   5.1868161e-04   9.4011199e-01
   8.1707700e+02   1.3410083e+02   5.1991234e-04   9.4014103e-01
   8.1713798e+02   1.3411417e+02   5.2125819e-04   9.4016914e-01
   8.1720103e+02   1.3412750e+02   5.2269775e-04   9.4019684e-01
   8.1727299e+02   1.3414083e+02   5.2391573e-04   9.4022360e-01
   8.1733597e+02   1.3415417e+02   5.2537526e-04   9.4025045e-01
   8.1740702e+02   1.3416750e+02   5.2651650e-04   9.4027739e-01
   8.1746897e+02   1.3418083e+02   5.2813199e-04   9.4030383e-01
   8.1753202e+02   1.3419417e+02   5.2934361e-04   9.4033084e-01
   8.1760801e+02   1.3420750e+02   5.3057553e-04   9.4035853e-01
   8.1767301e+02   1.3422083e+02   5.3208316e-04   9.4038598e-01
   8.1773301e+02   1.3423417e+02   5.3348397e-04   9.4041434e-01
   8.1780399e+02   1.3424750e+02   5.3517346e-04   9.4044270e-01
   8.1786997e+02   1.3426083e+02   5.3597258e-04   9.4047164e-01
   8.1794401e+02   1.3427417e+02   5.3749699e-04   9.4050020e-01
   8.1799998e+02   1.3428750e+02   5.3848733e-04   9.4052901e-01
   8.1806998e+02   1.3430083e+02   5.3918871e-04   9.4055809e-01
   8.1814500e+02   1.3431417e+02   5.3992965e-04   9.4058699e-01
   8.1819797e+02   1.3432750e+02   5.4090275e-04   9.4061680e-01
   8.1826700e+02   1.3434083e+02   5.4179767e-04   9.4064655e-01
   8.1833500e+02   1.3435417e+02   5.4240896e-04   9.4067677e-01
   8.1840201e+02   1.3436750e+02   5.4276554e-04   9.4070805e-01
   8.1847397e+02   1.3438083e+02   5.4379865e-04   9.4073940e-01
   8.1853599e+02   1.3439417e+02   5.4409488e-04   9.4077137e-01
   8.1861698e+02   1.3440750e+02   5.4421717e-04   9.4080398e-01
   8.1866703e+02   1.3442083e+02   5.4520409e-04   9.4083674e-01
   8.1874601e+02   1.3443417e+02   5.4575470e-04   9.4086919e-01
   8.1881302e+02   1.3444750e+02   5.4600561e-04   9.4090234e-01
   8.1888499e+02   1.3446083e+02   5.4642159e-04   9.4093574e-01
   8.1893601e+02   1.3447417e+02   5.4707644e-04   9.4096944e-01
   8.1899802e+02   1.3448750e+02   5.4776308e-04   9.4100287e-01
   8.1907102e+02   1.3450083e+02   5.4856186e-04   9.4103491e-01
   8.1913602e+02   1.3451417e+02   5.4904387e-04   9.4106601e-01
   8.1919602e+02   1.3452750e+02   5.4965634e-04   9.4109658e-01
   8.1926700e+02   1.3454083e+02   5.5014187e-04   9.4112763e-01
   8.1933402e+02   1.3455417e+02   5.5073160e-04   9.4115803e-01
   8.1940098e+02   1.3456750e+02   5.5128567e-04   9.4118880e-01
   8.1947300e+02   1.3458083e+02   5.5198462e-04   9.4121983e-01
   8.1953202e+02   1.3459417e+02   5.5243760e-04   9.4125118e-01
   8.1960099e+02   1.3460750e+02   5.5281150e-04   9.4128285e-01
   8.1968101e+02   1.3462083e+02   5.5353999e-04   9.4131438e-01
   8.1974399e+02   1.3463417e+02   5.5369004e-04   9.4134682e-01
   8.1980997e+02   1.3464750e+02   5.5385653e-04   9.4137913e-01
   8.1987302e+02   1.3466083e+02   5.5415581e-04   9.4141179e-01
   8.1993400e+02   1.3467417e+02   5.5441371e-04   9.4144377e-01
   8.2001798e+02   1.3468750e+02   5.5430765e-04   9.4147552e-01
   8.2007102e+02   1.3470083e+02   5.5467828e-04   9.4150708e-01
   8.2014298e+02   1.3471417e+02   5.5454683e-04   9.4153887e-01
   8.2020603e+02   1.3472750e+02   5.5415499e-04   9.4157133e-01
   8.2027402e+02   1.3474083e+02   5.5392819e-04   9.4160496e-01
   8.2033298e+02   1.3475417e+02   5.5401322e-04   9.4163973e-01
   8.2040702e+02   1.3476750e+02   5.5384394e-04   9.4167463e-01
   8.2047202e+02   1.3478083e+02   5.5366126e-04   9.4171121e-01
   8.2053898e+02   1.3479417e+02   5.5345411e-04   9.4174795e-01
   8.2060898e+02   1.3480750e+02   5.5320882e-04   9.4178436e-01
   8.2067600e+02   1.3482083e+02   5.5288733e-04   9.4182097e-01
   8.2073099e+02   1.3483417e+02   5.5239833e-04   9.4185825e-01
   8.2080698e+02   1.3484750e+02   5.5178332e-04   9.4189512e-01
   8.2086503e+02   1.3486083e+02   5.5111992e-04   9.4193256e-01
   8.2094102e+02   1.3487417e+02   5.5015497e-04   9.4197002e-01
   8.2100199e+02   1.3488750e+02   5.4905926e-04   9.4200750e-01
   8.2107401e+02   1.3490083e+02   5.4801476e-04   9.4204500e-01
   8.2113798e+02   1.3491417e+02   5.4650210e-04   9.4208300e-01
   8.2119797e+02   1.3492750e+02   5.4494509e-04   9.4212103e-01
   8.2127000e+02   1.3494083e+02   5.4321236e-04   9.4215863e-01
   8.2133597e+02   1.3495417e+02   5.4110569e-04   9.4219635e-01
   8.2140201e+02   1.3496750e+02   5.3889843e-04   9.4223424e-01
   8.2146299e+02   1.3498083e+02   5.3653429e-04   9.4227233e-01
   8.2153702e+02   1.3499417e+02   5.3408042e-04   9.4231015e-01
   8.2160697e+02   1.3500750e+02   5.3159420e-04   9.4234930e-01
   8.2166703e+02   1.3502083e+02   5.2864663e-04   9.4238887e-01
   8.2173301e+02   1.3503417e+02   5.2588144e-04   9.4242943e-01
   8.2180997e+02   1.3504750e+02   5.2302861e-04   9.4247049e-01
   8.2187601e+02   1.3506083e+02   5.1971684e-04   9.4251314e-01
   8.2193802e+02   1.3507417e+02   5.1656202e-04   9.4255686e-01
   8.2200303e+02   1.3508750e+02   5.1352740e-04   9.4260167e-01
   8.2207297e+02   1.3510083e+02   5.1040972e-04   9.4264701e-01
   8.2213297e+02   1.3511417e+02   5.0741209e-04   9.4269278e-01
   8.2219999e+02   1.3512750e+02   5.0429124e-04   9.4273894e-01
   8.2227201e+02   1.3514083e+02   5.0213625e-04   9.4278488e-01
   8.2234299e+02   1.3515417e+02   4.9936728e-04   9.4283051e-01
   8.2241202e+02   1.3516750e+02   4.9683256e-04   9.4287578e-01
   8.2247898e+02   1.3518083e+02   4.9402722e-04   9.4292010e-01
   8.2254697e+02   1.3519417e+02   4.9201926e-04   9.4296444e-01
   8.2260203e+02   1.3520750e+02   4.8978499e-04   9.4300827e-01
   8.2267301e+02   1.3522083e+02   4.8801311e-04   9.4305105e-01
   8.2274003e+02   1.3523417e+02   4.8600913e-04   9.4309380e-01
   8.2280698e+02   1.3524750e+02   4.8404029e-04   9.4313596e-01
   8.2287302e+02   1.3526083e+02   4.8191434e-04   9.4317747e-01
   8.2293302e+02   1.3527417e+02   4.7984339e-04   9.4321883e-01
   8.2300400e+02   1.3528750e+02   4.7805451e-04   9.4326002e-01
   8.2306302e+02   1.3530083e+02   4.7640815e-04   9.4330049e-01
   8.2313297e+02   1.3531417e+02   4.7366654e-04   9.4334073e-01
   8.2319999e+02   1.3532750e+02   4.7115221e-04   9.4338073e-01
   8.2327299e+02   1.3534083e+02   4.6888302e-04   9.4341992e-01
   8.2333799e+02   1.3535417e+02   4.6744693e-04   9.4345880e-01
   8.2340201e+02   1.3536750e+02   4.6415321e-04   9.4349681e-01
   8.2347397e+02   1.3538083e+02   4.6213866e-04   9.4353436e-01
   8.2353702e+02   1.3539417e+02   4.5975958e-04   9.4357195e-01
   8.2359800e+02   1.3540750e+02   4.5750670e-04   9.4360957e-01
   8.2365897e+02   1.3542083e+02   4.5466142e-04   9.4364770e-01
   8.2372397e+02   1.3543417e+02   4.5203345e-04   9.4368577e-01
   8.2379600e+02   1.3544750e+02   4.4965271e-04   9.4372429e-01
   8.2386301e+02   1.3546083e+02   4.4659850e-04   9.4376270e-01
   8.2393101e+02   1.3547417e+02   4.4476639e-04   9.4380143e-01
   8.2400498e+02   1.3548750e+02   4.4143046e-04   9.4383941e-01
   8.2407999e+02   1.3550083e+02   4.3915977e-04   9.4387657e-01
   8.2413999e+02   1.3551417e+02   4.3623543e-04   9.4391234e-01
   8.2419700e+02   1.3552750e+02   4.3398552e-04   9.4394719e-01
   8.2426798e+02   1.3554083e+02   4.3157544e-04   9.4398258e-01
   8.2433500e+02   1.3555417e+02   4.2834385e-04   9.4401890e-01
   8.2440403e+02   1.3556750e+02   4.2624839e-04   9.4405454e-01
   8.2446299e+02   1.3558083e+02   4.2292400e-04   9.4408952e-01
   8.2453501e+02   1.3559417e+02   4.2026327e-04   9.4412337e-01
   8.2460099e+02   1.3560750e+02   4.1781154e-04   9.4415663e-01
   8.2466801e+02   1.3562083e+02   4.1639336e-04   9.4418937e-01
   8.2473398e+02   1.3563417e+02   4.1238387e-04   9.4422109e-01
   8.2480698e+02   1.3564750e+02   4.1097823e-04   9.4425332e-01
   8.2487302e+02   1.3566083e+02   4.0896851e-04   9.4428450e-01
   8.2493699e+02   1.3567417e+02   4.0634849e-04   9.4431568e-01
   8.2499998e+02   1.3568750e+02   4.0455447e-04   9.4434537e-01
   8.2507297e+02   1.3570083e+02   4.0210625e-04   9.4437459e-01
   8.2514103e+02   1.3571417e+02   4.0055066e-04   9.4440289e-01
   8.2520402e+02   1.3572750e+02   3.9814684e-04   9.4443032e-01
   8.2527000e+02   1.3574083e+02   3.9673408e-04   9.4445689e-01
   8.2533701e+02   1.3575417e+02   3.9483130e-04   9.4448269e-01
   8.2539402e+02   1.3576750e+02   3.9337949e-04   9.4450833e-01
   8.2548197e+02   1.3578083e+02   3.9281278e-04   9.4453330e-01
   8.2553599e+02   1.3579417e+02   3.9161916e-04   9.4455818e-01
   8.2560398e+02   1.3580750e+02   3.8991675e-04   9.4458303e-01
   8.2566599e+02   1.3582083e+02   3.8873525e-04   9.4460738e-01
   8.2573899e+02   1.3583417e+02   3.8904803e-04   9.4463132e-01
   8.2580503e+02   1.3584750e+02   3.8789734e-04   9.4465543e-01
   8.2585697e+02   1.3586083e+02   3.8738740e-04   9.4467925e-01
   8.2593101e+02   1.3587417e+02   3.8755677e-04   9.4470279e-01
   8.2600602e+02   1.3588750e+02   3.8790335e-04   9.4472607e-01
   8.2607297e+02   1.3590083e+02   3.8806256e-04   9.4474863e-01
   8.2613901e+02   1.3591417e+02   3.8822272e-04   9.4477047e-01
   8.2620499e+02   1.3592750e+02   3.8904114e-04   9.4479265e-01
   8.2626200e+02   1.3594083e+02   3.8933405e-04   9.4481469e-01
   8.2633402e+02   1.3595417e+02   3.9070984e-04   9.4483668e-01
   8.2640299e+02   1.3596750e+02   3.9185519e-04   9.4485866e-01
   8.2647501e+02   1.3598083e+02   3.9236092e-04   9.4488067e-01
   8.2653000e+02   1.3599417e+02   3.9404105e-04   9.4490222e-01
   8.2660502e+02   1.3600750e+02   3.9519402e-04   9.4492491e-01
   8.2666398e+02   1.3602083e+02   3.9612670e-04   9.4494772e-01
   8.2673801e+02   1.3603417e+02   3.9812381e-04   9.4497121e-01
   8.2680198e+02   1.3604750e+02   3.9914597e-04   9.4499485e-01
   8.2686802e+02   1.3606083e+02   4.0085701e-04   9.4501853e-01
   8.2693302e+02   1.3607417e+02   4.0236296e-04   9.4504219e-01
   8.2699998e+02   1.3608750e+02   4.0322729e-04   9.4506573e-01
   8.2706602e+02   1.3610083e+02   4.0472923e-04   9.4508963e-01
   8.2712998e+02   1.3611417e+02   4.0582403e-04   9.4511331e-01
   8.2719797e+02   1.3612750e+02   4.0711144e-04   9.4513770e-01
   8.2727000e+02   1.3614083e+02   4.0803846e-04   9.4516281e-01
   8.2733799e+02   1.3615417e+02   4.0894899e-04   9.4518810e-01
   8.2740299e+02   1.3616750e+02   4.0988173e-04   9.4521253e-01
   8.2747300e+02   1.3618083e+02   4.1078494e-04   9.4523757e-01
   8.2754099e+02   1.3619417e+02   4.1197124e-04   9.4526212e-01
   8.2760801e+02   1.3620750e+02   4.1305443e-04   9.4528617e-01
   8.2766801e+02   1.3622083e+02   4.1397568e-04   9.4530976e-01
   8.2774802e+02   1.3623417e+02   4.1564440e-04   9.4533338e-01
   8.2780698e+02   1.3624750e+02   4.1684554e-04   9.4535742e-01
   8.2787400e+02   1.3626083e+02   4.1773375e-04   9.4538233e-01
   8.2794401e+02   1.3627417e+02   4.1914431e-04   9.4540808e-01
   8.2800199e+02   1.3628750e+02   4.1992664e-04   9.4543365e-01
   8.2806998e+02   1.3630083e+02   4.2139049e-04   9.4546002e-01
   8.2814402e+02   1.3631417e+02   4.2251901e-04   9.4548618e-01
   8.2820701e+02   1.3632750e+02   4.2374509e-04   9.4551314e-01
   8.2827299e+02   1.3634083e+02   4.2562760e-04   9.4554034e-01
   8.2833402e+02   1.3635417e+02   4.2708178e-04   9.4556732e-01
   8.2841001e+02   1.3636750e+02   4.2842600e-04   9.4559459e-01
   8.2847001e+02   1.3638083e+02   4.3010475e-04   9.4562208e-01
   8.2853098e+02   1.3639417e+02   4.3168195e-04   9.4564880e-01
   8.2860300e+02   1.3640750e+02   4.3368233e-04   9.4567473e-01
   8.2866501e+02   1.3642083e+02   4.3517128e-04   9.4570035e-01
   8.2873197e+02   1.3643417e+02   4.3784814e-04   9.4572513e-01
   8.2879899e+02   1.3644750e+02   4.3941240e-04   9.4574901e-01
   8.2886802e+02   1.3646083e+02   4.4122033e-04   9.4577202e-01
   8.2893601e+02   1.3647417e+02   4.4308057e-04   9.4579413e-01
   8.2900101e+02   1.3648750e+02   4.4574541e-04   9.4581536e-01
   8.2906901e+02   1.3650083e+02   4.4773323e-04   9.4583578e-01
   8.2914200e+02   1.3651417e+02   4.4949797e-04   9.4585591e-01
   8.2919303e+02   1.3652750e+02   4.5112736e-04   9.4587527e-01
   8.2927598e+02   1.3654083e+02   4.5307540e-04   9.4589392e-01
   8.2932700e+02   1.3655417e+02   4.5426860e-04   9.4591197e-01
   8.2940098e+02   1.3656750e+02   4.5554205e-04   9.4592858e-01
   8.2947202e+02   1.3658083e+02   4.5639733e-04   9.4594435e-01
   8.2953300e+02   1.3659417e+02   4.5723686e-04   9.4595987e-01
   8.2960801e+02   1.3660750e+02   4.5813197e-04   9.4597472e-01
   8.2966703e+02   1.3662083e+02   4.5870302e-04   9.4598900e-01
   8.2973398e+02   1.3663417e+02   4.5844223e-04   9.4600328e-01
   8.2980198e+02   1.3664750e+02   4.5897013e-04   9.4601712e-01
   8.2986997e+02   1.3666083e+02   4.5928374e-04   9.4603064e-01
   8.2993601e+02   1.3667417e+02   4.5981071e-04   9.4604441e-01
   8.3001700e+02   1.3668750e+02   4.5986228e-04   9.4605799e-01
   8.3007798e+02   1.3670083e+02   4.5956926e-04   9.4607196e-01
   8.3013401e+02   1.3671417e+02   4.5974816e-04   9.4608486e-01
   8.3019797e+02   1.3672750e+02   4.5948006e-04   9.4609733e-01
   8.3027097e+02   1.3674083e+02   4.5930689e-04   9.4610849e-01
   8.3033799e+02   1.3675417e+02   4.5973533e-04   9.4611846e-01
   8.3040403e+02   1.3676750e+02   4.6018600e-04   9.4612788e-01
   8.3047001e+02   1.3678083e+02   4.5995116e-04   9.4613633e-01
   8.3054697e+02   1.3679417e+02   4.6005548e-04   9.4614442e-01
   8.3060898e+02   1.3680750e+02   4.6039311e-04   9.4615215e-01
   8.3067502e+02   1.3682083e+02   4.6044549e-04   9.4616060e-01
   8.3073801e+02   1.3683417e+02   4.5988750e-04   9.4616926e-01
   8.3080698e+02   1.3684750e+02   4.6046323e-04   9.4617873e-01
   8.3087302e+02   1.3686083e+02   4.6009922e-04   9.4618904e-01
   8.3094102e+02   1.3687417e+02   4.6029274e-04   9.4619863e-01
   8.3100901e+02   1.3688750e+02   4.6012744e-04   9.4620740e-01
   8.3107102e+02   1.3690083e+02   4.5977341e-04   9.4621587e-01
   8.3114298e+02   1.3691417e+02   4.5931202e-04   9.4622512e-01
   8.3121403e+02   1.3692750e+02   4.5945192e-04   9.4623473e-01
   8.3127299e+02   1.3694083e+02   4.5925787e-04   9.4624575e-01
   8.3133799e+02   1.3695417e+02   4.5852296e-04   9.4625770e-01
   8.3140098e+02   1.3696750e+02   4.5811134e-04   9.4627160e-01
   8.3147098e+02   1.3698083e+02   4.5750224e-04   9.4628581e-01
   8.3154001e+02   1.3699417e+02   4.5736124e-04   9.4630179e-01
   8.3159702e+02   1.3700750e+02   4.5706212e-04   9.4631896e-01
   8.3166599e+02   1.3702083e+02   4.5611675e-04   9.4633830e-01
   8.3174003e+02   1.3703417e+02   4.5672949e-04   9.4635871e-01
   8.3180302e+02   1.3704750e+02   4.5679362e-04   9.4638119e-01
   8.3186503e+02   1.3706083e+02   4.5669193e-04   9.4640520e-01
   8.3194303e+02   1.3707417e+02   4.5741484e-04   9.4643068e-01
   8.3199900e+02   1.3708750e+02   4.5816165e-04   9.4645815e-01
   8.3206901e+02   1.3710083e+02   4.5911411e-04   9.4648704e-01
   8.3213102e+02   1.3711417e+02   4.5998779e-04   9.4651685e-01
   8.3220402e+02   1.3712750e+02   4.6128877e-04   9.4654758e-01
   8.3227701e+02   1.3714083e+02   4.6204335e-04   9.4657923e-01
   8.3234000e+02   1.3715417e+02   4.6334953e-04   9.4661230e-01
   8.3240098e+02   1.3716750e+02   4.6385028e-04   9.4664681e-01
   8.3247001e+02   1.3718083e+02   4.6484869e-04   9.4668227e-01
   8.3254001e+02   1.3719417e+02   4.6572270e-04   9.4671870e-01
   8.3260697e+02   1.3720750e+02   4.6704148e-04   9.4675418e-01
   8.3267899e+02   1.3722083e+02   4.6897344e-04   9.4678893e-01
   8.3274198e+02   1.3723417e+02   4.6999118e-04   9.4682466e-01
   8.3281199e+02   1.3724750e+02   4.7086997e-04   9.4686049e-01
   8.3287400e+02   1.3726083e+02   4.7157332e-04   9.4689707e-01
   8.3293900e+02   1.3727417e+02   4.7278759e-04   9.4693495e-01
   8.3300999e+02   1.3728750e+02   4.7436547e-04   9.4697426e-01
   8.3307499e+02   1.3730083e+02   4.7488261e-04   9.4701507e-01
   8.3313901e+02   1.3731417e+02   4.7635526e-04   9.4705694e-01
   8.3320402e+02   1.3732750e+02   4.7699812e-04   9.4710196e-01
   8.3328098e+02   1.3734083e+02   4.7820400e-04   9.4714854e-01
   8.3333500e+02   1.3735417e+02   4.7917182e-04   9.4719716e-01
   8.3340098e+02   1.3736750e+02   4.7958613e-04   9.4724782e-01
   8.3347703e+02   1.3738083e+02   4.8123980e-04   9.4730043e-01
   8.3354099e+02   1.3739417e+02   4.8251519e-04   9.4735537e-01
   8.3360203e+02   1.3740750e+02   4.8403273e-04   9.4741151e-01
   8.3367197e+02   1.3742083e+02   4.8545942e-04   9.4746880e-01
   8.3374100e+02   1.3743417e+02   4.8763125e-04   9.4752668e-01
   8.3380302e+02   1.3744750e+02   4.8891178e-04   9.4758612e-01
   8.3387998e+02   1.3746083e+02   4.9060943e-04   9.4764595e-01
   8.3393900e+02   1.3747417e+02   4.9255207e-04   9.4770615e-01
   8.3400999e+02   1.3748750e+02   4.9420917e-04   9.4776764e-01
   8.3407401e+02   1.3750083e+02   4.9613166e-04   9.4782990e-01
   8.3414402e+02   1.3751417e+02   4.9785597e-04   9.4789234e-01
   8.3421097e+02   1.3752750e+02   4.9994276e-04   9.4795492e-01
   8.3427299e+02   1.3754083e+02   5.0209893e-04   9.4801911e-01
   8.3434598e+02   1.3755417e+02   5.0434734e-04   9.4808389e-01
   8.3440702e+02   1.3756750e+02   5.0651586e-04   9.4814874e-01
   8.3447098e+02   1.3758083e+02   5.0825049e-04   9.4821301e-01
   8.3453702e+02   1.3759417e+02   5.1057383e-04   9.4827707e-01
   8.3461198e+02   1.3760750e+02   5.1256862e-04   9.4834079e-01
   8.3466099e+02   1.3762083e+02   5.1486408e-04   9.4840411e-01
   8.3473899e+02   1.3763417e+02   5.1719879e-04   9.4846644e-01
   8.3480698e+02   1.3764750e+02   5.1872424e-04   9.4852968e-01
   8.3486899e+02   1.3766083e+02   5.2058329e-04   9.4859357e-01
   8.3493400e+02   1.3767417e+02   5.2290336e-04   9.4865781e-01
   8.3499900e+02   1.3768750e+02   5.2496284e-04   9.4872275e-01
   8.3507603e+02   1.3770083e+02   5.2686604e-04   9.4878715e-01
   8.3513499e+02   1.3771417e+02   5.2836121e-04   9.4884981e-01
   8.3520402e+02   1.3772750e+02   5.2992279e-04   9.4891217e-01
   8.3527000e+02   1.3774083e+02   5.3148361e-04   9.4897361e-01
   8.3533298e+02   1.3775417e+02   5.3285364e-04   9.4903399e-01
   8.3540702e+02   1.3776750e+02   5.3444687e-04   9.4909365e-01
   8.3547599e+02   1.3778083e+02   5.3542280e-04   9.4915193e-01
   8.3553702e+02   1.3779417e+02   5.3606959e-04   9.4920973e-01
   8.3559299e+02   1.3780750e+02   5.3793550e-04   9.4926588e-01
   8.3567600e+02   1.3782083e+02   5.3888171e-04   9.4932129e-01
   8.3574003e+02   1.3783417e+02   5.4048296e-04   9.4937581e-01
   8.3579801e+02   1.3784750e+02   5.4075745e-04   9.4942783e-01
   8.3587101e+02   1.3786083e+02   5.4193784e-04   9.4947829e-01
   8.3594303e+02   1.3787417e+02   5.4342501e-04   9.4952711e-01
   8.3600901e+02   1.3788750e+02   5.4400117e-04   9.4957477e-01
   8.3607603e+02   1.3790083e+02   5.4420091e-04   9.4962037e-01
   8.3614103e+02   1.3791417e+02   5.4488518e-04   9.4966353e-01
   8.3620103e+02   1.3792750e+02   5.4527423e-04   9.4970432e-01
   8.3627799e+02   1.3794083e+02   5.4555986e-04   9.4974284e-01
   8.3634098e+02   1.3795417e+02   5.4607607e-04   9.4978017e-01
   8.3639597e+02   1.3796750e+02   5.4618651e-04   9.4981580e-01
   8.3647397e+02   1.3798083e+02   5.4706188e-04   9.4985024e-01
   8.3654099e+02   1.3799417e+02   5.4716815e-04   9.4988352e-01
   8.3659897e+02   1.3800750e+02   5.4847368e-04   9.4991609e-01
   8.3668198e+02   1.3802083e+02   5.4877414e-04   9.4994789e-01
   8.3674003e+02   1.3803417e+02   5.4912840e-04   9.4997835e-01
   8.3681302e+02   1.3804750e+02   5.4981827e-04   9.5000899e-01
   8.3687699e+02   1.3806083e+02   5.5043454e-04   9.5003932e-01
   8.3693497e+02   1.3807417e+02   5.5128538e-04   9.5006992e-01
   8.3700699e+02   1.3808750e+02   5.5226889e-04   9.5010043e-01
   8.3707603e+02   1.3810083e+02   5.5352611e-04   9.5013091e-01
   8.3714298e+02   1.3811417e+02   5.5415579e-04   9.5016150e-01
   8.3720298e+02   1.3812750e+02   5.5504827e-04   9.5019180e-01
   8.3727201e+02   1.3814083e+02   5.5609307e-04   9.5022185e-01
   8.3733298e+02   1.3815417e+02   5.5723561e-04   9.5025119e-01
   8.3739902e+02   1.3816750e+02   5.5838291e-04   9.5027987e-01
   8.3746598e+02   1.3818083e+02   5.5997151e-04   9.5030795e-01
   8.3752799e+02   1.3819417e+02   5.6076520e-04   9.5033501e-01
   8.3759501e+02   1.3820750e+02   5.6166711e-04   9.5036167e-01
   8.3768198e+02   1.3822083e+02   5.6282199e-04   9.5038749e-01
   8.3774198e+02   1.3823417e+02   5.6440092e-04   9.5041361e-01
   8.3780399e+02   1.3824750e+02   5.6508409e-04   9.5043962e-01
   8.3787900e+02   1.3826083e+02   5.6666394e-04   9.5046564e-01
   8.3794102e+02   1.3827417e+02   5.6833159e-04   9.5049123e-01
   8.3800400e+02   1.3828750e+02   5.7006307e-04   9.5051648e-01
   8.3806998e+02   1.3830083e+02   5.7161842e-04   9.5054039e-01
   8.3814799e+02   1.3831417e+02   5.7327872e-04   9.5056402e-01
   8.3821299e+02   1.3832750e+02   5.7498140e-04   9.5058635e-01
   8.3828397e+02   1.3834083e+02   5.7725857e-04   9.5060692e-01
   8.3834501e+02   1.3835417e+02   5.7953890e-04   9.5062626e-01
   8.3841202e+02   1.3836750e+02   5.8142469e-04   9.5064390e-01
   8.3848002e+02   1.3838083e+02   5.8321762e-04   9.5066038e-01
   8.3854502e+02   1.3839417e+02   5.8568510e-04   9.5067521e-01
   8.3861399e+02   1.3840750e+02   5.8794519e-04   9.5068941e-01
   8.3867502e+02   1.3842083e+02   5.8969466e-04   9.5070244e-01
   8.3874302e+02   1.3843417e+02   5.9151358e-04   9.5071478e-01
   8.3880198e+02   1.3844750e+02   5.9305418e-04   9.5072692e-01
   8.3887998e+02   1.3846083e+02   5.9469025e-04   9.5073885e-01
   8.3894199e+02   1.3847417e+02   5.9563734e-04   9.5075009e-01
   8.3899802e+02   1.3848750e+02   5.9700566e-04   9.5076062e-01
   8.3908402e+02   1.3850083e+02   5.9832519e-04   9.5077093e-01
   8.3913901e+02   1.3851417e+02   5.9908202e-04   9.5078052e-01
   8.3921097e+02   1.3852750e+02   6.0009827e-04   9.5078993e-01
   8.3927097e+02   1.3854083e+02   6.0146364e-04   9.5080181e-01
   8.3934598e+02   1.3855417e+02   6.0197117e-04   9.5081585e-01
   8.3940500e+02   1.3856750e+02   6.0321978e-04   9.5083163e-01
   8.3948301e+02   1.3858083e+02   6.0357136e-04   9.5084977e-01
   8.3954502e+02   1.3859417e+02   6.0385196e-04   9.5086933e-01
   8.3961301e+02   1.3860750e+02   6.0455583e-04   9.5088988e-01
   8.3967002e+02   1.3862083e+02   6.0443467e-04   9.5091253e-01
   8.3973801e+02   1.3863417e+02   6.0453796e-04   9.5093677e-01
   8.3980802e+02   1.3864750e+02   6.0451383e-04   9.5096270e-01
   8.3988199e+02   1.3866083e+02   6.0432929e-04   9.5098879e-01
   8.3994102e+02   1.3867417e+02   6.0380734e-04   9.5101556e-01
   8.4001499e+02   1.3868750e+02   6.0337544e-04   9.5104303e-01
   8.4007102e+02   1.3870083e+02   6.0218448e-04   9.5107073e-01
   8.4013602e+02   1.3871417e+02   6.0169531e-04   9.5109866e-01
   8.4019303e+02   1.3872750e+02   6.0086518e-04   9.5112624e-01
   8.4027598e+02   1.3874083e+02   5.9971996e-04   9.5115447e-01
   8.4034299e+02   1.3875417e+02   5.9818181e-04   9.5118337e-01
   8.4040897e+02   1.3876750e+02   5.9632267e-04   9.5121302e-01
   8.4047300e+02   1.3878083e+02   5.9475496e-04   9.5124339e-01
   8.4054801e+02   1.3879417e+02   5.9265839e-04   9.5127447e-01
   8.4061997e+02   1.3880750e+02   5.9077508e-04   9.5130635e-01
   8.4067399e+02   1.3882083e+02   5.8850074e-04   9.5133851e-01
   8.4074003e+02   1.3883417e+02   5.8620021e-04   9.5137202e-01
   8.4080802e+02   1.3884750e+02   5.8383362e-04   9.5140639e-01
   8.4087198e+02   1.3886083e+02   5.8167929e-04   9.5144219e-01
   8.4094700e+02   1.3887417e+02   5.7942262e-04   9.5147838e-01
   8.4100498e+02   1.3888750e+02   5.7653152e-04   9.5151603e-01
   8.4107297e+02   1.3890083e+02   5.7397267e-04   9.5155567e-01
   8.4114799e+02   1.3891417e+02   5.7127517e-04   9.5159630e-01
   8.4121201e+02   1.3892750e+02   5.6810462e-04   9.5163841e-01
   8.4127701e+02   1.3894083e+02   5.6513392e-04   9.5168149e-01
   8.4134501e+02   1.3895417e+02   5.6231943e-04   9.5172611e-01
   8.4141099e+02   1.3896750e+02   5.5936262e-04   9.5177281e-01
   8.4148002e+02   1.3898083e+02   5.5653198e-04   9.5181949e-01
   8.4155503e+02   1.3899417e+02   5.5361575e-04   9.5186456e-01
   8.4161002e+02   1.3900750e+02   5.5069181e-04   9.5190797e-01
   8.4168198e+02   1.3902083e+02   5.4778426e-04   9.5195024e-01
   8.4174399e+02   1.3903417e+02   5.4512310e-04   9.5199137e-01
   8.4180997e+02   1.3904750e+02   5.4215547e-04   9.5203245e-01
   8.4188102e+02   1.3906083e+02   5.3906870e-04   9.5207352e-01
   8.4194401e+02   1.3907417e+02   5.3633670e-04   9.5211409e-01
   8.4201102e+02   1.3908750e+02   5.3311018e-04   9.5215420e-01
   8.4207902e+02   1.3910083e+02   5.3054321e-04   9.5219383e-01
   8.4214402e+02   1.3911417e+02   5.2740730e-04   9.5223442e-01
   8.4220402e+02   1.3912750e+02   5.2409390e-04   9.5227481e-01
   8.4228300e+02   1.3914083e+02   5.2094415e-04   9.5231593e-01
   8.4234202e+02   1.3915417e+02   5.1735731e-04   9.5235709e-01
   8.4240800e+02   1.3916750e+02   5.1434446e-04   9.5239814e-01
   8.4247098e+02   1.3918083e+02   5.1131443e-04   9.5244000e-01
   8.4254398e+02   1.3919417e+02   5.0751984e-04   9.5248205e-01
   8.4261301e+02   1.3920750e+02   5.0465681e-04   9.5252417e-01
   8.4268198e+02   1.3922083e+02   5.0129296e-04   9.5256624e-01
   8.4274497e+02   1.3923417e+02   4.9812224e-04   9.5260933e-01
   8.4280601e+02   1.3924750e+02   4.9483657e-04   9.5265350e-01
   8.4287699e+02   1.3926083e+02   4.9220847e-04   9.5269832e-01
   8.4294999e+02   1.3927417e+02   4.8955826e-04   9.5274436e-01
   8.4301200e+02   1.3928750e+02   4.8726387e-04   9.5279062e-01
   8.4308103e+02   1.3930083e+02   4.8491148e-04   9.5283709e-01
   8.4314402e+02   1.3931417e+02   4.8299198e-04   9.5288376e-01
   8.4321500e+02   1.3932750e+02   4.8100901e-04   9.5293062e-01
   8.4328501e+02   1.3934083e+02   4.7956261e-04   9.5297657e-01
   8.4333903e+02   1.3935417e+02   4.7736120e-04   9.5302203e-01
   8.4341398e+02   1.3936750e+02   4.7635970e-04   9.5306695e-01
   8.4348502e+02   1.3938083e+02   4.7534620e-04   9.5311023e-01
   8.4355198e+02   1.3939417e+02   4.7386864e-04   9.5315331e-01
   8.4361301e+02   1.3940750e+02   4.7336072e-04   9.5319560e-01
   8.4368699e+02   1.3942083e+02   4.7322436e-04   9.5323708e-01
   8.4374497e+02   1.3943417e+02   4.7254902e-04   9.5327821e-01
   8.4381498e+02   1.3944750e+02   4.7192295e-04   9.5331894e-01
   8.4388401e+02   1.3946083e+02   4.7267250e-04   9.5335876e-01
   8.4394498e+02   1.3947417e+02   4.7231622e-04   9.5339764e-01
   8.4401798e+02   1.3948750e+02   4.7298963e-04   9.5343654e-01
   8.4408597e+02   1.3950083e+02   4.7358781e-04   9.5347442e-01
   8.4415000e+02   1.3951417e+02   4.7418725e-04   9.5351228e-01
   8.4421299e+02   1.3952750e+02   4.7452939e-04   9.5355011e-01
   8.4429203e+02   1.3954083e+02   4.7552954e-04   9.5358740e-01
   8.4436100e+02   1.3955417e+02   4.7749964e-04   9.5362420e-01
   8.4442002e+02   1.3956750e+02   4.7841306e-04   9.5365956e-01
   8.4448197e+02   1.3958083e+02   4.8049183e-04   9.5369453e-01
   8.4455002e+02   1.3959417e+02   4.8277817e-04   9.5372916e-01
   8.4461997e+02   1.3960750e+02   4.8483335e-04   9.5376298e-01
   8.4469303e+02   1.3962083e+02   4.8676493e-04   9.5379657e-01
   8.4474802e+02   1.3963417e+02   4.9074862e-04   9.5383048e-01
   8.4481302e+02   1.3964750e+02   4.9233909e-04   9.5386373e-01
   8.4488798e+02   1.3966083e+02   4.9485769e-04   9.5389736e-01
   8.4495499e+02   1.3967417e+02   4.9777194e-04   9.5393197e-01
   8.4502000e+02   1.3968750e+02   5.0031052e-04   9.5396660e-01
   8.4508500e+02   1.3970083e+02   5.0348102e-04   9.5400189e-01
   8.4515201e+02   1.3971417e+02   5.0541454e-04   9.5403838e-01
   8.4521799e+02   1.3972750e+02   5.0888028e-04   9.5407565e-01
   8.4528300e+02   1.3974083e+02   5.1148202e-04   9.5411275e-01
   8.4535801e+02   1.3975417e+02   5.1407715e-04   9.5415074e-01
   8.4541300e+02   1.3976750e+02   5.1698102e-04   9.5418909e-01
   8.4547703e+02   1.3978083e+02   5.1925629e-04   9.5422733e-01
   8.4555002e+02   1.3979417e+02   5.2175119e-04   9.5426596e-01
   8.4561399e+02   1.3980750e+02   5.2485407e-04   9.5430552e-01
   8.4569102e+02   1.3982083e+02   5.2801126e-04   9.5434503e-01
   8.4574698e+02   1.3983417e+02   5.2969268e-04   9.5438498e-01
   8.4581803e+02   1.3984750e+02   5.3220528e-04   9.5442544e-01
   8.4588602e+02   1.3986083e+02   5.3507987e-04   9.5446643e-01
   8.4595103e+02   1.3987417e+02   5.3678714e-04   9.5450833e-01
   8.4601298e+02   1.3988750e+02   5.3846441e-04   9.5455248e-01
   8.4608402e+02   1.3990083e+02   5.4017057e-04   9.5459812e-01
   8.4615000e+02   1.3991417e+02   5.4187575e-04   9.5464403e-01
   8.4621500e+02   1.3992750e+02   5.4328063e-04   9.5469108e-01
   8.4628000e+02   1.3994083e+02   5.4498817e-04   9.5473862e-01
   8.4634397e+02   1.3995417e+02   5.4544017e-04   9.5478554e-01
   8.4642197e+02   1.3996750e+02   5.4656136e-04   9.5483172e-01
   8.4648398e+02   1.3998083e+02   5.4793363e-04   9.5487714e-01
   8.4656199e+02   1.3999417e+02   5.4823041e-04   9.5492227e-01
   8.4662699e+02   1.4000750e+02   5.4830632e-04   9.5496706e-01
   8.4668497e+02   1.4002083e+02   5.4949490e-04   9.5501146e-01
   8.4675498e+02   1.4003417e+02   5.4905122e-04   9.5505549e-01
   8.4681699e+02   1.4004750e+02   5.4986243e-04   9.5509866e-01
   8.4688401e+02   1.4006083e+02   5.4997303e-04   9.5514144e-01
   8.4695200e+02   1.4007417e+02   5.5046435e-04   9.5518332e-01
   8.4702799e+02   1.4008750e+02   5.5140581e-04   9.5522478e-01
   8.4708903e+02   1.4010083e+02   5.5166832e-04   9.5526631e-01
   8.4715201e+02   1.4011417e+02   5.5222061e-04   9.5530636e-01
   8.4721799e+02   1.4012750e+02   5.5279583e-04   9.5534542e-01
   8.4728800e+02   1.4014083e+02   5.5355619e-04   9.5538453e-01
   8.4735398e+02   1.4015417e+02   5.5426292e-04   9.5542266e-01
   8.4743101e+02   1.4016750e+02   5.5491283e-04   9.5546031e-01
   8.4749100e+02   1.4018083e+02   5.5555106e-04   9.5549791e-01
   8.4755198e+02   1.4019417e+02   5.5603961e-04   9.5553490e-01
   8.4761802e+02   1.4020750e+02   5.5655638e-04   9.5557123e-01
   8.4769102e+02   1.4022083e+02   5.5695569e-04   9.5560734e-01
   8.4775199e+02   1.4023417e+02   5.5676117e-04   9.5564211e-01
   8.4781998e+02   1.4024750e+02   5.5708169e-04   9.5567602e-01
   8.4789402e+02   1.4026083e+02   5.5733975e-04   9.5570848e-01
   8.4796897e+02   1.4027417e+02   5.5713582e-04   9.5573947e-01
   8.4802701e+02   1.4028750e+02   5.5711562e-04   9.5576948e-01
   8.4809098e+02   1.4030083e+02   5.5691075e-04   9.5579746e-01
   8.4815598e+02   1.4031417e+02   5.5635539e-04   9.5582248e-01
   8.4822703e+02   1.4032750e+02   5.5530335e-04   9.5584629e-01
   8.4830100e+02   1.4034083e+02   5.5430690e-04   9.5586912e-01
   8.4835599e+02   1.4035417e+02   5.5287535e-04   9.5589164e-01
   8.4842002e+02   1.4036750e+02   5.5121579e-04   9.5591309e-01
   8.4849302e+02   1.4038083e+02   5.4945851e-04   9.5593420e-01
   8.4856101e+02   1.4039417e+02   5.4751759e-04   9.5595465e-01
   8.4862803e+02   1.4040750e+02   5.4510807e-04   9.5597563e-01
   8.4868998e+02   1.4042083e+02   5.4268449e-04   9.5599683e-01
   8.4875400e+02   1.4043417e+02   5.4042305e-04   9.5601887e-01
   8.4882700e+02   1.4044750e+02   5.3774456e-04   9.5604072e-01
   8.4888199e+02   1.4046083e+02   5.3513414e-04   9.5606289e-01
   8.4895402e+02   1.4047417e+02   5.3218960e-04   9.5608437e-01
   8.4902598e+02   1.4048750e+02   5.2959534e-04   9.5610565e-01
   8.4908298e+02   1.4050083e+02   5.2634426e-04   9.5612669e-01
   8.4915598e+02   1.4051417e+02   5.2306607e-04   9.5614695e-01
   8.4922300e+02   1.4052750e+02   5.1996628e-04   9.5616694e-01
   8.4928702e+02   1.4054083e+02   5.1654420e-04   9.5618612e-01
   8.4935801e+02   1.4055417e+02   5.1323678e-04   9.5620498e-01
   8.4942002e+02   1.4056750e+02   5.0967378e-04   9.5622355e-01
   8.4948398e+02   1.4058083e+02   5.0608581e-04   9.5624234e-01
   8.4956699e+02   1.4059417e+02   5.0256730e-04   9.5626090e-01
   8.4962699e+02   1.4060750e+02   4.9943930e-04   9.5627973e-01
   8.4968998e+02   1.4062083e+02   4.9571418e-04   9.5629838e-01
   8.4975901e+02   1.4063417e+02   4.9292562e-04   9.5631737e-01
   8.4982999e+02   1.4064750e+02   4.8970721e-04   9.5633718e-01
   8.4989200e+02   1.4066083e+02   4.8617642e-04   9.5635727e-01
   8.4996201e+02   1.4067417e+02   4.8291653e-04   9.5637813e-01
   8.5001700e+02   1.4068750e+02   4.8029333e-04   9.5639971e-01
   8.5009202e+02   1.4070083e+02   4.7738034e-04   9.5642197e-01
   8.5015897e+02   1.4071417e+02   4.7441430e-04   9.5644539e-01
   8.5022397e+02   1.4072750e+02   4.7147150e-04   9.5646890e-01
   8.5028702e+02   1.4074083e+02   4.6940247e-04   9.5649294e-01
   8.5034598e+02   1.4075417e+02   4.6562205e-04   9.5651802e-01
   8.5041898e+02   1.4076750e+02   4.6301213e-04   9.5654305e-01
   8.5048002e+02   1.4078083e+02   4.6029968e-04   9.5656849e-01
   8.5055802e+02   1.4079417e+02   4.5788064e-04   9.5659436e-01
   8.5062198e+02   1.4080750e+02   4.5519685e-04   9.5662066e-01
   8.5068699e+02   1.4082083e+02   4.5257169e-04   9.5664680e-01
   8.5075199e+02   1.4083417e+02   4.5076320e-04   9.5667331e-01
   8.5082798e+02   1.4084750e+02   4.4863663e-04   9.5669963e-01
   8.5089902e+02   1.4086083e+02   4.4670491e-04   9.5672575e-01
   8.5095499e+02   1.4087417e+02   4.4449121e-04   9.5675168e-01
   8.5102799e+02   1.4088750e+02   4.4254652e-04   9.5677846e-01
   8.5109897e+02   1.4090083e+02   4.4125000e-04   9.5680570e-01
   8.5115800e+02   1.4091417e+02   4.3976518e-04   9.5683248e-01
   8.5122599e+02   1.4092750e+02   4.3808360e-04   9.5685987e-01
   8.5129502e+02   1.4094083e+02   4.3715591e-04   9.5688797e-01
   8.5136198e+02   1.4095417e+02   4.3621489e-04   9.5691587e-01
   8.5142698e+02   1.4096750e+02   4.3508286e-04   9.5694272e-01
   8.5149497e+02   1.4098083e+02   4.3427897e-04   9.5696971e-01
   8.5156101e+02   1.4099417e+02   4.3319618e-04   9.5699694e-01
   8.5161997e+02   1.4100750e+02   4.3172228e-04   9.5702447e-01
   8.5169401e+02   1.4102083e+02   4.3164952e-04   9.5705291e-01
   8.5176401e+02   1.4103417e+02   4.3019904e-04   9.5708286e-01
   8.5182200e+02   1.4104750e+02   4.2909336e-04   9.5711328e-01
   8.5188901e+02   1.4106083e+02   4.2796352e-04   9.5714522e-01
   8.5195701e+02   1.4107417e+02   4.2650178e-04   9.5717970e-01
   8.5202598e+02   1.4108750e+02   4.2548991e-04   9.5721662e-01
   8.5209501e+02   1.4110083e+02   4.2415305e-04   9.5725585e-01
   8.5215598e+02   1.4111417e+02   4.2255317e-04   9.5729683e-01
   8.5222898e+02   1.4112750e+02   4.2129212e-04   9.5733905e-01
   8.5229301e+02   1.4114083e+02   4.2050005e-04   9.5738247e-01
   8.5236100e+02   1.4115417e+02   4.1876654e-04   9.5742714e-01
   8.5242600e+02   1.4116750e+02   4.1785052e-04   9.5747307e-01
   8.5248398e+02   1.4118083e+02   4.1663249e-04   9.5752031e-01
   8.5255997e+02   1.4119417e+02   4.1563592e-04   9.5756886e-01
   8.5262400e+02   1.4120750e+02   4.1435179e-04   9.5761712e-01
   8.5269303e+02   1.4122083e+02   4.1291384e-04   9.5766343e-01
   8.5274998e+02   1.4123417e+02   4.1175629e-04   9.5770815e-01
   8.5282401e+02   1.4124750e+02   4.1101322e-04   9.5775265e-01
   8.5288602e+02   1.4126083e+02   4.1050005e-04   9.5779531e-01
   8.5295402e+02   1.4127417e+02   4.0937772e-04   9.5783704e-01
   8.5302299e+02   1.4128750e+02   4.0874863e-04   9.5787832e-01
   8.5309299e+02   1.4130083e+02   4.0842023e-04   9.5791957e-01
   8.5315800e+02   1.4131417e+02   4.0792483e-04   9.5796078e-01
   8.5323002e+02   1.4132750e+02   4.0800767e-04   9.5800188e-01
   8.5329398e+02   1.4134083e+02   4.0736306e-04   9.5804277e-01
   8.5335203e+02   1.4135417e+02   4.0696800e-04   9.5808385e-01
   8.5342197e+02   1.4136750e+02   4.0745460e-04   9.5812505e-01
   8.5349003e+02   1.4138083e+02   4.0701609e-04   9.5816679e-01
   8.5355900e+02   1.4139417e+02   4.0663025e-04   9.5820796e-01
   8.5362699e+02   1.4140750e+02   4.0640609e-04   9.5824855e-01
   8.5369102e+02   1.4142083e+02   4.0640679e-04   9.5828802e-01
   8.5375101e+02   1.4143417e+02   4.0594461e-04   9.5832633e-01
   8.5382603e+02   1.4144750e+02   4.0613927e-04   9.5836350e-01
   8.5389402e+02   1.4146083e+02   4.0583817e-04   9.5840057e-01
   8.5395499e+02   1.4147417e+02   4.0555268e-04   9.5843693e-01
   8.5403098e+02   1.4148750e+02   4.0564152e-04   9.5847257e-01
   8.5409098e+02   1.4150083e+02   4.0521233e-04   9.5850791e-01
   8.5415000e+02   1.4151417e+02   4.0494020e-04   9.5854177e-01
   8.5421500e+02   1.4152750e+02   4.0497495e-04   9.5857409e-01
   8.5429001e+02   1.4154083e+02   4.0489973e-04   9.5860530e-01
   8.5435001e+02   1.4155417e+02   4.0427467e-04   9.5863476e-01
   8.5441300e+02   1.4156750e+02   4.0397363e-04   9.5866288e-01
   8.5448600e+02   1.4158083e+02   4.0396051e-04   9.5868908e-01
   8.5455100e+02   1.4159417e+02   4.0368356e-04   9.5871380e-01
   8.5463102e+02   1.4160750e+02   4.0319831e-04   9.5873701e-01
   8.5469401e+02   1.4162083e+02   4.0240790e-04   9.5875818e-01
   8.5475498e+02   1.4163417e+02   4.0150211e-04   9.5877828e-01
   8.5482700e+02   1.4164750e+02   4.0147597e-04   9.5879845e-01
   8.5489103e+02   1.4166083e+02   4.0060390e-04   9.5881830e-01
   8.5494797e+02   1.4167417e+02   3.9961716e-04   9.5883843e-01
   8.5502500e+02   1.4168750e+02   3.9887498e-04   9.5885740e-01
   8.5508298e+02   1.4170083e+02   3.9822391e-04   9.5887690e-01
   8.5515702e+02   1.4171417e+02   3.9778259e-04   9.5889657e-01
   8.5522501e+02   1.4172750e+02   3.9696766e-04   9.5891604e-01
   8.5528501e+02   1.4174083e+02   3.9653194e-04   9.5893543e-01
   8.5535203e+02   1.4175417e+02   3.9599336e-04   9.5895535e-01
   8.5542301e+02   1.4176750e+02   3.9486319e-04   9.5897484e-01
   8.5549100e+02   1.4178083e+02   3.9490079e-04   9.5899344e-01
   8.5556302e+02   1.4179417e+02   3.9426765e-04   9.5901219e-01
   8.5562302e+02   1.4180750e+02   3.9347964e-04   9.5903113e-01
   8.5569199e+02   1.4182083e+02   3.9295197e-04   9.5905027e-01
   8.5575498e+02   1.4183417e+02   3.9195878e-04   9.5906911e-01
   8.5582700e+02   1.4184750e+02   3.9172699e-04   9.5908918e-01
   8.5589103e+02   1.4186083e+02   3.9089234e-04   9.5910895e-01
   8.5595902e+02   1.4187417e+02   3.9022143e-04   9.5912949e-01
   8.5602097e+02   1.4188750e+02   3.8978801e-04   9.5915076e-01
   8.5609202e+02   1.4190083e+02   3.8983966e-04   9.5917228e-01
   8.5615598e+02   1.4191417e+02   3.8962188e-04   9.5919454e-01
   8.5623002e+02   1.4192750e+02   3.8957739e-04   9.5921707e-01
   8.5629099e+02   1.4194083e+02   3.8967161e-04   9.5923991e-01
   8.5636100e+02   1.4195417e+02   3.9019679e-04   9.5926309e-01
   8.5643101e+02   1.4196750e+02   3.9061374e-04   9.5928665e-01
   8.5649802e+02   1.4198083e+02   3.9044437e-04   9.5930955e-01
   8.5655100e+02   1.4199417e+02   3.9091256e-04   9.5933281e-01
   8.5663199e+02   1.4200750e+02   3.9058520e-04   9.5935538e-01
   8.5668497e+02   1.4202083e+02   3.9118617e-04   9.5937774e-01
   8.5675498e+02   1.4203417e+02   3.9205690e-04   9.5939934e-01
   8.5681803e+02   1.4204750e+02   3.9219204e-04   9.5942066e-01
   8.5688401e+02   1.4206083e+02   3.9283703e-04   9.5944115e-01
   8.5695701e+02   1.4207417e+02   3.9312059e-04   9.5946080e-01
   8.5702097e+02   1.4208750e+02   3.9345346e-04   9.5947959e-01
   8.5709202e+02   1.4210083e+02   3.9318773e-04   9.5949704e-01
   8.5715702e+02   1.4211417e+02   3.9384922e-04   9.5951318e-01
   8.5721799e+02   1.4212750e+02   3.9426174e-04   9.5952859e-01
   8.5729502e+02   1.4214083e+02   3.9442368e-04   9.5954280e-01
   8.5735300e+02   1.4215417e+02   3.9440927e-04   9.5955632e-01
   8.5742502e+02   1.4216750e+02   3.9452321e-04   9.5956920e-01
   8.5749198e+02   1.4218083e+02   3.9441161e-04   9.5958145e-01
   8.5755802e+02   1.4219417e+02   3.9497877e-04   9.5959360e-01
   8.5763199e+02   1.4220750e+02   3.9524110e-04   9.5960518e-01
   8.5770103e+02   1.4222083e+02   3.9542933e-04   9.5961621e-01
   8.5776401e+02   1.4223417e+02   3.9513371e-04   9.5962776e-01
   8.5783597e+02   1.4224750e+02   3.9509773e-04   9.5963990e-01
   8.5790299e+02   1.4226083e+02   3.9476220e-04   9.5965169e-01
   8.5796500e+02   1.4227417e+02   3.9394470e-04   9.5966369e-01
   8.5802903e+02   1.4228750e+02   3.9275089e-04   9.5967701e-01
   8.5809598e+02   1.4230083e+02   3.9186782e-04   9.5969233e-01
   8.5816202e+02   1.4231417e+02   3.9081617e-04   9.5970930e-01
   8.5822800e+02   1.4232750e+02   3.8908248e-04   9.5972751e-01
   8.5829502e+02   1.4234083e+02   3.8725542e-04   9.5974750e-01
   8.5835398e+02   1.4235417e+02   3.8479615e-04   9.5976884e-01
   8.5842399e+02   1.4236750e+02   3.8303632e-04   9.5979108e-01
   8.5849601e+02   1.4238083e+02   3.8088373e-04   9.5981425e-01
   8.5855900e+02   1.4239417e+02   3.7842815e-04   9.5983885e-01
   8.5862699e+02   1.4240750e+02   3.7598357e-04   9.5986331e-01
   8.5869901e+02   1.4242083e+02   3.7349192e-04   9.5988652e-01
   8.5876102e+02   1.4243417e+02   3.7072376e-04   9.5990889e-01
   8.5882499e+02   1.4244750e+02   3.6807953e-04   9.5993188e-01
   8.5888901e+02   1.4246083e+02   3.6545670e-04   9.5995493e-01
   8.5896500e+02   1.4247417e+02   3.6247756e-04   9.5997801e-01
   8.5902000e+02   1.4248750e+02   3.5976588e-04   9.6000167e-01
   8.5908701e+02   1.4250083e+02   3.5693914e-04   9.6002536e-01
   8.5915598e+02   1.4251417e+02   3.5404492e-04   9.6005009e-01
   8.5922501e+02   1.4252750e+02   3.5126824e-04   9.6007529e-01
   8.5929203e+02   1.4254083e+02   3.4832319e-04   9.6010191e-01
   8.5936002e+02   1.4255417e+02   3.4526329e-04   9.6013091e-01
   8.5942002e+02   1.4256750e+02   3.4222239e-04   9.6016118e-01
   8.5948801e+02   1.4258083e+02   3.3979229e-04   9.6019163e-01
   8.5955900e+02   1.4259417e+02   3.3685499e-04   9.6022330e-01
   8.5961802e+02   1.4260750e+02   3.3308288e-04   9.6025567e-01
   8.5969102e+02   1.4262083e+02   3.3055643e-04   9.6028873e-01
   8.5975901e+02   1.4263417e+02   3.2761033e-04   9.6032239e-01
   8.5981901e+02   1.4264750e+02   3.2463977e-04   9.6035661e-01
   8.5988798e+02   1.4266083e+02   3.2206517e-04   9.6039084e-01
   8.5996097e+02   1.4267417e+02   3.1901549e-04   9.6042500e-01
   8.6003702e+02   1.4268750e+02   3.1654827e-04   9.6045850e-01
   8.6009397e+02   1.4270083e+02   3.1447359e-04   9.6049128e-01
   8.6015702e+02   1.4271417e+02   3.1192865e-04   9.6052326e-01
   8.6023801e+02   1.4272750e+02   3.0890510e-04   9.6055440e-01
   8.6029099e+02   1.4274083e+02   3.0730153e-04   9.6058523e-01
   8.6036100e+02   1.4275417e+02   3.0514933e-04   9.6061580e-01
   8.6042502e+02   1.4276750e+02   3.0357391e-04   9.6064613e-01
   8.6049601e+02   1.4278083e+02   3.0108023e-04   9.6067729e-01
   8.6056699e+02   1.4279417e+02   2.9958170e-04   9.6070775e-01
   8.6063297e+02   1.4280750e+02   2.9721439e-04   9.6073701e-01
   8.6069901e+02   1.4282083e+02   2.9508192e-04   9.6076565e-01
   8.6076499e+02   1.4283417e+02   2.9317428e-04   9.6079267e-01
   8.6083701e+02   1.4284750e+02   2.9122355e-04   9.6081907e-01
   8.6089200e+02   1.4286083e+02   2.8868425e-04   9.6084538e-01
   8.6096500e+02   1.4287417e+02   2.8691850e-04   9.6087061e-01
   8.6102799e+02   1.4288750e+02   2.8568092e-04   9.6089477e-01
   8.6109299e+02   1.4290083e+02   2.8365055e-04   9.6091790e-01
   8.6116001e+02   1.4291417e+02   2.8171163e-04   9.6094154e-01
   8.6123099e+02   1.4292750e+02   2.8063223e-04   9.6096414e-01
   8.6130002e+02   1.4294083e+02   2.7926507e-04   9.6098675e-01
   8.6136399e+02   1.4295417e+02   2.7734357e-04   9.6100989e-01
   8.6143101e+02   1.4296750e+02   2.7646608e-04   9.6103345e-01
   8.6149399e+02   1.4298083e+02   2.7531074e-04   9.6105737e-01
   8.6155698e+02   1.4299417e+02   2.7425898e-04   9.6108163e-01
   8.6163602e+02   1.4300750e+02   2.7367107e-04   9.6110519e-01
   8.6169999e+02   1.4302083e+02   2.7343503e-04   9.6112910e-01
   8.6176200e+02   1.4303417e+02   2.7277851e-04   9.6115291e-01
   8.6183103e+02   1.4304750e+02   2.7285431e-04   9.6117712e-01
   8.6189701e+02   1.4306083e+02   2.7250704e-04   9.6120178e-01
   8.6196702e+02   1.4307417e+02   2.7306993e-04   9.6122642e-01
   8.6203300e+02   1.4308750e+02   2.7324886e-04   9.6125107e-01
   8.6209397e+02   1.4310083e+02   2.7418543e-04   9.6127623e-01
   8.6216001e+02   1.4311417e+02   2.7527124e-04   9.6130197e-01
   8.6223398e+02   1.4312750e+02   2.7683575e-04   9.6132774e-01
   8.6230100e+02   1.4314083e+02   2.7823846e-04   9.6135354e-01
   8.6236503e+02   1.4315417e+02   2.8014234e-04   9.6137933e-01
   8.6243198e+02   1.4316750e+02   2.8227469e-04   9.6140560e-01
   8.6249802e+02   1.4318083e+02   2.8476343e-04   9.6143169e-01
   8.6256998e+02   1.4319417e+02   2.8776806e-04   9.6145807e-01
   8.6263102e+02   1.4320750e+02   2.9022147e-04   9.6148463e-01
   8.6269797e+02   1.4322083e+02   2.9314601e-04   9.6151024e-01
   8.6276700e+02   1.4323417e+02   2.9596777e-04   9.6153635e-01
   8.6283298e+02   1.4324750e+02   2.9949441e-04   9.6156131e-01
   8.6289298e+02   1.4326083e+02   3.0190852e-04   9.6158612e-01
   8.6296897e+02   1.4327417e+02   3.0521185e-04   9.6161019e-01
   8.6303202e+02   1.4328750e+02   3.0816390e-04   9.6163402e-01
   8.6309897e+02   1.4330083e+02   3.1110164e-04   9.6165705e-01
   8.6317600e+02   1.4331417e+02   3.1407490e-04   9.6168022e-01
   8.6323600e+02   1.4332750e+02   3.1728735e-04   9.6170246e-01
   8.6330399e+02   1.4334083e+02   3.2022514e-04   9.6172425e-01
   8.6336698e+02   1.4335417e+02   3.2368477e-04   9.6174551e-01
   8.6343998e+02   1.4336750e+02   3.2744513e-04   9.6176619e-01
   8.6350901e+02   1.4338083e+02   3.3076086e-04   9.6178574e-01
   8.6357499e+02   1.4339417e+02   3.3424138e-04   9.6180464e-01
   8.6363700e+02   1.4340750e+02   3.3763250e-04   9.6182289e-01
   8.6370603e+02   1.4342083e+02   3.4102053e-04   9.6184047e-01
   8.6376798e+02   1.4343417e+02   3.4459861e-04   9.6185747e-01
   8.6383500e+02   1.4344750e+02   3.4830058e-04   9.6187397e-01
   8.6390098e+02   1.4346083e+02   3.5128541e-04   9.6188959e-01
   8.6396799e+02   1.4347417e+02   3.5453529e-04   9.6190449e-01
   8.6403098e+02   1.4348750e+02   3.5797721e-04   9.6191826e-01
   8.6409702e+02   1.4350083e+02   3.6064624e-04   9.6193204e-01
   8.6416898e+02   1.4351417e+02   3.6373705e-04   9.6194488e-01
   8.6422898e+02   1.4352750e+02   3.6662641e-04   9.6195737e-01
   8.6429801e+02   1.4354083e+02   3.6908866e-04   9.6197010e-01
   8.6436899e+02   1.4355417e+02   3.7084645e-04   9.6198263e-01
   8.6443699e+02   1.4356750e+02   3.7289034e-04   9.6199499e-01
   8.6449900e+02   1.4358083e+02   3.7474092e-04   9.6200724e-01
   8.6456998e+02   1.4359417e+02   3.7593463e-04   9.6201998e-01
   8.6463297e+02   1.4360750e+02   3.7727055e-04   9.6203322e-01
   8.6469797e+02   1.4362083e+02   3.7811773e-04   9.6204650e-01
   8.6477097e+02   1.4363417e+02   3.7918994e-04   9.6205985e-01
   8.6482798e+02   1.4364750e+02   3.8015317e-04   9.6207382e-01
   8.6489597e+02   1.4366083e+02   3.8074388e-04   9.6208744e-01
   8.6496000e+02   1.4367417e+02   3.8154056e-04   9.6210121e-01
   8.6502402e+02   1.4368750e+02   3.8242880e-04   9.6211469e-01
   8.6510502e+02   1.4370083e+02   3.8282744e-04   9.6212891e-01
   8.6516099e+02   1.4371417e+02   3.8349139e-04   9.6214293e-01
   8.6523502e+02   1.4372750e+02   3.8384076e-04   9.6215726e-01
   8.6530198e+02   1.4374083e+02   3.8407332e-04   9.6217190e-01
   8.6536100e+02   1.4375417e+02   3.8461417e-04   9.6218794e-01
   8.6543198e+02   1.4376750e+02   3.8450699e-04   9.6220439e-01
   8.6549302e+02   1.4378083e+02   3.8433705e-04   9.6222077e-01
   8.6556803e+02   1.4379417e+02   3.8407415e-04   9.6223809e-01
   8.6563401e+02   1.4380750e+02   3.8335206e-04   9.6225587e-01
   8.6570701e+02   1.4382083e+02   3.8298125e-04   9.6227465e-01
   8.6576902e+02   1.4383417e+02   3.8190554e-04   9.6229395e-01
   8.6583701e+02   1.4384750e+02   3.8153369e-04   9.6231373e-01
   8.6590403e+02   1.4386083e+02   3.8007090e-04   9.6233349e-01
   8.6597098e+02   1.4387417e+02   3.7917475e-04   9.6235314e-01
   8.6603898e+02   1.4388750e+02   3.7812533e-04   9.6237154e-01
   8.6610697e+02   1.4390083e+02   3.7724853e-04   9.6238915e-01
   8.6616801e+02   1.4391417e+02   3.7651463e-04   9.6240645e-01
   8.6622800e+02   1.4392750e+02   3.7530005e-04   9.6242391e-01
   8.6630601e+02   1.4394083e+02   3.7457995e-04   9.6244100e-01
   8.6637302e+02   1.4395417e+02   3.7314531e-04   9.6245770e-01
   8.6644199e+02   1.4396750e+02   3.7241213e-04   9.6247345e-01
   8.6650400e+02   1.4398083e+02   3.7165347e-04   9.6248874e-01
   8.6656199e+02   1.4399417e+02   3.7065109e-04   9.6250357e-01
   8.6663999e+02   1.4400750e+02   3.7036428e-04   9.6251790e-01
   8.6670499e+02   1.4402083e+02   3.6865585e-04   9.6253173e-01
   8.6676798e+02   1.4403417e+02   3.6822022e-04   9.6254606e-01
   8.6683799e+02   1.4404750e+02   3.6743713e-04   9.6255986e-01
   8.6690201e+02   1.4406083e+02   3.6638760e-04   9.6257366e-01
   8.6697397e+02   1.4407417e+02   3.6520563e-04   9.6258701e-01
   8.6703098e+02   1.4408750e+02   3.6369570e-04   9.6260048e-01
   8.6710300e+02   1.4410083e+02   3.6292694e-04   9.6261411e-01
   8.6717002e+02   1.4411417e+02   3.6202237e-04   9.6262736e-01
   8.6723502e+02   1.4412750e+02   3.6116260e-04   9.6264079e-01
   8.6729801e+02   1.4414083e+02   3.6062722e-04   9.6265401e-01
   8.6736002e+02   1.4415417e+02   3.6004890e-04   9.6266673e-01
   8.6743802e+02   1.4416750e+02   3.5936379e-04   9.6267918e-01
   8.6751102e+02   1.4418083e+02   3.5878309e-04   9.6269106e-01
   8.6756901e+02   1.4419417e+02   3.5829963e-04   9.6270300e-01
   8.6764298e+02   1.4420750e+02   3.5799168e-04   9.6271523e-01
   8.6770701e+02   1.4422083e+02   3.5749577e-04   9.6272842e-01
   8.6777097e+02   1.4423417e+02   3.5718566e-04   9.6274325e-01
   8.6784098e+02   1.4424750e+02   3.5716199e-04   9.6275872e-01
   8.6791001e+02   1.4426083e+02   3.5713219e-04   9.6277644e-01
   8.6797501e+02   1.4427417e+02   3.5735170e-04   9.6279641e-01
   8.6803501e+02   1.4428750e+02   3.5748582e-04   9.6281755e-01
   8.6810697e+02   1.4430083e+02   3.5803622e-04   9.6283978e-01
   8.6816703e+02   1.4431417e+02   3.5859720e-04   9.6286349e-01
   8.6823600e+02   1.4432750e+02   3.5936988e-04   9.6288861e-01
   8.6829502e+02   1.4434083e+02   3.6017909e-04   9.6291609e-01
   8.6836301e+02   1.4435417e+02   3.6114570e-04   9.6294534e-01
   8.6843400e+02   1.4436750e+02   3.6253190e-04   9.6297636e-01
   8.6850400e+02   1.4438083e+02   3.6354951e-04   9.6300808e-01
   8.6857499e+02   1.4439417e+02   3.6477936e-04   9.6304101e-01
   8.6864597e+02   1.4440750e+02   3.6612164e-04   9.6307567e-01
   8.6870798e+02   1.4442083e+02   3.6731793e-04   9.6311153e-01
   8.6877299e+02   1.4443417e+02   3.6838297e-04   9.6314807e-01
   8.6884598e+02   1.4444750e+02   3.6962909e-04   9.6318581e-01
   8.6890000e+02   1.4446083e+02   3.7060442e-04   9.6322375e-01
   8.6897202e+02   1.4447417e+02   3.7144887e-04   9.6326340e-01
   8.6904203e+02   1.4448750e+02   3.7218598e-04   9.6330370e-01
   8.6910300e+02   1.4450083e+02   3.7351132e-04   9.6334464e-01
   8.6917502e+02   1.4451417e+02   3.7428764e-04   9.6338513e-01
   8.6924100e+02   1.4452750e+02   3.7517909e-04   9.6342618e-01
   8.6930302e+02   1.4454083e+02   3.7595865e-04   9.6346671e-01
   8.6936899e+02   1.4455417e+02   3.7690236e-04   9.6350772e-01
   8.6944602e+02   1.4456750e+02   3.7790836e-04   9.6354908e-01
   8.6951200e+02   1.4458083e+02   3.7941145e-04   9.6359121e-01
   8.6956901e+02   1.4459417e+02   3.8016089e-04   9.6363353e-01
   8.6964103e+02   1.4460750e+02   3.8138992e-04   9.6367599e-01
   8.6970603e+02   1.4462083e+02   3.8303191e-04   9.6371903e-01
   8.6977201e+02   1.4463417e+02   3.8410415e-04   9.6376207e-01
   8.6984501e+02   1.4464750e+02   3.8555329e-04   9.6380452e-01
   8.6990299e+02   1.4466083e+02   3.8708351e-04   9.6384683e-01
   8.6997397e+02   1.4467417e+02   3.8851869e-04   9.6388894e-01
   8.7004099e+02   1.4468750e+02   3.8975460e-04   9.6393025e-01
   8.7010697e+02   1.4470083e+02   3.9066244e-04   9.6397122e-01
   8.7015897e+02   1.4471417e+02   3.9260557e-04   9.6401179e-01
   8.7023698e+02   1.4472750e+02   3.9388983e-04   9.6405191e-01
   8.7030002e+02   1.4474083e+02   3.9480774e-04   9.6409294e-01
   8.7037101e+02   1.4475417e+02   3.9653908e-04   9.6413469e-01
   8.7043302e+02   1.4476750e+02   3.9764673e-04   9.6417798e-01
   8.7050901e+02   1.4478083e+02   3.9882271e-04   9.6422213e-01
   8.7057603e+02   1.4479417e+02   3.9960141e-04   9.6426754e-01
   8.7063999e+02   1.4480750e+02   4.0076517e-04   9.6431365e-01
   8.7070902e+02   1.4482083e+02   4.0167877e-04   9.6436041e-01
   8.7077500e+02   1.4483417e+02   4.0251921e-04   9.6440678e-01
   8.7083597e+02   1.4484750e+02   4.0346862e-04   9.6445373e-01
   8.7090800e+02   1.4486083e+02   4.0405888e-04   9.6450022e-01
   8.7098002e+02   1.4487417e+02   4.0537845e-04   9.6454670e-01
   8.7104398e+02   1.4488750e+02   4.0609948e-04   9.6459260e-01
   8.7110697e+02   1.4490083e+02   4.0707904e-04   9.6463839e-01
   8.7117802e+02   1.4491417e+02   4.0787977e-04   9.6468350e-01
   8.7124698e+02   1.4492750e+02   4.0857803e-04   9.6472840e-01
   8.7130302e+02   1.4494083e+02   4.0902326e-04   9.6477198e-01
   8.7137498e+02   1.4495417e+02   4.0941669e-04   9.6481425e-01
   8.7143900e+02   1.4496750e+02   4.0994879e-04   9.6485571e-01
   8.7150303e+02   1.4498083e+02   4.1035236e-04   9.6489532e-01
   8.7157401e+02   1.4499417e+02   4.1083205e-04   9.6493415e-01
   8.7164200e+02   1.4500750e+02   4.1142355e-04   9.6497071e-01
   8.7170798e+02   1.4502083e+02   4.1146909e-04   9.6500661e-01
   8.7178501e+02   1.4503417e+02   4.1167625e-04   9.6504084e-01
   8.7183799e+02   1.4504750e+02   4.1199662e-04   9.6507446e-01
   8.7191599e+02   1.4506083e+02   4.1203916e-04   9.6510646e-01
   8.7197501e+02   1.4507417e+02   4.1222273e-04   9.6513737e-01
   8.7204600e+02   1.4508750e+02   4.1174556e-04   9.6516620e-01
   8.7211301e+02   1.4510083e+02   4.1157150e-04   9.6519399e-01
   8.7217502e+02   1.4511417e+02   4.1130738e-04   9.6522077e-01
   8.7224198e+02   1.4512750e+02   4.1142698e-04   9.6524603e-01
   8.7230503e+02   1.4514083e+02   4.1072617e-04   9.6527028e-01
   8.7237498e+02   1.4515417e+02   4.1024076e-04   9.6529301e-01
   8.7244498e+02   1.4516750e+02   4.1014011e-04   9.6531473e-01
   8.7250699e+02   1.4518083e+02   4.1007894e-04   9.6533493e-01
   8.7257902e+02   1.4519417e+02   4.0971281e-04   9.6535413e-01
   8.7263901e+02   1.4520750e+02   4.0899162e-04   9.6537179e-01
   8.7270701e+02   1.4522083e+02   4.0884434e-04   9.6538797e-01
   8.7277701e+02   1.4523417e+02   4.0850224e-04   9.6540322e-01
   8.7283201e+02   1.4524750e+02   4.0805951e-04   9.6541756e-01
   8.7290403e+02   1.4526083e+02   4.0778792e-04   9.6542999e-01
   8.7297202e+02   1.4527417e+02   4.0778033e-04   9.6544155e-01
   8.7304001e+02   1.4528750e+02   4.0695300e-04   9.6545226e-01
   8.7310697e+02   1.4530083e+02   4.0686264e-04   9.6546166e-01
   8.7317002e+02   1.4531417e+02   4.0649373e-04   9.6547031e-01
   8.7323197e+02   1.4532750e+02   4.0601135e-04   9.6547823e-01
   8.7331101e+02   1.4534083e+02   4.0549746e-04   9.6548543e-01
   8.7337101e+02   1.4535417e+02   4.0547922e-04   9.6549145e-01
   8.7344102e+02   1.4536750e+02   4.0459085e-04   9.6549630e-01
   8.7351298e+02   1.4538083e+02   4.0401212e-04   9.6550048e-01
   8.7357499e+02   1.4539417e+02   4.0369702e-04   9.6550402e-01
   8.7363798e+02   1.4540750e+02   4.0320777e-04   9.6550749e-01
   8.7371000e+02   1.4542083e+02   4.0282642e-04   9.6550992e-01
   8.7377701e+02   1.4543417e+02   4.0217101e-04   9.6551186e-01
   8.7383799e+02   1.4544750e+02   4.0181556e-04   9.6551333e-01
   8.7390598e+02   1.4546083e+02   4.0086225e-04   9.6551435e-01
   8.7397599e+02   1.4547417e+02   4.0033237e-04   9.6551603e-01
   8.7404203e+02   1.4548750e+02   3.9954544e-04   9.6551906e-01
   8.7410599e+02   1.4550083e+02   3.9871916e-04   9.6552407e-01
   8.7417100e+02   1.4551417e+02   3.9769198e-04   9.6553073e-01
   8.7424399e+02   1.4552750e+02   3.9646524e-04   9.6553867e-01
   8.7430698e+02   1.4554083e+02   3.9514079e-04   9.6554905e-01
   8.7437302e+02   1.4555417e+02   3.9404573e-04   9.6556099e-01
   8.7444602e+02   1.4556750e+02   3.9275400e-04   9.6557359e-01
   8.7450901e+02   1.4558083e+02   3.9136734e-04   9.6558701e-01
   8.7457499e+02   1.4559417e+02   3.9004051e-04   9.6560034e-01
   8.7463798e+02   1.4560750e+02   3.8818922e-04   9.6561318e-01
   8.7470798e+02   1.4562083e+02   3.8696074e-04   9.6562712e-01
   8.7477500e+02   1.4563417e+02   3.8537586e-04   9.6564117e-01
   8.7483701e+02   1.4564750e+02   3.8372778e-04   9.6565534e-01
   8.7490702e+02   1.4566083e+02   3.8222105e-04   9.6567016e-01
   8.7497098e+02   1.4567417e+02   3.8018680e-04   9.6568505e-01
   8.7504203e+02   1.4568750e+02   3.7838710e-04   9.6570047e-01
   8.7510398e+02   1.4570083e+02   3.7633410e-04   9.6571593e-01
   8.7517399e+02   1.4571417e+02   3.7432155e-04   9.6573247e-01
   8.7523801e+02   1.4572750e+02   3.7197528e-04   9.6575012e-01
   8.7530997e+02   1.4574083e+02   3.6946759e-04   9.6576787e-01
   8.7536698e+02   1.4575417e+02   3.6684151e-04   9.6578773e-01
   8.7543497e+02   1.4576750e+02   3.6454152e-04   9.6581057e-01
   8.7550797e+02   1.4578083e+02   3.6185771e-04   9.6583622e-01
   8.7557401e+02   1.4579417e+02   3.5970453e-04   9.6586456e-01
   8.7564597e+02   1.4580750e+02   3.5727197e-04   9.6589445e-01
   8.7570701e+02   1.4582083e+02   3.5456869e-04   9.6592625e-01
   8.7578800e+02   1.4583417e+02   3.5204527e-04   9.6595890e-01
   8.7584501e+02   1.4584750e+02   3.4929415e-04   9.6599342e-01
   8.7591202e+02   1.4586083e+02   3.4646997e-04   9.6602876e-01
   8.7597800e+02   1.4587417e+02   3.4356611e-04   9.6606549e-01
   8.7604398e+02   1.4588750e+02   3.4130424e-04   9.6610308e-01
   8.7611899e+02   1.4590083e+02   3.3886022e-04   9.6614100e-01
   8.7617802e+02   1.4591417e+02   3.3554276e-04   9.6617966e-01
   8.7625400e+02   1.4592750e+02   3.3301055e-04   9.6621903e-01
   8.7630802e+02   1.4594083e+02   3.3014845e-04   9.6625911e-01
   8.7637900e+02   1.4595417e+02   3.2759742e-04   9.6629935e-01
   8.7644901e+02   1.4596750e+02   3.2490602e-04   9.6634025e-01
   8.7651401e+02   1.4598083e+02   3.2283029e-04   9.6638229e-01
   8.7658298e+02   1.4599417e+02   3.2000585e-04   9.6642446e-01
   8.7664103e+02   1.4600750e+02   3.1742878e-04   9.6646777e-01
   8.7670902e+02   1.4602083e+02   3.1489255e-04   9.6651171e-01
   8.7678202e+02   1.4603417e+02   3.1207579e-04   9.6655627e-01
   8.7684702e+02   1.4604750e+02   3.0976549e-04   9.6660195e-01
   8.7691202e+02   1.4606083e+02   3.0758106e-04   9.6664822e-01
   8.7697202e+02   1.4607417e+02   3.0564324e-04   9.6669297e-01
   8.7704203e+02   1.4608750e+02   3.0318800e-04   9.6673705e-01
   8.7711002e+02   1.4610083e+02   3.0118803e-04   9.6677876e-01
   8.7717502e+02   1.4611417e+02   2.9939948e-04   9.6681850e-01
   8.7724302e+02   1.4612750e+02   2.9730011e-04   9.6685616e-01
   8.7731602e+02   1.4614083e+02   2.9584755e-04   9.6689218e-01
   8.7737601e+02   1.4615417e+02   2.9412333e-04   9.6692603e-01
   8.7744303e+02   1.4616750e+02   2.9166660e-04   9.6695873e-01
   8.7750901e+02   1.4618083e+02   2.9024565e-04   9.6698972e-01
   8.7757798e+02   1.4619417e+02   2.8843600e-04   9.6701947e-01
   8.7764200e+02   1.4620750e+02   2.8691633e-04   9.6704744e-01
   8.7770798e+02   1.4622083e+02   2.8485905e-04   9.6707362e-01
   8.7777500e+02   1.4623417e+02   2.8313584e-04   9.6709750e-01
   8.7784098e+02   1.4624750e+02   2.8155556e-04   9.6711960e-01
   8.7791099e+02   1.4626083e+02   2.8021007e-04   9.6713941e-01
   8.7797098e+02   1.4627417e+02   2.7899153e-04   9.6715792e-01
   8.7804600e+02   1.4628750e+02   2.7777173e-04   9.6717518e-01
   8.7811100e+02   1.4630083e+02   2.7694340e-04   9.6719072e-01
   8.7818003e+02   1.4631417e+02   2.7596957e-04   9.6720559e-01
   8.7824302e+02   1.4632750e+02   2.7555874e-04   9.6721932e-01
   8.7830900e+02   1.4634083e+02   2.7468225e-04   9.6723254e-01
   8.7838297e+02   1.4635417e+02   2.7479391e-04   9.6724531e-01
   8.7844401e+02   1.4636750e+02   2.7436900e-04   9.6725716e-01
   8.7851902e+02   1.4638083e+02   2.7400114e-04   9.6726816e-01
   8.7857902e+02   1.4639417e+02   2.7394315e-04   9.6727934e-01
   8.7863999e+02   1.4640750e+02   2.7360611e-04   9.6729020e-01
   8.7871299e+02   1.4642083e+02   2.7395499e-04   9.6730177e-01
   8.7879001e+02   1.4643417e+02   2.7456249e-04   9.6731354e-01
   8.7885001e+02   1.4644750e+02   2.7452703e-04   9.6732546e-01
   8.7890702e+02   1.4646083e+02   2.7462513e-04   9.6733800e-01
   8.7897800e+02   1.4647417e+02   2.7579984e-04   9.6735060e-01
   8.7904801e+02   1.4648750e+02   2.7679480e-04   9.6736323e-01
   8.7911100e+02   1.4650083e+02   2.7763977e-04   9.6737635e-01
   8.7918198e+02   1.4651417e+02   2.7916365e-04   9.6738941e-01
   8.7924698e+02   1.4652750e+02   2.8020769e-04   9.6740286e-01
   8.7931302e+02   1.4654083e+02   2.8174530e-04   9.6741616e-01
   8.7937900e+02   1.4655417e+02   2.8347500e-04   9.6743032e-01
   8.7945200e+02   1.4656750e+02   2.8514941e-04   9.6744429e-01
   8.7950199e+02   1.4658083e+02   2.8635489e-04   9.6745855e-01
   8.7957798e+02   1.4659417e+02   2.8839670e-04   9.6747262e-01
   8.7964597e+02   1.4660750e+02   2.9091024e-04   9.6748652e-01
   8.7971000e+02   1.4662083e+02   2.9240986e-04   9.6750073e-01
   8.7978501e+02   1.4663417e+02   2.9469785e-04   9.6751477e-01
   8.7984299e+02   1.4664750e+02   2.9699242e-04   9.6752916e-01
   8.7991398e+02   1.4666083e+02   2.9893275e-04   9.6754288e-01
   8.7998301e+02   1.4667417e+02   3.0155878e-04   9.6755693e-01
   8.8004099e+02   1.4668750e+02   3.0394971e-04   9.6757085e-01
   8.8012302e+02   1.4670083e+02   3.0626125e-04   9.6758468e-01
   8.8018198e+02   1.4671417e+02   3.0854683e-04   9.6759842e-01
   8.8025498e+02   1.4672750e+02   3.1200901e-04   9.6761158e-01
   8.8031803e+02   1.4674083e+02   3.1407141e-04   9.6762518e-01
   8.8038798e+02   1.4675417e+02   3.1687963e-04   9.6763876e-01
   8.8045298e+02   1.4676750e+02   3.1931349e-04   9.6765283e-01
   8.8050498e+02   1.4678083e+02   3.2239538e-04   9.6766640e-01
   8.8058701e+02   1.4679417e+02   3.2477213e-04   9.6768048e-01
   8.8064701e+02   1.4680750e+02   3.2776712e-04   9.6769455e-01
   8.8070798e+02   1.4682083e+02   3.3070258e-04   9.6770909e-01
   8.8078397e+02   1.4683417e+02   3.3361262e-04   9.6772352e-01
   8.8084598e+02   1.4684750e+02   3.3669701e-04   9.6773686e-01
   8.8091501e+02   1.4686083e+02   3.4004934e-04   9.6774922e-01
   8.8098002e+02   1.4687417e+02   3.4275970e-04   9.6775970e-01
   8.8105198e+02   1.4688750e+02   3.4541561e-04   9.6776990e-01
   8.8112198e+02   1.4690083e+02   3.4856207e-04   9.6777995e-01
   8.8118400e+02   1.4691417e+02   3.5179098e-04   9.6778954e-01
   8.8124998e+02   1.4692750e+02   3.5448875e-04   9.6780039e-01
   8.8131901e+02   1.4694083e+02   3.5706289e-04   9.6781265e-01
   8.8138499e+02   1.4695417e+02   3.6055141e-04   9.6782445e-01
   8.8145103e+02   1.4696750e+02   3.6289683e-04   9.6783696e-01
   8.8151603e+02   1.4698083e+02   3.6528580e-04   9.6784988e-01
   8.8158903e+02   1.4699417e+02   3.6799311e-04   9.6786286e-01
   8.8165702e+02   1.4700750e+02   3.7003222e-04   9.6787606e-01
   8.8171299e+02   1.4702083e+02   3.7198845e-04   9.6788916e-01
   8.8177799e+02   1.4703417e+02   3.7416639e-04   9.6790340e-01
   8.8184501e+02   1.4704750e+02   3.7560817e-04   9.6791939e-01
   8.8192002e+02   1.4706083e+02   3.7787435e-04   9.6793669e-01
   8.8197800e+02   1.4707417e+02   3.7898127e-04   9.6795644e-01
   8.8204801e+02   1.4708750e+02   3.8066571e-04   9.6797757e-01
   8.8210697e+02   1.4710083e+02   3.8105953e-04   9.6799887e-01
   8.8218998e+02   1.4711417e+02   3.8202197e-04   9.6802060e-01
   8.8224698e+02   1.4712750e+02   3.8291268e-04   9.6804259e-01
   8.8230601e+02   1.4714083e+02   3.8369775e-04   9.6806513e-01
   8.8237498e+02   1.4715417e+02   3.8402004e-04   9.6808754e-01
   8.8245200e+02   1.4716750e+02   3.8437707e-04   9.6811122e-01
   8.8251700e+02   1.4718083e+02   3.8472578e-04   9.6813552e-01
   8.8257499e+02   1.4719417e+02   3.8512284e-04   9.6815986e-01
   8.8264200e+02   1.4720750e+02   3.8540040e-04   9.6818518e-01
   8.8271201e+02   1.4722083e+02   3.8585144e-04   9.6821090e-01
   8.8277701e+02   1.4723417e+02   3.8614707e-04   9.6823600e-01
   8.8284598e+02   1.4724750e+02   3.8650968e-04   9.6826043e-01
   8.8291898e+02   1.4726083e+02   3.8595575e-04   9.6828516e-01
   8.8297898e+02   1.4727417e+02   3.8605267e-04   9.6830965e-01
   8.8305399e+02   1.4728750e+02   3.8591102e-04   9.6833388e-01
   8.8312198e+02   1.4730083e+02   3.8568714e-04   9.6835735e-01
   8.8319199e+02   1.4731417e+02   3.8544498e-04   9.6838003e-01
   8.8324900e+02   1.4732750e+02   3.8504334e-04   9.6840293e-01
   8.8333500e+02   1.4734083e+02   3.8444025e-04   9.6842452e-01
   8.8338297e+02   1.4735417e+02   3.8344875e-04   9.6844579e-01
   8.8344700e+02   1.4736750e+02   3.8294740e-04   9.6846673e-01
   8.8352097e+02   1.4738083e+02   3.8217759e-04   9.6848674e-01
   8.8358500e+02   1.4739417e+02   3.8111060e-04   9.6850631e-01
   8.8365299e+02   1.4740750e+02   3.7980364e-04   9.6852594e-01
   8.8371500e+02   1.4742083e+02   3.7872037e-04   9.6854457e-01
   8.8378800e+02   1.4743417e+02   3.7711029e-04   9.6856321e-01
   8.8384098e+02   1.4744750e+02   3.7558898e-04   9.6858139e-01
   8.8391599e+02   1.4746083e+02   3.7410938e-04   9.6859968e-01
   8.8398301e+02   1.4747417e+02   3.7275426e-04   9.6861808e-01
   8.8405302e+02   1.4748750e+02   3.7131389e-04   9.6863717e-01
   8.8411802e+02   1.4750083e+02   3.6997662e-04   9.6865646e-01
   8.8418302e+02   1.4751417e+02   3.6887698e-04   9.6867598e-01
   8.8423899e+02   1.4752750e+02   3.6819174e-04   9.6869527e-01
   8.8431199e+02   1.4754083e+02   3.6747271e-04   9.6871487e-01
   8.8438199e+02   1.4755417e+02   3.6728121e-04   9.6873535e-01
   8.8444797e+02   1.4756750e+02   3.6736949e-04   9.6875584e-01
   8.8451499e+02   1.4758083e+02   3.6732009e-04   9.6877649e-01
   8.8456998e+02   1.4759417e+02   3.6727635e-04   9.6879797e-01
   8.8464500e+02   1.4760750e+02   3.6748067e-04   9.6881983e-01
   8.8471000e+02   1.4762083e+02   3.6763004e-04   9.6884270e-01
   8.8478098e+02   1.4763417e+02   3.6769323e-04   9.6886671e-01
   8.8484800e+02   1.4764750e+02   3.6764285e-04   9.6889140e-01
   8.8491001e+02   1.4766083e+02   3.6726665e-04   9.6891789e-01
   8.8498099e+02   1.4767417e+02   3.6714728e-04   9.6894577e-01
   8.8504697e+02   1.4768750e+02   3.6674517e-04   9.6897459e-01
   8.8512601e+02   1.4770083e+02   3.6634735e-04   9.6900545e-01
   8.8518699e+02   1.4771417e+02   3.6596787e-04   9.6903795e-01
   8.8525303e+02   1.4772750e+02   3.6564260e-04   9.6907159e-01
   8.8531602e+02   1.4774083e+02   3.6534867e-04   9.6910687e-01
   8.8538199e+02   1.4775417e+02   3.6486701e-04   9.6914326e-01
   8.8544602e+02   1.4776750e+02   3.6457433e-04   9.6918121e-01
   8.8552000e+02   1.4778083e+02   3.6470989e-04   9.6922014e-01
   8.8559098e+02   1.4779417e+02   3.6469932e-04   9.6925899e-01
   8.8565403e+02   1.4780750e+02   3.6530889e-04   9.6929970e-01
   8.8572599e+02   1.4782083e+02   3.6554744e-04   9.6934309e-01
   8.8578898e+02   1.4783417e+02   3.6656079e-04   9.6938788e-01
   8.8585398e+02   1.4784750e+02   3.6692977e-04   9.6943439e-01
   8.8591703e+02   1.4786083e+02   3.6820986e-04   9.6948140e-01
   8.8599302e+02   1.4787417e+02   3.6921170e-04   9.6952879e-01
   8.8606699e+02   1.4788750e+02   3.7045777e-04   9.6957641e-01
   8.8612601e+02   1.4790083e+02   3.7172364e-04   9.6962461e-01
   8.8619401e+02   1.4791417e+02   3.7256154e-04   9.6967176e-01
   8.8625400e+02   1.4792750e+02   3.7422543e-04   9.6971839e-01
   8.8632499e+02   1.4794083e+02   3.7508876e-04   9.6976449e-01
   8.8638798e+02   1.4795417e+02   3.7720755e-04   9.6980948e-01
   8.8646702e+02   1.4796750e+02   3.7864968e-04   9.6985485e-01
   8.8652598e+02   1.4798083e+02   3.7988368e-04   9.6989898e-01
   8.8658799e+02   1.4799417e+02   3.8149529e-04   9.6994335e-01
   8.8665598e+02   1.4800750e+02   3.8292815e-04   9.6998684e-01
   8.8671500e+02   1.4802083e+02   3.8501180e-04   9.7002990e-01
   8.8678000e+02   1.4803417e+02   3.8687250e-04   9.7007202e-01
   8.8685001e+02   1.4804750e+02   3.8828862e-04   9.7011362e-01
   8.8692197e+02   1.4806083e+02   3.9037255e-04   9.7015421e-01
   8.8698301e+02   1.4807417e+02   3.9249294e-04   9.7019322e-01
   8.8704697e+02   1.4808750e+02   3.9458607e-04   9.7023165e-01
   8.8711899e+02   1.4810083e+02   3.9643780e-04   9.7026842e-01
   8.8718198e+02   1.4811417e+02   3.9807600e-04   9.7030501e-01
   8.8725797e+02   1.4812750e+02   3.9974103e-04   9.7033979e-01
   8.8732499e+02   1.4814083e+02   4.0145519e-04   9.7037417e-01
   8.8737498e+02   1.4815417e+02   4.0266218e-04   9.7040697e-01
   8.8745402e+02   1.4816750e+02   4.0412424e-04   9.7043852e-01
   8.8752097e+02   1.4818083e+02   4.0552825e-04   9.7047027e-01
   8.8759000e+02   1.4819417e+02   4.0691182e-04   9.7050169e-01
   8.8765201e+02   1.4820750e+02   4.0826065e-04   9.7053384e-01
   8.8771598e+02   1.4822083e+02   4.0952713e-04   9.7056513e-01
   8.8778000e+02   1.4823417e+02   4.1074692e-04   9.7059609e-01
   8.8785398e+02   1.4824750e+02   4.1167375e-04   9.7062728e-01
   8.8792502e+02   1.4826083e+02   4.1251587e-04   9.7065767e-01
   8.8798698e+02   1.4827417e+02   4.1321976e-04   9.7068724e-01
   8.8805302e+02   1.4828750e+02   4.1358772e-04   9.7071656e-01
   8.8811997e+02   1.4830083e+02   4.1358933e-04   9.7074523e-01
   8.8818900e+02   1.4831417e+02   4.1378488e-04   9.7077292e-01
   8.8824802e+02   1.4832750e+02   4.1398840e-04   9.7080032e-01
   8.8832200e+02   1.4834083e+02   4.1403641e-04   9.7082762e-01
   8.8838499e+02   1.4835417e+02   4.1380159e-04   9.7085555e-01
   8.8844901e+02   1.4836750e+02   4.1365802e-04   9.7088380e-01
   8.8852097e+02   1.4838083e+02   4.1322312e-04   9.7091240e-01
   8.8858298e+02   1.4839417e+02   4.1290525e-04   9.7094141e-01
   8.8866398e+02   1.4840750e+02   4.1247774e-04   9.7097036e-01
   8.8873600e+02   1.4842083e+02   4.1253850e-04   9.7099921e-01
   8.8879099e+02   1.4843417e+02   4.1192453e-04   9.7102789e-01
   8.8885203e+02   1.4844750e+02   4.1173901e-04   9.7105578e-01
   8.8891398e+02   1.4846083e+02   4.1177310e-04   9.7108283e-01
   8.8899399e+02   1.4847417e+02   4.1208544e-04   9.7110894e-01
   8.8905900e+02   1.4848750e+02   4.1210740e-04   9.7113406e-01
   8.8912699e+02   1.4850083e+02   4.1236181e-04   9.7115809e-01
   8.8919303e+02   1.4851417e+02   4.1253190e-04   9.7118091e-01
   8.8926401e+02   1.4852750e+02   4.1266064e-04   9.7120301e-01
   8.8933103e+02   1.4854083e+02   4.1295739e-04   9.7122379e-01
   8.8939701e+02   1.4855417e+02   4.1330879e-04   9.7124320e-01
   8.8946097e+02   1.4856750e+02   4.1390995e-04   9.7126278e-01
   8.8953800e+02   1.4858083e+02   4.1429072e-04   9.7128154e-01
   8.8960697e+02   1.4859417e+02   4.1512422e-04   9.7129942e-01
   8.8966099e+02   1.4860750e+02   4.1528511e-04   9.7131643e-01
   8.8973002e+02   1.4862083e+02   4.1571743e-04   9.7133259e-01
   8.8980002e+02   1.4863417e+02   4.1605076e-04   9.7134847e-01
   8.8986399e+02   1.4864750e+02   4.1625031e-04   9.7136312e-01
   8.8991898e+02   1.4866083e+02   4.1684037e-04   9.7137662e-01
   8.9000101e+02   1.4867417e+02   4.1717542e-04   9.7138960e-01
   8.9006400e+02   1.4868750e+02   4.1761608e-04   9.7140212e-01
   8.9011899e+02   1.4870083e+02   4.1827415e-04   9.7141371e-01
   8.9019602e+02   1.4871417e+02   4.1863016e-04   9.7142446e-01
   8.9026102e+02   1.4872750e+02   4.1935310e-04   9.7143443e-01
   8.9032999e+02   1.4874083e+02   4.1980302e-04   9.7144418e-01
   8.9039200e+02   1.4875417e+02   4.2041580e-04   9.7145373e-01
   8.9046403e+02   1.4876750e+02   4.2094687e-04   9.7146358e-01
   8.9052701e+02   1.4878083e+02   4.2154690e-04   9.7147377e-01
   8.9060398e+02   1.4879417e+02   4.2231954e-04   9.7148431e-01
   8.9065897e+02   1.4880750e+02   4.2258104e-04   9.7149517e-01
   8.9072703e+02   1.4882083e+02   4.2297909e-04   9.7150633e-01
   8.9079899e+02   1.4883417e+02   4.2322315e-04   9.7151775e-01
   8.9086399e+02   1.4884750e+02   4.2306524e-04   9.7152942e-01
   8.9093003e+02   1.4886083e+02   4.2276918e-04   9.7154186e-01
   8.9099003e+02   1.4887417e+02   4.2217917e-04   9.7155409e-01
   8.9105802e+02   1.4888750e+02   4.2128693e-04   9.7156659e-01
   8.9113102e+02   1.4890083e+02   4.2011846e-04   9.7157999e-01
   8.9120200e+02   1.4891417e+02   4.1877496e-04   9.7159441e-01
   8.9126401e+02   1.4892750e+02   4.1728084e-04   9.7160992e-01
   8.9133903e+02   1.4894083e+02   4.1568800e-04   9.7162513e-01
   8.9140201e+02   1.4895417e+02   4.1406572e-04   9.7164071e-01
   8.9145603e+02   1.4896750e+02   4.1221045e-04   9.7165727e-01
   8.9153397e+02   1.4898083e+02   4.1043767e-04   9.7167443e-01
   8.9159598e+02   1.4899417e+02   4.0846518e-04   9.7169225e-01
   8.9165800e+02   1.4900750e+02   4.0645432e-04   9.7171084e-01
   8.9173301e+02   1.4902083e+02   4.0434196e-04   9.7173083e-01
   8.9179899e+02   1.4903417e+02   4.0225348e-04   9.7175175e-01
   8.9186301e+02   1.4904750e+02   3.9992165e-04   9.7177420e-01
   8.9192899e+02   1.4906083e+02   3.9753677e-04   9.7179818e-01
   8.9200101e+02   1.4907417e+02   3.9502713e-04   9.7182466e-01
   8.9205601e+02   1.4908750e+02   3.9287034e-04   9.7185303e-01
   8.9212601e+02   1.4910083e+02   3.9033395e-04   9.7188222e-01
   8.9219303e+02   1.4911417e+02   3.8811894e-04   9.7191273e-01
   8.9227000e+02   1.4912750e+02   3.8500137e-04   9.7194557e-01
   8.9233103e+02   1.4914083e+02   3.8241147e-04   9.7197813e-01
   8.9239799e+02   1.4915417e+02   3.7977224e-04   9.7200975e-01
   8.9246500e+02   1.4916750e+02   3.7687221e-04   9.7204076e-01
   8.9252903e+02   1.4918083e+02   3.7377366e-04   9.7207099e-01
   8.9259598e+02   1.4919417e+02   3.7062448e-04   9.7210035e-01
   8.9266398e+02   1.4920750e+02   3.6801322e-04   9.7212982e-01
   8.9273502e+02   1.4922083e+02   3.6474627e-04   9.7215876e-01
   8.9280997e+02   1.4923417e+02   3.6180978e-04   9.7218660e-01
   8.9285697e+02   1.4924750e+02   3.5847658e-04   9.7221483e-01
   8.9293101e+02   1.4926083e+02   3.5516579e-04   9.7224305e-01
   8.9299900e+02   1.4927417e+02   3.5190288e-04   9.7227179e-01
   8.9306699e+02   1.4928750e+02   3.4917738e-04   9.7230057e-01
   8.9313798e+02   1.4930083e+02   3.4589166e-04   9.7232934e-01
   8.9320499e+02   1.4931417e+02   3.4275681e-04   9.7235813e-01
   8.9326798e+02   1.4932750e+02   3.3977669e-04   9.7238689e-01
   8.9332603e+02   1.4934083e+02   3.3711216e-04   9.7241555e-01
   8.9340000e+02   1.4935417e+02   3.3410727e-04   9.7244509e-01
   8.9347202e+02   1.4936750e+02   3.3197105e-04   9.7247496e-01
   8.9353800e+02   1.4938083e+02   3.2918360e-04   9.7250508e-01
   8.9360001e+02   1.4939417e+02   3.2620709e-04   9.7253596e-01
   8.9367002e+02   1.4940750e+02   3.2327514e-04   9.7256710e-01
   8.9373002e+02   1.4942083e+02   3.2008686e-04   9.7259848e-01
   8.9379398e+02   1.4943417e+02   3.1720897e-04   9.7263011e-01
   8.9386002e+02   1.4944750e+02   3.1408556e-04   9.7266143e-01
   8.9393302e+02   1.4946083e+02   3.1113268e-04   9.7269293e-01
   8.9399900e+02   1.4947417e+02   3.0785668e-04   9.7272256e-01
   8.9406302e+02   1.4948750e+02   3.0459883e-04   9.7275086e-01
   8.9412498e+02   1.4950083e+02   3.0172443e-04   9.7277684e-01
   8.9419102e+02   1.4951417e+02   2.9904019e-04   9.7280006e-01
   8.9425303e+02   1.4952750e+02   2.9550750e-04   9.7282212e-01
   8.9431998e+02   1.4954083e+02   2.9300176e-04   9.7284201e-01
   8.9439597e+02   1.4955417e+02   2.9009893e-04   9.7286079e-01
   8.9446500e+02   1.4956750e+02   2.8729796e-04   9.7287850e-01
   8.9452299e+02   1.4958083e+02   2.8421793e-04   9.7289514e-01
   8.9459501e+02   1.4959417e+02   2.8136607e-04   9.7291074e-01
   8.9466599e+02   1.4960750e+02   2.7941548e-04   9.7292628e-01
   8.9473600e+02   1.4962083e+02   2.7673379e-04   9.7294175e-01
   8.9480302e+02   1.4963417e+02   2.7443425e-04   9.7295812e-01
   8.9485697e+02   1.4964750e+02   2.7195241e-04   9.7297545e-01
   8.9493400e+02   1.4966083e+02   2.6961193e-04   9.7299429e-01
   8.9499698e+02   1.4967417e+02   2.6803193e-04   9.7301411e-01
   8.9506699e+02   1.4968750e+02   2.6611375e-04   9.7303449e-01
   8.9513401e+02   1.4970083e+02   2.6456854e-04   9.7305549e-01
   8.9520701e+02   1.4971417e+02   2.6238243e-04   9.7307610e-01
   8.9527402e+02   1.4972750e+02   2.6163657e-04   9.7309685e-01
   8.9534098e+02   1.4974083e+02   2.6059074e-04   9.7311776e-01
   8.9539597e+02   1.4975417e+02   2.6029537e-04   9.7313833e-01
   8.9547001e+02   1.4976750e+02   2.5952668e-04   9.7315852e-01
   8.9553300e+02   1.4978083e+02   2.5933555e-04   9.7317831e-01
   8.9560599e+02   1.4979417e+02   2.5825354e-04   9.7319775e-01
   8.9566599e+02   1.4980750e+02   2.5790208e-04   9.7321732e-01
   8.9573502e+02   1.4982083e+02   2.5798225e-04   9.7323654e-01
   8.9580198e+02   1.4983417e+02   2.5775745e-04   9.7325589e-01
   8.9586399e+02   1.4984750e+02   2.5835334e-04   9.7327530e-01
   8.9593003e+02   1.4986083e+02   2.5914684e-04   9.7329475e-01
   8.9599998e+02   1.4987417e+02   2.5979004e-04   9.7331419e-01
   8.9606998e+02   1.4988750e+02   2.5985218e-04   9.7333459e-01
   8.9613401e+02   1.4990083e+02   2.6035142e-04   9.7335483e-01
   8.9620103e+02   1.4991417e+02   2.6180815e-04   9.7337540e-01
   8.9626298e+02   1.4992750e+02   2.6234200e-04   9.7339618e-01
   8.9632902e+02   1.4994083e+02   2.6395115e-04   9.7341714e-01
   8.9640500e+02   1.4995417e+02   2.6461307e-04   9.7343872e-01
   8.9646702e+02   1.4996750e+02   2.6590017e-04   9.7346038e-01
   8.9653300e+02   1.4998083e+02   2.6671328e-04   9.7348313e-01
   8.9659897e+02   1.4999417e+02   2.6846167e-04   9.7350648e-01
   8.9666501e+02   1.5000750e+02   2.6976472e-04   9.7353094e-01
   8.9673899e+02   1.5002083e+02   2.7097077e-04   9.7355499e-01
   8.9680399e+02   1.5003417e+02   2.7273970e-04   9.7358019e-01
   8.9687498e+02   1.5004750e+02   2.7366810e-04   9.7360557e-01
   8.9694401e+02   1.5006083e+02   2.7464441e-04   9.7363123e-01
   8.9700498e+02   1.5007417e+02   2.7532467e-04   9.7365719e-01
   8.9707603e+02   1.5008750e+02   2.7566290e-04   9.7368345e-01
   8.9713999e+02   1.5010083e+02   2.7671452e-04   9.7370945e-01
   8.9720402e+02   1.5011417e+02   2.7709942e-04   9.7373570e-01
   8.9727799e+02   1.5012750e+02   2.7773452e-04   9.7376164e-01
   8.9734098e+02   1.5014083e+02   2.7767370e-04   9.7378673e-01
   8.9740000e+02   1.5015417e+02   2.7827979e-04   9.7381194e-01
   8.9746702e+02   1.5016750e+02   2.7948930e-04   9.7383668e-01
   8.9753300e+02   1.5018083e+02   2.7937723e-04   9.7386041e-01
   8.9760300e+02   1.5019417e+02   2.7971549e-04   9.7388362e-01
   8.9766801e+02   1.5020750e+02   2.8015401e-04   9.7390679e-01
   8.9773698e+02   1.5022083e+02   2.8080713e-04   9.7392938e-01
   8.9780198e+02   1.5023417e+02   2.8107434e-04   9.7395188e-01
   8.9786899e+02   1.5024750e+02   2.8159300e-04   9.7397478e-01
   8.9794102e+02   1.5026083e+02   2.8178554e-04   9.7399746e-01
   8.9799998e+02   1.5027417e+02   2.8209318e-04   9.7402148e-01
   8.9806199e+02   1.5028750e+02   2.8271841e-04   9.7404635e-01
   8.9812900e+02   1.5030083e+02   2.8283817e-04   9.7407105e-01
   8.9820298e+02   1.5031417e+02   2.8307652e-04   9.7409614e-01
   8.9827201e+02   1.5032750e+02   2.8319153e-04   9.7412161e-01
   8.9833597e+02   1.5034083e+02   2.8356600e-04   9.7414750e-01
   8.9840897e+02   1.5035417e+02   2.8329866e-04   9.7417332e-01
   8.9847001e+02   1.5036750e+02   2.8389799e-04   9.7419958e-01
   8.9854398e+02   1.5038083e+02   2.8409099e-04   9.7422576e-01
   8.9860502e+02   1.5039417e+02   2.8427152e-04   9.7425085e-01
   8.9868497e+02   1.5040750e+02   2.8485113e-04   9.7427473e-01
   8.9873899e+02   1.5042083e+02   2.8480826e-04   9.7429681e-01
   8.9880601e+02   1.5043417e+02   2.8555248e-04   9.7431760e-01
   8.9886997e+02   1.5044750e+02   2.8668818e-04   9.7433712e-01
   8.9893900e+02   1.5046083e+02   2.8747459e-04   9.7435531e-01
   8.9900498e+02   1.5047417e+02   2.8855284e-04   9.7437318e-01
   8.9908103e+02   1.5048750e+02   2.8867314e-04   9.7438971e-01
   8.9914298e+02   1.5050083e+02   2.8970792e-04   9.7440540e-01
   8.9920798e+02   1.5051417e+02   2.9023873e-04   9.7442021e-01
   8.9927299e+02   1.5052750e+02   2.9105441e-04   9.7443370e-01
   8.9933799e+02   1.5054083e+02   2.9176113e-04   9.7444542e-01
   8.9941398e+02   1.5055417e+02   2.9260524e-04   9.7445544e-01
   8.9948099e+02   1.5056750e+02   2.9343464e-04   9.7446486e-01
   8.9954697e+02   1.5058083e+02   2.9452128e-04   9.7447364e-01
   8.9960599e+02   1.5059417e+02   2.9530829e-04   9.7448286e-01
   8.9968101e+02   1.5060750e+02   2.9623448e-04   9.7449100e-01
   8.9973801e+02   1.5062083e+02   2.9753276e-04   9.7449861e-01
   8.9980503e+02   1.5063417e+02   2.9844285e-04   9.7450617e-01
   8.9987803e+02   1.5064750e+02   2.9928741e-04   9.7451221e-01
   8.9994199e+02   1.5066083e+02   3.0008433e-04   9.7451635e-01
   9.0001499e+02   1.5067417e+02   3.0100706e-04   9.7451918e-01
   9.0007499e+02   1.5068750e+02   3.0146861e-04   9.7452019e-01
   9.0013901e+02   1.5070083e+02   3.0205244e-04   9.7451947e-01
   9.0020402e+02   1.5071417e+02   3.0266114e-04   9.7451703e-01
   9.0027097e+02   1.5072750e+02   3.0293194e-04   9.7451343e-01
   9.0033903e+02   1.5074083e+02   3.0324419e-04   9.7450870e-01
   9.0040598e+02   1.5075417e+02   3.0345877e-04   9.7450240e-01
   9.0047098e+02   1.5076750e+02   3.0384655e-04   9.7449558e-01
   9.0054001e+02   1.5078083e+02   3.0398033e-04   9.7448776e-01
   9.0060502e+02   1.5079417e+02   3.0424822e-04   9.7447991e-01
   9.0067502e+02   1.5080750e+02   3.0432479e-04   9.7447260e-01
   9.0074601e+02   1.5082083e+02   3.0465246e-04   9.7446639e-01
   9.0080698e+02   1.5083417e+02   3.0463728e-04   9.7446186e-01
   9.0087601e+02   1.5084750e+02   3.0468059e-04   9.7445918e-01
   9.0094199e+02   1.5086083e+02   3.0461711e-04   9.7445698e-01
   9.0100797e+02   1.5087417e+02   3.0452473e-04   9.7445643e-01
   9.0107700e+02   1.5088750e+02   3.0434785e-04   9.7445713e-01
   9.0114500e+02   1.5090083e+02   3.0413127e-04   9.7445917e-01
   9.0120798e+02   1.5091417e+02   3.0377540e-04   9.7446266e-01
   9.0127299e+02   1.5092750e+02   3.0339612e-04   9.7446722e-01
   9.0134800e+02   1.5094083e+02   3.0324700e-04   9.7447285e-01
   9.0140500e+02   1.5095417e+02   3.0269999e-04   9.7447911e-01
   9.0148002e+02   1.5096750e+02   3.0232492e-04   9.7448593e-01
   9.0153800e+02   1.5098083e+02   3.0219424e-04   9.7449337e-01
   9.0161600e+02   1.5099417e+02   3.0154942e-04   9.7450137e-01
   9.0168302e+02   1.5100750e+02   3.0114079e-04   9.7450989e-01
   9.0174601e+02   1.5102083e+02   3.0070389e-04   9.7451949e-01
   9.0181199e+02   1.5103417e+02   3.0008643e-04   9.7453116e-01
   9.0187601e+02   1.5104750e+02   2.9957214e-04   9.7454388e-01
   9.0194700e+02   1.5106083e+02   2.9909086e-04   9.7455867e-01
   9.0201401e+02   1.5107417e+02   2.9856966e-04   9.7457498e-01
   9.0207999e+02   1.5108750e+02   2.9793142e-04   9.7459329e-01
   9.0215299e+02   1.5110083e+02   2.9796012e-04   9.7461309e-01
   9.0221500e+02   1.5111417e+02   2.9751895e-04   9.7463483e-01
   9.0227903e+02   1.5112750e+02   2.9718497e-04   9.7465855e-01
   9.0234397e+02   1.5114083e+02   2.9670994e-04   9.7468321e-01
   9.0241599e+02   1.5115417e+02   2.9687720e-04   9.7471034e-01
   9.0248600e+02   1.5116750e+02   2.9681307e-04   9.7473836e-01
   9.0254697e+02   1.5118083e+02   2.9680418e-04   9.7476772e-01
   9.0261899e+02   1.5119417e+02   2.9695131e-04   9.7479839e-01
   9.0268101e+02   1.5120750e+02   2.9693256e-04   9.7483079e-01
   9.0275400e+02   1.5122083e+02   2.9685844e-04   9.7486374e-01
   9.0281400e+02   1.5123417e+02   2.9672544e-04   9.7489719e-01
   9.0287900e+02   1.5124750e+02   2.9643803e-04   9.7493156e-01
   9.0294602e+02   1.5126083e+02   2.9725043e-04   9.7496574e-01
   9.0301700e+02   1.5127417e+02   2.9695290e-04   9.7499972e-01
   9.0308103e+02   1.5128750e+02   2.9678601e-04   9.7503246e-01
   9.0314402e+02   1.5130083e+02   2.9650944e-04   9.7506454e-01
   9.0321000e+02   1.5131417e+02   2.9606755e-04   9.7509498e-01
   9.0327299e+02   1.5132750e+02   2.9562647e-04   9.7512534e-01
   9.0334598e+02   1.5134083e+02   2.9524727e-04   9.7515459e-01
   9.0341501e+02   1.5135417e+02   2.9501593e-04   9.7518383e-01
   9.0347898e+02   1.5136750e+02   2.9423507e-04   9.7521206e-01
   9.0354801e+02   1.5138083e+02   2.9353915e-04   9.7524133e-01
   9.0361399e+02   1.5139417e+02   2.9311092e-04   9.7527116e-01
   9.0367502e+02   1.5140750e+02   2.9292605e-04   9.7530103e-01
   9.0374497e+02   1.5142083e+02   2.9244917e-04   9.7533191e-01
   9.0381400e+02   1.5143417e+02   2.9235093e-04   9.7536273e-01
   9.0387498e+02   1.5144750e+02   2.9208458e-04   9.7539348e-01
   9.0394102e+02   1.5146083e+02   2.9161791e-04   9.7542464e-01
   9.0400400e+02   1.5147417e+02   2.9096658e-04   9.7545620e-01
   9.0407700e+02   1.5148750e+02   2.9029698e-04   9.7548713e-01
   9.0415201e+02   1.5150083e+02   2.8952174e-04   9.7551791e-01
   9.0420499e+02   1.5151417e+02   2.8851682e-04   9.7554907e-01
   9.0427701e+02   1.5152750e+02   2.8707224e-04   9.7558012e-01
   9.0434800e+02   1.5154083e+02   2.8556567e-04   9.7561103e-01
   9.0441898e+02   1.5155417e+02   2.8376222e-04   9.7564227e-01
   9.0447898e+02   1.5156750e+02   2.8159256e-04   9.7567331e-01
   9.0454301e+02   1.5158083e+02   2.7939679e-04   9.7570358e-01
   9.0462101e+02   1.5159417e+02   2.7721810e-04   9.7573300e-01
   9.0468802e+02   1.5160750e+02   2.7466167e-04   9.7576152e-01
   9.0475498e+02   1.5162083e+02   2.7208592e-04   9.7578906e-01
   9.0481803e+02   1.5163417e+02   2.6951731e-04   9.7581657e-01
   9.0487900e+02   1.5164750e+02   2.6705214e-04   9.7584351e-01
   9.0495103e+02   1.5166083e+02   2.6478174e-04   9.7586882e-01
   9.0501603e+02   1.5167417e+02   2.6236213e-04   9.7589399e-01
   9.0508402e+02   1.5168750e+02   2.6029944e-04   9.7591845e-01
   9.0513602e+02   1.5170083e+02   2.5800129e-04   9.7594163e-01
   9.0521097e+02   1.5171417e+02   2.5574657e-04   9.7596449e-01
   9.0527598e+02   1.5172750e+02   2.5350838e-04   9.7598700e-01
   9.0535801e+02   1.5174083e+02   2.5135865e-04   9.7600762e-01
   9.0541703e+02   1.5175417e+02   2.4934551e-04   9.7602788e-01
   9.0549302e+02   1.5176750e+02   2.4747030e-04   9.7604878e-01
   9.0554502e+02   1.5178083e+02   2.4528016e-04   9.7606926e-01
   9.0561802e+02   1.5179417e+02   2.4322792e-04   9.7608928e-01
   9.0568601e+02   1.5180750e+02   2.4100308e-04   9.7610923e-01
   9.0574802e+02   1.5182083e+02   2.3896704e-04   9.7612907e-01
   9.0581803e+02   1.5183417e+02   2.3678816e-04   9.7614820e-01
   9.0589402e+02   1.5184750e+02   2.3470280e-04   9.7616703e-01
   9.0595200e+02   1.5186083e+02   2.3250164e-04   9.7618557e-01
   9.0600999e+02   1.5187417e+02   2.3034978e-04   9.7620438e-01
   9.0608201e+02   1.5188750e+02   2.2814874e-04   9.7622348e-01
   9.0615500e+02   1.5190083e+02   2.2630593e-04   9.7624236e-01
   9.0620798e+02   1.5191417e+02   2.2435918e-04   9.7625997e-01
   9.0628702e+02   1.5192750e+02   2.2218829e-04   9.7627676e-01
   9.0634501e+02   1.5194083e+02   2.1987713e-04   9.7629322e-01
   9.0641202e+02   1.5195417e+02   2.1818556e-04   9.7630883e-01
   9.0648301e+02   1.5196750e+02   2.1594820e-04   9.7632254e-01
   9.0655698e+02   1.5198083e+02   2.1396963e-04   9.7633647e-01
   9.0661301e+02   1.5199417e+02   2.1188394e-04   9.7635075e-01
   9.0668198e+02   1.5200750e+02   2.0995655e-04   9.7636497e-01
   9.0675602e+02   1.5202083e+02   2.0841976e-04   9.7637922e-01
   9.0681101e+02   1.5203417e+02   2.0548505e-04   9.7639508e-01
   9.0688602e+02   1.5204750e+02   2.0372077e-04   9.7641253e-01
   9.0695499e+02   1.5206083e+02   2.0178147e-04   9.7643102e-01
   9.0699998e+02   1.5207417e+02   1.9999429e-04   9.7645009e-01
   9.0708201e+02   1.5208750e+02   1.9870430e-04   9.7647079e-01
   9.0715098e+02   1.5210083e+02   1.9653314e-04   9.7649161e-01
   9.0721598e+02   1.5211417e+02   1.9505482e-04   9.7651311e-01
   9.0727701e+02   1.5212750e+02   1.9386478e-04   9.7653470e-01
   9.0735398e+02   1.5214083e+02   1.9165296e-04   9.7655638e-01
   9.0742002e+02   1.5215417e+02   1.9030504e-04   9.7657711e-01
   9.0748197e+02   1.5216750e+02   1.8896952e-04   9.7659738e-01
   9.0754600e+02   1.5218083e+02   1.8788313e-04   9.7661769e-01
   9.0761997e+02   1.5219417e+02   1.8651153e-04   9.7663861e-01
   9.0768802e+02   1.5220750e+02   1.8525897e-04   9.7665963e-01
   9.0774601e+02   1.5222083e+02   1.8401610e-04   9.7668078e-01
   9.0781498e+02   1.5223417e+02   1.8289680e-04   9.7670253e-01
   9.0788102e+02   1.5224750e+02   1.8188916e-04   9.7672389e-01
   9.0795200e+02   1.5226083e+02   1.8111506e-04   9.7674596e-01
   9.0802402e+02   1.5227417e+02   1.7983705e-04   9.7676770e-01
   9.0808500e+02   1.5228750e+02   1.7941082e-04   9.7679065e-01
   9.0815098e+02   1.5230083e+02   1.7878585e-04   9.7681326e-01
   9.0822001e+02   1.5231417e+02   1.7837462e-04   9.7683706e-01
   9.0828599e+02   1.5232750e+02   1.7754133e-04   9.7686098e-01
   9.0834702e+02   1.5234083e+02   1.7714322e-04   9.7688549e-01
   9.0842698e+02   1.5235417e+02   1.7710614e-04   9.7691007e-01
   9.0848698e+02   1.5236750e+02   1.7701361e-04   9.7693367e-01
   9.0855302e+02   1.5238083e+02   1.7706798e-04   9.7695729e-01
   9.0861802e+02   1.5239417e+02   1.7742470e-04   9.7698034e-01
   9.0867802e+02   1.5240750e+02   1.7783337e-04   9.7700276e-01
   9.0875901e+02   1.5242083e+02   1.7812608e-04   9.7702398e-01
   9.0882499e+02   1.5243417e+02   1.7889175e-04   9.7704446e-01
   9.0888602e+02   1.5244750e+02   1.7935531e-04   9.7706411e-01
   9.0896201e+02   1.5246083e+02   1.7989440e-04   9.7708286e-01
   9.0901603e+02   1.5247417e+02   1.8040193e-04   9.7710070e-01
   9.0909702e+02   1.5248750e+02   1.8096802e-04   9.7711751e-01
   9.0915403e+02   1.5250083e+02   1.8138917e-04   9.7713325e-01
   9.0922098e+02   1.5251417e+02   1.8196458e-04   9.7714733e-01
   9.0928702e+02   1.5252750e+02   1.8232789e-04   9.7716022e-01
   9.0935502e+02   1.5254083e+02   1.8259170e-04   9.7717128e-01
   9.0941801e+02   1.5255417e+02   1.8253842e-04   9.7718039e-01
   9.0949497e+02   1.5256750e+02   1.8244972e-04   9.7718801e-01
   9.0955802e+02   1.5258083e+02   1.8207191e-04   9.7719357e-01
   9.0961698e+02   1.5259417e+02   1.8190890e-04   9.7719754e-01
   9.0968900e+02   1.5260750e+02   1.8172901e-04   9.7720043e-01
   9.0975999e+02   1.5262083e+02   1.8142207e-04   9.7720233e-01
   9.0983103e+02   1.5263417e+02   1.8139667e-04   9.7720385e-01
   9.0988999e+02   1.5264750e+02   1.8117720e-04   9.7720514e-01
   9.0996201e+02   1.5266083e+02   1.8081060e-04   9.7720527e-01
   9.1002000e+02   1.5267417e+02   1.8043354e-04   9.7720488e-01
   9.1009299e+02   1.5268750e+02   1.7962753e-04   9.7720456e-01
   9.1015598e+02   1.5270083e+02   1.7879584e-04   9.7720393e-01
   9.1022300e+02   1.5271417e+02   1.7795050e-04   9.7720201e-01
   9.1029099e+02   1.5272750e+02   1.7657457e-04   9.7719939e-01
   9.1036002e+02   1.5274083e+02   1.7503127e-04   9.7719613e-01
   9.1041703e+02   1.5275417e+02   1.7312872e-04   9.7719124e-01
   9.1048899e+02   1.5276750e+02   1.7139512e-04   9.7718624e-01
   9.1055198e+02   1.5278083e+02   1.6931856e-04   9.7718071e-01
   9.1061802e+02   1.5279417e+02   1.6714438e-04   9.7717464e-01
   9.1068497e+02   1.5280750e+02   1.6448529e-04   9.7716808e-01
   9.1076102e+02   1.5282083e+02   1.6223467e-04   9.7716207e-01
   9.1081803e+02   1.5283417e+02   1.5998657e-04   9.7715563e-01
   9.1088499e+02   1.5284750e+02   1.5775289e-04   9.7714980e-01
   9.1094999e+02   1.5286083e+02   1.5547983e-04   9.7714408e-01
   9.1102903e+02   1.5287417e+02   1.5334975e-04   9.7713850e-01
   9.1108500e+02   1.5288750e+02   1.5130389e-04   9.7713303e-01
   9.1115299e+02   1.5290083e+02   1.4947868e-04   9.7712719e-01
   9.1122703e+02   1.5291417e+02   1.4761085e-04   9.7712154e-01
   9.1128800e+02   1.5292750e+02   1.4584229e-04   9.7711613e-01
   9.1136100e+02   1.5294083e+02   1.4417379e-04   9.7711099e-01
   9.1142698e+02   1.5295417e+02   1.4283887e-04   9.7710615e-01
   9.1149497e+02   1.5296750e+02   1.4147737e-04   9.7710111e-01
   9.1156199e+02   1.5298083e+02   1.4037042e-04   9.7709641e-01
   9.1163102e+02   1.5299417e+02   1.3929516e-04   9.7709216e-01
   9.1170200e+02   1.5300750e+02   1.3816301e-04   9.7708835e-01
   9.1176401e+02   1.5302083e+02   1.3706361e-04   9.7708453e-01
   9.1183201e+02   1.5303417e+02   1.3633212e-04   9.7708173e-01
   9.1189500e+02   1.5304750e+02   1.3578171e-04   9.7708037e-01
   9.1196702e+02   1.5306083e+02   1.3526996e-04   9.7707987e-01
   9.1202701e+02   1.5307417e+02   1.3472720e-04   9.7708078e-01
   9.1209000e+02   1.5308750e+02   1.3439026e-04   9.7708261e-01
   9.1216398e+02   1.5310083e+02   1.3418680e-04   9.7708427e-01
   9.1223002e+02   1.5311417e+02   1.3416864e-04   9.7708674e-01
   9.1229398e+02   1.5312750e+02   1.3441529e-04   9.7708901e-01
   9.1236802e+02   1.5314083e+02   1.3478649e-04   9.7709006e-01
   9.1242802e+02   1.5315417e+02   1.3520521e-04   9.7708996e-01
   9.1249497e+02   1.5316750e+02   1.3572447e-04   9.7708833e-01
   9.1255802e+02   1.5318083e+02   1.3648299e-04   9.7708526e-01
   9.1262198e+02   1.5319417e+02   1.3766206e-04   9.7708189e-01
   9.1270200e+02   1.5320750e+02   1.3864954e-04   9.7707782e-01
   9.1276902e+02   1.5322083e+02   1.4015467e-04   9.7707314e-01
   9.1282700e+02   1.5323417e+02   1.4132069e-04   9.7706842e-01
   9.1289701e+02   1.5324750e+02   1.4306168e-04   9.7706330e-01
   9.1296299e+02   1.5326083e+02   1.4476871e-04   9.7705837e-01
   9.1302903e+02   1.5327417e+02   1.4642455e-04   9.7705415e-01
   9.1309501e+02   1.5328750e+02   1.4797184e-04   9.7705118e-01
   9.1316001e+02   1.5330083e+02   1.4974045e-04   9.7704902e-01
   9.1322800e+02   1.5331417e+02   1.5157330e-04   9.7704822e-01
   9.1329398e+02   1.5332750e+02   1.5321680e-04   9.7704836e-01
   9.1335898e+02   1.5334083e+02   1.5501074e-04   9.7704904e-01
   9.1343198e+02   1.5335417e+02   1.5646120e-04   9.7705089e-01
   9.1349900e+02   1.5336750e+02   1.5808882e-04   9.7705241e-01
   9.1356199e+02   1.5338083e+02   1.5982861e-04   9.7705310e-01
   9.1363901e+02   1.5339417e+02   1.6146583e-04   9.7705347e-01
   9.1369999e+02   1.5340750e+02   1.6326302e-04   9.7705411e-01
   9.1375999e+02   1.5342083e+02   1.6527287e-04   9.7705502e-01
   9.1383500e+02   1.5343417e+02   1.6700519e-04   9.7705672e-01
   9.1389103e+02   1.5344750e+02   1.6879315e-04   9.7705924e-01
   9.1396000e+02   1.5346083e+02   1.7084880e-04   9.7706205e-01
   9.1402402e+02   1.5347417e+02   1.7277734e-04   9.7706613e-01
   9.1409702e+02   1.5348750e+02   1.7481881e-04   9.7707202e-01
   9.1416398e+02   1.5350083e+02   1.7653831e-04   9.7707918e-01
   9.1422898e+02   1.5351417e+02   1.7817618e-04   9.7708758e-01
   9.1429398e+02   1.5352750e+02   1.8071236e-04   9.7709719e-01
   9.1436600e+02   1.5354083e+02   1.8243324e-04   9.7710797e-01
   9.1443497e+02   1.5355417e+02   1.8416258e-04   9.7711991e-01
   9.1449900e+02   1.5356750e+02   1.8582515e-04   9.7713193e-01
   9.1456199e+02   1.5358083e+02   1.8786377e-04   9.7714559e-01
   9.1462601e+02   1.5359417e+02   1.8967541e-04   9.7715987e-01
   9.1469303e+02   1.5360750e+02   1.9097556e-04   9.7717527e-01
   9.1476200e+02   1.5362083e+02   1.9247533e-04   9.7719121e-01
   9.1483201e+02   1.5363417e+02   1.9387597e-04   9.7720768e-01
   9.1489298e+02   1.5364750e+02   1.9532493e-04   9.7722462e-01
   9.1496299e+02   1.5366083e+02   1.9685225e-04   9.7724098e-01
   9.1503397e+02   1.5367417e+02   1.9786597e-04   9.7725773e-01
   9.1509897e+02   1.5368750e+02   1.9903338e-04   9.7727486e-01
   9.1516099e+02   1.5370083e+02   2.0002524e-04   9.7729238e-01
   9.1523197e+02   1.5371417e+02   2.0137045e-04   9.7731028e-01
   9.1529502e+02   1.5372750e+02   2.0161616e-04   9.7732708e-01
   9.1536503e+02   1.5374083e+02   2.0236173e-04   9.7734434e-01
   9.1542502e+02   1.5375417e+02   2.0240947e-04   9.7736157e-01
   9.1549497e+02   1.5376750e+02   2.0298520e-04   9.7737932e-01
   9.1555997e+02   1.5378083e+02   2.0304490e-04   9.7739703e-01
   9.1562900e+02   1.5379417e+02   2.0341150e-04   9.7741520e-01
   9.1569303e+02   1.5380750e+02   2.0334491e-04   9.7743382e-01
   9.1575999e+02   1.5382083e+02   2.0309159e-04   9.7745233e-01
   9.1583103e+02   1.5383417e+02   2.0304049e-04   9.7747172e-01
   9.1588999e+02   1.5384750e+02   2.0249301e-04   9.7749096e-01
   9.1595603e+02   1.5386083e+02   2.0192098e-04   9.7751106e-01
   9.1602000e+02   1.5387417e+02   2.0174318e-04   9.7753044e-01
   9.1610099e+02   1.5388750e+02   2.0144103e-04   9.7755061e-01
   9.1616898e+02   1.5390083e+02   2.0119260e-04   9.7757102e-01
   9.1623197e+02   1.5391417e+02   2.0011689e-04   9.7759262e-01
   9.1628501e+02   1.5392750e+02   1.9987384e-04   9.7761433e-01
   9.1636802e+02   1.5394083e+02   1.9916431e-04   9.7763710e-01
   9.1643601e+02   1.5395417e+02   1.9840091e-04   9.7766137e-01
   9.1650101e+02   1.5396750e+02   1.9753587e-04   9.7768604e-01
   9.1656498e+02   1.5398083e+02   1.9632809e-04   9.7771209e-01
   9.1663297e+02   1.5399417e+02   1.9510664e-04   9.7773897e-01
   9.1671500e+02   1.5400750e+02   1.9440869e-04   9.7776717e-01
   9.1676298e+02   1.5402083e+02   1.9303161e-04   9.7779559e-01
   9.1682999e+02   1.5403417e+02   1.9178039e-04   9.7782474e-01
   9.1689597e+02   1.5404750e+02   1.9118678e-04   9.7785460e-01
   9.1696403e+02   1.5406083e+02   1.8999564e-04   9.7788518e-01
   9.1703898e+02   1.5407417e+02   1.8904139e-04   9.7791648e-01
   9.1709598e+02   1.5408750e+02   1.8891795e-04   9.7794802e-01
   9.1716398e+02   1.5410083e+02   1.8845171e-04   9.7797977e-01
   9.1723899e+02   1.5411417e+02   1.8748738e-04   9.7801177e-01
   9.1729301e+02   1.5412750e+02   1.8747484e-04   9.7804350e-01
   9.1736002e+02   1.5414083e+02   1.8746580e-04   9.7807552e-01
   9.1742100e+02   1.5415417e+02   1.8738760e-04   9.7810726e-01
   9.1749601e+02   1.5416750e+02   1.8744961e-04   9.7813923e-01
   9.1755997e+02   1.5418083e+02   1.8815374e-04   9.7817039e-01
   9.1762998e+02   1.5419417e+02   1.8854473e-04   9.7820170e-01
   9.1769401e+02   1.5420750e+02   1.8884336e-04   9.7823264e-01
   9.1776200e+02   1.5422083e+02   1.8963826e-04   9.7826264e-01
   9.1782902e+02   1.5423417e+02   1.9054581e-04   9.7829274e-01
   9.1790403e+02   1.5424750e+02   1.9127981e-04   9.7832341e-01
   9.1796500e+02   1.5426083e+02   1.9227781e-04   9.7835357e-01
   9.1803397e+02   1.5427417e+02   1.9364243e-04   9.7838321e-01
   9.1809598e+02   1.5428750e+02   1.9448498e-04   9.7841281e-01
   9.1816599e+02   1.5430083e+02   1.9595320e-04   9.7844183e-01
   9.1822599e+02   1.5431417e+02   1.9723428e-04   9.7847073e-01
   9.1829301e+02   1.5432750e+02   1.9837770e-04   9.7850001e-01
   9.1836100e+02   1.5434083e+02   2.0010937e-04   9.7852808e-01
   9.1843497e+02   1.5435417e+02   2.0185156e-04   9.7855645e-01
   9.1849497e+02   1.5436750e+02   2.0313709e-04   9.7858306e-01
   9.1856998e+02   1.5438083e+02   2.0566309e-04   9.7860680e-01
   9.1863102e+02   1.5439417e+02   2.0774242e-04   9.7862960e-01
   9.1870402e+02   1.5440750e+02   2.0985032e-04   9.7865087e-01
   9.1876798e+02   1.5442083e+02   2.1250853e-04   9.7867100e-01
   9.1883298e+02   1.5443417e+02   2.1418742e-04   9.7868939e-01
   9.1889500e+02   1.5444750e+02   2.1687686e-04   9.7870598e-01
   9.1896201e+02   1.5446083e+02   2.1966081e-04   9.7872171e-01
   9.1902598e+02   1.5447417e+02   2.2212353e-04   9.7873658e-01
   9.1909598e+02   1.5448750e+02   2.2539607e-04   9.7875115e-01
   9.1916801e+02   1.5450083e+02   2.2813882e-04   9.7876655e-01
   9.1923398e+02   1.5451417e+02   2.3130036e-04   9.7878182e-01
   9.1930399e+02   1.5452750e+02   2.3424045e-04   9.7879799e-01
   9.1936600e+02   1.5454083e+02   2.3717949e-04   9.7881459e-01
   9.1944199e+02   1.5455417e+02   2.4026552e-04   9.7883163e-01
   9.1949900e+02   1.5456750e+02   2.4292288e-04   9.7884814e-01
   9.1957102e+02   1.5458083e+02   2.4545678e-04   9.7886524e-01
   9.1963297e+02   1.5459417e+02   2.4816304e-04   9.7888151e-01
   9.1969797e+02   1.5460750e+02   2.5078705e-04   9.7889696e-01
   9.1977000e+02   1.5462083e+02   2.5331198e-04   9.7891159e-01
   9.1983597e+02   1.5463417e+02   2.5568986e-04   9.7892592e-01
   9.1990201e+02   1.5464750e+02   2.5817496e-04   9.7893992e-01
   9.1997397e+02   1.5466083e+02   2.6056015e-04   9.7895359e-01
   9.2003501e+02   1.5467417e+02   2.6294110e-04   9.7896849e-01
   9.2009897e+02   1.5468750e+02   2.6511265e-04   9.7898261e-01
   9.2017899e+02   1.5470083e+02   2.6731844e-04   9.7899755e-01
   9.2024198e+02   1.5471417e+02   2.6943201e-04   9.7901384e-01
   9.2030601e+02   1.5472750e+02   2.7153254e-04   9.7903097e-01
   9.2036301e+02   1.5474083e+02   2.7351313e-04   9.7904902e-01
   9.2043900e+02   1.5475417e+02   2.7537850e-04   9.7906794e-01
   9.2050699e+02   1.5476750e+02   2.7709449e-04   9.7908816e-01
   9.2057700e+02   1.5478083e+02   2.7878611e-04   9.7910912e-01
   9.2063499e+02   1.5479417e+02   2.8035183e-04   9.7913123e-01
   9.2070701e+02   1.5480750e+02   2.8180669e-04   9.7915338e-01
   9.2077701e+02   1.5482083e+02   2.8318002e-04   9.7917547e-01
   9.2084598e+02   1.5483417e+02   2.8448685e-04   9.7919741e-01
   9.2090702e+02   1.5484750e+02   2.8556575e-04   9.7921910e-01
   9.2097397e+02   1.5486083e+02   2.8662631e-04   9.7924094e-01
   9.2103898e+02   1.5487417e+02   2.8765634e-04   9.7926229e-01
   9.2110898e+02   1.5488750e+02   2.8857069e-04   9.7928309e-01
   9.2117502e+02   1.5490083e+02   2.8931516e-04   9.7930426e-01
   9.2123698e+02   1.5491417e+02   2.8991416e-04   9.7932422e-01
   9.2130002e+02   1.5492750e+02   2.9060972e-04   9.7934397e-01
   9.2137302e+02   1.5494083e+02   2.9101305e-04   9.7936196e-01
   9.2143400e+02   1.5495417e+02   2.9152854e-04   9.7937917e-01
   9.2151102e+02   1.5496750e+02   2.9190965e-04   9.7939511e-01
   9.2157200e+02   1.5498083e+02   2.9223266e-04   9.7940931e-01
   9.2163798e+02   1.5499417e+02   2.9244319e-04   9.7942336e-01
   9.2169498e+02   1.5500750e+02   2.9267271e-04   9.7943623e-01
   9.2176603e+02   1.5502083e+02   2.9292695e-04   9.7944845e-01
   9.2184098e+02   1.5503417e+02   2.9299209e-04   9.7946004e-01
   9.2190500e+02   1.5504750e+02   2.9321225e-04   9.7947055e-01
   9.2196799e+02   1.5506083e+02   2.9342789e-04   9.7948162e-01
   9.2203202e+02   1.5507417e+02   2.9366260e-04   9.7949229e-01
   9.2209501e+02   1.5508750e+02   2.9411268e-04   9.7950314e-01
   9.2217502e+02   1.5510083e+02   2.9458652e-04   9.7951321e-01
   9.2224003e+02   1.5511417e+02   2.9501400e-04   9.7952307e-01
   9.2230900e+02   1.5512750e+02   2.9555712e-04   9.7953323e-01
   9.2237302e+02   1.5514083e+02   2.9604881e-04   9.7954272e-01
   9.2243998e+02   1.5515417e+02   2.9645562e-04   9.7955113e-01
   9.2250797e+02   1.5516750e+02   2.9674171e-04   9.7955806e-01
   9.2257798e+02   1.5518083e+02   2.9692844e-04   9.7956516e-01
   9.2264597e+02   1.5519417e+02   2.9691044e-04   9.7957099e-01
   9.2271598e+02   1.5520750e+02   2.9688251e-04   9.7957672e-01
   9.2277402e+02   1.5522083e+02   2.9690169e-04   9.7958145e-01
   9.2283701e+02   1.5523417e+02   2.9693487e-04   9.7958627e-01
   9.2290299e+02   1.5524750e+02   2.9686212e-04   9.7959017e-01
   9.2297800e+02   1.5526083e+02   2.9675495e-04   9.7959421e-01
   9.2304600e+02   1.5527417e+02   2.9672370e-04   9.7959738e-01
   9.2310599e+02   1.5528750e+02   2.9652329e-04   9.7959965e-01
   9.2318003e+02   1.5530083e+02   2.9628370e-04   9.7960152e-01
   9.2323801e+02   1.5531417e+02   2.9606770e-04   9.7960248e-01
   9.2330601e+02   1.5532750e+02   2.9571041e-04   9.7960304e-01
   9.2337803e+02   1.5534083e+02   2.9542515e-04   9.7960267e-01
   9.2344401e+02   1.5535417e+02   2.9525755e-04   9.7960139e-01
   9.2350901e+02   1.5536750e+02   2.9494551e-04   9.7959975e-01
   9.2357401e+02   1.5538083e+02   2.9457913e-04   9.7959825e-01
   9.2364200e+02   1.5539417e+02   2.9394236e-04   9.7959635e-01
   9.2371201e+02   1.5540750e+02   2.9330798e-04   9.7959408e-01
   9.2377598e+02   1.5542083e+02   2.9273045e-04   9.7959246e-01
   9.2383799e+02   1.5543417e+02   2.9206917e-04   9.7959049e-01
   9.2390500e+02   1.5544750e+02   2.9132546e-04   9.7958871e-01
   9.2396598e+02   1.5546083e+02   2.9023594e-04   9.7958672e-01
   9.2403300e+02   1.5547417e+02   2.8902613e-04   9.7958510e-01
   9.2410502e+02   1.5548750e+02   2.8761649e-04   9.7958241e-01
   9.2417899e+02   1.5550083e+02   2.8614442e-04   9.7957977e-01
   9.2423698e+02   1.5551417e+02   2.8449042e-04   9.7957778e-01
   9.2430503e+02   1.5552750e+02   2.8267701e-04   9.7957594e-01
   9.2437198e+02   1.5554083e+02   2.8079180e-04   9.7957433e-01
   9.2443699e+02   1.5555417e+02   2.7870369e-04   9.7957400e-01
   9.2450602e+02   1.5556750e+02   2.7664091e-04   9.7957401e-01
   9.2457999e+02   1.5558083e+02   2.7445678e-04   9.7957431e-01
   9.2463401e+02   1.5559417e+02   2.7236684e-04   9.7957494e-01
   9.2470603e+02   1.5560750e+02   2.7019155e-04   9.7957649e-01
   9.2477402e+02   1.5562083e+02   2.6801460e-04   9.7957847e-01
   9.2483597e+02   1.5563417e+02   2.6574742e-04   9.7958140e-01
   9.2490800e+02   1.5564750e+02   2.6344081e-04   9.7958433e-01
   9.2497098e+02   1.5566083e+02   2.6138118e-04   9.7958777e-01
   9.2504398e+02   1.5567417e+02   2.5911228e-04   9.7959227e-01
   9.2510801e+02   1.5568750e+02   2.5665608e-04   9.7959685e-01
   9.2518198e+02   1.5570083e+02   2.5450645e-04   9.7960361e-01
   9.2522800e+02   1.5571417e+02   2.5237278e-04   9.7961165e-01
   9.2530198e+02   1.5572750e+02   2.4994686e-04   9.7962048e-01
   9.2536899e+02   1.5574083e+02   2.4748419e-04   9.7963162e-01
   9.2544498e+02   1.5575417e+02   2.4498045e-04   9.7964350e-01
   9.2551499e+02   1.5576750e+02   2.4251580e-04   9.7965714e-01
   9.2557603e+02   1.5578083e+02   2.3985383e-04   9.7967303e-01
   9.2564902e+02   1.5579417e+02   2.3703866e-04   9.7969007e-01
   9.2571201e+02   1.5580750e+02   2.3401998e-04   9.7970877e-01
   9.2578202e+02   1.5582083e+02   2.3089865e-04   9.7972913e-01
   9.2584299e+02   1.5583417e+02   2.2761342e-04   9.7975060e-01
   9.2591099e+02   1.5584750e+02   2.2395146e-04   9.7977367e-01
   9.2598002e+02   1.5586083e+02   2.2097460e-04   9.7979726e-01
   9.2604301e+02   1.5587417e+02   2.1711507e-04   9.7982133e-01
   9.2612101e+02   1.5588750e+02   2.1368784e-04   9.7984635e-01
   9.2617399e+02   1.5590083e+02   2.0959319e-04   9.7987236e-01
   9.2624100e+02   1.5591417e+02   2.0619227e-04   9.7989987e-01
   9.2631498e+02   1.5592750e+02   2.0264516e-04   9.7992897e-01
   9.2637803e+02   1.5594083e+02   1.9967698e-04   9.7995968e-01
   9.2644602e+02   1.5595417e+02   1.9594630e-04   9.7999153e-01
   9.2651200e+02   1.5596750e+02   1.9199366e-04   9.8002505e-01
   9.2657902e+02   1.5598083e+02   1.8920138e-04   9.8005970e-01
   9.2665098e+02   1.5599417e+02   1.8596747e-04   9.8009503e-01
   9.2671097e+02   1.5600750e+02   1.8311222e-04   9.8013051e-01
   9.2677598e+02   1.5602083e+02   1.8009773e-04   9.8016727e-01
   9.2684501e+02   1.5603417e+02   1.7797271e-04   9.8020484e-01
   9.2690800e+02   1.5604750e+02   1.7535080e-04   9.8024411e-01
   9.2697300e+02   1.5606083e+02   1.7326365e-04   9.8028494e-01
   9.2704001e+02   1.5607417e+02   1.7074177e-04   9.8032771e-01
   9.2711802e+02   1.5608750e+02   1.6881827e-04   9.8037077e-01
   9.2717600e+02   1.5610083e+02   1.6766601e-04   9.8041250e-01
   9.2724698e+02   1.5611417e+02   1.6598497e-04   9.8045342e-01
   9.2731101e+02   1.5612750e+02   1.6475212e-04   9.8049295e-01
   9.2737900e+02   1.5614083e+02   1.6396189e-04   9.8053207e-01
   9.2744303e+02   1.5615417e+02   1.6309487e-04   9.8057024e-01
   9.2751902e+02   1.5616750e+02   1.6240498e-04   9.8060793e-01
   9.2758402e+02   1.5618083e+02   1.6189239e-04   9.8064458e-01
   9.2764799e+02   1.5619417e+02   1.6144462e-04   9.8068058e-01
   9.2771799e+02   1.5620750e+02   1.6094424e-04   9.8071584e-01
   9.2778202e+02   1.5622083e+02   1.6078398e-04   9.8075123e-01
   9.2784397e+02   1.5623417e+02   1.6053877e-04   9.8078555e-01
   9.2791099e+02   1.5624750e+02   1.6046781e-04   9.8082067e-01
   9.2798698e+02   1.5626083e+02   1.6051869e-04   9.8085492e-01
   9.2805002e+02   1.5627417e+02   1.6125158e-04   9.8089022e-01
   9.2811600e+02   1.5628750e+02   1.6163176e-04   9.8092487e-01
   9.2818101e+02   1.5630083e+02   1.6250897e-04   9.8096027e-01
   9.2824198e+02   1.5631417e+02   1.6328566e-04   9.8099631e-01
   9.2831302e+02   1.5632750e+02   1.6441676e-04   9.8103232e-01
   9.2837601e+02   1.5634083e+02   1.6566984e-04   9.8106766e-01
   9.2843699e+02   1.5635417e+02   1.6678485e-04   9.8110268e-01
   9.2851700e+02   1.5636750e+02   1.6809597e-04   9.8113675e-01
   9.2858500e+02   1.5638083e+02   1.6970839e-04   9.8117031e-01
   9.2865000e+02   1.5639417e+02   1.7089247e-04   9.8120275e-01
   9.2872300e+02   1.5640750e+02   1.7235088e-04   9.8123349e-01
   9.2877903e+02   1.5642083e+02   1.7360181e-04   9.8126246e-01
   9.2885203e+02   1.5643417e+02   1.7496339e-04   9.8128968e-01
   9.2892002e+02   1.5644750e+02   1.7630707e-04   9.8131513e-01
   9.2898099e+02   1.5646083e+02   1.7771440e-04   9.8133773e-01
   9.2904899e+02   1.5647417e+02   1.7910781e-04   9.8135803e-01
   9.2911600e+02   1.5648750e+02   1.8057140e-04   9.8137715e-01
   9.2918198e+02   1.5650083e+02   1.8204371e-04   9.8139520e-01
   9.2924698e+02   1.5651417e+02   1.8360427e-04   9.8141173e-01
   9.2931199e+02   1.5652750e+02   1.8536591e-04   9.8142732e-01
   9.2939597e+02   1.5654083e+02   1.8717005e-04   9.8144207e-01
   9.2945402e+02   1.5655417e+02   1.8912936e-04   9.8145609e-01
   9.2951298e+02   1.5656750e+02   1.9069001e-04   9.8146891e-01
   9.2958298e+02   1.5658083e+02   1.9250209e-04   9.8148060e-01
   9.2965098e+02   1.5659417e+02   1.9397144e-04   9.8149120e-01
   9.2971897e+02   1.5660750e+02   1.9553851e-04   9.8150075e-01
   9.2978000e+02   1.5662083e+02   1.9690884e-04   9.8150979e-01
   9.2985203e+02   1.5663417e+02   1.9805474e-04   9.8151783e-01
   9.2991398e+02   1.5664750e+02   1.9927599e-04   9.8152540e-01
   9.2999100e+02   1.5666083e+02   2.0044296e-04   9.8153251e-01
   9.3004899e+02   1.5667417e+02   2.0143395e-04   9.8153914e-01
   9.3011698e+02   1.5668750e+02   2.0251579e-04   9.8154586e-01
   9.3018003e+02   1.5670083e+02   2.0336137e-04   9.8155216e-01
   9.3025498e+02   1.5671417e+02   2.0390505e-04   9.8155751e-01
   9.3032297e+02   1.5672750e+02   2.0472033e-04   9.8156240e-01
   9.3038401e+02   1.5674083e+02   2.0550230e-04   9.8156683e-01
   9.3045499e+02   1.5675417e+02   2.0634916e-04   9.8157028e-01
   9.3051798e+02   1.5676750e+02   2.0680740e-04   9.8157371e-01
   9.3058201e+02   1.5678083e+02   2.0748786e-04   9.8157661e-01
   9.3064402e+02   1.5679417e+02   2.0777700e-04   9.8157954e-01
   9.3071598e+02   1.5680750e+02   2.0867189e-04   9.8158248e-01
   9.3077799e+02   1.5682083e+02   2.0899990e-04   9.8158603e-01
   9.3084897e+02   1.5683417e+02   2.0947129e-04   9.8158976e-01
   9.3090800e+02   1.5684750e+02   2.0965198e-04   9.8159365e-01
   9.3098099e+02   1.5686083e+02   2.1023987e-04   9.8159768e-01
   9.3104502e+02   1.5687417e+02   2.1060141e-04   9.8160285e-01
   9.3111698e+02   1.5688750e+02   2.1077171e-04   9.8160804e-01
   9.3118003e+02   1.5690083e+02   2.1098045e-04   9.8161422e-01
   9.3125602e+02   1.5691417e+02   2.1105996e-04   9.8161980e-01
   9.3131803e+02   1.5692750e+02   2.1072183e-04   9.8162628e-01
   9.3139200e+02   1.5694083e+02   2.1055888e-04   9.8163263e-01
   9.3145701e+02   1.5695417e+02   2.1004917e-04   9.8163883e-01
   9.3152299e+02   1.5696750e+02   2.0955841e-04   9.8164487e-01
   9.3158500e+02   1.5698083e+02   2.0857478e-04   9.8165130e-01
   9.3165201e+02   1.5699417e+02   2.0769726e-04   9.8165761e-01
   9.3172098e+02   1.5700750e+02   2.0632618e-04   9.8166334e-01
   9.3178397e+02   1.5702083e+02   2.0538773e-04   9.8166955e-01
   9.3185398e+02   1.5703417e+02   2.0379240e-04   9.8167472e-01
   9.3191898e+02   1.5704750e+02   2.0194478e-04   9.8167995e-01
   9.3198099e+02   1.5706083e+02   1.9985598e-04   9.8168480e-01
   9.3204801e+02   1.5707417e+02   1.9831208e-04   9.8168774e-01
   9.3211399e+02   1.5708750e+02   1.9617212e-04   9.8169037e-01
   9.3217698e+02   1.5710083e+02   1.9435586e-04   9.8169218e-01
   9.3224302e+02   1.5711417e+02   1.9249216e-04   9.8169264e-01
   9.3231101e+02   1.5712750e+02   1.9049364e-04   9.8169271e-01
   9.3238199e+02   1.5714083e+02   1.8875962e-04   9.8169139e-01
   9.3244602e+02   1.5715417e+02   1.8698235e-04   9.8168970e-01
   9.3251200e+02   1.5716750e+02   1.8493898e-04   9.8168663e-01
   9.3258298e+02   1.5718083e+02   1.8292694e-04   9.8168320e-01
   9.3265201e+02   1.5719417e+02   1.8110373e-04   9.8167840e-01
   9.3272397e+02   1.5720750e+02   1.7882354e-04   9.8167139e-01
   9.3278800e+02   1.5722083e+02   1.7730876e-04   9.8166237e-01
   9.3285502e+02   1.5723417e+02   1.7546498e-04   9.8165204e-01
   9.3292600e+02   1.5724750e+02   1.7413613e-04   9.8164051e-01
   9.3298301e+02   1.5726083e+02   1.7263789e-04   9.8162893e-01
   9.3305198e+02   1.5727417e+02   1.7073701e-04   9.8161634e-01
   9.3311899e+02   1.5728750e+02   1.6918816e-04   9.8160436e-01
   9.3318497e+02   1.5730083e+02   1.6815400e-04   9.8159152e-01
   9.3326102e+02   1.5731417e+02   1.6615921e-04   9.8157887e-01
   9.3332902e+02   1.5732750e+02   1.6513337e-04   9.8156606e-01
   9.3338999e+02   1.5734083e+02   1.6376532e-04   9.8155231e-01
   9.3345603e+02   1.5735417e+02   1.6240027e-04   9.8153889e-01
   9.3351798e+02   1.5736750e+02   1.6129575e-04   9.8152549e-01
   9.3359397e+02   1.5738083e+02   1.5978652e-04   9.8151066e-01
   9.3366202e+02   1.5739417e+02   1.5879983e-04   9.8149543e-01
   9.3372599e+02   1.5740750e+02   1.5769848e-04   9.8147930e-01
   9.3378898e+02   1.5742083e+02   1.5610347e-04   9.8146333e-01
   9.3384897e+02   1.5743417e+02   1.5499296e-04   9.8144822e-01
   9.3392399e+02   1.5744750e+02   1.5373858e-04   9.8143465e-01
   9.3398698e+02   1.5746083e+02   1.5215998e-04   9.8142329e-01
   9.3405802e+02   1.5747417e+02   1.5106498e-04   9.8141371e-01
   9.3411698e+02   1.5748750e+02   1.4937293e-04   9.8140653e-01
   9.3418802e+02   1.5750083e+02   1.4834161e-04   9.8140132e-01
   9.3425699e+02   1.5751417e+02   1.4759569e-04   9.8139918e-01
   9.3432603e+02   1.5752750e+02   1.4683329e-04   9.8139860e-01
   9.3438798e+02   1.5754083e+02   1.4600949e-04   9.8140017e-01
   9.3446299e+02   1.5755417e+02   1.4515542e-04   9.8140285e-01
   9.3452598e+02   1.5756750e+02   1.4473405e-04   9.8140716e-01
   9.3459202e+02   1.5758083e+02   1.4439942e-04   9.8141202e-01
   9.3465598e+02   1.5759417e+02   1.4409687e-04   9.8141796e-01
   9.3472300e+02   1.5760750e+02   1.4379201e-04   9.8142443e-01
   9.3478898e+02   1.5762083e+02   1.4373107e-04   9.8143188e-01
   9.3485300e+02   1.5763417e+02   1.4348541e-04   9.8143971e-01
   9.3492002e+02   1.5764750e+02   1.4370605e-04   9.8144736e-01
   9.3499198e+02   1.5766083e+02   1.4405411e-04   9.8145525e-01
   9.3505002e+02   1.5767417e+02   1.4416116e-04   9.8146382e-01
   9.3512699e+02   1.5768750e+02   1.4438853e-04   9.8147247e-01
   9.3519901e+02   1.5770083e+02   1.4480563e-04   9.8148163e-01
   9.3526102e+02   1.5771417e+02   1.4520700e-04   9.8149125e-01
   9.3532297e+02   1.5772750e+02   1.4587683e-04   9.8150222e-01
   9.3539402e+02   1.5774083e+02   1.4645945e-04   9.8151397e-01
   9.3545902e+02   1.5775417e+02   1.4716657e-04   9.8152695e-01
   9.3553000e+02   1.5776750e+02   1.4769645e-04   9.8154167e-01
   9.3559299e+02   1.5778083e+02   1.4826828e-04   9.8155804e-01
   9.3565702e+02   1.5779417e+02   1.4945169e-04   9.8157696e-01
   9.3572098e+02   1.5780750e+02   1.5034112e-04   9.8159937e-01
   9.3578800e+02   1.5782083e+02   1.5150789e-04   9.8162460e-01
   9.3584897e+02   1.5783417e+02   1.5282847e-04   9.8165251e-01
   9.3592698e+02   1.5784750e+02   1.5437898e-04   9.8168247e-01
   9.3598398e+02   1.5786083e+02   1.5599707e-04   9.8171391e-01
   9.3605399e+02   1.5787417e+02   1.5725784e-04   9.8174726e-01
   9.3611503e+02   1.5788750e+02   1.5924876e-04   9.8178197e-01
   9.3618900e+02   1.5790083e+02   1.6071219e-04   9.8181848e-01
   9.3625400e+02   1.5791417e+02   1.6327237e-04   9.8185621e-01
   9.3632499e+02   1.5792750e+02   1.6561189e-04   9.8189516e-01
   9.3639402e+02   1.5794083e+02   1.6795629e-04   9.8193528e-01
   9.3644999e+02   1.5795417e+02   1.7065740e-04   9.8197600e-01
   9.3652799e+02   1.5796750e+02   1.7347878e-04   9.8201780e-01
   9.3659098e+02   1.5798083e+02   1.7659829e-04   9.8206010e-01
   9.3666099e+02   1.5799417e+02   1.7985933e-04   9.8210236e-01
   9.3673197e+02   1.5800750e+02   1.8298375e-04   9.8214503e-01
   9.3679301e+02   1.5802083e+02   1.8670650e-04   9.8218756e-01
   9.3685697e+02   1.5803417e+02   1.9043426e-04   9.8222993e-01
   9.3692802e+02   1.5804750e+02   1.9406244e-04   9.8227212e-01
   9.3698801e+02   1.5806083e+02   1.9818052e-04   9.8231410e-01
   9.3705900e+02   1.5807417e+02   2.0237771e-04   9.8235443e-01
   9.3712699e+02   1.5808750e+02   2.0674332e-04   9.8239324e-01
   9.3718802e+02   1.5810083e+02   2.1075868e-04   9.8243057e-01
   9.3726102e+02   1.5811417e+02   2.1574760e-04   9.8246700e-01
   9.3732102e+02   1.5812750e+02   2.2009711e-04   9.8250260e-01
   9.3738798e+02   1.5814083e+02   2.2468817e-04   9.8253737e-01
   9.3745103e+02   1.5815417e+02   2.2914809e-04   9.8257182e-01
   9.3753000e+02   1.5816750e+02   2.3376374e-04   9.8260596e-01
   9.3759702e+02   1.5818083e+02   2.3788669e-04   9.8263926e-01
   9.3766398e+02   1.5819417e+02   2.4239338e-04   9.8267167e-01
   9.3773002e+02   1.5820750e+02   2.4689923e-04   9.8270261e-01
   9.3779398e+02   1.5822083e+02   2.5110197e-04   9.8273198e-01
   9.3785697e+02   1.5823417e+02   2.5557382e-04   9.8276015e-01
   9.3792502e+02   1.5824750e+02   2.6011813e-04   9.8278705e-01
   9.3799497e+02   1.5826083e+02   2.6452907e-04   9.8281206e-01
   9.3805900e+02   1.5827417e+02   2.6853899e-04   9.8283612e-01
   9.3812601e+02   1.5828750e+02   2.7312965e-04   9.8285863e-01
   9.3819498e+02   1.5830083e+02   2.7757092e-04   9.8287954e-01
   9.3825699e+02   1.5831417e+02   2.8209321e-04   9.8289878e-01
   9.3832700e+02   1.5832750e+02   2.8681305e-04   9.8291630e-01
   9.3839103e+02   1.5834083e+02   2.9114093e-04   9.8293305e-01
   9.3846598e+02   1.5835417e+02   2.9572834e-04   9.8294794e-01
   9.3853202e+02   1.5836750e+02   3.0033174e-04   9.8296145e-01
   9.3860203e+02   1.5838083e+02   3.0425123e-04   9.8297310e-01
   9.3866202e+02   1.5839417e+02   3.0843306e-04   9.8298338e-01
   9.3873398e+02   1.5840750e+02   3.1261576e-04   9.8299284e-01
   9.3879502e+02   1.5842083e+02   3.1635011e-04   9.8300095e-01
   9.3886002e+02   1.5843417e+02   3.2054797e-04   9.8300770e-01
   9.3892698e+02   1.5844750e+02   3.2388855e-04   9.8301257e-01
   9.3899198e+02   1.5846083e+02   3.2707450e-04   9.8301505e-01
   9.3906498e+02   1.5847417e+02   3.3030049e-04   9.8301622e-01
   9.3913297e+02   1.5848750e+02   3.3315794e-04   9.8301504e-01
   9.3919797e+02   1.5850083e+02   3.3597826e-04   9.8301259e-01
   9.3926700e+02   1.5851417e+02   3.3872918e-04   9.8300783e-01
   9.3933597e+02   1.5852750e+02   3.4127747e-04   9.8300184e-01
   9.3939200e+02   1.5854083e+02   3.4380695e-04   9.8299680e-01
   9.3946403e+02   1.5855417e+02   3.4588429e-04   9.8299234e-01
   9.3952500e+02   1.5856750e+02   3.4820041e-04   9.8298906e-01
   9.3959397e+02   1.5858083e+02   3.5029824e-04   9.8298601e-01
   9.3965598e+02   1.5859417e+02   3.5216496e-04   9.8298319e-01
   9.3972300e+02   1.5860750e+02   3.5376308e-04   9.8298065e-01
   9.3980198e+02   1.5862083e+02   3.5532582e-04   9.8297784e-01
   9.3985898e+02   1.5863417e+02   3.5697027e-04   9.8297532e-01
   9.3992899e+02   1.5864750e+02   3.5848654e-04   9.8297205e-01
   9.3998600e+02   1.5866083e+02   3.6023439e-04   9.8296967e-01
   9.4005100e+02   1.5867417e+02   3.6185610e-04   9.8296886e-01
   9.4011997e+02   1.5868750e+02   3.6347064e-04   9.8296925e-01
   9.4018699e+02   1.5870083e+02   3.6506602e-04   9.8297098e-01
   9.4025699e+02   1.5871417e+02   3.6663385e-04   9.8297372e-01
   9.4033103e+02   1.5872750e+02   3.6798634e-04   9.8297758e-01
   9.4038901e+02   1.5874083e+02   3.6924988e-04   9.8298265e-01
   9.4045499e+02   1.5875417e+02   3.7044960e-04   9.8298902e-01
   9.4053800e+02   1.5876750e+02   3.7145318e-04   9.8299733e-01
   9.4059202e+02   1.5878083e+02   3.7251384e-04   9.8300718e-01
   9.4066300e+02   1.5879417e+02   3.7337324e-04   9.8301764e-01
   9.4072397e+02   1.5880750e+02   3.7416145e-04   9.8302928e-01
   9.4079801e+02   1.5882083e+02   3.7478081e-04   9.8304213e-01
   9.4085502e+02   1.5883417e+02   3.7521794e-04   9.8305577e-01
   9.4092698e+02   1.5884750e+02   3.7550652e-04   9.8307021e-01
   9.4099802e+02   1.5886083e+02   3.7561973e-04   9.8308599e-01
   9.4105997e+02   1.5887417e+02   3.7557898e-04   9.8310268e-01
   9.4113700e+02   1.5888750e+02   3.7548399e-04   9.8312084e-01
   9.4120603e+02   1.5890083e+02   3.7519495e-04   9.8314099e-01
   9.4126200e+02   1.5891417e+02   3.7445210e-04   9.8316264e-01
   9.4132798e+02   1.5892750e+02   3.7397047e-04   9.8318589e-01
   9.4139799e+02   1.5894083e+02   3.7343456e-04   9.8321132e-01
   9.4146500e+02   1.5895417e+02   3.7281200e-04   9.8323841e-01
   9.4153098e+02   1.5896750e+02   3.7213770e-04   9.8326722e-01
   9.4159897e+02   1.5898083e+02   3.7111449e-04   9.8329785e-01
   9.4166001e+02   1.5899417e+02   3.7028486e-04   9.8333087e-01
   9.4173301e+02   1.5900750e+02   3.6943228e-04   9.8336577e-01
   9.4179801e+02   1.5902083e+02   3.6840121e-04   9.8340260e-01
   9.4186301e+02   1.5903417e+02   3.6779687e-04   9.8344237e-01
   9.4192399e+02   1.5904750e+02   3.6643001e-04   9.8348405e-01
   9.4199497e+02   1.5906083e+02   3.6531508e-04   9.8352659e-01
   9.4205698e+02   1.5907417e+02   3.6463997e-04   9.8357151e-01
   9.4212498e+02   1.5908750e+02   3.6355751e-04   9.8361777e-01
   9.4219602e+02   1.5910083e+02   3.6262449e-04   9.8366440e-01
   9.4226102e+02   1.5911417e+02   3.6154126e-04   9.8371143e-01
   9.4233201e+02   1.5912750e+02   3.6068737e-04   9.8375972e-01
   9.4240201e+02   1.5914083e+02   3.5940293e-04   9.8380898e-01
   9.4246799e+02   1.5915417e+02   3.5844956e-04   9.8385840e-01
   9.4253397e+02   1.5916750e+02   3.5692928e-04   9.8390675e-01
   9.4260203e+02   1.5918083e+02   3.5554117e-04   9.8395488e-01
   9.4266202e+02   1.5919417e+02   3.5423900e-04   9.8400268e-01
   9.4273398e+02   1.5920750e+02   3.5256836e-04   9.8404953e-01
   9.4279697e+02   1.5922083e+02   3.5096233e-04   9.8409535e-01
   9.4286802e+02   1.5923417e+02   3.4903541e-04   9.8414005e-01
   9.4293601e+02   1.5924750e+02   3.4696468e-04   9.8418451e-01
   9.4299497e+02   1.5926083e+02   3.4527626e-04   9.8422811e-01
   9.4305997e+02   1.5927417e+02   3.4323176e-04   9.8427171e-01
   9.4313602e+02   1.5928750e+02   3.4113563e-04   9.8431466e-01
   9.4319199e+02   1.5930083e+02   3.3931132e-04   9.8435679e-01
   9.4326700e+02   1.5931417e+02   3.3701059e-04   9.8439844e-01
   9.4333402e+02   1.5932750e+02   3.3504280e-04   9.8443997e-01
   9.4340000e+02   1.5934083e+02   3.3290646e-04   9.8448021e-01
   9.4347300e+02   1.5935417e+02   3.3060010e-04   9.8452003e-01
   9.4353599e+02   1.5936750e+02   3.2799058e-04   9.8455930e-01
   9.4360898e+02   1.5938083e+02   3.2541245e-04   9.8459739e-01
   9.4367802e+02   1.5939417e+02   3.2297954e-04   9.8463469e-01
   9.4373698e+02   1.5940750e+02   3.2030258e-04   9.8467223e-01
   9.4380601e+02   1.5942083e+02   3.1736459e-04   9.8471008e-01
   9.4387198e+02   1.5943417e+02   3.1453197e-04   9.8474775e-01
   9.4393101e+02   1.5944750e+02   3.1110967e-04   9.8478576e-01
   9.4399998e+02   1.5946083e+02   3.0838267e-04   9.8482311e-01
   9.4405601e+02   1.5947417e+02   3.0558170e-04   9.8486077e-01
   9.4412601e+02   1.5948750e+02   3.0293540e-04   9.8489765e-01
   9.4420298e+02   1.5950083e+02   3.0012965e-04   9.8493373e-01
   9.4427598e+02   1.5951417e+02   2.9771590e-04   9.8496803e-01
   9.4434202e+02   1.5952750e+02   2.9514524e-04   9.8500015e-01
   9.4440403e+02   1.5954083e+02   2.9273296e-04   9.8503071e-01
   9.4447300e+02   1.5955417e+02   2.9069369e-04   9.8505978e-01
   9.4454001e+02   1.5956750e+02   2.8868347e-04   9.8508688e-01
   9.4460599e+02   1.5958083e+02   2.8643272e-04   9.8511307e-01
   9.4466801e+02   1.5959417e+02   2.8471024e-04   9.8513789e-01
   9.4473398e+02   1.5960750e+02   2.8264137e-04   9.8516133e-01
   9.4479001e+02   1.5962083e+02   2.8034882e-04   9.8518345e-01
   9.4485801e+02   1.5963417e+02   2.7840173e-04   9.8520478e-01
   9.4493497e+02   1.5964750e+02   2.7640049e-04   9.8522584e-01
   9.4499802e+02   1.5966083e+02   2.7429353e-04   9.8524658e-01
   9.4506302e+02   1.5967417e+02   2.7190207e-04   9.8526642e-01
   9.4513499e+02   1.5968750e+02   2.6966340e-04   9.8528585e-01
   9.4520298e+02   1.5970083e+02   2.6745633e-04   9.8530530e-01
   9.4526700e+02   1.5971417e+02   2.6496325e-04   9.8532525e-01
   9.4534098e+02   1.5972750e+02   2.6293916e-04   9.8534512e-01
   9.4541001e+02   1.5974083e+02   2.6053679e-04   9.8536485e-01
   9.4547501e+02   1.5975417e+02   2.5867759e-04   9.8538483e-01
   9.4553501e+02   1.5976750e+02   2.5648725e-04   9.8540496e-01
   9.4560801e+02   1.5978083e+02   2.5453502e-04   9.8542518e-01
   9.4567399e+02   1.5979417e+02   2.5315199e-04   9.8544550e-01
   9.4573698e+02   1.5980750e+02   2.5152936e-04   9.8546542e-01
   9.4580698e+02   1.5982083e+02   2.5047148e-04   9.8548498e-01
   9.4587198e+02   1.5983417e+02   2.4982046e-04   9.8550425e-01
   9.4594199e+02   1.5984750e+02   2.4938444e-04   9.8552326e-01
   9.4599601e+02   1.5986083e+02   2.4841979e-04   9.8554208e-01
   9.4606998e+02   1.5987417e+02   2.4891689e-04   9.8556021e-01
   9.4612998e+02   1.5988750e+02   2.4877839e-04   9.8557764e-01
   9.4619602e+02   1.5990083e+02   2.4932438e-04   9.8559385e-01
   9.4626902e+02   1.5991417e+02   2.4953267e-04   9.8560932e-01
   9.4634202e+02   1.5992750e+02   2.5044705e-04   9.8562352e-01
   9.4640299e+02   1.5994083e+02   2.5076398e-04   9.8563695e-01
   9.4647001e+02   1.5995417e+02   2.5158966e-04   9.8564908e-01
   9.4653898e+02   1.5996750e+02   2.5347976e-04   9.8566039e-01
   9.4661002e+02   1.5998083e+02   2.5405981e-04   9.8567092e-01
   9.4667399e+02   1.5999417e+02   2.5521165e-04   9.8568065e-01
   9.4673899e+02   1.6000750e+02   2.5632929e-04   9.8568961e-01
   9.4680997e+02   1.6002083e+02   2.5671312e-04   9.8569780e-01
   9.4686899e+02   1.6003417e+02   2.5825467e-04   9.8570476e-01
   9.4693900e+02   1.6004750e+02   2.5986504e-04   9.8571206e-01
   9.4700101e+02   1.6006083e+02   2.6026536e-04   9.8571821e-01
   9.4706901e+02   1.6007417e+02   2.6196171e-04   9.8572376e-01
   9.4713401e+02   1.6008750e+02   2.6298266e-04   9.8572823e-01
   9.4720603e+02   1.6010083e+02   2.6381085e-04   9.8573171e-01
   9.4727500e+02   1.6011417e+02   2.6472936e-04   9.8573426e-01
   9.4734202e+02   1.6012750e+02   2.6515360e-04   9.8573649e-01
   9.4741501e+02   1.6014083e+02   2.6615736e-04   9.8573798e-01
   9.4747898e+02   1.6015417e+02   2.6723045e-04   9.8573879e-01
   9.4754398e+02   1.6016750e+02   2.6788698e-04   9.8573955e-01
   9.4761100e+02   1.6018083e+02   2.6890209e-04   9.8573982e-01
   9.4767698e+02   1.6019417e+02   2.6998058e-04   9.8574016e-01
   9.4774497e+02   1.6020750e+02   2.7070839e-04   9.8574065e-01
   9.4780399e+02   1.6022083e+02   2.7209186e-04   9.8574087e-01
   9.4787101e+02   1.6023417e+02   2.7329613e-04   9.8574034e-01
   9.4793998e+02   1.6024750e+02   2.7444964e-04   9.8573963e-01
   9.4800101e+02   1.6026083e+02   2.7551240e-04   9.8573936e-01
   9.4807902e+02   1.6027417e+02   2.7665382e-04   9.8573856e-01
   9.4813401e+02   1.6028750e+02   2.7778005e-04   9.8573779e-01
   9.4820603e+02   1.6030083e+02   2.7843707e-04   9.8573713e-01
   9.4826603e+02   1.6031417e+02   2.7932179e-04   9.8573719e-01
   9.4832902e+02   1.6032750e+02   2.8001118e-04   9.8573699e-01
   9.4841099e+02   1.6034083e+02   2.8061326e-04   9.8573712e-01
   9.4847501e+02   1.6035417e+02   2.8157051e-04   9.8573811e-01
   9.4854697e+02   1.6036750e+02   2.8187816e-04   9.8573842e-01
   9.4860398e+02   1.6038083e+02   2.8251928e-04   9.8573958e-01
   9.4867698e+02   1.6039417e+02   2.8301896e-04   9.8574161e-01
   9.4873600e+02   1.6040750e+02   2.8337212e-04   9.8574399e-01
   9.4880601e+02   1.6042083e+02   2.8357612e-04   9.8574724e-01
   9.4887601e+02   1.6043417e+02   2.8375826e-04   9.8575247e-01
   9.4893900e+02   1.6044750e+02   2.8397723e-04   9.8575927e-01
   9.4900901e+02   1.6046083e+02   2.8396418e-04   9.8576605e-01
   9.4907200e+02   1.6047417e+02   2.8358456e-04   9.8577221e-01
   9.4913798e+02   1.6048750e+02   2.8329629e-04   9.8577814e-01
   9.4920798e+02   1.6050083e+02   2.8272240e-04   9.8578441e-01
   9.4926902e+02   1.6051417e+02   2.8214298e-04   9.8579100e-01
   9.4934299e+02   1.6052750e+02   2.8124452e-04   9.8579796e-01
   9.4941099e+02   1.6054083e+02   2.8016052e-04   9.8580585e-01
   9.4947898e+02   1.6055417e+02   2.7903927e-04   9.8581475e-01
   9.4954301e+02   1.6056750e+02   2.7794471e-04   9.8582425e-01
   9.4961503e+02   1.6058083e+02   2.7676223e-04   9.8583436e-01
   9.4967502e+02   1.6059417e+02   2.7539077e-04   9.8584511e-01
   9.4974003e+02   1.6060750e+02   2.7407900e-04   9.8585595e-01
   9.4980503e+02   1.6062083e+02   2.7261317e-04   9.8586594e-01
   9.4986899e+02   1.6063417e+02   2.7105668e-04   9.8587471e-01
   9.4994498e+02   1.6064750e+02   2.6925326e-04   9.8588187e-01
   9.5001499e+02   1.6066083e+02   2.6759468e-04   9.8588755e-01
   9.5007499e+02   1.6067417e+02   2.6551292e-04   9.8589336e-01
   9.5014597e+02   1.6068750e+02   2.6357946e-04   9.8589880e-01
   9.5021403e+02   1.6070083e+02   2.6202787e-04   9.8590388e-01
   9.5028000e+02   1.6071417e+02   2.6018632e-04   9.8590914e-01
   9.5034098e+02   1.6072750e+02   2.5831791e-04   9.8591455e-01
   9.5040598e+02   1.6074083e+02   2.5674637e-04   9.8592061e-01
   9.5046897e+02   1.6075417e+02   2.5521664e-04   9.8592683e-01
   9.5054600e+02   1.6076750e+02   2.5391303e-04   9.8593326e-01
   9.5060898e+02   1.6078083e+02   2.5241275e-04   9.8593986e-01
   9.5067899e+02   1.6079417e+02   2.5145105e-04   9.8594767e-01
   9.5074698e+02   1.6080750e+02   2.5051193e-04   9.8595650e-01
   9.5080802e+02   1.6082083e+02   2.4931972e-04   9.8596719e-01
   9.5087699e+02   1.6083417e+02   2.4843101e-04   9.8598054e-01
   9.5094401e+02   1.6084750e+02   2.4783758e-04   9.8599641e-01
   9.5101700e+02   1.6086083e+02   2.4687426e-04   9.8601484e-01
   9.5108701e+02   1.6087417e+02   2.4616747e-04   9.8603484e-01
   9.5115598e+02   1.6088750e+02   2.4554880e-04   9.8605646e-01
   9.5121000e+02   1.6090083e+02   2.4489111e-04   9.8607978e-01
   9.5127903e+02   1.6091417e+02   2.4416943e-04   9.8610429e-01
   9.5134501e+02   1.6092750e+02   2.4416575e-04   9.8613055e-01
   9.5141300e+02   1.6094083e+02   2.4388074e-04   9.8615759e-01
   9.5148197e+02   1.6095417e+02   2.4384085e-04   9.8618652e-01
   9.5154301e+02   1.6096750e+02   2.4385654e-04   9.8621636e-01
   9.5160898e+02   1.6098083e+02   2.4426065e-04   9.8624710e-01
   9.5167600e+02   1.6099417e+02   2.4467096e-04   9.8627823e-01
   9.5174100e+02   1.6100750e+02   2.4568226e-04   9.8631024e-01
   9.5181602e+02   1.6102083e+02   2.4643264e-04   9.8634212e-01
   9.5187302e+02   1.6103417e+02   2.4780867e-04   9.8637388e-01
   9.5193400e+02   1.6104750e+02   2.4944649e-04   9.8640546e-01
   9.5200699e+02   1.6106083e+02   2.5148430e-04   9.8643682e-01
   9.5207200e+02   1.6107417e+02   2.5320292e-04   9.8646790e-01
   9.5214103e+02   1.6108750e+02   2.5549473e-04   9.8649859e-01
   9.5220499e+02   1.6110083e+02   2.5752825e-04   9.8652826e-01
   9.5228000e+02   1.6111417e+02   2.5952541e-04   9.8655782e-01
   9.5234202e+02   1.6112750e+02   2.6186379e-04   9.8658716e-01
   9.5241898e+02   1.6114083e+02   2.6392591e-04   9.8661673e-01
   9.5247898e+02   1.6115417e+02   2.6621956e-04   9.8664599e-01
   9.5254502e+02   1.6116750e+02   2.6864564e-04   9.8667493e-01
   9.5261399e+02   1.6118083e+02   2.7118216e-04   9.8670354e-01
   9.5267502e+02   1.6119417e+02   2.7353282e-04   9.8673182e-01
   9.5274198e+02   1.6120750e+02   2.7638073e-04   9.8675975e-01
   9.5280601e+02   1.6122083e+02   2.7843672e-04   9.8678733e-01
   9.5286698e+02   1.6123417e+02   2.8095881e-04   9.8681406e-01
   9.5294102e+02   1.6124750e+02   2.8284389e-04   9.8683950e-01
   9.5300797e+02   1.6126083e+02   2.8510301e-04   9.8686374e-01
   9.5307102e+02   1.6127417e+02   2.8769711e-04   9.8688781e-01
   9.5314597e+02   1.6128750e+02   2.9017105e-04   9.8691169e-01
   9.5320603e+02   1.6130083e+02   2.9170467e-04   9.8693488e-01
   9.5327598e+02   1.6131417e+02   2.9466510e-04   9.8695837e-01
   9.5334397e+02   1.6132750e+02   2.9655458e-04   9.8698111e-01
   9.5341501e+02   1.6134083e+02   2.9888744e-04   9.8700362e-01
   9.5347501e+02   1.6135417e+02   3.0117008e-04   9.8702682e-01
   9.5354099e+02   1.6136750e+02   3.0317502e-04   9.8705017e-01
   9.5361002e+02   1.6138083e+02   3.0570812e-04   9.8707309e-01
   9.5367802e+02   1.6139417e+02   3.0779461e-04   9.8709605e-01
   9.5374302e+02   1.6140750e+02   3.0993115e-04   9.8711854e-01
   9.5381803e+02   1.6142083e+02   3.1262238e-04   9.8714155e-01
   9.5387400e+02   1.6143417e+02   3.1508362e-04   9.8716458e-01
   9.5394401e+02   1.6144750e+02   3.1765559e-04   9.8718765e-01
   9.5401401e+02   1.6146083e+02   3.2060911e-04   9.8721078e-01
   9.5408402e+02   1.6147417e+02   3.2324277e-04   9.8723400e-01
   9.5414799e+02   1.6148750e+02   3.2653151e-04   9.8725734e-01
   9.5422202e+02   1.6150083e+02   3.2910417e-04   9.8728128e-01
   9.5428397e+02   1.6151417e+02   3.3150091e-04   9.8730534e-01
   9.5434501e+02   1.6152750e+02   3.3387470e-04   9.8732802e-01
   9.5441599e+02   1.6154083e+02   3.3640691e-04   9.8735091e-01
   9.5448698e+02   1.6155417e+02   3.3911929e-04   9.8737355e-01
   9.5454398e+02   1.6156750e+02   3.4153877e-04   9.8739600e-01
   9.5462198e+02   1.6158083e+02   3.4395163e-04   9.8741835e-01
   9.5468497e+02   1.6159417e+02   3.4631566e-04   9.8744162e-01
   9.5474100e+02   1.6160750e+02   3.4872535e-04   9.8746482e-01
   9.5480997e+02   1.6162083e+02   3.5091174e-04   9.8748945e-01
   9.5487699e+02   1.6163417e+02   3.5327501e-04   9.8751447e-01
   9.5494602e+02   1.6164750e+02   3.5527124e-04   9.8754087e-01
   9.5500901e+02   1.6166083e+02   3.5701790e-04   9.8756809e-01
   9.5507401e+02   1.6167417e+02   3.5899490e-04   9.8759657e-01
   9.5514799e+02   1.6168750e+02   3.6080831e-04   9.8762568e-01
   9.5521201e+02   1.6170083e+02   3.6232885e-04   9.8765538e-01
   9.5528702e+02   1.6171417e+02   3.6396625e-04   9.8768509e-01
   9.5534702e+02   1.6172750e+02   3.6567613e-04   9.8771473e-01
   9.5542502e+02   1.6174083e+02   3.6713501e-04   9.8774376e-01
   9.5548502e+02   1.6175417e+02   3.6860321e-04   9.8777214e-01
   9.5555002e+02   1.6176750e+02   3.7015677e-04   9.8780033e-01
   9.5562498e+02   1.6178083e+02   3.7181038e-04   9.8782826e-01
   9.5568400e+02   1.6179417e+02   3.7312928e-04   9.8785535e-01
   9.5574998e+02   1.6180750e+02   3.7450250e-04   9.8788208e-01
   9.5582297e+02   1.6182083e+02   3.7593301e-04   9.8790788e-01
   9.5588798e+02   1.6183417e+02   3.7707540e-04   9.8793375e-01
   9.5594498e+02   1.6184750e+02   3.7819410e-04   9.8795864e-01
   9.5602299e+02   1.6186083e+02   3.7915165e-04   9.8798354e-01
   9.5608597e+02   1.6187417e+02   3.8038931e-04   9.8800741e-01
   9.5615403e+02   1.6188750e+02   3.8105766e-04   9.8803076e-01
   9.5622202e+02   1.6190083e+02   3.8193006e-04   9.8805410e-01
   9.5629697e+02   1.6191417e+02   3.8252823e-04   9.8807637e-01
   9.5635203e+02   1.6192750e+02   3.8293009e-04   9.8809809e-01
   9.5641501e+02   1.6194083e+02   3.8321301e-04   9.8811922e-01
   9.5649198e+02   1.6195417e+02   3.8360284e-04   9.8814085e-01
   9.5655503e+02   1.6196750e+02   3.8373218e-04   9.8816366e-01
   9.5661600e+02   1.6198083e+02   3.8381511e-04   9.8818783e-01
   9.5668998e+02   1.6199417e+02   3.8377758e-04   9.8821354e-01
   9.5674198e+02   1.6200750e+02   3.8376453e-04   9.8823989e-01
   9.5681199e+02   1.6202083e+02   3.8374023e-04   9.8826697e-01
   9.5689103e+02   1.6203417e+02   3.8364747e-04   9.8829486e-01
   9.5694498e+02   1.6204750e+02   3.8353424e-04   9.8832413e-01
   9.5701798e+02   1.6206083e+02   3.8338762e-04   9.8835380e-01
   9.5708903e+02   1.6207417e+02   3.8322453e-04   9.8838390e-01
   9.5715500e+02   1.6208750e+02   3.8295968e-04   9.8841550e-01
   9.5721799e+02   1.6210083e+02   3.8264336e-04   9.8844816e-01
   9.5728202e+02   1.6211417e+02   3.8217642e-04   9.8848144e-01
   9.5734897e+02   1.6212750e+02   3.8167103e-04   9.8851585e-01
   9.5742502e+02   1.6214083e+02   3.8102354e-04   9.8854926e-01
   9.5748301e+02   1.6215417e+02   3.8024960e-04   9.8858203e-01
   9.5756101e+02   1.6216750e+02   3.7938094e-04   9.8861241e-01
   9.5762601e+02   1.6218083e+02   3.7841337e-04   9.8864176e-01
   9.5768101e+02   1.6219417e+02   3.7728642e-04   9.8867046e-01
   9.5775498e+02   1.6220750e+02   3.7610694e-04   9.8869893e-01
   9.5782200e+02   1.6222083e+02   3.7488735e-04   9.8872711e-01
   9.5788700e+02   1.6223417e+02   3.7353220e-04   9.8875491e-01
   9.5795402e+02   1.6224750e+02   3.7200925e-04   9.8878179e-01
   9.5802903e+02   1.6226083e+02   3.7039041e-04   9.8880821e-01
   9.5809897e+02   1.6227417e+02   3.6866312e-04   9.8883464e-01
   9.5815702e+02   1.6228750e+02   3.6681362e-04   9.8886003e-01
   9.5822703e+02   1.6230083e+02   3.6478705e-04   9.8888539e-01
   9.5828599e+02   1.6231417e+02   3.6255648e-04   9.8890967e-01
   9.5835001e+02   1.6232750e+02   3.6016695e-04   9.8893341e-01
   9.5842301e+02   1.6234083e+02   3.5759172e-04   9.8895607e-01
   9.5848197e+02   1.6235417e+02   3.5491996e-04   9.8897827e-01
   9.5855302e+02   1.6236750e+02   3.5220369e-04   9.8900053e-01
   9.5862601e+02   1.6238083e+02   3.4937567e-04   9.8902236e-01
   9.5869102e+02   1.6239417e+02   3.4644945e-04   9.8904378e-01
   9.5875797e+02   1.6240750e+02   3.4362347e-04   9.8906483e-01
   9.5882200e+02   1.6242083e+02   3.4074178e-04   9.8908499e-01
   9.5889500e+02   1.6243417e+02   3.3788134e-04   9.8910478e-01
   9.5896299e+02   1.6244750e+02   3.3506707e-04   9.8912369e-01
   9.5902299e+02   1.6246083e+02   3.3234100e-04   9.8914216e-01
   9.5909299e+02   1.6247417e+02   3.2966909e-04   9.8916012e-01
   9.5915800e+02   1.6248750e+02   3.2695392e-04   9.8917757e-01
   9.5923002e+02   1.6250083e+02   3.2422748e-04   9.8919454e-01
   9.5929697e+02   1.6251417e+02   3.2146337e-04   9.8921153e-01
   9.5936100e+02   1.6252750e+02   3.1893682e-04   9.8922804e-01
   9.5942802e+02   1.6254083e+02   3.1639626e-04   9.8924458e-01
   9.5949302e+02   1.6255417e+02   3.1404435e-04   9.8926113e-01
   9.5955900e+02   1.6256750e+02   3.1185393e-04   9.8927870e-01
   9.5962101e+02   1.6258083e+02   3.0976961e-04   9.8929733e-01
   9.5969498e+02   1.6259417e+02   3.0765431e-04   9.8931760e-01
   9.5976298e+02   1.6260750e+02   3.0580738e-04   9.8933797e-01
   9.5983103e+02   1.6262083e+02   3.0387230e-04   9.8935891e-01
   9.5989500e+02   1.6263417e+02   3.0178162e-04   9.8938044e-01
   9.5996702e+02   1.6264750e+02   2.9974030e-04   9.8940150e-01
   9.6002799e+02   1.6266083e+02   2.9735735e-04   9.8942408e-01
   9.6009202e+02   1.6267417e+02   2.9497866e-04   9.8944712e-01
   9.6016898e+02   1.6268750e+02   2.9252882e-04   9.8946945e-01
   9.6023197e+02   1.6270083e+02   2.8993366e-04   9.8949204e-01
   9.6029099e+02   1.6271417e+02   2.8726085e-04   9.8951380e-01
   9.6036100e+02   1.6272750e+02   2.8444941e-04   9.8953570e-01
   9.6042600e+02   1.6274083e+02   2.8171540e-04   9.8955724e-01
   9.6049802e+02   1.6275417e+02   2.7890864e-04   9.8957785e-01
   9.6056101e+02   1.6276750e+02   2.7594914e-04   9.8959806e-01
   9.6062803e+02   1.6278083e+02   2.7281858e-04   9.8961738e-01
   9.6070499e+02   1.6279417e+02   2.6963640e-04   9.8963588e-01
   9.6075901e+02   1.6280750e+02   2.6630364e-04   9.8965362e-01
   9.6083103e+02   1.6282083e+02   2.6293375e-04   9.8967112e-01
   9.6089799e+02   1.6283417e+02   2.5996777e-04   9.8968738e-01
   9.6095701e+02   1.6284750e+02   2.5673969e-04   9.8970343e-01
   9.6102903e+02   1.6286083e+02   2.5358114e-04   9.8972037e-01
   9.6109397e+02   1.6287417e+02   2.5060509e-04   9.8973722e-01
   9.6116801e+02   1.6288750e+02   2.4743994e-04   9.8975406e-01
   9.6122599e+02   1.6290083e+02   2.4423059e-04   9.8977102e-01
   9.6129502e+02   1.6291417e+02   2.4155086e-04   9.8978773e-01
   9.6135599e+02   1.6292750e+02   2.3827355e-04   9.8980373e-01
   9.6143003e+02   1.6294083e+02   2.3514555e-04   9.8982014e-01
   9.6149100e+02   1.6295417e+02   2.3188689e-04   9.8983543e-01
   9.6156302e+02   1.6296750e+02   2.2858920e-04   9.8985018e-01
   9.6162601e+02   1.6298083e+02   2.2559089e-04   9.8986388e-01
   9.6169303e+02   1.6299417e+02   2.2231301e-04   9.8987656e-01
   9.6175797e+02   1.6300750e+02   2.1897864e-04   9.8988821e-01
   9.6182798e+02   1.6302083e+02   2.1573833e-04   9.8989830e-01
   9.6189298e+02   1.6303417e+02   2.1214680e-04   9.8990739e-01
   9.6195603e+02   1.6304750e+02   2.0912801e-04   9.8991600e-01
   9.6202799e+02   1.6306083e+02   2.0559249e-04   9.8992461e-01
   9.6209501e+02   1.6307417e+02   2.0196696e-04   9.8993371e-01
   9.6215897e+02   1.6308750e+02   1.9815593e-04   9.8994331e-01
   9.6223099e+02   1.6310083e+02   1.9412558e-04   9.8995334e-01
   9.6229899e+02   1.6311417e+02   1.9005902e-04   9.8996322e-01
   9.6236399e+02   1.6312750e+02   1.8584967e-04   9.8997392e-01
   9.6243400e+02   1.6314083e+02   1.8206726e-04   9.8998438e-01
   9.6249698e+02   1.6315417e+02   1.7762064e-04   9.8999557e-01
   9.6256998e+02   1.6316750e+02   1.7389493e-04   9.9000642e-01
   9.6263798e+02   1.6318083e+02   1.6946998e-04   9.9001792e-01
   9.6270298e+02   1.6319417e+02   1.6555254e-04   9.9002898e-01
   9.6276603e+02   1.6320750e+02   1.6178789e-04   9.9004109e-01
   9.6283402e+02   1.6322083e+02   1.5761500e-04   9.9005366e-01
   9.6289200e+02   1.6323417e+02   1.5364973e-04   9.9006658e-01
   9.6296500e+02   1.6324750e+02   1.4990424e-04   9.9007980e-01
   9.6302903e+02   1.6326083e+02   1.4602297e-04   9.9009327e-01
   9.6310398e+02   1.6327417e+02   1.4197552e-04   9.9010642e-01
   9.6315403e+02   1.6328750e+02   1.3820337e-04   9.9011971e-01
   9.6322898e+02   1.6330083e+02   1.3432212e-04   9.9013311e-01
   9.6329301e+02   1.6331417e+02   1.3084662e-04   9.9014613e-01
   9.6336100e+02   1.6332750e+02   1.2694495e-04   9.9015878e-01
   9.6342698e+02   1.6334083e+02   1.2335757e-04   9.9017158e-01
   9.6349198e+02   1.6335417e+02   1.1963818e-04   9.9018402e-01
   9.6356302e+02   1.6336750e+02   1.1646682e-04   9.9019613e-01
   9.6363199e+02   1.6338083e+02   1.1338681e-04   9.9020739e-01
   9.6369401e+02   1.6339417e+02   1.1028579e-04   9.9021833e-01
   9.6375699e+02   1.6340750e+02   1.0716474e-04   9.9022899e-01
   9.6382798e+02   1.6342083e+02   1.0415904e-04   9.9023836e-01
   9.6389103e+02   1.6343417e+02   1.0092119e-04   9.9024703e-01
   9.6395499e+02   1.6344750e+02   9.8366035e-05   9.9025605e-01
   9.6402799e+02   1.6346083e+02   9.5628991e-05   9.9026388e-01
   9.6409598e+02   1.6347417e+02   9.2788983e-05   9.9027159e-01
   9.6416099e+02   1.6348750e+02   9.0130054e-05   9.9027913e-01
   9.6423398e+02   1.6350083e+02   8.7621516e-05   9.9028605e-01
   9.6429600e+02   1.6351417e+02   8.5069347e-05   9.9029234e-01
   9.6436600e+02   1.6352750e+02   8.2906548e-05   9.9029847e-01
   9.6443400e+02   1.6354083e+02   8.0853721e-05   9.9030247e-01
   9.6449998e+02   1.6355417e+02   7.8543330e-05   9.9030542e-01
   9.6457401e+02   1.6356750e+02   7.6369612e-05   9.9030736e-01
   9.6463401e+02   1.6358083e+02   7.4662318e-05   9.9030886e-01
   9.6470298e+02   1.6359417e+02   7.2305347e-05   9.9030994e-01
   9.6476102e+02   1.6360750e+02   7.0397234e-05   9.9031058e-01
   9.6482798e+02   1.6362083e+02   6.8725751e-05   9.9031130e-01
   9.6489799e+02   1.6363417e+02   6.7096367e-05   9.9031111e-01
   9.6496403e+02   1.6364750e+02   6.5428511e-05   9.9031108e-01
   9.6503000e+02   1.6366083e+02   6.4186207e-05   9.9031122e-01
   9.6510300e+02   1.6367417e+02   6.3269379e-05   9.9031157e-01
   9.6515800e+02   1.6368750e+02   6.2448304e-05   9.9031272e-01
   9.6522703e+02   1.6370083e+02   6.1547929e-05   9.9031318e-01
   9.6530002e+02   1.6371417e+02   6.1014992e-05   9.9031401e-01
   9.6536503e+02   1.6372750e+02   6.0205999e-05   9.9031477e-01
   9.6542698e+02   1.6374083e+02   5.9994732e-05   9.9031602e-01
   9.6549601e+02   1.6375417e+02   5.9264577e-05   9.9031732e-01
   9.6556199e+02   1.6376750e+02   5.9182613e-05   9.9031877e-01
   9.6562998e+02   1.6378083e+02   5.9038627e-05   9.9032044e-01
   9.6569102e+02   1.6379417e+02   5.8671153e-05   9.9032284e-01
   9.6575797e+02   1.6380750e+02   5.8884287e-05   9.9032493e-01
   9.6582902e+02   1.6382083e+02   5.8794543e-05   9.9032828e-01
   9.6589298e+02   1.6383417e+02   5.8620127e-05   9.9033238e-01
   9.6595798e+02   1.6384750e+02   5.8641522e-05   9.9033673e-01
   9.6602402e+02   1.6386083e+02   5.8937389e-05   9.9034234e-01
   9.6609299e+02   1.6387417e+02   5.8532783e-05   9.9034866e-01
   9.6616300e+02   1.6388750e+02   5.8419300e-05   9.9035514e-01
   9.6623002e+02   1.6390083e+02   5.8047019e-05   9.9036171e-01
   9.6630198e+02   1.6391417e+02   5.7646521e-05   9.9036881e-01
   9.6636802e+02   1.6392750e+02   5.6956522e-05   9.9037534e-01
   9.6643900e+02   1.6394083e+02   5.6682149e-05   9.9038228e-01
   9.6649900e+02   1.6395417e+02   5.6120392e-05   9.9038855e-01
   9.6657200e+02   1.6396750e+02   5.5160510e-05   9.9039510e-01
   9.6664200e+02   1.6398083e+02   5.4531754e-05   9.9040140e-01
   9.6670298e+02   1.6399417e+02   5.4089511e-05   9.9040635e-01
   9.6677000e+02   1.6400750e+02   5.3289812e-05   9.9041039e-01
   9.6684397e+02   1.6402083e+02   5.3188261e-05   9.9041344e-01
   9.6689799e+02   1.6403417e+02   5.2378595e-05   9.9041546e-01
   9.6697501e+02   1.6404750e+02   5.1290329e-05   9.9041692e-01
   9.6704301e+02   1.6406083e+02   5.1121739e-05   9.9041726e-01
   9.6709897e+02   1.6407417e+02   5.0061886e-05   9.9041697e-01
   9.6716501e+02   1.6408750e+02   4.9055897e-05   9.9041555e-01
   9.6724100e+02   1.6410083e+02   4.8234910e-05   9.9041353e-01
   9.6729697e+02   1.6411417e+02   4.7583288e-05   9.9041095e-01
   9.6736600e+02   1.6412750e+02   4.6941770e-05   9.9040839e-01
   9.6743900e+02   1.6414083e+02   4.6119838e-05   9.9040541e-01
   9.6750199e+02   1.6415417e+02   4.4399644e-05   9.9040249e-01
   9.6756602e+02   1.6416750e+02   4.3872353e-05   9.9039966e-01
   9.6762900e+02   1.6418083e+02   4.2257035e-05   9.9039735e-01
   9.6769700e+02   1.6419417e+02   4.0833548e-05   9.9039450e-01
   9.6775699e+02   1.6420750e+02   4.0018702e-05   9.9039157e-01
   9.6782798e+02   1.6422083e+02   3.8421613e-05   9.9038859e-01
   9.6789597e+02   1.6423417e+02   3.7011751e-05   9.9038606e-01
   9.6796201e+02   1.6424750e+02   3.5610909e-05   9.9038358e-01
   9.6803202e+02   1.6426083e+02   3.3725059e-05   9.9038172e-01
   9.6810203e+02   1.6427417e+02   3.2326698e-05   9.9037998e-01
   9.6816501e+02   1.6428750e+02   3.0714434e-05   9.9037937e-01
   9.6823899e+02   1.6430083e+02   2.9816881e-05   9.9038088e-01
   9.6830198e+02   1.6431417e+02   2.8114606e-05   9.9038391e-01
   9.6836899e+02   1.6432750e+02   2.7329269e-05   9.9038844e-01
   9.6843302e+02   1.6434083e+02   2.6398602e-05   9.9039346e-01
   9.6849601e+02   1.6435417e+02   2.4876871e-05   9.9039906e-01
   9.6856803e+02   1.6436750e+02   2.4388828e-05   9.9040536e-01
   9.6862699e+02   1.6438083e+02   2.3282843e-05   9.9041194e-01
   9.6869999e+02   1.6439417e+02   2.2536070e-05   9.9041832e-01
   9.6876700e+02   1.6440750e+02   2.1698079e-05   9.9042500e-01
   9.6884397e+02   1.6442083e+02   2.1262706e-05   9.9043196e-01
   9.6891099e+02   1.6443417e+02   2.0910539e-05   9.9043861e-01
   9.6897098e+02   1.6444750e+02   2.0086978e-05   9.9044496e-01
   9.6904502e+02   1.6446083e+02   1.9926628e-05   9.9045047e-01
   9.6910898e+02   1.6447417e+02   1.9682145e-05   9.9045519e-01
   9.6917698e+02   1.6448750e+02   1.8918855e-05   9.9045913e-01
   9.6923600e+02   1.6450083e+02   1.8911726e-05   9.9046232e-01
   9.6930997e+02   1.6451417e+02   1.8591193e-05   9.9046332e-01
   9.6936100e+02   1.6452750e+02   1.8338021e-05   9.9046281e-01
   9.6943699e+02   1.6454083e+02   1.8310442e-05   9.9045986e-01
   9.6949900e+02   1.6455417e+02   1.8518778e-05   9.9045555e-01
   9.6956998e+02   1.6456750e+02   1.8502373e-05   9.9044939e-01
   9.6963798e+02   1.6458083e+02   1.8997905e-05   9.9044240e-01
   9.6970103e+02   1.6459417e+02   1.9896951e-05   9.9043411e-01
   9.6976902e+02   1.6460750e+02   2.0641189e-05   9.9042456e-01
   9.6984397e+02   1.6462083e+02   2.1532383e-05   9.9041428e-01
   9.6990800e+02   1.6463417e+02   2.2783856e-05   9.9040277e-01
   9.6997599e+02   1.6464750e+02   2.4112196e-05   9.9039110e-01
   9.7003599e+02   1.6466083e+02   2.5640817e-05   9.9037884e-01
   9.7010502e+02   1.6467417e+02   2.7475807e-05   9.9036551e-01
   9.7017301e+02   1.6468750e+02   2.9396563e-05   9.9035171e-01
   9.7024100e+02   1.6470083e+02   3.1057403e-05   9.9033751e-01
   9.7031302e+02   1.6471417e+02   3.2903153e-05   9.9032347e-01
   9.7037803e+02   1.6472750e+02   3.5008807e-05   9.9030915e-01
   9.7044401e+02   1.6474083e+02   3.6910537e-05   9.9029461e-01
   9.7050901e+02   1.6475417e+02   3.8935530e-05   9.9028144e-01
   9.7057200e+02   1.6476750e+02   4.0896795e-05   9.9026871e-01
   9.7063999e+02   1.6478083e+02   4.3041761e-05   9.9025592e-01
   9.7071299e+02   1.6479417e+02   4.5158157e-05   9.9024366e-01
   9.7078702e+02   1.6480750e+02   4.7076535e-05   9.9023198e-01
   9.7084501e+02   1.6482083e+02   4.9530902e-05   9.9021989e-01
   9.7091398e+02   1.6483417e+02   5.1672488e-05   9.9020944e-01
   9.7098398e+02   1.6484750e+02   5.3686939e-05   9.9020010e-01
   9.7104301e+02   1.6486083e+02   5.6093395e-05   9.9019034e-01
   9.7111100e+02   1.6487417e+02   5.8413409e-05   9.9018333e-01
   9.7118302e+02   1.6488750e+02   6.0930406e-05   9.9017808e-01
   9.7124497e+02   1.6490083e+02   6.3476585e-05   9.9017414e-01
   9.7131498e+02   1.6491417e+02   6.6416065e-05   9.9017253e-01
   9.7138798e+02   1.6492750e+02   6.9227303e-05   9.9017172e-01
   9.7145298e+02   1.6494083e+02   7.2169382e-05   9.9017268e-01
   9.7151102e+02   1.6495417e+02   7.5012223e-05   9.9017533e-01
   9.7158402e+02   1.6496750e+02   7.8069804e-05   9.9017966e-01
   9.7164500e+02   1.6498083e+02   8.0921322e-05   9.9018562e-01
   9.7170701e+02   1.6499417e+02   8.4003461e-05   9.9019266e-01
   9.7177299e+02   1.6500750e+02   8.6902882e-05   9.9020122e-01
   9.7184501e+02   1.6502083e+02   8.9879980e-05   9.9021123e-01
   9.7191398e+02   1.6503417e+02   9.2482571e-05   9.9022268e-01
   9.7196702e+02   1.6504750e+02   9.5326039e-05   9.9023552e-01
   9.7205100e+02   1.6506083e+02   9.8120572e-05   9.9025072e-01
   9.7211198e+02   1.6507417e+02   1.0080396e-04   9.9026764e-01
   9.7217399e+02   1.6508750e+02   1.0357519e-04   9.9028625e-01
   9.7223502e+02   1.6510083e+02   1.0632520e-04   9.9030700e-01
   9.7230698e+02   1.6511417e+02   1.0926113e-04   9.9032935e-01
   9.7237900e+02   1.6512750e+02   1.1211615e-04   9.9035219e-01
   9.7244401e+02   1.6514083e+02   1.1508663e-04   9.9037650e-01
   9.7251499e+02   1.6515417e+02   1.1804253e-04   9.9040118e-01
   9.7256998e+02   1.6516750e+02   1.2110983e-04   9.9042618e-01
   9.7264500e+02   1.6518083e+02   1.2396866e-04   9.9045198e-01
   9.7271403e+02   1.6519417e+02   1.2683624e-04   9.9047796e-01
   9.7277500e+02   1.6520750e+02   1.2970587e-04   9.9050402e-01
   9.7283903e+02   1.6522083e+02   1.3237191e-04   9.9053060e-01
   9.7290500e+02   1.6523417e+02   1.3498673e-04   9.9055660e-01
   9.7298002e+02   1.6524750e+02   1.3752396e-04   9.9058196e-01
   9.7304398e+02   1.6526083e+02   1.3980919e-04   9.9060766e-01
   9.7311100e+02   1.6527417e+02   1.4205390e-04   9.9063309e-01
   9.7318302e+02   1.6528750e+02   1.4402631e-04   9.9065820e-01
   9.7325303e+02   1.6530083e+02   1.4638631e-04   9.9068244e-01
   9.7331498e+02   1.6531417e+02   1.4821099e-04   9.9070677e-01
   9.7338401e+02   1.6532750e+02   1.5002776e-04   9.9073019e-01
   9.7344700e+02   1.6534083e+02   1.5169882e-04   9.9075272e-01
   9.7351298e+02   1.6535417e+02   1.5333666e-04   9.9077442e-01
   9.7358402e+02   1.6536750e+02   1.5495857e-04   9.9079485e-01
   9.7365500e+02   1.6538083e+02   1.5642070e-04   9.9081456e-01
   9.7372098e+02   1.6539417e+02   1.5787046e-04   9.9083408e-01
   9.7378599e+02   1.6540750e+02   1.5936949e-04   9.9085291e-01
   9.7384897e+02   1.6542083e+02   1.6080091e-04   9.9087212e-01
   9.7391300e+02   1.6543417e+02   1.6202747e-04   9.9089024e-01
   9.7398502e+02   1.6544750e+02   1.6322071e-04   9.9090790e-01
   9.7404801e+02   1.6546083e+02   1.6440558e-04   9.9092518e-01
   9.7411698e+02   1.6547417e+02   1.6547139e-04   9.9094216e-01
   9.7418003e+02   1.6548750e+02   1.6663368e-04   9.9095837e-01
   9.7424698e+02   1.6550083e+02   1.6776723e-04   9.9097385e-01
   9.7430997e+02   1.6551417e+02   1.6882286e-04   9.9098807e-01
   9.7438199e+02   1.6552750e+02   1.6991991e-04   9.9100205e-01
   9.7444498e+02   1.6554083e+02   1.7091249e-04   9.9101477e-01
   9.7451902e+02   1.6555417e+02   1.7176170e-04   9.9102777e-01
   9.7459098e+02   1.6556750e+02   1.7247441e-04   9.9103950e-01
   9.7465702e+02   1.6558083e+02   1.7307409e-04   9.9105205e-01
   9.7471702e+02   1.6559417e+02   1.7365195e-04   9.9106337e-01
   9.7477701e+02   1.6560750e+02   1.7412903e-04   9.9107498e-01
   9.7485398e+02   1.6562083e+02   1.7455580e-04   9.9108528e-01
   9.7490800e+02   1.6563417e+02   1.7493500e-04   9.9109409e-01
   9.7498600e+02   1.6564750e+02   1.7526347e-04   9.9110123e-01
   9.7505198e+02   1.6566083e+02   1.7550895e-04   9.9110656e-01
   9.7511301e+02   1.6567417e+02   1.7563463e-04   9.9111100e-01
   9.7518699e+02   1.6568750e+02   1.7564862e-04   9.9111454e-01
   9.7524998e+02   1.6570083e+02   1.7565756e-04   9.9111766e-01
   9.7531498e+02   1.6571417e+02   1.7532855e-04   9.9112029e-01
   9.7538297e+02   1.6572750e+02   1.7503521e-04   9.9112191e-01
   9.7544797e+02   1.6574083e+02   1.7461711e-04   9.9112245e-01
   9.7551298e+02   1.6575417e+02   1.7389342e-04   9.9112133e-01
   9.7558103e+02   1.6576750e+02   1.7336073e-04   9.9111849e-01
   9.7565098e+02   1.6578083e+02   1.7260489e-04   9.9111443e-01
   9.7571201e+02   1.6579417e+02   1.7186588e-04   9.9110914e-01
   9.7578098e+02   1.6580750e+02   1.7105201e-04   9.9110364e-01
   9.7584299e+02   1.6582083e+02   1.7043449e-04   9.9109641e-01
   9.7591703e+02   1.6583417e+02   1.6968207e-04   9.9108806e-01
   9.7598099e+02   1.6584750e+02   1.6898079e-04   9.9107977e-01
   9.7605002e+02   1.6586083e+02   1.6821404e-04   9.9107222e-01
   9.7611503e+02   1.6587417e+02   1.6755000e-04   9.9106508e-01
   9.7618400e+02   1.6588750e+02   1.6661694e-04   9.9105848e-01
   9.7624900e+02   1.6590083e+02   1.6596110e-04   9.9105252e-01
   9.7631901e+02   1.6591417e+02   1.6521539e-04   9.9104674e-01
   9.7638499e+02   1.6592750e+02   1.6421527e-04   9.9104223e-01
   9.7644401e+02   1.6594083e+02   1.6333783e-04   9.9103808e-01
   9.7651298e+02   1.6595417e+02   1.6211000e-04   9.9103484e-01
   9.7658298e+02   1.6596750e+02   1.6103752e-04   9.9103260e-01
   9.7665000e+02   1.6598083e+02   1.5987689e-04   9.9103042e-01
   9.7671500e+02   1.6599417e+02   1.5855754e-04   9.9102991e-01
   9.7678300e+02   1.6600750e+02   1.5711939e-04   9.9103113e-01
   9.7684897e+02   1.6602083e+02   1.5559232e-04   9.9103414e-01
   9.7691599e+02   1.6603417e+02   1.5307655e-04   9.9103899e-01
   9.7699198e+02   1.6604750e+02   1.5170675e-04   9.9104567e-01
   9.7705302e+02   1.6606083e+02   1.4992222e-04   9.9105421e-01
   9.7712302e+02   1.6607417e+02   1.4807221e-04   9.9106516e-01
   9.7718601e+02   1.6608750e+02   1.4609276e-04   9.9107694e-01
   9.7725199e+02   1.6610083e+02   1.4451652e-04   9.9109064e-01
   9.7731998e+02   1.6611417e+02   1.4213478e-04   9.9110576e-01
   9.7738700e+02   1.6612750e+02   1.4023443e-04   9.9112383e-01
   9.7743900e+02   1.6614083e+02   1.3811897e-04   9.9114427e-01
   9.7751499e+02   1.6615417e+02   1.3647948e-04   9.9116707e-01
   9.7758201e+02   1.6616750e+02   1.3471171e-04   9.9119118e-01
   9.7764500e+02   1.6618083e+02   1.3310849e-04   9.9121651e-01
   9.7771799e+02   1.6619417e+02   1.3194004e-04   9.9124361e-01
   9.7778599e+02   1.6620750e+02   1.3048949e-04   9.9127147e-01
   9.7785300e+02   1.6622083e+02   1.2918369e-04   9.9130007e-01
   9.7791898e+02   1.6623417e+02   1.2777225e-04   9.9132995e-01
   9.7797501e+02   1.6624750e+02   1.2652688e-04   9.9136050e-01
   9.7805100e+02   1.6626083e+02   1.2551183e-04   9.9139225e-01
   9.7811399e+02   1.6627417e+02   1.2463162e-04   9.9142411e-01
   9.7818601e+02   1.6628750e+02   1.2351998e-04   9.9145603e-01
   9.7824497e+02   1.6630083e+02   1.2250948e-04   9.9148848e-01
   9.7831699e+02   1.6631417e+02   1.2203200e-04   9.9151993e-01
   9.7838700e+02   1.6632750e+02   1.2115377e-04   9.9155097e-01
   9.7844498e+02   1.6634083e+02   1.2083663e-04   9.9158113e-01
   9.7852000e+02   1.6635417e+02   1.2035706e-04   9.9161090e-01
   9.7858201e+02   1.6636750e+02   1.2036380e-04   9.9164033e-01
   9.7865403e+02   1.6638083e+02   1.2035864e-04   9.9166942e-01
   9.7871403e+02   1.6639417e+02   1.1985800e-04   9.9169759e-01
   9.7878501e+02   1.6640750e+02   1.2001220e-04   9.9172522e-01
   9.7885599e+02   1.6642083e+02   1.2033082e-04   9.9175273e-01
   9.7891501e+02   1.6643417e+02   1.2040515e-04   9.9177947e-01
   9.7899399e+02   1.6644750e+02   1.2088390e-04   9.9180633e-01
   9.7906101e+02   1.6646083e+02   1.2143429e-04   9.9183317e-01
   9.7911698e+02   1.6647417e+02   1.2174145e-04   9.9185935e-01
   9.7919303e+02   1.6648750e+02   1.2197661e-04   9.9188528e-01
   9.7925999e+02   1.6650083e+02   1.2184349e-04   9.9191087e-01
   9.7932297e+02   1.6651417e+02   1.2208133e-04   9.9193600e-01
   9.7938798e+02   1.6652750e+02   1.2146740e-04   9.9196007e-01
   9.7945902e+02   1.6654083e+02   1.2144218e-04   9.9198297e-01
   9.7951499e+02   1.6655417e+02   1.2157964e-04   9.9200460e-01
   9.7958298e+02   1.6656750e+02   1.2145659e-04   9.9202542e-01
   9.7965702e+02   1.6658083e+02   1.2120813e-04   9.9204538e-01
   9.7972397e+02   1.6659417e+02   1.2122640e-04   9.9206438e-01
   9.7978397e+02   1.6660750e+02   1.2067721e-04   9.9208177e-01
   9.7985300e+02   1.6662083e+02   1.2099722e-04   9.9209802e-01
   9.7991300e+02   1.6663417e+02   1.2080697e-04   9.9211355e-01
   9.7998801e+02   1.6664750e+02   1.2086436e-04   9.9212725e-01
   9.8005198e+02   1.6666083e+02   1.2096743e-04   9.9214058e-01
   9.8011997e+02   1.6667417e+02   1.2085018e-04   9.9215351e-01
   9.8019199e+02   1.6668750e+02   1.2104346e-04   9.9216647e-01
   9.8025303e+02   1.6670083e+02   1.2121634e-04   9.9217993e-01
   9.8032401e+02   1.6671417e+02   1.2134146e-04   9.9219330e-01
   9.8039103e+02   1.6672750e+02   1.2149928e-04   9.9220546e-01
   9.8045603e+02   1.6674083e+02   1.2155964e-04   9.9221738e-01
   9.8052299e+02   1.6675417e+02   1.2174047e-04   9.9222793e-01
   9.8058597e+02   1.6676750e+02   1.2196994e-04   9.9223814e-01
   9.8065598e+02   1.6678083e+02   1.2222196e-04   9.9224803e-01
   9.8072202e+02   1.6679417e+02   1.2265092e-04   9.9225710e-01
   9.8079301e+02   1.6680750e+02   1.2318970e-04   9.9226588e-01
   9.8086899e+02   1.6682083e+02   1.2379437e-04   9.9227384e-01
   9.8092301e+02   1.6683417e+02   1.2422778e-04   9.9228105e-01
   9.8099698e+02   1.6684750e+02   1.2491903e-04   9.9228753e-01
   9.8106498e+02   1.6686083e+02   1.2571177e-04   9.9229230e-01
   9.8112198e+02   1.6687417e+02   1.2628949e-04   9.9229555e-01
   9.8118802e+02   1.6688750e+02   1.2718539e-04   9.9229684e-01
   9.8125797e+02   1.6690083e+02   1.2826478e-04   9.9229731e-01
   9.8132902e+02   1.6691417e+02   1.2931426e-04   9.9229601e-01
   9.8138798e+02   1.6692750e+02   1.3073031e-04   9.9229456e-01
   9.8145298e+02   1.6694083e+02   1.3207214e-04   9.9229147e-01
   9.8151798e+02   1.6695417e+02   1.3352188e-04   9.9228734e-01
   9.8159000e+02   1.6696750e+02   1.3513364e-04   9.9228219e-01
   9.8165098e+02   1.6698083e+02   1.3664410e-04   9.9227553e-01
   9.8171799e+02   1.6699417e+02   1.3827237e-04   9.9226842e-01
   9.8178000e+02   1.6700750e+02   1.4004394e-04   9.9225989e-01
   9.8186503e+02   1.6702083e+02   1.4162953e-04   9.9225100e-01
   9.8192698e+02   1.6703417e+02   1.4338170e-04   9.9224077e-01
   9.8199302e+02   1.6704750e+02   1.4493886e-04   9.9222971e-01
   9.8206199e+02   1.6706083e+02   1.4719201e-04   9.9221790e-01
   9.8213102e+02   1.6707417e+02   1.4883120e-04   9.9220533e-01
   9.8220798e+02   1.6708750e+02   1.5084252e-04   9.9219209e-01
   9.8226603e+02   1.6710083e+02   1.5297173e-04   9.9217874e-01
   9.8233201e+02   1.6711417e+02   1.5523134e-04   9.9216437e-01
   9.8239799e+02   1.6712750e+02   1.5711034e-04   9.9214912e-01
   9.8246500e+02   1.6714083e+02   1.5893863e-04   9.9213210e-01
   9.8253300e+02   1.6715417e+02   1.6090519e-04   9.9211455e-01
   9.8259897e+02   1.6716750e+02   1.6259641e-04   9.9209768e-01
   9.8266398e+02   1.6718083e+02   1.6473339e-04   9.9208161e-01
   9.8272703e+02   1.6719417e+02   1.6617300e-04   9.9206548e-01
   9.8279697e+02   1.6720750e+02   1.6765932e-04   9.9205139e-01
   9.8285801e+02   1.6722083e+02   1.6922240e-04   9.9203884e-01
   9.8292502e+02   1.6723417e+02   1.7073141e-04   9.9202829e-01
   9.8298698e+02   1.6724750e+02   1.7212411e-04   9.9201874e-01
   9.8305802e+02   1.6726083e+02   1.7306273e-04   9.9201016e-01
   9.8312498e+02   1.6727417e+02   1.7435514e-04   9.9200311e-01
   9.8319401e+02   1.6728750e+02   1.7543288e-04   9.9199661e-01
   9.8325901e+02   1.6730083e+02   1.7632626e-04   9.9199166e-01
   9.8332297e+02   1.6731417e+02   1.7727587e-04   9.9198836e-01
   9.8338798e+02   1.6732750e+02   1.7832031e-04   9.9198569e-01
   9.8346201e+02   1.6734083e+02   1.7946755e-04   9.9198367e-01
   9.8353000e+02   1.6735417e+02   1.8077899e-04   9.9198181e-01
   9.8359800e+02   1.6736750e+02   1.8208538e-04   9.9198065e-01
   9.8366300e+02   1.6738083e+02   1.8312165e-04   9.9197916e-01
   9.8372501e+02   1.6739417e+02   1.8420907e-04   9.9197788e-01
   9.8379697e+02   1.6740750e+02   1.8555290e-04   9.9197680e-01
   9.8386503e+02   1.6742083e+02   1.8687517e-04   9.9197594e-01
   9.8392802e+02   1.6743417e+02   1.8832768e-04   9.9197582e-01
   9.8399497e+02   1.6744750e+02   1.8968723e-04   9.9197595e-01
   9.8406199e+02   1.6746083e+02   1.9085236e-04   9.9197528e-01
   9.8412101e+02   1.6747417e+02   1.9217822e-04   9.9197375e-01
   9.8419199e+02   1.6748750e+02   1.9334004e-04   9.9197233e-01
   9.8425602e+02   1.6750083e+02   1.9456240e-04   9.9197047e-01
   9.8432401e+02   1.6751417e+02   1.9570380e-04   9.9196817e-01
   9.8439701e+02   1.6752750e+02   1.9685588e-04   9.9196594e-01
   9.8445701e+02   1.6754083e+02   1.9786565e-04   9.9196383e-01
   9.8453000e+02   1.6755417e+02   1.9883206e-04   9.9196188e-01
   9.8459299e+02   1.6756750e+02   1.9963017e-04   9.9196010e-01
   9.8466202e+02   1.6758083e+02   2.0033889e-04   9.9195798e-01
   9.8473698e+02   1.6759417e+02   2.0110698e-04   9.9195606e-01
   9.8480198e+02   1.6760750e+02   2.0188496e-04   9.9195434e-01
   9.8486600e+02   1.6762083e+02   2.0265856e-04   9.9195287e-01
   9.8493198e+02   1.6763417e+02   2.0312424e-04   9.9195071e-01
   9.8498801e+02   1.6764750e+02   2.0371457e-04   9.9194957e-01
   9.8505900e+02   1.6766083e+02   2.0395157e-04   9.9194962e-01
   9.8512699e+02   1.6767417e+02   2.0420562e-04   9.9195103e-01
   9.8519797e+02   1.6768750e+02   2.0438287e-04   9.9195344e-01
   9.8525199e+02   1.6770083e+02   2.0445679e-04   9.9195800e-01
   9.8533103e+02   1.6771417e+02   2.0459910e-04   9.9196428e-01
   9.8540500e+02   1.6772750e+02   2.0466235e-04   9.9197188e-01
   9.8545701e+02   1.6774083e+02   2.0463718e-04   9.9198085e-01
   9.8553501e+02   1.6775417e+02   2.0459958e-04   9.9199122e-01
   9.8560001e+02   1.6776750e+02   2.0434599e-04   9.9200299e-01
   9.8566703e+02   1.6778083e+02   2.0396108e-04   9.9201516e-01
   9.8572599e+02   1.6779417e+02   2.0346440e-04   9.9202775e-01
   9.8580399e+02   1.6780750e+02   2.0282884e-04   9.9204083e-01
   9.8586802e+02   1.6782083e+02   2.0217958e-04   9.9205446e-01
   9.8593400e+02   1.6783417e+02   2.0137721e-04   9.9206918e-01
   9.8599698e+02   1.6784750e+02   2.0051401e-04   9.9208450e-01
   9.8606400e+02   1.6786083e+02   1.9946695e-04   9.9210096e-01
   9.8612198e+02   1.6787417e+02   1.9852085e-04   9.9211911e-01
   9.8619498e+02   1.6788750e+02   1.9747038e-04   9.9213845e-01
   9.8626798e+02   1.6790083e+02   1.9634052e-04   9.9215999e-01
   9.8633201e+02   1.6791417e+02   1.9518819e-04   9.9218272e-01
   9.8640098e+02   1.6792750e+02   1.9404887e-04   9.9220614e-01
   9.8646097e+02   1.6794083e+02   1.9271403e-04   9.9223125e-01
   9.8652598e+02   1.6795417e+02   1.9145188e-04   9.9225758e-01
   9.8659397e+02   1.6796750e+02   1.9010463e-04   9.9228604e-01
   9.8666099e+02   1.6798083e+02   1.8866448e-04   9.9231703e-01
   9.8673002e+02   1.6799417e+02   1.8711135e-04   9.9235082e-01
   9.8680100e+02   1.6800750e+02   1.8557793e-04   9.9238621e-01
   9.8685398e+02   1.6802083e+02   1.8400195e-04   9.9242295e-01
   9.8693198e+02   1.6803417e+02   1.8247858e-04   9.9245982e-01
   9.8699998e+02   1.6804750e+02   1.8099093e-04   9.9249714e-01
   9.8706803e+02   1.6806083e+02   1.7950523e-04   9.9253523e-01
   9.8713297e+02   1.6807417e+02   1.7820796e-04   9.9257339e-01
   9.8721000e+02   1.6808750e+02   1.7692556e-04   9.9261193e-01
   9.8726798e+02   1.6810083e+02   1.7576624e-04   9.9265070e-01
   9.8733597e+02   1.6811417e+02   1.7465771e-04   9.9268905e-01
   9.8739701e+02   1.6812750e+02   1.7356296e-04   9.9272734e-01
   9.8746598e+02   1.6814083e+02   1.7259593e-04   9.9276443e-01
   9.8753000e+02   1.6815417e+02   1.7229334e-04   9.9280075e-01
   9.8759598e+02   1.6816750e+02   1.7133058e-04   9.9283673e-01
   9.8767002e+02   1.6818083e+02   1.7075228e-04   9.9287174e-01
   9.8773502e+02   1.6819417e+02   1.7035934e-04   9.9290628e-01
   9.8780302e+02   1.6820750e+02   1.6981083e-04   9.9294046e-01
   9.8786600e+02   1.6822083e+02   1.6939157e-04   9.9297435e-01
   9.8793101e+02   1.6823417e+02   1.6909384e-04   9.9300797e-01
   9.8800101e+02   1.6824750e+02   1.6888259e-04   9.9304137e-01
   9.8807200e+02   1.6826083e+02   1.6906769e-04   9.9307449e-01
   9.8813499e+02   1.6827417e+02   1.6857652e-04   9.9310734e-01
   9.8819901e+02   1.6828750e+02   1.6846257e-04   9.9314092e-01
   9.8827201e+02   1.6830083e+02   1.6811972e-04   9.9317412e-01
   9.8833103e+02   1.6831417e+02   1.6814663e-04   9.9320791e-01
   9.8840000e+02   1.6832750e+02   1.6746609e-04   9.9324166e-01
   9.8846201e+02   1.6834083e+02   1.6720052e-04   9.9327535e-01
   9.8853397e+02   1.6835417e+02   1.6723873e-04   9.9330888e-01
   9.8860502e+02   1.6836750e+02   1.6647266e-04   9.9334268e-01
   9.8865897e+02   1.6838083e+02   1.6630372e-04   9.9337568e-01
   9.8873002e+02   1.6839417e+02   1.6575352e-04   9.9340884e-01
   9.8880198e+02   1.6840750e+02   1.6548149e-04   9.9344154e-01
   9.8886600e+02   1.6842083e+02   1.6488419e-04   9.9347376e-01
   9.8893802e+02   1.6843417e+02   1.6414024e-04   9.9350542e-01
   9.8901102e+02   1.6844750e+02   1.6412572e-04   9.9353750e-01
   9.8907999e+02   1.6846083e+02   1.6332704e-04   9.9356953e-01
   9.8914701e+02   1.6847417e+02   1.6315069e-04   9.9360212e-01
   9.8920798e+02   1.6848750e+02   1.6341189e-04   9.9363585e-01
   9.8927701e+02   1.6850083e+02   1.6333226e-04   9.9366920e-01
   9.8932999e+02   1.6851417e+02   1.6316353e-04   9.9370218e-01
   9.8939799e+02   1.6852750e+02   1.6351818e-04   9.9373536e-01
   9.8947202e+02   1.6854083e+02   1.6390944e-04   9.9376713e-01
   9.8953898e+02   1.6855417e+02   1.6388177e-04   9.9379743e-01
   9.8960001e+02   1.6856750e+02   1.6440885e-04   9.9382559e-01
   9.8966898e+02   1.6858083e+02   1.6438834e-04   9.9385258e-01
   9.8972202e+02   1.6859417e+02   1.6438136e-04   9.9387780e-01
   9.8980503e+02   1.6860750e+02   1.6473622e-04   9.9390171e-01
   9.8986301e+02   1.6862083e+02   1.6478247e-04   9.9392426e-01
   9.8993400e+02   1.6863417e+02   1.6494050e-04   9.9394486e-01
   9.9000199e+02   1.6864750e+02   1.6506032e-04   9.9396395e-01
   9.9006400e+02   1.6866083e+02   1.6480113e-04   9.9398151e-01
   9.9013602e+02   1.6867417e+02   1.6466431e-04   9.9399747e-01
   9.9020902e+02   1.6868750e+02   1.6479425e-04   9.9401235e-01
   9.9027701e+02   1.6870083e+02   1.6489244e-04   9.9402561e-01
   9.9034098e+02   1.6871417e+02   1.6499230e-04   9.9403774e-01
   9.9040299e+02   1.6872750e+02   1.6515329e-04   9.9404828e-01
   9.9047501e+02   1.6874083e+02   1.6497623e-04   9.9405769e-01
   9.9054203e+02   1.6875417e+02   1.6528714e-04   9.9406596e-01
   9.9060099e+02   1.6876750e+02   1.6516724e-04   9.9407206e-01
   9.9067698e+02   1.6878083e+02   1.6545959e-04   9.9407704e-01
   9.9073899e+02   1.6879417e+02   1.6519522e-04   9.9407994e-01
   9.9080997e+02   1.6880750e+02   1.6557601e-04   9.9408184e-01
   9.9087498e+02   1.6882083e+02   1.6583704e-04   9.9408124e-01
   9.9094199e+02   1.6883417e+02   1.6632979e-04   9.9407971e-01
   9.9099802e+02   1.6884750e+02   1.6665842e-04   9.9407724e-01
   9.9107102e+02   1.6886083e+02   1.6718672e-04   9.9407339e-01
   9.9113499e+02   1.6887417e+02   1.6729749e-04   9.9406868e-01
   9.9119602e+02   1.6888750e+02   1.6743234e-04   9.9406265e-01
   9.9127201e+02   1.6890083e+02   1.6776402e-04   9.9405488e-01
   9.9132999e+02   1.6891417e+02   1.6778889e-04   9.9404597e-01
   9.9140201e+02   1.6892750e+02   1.6779022e-04   9.9403550e-01
   9.9147098e+02   1.6894083e+02   1.6767870e-04   9.9402453e-01
   9.9153800e+02   1.6895417e+02   1.6765204e-04   9.9401261e-01
   9.9161100e+02   1.6896750e+02   1.6765061e-04   9.9400088e-01
   9.9168198e+02   1.6898083e+02   1.6756214e-04   9.9398945e-01
   9.9174302e+02   1.6899417e+02   1.6748454e-04   9.9397791e-01
   9.9181699e+02   1.6900750e+02   1.6753393e-04   9.9396684e-01
   9.9187302e+02   1.6902083e+02   1.6742512e-04   9.9395633e-01
   9.9195103e+02   1.6903417e+02   1.6756377e-04   9.9394588e-01
   9.9200303e+02   1.6904750e+02   1.6738494e-04   9.9393505e-01
   9.9206998e+02   1.6906083e+02   1.6714113e-04   9.9392446e-01
   9.9214103e+02   1.6907417e+02   1.6696739e-04   9.9391415e-01
   9.9220298e+02   1.6908750e+02   1.6674033e-04   9.9390463e-01
   9.9226298e+02   1.6910083e+02   1.6656042e-04   9.9389588e-01
   9.9233903e+02   1.6911417e+02   1.6604936e-04   9.9388794e-01
   9.9240500e+02   1.6912750e+02   1.6558559e-04   9.9388184e-01
   9.9246897e+02   1.6914083e+02   1.6505134e-04   9.9387764e-01
   9.9254099e+02   1.6915417e+02   1.6432665e-04   9.9387489e-01
   9.9260898e+02   1.6916750e+02   1.6352537e-04   9.9387362e-01
   9.9267502e+02   1.6918083e+02   1.6262957e-04   9.9387435e-01
   9.9275101e+02   1.6919417e+02   1.6170766e-04   9.9387708e-01
   9.9280601e+02   1.6920750e+02   1.6061870e-04   9.9388126e-01
   9.9287699e+02   1.6922083e+02   1.5970524e-04   9.9388692e-01
   9.9294700e+02   1.6923417e+02   1.5861682e-04   9.9389301e-01
   9.9300699e+02   1.6924750e+02   1.5765279e-04   9.9390059e-01
   9.9307999e+02   1.6926083e+02   1.5662042e-04   9.9390972e-01
   9.9314701e+02   1.6927417e+02   1.5562682e-04   9.9391992e-01
   9.9321598e+02   1.6928750e+02   1.5458678e-04   9.9393127e-01
   9.9328599e+02   1.6930083e+02   1.5349017e-04   9.9394225e-01
   9.9334098e+02   1.6931417e+02   1.5242951e-04   9.9395281e-01
   9.9341001e+02   1.6932750e+02   1.5147468e-04   9.9396136e-01
   9.9348002e+02   1.6934083e+02   1.5046881e-04   9.9396936e-01
   9.9355100e+02   1.6935417e+02   1.4953562e-04   9.9397575e-01
   9.9361100e+02   1.6936750e+02   1.4849805e-04   9.9398207e-01
   9.9367100e+02   1.6938083e+02   1.4748454e-04   9.9398730e-01
   9.9374601e+02   1.6939417e+02   1.4632892e-04   9.9399144e-01
   9.9381101e+02   1.6940750e+02   1.4508608e-04   9.9399496e-01
   9.9388602e+02   1.6942083e+02   1.4380153e-04   9.9399831e-01
   9.9394797e+02   1.6943417e+02   1.4246311e-04   9.9400089e-01
   9.9401401e+02   1.6944750e+02   1.4105522e-04   9.9400369e-01
   9.9407603e+02   1.6946083e+02   1.3955902e-04   9.9400610e-01
   9.9414597e+02   1.6947417e+02   1.3789351e-04   9.9400914e-01
   9.9420902e+02   1.6948750e+02   1.3615733e-04   9.9401177e-01
   9.9428098e+02   1.6950083e+02   1.3430475e-04   9.9401399e-01
   9.9434397e+02   1.6951417e+02   1.3234133e-04   9.9401534e-01
   9.9441398e+02   1.6952750e+02   1.3016056e-04   9.9401642e-01
   9.9448002e+02   1.6954083e+02   1.2791600e-04   9.9401836e-01
   9.9455002e+02   1.6955417e+02   1.2546021e-04   9.9402072e-01
   9.9461600e+02   1.6956750e+02   1.2307901e-04   9.9402309e-01
   9.9467698e+02   1.6958083e+02   1.2024098e-04   9.9402604e-01
   9.9474802e+02   1.6959417e+02   1.1730402e-04   9.9402909e-01
   9.9481699e+02   1.6960750e+02   1.1449044e-04   9.9403231e-01
   9.9488102e+02   1.6962083e+02   1.1163510e-04   9.9403519e-01
   9.9494700e+02   1.6963417e+02   1.0834585e-04   9.9403824e-01
   9.9501298e+02   1.6964750e+02   1.0526205e-04   9.9404092e-01
   9.9507700e+02   1.6966083e+02   1.0206025e-04   9.9404222e-01
   9.9514701e+02   1.6967417e+02   9.9026403e-05   9.9404369e-01
   9.9521598e+02   1.6968750e+02   9.6064168e-05   9.9404433e-01
   9.9527701e+02   1.6970083e+02   9.3150240e-05   9.9404363e-01
   9.9534800e+02   1.6971417e+02   8.9912046e-05   9.9404269e-01
   9.9542600e+02   1.6972750e+02   8.7124692e-05   9.9404099e-01
   9.9548002e+02   1.6974083e+02   8.4105906e-05   9.9403854e-01
   9.9554801e+02   1.6975417e+02   8.1535887e-05   9.9403587e-01
   9.9561600e+02   1.6976750e+02   7.8902900e-05   9.9403248e-01
   9.9568802e+02   1.6978083e+02   7.5852941e-05   9.9402835e-01
   9.9575400e+02   1.6979417e+02   7.3474637e-05   9.9402354e-01
   9.9582297e+02   1.6980750e+02   7.1007636e-05   9.9401814e-01
   9.9588700e+02   1.6982083e+02   6.8155719e-05   9.9401168e-01
   9.9595499e+02   1.6983417e+02   6.5695105e-05   9.9400475e-01
   9.9602402e+02   1.6984750e+02   6.2998146e-05   9.9399789e-01
   9.9608597e+02   1.6986083e+02   6.0283965e-05   9.9399067e-01
   9.9614799e+02   1.6987417e+02   5.7843753e-05   9.9398364e-01
   9.9622098e+02   1.6988750e+02   5.5773333e-05   9.9397634e-01
   9.9628599e+02   1.6990083e+02   5.3253657e-05   9.9396932e-01
   9.9634299e+02   1.6991417e+02   5.1184852e-05   9.9396260e-01
   9.9642301e+02   1.6992750e+02   4.9752980e-05   9.9395621e-01
   9.9647703e+02   1.6994083e+02   4.8093268e-05   9.9395017e-01
   9.9654301e+02   1.6995417e+02   4.6553117e-05   9.9394449e-01
   9.9661600e+02   1.6996750e+02   4.5803810e-05   9.9393967e-01
   9.9667802e+02   1.6998083e+02   4.4711465e-05   9.9393615e-01
   9.9674601e+02   1.6999417e+02   4.3987801e-05   9.9393289e-01
   9.9682999e+02   1.7000750e+02   4.3789970e-05   9.9393087e-01
   9.9688401e+02   1.7002083e+02   4.3682501e-05   9.9393000e-01
   9.9694901e+02   1.7003417e+02   4.5155446e-05   9.9392972e-01
   9.9701902e+02   1.7004750e+02   4.5457872e-05   9.9393000e-01
   9.9708597e+02   1.7006083e+02   4.6572499e-05   9.9393088e-01
   9.9714799e+02   1.7007417e+02   4.6868998e-05   9.9393229e-01
   9.9722001e+02   1.7008750e+02   4.8694683e-05   9.9393416e-01
   9.9728898e+02   1.7010083e+02   4.9968501e-05   9.9393653e-01
   9.9735203e+02   1.7011417e+02   5.2515616e-05   9.9393940e-01
   9.9741703e+02   1.7012750e+02   5.4706277e-05   9.9394385e-01
   9.9748801e+02   1.7014083e+02   5.7077672e-05   9.9394836e-01
   9.9755002e+02   1.7015417e+02   5.9470765e-05   9.9395501e-01
   9.9762101e+02   1.7016750e+02   6.2165984e-05   9.9396177e-01
   9.9768497e+02   1.7018083e+02   6.4976209e-05   9.9396867e-01
   9.9775498e+02   1.7019417e+02   6.7544644e-05   9.9397674e-01
   9.9781901e+02   1.7020750e+02   7.0660248e-05   9.9398548e-01
   9.9788700e+02   1.7022083e+02   7.3749133e-05   9.9399491e-01
   9.9795798e+02   1.7023417e+02   7.7177221e-05   9.9400614e-01
   9.9802299e+02   1.7024750e+02   8.0706143e-05   9.9401822e-01
   9.9809098e+02   1.7026083e+02   8.4259856e-05   9.9403226e-01
   9.9815500e+02   1.7027417e+02   8.7924115e-05   9.9404722e-01
   9.9822397e+02   1.7028750e+02   9.2028439e-05   9.9406316e-01
   9.9828599e+02   1.7030083e+02   9.6254378e-05   9.9408064e-01
   9.9834397e+02   1.7031417e+02   1.0043238e-04   9.9409961e-01
   9.9841898e+02   1.7032750e+02   1.0502710e-04   9.9411959e-01
   9.9848899e+02   1.7034083e+02   1.0938465e-04   9.9414058e-01
   9.9855100e+02   1.7035417e+02   1.1420011e-04   9.9416258e-01
   9.9861899e+02   1.7036750e+02   1.1852637e-04   9.9418507e-01
   9.9868699e+02   1.7038083e+02   1.2290819e-04   9.9420911e-01
   9.9875400e+02   1.7039417e+02   1.2814397e-04   9.9423473e-01
   9.9882200e+02   1.7040750e+02   1.3302316e-04   9.9426094e-01
   9.9888401e+02   1.7042083e+02   1.3777996e-04   9.9428768e-01
   9.9895499e+02   1.7043417e+02   1.4298081e-04   9.9431393e-01
   9.9901603e+02   1.7044750e+02   1.4815885e-04   9.9434026e-01
   9.9908201e+02   1.7046083e+02   1.5312851e-04   9.9436564e-01
   9.9914701e+02   1.7047417e+02   1.5828242e-04   9.9439060e-01
   9.9921897e+02   1.7048750e+02   1.6359333e-04   9.9441514e-01
   9.9927799e+02   1.7050083e+02   1.6926278e-04   9.9443976e-01
   9.9934897e+02   1.7051417e+02   1.7438278e-04   9.9446434e-01
   9.9942399e+02   1.7052750e+02   1.8017064e-04   9.9448874e-01
   9.9948801e+02   1.7054083e+02   1.8528897e-04   9.9451280e-01
   9.9955802e+02   1.7055417e+02   1.8995259e-04   9.9453693e-01
   9.9961997e+02   1.7056750e+02   1.9486146e-04   9.9456103e-01
   9.9968601e+02   1.7058083e+02   1.9989218e-04   9.9458499e-01
   9.9976102e+02   1.7059417e+02   2.0437680e-04   9.9460872e-01
   9.9982102e+02   1.7060750e+02   2.0903734e-04   9.9463260e-01
   9.9989298e+02   1.7062083e+02   2.1313968e-04   9.9465652e-01
   9.9995798e+02   1.7063417e+02   2.1719619e-04   9.9468094e-01
   1.0000210e+03   1.7064750e+02   2.2070471e-04   9.9470525e-01
   1.0000830e+03   1.7066083e+02   2.2406510e-04   9.9472998e-01
   1.0001560e+03   1.7067417e+02   2.2732301e-04   9.9475456e-01
   1.0002290e+03   1.7068750e+02   2.3033977e-04   9.9477949e-01
   1.0002920e+03   1.7070083e+02   2.3289636e-04   9.9480424e-01
   1.0003620e+03   1.7071417e+02   2.3539576e-04   9.9482930e-01
   1.0004210e+03   1.7072750e+02   2.3781781e-04   9.9485467e-01
   1.0004970e+03   1.7074083e+02   2.3989396e-04   9.9488077e-01
   1.0005590e+03   1.7075417e+02   2.4166969e-04   9.9490643e-01
   1.0006320e+03   1.7076750e+02   2.4320902e-04   9.9493156e-01
   1.0006860e+03   1.7078083e+02   2.4502452e-04   9.9495558e-01
   1.0007590e+03   1.7079417e+02   2.4615034e-04   9.9497887e-01
   1.0008230e+03   1.7080750e+02   2.4706785e-04   9.9500032e-01
   1.0008980e+03   1.7082083e+02   2.4766263e-04   9.9502090e-01
   1.0009570e+03   1.7083417e+02   2.4795471e-04   9.9504106e-01
   1.0010330e+03   1.7084750e+02   2.4802974e-04   9.9506077e-01
   1.0010930e+03   1.7086083e+02   2.4787737e-04   9.9508051e-01
   1.0011540e+03   1.7087417e+02   2.4749126e-04   9.9509969e-01
   1.0012320e+03   1.7088750e+02   2.4690259e-04   9.9511821e-01
   1.0012960e+03   1.7090083e+02   2.4604246e-04   9.9513654e-01
   1.0013640e+03   1.7091417e+02   2.4510976e-04   9.9515456e-01
   1.0014250e+03   1.7092750e+02   2.4379397e-04   9.9517165e-01
   1.0014930e+03   1.7094083e+02   2.4239368e-04   9.9518780e-01
   1.0015600e+03   1.7095417e+02   2.4084329e-04   9.9520201e-01
   1.0016210e+03   1.7096750e+02   2.3915536e-04   9.9521523e-01
   1.0016870e+03   1.7098083e+02   2.3749700e-04   9.9522643e-01
   1.0017610e+03   1.7099417e+02   2.3572066e-04   9.9523672e-01
   1.0018260e+03   1.7100750e+02   2.3369406e-04   9.9524513e-01
   1.0018950e+03   1.7102083e+02   2.3179381e-04   9.9525221e-01
   1.0019630e+03   1.7103417e+02   2.2970742e-04   9.9525858e-01
   1.0020200e+03   1.7104750e+02   2.2780869e-04   9.9526382e-01
   1.0020890e+03   1.7106083e+02   2.2537745e-04   9.9526800e-01
   1.0021580e+03   1.7107417e+02   2.2333219e-04   9.9527117e-01
   1.0022290e+03   1.7108750e+02   2.2127911e-04   9.9527341e-01
   1.0022880e+03   1.7110083e+02   2.1912967e-04   9.9527478e-01
   1.0023550e+03   1.7111417e+02   2.1709174e-04   9.9527535e-01
   1.0024190e+03   1.7112750e+02   2.1494477e-04   9.9527479e-01
   1.0024980e+03   1.7114083e+02   2.1299629e-04   9.9527380e-01
   1.0025580e+03   1.7115417e+02   2.1109516e-04   9.9527254e-01
   1.0026270e+03   1.7116750e+02   2.0919503e-04   9.9527117e-01
   1.0026990e+03   1.7118083e+02   2.0761922e-04   9.9526933e-01
   1.0027550e+03   1.7119417e+02   2.0620731e-04   9.9526816e-01
   1.0028250e+03   1.7120750e+02   2.0492298e-04   9.9526675e-01
   1.0028950e+03   1.7122083e+02   2.0391313e-04   9.9526624e-01
   1.0029630e+03   1.7123417e+02   2.0291738e-04   9.9526620e-01
   1.0030320e+03   1.7124750e+02   2.0202817e-04   9.9526621e-01
   1.0030940e+03   1.7126083e+02   2.0139183e-04   9.9526688e-01
   1.0031580e+03   1.7127417e+02   2.0080175e-04   9.9526827e-01
   1.0032290e+03   1.7128750e+02   2.0040437e-04   9.9527045e-01
   1.0032980e+03   1.7130083e+02   2.0006141e-04   9.9527246e-01
   1.0033650e+03   1.7131417e+02   1.9980082e-04   9.9527379e-01
   1.0034260e+03   1.7132750e+02   1.9970546e-04   9.9527558e-01
   1.0034990e+03   1.7134083e+02   1.9930335e-04   9.9527682e-01
   1.0035610e+03   1.7135417e+02   1.9901147e-04   9.9527848e-01
   1.0036350e+03   1.7136750e+02   1.9861870e-04   9.9528004e-01
   1.0036960e+03   1.7138083e+02   1.9844642e-04   9.9528206e-01
   1.0037670e+03   1.7139417e+02   1.9815233e-04   9.9528506e-01
   1.0038310e+03   1.7140750e+02   1.9770860e-04   9.9528801e-01
   1.0039000e+03   1.7142083e+02   1.9722767e-04   9.9529141e-01
   1.0039680e+03   1.7143417e+02   1.9673850e-04   9.9529579e-01
   1.0040310e+03   1.7144750e+02   1.9610085e-04   9.9530067e-01
   1.0040900e+03   1.7146083e+02   1.9555983e-04   9.9530603e-01
   1.0041640e+03   1.7147417e+02   1.9481770e-04   9.9531195e-01
   1.0042280e+03   1.7148750e+02   1.9411629e-04   9.9531838e-01
   1.0042990e+03   1.7150083e+02   1.9339780e-04   9.9532583e-01
   1.0043690e+03   1.7151417e+02   1.9272022e-04   9.9533530e-01
   1.0044380e+03   1.7152750e+02   1.9168675e-04   9.9534524e-01
   1.0045030e+03   1.7154083e+02   1.9062958e-04   9.9535658e-01
   1.0045820e+03   1.7155417e+02   1.8972244e-04   9.9536930e-01
   1.0046390e+03   1.7156750e+02   1.8880919e-04   9.9538333e-01
   1.0046980e+03   1.7158083e+02   1.8777749e-04   9.9539862e-01
   1.0047660e+03   1.7159417e+02   1.8673642e-04   9.9541464e-01
   1.0048380e+03   1.7160750e+02   1.8568230e-04   9.9543179e-01
   1.0048940e+03   1.7162083e+02   1.8455531e-04   9.9545007e-01
   1.0049650e+03   1.7163417e+02   1.8335869e-04   9.9546938e-01
   1.0050280e+03   1.7164750e+02   1.8217711e-04   9.9548861e-01
   1.0050990e+03   1.7166083e+02   1.8087220e-04   9.9550923e-01
   1.0051700e+03   1.7167417e+02   1.7945659e-04   9.9553017e-01
   1.0052430e+03   1.7168750e+02   1.7809881e-04   9.9555185e-01
   1.0052970e+03   1.7170083e+02   1.7647135e-04   9.9557425e-01
   1.0053700e+03   1.7171417e+02   1.7471484e-04   9.9559778e-01
   1.0054320e+03   1.7172750e+02   1.7319331e-04   9.9562229e-01
   1.0055000e+03   1.7174083e+02   1.7122045e-04   9.9564820e-01
   1.0055730e+03   1.7175417e+02   1.6907870e-04   9.9567437e-01
   1.0056280e+03   1.7176750e+02   1.6676710e-04   9.9570182e-01
   1.0057040e+03   1.7178083e+02   1.6418100e-04   9.9573010e-01
   1.0057730e+03   1.7179417e+02   1.6143321e-04   9.9575974e-01
   1.0058370e+03   1.7180750e+02   1.5844019e-04   9.9578982e-01
   1.0059090e+03   1.7182083e+02   1.5532862e-04   9.9582190e-01
   1.0059750e+03   1.7183417e+02   1.5206275e-04   9.9585588e-01
   1.0060380e+03   1.7184750e+02   1.4861620e-04   9.9589060e-01
   1.0061080e+03   1.7186083e+02   1.4509658e-04   9.9592643e-01
   1.0061770e+03   1.7187417e+02   1.4143007e-04   9.9596225e-01
   1.0062390e+03   1.7188750e+02   1.3766280e-04   9.9599797e-01
   1.0063060e+03   1.7190083e+02   1.3388366e-04   9.9603355e-01
   1.0063800e+03   1.7191417e+02   1.2997631e-04   9.9606892e-01
   1.0064470e+03   1.7192750e+02   1.2594197e-04   9.9610401e-01
   1.0065050e+03   1.7194083e+02   1.2208847e-04   9.9613869e-01
   1.0065810e+03   1.7195417e+02   1.1799165e-04   9.9617239e-01
   1.0066420e+03   1.7196750e+02   1.1410162e-04   9.9620551e-01
   1.0067020e+03   1.7198083e+02   1.1029073e-04   9.9623749e-01
   1.0067680e+03   1.7199417e+02   1.0657803e-04   9.9626878e-01
   1.0068310e+03   1.7200750e+02   1.0283816e-04   9.9629934e-01
   1.0069070e+03   1.7202083e+02   9.9078058e-05   9.9632862e-01
   1.0069730e+03   1.7203417e+02   9.5252025e-05   9.9635614e-01
   1.0070500e+03   1.7204750e+02   9.1368171e-05   9.9638291e-01
   1.0070960e+03   1.7206083e+02   8.7496093e-05   9.9640790e-01
   1.0071740e+03   1.7207417e+02   8.3513870e-05   9.9643007e-01
   1.0072370e+03   1.7208750e+02   7.9454518e-05   9.9645038e-01
   1.0073100e+03   1.7210083e+02   7.5388811e-05   9.9646883e-01
   1.0073830e+03   1.7211417e+02   7.1228546e-05   9.9648595e-01
   1.0074360e+03   1.7212750e+02   6.7154739e-05   9.9650069e-01
   1.0075040e+03   1.7214083e+02   6.3212721e-05   9.9651414e-01
   1.0075720e+03   1.7215417e+02   5.9190166e-05   9.9652632e-01
   1.0076400e+03   1.7216750e+02   5.5441412e-05   9.9653618e-01
   1.0077060e+03   1.7218083e+02   5.1743531e-05   9.9654474e-01
   1.0077830e+03   1.7219417e+02   4.8207772e-05   9.9655143e-01
   1.0078500e+03   1.7220750e+02   4.4728315e-05   9.9655617e-01
   1.0079100e+03   1.7222083e+02   4.1474132e-05   9.9655891e-01
   1.0079710e+03   1.7223417e+02   3.8241190e-05   9.9655956e-01
   1.0080380e+03   1.7224750e+02   3.5126193e-05   9.9655751e-01
   1.0081090e+03   1.7226083e+02   3.2123870e-05   9.9655317e-01
   1.0081760e+03   1.7227417e+02   2.9210023e-05   9.9654703e-01
   1.0082430e+03   1.7228750e+02   2.6501892e-05   9.9653962e-01
   1.0083000e+03   1.7230083e+02   2.3751243e-05   9.9652985e-01
   1.0083750e+03   1.7231417e+02   2.1255052e-05   9.9651971e-01
   1.0084400e+03   1.7232750e+02   1.9001361e-05   9.9650866e-01
   1.0085000e+03   1.7234083e+02   1.6483114e-05   9.9649619e-01
   1.0085710e+03   1.7235417e+02   1.4060284e-05   9.9648282e-01
   1.0086460e+03   1.7236750e+02   1.1926094e-05   9.9646853e-01
   1.0087160e+03   1.7238083e+02   9.7117533e-06   9.9645284e-01
   1.0087760e+03   1.7239417e+02   7.5428243e-06   9.9643482e-01
   1.0088450e+03   1.7240750e+02   5.6235554e-06   9.9641461e-01
   1.0089110e+03   1.7242083e+02   3.6888193e-06   9.9639236e-01
   1.0089720e+03   1.7243417e+02   1.9770368e-06   9.9636773e-01
   1.0090420e+03   1.7244750e+02   4.5246179e-09   9.9634185e-01
   1.0091100e+03   1.7246083e+02  -1.7456269e-06   9.9631544e-01
   1.0091750e+03   1.7247417e+02  -3.6883185e-06   9.9628915e-01
   1.0092380e+03   1.7248750e+02  -5.5861971e-06   9.9626305e-01
   1.0093060e+03   1.7250083e+02  -7.7014372e-06   9.9623725e-01
   1.0093750e+03   1.7251417e+02  -9.4175180e-06   9.9621136e-01
   1.0094420e+03   1.7252750e+02  -1.1456138e-05   9.9618593e-01
   1.0095140e+03   1.7254083e+02  -1.3482533e-05   9.9616054e-01
   1.0095810e+03   1.7255417e+02  -1.5454709e-05   9.9613480e-01
   1.0096440e+03   1.7256750e+02  -1.7358805e-05   9.9610928e-01
   1.0097090e+03   1.7258083e+02  -1.9031873e-05   9.9608505e-01
   1.0097820e+03   1.7259417e+02  -2.0767040e-05   9.9606113e-01
   1.0098380e+03   1.7260750e+02  -2.2860441e-05   9.9603806e-01
   1.0099100e+03   1.7262083e+02  -2.4132656e-05   9.9601584e-01
   1.0099800e+03   1.7263417e+02  -2.5589748e-05   9.9599453e-01
   1.0100480e+03   1.7264750e+02  -2.6777154e-05   9.9597474e-01
   1.0101160e+03   1.7266083e+02  -2.7845791e-05   9.9595603e-01
   1.0101750e+03   1.7267417e+02  -2.8665869e-05   9.9593853e-01
   1.0102480e+03   1.7268750e+02  -2.9772780e-05   9.9592172e-01
   1.0103140e+03   1.7270083e+02  -3.0671122e-05   9.9590619e-01
   1.0103750e+03   1.7271417e+02  -3.1399826e-05   9.9589199e-01
   1.0104450e+03   1.7272750e+02  -3.2268363e-05   9.9587866e-01
   1.0105150e+03   1.7274083e+02  -3.2537954e-05   9.9586627e-01
   1.0105940e+03   1.7275417e+02  -3.3422080e-05   9.9585488e-01
   1.0106370e+03   1.7276750e+02  -3.3594606e-05   9.9584506e-01
   1.0107040e+03   1.7278083e+02  -3.4095366e-05   9.9583585e-01
   1.0107690e+03   1.7279417e+02  -3.3886010e-05   9.9582788e-01
   1.0108400e+03   1.7280750e+02  -3.4505319e-05   9.9582176e-01
   1.0109080e+03   1.7282083e+02  -3.4781516e-05   9.9581700e-01
   1.0109770e+03   1.7283417e+02  -3.5403600e-05   9.9581364e-01
   1.0110390e+03   1.7284750e+02  -3.5619119e-05   9.9581164e-01
   1.0111090e+03   1.7286083e+02  -3.6098119e-05   9.9581147e-01
   1.0111730e+03   1.7287417e+02  -3.6212052e-05   9.9581207e-01
   1.0112340e+03   1.7288750e+02  -3.6444503e-05   9.9581393e-01
   1.0113100e+03   1.7290083e+02  -3.6646741e-05   9.9581646e-01
   1.0113750e+03   1.7291417e+02  -3.6645776e-05   9.9581968e-01
   1.0114420e+03   1.7292750e+02  -3.6604768e-05   9.9582408e-01
   1.0115040e+03   1.7294083e+02  -3.6236689e-05   9.9582864e-01
   1.0115760e+03   1.7295417e+02  -3.5983931e-05   9.9583386e-01
   1.0116480e+03   1.7296750e+02  -3.5803696e-05   9.9583925e-01
   1.0117160e+03   1.7298083e+02  -3.5485658e-05   9.9584532e-01
   1.0117770e+03   1.7299417e+02  -3.5419290e-05   9.9585156e-01
   1.0118410e+03   1.7300750e+02  -3.5459852e-05   9.9585849e-01
   1.0119130e+03   1.7302083e+02  -3.5549175e-05   9.9586560e-01
   1.0119860e+03   1.7303417e+02  -3.5763341e-05   9.9587342e-01
   1.0120430e+03   1.7304750e+02  -3.6212497e-05   9.9588086e-01
   1.0121170e+03   1.7306083e+02  -3.6723326e-05   9.9588786e-01
   1.0121810e+03   1.7307417e+02  -3.7616021e-05   9.9589433e-01
   1.0122430e+03   1.7308750e+02  -3.8615252e-05   9.9590075e-01
   1.0123220e+03   1.7310083e+02  -3.9763103e-05   9.9590709e-01
   1.0123750e+03   1.7311417e+02  -4.0798646e-05   9.9591433e-01
   1.0124440e+03   1.7312750e+02  -4.2004217e-05   9.9592144e-01
   1.0125140e+03   1.7314083e+02  -4.3261575e-05   9.9592947e-01
   1.0125710e+03   1.7315417e+02  -4.4702965e-05   9.9593732e-01
   1.0126450e+03   1.7316750e+02  -4.5920938e-05   9.9594383e-01
   1.0127200e+03   1.7318083e+02  -4.7278847e-05   9.9594991e-01
   1.0127780e+03   1.7319417e+02  -4.8510155e-05   9.9595436e-01
   1.0128420e+03   1.7320750e+02  -4.9699083e-05   9.9595817e-01
   1.0129040e+03   1.7322083e+02  -5.0875340e-05   9.9596176e-01
   1.0129720e+03   1.7323417e+02  -5.2063822e-05   9.9596456e-01
   1.0130430e+03   1.7324750e+02  -5.3161617e-05   9.9596655e-01
   1.0131160e+03   1.7326083e+02  -5.4234731e-05   9.9596766e-01
   1.0131880e+03   1.7327417e+02  -5.5342387e-05   9.9596780e-01
   1.0132440e+03   1.7328750e+02  -5.6387809e-05   9.9596792e-01
   1.0133070e+03   1.7330083e+02  -5.7378350e-05   9.9596639e-01
   1.0133790e+03   1.7331417e+02  -5.8514992e-05   9.9596470e-01
   1.0134520e+03   1.7332750e+02  -5.9598365e-05   9.9596225e-01
   1.0135130e+03   1.7334083e+02  -6.0866692e-05   9.9595800e-01
   1.0135880e+03   1.7335417e+02  -6.2025752e-05   9.9595201e-01
   1.0136450e+03   1.7336750e+02  -6.3204270e-05   9.9594543e-01
   1.0137150e+03   1.7338083e+02  -6.4338743e-05   9.9593727e-01
   1.0137830e+03   1.7339417e+02  -6.5307441e-05   9.9592862e-01
   1.0138490e+03   1.7340750e+02  -6.6145299e-05   9.9592007e-01
   1.0139130e+03   1.7342083e+02  -6.6836732e-05   9.9591064e-01
   1.0139840e+03   1.7343417e+02  -6.7364881e-05   9.9590142e-01
   1.0140440e+03   1.7344750e+02  -6.7723197e-05   9.9589190e-01
   1.0141180e+03   1.7346083e+02  -6.8059429e-05   9.9588217e-01
   1.0141860e+03   1.7347417e+02  -6.8259158e-05   9.9587234e-01
   1.0142540e+03   1.7348750e+02  -6.8470501e-05   9.9586194e-01
   1.0143080e+03   1.7350083e+02  -6.8667367e-05   9.9585208e-01
   1.0143830e+03   1.7351417e+02  -6.8923353e-05   9.9584225e-01
   1.0144550e+03   1.7352750e+02  -6.8947625e-05   9.9583197e-01
   1.0145180e+03   1.7354083e+02  -6.9000921e-05   9.9582130e-01
   1.0145810e+03   1.7355417e+02  -6.8923343e-05   9.9581030e-01
   1.0146490e+03   1.7356750e+02  -6.8926257e-05   9.9579949e-01
   1.0147210e+03   1.7358083e+02  -6.8428111e-05   9.9578840e-01
   1.0147860e+03   1.7359417e+02  -6.7768910e-05   9.9577755e-01
   1.0148500e+03   1.7360750e+02  -6.7361506e-05   9.9576741e-01
   1.0149170e+03   1.7362083e+02  -6.6653372e-05   9.9575699e-01
   1.0149780e+03   1.7363417e+02  -6.5421512e-05   9.9574681e-01
   1.0150480e+03   1.7364750e+02  -6.4426761e-05   9.9573577e-01
   1.0151170e+03   1.7366083e+02  -6.3239729e-05   9.9572431e-01
   1.0151750e+03   1.7367417e+02  -6.2064019e-05   9.9571340e-01
   1.0152480e+03   1.7368750e+02  -6.0893403e-05   9.9570197e-01
   1.0153220e+03   1.7370083e+02  -5.9393411e-05   9.9568996e-01
   1.0153760e+03   1.7371417e+02  -5.7340135e-05   9.9567785e-01
   1.0154480e+03   1.7372750e+02  -5.6312971e-05   9.9566676e-01
   1.0155120e+03   1.7374083e+02  -5.4432525e-05   9.9565677e-01
   1.0155810e+03   1.7375417e+02  -5.2690503e-05   9.9564798e-01
   1.0156500e+03   1.7376750e+02  -5.0915725e-05   9.9564154e-01
   1.0157210e+03   1.7378083e+02  -4.8396618e-05   9.9563596e-01
   1.0157870e+03   1.7379417e+02  -4.6455972e-05   9.9563234e-01
   1.0158560e+03   1.7380750e+02  -4.4118306e-05   9.9562917e-01
   1.0159130e+03   1.7382083e+02  -4.1273224e-05   9.9562644e-01
   1.0159920e+03   1.7383417e+02  -3.8590350e-05   9.9562465e-01
   1.0160480e+03   1.7384750e+02  -3.5323032e-05   9.9562382e-01
   1.0161210e+03   1.7386083e+02  -3.1746592e-05   9.9562293e-01
   1.0161790e+03   1.7387417e+02  -2.8128204e-05   9.9562302e-01
   1.0162560e+03   1.7388750e+02  -2.4360977e-05   9.9562369e-01
   1.0163280e+03   1.7390083e+02  -2.0033795e-05   9.9562497e-01
   1.0163830e+03   1.7391417e+02  -1.5896403e-05   9.9562633e-01
   1.0164620e+03   1.7392750e+02  -1.1775896e-05   9.9562780e-01
   1.0165200e+03   1.7394083e+02  -7.2349825e-06   9.9562937e-01
   1.0165820e+03   1.7395417e+02  -2.1338965e-06   9.9562955e-01
   1.0166540e+03   1.7396750e+02   2.3543346e-06   9.9562949e-01
   1.0167180e+03   1.7398083e+02   7.4163849e-06   9.9562825e-01
   1.0167800e+03   1.7399417e+02   1.2663411e-05   9.9562745e-01
   1.0168570e+03   1.7400750e+02   1.7742121e-05   9.9562809e-01
   1.0169190e+03   1.7402083e+02   2.3027268e-05   9.9562956e-01
   1.0169840e+03   1.7403417e+02   2.7938717e-05   9.9563232e-01
   1.0170510e+03   1.7404750e+02   3.3127669e-05   9.9563528e-01
   1.0171150e+03   1.7406083e+02   3.8119027e-05   9.9563989e-01
   1.0171800e+03   1.7407417e+02   4.4205143e-05   9.9564605e-01
   1.0172580e+03   1.7408750e+02   4.9136360e-05   9.9565366e-01
   1.0173180e+03   1.7410083e+02   5.4384396e-05   9.9566112e-01
   1.0173850e+03   1.7411417e+02   5.9364139e-05   9.9566900e-01
   1.0174580e+03   1.7412750e+02   6.4333509e-05   9.9567734e-01
   1.0175240e+03   1.7414083e+02   6.9676635e-05   9.9568565e-01
   1.0175870e+03   1.7415417e+02   7.4712093e-05   9.9569297e-01
   1.0176600e+03   1.7416750e+02   7.9564365e-05   9.9569988e-01
   1.0177270e+03   1.7418083e+02   8.4545871e-05   9.9570493e-01
   1.0177860e+03   1.7419417e+02   8.9405246e-05   9.9570917e-01
   1.0178580e+03   1.7420750e+02   9.4185883e-05   9.9571264e-01
   1.0179270e+03   1.7422083e+02   9.8746167e-05   9.9571586e-01
   1.0179950e+03   1.7423417e+02   1.0302564e-04   9.9571882e-01
   1.0180590e+03   1.7424750e+02   1.0703568e-04   9.9572203e-01
   1.0181120e+03   1.7426083e+02   1.1072817e-04   9.9572499e-01
   1.0181830e+03   1.7427417e+02   1.1411142e-04   9.9572823e-01
   1.0182470e+03   1.7428750e+02   1.1715743e-04   9.9573177e-01
   1.0183190e+03   1.7430083e+02   1.1985053e-04   9.9573611e-01
   1.0183840e+03   1.7431417e+02   1.2202878e-04   9.9574028e-01
   1.0184570e+03   1.7432750e+02   1.2420132e-04   9.9574483e-01
   1.0185220e+03   1.7434083e+02   1.2591590e-04   9.9575027e-01
   1.0185870e+03   1.7435417e+02   1.2709736e-04   9.9575608e-01
   1.0186610e+03   1.7436750e+02   1.2833021e-04   9.9576278e-01
   1.0187230e+03   1.7438083e+02   1.2949807e-04   9.9576985e-01
   1.0187950e+03   1.7439417e+02   1.3051538e-04   9.9577733e-01
   1.0188640e+03   1.7440750e+02   1.3112910e-04   9.9578569e-01
   1.0189320e+03   1.7442083e+02   1.3182824e-04   9.9579493e-01
   1.0190010e+03   1.7443417e+02   1.3235063e-04   9.9580452e-01
   1.0190620e+03   1.7444750e+02   1.3252386e-04   9.9581490e-01
   1.0191250e+03   1.7446083e+02   1.3288209e-04   9.9582601e-01
   1.0191930e+03   1.7447417e+02   1.3320871e-04   9.9583829e-01
   1.0192590e+03   1.7448750e+02   1.3338762e-04   9.9585110e-01
   1.0193260e+03   1.7450083e+02   1.3347294e-04   9.9586488e-01
   1.0193920e+03   1.7451417e+02   1.3368716e-04   9.9587899e-01
   1.0194650e+03   1.7452750e+02   1.3393924e-04   9.9589384e-01
   1.0195250e+03   1.7454083e+02   1.3409048e-04   9.9590936e-01
   1.0195930e+03   1.7455417e+02   1.3429238e-04   9.9592492e-01
   1.0196590e+03   1.7456750e+02   1.3428382e-04   9.9594094e-01
   1.0197240e+03   1.7458083e+02   1.3407612e-04   9.9595686e-01
   1.0197810e+03   1.7459417e+02   1.3390921e-04   9.9597315e-01
   1.0198520e+03   1.7460750e+02   1.3390260e-04   9.9598868e-01
   1.0199240e+03   1.7462083e+02   1.3339838e-04   9.9600340e-01
   1.0199930e+03   1.7463417e+02   1.3328277e-04   9.9601776e-01
   1.0200570e+03   1.7464750e+02   1.3312400e-04   9.9603119e-01
   1.0201230e+03   1.7466083e+02   1.3295356e-04   9.9604362e-01
   1.0201860e+03   1.7467417e+02   1.3273660e-04   9.9605606e-01
   1.0202610e+03   1.7468750e+02   1.3236172e-04   9.9606908e-01
   1.0203250e+03   1.7470083e+02   1.3228741e-04   9.9608222e-01
   1.0203870e+03   1.7471417e+02   1.3206862e-04   9.9609550e-01
   1.0204610e+03   1.7472750e+02   1.3176204e-04   9.9610894e-01
   1.0205170e+03   1.7474083e+02   1.3163090e-04   9.9612204e-01
   1.0205920e+03   1.7475417e+02   1.3149837e-04   9.9613530e-01
   1.0206610e+03   1.7476750e+02   1.3148524e-04   9.9614822e-01
   1.0207360e+03   1.7478083e+02   1.3096407e-04   9.9616030e-01
   1.0207930e+03   1.7479417e+02   1.3093532e-04   9.9617259e-01
   1.0208640e+03   1.7480750e+02   1.3089636e-04   9.9618512e-01
   1.0209290e+03   1.7482083e+02   1.3107003e-04   9.9619792e-01
   1.0209930e+03   1.7483417e+02   1.3132843e-04   9.9621048e-01
   1.0210620e+03   1.7484750e+02   1.3172067e-04   9.9622277e-01
   1.0211290e+03   1.7486083e+02   1.3217546e-04   9.9623533e-01
   1.0211880e+03   1.7487417e+02   1.3288926e-04   9.9624771e-01
   1.0212670e+03   1.7488750e+02   1.3369208e-04   9.9625856e-01
   1.0213280e+03   1.7490083e+02   1.3461476e-04   9.9626805e-01
   1.0213890e+03   1.7491417e+02   1.3557072e-04   9.9627636e-01
   1.0214660e+03   1.7492750e+02   1.3662678e-04   9.9628367e-01
   1.0215310e+03   1.7494083e+02   1.3782257e-04   9.9628906e-01
   1.0215970e+03   1.7495417e+02   1.3896859e-04   9.9629423e-01
   1.0216720e+03   1.7496750e+02   1.4011069e-04   9.9629880e-01
   1.0217310e+03   1.7498083e+02   1.4121891e-04   9.9630288e-01
   1.0217970e+03   1.7499417e+02   1.4230660e-04   9.9630706e-01
   1.0218540e+03   1.7500750e+02   1.4338900e-04   9.9631084e-01
   1.0219270e+03   1.7502083e+02   1.4444243e-04   9.9631573e-01
   1.0219910e+03   1.7503417e+02   1.4538236e-04   9.9632264e-01
   1.0220670e+03   1.7504750e+02   1.4648473e-04   9.9633189e-01
   1.0221310e+03   1.7506083e+02   1.4760778e-04   9.9634282e-01
   1.0221970e+03   1.7507417e+02   1.4862388e-04   9.9635479e-01
   1.0222590e+03   1.7508750e+02   1.4972516e-04   9.9636724e-01
   1.0223330e+03   1.7510083e+02   1.5086059e-04   9.9638006e-01
   1.0224000e+03   1.7511417e+02   1.5193253e-04   9.9639317e-01
   1.0224670e+03   1.7512750e+02   1.5333125e-04   9.9640599e-01
   1.0225220e+03   1.7514083e+02   1.5462175e-04   9.9641848e-01
   1.0225940e+03   1.7515417e+02   1.5598318e-04   9.9643114e-01
   1.0226530e+03   1.7516750e+02   1.5739088e-04   9.9644337e-01
   1.0227220e+03   1.7518083e+02   1.5851603e-04   9.9645563e-01
   1.0227920e+03   1.7519417e+02   1.5956315e-04   9.9646787e-01
   1.0228620e+03   1.7520750e+02   1.6047899e-04   9.9648005e-01
   1.0229280e+03   1.7522083e+02   1.6126874e-04   9.9649268e-01
   1.0229970e+03   1.7523417e+02   1.6198621e-04   9.9650521e-01
   1.0230660e+03   1.7524750e+02   1.6255823e-04   9.9651759e-01
   1.0231300e+03   1.7526083e+02   1.6303259e-04   9.9653035e-01
   1.0231950e+03   1.7527417e+02   1.6333504e-04   9.9654341e-01
   1.0232640e+03   1.7528750e+02   1.6363968e-04   9.9655737e-01
   1.0233280e+03   1.7530083e+02   1.6391263e-04   9.9657234e-01
   1.0234040e+03   1.7531417e+02   1.6401139e-04   9.9658892e-01
   1.0234680e+03   1.7532750e+02   1.6407272e-04   9.9660614e-01
   1.0235380e+03   1.7534083e+02   1.6398402e-04   9.9662292e-01
   1.0236010e+03   1.7535417e+02   1.6366127e-04   9.9663917e-01
   1.0236640e+03   1.7536750e+02   1.6311466e-04   9.9665480e-01
   1.0237310e+03   1.7538083e+02   1.6242854e-04   9.9667028e-01
   1.0237960e+03   1.7539417e+02   1.6155246e-04   9.9668447e-01
   1.0238610e+03   1.7540750e+02   1.6044892e-04   9.9669723e-01
   1.0239270e+03   1.7542083e+02   1.5928673e-04   9.9670842e-01
   1.0239990e+03   1.7543417e+02   1.5769903e-04   9.9671947e-01
   1.0240650e+03   1.7544750e+02   1.5621557e-04   9.9673035e-01
   1.0241340e+03   1.7546083e+02   1.5444881e-04   9.9674101e-01
   1.0242040e+03   1.7547417e+02   1.5268154e-04   9.9675143e-01
   1.0242700e+03   1.7548750e+02   1.5069905e-04   9.9676266e-01
   1.0243330e+03   1.7550083e+02   1.4856768e-04   9.9677470e-01
   1.0244020e+03   1.7551417e+02   1.4592565e-04   9.9678718e-01
   1.0244690e+03   1.7552750e+02   1.4375239e-04   9.9680068e-01
   1.0245370e+03   1.7554083e+02   1.4151551e-04   9.9681521e-01
   1.0246020e+03   1.7555417e+02   1.3894265e-04   9.9682978e-01
   1.0246690e+03   1.7556750e+02   1.3609020e-04   9.9684443e-01
   1.0247390e+03   1.7558083e+02   1.3278600e-04   9.9685917e-01
   1.0247990e+03   1.7559417e+02   1.3046867e-04   9.9687405e-01
   1.0248690e+03   1.7560750e+02   1.2711072e-04   9.9688813e-01
   1.0249400e+03   1.7562083e+02   1.2455264e-04   9.9690203e-01
   1.0250060e+03   1.7563417e+02   1.2159159e-04   9.9691527e-01
   1.0250700e+03   1.7564750e+02   1.1833214e-04   9.9692852e-01
   1.0251370e+03   1.7566083e+02   1.1549040e-04   9.9694236e-01
   1.0251970e+03   1.7567417e+02   1.1268938e-04   9.9695580e-01
   1.0252790e+03   1.7568750e+02   1.1015759e-04   9.9696989e-01
   1.0253550e+03   1.7570083e+02   1.0757380e-04   9.9698459e-01
   1.0254040e+03   1.7571417e+02   1.0547714e-04   9.9700039e-01
   1.0254740e+03   1.7572750e+02   1.0277036e-04   9.9701725e-01
   1.0255380e+03   1.7574083e+02   1.0068298e-04   9.9703463e-01
   1.0256050e+03   1.7575417e+02   9.8673121e-05   9.9705197e-01
   1.0256730e+03   1.7576750e+02   9.6861446e-05   9.9707029e-01
   1.0257370e+03   1.7578083e+02   9.5038830e-05   9.9708800e-01
   1.0258030e+03   1.7579417e+02   9.3472108e-05   9.9710606e-01
   1.0258780e+03   1.7580750e+02   9.1976179e-05   9.9712338e-01
   1.0259420e+03   1.7582083e+02   9.0652053e-05   9.9713990e-01
   1.0260100e+03   1.7583417e+02   8.8989181e-05   9.9715555e-01
   1.0260750e+03   1.7584750e+02   8.7542754e-05   9.9717026e-01
   1.0261440e+03   1.7586083e+02   8.6317152e-05   9.9718396e-01
   1.0262110e+03   1.7587417e+02   8.4729549e-05   9.9719707e-01
   1.0262820e+03   1.7588750e+02   8.3553032e-05   9.9720850e-01
   1.0263410e+03   1.7590083e+02   8.2438696e-05   9.9721872e-01
   1.0264080e+03   1.7591417e+02   8.1459508e-05   9.9722820e-01
   1.0264720e+03   1.7592750e+02   8.0535089e-05   9.9723590e-01
   1.0265400e+03   1.7594083e+02   7.9335877e-05   9.9724281e-01
   1.0266120e+03   1.7595417e+02   7.8518129e-05   9.9724893e-01
   1.0266730e+03   1.7596750e+02   7.7702795e-05   9.9725422e-01
   1.0267440e+03   1.7598083e+02   7.6632748e-05   9.9725818e-01
   1.0268130e+03   1.7599417e+02   7.5989118e-05   9.9726132e-01
   1.0268770e+03   1.7600750e+02   7.5463240e-05   9.9726313e-01
   1.0269430e+03   1.7602083e+02   7.5052484e-05   9.9726414e-01
   1.0270170e+03   1.7603417e+02   7.4775343e-05   9.9726429e-01
   1.0270790e+03   1.7604750e+02   7.4917989e-05   9.9726311e-01
   1.0271480e+03   1.7606083e+02   7.5050144e-05   9.9726108e-01
   1.0272150e+03   1.7607417e+02   7.5485483e-05   9.9725770e-01
   1.0272820e+03   1.7608750e+02   7.6215666e-05   9.9725301e-01
   1.0273550e+03   1.7610083e+02   7.6992038e-05   9.9724702e-01
   1.0274200e+03   1.7611417e+02   7.8144643e-05   9.9724078e-01
   1.0274800e+03   1.7612750e+02   7.9400863e-05   9.9723329e-01
   1.0275410e+03   1.7614083e+02   8.0846606e-05   9.9722457e-01
   1.0276200e+03   1.7615417e+02   8.2428356e-05   9.9721464e-01
   1.0276790e+03   1.7616750e+02   8.4103134e-05   9.9720353e-01
   1.0277460e+03   1.7618083e+02   8.5908717e-05   9.9719125e-01
   1.0278060e+03   1.7619417e+02   8.7531922e-05   9.9717829e-01
   1.0278760e+03   1.7620750e+02   8.9253296e-05   9.9716470e-01
   1.0279470e+03   1.7622083e+02   9.0868423e-05   9.9715268e-01
   1.0280190e+03   1.7623417e+02   9.2629318e-05   9.9714138e-01
   1.0280850e+03   1.7624750e+02   9.4205559e-05   9.9713200e-01
   1.0281510e+03   1.7626083e+02   9.5952731e-05   9.9712417e-01
   1.0282080e+03   1.7627417e+02   9.7535941e-05   9.9711907e-01
   1.0282800e+03   1.7628750e+02   9.9274963e-05   9.9711579e-01
   1.0283550e+03   1.7630083e+02   1.0140195e-04   9.9711497e-01
   1.0284180e+03   1.7631417e+02   1.0334613e-04   9.9711622e-01
   1.0284860e+03   1.7632750e+02   1.0507626e-04   9.9712106e-01
   1.0285440e+03   1.7634083e+02   1.0720928e-04   9.9712890e-01
   1.0286130e+03   1.7635417e+02   1.0936087e-04   9.9713861e-01
   1.0286830e+03   1.7636750e+02   1.1132830e-04   9.9714894e-01
   1.0287490e+03   1.7638083e+02   1.1402387e-04   9.9715814e-01
   1.0288140e+03   1.7639417e+02   1.1608798e-04   9.9716704e-01
   1.0288810e+03   1.7640750e+02   1.1829599e-04   9.9717504e-01
   1.0289520e+03   1.7642083e+02   1.2055719e-04   9.9718217e-01
   1.0290150e+03   1.7643417e+02   1.2302458e-04   9.9718793e-01
   1.0290740e+03   1.7644750e+02   1.2490178e-04   9.9719240e-01
   1.0291500e+03   1.7646083e+02   1.2716154e-04   9.9719617e-01
   1.0292160e+03   1.7647417e+02   1.2903001e-04   9.9719936e-01
   1.0292800e+03   1.7648750e+02   1.3104231e-04   9.9720205e-01
   1.0293420e+03   1.7650083e+02   1.3297509e-04   9.9720430e-01
   1.0294200e+03   1.7651417e+02   1.3496889e-04   9.9720567e-01
   1.0294790e+03   1.7652750e+02   1.3649401e-04   9.9720675e-01
   1.0295430e+03   1.7654083e+02   1.3826928e-04   9.9720806e-01
   1.0296110e+03   1.7655417e+02   1.4003406e-04   9.9720912e-01
   1.0296850e+03   1.7656750e+02   1.4187499e-04   9.9721044e-01
   1.0297450e+03   1.7658083e+02   1.4335371e-04   9.9721203e-01
   1.0298180e+03   1.7659417e+02   1.4511382e-04   9.9721389e-01
   1.0298820e+03   1.7660750e+02   1.4658415e-04   9.9721545e-01
   1.0299460e+03   1.7662083e+02   1.4767157e-04   9.9721775e-01
   1.0300170e+03   1.7663417e+02   1.4831590e-04   9.9722031e-01
   1.0300890e+03   1.7664750e+02   1.4884734e-04   9.9722310e-01
   1.0301470e+03   1.7666083e+02   1.4948145e-04   9.9722612e-01
   1.0302120e+03   1.7667417e+02   1.4949171e-04   9.9722938e-01
   1.0302890e+03   1.7668750e+02   1.4954148e-04   9.9723286e-01
   1.0303520e+03   1.7670083e+02   1.4918112e-04   9.9723656e-01
   1.0304160e+03   1.7671417e+02   1.4889096e-04   9.9724095e-01
   1.0304840e+03   1.7672750e+02   1.4840371e-04   9.9724550e-01
   1.0305490e+03   1.7674083e+02   1.4761114e-04   9.9725020e-01
   1.0306210e+03   1.7675417e+02   1.4692123e-04   9.9725553e-01
   1.0306800e+03   1.7676750e+02   1.4580672e-04   9.9726041e-01
   1.0307530e+03   1.7678083e+02   1.4456956e-04   9.9726533e-01
   1.0308160e+03   1.7679417e+02   1.4310941e-04   9.9727021e-01
   1.0308820e+03   1.7680750e+02   1.4167929e-04   9.9727454e-01
   1.0309450e+03   1.7682083e+02   1.4012643e-04   9.9727830e-01
   1.0310180e+03   1.7683417e+02   1.3822503e-04   9.9728190e-01
   1.0310800e+03   1.7684750e+02   1.3644123e-04   9.9728491e-01
   1.0311450e+03   1.7686083e+02   1.3456843e-04   9.9728636e-01
   1.0312190e+03   1.7687417e+02   1.3252941e-04   9.9728726e-01
   1.0312860e+03   1.7688750e+02   1.3045639e-04   9.9728762e-01
   1.0313530e+03   1.7690083e+02   1.2791054e-04   9.9728746e-01
   1.0314160e+03   1.7691417e+02   1.2542534e-04   9.9728684e-01
   1.0314770e+03   1.7692750e+02   1.2278431e-04   9.9728531e-01
   1.0315510e+03   1.7694083e+02   1.2023575e-04   9.9728454e-01
   1.0316190e+03   1.7695417e+02   1.1730457e-04   9.9728363e-01
   1.0316800e+03   1.7696750e+02   1.1431481e-04   9.9728320e-01
   1.0317510e+03   1.7698083e+02   1.1108302e-04   9.9728389e-01
   1.0318090e+03   1.7699417e+02   1.0796401e-04   9.9728521e-01
   1.0318810e+03   1.7700750e+02   1.0461413e-04   9.9728770e-01
   1.0319370e+03   1.7702083e+02   1.0144052e-04   9.9729036e-01
   1.0320170e+03   1.7703417e+02   9.8123265e-05   9.9729222e-01
   1.0320750e+03   1.7704750e+02   9.5386279e-05   9.9729472e-01
   1.0321480e+03   1.7706083e+02   9.2684892e-05   9.9729680e-01
   1.0322150e+03   1.7707417e+02   8.9884811e-05   9.9729796e-01
   1.0322820e+03   1.7708750e+02   8.7655289e-05   9.9729877e-01
   1.0323460e+03   1.7710083e+02   8.5161973e-05   9.9729875e-01
   1.0324210e+03   1.7711417e+02   8.2395348e-05   9.9729801e-01
   1.0324810e+03   1.7712750e+02   8.0095525e-05   9.9729660e-01
   1.0325360e+03   1.7714083e+02   7.6957984e-05   9.9729507e-01
   1.0326100e+03   1.7715417e+02   7.5027688e-05   9.9729397e-01
   1.0326790e+03   1.7716750e+02   7.2894546e-05   9.9729331e-01
   1.0327460e+03   1.7718083e+02   7.0696346e-05   9.9729312e-01
   1.0328150e+03   1.7719417e+02   6.8443786e-05   9.9729435e-01
   1.0328790e+03   1.7720750e+02   6.5996164e-05   9.9729589e-01
   1.0329460e+03   1.7722083e+02   6.3538290e-05   9.9729826e-01
   1.0330150e+03   1.7723417e+02   6.0741503e-05   9.9730146e-01
   1.0330840e+03   1.7724750e+02   5.8515291e-05   9.9730497e-01
   1.0331390e+03   1.7726083e+02   5.6730425e-05   9.9730887e-01
   1.0332180e+03   1.7727417e+02   5.4620578e-05   9.9731320e-01
   1.0332910e+03   1.7728750e+02   5.2397754e-05   9.9731750e-01
   1.0333580e+03   1.7730083e+02   5.1215694e-05   9.9732181e-01
   1.0334290e+03   1.7731417e+02   4.9163599e-05   9.9732674e-01
   1.0334880e+03   1.7732750e+02   4.7738054e-05   9.9733185e-01
   1.0335560e+03   1.7734083e+02   4.6978875e-05   9.9733823e-01
   1.0336130e+03   1.7735417e+02   4.6411003e-05   9.9734536e-01
   1.0336870e+03   1.7736750e+02   4.5038230e-05   9.9735373e-01
   1.0337530e+03   1.7738083e+02   4.5305818e-05   9.9736337e-01
   1.0338170e+03   1.7739417e+02   4.4813168e-05   9.9737472e-01
   1.0338880e+03   1.7740750e+02   4.4587896e-05   9.9738776e-01
   1.0339490e+03   1.7742083e+02   4.4751818e-05   9.9740296e-01
   1.0340180e+03   1.7743417e+02   4.4977176e-05   9.9741981e-01
   1.0340860e+03   1.7744750e+02   4.5360336e-05   9.9743824e-01
   1.0341530e+03   1.7746083e+02   4.5749049e-05   9.9745821e-01
   1.0342200e+03   1.7747417e+02   4.6393750e-05   9.9748023e-01
   1.0342870e+03   1.7748750e+02   4.7260251e-05   9.9750377e-01
   1.0343470e+03   1.7750083e+02   4.8406423e-05   9.9752931e-01
   1.0344170e+03   1.7751417e+02   4.9647667e-05   9.9755634e-01
   1.0344900e+03   1.7752750e+02   5.1090194e-05   9.9758480e-01
   1.0345590e+03   1.7754083e+02   5.3044320e-05   9.9761468e-01
   1.0346230e+03   1.7755417e+02   5.4887844e-05   9.9764592e-01
   1.0346780e+03   1.7756750e+02   5.7204200e-05   9.9767897e-01
   1.0347600e+03   1.7758083e+02   5.9558836e-05   9.9771279e-01
   1.0348170e+03   1.7759417e+02   6.2145980e-05   9.9774782e-01
   1.0348920e+03   1.7760750e+02   6.5084939e-05   9.9778294e-01
   1.0349560e+03   1.7762083e+02   6.8032799e-05   9.9781863e-01
   1.0350150e+03   1.7763417e+02   7.1173608e-05   9.9785477e-01
   1.0350820e+03   1.7764750e+02   7.4426597e-05   9.9789131e-01
   1.0351470e+03   1.7766083e+02   7.7822217e-05   9.9792600e-01
   1.0352200e+03   1.7767417e+02   8.1344659e-05   9.9795965e-01
   1.0352830e+03   1.7768750e+02   8.4899083e-05   9.9799151e-01
   1.0353570e+03   1.7770083e+02   8.8297801e-05   9.9802140e-01
   1.0354200e+03   1.7771417e+02   9.1753411e-05   9.9805069e-01
   1.0354870e+03   1.7772750e+02   9.5859339e-05   9.9807820e-01
   1.0355560e+03   1.7774083e+02   9.9741214e-05   9.9810538e-01
   1.0356260e+03   1.7775417e+02   1.0364845e-04   9.9813218e-01
   1.0356900e+03   1.7776750e+02   1.0761184e-04   9.9815910e-01
   1.0357600e+03   1.7778083e+02   1.1164815e-04   9.9818616e-01
   1.0358270e+03   1.7779417e+02   1.1574524e-04   9.9821287e-01
   1.0359000e+03   1.7780750e+02   1.1981603e-04   9.9824028e-01
   1.0359630e+03   1.7782083e+02   1.2387918e-04   9.9826833e-01
   1.0360270e+03   1.7783417e+02   1.2787835e-04   9.9829597e-01
   1.0360990e+03   1.7784750e+02   1.3207394e-04   9.9832474e-01
   1.0361580e+03   1.7786083e+02   1.3599315e-04   9.9835309e-01
   1.0362260e+03   1.7787417e+02   1.4000977e-04   9.9838146e-01
   1.0362940e+03   1.7788750e+02   1.4388323e-04   9.9840979e-01
   1.0363650e+03   1.7790083e+02   1.4753792e-04   9.9843847e-01
   1.0364340e+03   1.7791417e+02   1.5120229e-04   9.9846636e-01
   1.0364950e+03   1.7792750e+02   1.5462434e-04   9.9849435e-01
   1.0365630e+03   1.7794083e+02   1.5810925e-04   9.9852131e-01
   1.0366320e+03   1.7795417e+02   1.6128798e-04   9.9854718e-01
   1.0366900e+03   1.7796750e+02   1.6433340e-04   9.9857189e-01
   1.0367610e+03   1.7798083e+02   1.6735241e-04   9.9859490e-01
   1.0368320e+03   1.7799417e+02   1.7010803e-04   9.9861668e-01
   1.0368960e+03   1.7800750e+02   1.7245878e-04   9.9863619e-01
   1.0369580e+03   1.7802083e+02   1.7476204e-04   9.9865445e-01
   1.0370300e+03   1.7803417e+02   1.7690132e-04   9.9867090e-01
   1.0370930e+03   1.7804750e+02   1.7882361e-04   9.9868546e-01
   1.0371570e+03   1.7806083e+02   1.8062926e-04   9.9869810e-01
   1.0372270e+03   1.7807417e+02   1.8215688e-04   9.9870926e-01
   1.0372840e+03   1.7808750e+02   1.8357939e-04   9.9871787e-01
   1.0373590e+03   1.7810083e+02   1.8474508e-04   9.9872537e-01
   1.0374290e+03   1.7811417e+02   1.8570920e-04   9.9873021e-01
   1.0375030e+03   1.7812750e+02   1.8675233e-04   9.9873187e-01
   1.0375570e+03   1.7814083e+02   1.8755642e-04   9.9873193e-01
   1.0376310e+03   1.7815417e+02   1.8806470e-04   9.9872939e-01
   1.0376930e+03   1.7816750e+02   1.8879896e-04   9.9872375e-01
   1.0377660e+03   1.7818083e+02   1.8890902e-04   9.9871758e-01
   1.0378260e+03   1.7819417e+02   1.8902352e-04   9.9871047e-01
   1.0378940e+03   1.7820750e+02   1.8893267e-04   9.9870139e-01
   1.0379530e+03   1.7822083e+02   1.8889872e-04   9.9869089e-01
   1.0380280e+03   1.7823417e+02   1.8875922e-04   9.9867900e-01
   1.0380940e+03   1.7824750e+02   1.8861744e-04   9.9866578e-01
   1.0381760e+03   1.7826083e+02   1.8841013e-04   9.9865134e-01
   1.0382450e+03   1.7827417e+02   1.8832911e-04   9.9863528e-01
   1.0382970e+03   1.7828750e+02   1.8818504e-04   9.9861871e-01
   1.0383580e+03   1.7830083e+02   1.8817709e-04   9.9860073e-01
   1.0384310e+03   1.7831417e+02   1.8819530e-04   9.9858141e-01
   1.0384900e+03   1.7832750e+02   1.8818702e-04   9.9855984e-01
   1.0385560e+03   1.7834083e+02   1.8831735e-04   9.9853562e-01
   1.0386310e+03   1.7835417e+02   1.8866178e-04   9.9850994e-01
   1.0386840e+03   1.7836750e+02   1.8884065e-04   9.9848301e-01
   1.0387610e+03   1.7838083e+02   1.8883832e-04   9.9845389e-01
   1.0388290e+03   1.7839417e+02   1.8863735e-04   9.9842421e-01
   1.0388960e+03   1.7840750e+02   1.8837557e-04   9.9839413e-01
   1.0389560e+03   1.7842083e+02   1.8800900e-04   9.9836432e-01
   1.0390320e+03   1.7843417e+02   1.8744618e-04   9.9833443e-01
   1.0390950e+03   1.7844750e+02   1.8667021e-04   9.9830570e-01
   1.0391670e+03   1.7846083e+02   1.8569957e-04   9.9827775e-01
   1.0392300e+03   1.7847417e+02   1.8448073e-04   9.9825074e-01
   1.0392950e+03   1.7848750e+02   1.8308596e-04   9.9822379e-01
   1.0393560e+03   1.7850083e+02   1.8158236e-04   9.9819752e-01
   1.0394320e+03   1.7851417e+02   1.8011980e-04   9.9817153e-01
   1.0394960e+03   1.7852750e+02   1.7830985e-04   9.9814488e-01
   1.0395680e+03   1.7854083e+02   1.7675106e-04   9.9811814e-01
   1.0396290e+03   1.7855417e+02   1.7506877e-04   9.9809196e-01
   1.0397010e+03   1.7856750e+02   1.7377337e-04   9.9806641e-01
   1.0397600e+03   1.7858083e+02   1.7242295e-04   9.9804157e-01
   1.0398290e+03   1.7859417e+02   1.7118232e-04   9.9801862e-01
   1.0398950e+03   1.7860750e+02   1.7005414e-04   9.9799667e-01
   1.0399690e+03   1.7862083e+02   1.6911190e-04   9.9797688e-01
   1.0400410e+03   1.7863417e+02   1.6823960e-04   9.9795890e-01
   1.0400970e+03   1.7864750e+02   1.6731323e-04   9.9794340e-01
   1.0401710e+03   1.7866083e+02   1.6636559e-04   9.9793004e-01
   1.0402310e+03   1.7867417e+02   1.6553381e-04   9.9791893e-01
   1.0403010e+03   1.7868750e+02   1.6458126e-04   9.9790969e-01
   1.0403630e+03   1.7870083e+02   1.6365419e-04   9.9790237e-01
   1.0404300e+03   1.7871417e+02   1.6274154e-04   9.9789757e-01
   1.0404940e+03   1.7872750e+02   1.6189250e-04   9.9789473e-01
   1.0405640e+03   1.7874083e+02   1.6099872e-04   9.9789386e-01
   1.0406280e+03   1.7875417e+02   1.6018284e-04   9.9789491e-01
   1.0406930e+03   1.7876750e+02   1.5924494e-04   9.9789837e-01
   1.0407650e+03   1.7878083e+02   1.5835704e-04   9.9790366e-01
   1.0408250e+03   1.7879417e+02   1.5744152e-04   9.9791125e-01
   1.0409050e+03   1.7880750e+02   1.5653360e-04   9.9792057e-01
   1.0409590e+03   1.7882083e+02   1.5553706e-04   9.9793209e-01
   1.0410260e+03   1.7883417e+02   1.5451914e-04   9.9794525e-01
   1.0411010e+03   1.7884750e+02   1.5339223e-04   9.9796051e-01
   1.0411670e+03   1.7886083e+02   1.5228630e-04   9.9797729e-01
   1.0412310e+03   1.7887417e+02   1.5109068e-04   9.9799607e-01
   1.0412930e+03   1.7888750e+02   1.4971592e-04   9.9801628e-01
   1.0413560e+03   1.7890083e+02   1.4834869e-04   9.9803782e-01
   1.0414200e+03   1.7891417e+02   1.4684276e-04   9.9806118e-01
   1.0415000e+03   1.7892750e+02   1.4531002e-04   9.9808625e-01
   1.0415690e+03   1.7894083e+02   1.4374666e-04   9.9811298e-01
   1.0416380e+03   1.7895417e+02   1.4217721e-04   9.9814084e-01
   1.0417030e+03   1.7896750e+02   1.4048424e-04   9.9816980e-01
   1.0417710e+03   1.7898083e+02   1.3887157e-04   9.9819985e-01
   1.0418340e+03   1.7899417e+02   1.3734966e-04   9.9823100e-01
   1.0419000e+03   1.7900750e+02   1.3586244e-04   9.9826224e-01
   1.0419610e+03   1.7902083e+02   1.3432427e-04   9.9829366e-01
   1.0420300e+03   1.7903417e+02   1.3293922e-04   9.9832489e-01
   1.0420980e+03   1.7904750e+02   1.3128500e-04   9.9835699e-01
   1.0421590e+03   1.7906083e+02   1.2979275e-04   9.9839093e-01
   1.0422350e+03   1.7907417e+02   1.2820751e-04   9.9842660e-01
   1.0423010e+03   1.7908750e+02   1.2658541e-04   9.9846345e-01
   1.0423630e+03   1.7910083e+02   1.2494271e-04   9.9850092e-01
   1.0424330e+03   1.7911417e+02   1.2306084e-04   9.9853952e-01
   1.0424870e+03   1.7912750e+02   1.2121354e-04   9.9857925e-01
   1.0425610e+03   1.7914083e+02   1.1933439e-04   9.9862005e-01
   1.0426340e+03   1.7915417e+02   1.1729157e-04   9.9866077e-01
   1.0427010e+03   1.7916750e+02   1.1524410e-04   9.9870242e-01
   1.0427700e+03   1.7918083e+02   1.1328506e-04   9.9874532e-01
   1.0428370e+03   1.7919417e+02   1.1120969e-04   9.9879079e-01
   1.0429030e+03   1.7920750e+02   1.0938779e-04   9.9883704e-01
   1.0429620e+03   1.7922083e+02   1.0743725e-04   9.9888485e-01
   1.0430290e+03   1.7923417e+02   1.0561458e-04   9.9893239e-01
   1.0431050e+03   1.7924750e+02   1.0381952e-04   9.9898091e-01
   1.0431690e+03   1.7926083e+02   1.0201122e-04   9.9902860e-01
   1.0432290e+03   1.7927417e+02   1.0144865e-04   9.9907623e-01
   1.0433070e+03   1.7928750e+02   1.0089320e-04   9.9912362e-01
   1.0433630e+03   1.7930083e+02   1.0034488e-04   9.9917055e-01
   1.0434280e+03   1.7931417e+02   9.9803689e-05   9.9921738e-01
   1.0434970e+03   1.7932750e+02   9.9269629e-05   9.9926293e-01
   1.0435700e+03   1.7934083e+02   9.8742698e-05   9.9930768e-01
   1.0436230e+03   1.7935417e+02   9.8222897e-05   9.9935100e-01
   1.0437070e+03   1.7936750e+02   9.7710224e-05   9.9939283e-01
   1.0437680e+03   1.7938083e+02   9.7204681e-05   9.9943257e-01
   1.0438310e+03   1.7939417e+02   9.6706268e-05   9.9947067e-01
   1.0439000e+03   1.7940750e+02   9.6214983e-05   9.9950654e-01
   1.0439690e+03   1.7942083e+02   9.5730829e-05   9.9954063e-01
   1.0440370e+03   1.7943417e+02   9.5253803e-05   9.9957179e-01
   1.0440990e+03   1.7944750e+02   9.4783907e-05   9.9960152e-01
   1.0441650e+03   1.7946083e+02   9.4321140e-05   9.9962983e-01
   1.0442330e+03   1.7947417e+02   9.3865502e-05   9.9965618e-01
   1.0443020e+03   1.7948750e+02   9.3416994e-05   9.9968106e-01
   1.0443650e+03   1.7950083e+02   9.2975615e-05   9.9970448e-01
   1.0444300e+03   1.7951417e+02   9.2541365e-05   9.9972583e-01
   1.0445060e+03   1.7952750e+02   9.2114245e-05   9.9974503e-01
   1.0445640e+03   1.7954083e+02   9.1694254e-05   9.9976204e-01
   1.0446350e+03   1.7955417e+02   9.1281393e-05   9.9977729e-01
   1.0447000e+03   1.7956750e+02   9.0875661e-05   9.9979069e-01
   1.0447680e+03   1.7958083e+02   9.0477058e-05   9.9980119e-01
   1.0448300e+03   1.7959417e+02   9.0085584e-05   9.9980887e-01
   1.0449020e+03   1.7960750e+02   8.9701240e-05   9.9981432e-01
   1.0449770e+03   1.7962083e+02   8.9324025e-05   9.9981656e-01
   1.0450390e+03   1.7963417e+02   8.8953939e-05   9.9981716e-01
   1.0451060e+03   1.7964750e+02   8.8590983e-05   9.9981613e-01
   1.0451630e+03   1.7966083e+02   8.8235156e-05   9.9981354e-01
   1.0452420e+03   1.7967417e+02   8.7886459e-05   9.9981054e-01
   1.0453020e+03   1.7968750e+02   8.7544891e-05   9.9980668e-01
   1.0453710e+03   1.7970083e+02   8.7210452e-05   9.9980259e-01
   1.0454470e+03   1.7971417e+02   8.6883142e-05   9.9979783e-01
   1.0455000e+03   1.7972750e+02   8.6562962e-05   9.9979241e-01
   1.0455750e+03   1.7974083e+02   8.6249911e-05   9.9978636e-01
   1.0456410e+03   1.7975417e+02   8.5943990e-05   9.9977920e-01
   1.0457030e+03   1.7976750e+02   8.5645197e-05   9.9977200e-01
   1.0457690e+03   1.7978083e+02   8.5353535e-05   9.9976375e-01
   1.0458420e+03   1.7979417e+02   8.5069001e-05   9.9975447e-01
   1.0459010e+03   1.7980750e+02   8.4791597e-05   9.9974420e-01
   1.0459810e+03   1.7982083e+02   8.4521322e-05   9.9973304e-01
   1.0460370e+03   1.7983417e+02   8.4258177e-05   9.9972105e-01
   1.0461120e+03   1.7984750e+02   8.4002160e-05   9.9970833e-01
   1.0461710e+03   1.7986083e+02   8.3753274e-05   9.9969502e-01
   1.0462370e+03   1.7987417e+02   8.3511516e-05   9.9968126e-01
   1.0463020e+03   1.7988750e+02   8.3276888e-05   9.9966766e-01
   1.0463710e+03   1.7990083e+02   8.3049389e-05   9.9965329e-01
   1.0464430e+03   1.7991417e+02   8.2829020e-05   9.9963877e-01
   1.0465040e+03   1.7992750e+02   8.2615779e-05   9.9962371e-01
   1.0465710e+03   1.7994083e+02   8.2409669e-05   9.9960922e-01
   1.0466390e+03   1.7995417e+02   8.2210687e-05   9.9959437e-01
   1.0467020e+03   1.7996750e+02   8.2018835e-05   9.9958027e-01
   1.0467640e+03   1.7998083e+02   8.1834112e-05   9.9956694e-01
   1.0468440e+03   1.7999417e+02   8.1656519e-05   9.9955446e-01
   1.0469100e+03   1.8000750e+02   8.1486055e-05   9.9954284e-01
   1.0469760e+03   1.8002083e+02   8.1322720e-05   9.9953168e-01
   1.0470430e+03   1.8003417e+02   8.1166514e-05   9.9952153e-01
   1.0471050e+03   1.8004750e+02   8.1017438e-05   9.9951145e-01
   1.0471780e+03   1.8006083e+02   8.0875491e-05   9.9950194e-01
   1.0472400e+03   1.8007417e+02   8.0740674e-05   9.9949301e-01
   1.0473100e+03   1.8008750e+02   8.0612986e-05   9.9948418e-01
   1.0473880e+03   1.8010083e+02   8.0492427e-05   9.9947545e-01
   1.0474460e+03   1.8011417e+02   8.0378998e-05   9.9946634e-01
   1.0475040e+03   1.8012750e+02   8.0272697e-05   9.9945738e-01
   1.0475790e+03   1.8014083e+02   8.0173527e-05   9.9944762e-01
   1.0476360e+03   1.8015417e+02   8.0081485e-05   9.9943763e-01
   1.0477100e+03   1.8016750e+02   7.9996573e-05   9.9942795e-01
   1.0477780e+03   1.8018083e+02   7.9918790e-05   9.9941809e-01
   1.0478420e+03   1.8019417e+02   7.9848137e-05   9.9940810e-01
   1.0479030e+03   1.8020750e+02   7.9784613e-05   9.9939802e-01
   1.0479730e+03   1.8022083e+02   7.9728218e-05   9.9938839e-01
   1.0480410e+03   1.8023417e+02   7.9678953e-05   9.9937872e-01
   1.0481110e+03   1.8024750e+02   7.9636817e-05   9.9936952e-01
   1.0481730e+03   1.8026083e+02   7.9601810e-05   9.9936026e-01
   1.0482450e+03   1.8027417e+02   7.9573932e-05   9.9935141e-01
   1.0483070e+03   1.8028750e+02   7.9553184e-05   9.9934399e-01
   1.0483710e+03   1.8030083e+02   7.9539566e-05   9.9933747e-01
   1.0484390e+03   1.8031417e+02   7.9533076e-05   9.9933232e-01
   1.0485100e+03   1.8032750e+02   7.9533716e-05   9.9932806e-01
   1.0485730e+03   1.8034083e+02   7.9541485e-05   9.9932531e-01
   1.0486430e+03   1.8035417e+02   7.9556384e-05   9.9932471e-01
   1.0487120e+03   1.8036750e+02   7.9578412e-05   9.9932697e-01
   1.0487700e+03   1.8038083e+02   7.9607569e-05   9.9933066e-01
   1.0488400e+03   1.8039417e+02   7.9643856e-05   9.9933576e-01
   1.0489120e+03   1.8040750e+02   7.9687272e-05   9.9934121e-01
   1.0489790e+03   1.8042083e+02   7.9737817e-05   9.9934759e-01
   1.0490440e+03   1.8043417e+02   7.9795492e-05   9.9935596e-01
   1.0491090e+03   1.8044750e+02   7.9860296e-05   9.9936586e-01
   1.0491770e+03   1.8046083e+02   7.9932229e-05   9.9937782e-01
   1.0492410e+03   1.8047417e+02   8.0011291e-05   9.9939132e-01
   1.0493050e+03   1.8048750e+02   8.0097483e-05   9.9940592e-01
   1.0493830e+03   1.8050083e+02   8.0190805e-05   9.9942267e-01
   1.0494440e+03   1.8051417e+02   8.0291255e-05   9.9943901e-01
   1.0495140e+03   1.8052750e+02   8.0398835e-05   9.9945434e-01
   1.0495700e+03   1.8054083e+02   8.0513545e-05   9.9946816e-01
   1.0496450e+03   1.8055417e+02   8.0635383e-05   9.9948045e-01
   1.0497090e+03   1.8056750e+02   8.0764351e-05   9.9949172e-01
   1.0497720e+03   1.8058083e+02   8.0900448e-05   9.9950188e-01
   1.0498420e+03   1.8059417e+02   8.1043675e-05   9.9951137e-01
   1.0499080e+03   1.8060750e+02   8.1194031e-05   9.9951758e-01
   1.0499790e+03   1.8062083e+02   8.1351516e-05   9.9952384e-01
   1.0500450e+03   1.8063417e+02   8.1516131e-05   9.9953014e-01
   1.0501090e+03   1.8064750e+02   8.1687875e-05   9.9953649e-01
   1.0501830e+03   1.8066083e+02   8.1866748e-05   9.9954289e-01
   1.0502440e+03   1.8067417e+02   8.2052751e-05   9.9954933e-01
   1.0503140e+03   1.8068750e+02   8.2245883e-05   9.9955583e-01
   1.0503790e+03   1.8070083e+02   8.2446144e-05   9.9956237e-01
   1.0504480e+03   1.8071417e+02   8.2653535e-05   9.9956896e-01
   1.0505140e+03   1.8072750e+02   8.2868055e-05   9.9957559e-01
   1.0505900e+03   1.8074083e+02   8.3089704e-05   9.9958227e-01
   1.0506500e+03   1.8075417e+02   8.3318483e-05   9.9958900e-01
   1.0507120e+03   1.8076750e+02   8.3554391e-05   9.9959578e-01
   1.0507820e+03   1.8078083e+02   8.3797429e-05   9.9960260e-01
   1.0508480e+03   1.8079417e+02   8.4047595e-05   9.9960947e-01
   1.0509120e+03   1.8080750e+02   8.4304891e-05   9.9961639e-01
   1.0509790e+03   1.8082083e+02   8.4569317e-05   9.9962336e-01
   1.0510410e+03   1.8083417e+02   8.4840871e-05   9.9963037e-01
   1.0511080e+03   1.8084750e+02   8.5119555e-05   9.9963743e-01
   1.0511840e+03   1.8086083e+02   8.5405369e-05   9.9964454e-01
   1.0512460e+03   1.8087417e+02   8.5698311e-05   9.9965170e-01
   1.0513160e+03   1.8088750e+02   8.5998383e-05   9.9965890e-01
   1.0513770e+03   1.8090083e+02   8.6305585e-05   9.9966615e-01
   1.0514420e+03   1.8091417e+02   8.6619916e-05   9.9967345e-01
   1.0515170e+03   1.8092750e+02   8.6941376e-05   9.9968080e-01
   1.0515850e+03   1.8094083e+02   8.7269965e-05   9.9968819e-01
   1.0516440e+03   1.8095417e+02   8.7605684e-05   9.9969563e-01
   1.0517110e+03   1.8096750e+02   8.7948532e-05   9.9970312e-01
   1.0517820e+03   1.8098083e+02   8.8298509e-05   9.9971065e-01
   1.0518520e+03   1.8099417e+02   8.8655616e-05   9.9971823e-01
   1.0519120e+03   1.8100750e+02   8.9019852e-05   9.9972586e-01
   1.0519840e+03   1.8102083e+02   8.9391217e-05   9.9973354e-01
   1.0520420e+03   1.8103417e+02   8.9769712e-05   9.9974126e-01
   1.0521080e+03   1.8104750e+02   9.0155336e-05   9.9974904e-01
   1.0521740e+03   1.8106083e+02   9.0548090e-05   9.9975685e-01
   1.0522450e+03   1.8107417e+02   9.0947972e-05   9.9976472e-01
   1.0523200e+03   1.8108750e+02   9.1354984e-05   9.9977263e-01
   1.0523780e+03   1.8110083e+02   9.1769126e-05   9.9978060e-01
   1.0524470e+03   1.8111417e+02   9.2190397e-05   9.9978860e-01
   1.0525250e+03   1.8112750e+02   9.2618797e-05   9.9979666e-01
   1.0525890e+03   1.8114083e+02   9.3054326e-05   9.9980476e-01
   1.0526490e+03   1.8115417e+02   9.3496985e-05   9.9981291e-01
   1.0527180e+03   1.8116750e+02   9.3946773e-05   9.9982111e-01
   1.0527750e+03   1.8118083e+02   9.4403690e-05   9.9982936e-01
   1.0528500e+03   1.8119417e+02   9.4867737e-05   9.9983765e-01
   1.0529100e+03   1.8120750e+02   9.5338913e-05   9.9984599e-01
   1.0529790e+03   1.8122083e+02   9.5817219e-05   9.9985438e-01
   1.0530470e+03   1.8123417e+02   9.6302653e-05   9.9986281e-01
   1.0531130e+03   1.8124750e+02   9.6795218e-05   9.9987129e-01
