#EXPORTTYPE:DATA ALL
#FILE:100wt20hr.ngb-ds3
#FORMAT:NETZSCH5
#FTYPE:ANSI
#IDENTITY:100wt20hr
#DECIMAL:POINT
#SEPARATOR:SEMICOLON
#MTYPE:DSC
#INSTRUMENT:NETZSCH STA 449F3
#PROJECT:copyrolysis
#DATE/TIME:20.03.2021 01:31
#CORR. FILE:correction 20kmin.ngb-bs3
#TEMPCAL:2021 CAL T 20KMIN .ngb-ts3
#SENSITIVITY:2021 CAL s 20KMIN REVISAR.ngb-ts3.ngb-es3
#LABORATORY:UNA - FCQ - AI
#OPERATOR:AD
#REMARK:
#SAMPLE:100wt20hr
#SAMPLE MASS /mg:10.3815
#MATERIAL:EMPTY
#REFERENCE:Empty
#REFERENCE MASS /mg:0
#TYPE OF CRUCIBLE:DSC/TG pan Al2O3
#SAMPLE CRUCIBLE MASS /mg:138.7185
#REFERENCE CRUCIBLE MASS /mg:140.87
#DSC RANGE /µV:5000
#TG RANGE /mg:35000
#TAU-R:---
#CORR. CODE:020
#EXO:-1
#RANGE:25°C/00:00/25°C/20,0(K/min)/800°C/
#SEGMENT:S1-2/2
#SEG. 1:25°C/00:30/25°C
#SEG. 2:25°C/20,0(K/min)/800°C

##Temp./°C;Time/min;DSC/(mW/mg);Mass/%;Gas Flow(purge2)/(ml/min);Gas Flow(protective)/(ml/min);Sensit./(uV/mW);Segment
 24.46300; 0.00000;       0.16643;100.00000;80.00000;20.00000;0.80455;1
 24.49900; 0.05000;       0.17127; 99.96629;80.00000;20.00000;0.80454;1
 24.52400; 0.10000;       0.17547; 99.94413;80.00000;20.00000;0.80454;1
 24.55600; 0.15000;       0.17858; 99.92005;80.00000;20.00000;0.80453;1
 24.58200; 0.20000;       0.18023; 99.90367;80.00000;20.00000;0.80453;1
 24.62300; 0.25000;       0.18324; 99.87381;80.00000;20.00000;0.80452;1
 24.63400; 0.30000;       0.18534; 99.84395;80.00000;20.00000;0.80452;1
 24.65800; 0.35000;       0.18699; 99.81602;80.00000;20.00000;0.80451;1
 24.67800; 0.40000;       0.18818; 99.80061;80.00000;20.00000;0.80451;1
 24.70900; 0.45000;       0.18873; 99.78423;80.00000;20.00000;0.80450;1
 24.72400; 0.50000;       0.18873; 99.76208;80.00000;20.00000;0.80450;1
 24.76500; 0.55000;       0.18763; 99.73318;80.00000;20.00000;0.80449;1
 24.76600; 0.60000;       0.18663; 99.71102;80.00000;20.00000;0.80449;1
 24.78500; 0.65000;       0.18535; 99.69369;80.00000;20.00000;0.80449;1
 24.80500; 0.70000;       0.18489; 99.65805;80.00000;20.00000;0.80449;1
 24.83700; 0.75000;       0.18289; 99.64938;80.00000;20.00000;0.80448;1
 24.84000; 0.80000;       0.18179; 99.62626;80.00000;20.00000;0.80448;1
 24.85800; 0.85000;       0.17941; 99.60218;80.00000;20.00000;0.80448;1
 24.85400; 0.90000;       0.17740; 99.58388;80.00000;20.00000;0.80448;1
 24.89200; 0.95000;       0.17476; 99.56461;80.00000;20.00000;0.80447;1
 24.90500; 1.00000;       0.17247; 99.54727;80.00000;20.00000;0.80447;1
 24.91000; 1.05000;       0.17056; 99.53186;80.00000;20.00000;0.80447;1
 24.93100; 1.10000;       0.16836; 99.51356;80.00000;20.00000;0.80446;1
 24.93700; 1.15000;       0.16544; 99.50489;80.00000;20.00000;0.80446;1
 24.95400; 1.20000;       0.16288; 99.48659;80.00000;20.00000;0.80446;1
 24.98200; 1.25000;       0.16060; 99.46732;80.00000;20.00000;0.80445;1
 24.97800; 1.30000;       0.15859; 99.44324;80.00000;20.00000;0.80445;1
 24.99000; 1.35000;       0.15612; 99.42687;80.00000;20.00000;0.80445;1
 24.99500; 1.40000;       0.15421; 99.40567;80.00000;20.00000;0.80445;1
 25.01800; 1.45000;       0.15156; 99.39219;80.00000;20.00000;0.80445;1
 25.01100; 1.50000;       0.14891; 99.37581;80.00000;20.00000;0.80445;1
 25.04500; 1.55000;       0.14745; 99.36618;80.00000;20.00000;0.80444;1
 25.03900; 1.60000;       0.14480; 99.34403;80.00000;20.00000;0.80444;1
 25.06200; 1.65000;       0.14224; 99.33150;80.00000;20.00000;0.80444;1
 25.07200; 1.70000;       0.13996; 99.31898;80.00000;20.00000;0.80444;1
 25.07200; 1.75000;       0.13859; 99.30068;80.00000;20.00000;0.80444;1
 25.08800; 1.80000;       0.13576; 99.28912;80.00000;20.00000;0.80443;1
 25.08100; 1.85000;       0.13384; 99.27660;80.00000;20.00000;0.80443;1
 25.08000; 1.90000;       0.13210; 99.26408;80.00000;20.00000;0.80443;1
 25.09900; 1.95000;       0.12927; 99.25155;80.00000;20.00000;0.80443;1
 25.08900; 2.00000;       0.12799; 99.23807;80.00000;20.00000;0.80443;1
 25.11200; 2.05000;       0.12680; 99.21977;80.00000;20.00000;0.80443;1
 25.11900; 2.10000;       0.12397; 99.20532;80.00000;20.00000;0.80443;1
 25.12500; 2.15000;       0.12306; 99.18991;80.00000;20.00000;0.80443;1
 25.10800; 2.20000;       0.12096; 99.17835;80.00000;20.00000;0.80443;1
 25.12600; 2.25000;       0.11913; 99.16582;80.00000;20.00000;0.80443;1
 25.12900; 2.30000;       0.11685; 99.14945;80.00000;20.00000;0.80443;1
 25.12300; 2.35000;       0.11538; 99.13789;80.00000;20.00000;0.80443;1
 25.12600; 2.40000;       0.11347; 99.12537;80.00000;20.00000;0.80443;1
 25.13500; 2.45000;       0.11264; 99.11670;80.00000;20.00000;0.80442;1
 25.13400; 2.50000;       0.11018; 99.10514;80.00000;20.00000;0.80442;1
 25.13100; 2.55000;       0.10881; 99.08587;80.00000;20.00000;0.80442;1
 25.14700; 2.60000;       0.10799; 99.07143;80.00000;20.00000;0.80442;1
 25.14600; 2.65000;       0.10616; 99.06179;80.00000;20.00000;0.80442;1
 25.14700; 2.70000;       0.10415; 99.05216;80.00000;20.00000;0.80442;1
 25.14800; 2.75000;       0.10278; 99.04638;80.00000;20.00000;0.80442;1
 25.13200; 2.80000;       0.10205; 99.03578;80.00000;20.00000;0.80442;1
 25.14400; 2.85000;       0.10077; 99.02423;80.00000;20.00000;0.80442;1
 25.14500; 2.90000; 9.921469e-002; 99.01363;80.00000;20.00000;0.80442;1
 25.15000; 2.95000; 9.802715e-002; 99.00592;80.00000;20.00000;0.80442;1
 25.15600; 3.00000; 9.583469e-002; 98.99340;80.00000;20.00000;0.80442;1
 25.16500; 3.05000; 9.510402e-002; 98.97703;80.00000;20.00000;0.80442;1
 25.14400; 3.10000; 9.409861e-002; 98.97028;80.00000;20.00000;0.80442;1
 25.14200; 3.15000; 9.227142e-002; 98.96065;80.00000;20.00000;0.80442;1
 25.16100; 3.20000; 9.090146e-002; 98.95006;80.00000;20.00000;0.80442;1
 25.14000; 3.25000; 9.099236e-002; 98.93946;80.00000;20.00000;0.80442;1
 25.13300; 3.30000; 8.989591e-002; 98.92790;80.00000;20.00000;0.80442;1
 25.13300; 3.35000; 8.752062e-002; 98.91442;80.00000;20.00000;0.80442;1
 25.15100; 3.40000; 8.724692e-002; 98.90382;80.00000;20.00000;0.80442;1
 25.14600; 3.45000; 8.642459e-002; 98.89515;80.00000;20.00000;0.80442;1
 25.13200; 3.50000; 8.496258e-002; 98.88841;80.00000;20.00000;0.80442;1
 25.15600; 3.55000; 8.423220e-002; 98.88070;80.00000;20.00000;0.80442;1
 25.14400; 3.60000; 8.267887e-002; 98.87203;80.00000;20.00000;0.80442;1
 25.12100; 3.65000; 8.130807e-002; 98.86336;80.00000;20.00000;0.80443;1
 25.14600; 3.70000; 8.112583e-002; 98.85373;80.00000;20.00000;0.80442;1
 25.13300; 3.75000; 7.993793e-002; 98.84410;80.00000;20.00000;0.80442;1
 25.12900; 3.80000; 7.847614e-002; 98.83254;80.00000;20.00000;0.80443;1
 25.10400; 3.85000; 7.792753e-002; 98.82387;80.00000;20.00000;0.80443;1
 25.12100; 3.90000; 7.619205e-002; 98.81809;80.00000;20.00000;0.80443;1
 25.11500; 3.95000; 7.591787e-002; 98.80942;80.00000;20.00000;0.80443;1
 25.11400; 4.00000; 7.454750e-002; 98.79979;80.00000;20.00000;0.80443;1
 25.11500; 4.05000; 7.436480e-002; 98.79305;80.00000;20.00000;0.80443;1
 25.09800; 4.10000; 7.381637e-002; 98.79112;80.00000;20.00000;0.80443;1
 25.10100; 4.15000; 7.272013e-002; 98.78630;80.00000;20.00000;0.80443;1
 25.10400; 4.20000; 7.198933e-002; 98.77571;80.00000;20.00000;0.80443;1
 25.11500; 4.25000; 7.144137e-002; 98.76415;80.00000;20.00000;0.80443;1
 25.10400; 4.30000; 7.061897e-002; 98.75355;80.00000;20.00000;0.80443;1
 25.09800; 4.35000; 6.933988e-002; 98.74585;80.00000;20.00000;0.80443;1
 25.08900; 4.40000; 6.879159e-002; 98.73621;80.00000;20.00000;0.80443;1
 25.07600; 4.45000; 6.769511e-002; 98.72562;80.00000;20.00000;0.80444;1
 25.07600; 4.50000; 6.705561e-002; 98.71695;80.00000;20.00000;0.80444;1
 25.07800; 4.55000; 6.623343e-002; 98.70635;80.00000;20.00000;0.80443;1
 25.06100; 4.60000; 6.522825e-002; 98.69865;80.00000;20.00000;0.80444;1
 25.06800; 4.65000; 6.468022e-002; 98.69287;80.00000;20.00000;0.80444;1
 25.06100; 4.70000; 6.330977e-002; 98.69094;80.00000;20.00000;0.80444;1
 25.05800; 4.75000; 6.321837e-002; 98.69383;80.00000;20.00000;0.80444;1
 25.05200; 4.80000; 6.230472e-002; 98.68805;80.00000;20.00000;0.80444;1
 25.03800; 4.85000; 6.212179e-002; 98.68227;80.00000;20.00000;0.80444;1
 25.05000; 4.90000; 6.157384e-002; 98.68034;80.00000;20.00000;0.80444;1
 25.03800; 4.95000; 6.102553e-002; 98.67842;80.00000;20.00000;0.80444;1
 25.03800; 5.00000; 6.020333e-002; 98.67457;80.00000;20.00000;0.80444;1
 25.03000; 5.05000; 5.901560e-002; 98.67071;80.00000;20.00000;0.80444;1
 25.02100; 5.10000; 5.874141e-002; 98.66686;80.00000;20.00000;0.80445;1
 25.00900; 5.15000; 5.883259e-002; 98.66590;80.00000;20.00000;0.80445;1
 25.01200; 5.20000; 5.846721e-002; 98.66686;80.00000;20.00000;0.80445;1
 25.01000; 5.25000; 5.819313e-002; 98.66493;80.00000;20.00000;0.80445;1
 25.00200; 5.30000; 5.746218e-002; 98.66301;80.00000;20.00000;0.80445;1
 24.98500; 5.35000; 5.691382e-002; 98.65915;80.00000;20.00000;0.80445;1
 24.99200; 5.40000; 5.600037e-002; 98.65434;80.00000;20.00000;0.80445;1
 24.99300; 5.45000; 5.563496e-002; 98.65145;80.00000;20.00000;0.80445;1
 24.99900; 5.50000; 5.526962e-002; 98.64567;80.00000;20.00000;0.80445;1
 24.99800; 5.55000; 5.499554e-002; 98.64181;80.00000;20.00000;0.80445;1
 24.98700; 5.60000; 5.380779e-002; 98.63700;80.00000;20.00000;0.80445;1
 24.97600; 5.65000; 5.380765e-002; 98.63218;80.00000;20.00000;0.80445;1
 24.97500; 5.70000; 5.316816e-002; 98.62737;80.00000;20.00000;0.80445;1
 24.96500; 5.75000; 5.280262e-002; 98.62159;80.00000;20.00000;0.80446;1
 24.97500; 5.80000; 5.252869e-002; 98.61773;80.00000;20.00000;0.80445;1
 24.97500; 5.85000; 5.216327e-002; 98.61292;80.00000;20.00000;0.80445;1
 24.95000; 5.90000; 5.170619e-002; 98.60810;80.00000;20.00000;0.80446;1
 24.95500; 5.95000; 5.134083e-002; 98.60617;80.00000;20.00000;0.80446;1
 24.93900; 6.00000; 5.097523e-002; 98.60328;80.00000;20.00000;0.80446;1
 24.94900; 6.05000; 5.024452e-002; 98.59943;80.00000;20.00000;0.80446;1
 24.94500; 6.10000; 4.978771e-002; 98.59751;80.00000;20.00000;0.80446;1
 24.94200; 6.15000; 5.042714e-002; 98.59558;80.00000;20.00000;0.80446;1
 24.94800; 6.20000; 4.923962e-002; 98.58787;80.00000;20.00000;0.80446;1
 24.95400; 6.25000; 4.850886e-002; 98.58017;80.00000;20.00000;0.80446;1
 24.94200; 6.30000; 4.832601e-002; 98.57342;80.00000;20.00000;0.80446;1
 24.94000; 6.35000; 4.786922e-002; 98.56668;80.00000;20.00000;0.80446;1
 24.93300; 6.40000; 4.805185e-002; 98.55994;80.00000;20.00000;0.80446;1
 24.92000; 6.45000; 4.686411e-002; 98.55320;80.00000;20.00000;0.80446;1
 24.91400; 6.50000; 4.722946e-002; 98.54838;80.00000;20.00000;0.80447;1
 24.92900; 6.55000; 4.659015e-002; 98.54260;80.00000;20.00000;0.80446;1
 24.91200; 6.60000; 4.613320e-002; 98.53586;80.00000;20.00000;0.80447;1
 24.92000; 6.65000; 4.595058e-002; 98.52719;80.00000;20.00000;0.80446;1
 24.90500; 6.70000; 4.576771e-002; 98.52141;80.00000;20.00000;0.80447;1
 24.89900; 6.75000; 4.549359e-002; 98.51948;80.00000;20.00000;0.80447;1
 24.93100; 6.80000; 4.467176e-002; 98.51467;80.00000;20.00000;0.80446;1
 24.89900; 6.85000; 4.521953e-002; 98.51178;80.00000;20.00000;0.80447;1
 24.90300; 6.90000; 4.403199e-002; 98.51081;80.00000;20.00000;0.80447;1
 24.89700; 6.95000; 4.485410e-002; 98.51081;80.00000;20.00000;0.80447;1
 24.91100; 7.00000; 4.476290e-002; 98.50889;80.00000;20.00000;0.80447;1
 24.90800; 7.05000; 4.394069e-002; 98.50696;80.00000;20.00000;0.80447;1
 24.88300; 7.10000; 4.348367e-002; 98.50407;80.00000;20.00000;0.80447;1
 24.90200; 7.15000; 4.403198e-002; 98.50022;80.00000;20.00000;0.80447;1
 24.87400; 7.20000; 4.302682e-002; 98.49636;80.00000;20.00000;0.80447;1
 24.88300; 7.25000; 4.275285e-002; 98.48577;80.00000;20.00000;0.80447;1
 24.88400; 7.30000; 4.275287e-002; 98.47614;80.00000;20.00000;0.80447;1
 24.89100; 7.35000; 4.211347e-002; 98.46939;80.00000;20.00000;0.80447;1
 24.87400; 7.40000; 4.202195e-002; 98.46747;80.00000;20.00000;0.80447;1
 24.86600; 7.45000; 4.138240e-002; 98.46458;80.00000;20.00000;0.80448;1
 24.85500; 7.50000; 4.193041e-002; 98.45976;80.00000;20.00000;0.80448;1
 24.88300; 7.55000; 4.202203e-002; 98.45494;80.00000;20.00000;0.80447;1
 24.86800; 7.60000; 4.138242e-002; 98.44820;80.00000;20.00000;0.80447;1
 24.88200; 7.65000; 4.138256e-002; 98.44146;80.00000;20.00000;0.80447;1
 24.86800; 7.70000; 4.129107e-002; 98.43568;80.00000;20.00000;0.80447;1
 24.85900; 7.75000; 4.092557e-002; 98.42990;80.00000;20.00000;0.80448;1
 24.85500; 7.80000; 4.101689e-002; 98.42894;80.00000;20.00000;0.80448;1
 24.86500; 7.85000; 4.046887e-002; 98.42605;80.00000;20.00000;0.80448;1
 24.86300; 7.90000; 4.019480e-002; 98.42219;80.00000;20.00000;0.80448;1
 24.84900; 7.95000; 3.964656e-002; 98.41738;80.00000;20.00000;0.80448;1
 24.84800; 8.00000; 3.973790e-002; 98.41352;80.00000;20.00000;0.80448;1
 24.84800; 8.05000; 3.900709e-002; 98.41063;80.00000;20.00000;0.80448;1
 24.83400; 8.10000; 3.937236e-002; 98.40871;80.00000;20.00000;0.80448;1
 24.85800; 8.15000; 4.001205e-002; 98.40582;80.00000;20.00000;0.80448;1
 24.84100; 8.20000; 3.937243e-002; 98.40389;80.00000;20.00000;0.80448;1
 24.84400; 8.25000; 4.010327e-002; 98.40004;80.00000;20.00000;0.80448;1
 24.84100; 8.30000; 3.882432e-002; 98.39619;80.00000;20.00000;0.80448;1
 24.85300; 8.35000; 3.955524e-002; 98.39330;80.00000;20.00000;0.80448;1
 24.84400; 8.40000; 3.827624e-002; 98.39137;80.00000;20.00000;0.80448;1
 24.84100; 8.45000; 3.736270e-002; 98.39041;80.00000;20.00000;0.80448;1
 24.85000; 8.50000; 3.809359e-002; 98.38463;80.00000;20.00000;0.80448;1
 24.84400; 8.55000; 3.827624e-002; 98.37596;80.00000;20.00000;0.80448;1
 24.83800; 8.60000; 3.772808e-002; 98.37018;80.00000;20.00000;0.80448;1
 24.82900; 8.65000; 3.763665e-002; 98.36921;80.00000;20.00000;0.80448;1
 24.82100; 8.70000; 3.763657e-002; 98.36632;80.00000;20.00000;0.80448;1
 24.82100; 8.75000; 3.708847e-002; 98.36247;80.00000;20.00000;0.80448;1
 24.81800; 8.80000; 3.690574e-002; 98.35958;80.00000;20.00000;0.80448;1
 24.81900; 8.85000; 3.681440e-002; 98.35766;80.00000;20.00000;0.80448;1
 24.82200; 8.90000; 3.635767e-002; 98.35477;80.00000;20.00000;0.80448;1
 24.81200; 8.95000; 3.553543e-002; 98.34995;80.00000;20.00000;0.80449;1
 24.82600; 9.00000; 3.608365e-002; 98.34513;80.00000;20.00000;0.80448;1
 24.81000; 9.05000; 3.635757e-002; 98.34032;80.00000;20.00000;0.80449;1
 24.80800; 9.10000; 3.626620e-002; 98.33550;80.00000;20.00000;0.80449;1
 24.80700; 9.15000; 3.654024e-002; 98.33165;80.00000;20.00000;0.80449;1
 24.83100; 9.20000; 3.580964e-002; 98.32779;80.00000;20.00000;0.80448;1
 24.81600; 9.25000; 3.535276e-002; 98.32394;80.00000;20.00000;0.80448;1
 24.82300; 9.30000; 3.590092e-002; 98.32105;80.00000;20.00000;0.80448;1
 24.81900; 9.35000; 3.553549e-002; 98.31720;80.00000;20.00000;0.80448;1
 24.82500; 9.40000; 3.544419e-002; 98.31431;80.00000;20.00000;0.80448;1
 24.83100; 9.45000; 3.462208e-002; 98.31335;80.00000;20.00000;0.80448;1
 24.82000; 9.50000; 3.480469e-002; 98.31142;80.00000;20.00000;0.80448;1
 24.82900; 9.55000; 3.517016e-002; 98.30853;80.00000;20.00000;0.80448;1
 24.80300; 9.60000; 3.535265e-002; 98.30564;80.00000;20.00000;0.80449;1
 24.82400; 9.65000; 3.434797e-002; 98.30371;80.00000;20.00000;0.80448;1
 24.82000; 9.70000; 3.462198e-002; 98.30179;80.00000;20.00000;0.80448;1
 24.82100; 9.75000; 3.480469e-002; 98.29890;80.00000;20.00000;0.80448;1
 24.82100; 9.80000; 3.389118e-002; 98.29697;80.00000;20.00000;0.80448;1
 24.81300; 9.85000; 3.398247e-002; 98.29697;80.00000;20.00000;0.80449;1
 24.82000; 9.90000; 3.389118e-002; 98.28926;80.00000;20.00000;0.80448;1
 24.82300; 9.95000; 3.389120e-002; 98.28445;80.00000;20.00000;0.80448;1
 24.81300;10.00000; 3.343437e-002; 98.28252;80.00000;20.00000;0.80449;1
 24.82400;10.05000; 3.325175e-002; 98.27963;80.00000;20.00000;0.80448;1
 24.82500;10.10000; 3.343446e-002; 98.27578;80.00000;20.00000;0.80448;1
 24.82500;10.15000; 3.370852e-002; 98.26904;80.00000;20.00000;0.80448;1
 24.82200;10.20000; 3.343444e-002; 98.26518;80.00000;20.00000;0.80448;1
 24.81400;10.25000; 3.306897e-002; 98.26229;80.00000;20.00000;0.80448;1
 24.82800;10.30000; 3.261233e-002; 98.26133;80.00000;20.00000;0.80448;1
 24.81200;10.35000; 3.279490e-002; 98.25555;80.00000;20.00000;0.80449;1
 24.83200;10.40000; 3.242965e-002; 98.24977;80.00000;20.00000;0.80448;1
 24.83500;10.45000; 3.279508e-002; 98.24592;80.00000;20.00000;0.80448;1
 24.83400;10.50000; 3.224697e-002; 98.24014;80.00000;20.00000;0.80448;1
 24.82000;10.55000; 3.242956e-002; 98.23629;80.00000;20.00000;0.80448;1
 24.82900;10.60000; 3.288639e-002; 98.23340;80.00000;20.00000;0.80448;1
 24.81600;10.65000; 3.233818e-002; 98.22762;80.00000;20.00000;0.80448;1
 24.83300;10.70000; 3.169885e-002; 98.22087;80.00000;20.00000;0.80448;1
 24.81800;10.75000; 3.142469e-002; 98.21895;80.00000;20.00000;0.80448;1
 24.82700;10.80000; 3.233827e-002; 98.21413;80.00000;20.00000;0.80448;1
 24.83500;10.85000; 3.188157e-002; 98.21124;80.00000;20.00000;0.80448;1
 24.83000;10.90000; 3.087667e-002; 98.20739;80.00000;20.00000;0.80448;1
 24.81800;10.95000; 3.087658e-002; 98.20257;80.00000;20.00000;0.80448;1
 24.82200;11.00000; 3.105932e-002; 98.19968;80.00000;20.00000;0.80448;1
 24.83000;11.05000; 3.133343e-002; 98.19583;80.00000;20.00000;0.80448;1
 24.82700;11.10000; 3.169881e-002; 98.19198;80.00000;20.00000;0.80448;1
 24.82700;11.15000; 3.115070e-002; 98.18909;80.00000;20.00000;0.80448;1
 24.82100;11.20000; 3.142471e-002; 98.18620;80.00000;20.00000;0.80448;1
 24.81800;11.25000; 3.069388e-002; 98.18234;80.00000;20.00000;0.80448;1
 24.80600;11.30000; 3.124190e-002; 98.17849;80.00000;20.00000;0.80449;1
 24.81200;11.35000; 3.105924e-002; 98.17560;80.00000;20.00000;0.80449;1
 24.80300;11.40000; 3.041972e-002; 98.17175;80.00000;20.00000;0.80449;1
 24.80900;11.45000; 3.023707e-002; 98.16886;80.00000;20.00000;0.80449;1
 24.81100;11.50000; 3.087653e-002; 98.16308;80.00000;20.00000;0.80449;1
 24.82500;11.55000; 3.060258e-002; 98.16019;80.00000;20.00000;0.80448;1
 24.83200;11.60000; 2.996317e-002; 98.15730;80.00000;20.00000;0.80448;1
 24.81400;11.65000; 3.032845e-002; 98.15441;80.00000;20.00000;0.80448;1
 24.82100;11.70000; 2.996310e-002; 98.15152;80.00000;20.00000;0.80448;1
 24.83700;11.75000; 2.978051e-002; 98.14863;80.00000;20.00000;0.80448;1
 24.83100;11.80000; 2.932371e-002; 98.14574;80.00000;20.00000;0.80448;1
 24.83100;11.85000; 2.941506e-002; 98.14478;80.00000;20.00000;0.80448;1
 24.82000;11.90000; 2.987174e-002; 98.14478;80.00000;20.00000;0.80448;1
 24.81800;11.95000; 2.978038e-002; 98.14478;80.00000;20.00000;0.80448;1
 24.82100;12.00000; 2.895824e-002; 98.14478;80.00000;20.00000;0.80448;1
 24.81700;12.05000; 2.950631e-002; 98.14478;80.00000;20.00000;0.80448;1
 24.80700;12.10000; 2.868409e-002; 98.14478;80.00000;20.00000;0.80449;1
 24.82400;12.15000; 2.822745e-002; 98.14478;80.00000;20.00000;0.80448;1
 24.80700;12.20000; 2.859274e-002; 98.14478;80.00000;20.00000;0.80449;1
 24.82000;12.25000; 2.859283e-002; 98.14478;80.00000;20.00000;0.80448;1
 24.81300;12.30000; 2.841008e-002; 98.14285;80.00000;20.00000;0.80449;1
 24.83600;12.35000; 2.859294e-002; 98.14189;80.00000;20.00000;0.80448;1
 24.83800;12.40000; 2.841025e-002; 98.14092;80.00000;20.00000;0.80448;1
 24.84900;12.45000; 2.758816e-002; 98.13996;80.00000;20.00000;0.80448;1
 24.84100;12.50000; 2.786216e-002; 98.13803;80.00000;20.00000;0.80448;1
 24.83500;12.55000; 2.758807e-002; 98.13707;80.00000;20.00000;0.80448;1
 24.82500;12.60000; 2.777070e-002; 98.12840;80.00000;20.00000;0.80448;1
 24.84200;12.65000; 2.767946e-002; 98.12262;80.00000;20.00000;0.80448;1
 24.85000;12.70000; 2.667465e-002; 98.11973;80.00000;20.00000;0.80448;1
 24.84500;12.75000; 2.731408e-002; 98.11684;80.00000;20.00000;0.80448;1
 24.84400;12.80000; 2.740542e-002; 98.11492;80.00000;20.00000;0.80448;1
 24.83800;12.85000; 2.594376e-002; 98.11203;80.00000;20.00000;0.80448;1
 24.84800;12.90000; 2.612653e-002; 98.10914;80.00000;20.00000;0.80448;1
 24.82400;12.95000; 2.667449e-002; 98.10721;80.00000;20.00000;0.80448;1
 24.84000;13.00000; 2.603513e-002; 98.10625;80.00000;20.00000;0.80448;1
 24.84000;13.05000; 2.658323e-002; 98.10625;80.00000;20.00000;0.80448;1
 24.83300;13.10000; 2.630914e-002; 98.10625;80.00000;20.00000;0.80448;1
 24.85000;13.15000; 2.694870e-002; 98.10625;80.00000;20.00000;0.80448;1
 24.83900;13.20000; 2.649188e-002; 98.10625;80.00000;20.00000;0.80448;1
 24.83900;13.25000; 2.557836e-002; 98.10625;80.00000;20.00000;0.80448;1
 24.83100;13.30000; 2.548696e-002; 98.10528;80.00000;20.00000;0.80448;1
 24.84000;13.35000; 2.585242e-002; 98.10432;80.00000;20.00000;0.80448;1
 24.86200;13.40000; 2.493904e-002; 98.10239;80.00000;20.00000;0.80448;1
 24.84700;13.45000; 2.539571e-002; 98.10143;80.00000;20.00000;0.80448;1
 24.86200;13.50000; 2.493904e-002; 98.10047;80.00000;20.00000;0.80448;1
 24.87100;13.55000; 2.466504e-002; 98.09854;80.00000;20.00000;0.80447;1
 24.85900;13.60000; 2.521308e-002; 98.09661;80.00000;20.00000;0.80448;1
 24.86000;13.65000; 2.439092e-002; 98.08698;80.00000;20.00000;0.80448;1
 24.86400;13.70000; 2.329472e-002; 98.08313;80.00000;20.00000;0.80448;1
 24.87000;13.75000; 2.347746e-002; 98.08024;80.00000;20.00000;0.80447;1
 24.86900;13.80000; 2.439097e-002; 98.07735;80.00000;20.00000;0.80447;1
 24.87200;13.85000; 2.448234e-002; 98.07350;80.00000;20.00000;0.80447;1
 24.86600;13.90000; 2.338608e-002; 98.07061;80.00000;20.00000;0.80448;1
 24.88200;13.95000; 2.384293e-002; 98.06868;80.00000;20.00000;0.80447;1
 24.87800;14.00000; 2.347750e-002; 98.06675;80.00000;20.00000;0.80447;1
 24.86800;14.05000; 2.302069e-002; 98.06483;80.00000;20.00000;0.80447;1
 24.85700;14.10000; 2.329468e-002; 98.06290;80.00000;20.00000;0.80448;1
 24.87300;14.15000; 2.283801e-002; 98.06001;80.00000;20.00000;0.80447;1
 24.87600;14.20000; 2.256397e-002; 98.05905;80.00000;20.00000;0.80447;1
 24.86500;14.25000; 2.247256e-002; 98.05712;80.00000;20.00000;0.80448;1
 24.87200;14.30000; 2.265530e-002; 98.05519;80.00000;20.00000;0.80447;1
 24.86300;14.35000; 2.256390e-002; 98.05230;80.00000;20.00000;0.80448;1
 24.86600;14.40000; 2.238121e-002; 98.05134;80.00000;20.00000;0.80448;1
 24.86300;14.45000; 2.238120e-002; 98.05134;80.00000;20.00000;0.80448;1
 24.88300;14.50000; 2.256401e-002; 98.05038;80.00000;20.00000;0.80447;1
 24.87400;14.55000; 2.192449e-002; 98.05038;80.00000;20.00000;0.80447;1
 24.88600;14.60000; 2.183320e-002; 98.05038;80.00000;20.00000;0.80447;1
 24.87400;14.65000; 2.238126e-002; 98.04941;80.00000;20.00000;0.80447;1
 24.87700;14.70000; 2.137640e-002; 98.04941;80.00000;20.00000;0.80447;1
 24.87700;14.75000; 2.174180e-002; 98.04845;80.00000;20.00000;0.80447;1
 24.88500;14.80000; 2.037156e-002; 98.04845;80.00000;20.00000;0.80447;1
 24.88000;14.85000; 2.028019e-002; 98.04653;80.00000;20.00000;0.80447;1
 24.88900;14.90000; 2.091970e-002; 98.04171;80.00000;20.00000;0.80447;1
 24.88000;14.95000; 2.055424e-002; 98.03689;80.00000;20.00000;0.80447;1
 24.89600;15.00000; 2.046297e-002; 98.03304;80.00000;20.00000;0.80447;1
 24.86900;15.05000; 2.028013e-002; 98.03015;80.00000;20.00000;0.80447;1
 24.88000;15.10000; 1.964072e-002; 98.02822;80.00000;20.00000;0.80447;1
 24.88800;15.15000; 1.945805e-002; 98.02822;80.00000;20.00000;0.80447;1
 24.88300;15.20000; 1.991479e-002; 98.02533;80.00000;20.00000;0.80447;1
 24.89800;15.25000; 1.964080e-002; 98.02341;80.00000;20.00000;0.80447;1
 24.88600;15.30000; 2.037157e-002; 98.02052;80.00000;20.00000;0.80447;1
 24.88600;15.35000; 1.964074e-002; 98.01474;80.00000;20.00000;0.80447;1
 24.88900;15.40000; 2.018888e-002; 98.01185;80.00000;20.00000;0.80447;1
 24.88800;15.45000; 1.900129e-002; 98.00799;80.00000;20.00000;0.80447;1
 24.89500;15.50000; 1.927538e-002; 98.00607;80.00000;20.00000;0.80447;1
 24.89300;15.55000; 1.918402e-002; 98.00607;80.00000;20.00000;0.80447;1
 24.88400;15.60000; 1.982344e-002; 98.00414;80.00000;20.00000;0.80447;1
 24.89300;15.65000; 1.964078e-002; 98.00222;80.00000;20.00000;0.80447;1
 24.89500;15.70000; 1.936673e-002; 97.99740;80.00000;20.00000;0.80447;1
 24.89800;15.75000; 1.881863e-002; 97.99258;80.00000;20.00000;0.80447;1
 24.88200;15.80000; 1.936667e-002; 97.98969;80.00000;20.00000;0.80447;1
 24.90700;15.85000; 1.872731e-002; 97.98584;80.00000;20.00000;0.80447;1
 24.89000;15.90000; 1.863589e-002; 97.98488;80.00000;20.00000;0.80447;1
 24.88900;15.95000; 1.890994e-002; 97.98488;80.00000;20.00000;0.80447;1
 24.90600;16.00000; 1.918407e-002; 97.98488;80.00000;20.00000;0.80447;1
 24.91500;16.05000; 1.872735e-002; 97.98391;80.00000;20.00000;0.80447;1
 24.90700;16.10000; 1.872731e-002; 97.98584;80.00000;20.00000;0.80447;1
 24.89000;16.15000; 1.881859e-002; 97.99066;80.00000;20.00000;0.80447;1
 24.89900;16.20000; 1.854457e-002; 97.99066;80.00000;20.00000;0.80447;1
 24.90800;16.25000; 1.854461e-002; 97.99066;80.00000;20.00000;0.80447;1
 24.90400;16.30000; 1.827054e-002; 97.98969;80.00000;20.00000;0.80447;1
 24.91000;16.35000; 1.790515e-002; 97.98873;80.00000;20.00000;0.80447;1
 24.90400;16.40000; 1.790513e-002; 97.98199;80.00000;20.00000;0.80447;1
 24.90400;16.45000; 1.817918e-002; 97.97910;80.00000;20.00000;0.80447;1
 24.90700;16.50000; 1.827055e-002; 97.97621;80.00000;20.00000;0.80447;1
 24.90500;16.55000; 1.827054e-002; 97.97332;80.00000;20.00000;0.80447;1
 24.90700;16.60000; 1.872731e-002; 97.97043;80.00000;20.00000;0.80447;1
 24.90500;16.65000; 1.836189e-002; 97.96754;80.00000;20.00000;0.80447;1
 24.91400;16.70000; 1.799652e-002; 97.96561;80.00000;20.00000;0.80447;1
 24.92300;16.75000; 1.836197e-002; 97.96465;80.00000;20.00000;0.80446;1
 24.91100;16.80000; 1.836192e-002; 97.96465;80.00000;20.00000;0.80447;1
 24.91300;16.85000; 1.845328e-002; 97.96561;80.00000;20.00000;0.80447;1
 24.91600;16.90000; 1.854465e-002; 97.96561;80.00000;20.00000;0.80447;1
 24.92500;16.95000; 1.854469e-002; 97.96561;80.00000;20.00000;0.80446;1
 24.91800;17.00000; 1.891007e-002; 97.96561;80.00000;20.00000;0.80447;1
 24.94200;17.05000; 1.817935e-002; 97.96561;80.00000;20.00000;0.80446;1
 24.92200;17.10000; 1.863603e-002; 97.96465;80.00000;20.00000;0.80446;1
 24.91800;17.15000; 1.854466e-002; 97.96369;80.00000;20.00000;0.80447;1
 24.92000;17.20000; 1.881873e-002; 97.96272;80.00000;20.00000;0.80446;1
 24.91600;17.25000; 1.836194e-002; 97.95791;80.00000;20.00000;0.80447;1
 24.91800;17.30000; 1.863601e-002; 97.95502;80.00000;20.00000;0.80447;1
 24.93400;17.35000; 1.790525e-002; 97.95213;80.00000;20.00000;0.80446;1
 24.94000;17.40000; 1.891017e-002; 97.95020;80.00000;20.00000;0.80446;1
 24.92000;17.45000; 1.790520e-002; 97.94538;80.00000;20.00000;0.80446;1
 24.92800;17.50000; 1.799658e-002; 97.94057;80.00000;20.00000;0.80446;1
 24.92900;17.55000; 1.790523e-002; 97.93575;80.00000;20.00000;0.80446;1
 24.90900;17.60000; 1.827056e-002; 97.93190;80.00000;20.00000;0.80447;1
 24.92900;17.65000; 1.799659e-002; 97.92805;80.00000;20.00000;0.80446;1
 24.92300;17.70000; 1.808791e-002; 97.92612;80.00000;20.00000;0.80446;1
 24.92900;17.75000; 1.881877e-002; 97.92612;80.00000;20.00000;0.80446;1
 24.92700;17.80000; 1.836199e-002; 97.92612;80.00000;20.00000;0.80446;1
 24.93200;17.85000; 1.854472e-002; 97.92612;80.00000;20.00000;0.80446;1
 24.92900;17.90000; 1.781388e-002; 97.92708;80.00000;20.00000;0.80446;1
 24.93200;17.95000; 1.827066e-002; 97.92708;80.00000;20.00000;0.80446;1
 24.92300;18.00000; 1.817927e-002; 97.92708;80.00000;20.00000;0.80446;1
 24.92700;18.05000; 1.790523e-002; 97.92708;80.00000;20.00000;0.80446;1
 24.93400;18.10000; 1.799661e-002; 97.92805;80.00000;20.00000;0.80446;1
 24.94800;18.15000; 1.799667e-002; 97.92805;80.00000;20.00000;0.80446;1
 24.92400;18.20000; 1.781386e-002; 97.92805;80.00000;20.00000;0.80446;1
 24.94400;18.25000; 1.827071e-002; 97.92805;80.00000;20.00000;0.80446;1
 24.93000;18.30000; 1.744847e-002; 97.92805;80.00000;20.00000;0.80446;1
 24.93000;18.35000; 1.799659e-002; 97.92805;80.00000;20.00000;0.80446;1
 24.94200;18.40000; 1.753988e-002; 97.92805;80.00000;20.00000;0.80446;1
 24.94700;18.45000; 1.772260e-002; 97.92708;80.00000;20.00000;0.80446;1
 24.95300;18.50000; 1.753992e-002; 97.92612;80.00000;20.00000;0.80446;1
 24.94100;18.55000; 1.717446e-002; 97.92516;80.00000;20.00000;0.80446;1
 24.94200;18.60000; 1.808800e-002; 97.92419;80.00000;20.00000;0.80446;1
 24.94500;18.65000; 1.781395e-002; 97.92227;80.00000;20.00000;0.80446;1
 24.95300;18.70000; 1.772263e-002; 97.92130;80.00000;20.00000;0.80446;1
 24.95800;18.75000; 1.827077e-002; 97.92034;80.00000;20.00000;0.80446;1
 24.94800;18.80000; 1.808802e-002; 97.91938;80.00000;20.00000;0.80446;1
 24.96000;18.85000; 1.699183e-002; 97.91841;80.00000;20.00000;0.80446;1
 24.97300;18.90000; 1.708323e-002; 97.91745;80.00000;20.00000;0.80445;1
 24.96200;18.95000; 1.854485e-002; 97.91649;80.00000;20.00000;0.80446;1
 24.96600;19.00000; 1.817945e-002; 97.91167;80.00000;20.00000;0.80446;1
 24.95900;19.05000; 1.772265e-002; 97.90782;80.00000;20.00000;0.80446;1
 24.97100;19.10000; 1.781406e-002; 97.90589;80.00000;20.00000;0.80446;1
 24.96900;19.15000; 1.872759e-002; 97.90396;80.00000;20.00000;0.80446;1
 24.97100;19.20000; 1.827083e-002; 97.90204;80.00000;20.00000;0.80446;1
 24.96800;19.25000; 1.817946e-002; 97.90107;80.00000;20.00000;0.80446;1
 24.97100;19.30000; 1.808812e-002; 97.89915;80.00000;20.00000;0.80446;1
 24.96900;19.35000; 1.891030e-002; 97.89722;80.00000;20.00000;0.80446;1
 24.97400;19.40000; 1.772272e-002; 97.89048;80.00000;20.00000;0.80445;1
 24.97000;19.45000; 1.753999e-002; 97.88663;80.00000;20.00000;0.80446;1
 24.98100;19.50000; 1.781410e-002; 97.88374;80.00000;20.00000;0.80445;1
 24.97200;19.55000; 1.854490e-002; 97.88085;80.00000;20.00000;0.80445;1
 24.96300;19.60000; 1.735725e-002; 97.87892;80.00000;20.00000;0.80446;1
 24.98700;19.65000; 1.763142e-002; 97.87603;80.00000;20.00000;0.80445;1
 24.97200;19.70000; 1.772271e-002; 97.87410;80.00000;20.00000;0.80445;1
 24.97000;19.75000; 1.717457e-002; 97.86736;80.00000;20.00000;0.80446;1
 24.95200;19.80000; 1.808804e-002; 97.86158;80.00000;20.00000;0.80446;1
 24.96800;19.85000; 1.744863e-002; 97.86062;80.00000;20.00000;0.80446;1
 24.97600;19.90000; 1.690054e-002; 97.86062;80.00000;20.00000;0.80445;1
 24.97800;19.95000; 1.735732e-002; 97.85965;80.00000;20.00000;0.80445;1
 24.97700;20.00000; 1.763137e-002; 97.85965;80.00000;20.00000;0.80445;1
 24.98400;20.05000; 1.699192e-002; 97.85965;80.00000;20.00000;0.80445;1
 24.98300;20.10000; 1.717463e-002; 97.85869;80.00000;20.00000;0.80445;1
 24.97800;20.15000; 1.635242e-002; 97.85773;80.00000;20.00000;0.80445;1
 24.98900;20.20000; 1.708330e-002; 97.85676;80.00000;20.00000;0.80445;1
 24.96700;20.25000; 1.653509e-002; 97.85484;80.00000;20.00000;0.80446;1
 24.98700;20.30000; 1.680923e-002; 97.85387;80.00000;20.00000;0.80445;1
 24.97000;20.35000; 1.653510e-002; 97.85098;80.00000;20.00000;0.80446;1
 24.98700;20.40000; 1.644381e-002; 97.85002;80.00000;20.00000;0.80445;1
 24.98800;20.45000; 1.644381e-002; 97.84810;80.00000;20.00000;0.80445;1
 24.99400;20.50000; 1.671790e-002; 97.84713;80.00000;20.00000;0.80445;1
 24.97400;20.55000; 1.662647e-002; 97.84617;80.00000;20.00000;0.80445;1
 24.98400;20.60000; 1.635244e-002; 97.84424;80.00000;20.00000;0.80445;1
 24.99600;20.65000; 1.635249e-002; 97.84328;80.00000;20.00000;0.80445;1
 24.97900;20.70000; 1.616971e-002; 97.84039;80.00000;20.00000;0.80445;1
 24.98700;20.75000; 1.607839e-002; 97.83943;80.00000;20.00000;0.80445;1
 24.98400;20.80000; 1.571296e-002; 97.83846;80.00000;20.00000;0.80445;1
 24.98000;20.85000; 1.626107e-002; 97.83846;80.00000;20.00000;0.80445;1
 24.98700;20.90000; 1.626110e-002; 97.83750;80.00000;20.00000;0.80445;1
 24.99400;20.95000; 1.616977e-002; 97.83076;80.00000;20.00000;0.80445;1
 24.98300;21.00000; 1.598702e-002; 97.82787;80.00000;20.00000;0.80445;1
 25.00600;21.05000; 1.598711e-002; 97.82594;80.00000;20.00000;0.80445;1
 24.98900;21.10000; 1.607840e-002; 97.82498;80.00000;20.00000;0.80445;1
 24.98200;21.15000; 1.562160e-002; 97.82305;80.00000;20.00000;0.80445;1
 25.00700;21.20000; 1.626118e-002; 97.82112;80.00000;20.00000;0.80445;1
 24.99900;21.25000; 1.598708e-002; 97.81920;80.00000;20.00000;0.80445;1
 24.99100;21.30000; 1.553028e-002; 97.81823;80.00000;20.00000;0.80445;1
 24.99000;21.35000; 1.543892e-002; 97.81534;80.00000;20.00000;0.80445;1
 25.00500;21.40000; 1.562168e-002; 97.81438;80.00000;20.00000;0.80445;1
 24.96500;21.45000; 1.690049e-002; 97.81342;80.00000;20.00000;0.80446;1
 24.97800;21.50000; 1.553023e-002; 97.81149;80.00000;20.00000;0.80445;1
 24.98200;21.55000; 1.644379e-002; 97.80957;80.00000;20.00000;0.80445;1
 24.99600;21.60000; 1.690062e-002; 97.80764;80.00000;20.00000;0.80445;1
 24.97600;21.65000; 1.580429e-002; 97.80668;80.00000;20.00000;0.80445;1
 24.99700;21.70000; 1.635249e-002; 97.80571;80.00000;20.00000;0.80445;1
 24.98900;21.75000; 1.562163e-002; 97.80571;80.00000;20.00000;0.80445;1
 24.98200;21.80000; 1.580431e-002; 97.80571;80.00000;20.00000;0.80445;1
 24.99100;21.85000; 1.607841e-002; 97.80475;80.00000;20.00000;0.80445;1
 24.98300;21.90000; 1.580431e-002; 97.80379;80.00000;20.00000;0.80445;1
 24.99300;21.95000; 1.580435e-002; 97.80186;80.00000;20.00000;0.80445;1
 24.99400;22.00000; 1.589571e-002; 97.80090;80.00000;20.00000;0.80445;1
 24.99500;22.05000; 1.543894e-002; 97.79897;80.00000;20.00000;0.80445;1
 24.98800;22.10000; 1.580433e-002; 97.79704;80.00000;20.00000;0.80445;1
 24.98400;22.15000; 1.626109e-002; 97.79608;80.00000;20.00000;0.80445;1
 24.98900;22.20000; 1.653517e-002; 97.79415;80.00000;20.00000;0.80445;1
 24.97900;22.25000; 1.607836e-002; 97.79319;80.00000;20.00000;0.80445;1
 24.99500;22.30000; 1.589571e-002; 97.79126;80.00000;20.00000;0.80445;1
 24.98800;22.35000; 1.580433e-002; 97.79030;80.00000;20.00000;0.80445;1
 24.98100;22.40000; 1.571295e-002; 97.78934;80.00000;20.00000;0.80445;1
 24.96500;22.45000; 1.543883e-002; 97.78548;80.00000;20.00000;0.80446;1
 24.98900;22.50000; 1.571298e-002; 97.77970;80.00000;20.00000;0.80445;1
 24.99000;22.55000; 1.580434e-002; 97.77681;80.00000;20.00000;0.80445;1
 24.99900;22.60000; 1.498218e-002; 97.77585;80.00000;20.00000;0.80445;1
 24.98500;22.65000; 1.516484e-002; 97.77392;80.00000;20.00000;0.80445;1
 24.99600;22.70000; 1.452540e-002; 97.77200;80.00000;20.00000;0.80445;1
 24.99600;22.75000; 1.489081e-002; 97.77007;80.00000;20.00000;0.80445;1
 24.99300;22.80000; 1.443403e-002; 97.76718;80.00000;20.00000;0.80445;1
 24.99500;22.85000; 1.534758e-002; 97.76333;80.00000;20.00000;0.80445;1
 24.97900;22.90000; 1.479940e-002; 97.76044;80.00000;20.00000;0.80445;1
 25.00100;22.95000; 1.461677e-002; 97.75948;80.00000;20.00000;0.80445;1
 24.97600;23.00000; 1.562158e-002; 97.75755;80.00000;20.00000;0.80445;1
 24.99200;23.05000; 1.406861e-002; 97.75562;80.00000;20.00000;0.80445;1
 24.99800;23.10000; 1.415998e-002; 97.75370;80.00000;20.00000;0.80445;1
 25.00500;23.15000; 1.379459e-002; 97.74984;80.00000;20.00000;0.80445;1
 24.99700;23.20000; 1.388592e-002; 97.74792;80.00000;20.00000;0.80445;1
 25.00200;23.25000; 1.416000e-002; 97.74406;80.00000;20.00000;0.80445;1
 25.00100;23.30000; 1.434270e-002; 97.73828;80.00000;20.00000;0.80445;1
 24.99600;23.35000; 1.370320e-002; 97.73539;80.00000;20.00000;0.80445;1
 24.99100;23.40000; 1.306371e-002; 97.73250;80.00000;20.00000;0.80445;1
 24.99700;23.45000; 1.361185e-002; 97.73058;80.00000;20.00000;0.80445;1
 24.99200;23.50000; 1.397725e-002; 97.73058;80.00000;20.00000;0.80445;1
 24.99200;23.55000; 1.315506e-002; 97.73058;80.00000;20.00000;0.80445;1
 24.98800;23.60000; 1.306370e-002; 97.73058;80.00000;20.00000;0.80445;1
 24.99400;23.65000; 1.306371e-002; 97.73058;80.00000;20.00000;0.80445;1
 24.99900;23.70000; 1.361186e-002; 97.73058;80.00000;20.00000;0.80445;1
 24.99100;23.75000; 1.315506e-002; 97.73058;80.00000;20.00000;0.80445;1
 24.98700;23.80000; 1.315505e-002; 97.73058;80.00000;20.00000;0.80445;1
 24.98800;23.85000; 1.278963e-002; 97.72962;80.00000;20.00000;0.80445;1
 24.99400;23.90000; 1.260694e-002; 97.72865;80.00000;20.00000;0.80445;1
 24.99300;23.95000; 1.278965e-002; 97.72769;80.00000;20.00000;0.80445;1
 24.98000;24.00000; 1.278961e-002; 97.72673;80.00000;20.00000;0.80445;1
 24.98600;24.05000; 1.251556e-002; 97.72576;80.00000;20.00000;0.80445;1
 24.97600;24.10000; 1.269824e-002; 97.72480;80.00000;20.00000;0.80445;1
 24.99300;24.15000; 1.260694e-002; 97.72384;80.00000;20.00000;0.80445;1
 24.98500;24.20000; 1.242420e-002; 97.72287;80.00000;20.00000;0.80445;1
 24.96700;24.25000; 1.260686e-002; 97.72191;80.00000;20.00000;0.80446;1
 24.97700;24.30000; 1.242418e-002; 97.72095;80.00000;20.00000;0.80445;1
 24.98700;24.35000; 1.233286e-002; 97.72095;80.00000;20.00000;0.80445;1
 24.99300;24.40000; 1.288100e-002; 97.72095;80.00000;20.00000;0.80445;1
 24.98000;24.45000; 1.297231e-002; 97.72095;80.00000;20.00000;0.80445;1
 25.00100;24.50000; 1.224154e-002; 97.72095;80.00000;20.00000;0.80445;1
 24.99300;24.55000; 1.196746e-002; 97.72095;80.00000;20.00000;0.80445;1
 24.99600;24.60000; 1.242424e-002; 97.72095;80.00000;20.00000;0.80445;1
 25.00000;24.65000; 1.187612e-002; 97.72095;80.00000;20.00000;0.80445;1
 24.99100;24.70000; 1.160203e-002; 97.72095;80.00000;20.00000;0.80445;1
 24.99600;24.75000; 1.187611e-002; 97.72095;80.00000;20.00000;0.80445;1
 24.99400;24.80000; 1.215017e-002; 97.72095;80.00000;20.00000;0.80445;1
 24.98700;24.85000; 1.087118e-002; 97.72095;80.00000;20.00000;0.80445;1
 24.98500;24.90000; 1.114524e-002; 97.72095;80.00000;20.00000;0.80445;1
 24.98300;24.95000; 1.123659e-002; 97.72095;80.00000;20.00000;0.80445;1
 24.98300;25.00000; 1.187607e-002; 97.71998;80.00000;20.00000;0.80445;1
 24.98800;25.05000; 1.160202e-002; 97.71998;80.00000;20.00000;0.80445;1
 24.99300;25.10000; 1.151068e-002; 97.71998;80.00000;20.00000;0.80445;1
 25.00800;25.15000; 1.141937e-002; 97.71998;80.00000;20.00000;0.80445;1
 25.00500;25.20000; 1.114529e-002; 97.71998;80.00000;20.00000;0.80445;1
 24.99700;25.25000; 1.105392e-002; 97.71998;80.00000;20.00000;0.80445;1
 24.99600;25.30000; 1.114527e-002; 97.71902;80.00000;20.00000;0.80445;1
 25.00700;25.35000; 1.114530e-002; 97.71902;80.00000;20.00000;0.80445;1
 25.00100;25.40000; 1.123664e-002; 97.71902;80.00000;20.00000;0.80445;1
 24.98300;25.45000; 1.178472e-002; 97.71902;80.00000;20.00000;0.80445;1
 24.97900;25.50000; 1.123658e-002; 97.71902;80.00000;20.00000;0.80445;1
 24.99400;25.55000; 1.087120e-002; 97.71806;80.00000;20.00000;0.80445;1
 24.99400;25.60000; 1.068849e-002; 97.71806;80.00000;20.00000;0.80445;1
 25.00300;25.65000; 1.123665e-002; 97.71806;80.00000;20.00000;0.80445;1
 24.99900;25.70000; 1.132799e-002; 97.71806;80.00000;20.00000;0.80445;1
 25.00200;25.75000; 1.114529e-002; 97.71806;80.00000;20.00000;0.80445;1
 25.00700;25.80000; 1.141937e-002; 97.71806;80.00000;20.00000;0.80445;1
 24.98600;25.85000; 1.151066e-002; 97.71709;80.00000;20.00000;0.80445;1
 24.98600;25.90000; 1.068847e-002; 97.71709;80.00000;20.00000;0.80445;1
 24.99100;25.95000; 1.096255e-002; 97.71709;80.00000;20.00000;0.80445;1
 25.00800;26.00000; 1.123666e-002; 97.71709;80.00000;20.00000;0.80445;1
 24.99900;26.05000; 1.087121e-002; 97.71709;80.00000;20.00000;0.80445;1
 24.99400;26.10000; 1.059714e-002; 97.71613;80.00000;20.00000;0.80445;1
 24.98000;26.15000; 1.160200e-002; 97.71613;80.00000;20.00000;0.80445;1
 24.98800;26.20000; 1.087119e-002; 97.71613;80.00000;20.00000;0.80445;1
 24.97400;26.25000; 1.077980e-002; 97.71613;80.00000;20.00000;0.80445;1
 24.98500;26.30000; 1.059712e-002; 97.71517;80.00000;20.00000;0.80445;1
 24.97300;26.35000; 1.050573e-002; 97.71517;80.00000;20.00000;0.80445;1
 24.98500;26.40000; 1.059712e-002; 97.71420;80.00000;20.00000;0.80445;1
 24.98000;26.45000; 1.077981e-002; 97.72095;80.00000;20.00000;0.80445;1
 24.99400;26.50000; 1.077985e-002; 97.72384;80.00000;20.00000;0.80445;1
 24.97400;26.55000; 1.032303e-002; 97.72576;80.00000;20.00000;0.80445;1
 24.98000;26.60000; 1.050575e-002; 97.73154;80.00000;20.00000;0.80445;1
 24.98300;26.65000; 1.096253e-002; 97.73539;80.00000;20.00000;0.80445;1
 24.97500;26.70000; 1.096251e-002; 97.73732;80.00000;20.00000;0.80445;1
 24.97400;26.75000; 1.205876e-002; 97.73539;80.00000;20.00000;0.80445;1
 24.97500;26.80000; 1.105386e-002; 97.73443;80.00000;20.00000;0.80445;1
 24.99000;26.85000; 1.068848e-002; 97.73347;80.00000;20.00000;0.80445;1
 24.97800;26.90000; 1.141929e-002; 97.73250;80.00000;20.00000;0.80445;1
 24.96900;26.95000; 1.151062e-002; 97.72962;80.00000;20.00000;0.80446;1
 24.98400;27.00000; 1.050576e-002; 97.72865;80.00000;20.00000;0.80445;1
 24.96300;27.05000; 1.096248e-002; 97.72673;80.00000;20.00000;0.80446;1
 24.96300;27.10000; 1.041435e-002; 97.72576;80.00000;20.00000;0.80446;1
 24.98400;27.15000; 1.068847e-002; 97.72480;80.00000;20.00000;0.80445;1
 24.98400;27.20000; 1.068847e-002; 97.72287;80.00000;20.00000;0.80445;1
 24.97500;27.25000; 1.050574e-002; 97.72191;80.00000;20.00000;0.80445;1
 24.97200;27.30000; 1.077979e-002; 97.72095;80.00000;20.00000;0.80445;1
 24.99000;27.35000; 1.151068e-002; 97.72095;80.00000;20.00000;0.80445;1
 24.98300;27.40000; 1.096253e-002; 97.72095;80.00000;20.00000;0.80445;1
 24.96900;27.45000; 1.178468e-002; 97.72191;80.00000;20.00000;0.80446;1
 24.97700;27.50000; 1.141928e-002; 97.72095;80.00000;20.00000;0.80445;1
 24.98700;27.55000; 1.114525e-002; 97.72095;80.00000;20.00000;0.80445;1
 24.97800;27.60000; 1.187606e-002; 97.71998;80.00000;20.00000;0.80445;1
 24.99300;27.65000; 1.224152e-002; 97.71998;80.00000;20.00000;0.80445;1
 24.97800;27.70000; 1.178471e-002; 97.71902;80.00000;20.00000;0.80445;1
 24.97200;27.75000; 1.160198e-002; 97.71902;80.00000;20.00000;0.80445;1
 24.98100;27.80000; 1.141930e-002; 97.71902;80.00000;20.00000;0.80445;1
 24.98200;27.85000; 1.178472e-002; 97.71806;80.00000;20.00000;0.80445;1
 24.98500;27.90000; 1.096254e-002; 97.71806;80.00000;20.00000;0.80445;1
 24.99400;27.95000; 1.132798e-002; 97.71613;80.00000;20.00000;0.80445;1
 24.99900;28.00000; 1.105393e-002; 97.71131;80.00000;20.00000;0.80445;1
 25.00100;28.05000; 1.151070e-002; 97.71035;80.00000;20.00000;0.80445;1
 24.99600;28.10000; 1.160205e-002; 97.70939;80.00000;20.00000;0.80445;1
 25.00400;28.15000; 1.114529e-002; 97.70842;80.00000;20.00000;0.80445;1
 24.98500;28.20000; 1.160202e-002; 97.70746;80.00000;20.00000;0.80445;1
 24.99200;28.25000; 1.160204e-002; 97.70553;80.00000;20.00000;0.80445;1
 24.99800;28.30000; 1.160205e-002; 97.70361;80.00000;20.00000;0.80445;1
 25.00200;28.35000; 1.224155e-002; 97.70264;80.00000;20.00000;0.80445;1
 25.00800;28.40000; 1.169343e-002; 97.70072;80.00000;20.00000;0.80445;1
 24.99600;28.45000; 1.160205e-002; 97.70264;80.00000;20.00000;0.80445;1
 25.00100;28.50000; 1.205883e-002; 97.70746;80.00000;20.00000;0.80445;1
 25.00500;28.55000; 1.196749e-002; 97.70842;80.00000;20.00000;0.80445;1
 25.00500;28.60000; 1.233291e-002; 97.70842;80.00000;20.00000;0.80445;1
 25.00200;28.65000; 1.251561e-002; 97.70842;80.00000;20.00000;0.80445;1
 25.00100;28.70000; 1.187612e-002; 97.70650;80.00000;20.00000;0.80445;1
 24.98900;28.75000; 1.215015e-002; 97.70650;80.00000;20.00000;0.80445;1
 24.99400;28.80000; 1.187610e-002; 97.70650;80.00000;20.00000;0.80445;1
 25.00700;28.85000; 1.196750e-002; 97.70553;80.00000;20.00000;0.80445;1
 25.00100;28.90000; 1.205883e-002; 97.70072;80.00000;20.00000;0.80445;1
 24.99400;28.95000; 1.233288e-002; 97.69783;80.00000;20.00000;0.80445;1
 25.00100;29.00000; 1.196748e-002; 97.69590;80.00000;20.00000;0.80445;1
 24.98100;29.05000; 1.187607e-002; 97.69301;80.00000;20.00000;0.80445;1
 24.99300;29.10000; 1.151068e-002; 97.69205;80.00000;20.00000;0.80445;1
 24.99300;29.15000; 1.151068e-002; 97.69205;80.00000;20.00000;0.80445;1
 24.99900;29.20000; 1.132799e-002; 97.69205;80.00000;20.00000;0.80445;1
 25.00900;29.25000; 1.105395e-002; 97.69205;80.00000;20.00000;0.80445;1
 25.01500;29.30000; 1.096261e-002; 97.69205;80.00000;20.00000;0.80445;1
 25.00600;29.35000; 1.141936e-002; 97.69109;80.00000;20.00000;0.80445;1
 24.99300;29.40000; 1.141933e-002; 97.69012;80.00000;20.00000;0.80445;1
 25.01300;29.45000; 1.087125e-002; 97.68916;80.00000;20.00000;0.80445;1
 24.99000;29.50000; 1.169338e-002; 97.68820;80.00000;20.00000;0.80445;1
 25.01600;29.55000; 1.068855e-002; 97.68242;80.00000;20.00000;0.80445;1
 25.00200;29.60000; 1.187613e-002; 97.67567;80.00000;20.00000;0.80445;1
 24.99200;29.65000; 1.169339e-002; 97.67375;80.00000;20.00000;0.80445;1
 25.01300;29.70000; 1.105396e-002; 97.67278;80.00000;20.00000;0.80445;1
 25.01500;29.75000; 1.105397e-002; 97.66700;80.00000;20.00000;0.80445;1
 25.01600;29.80000; 1.141939e-002; 97.66122;80.00000;20.00000;0.80445;1
 25.00600;29.85000; 1.105394e-002; 97.65352;80.00000;20.00000;0.80445;1
 25.01600;29.90000; 1.160210e-002; 97.64870;80.00000;20.00000;0.80445;1
 25.01000;29.95000; 1.169344e-002; 97.64485;80.00000;20.00000;0.80445;1
 25.02400;29.99583; 1.178483e-002; 97.64485;80.00000;20.00000;0.80445;1
 25.02500;30.00083; 1.178484e-002; 97.64196;80.00000;20.00000;0.80444;2
 25.02500;30.00583; 1.169348e-002; 97.64196;80.00000;20.00000;0.80444;2
 25.01900;30.01083; 1.151075e-002; 97.64196;80.00000;20.00000;0.80445;2
 25.02100;30.01583; 1.178482e-002; 97.64196;80.00000;20.00000;0.80445;2
 25.01800;30.02083; 1.169346e-002; 97.64196;80.00000;20.00000;0.80445;2
 25.02800;30.02583; 1.178484e-002; 97.64100;80.00000;20.00000;0.80444;2
 25.01500;30.03083; 1.196752e-002; 97.64100;80.00000;20.00000;0.80445;2
 25.02700;30.03583; 1.187620e-002; 97.64100;80.00000;20.00000;0.80444;2
 25.01500;30.04083; 1.169345e-002; 97.64100;80.00000;20.00000;0.80445;2
 25.02100;30.04583; 1.178483e-002; 97.64100;80.00000;20.00000;0.80445;2
 25.01600;30.05083; 1.169346e-002; 97.64003;80.00000;20.00000;0.80445;2
 25.00900;30.05583; 1.160208e-002; 97.64003;80.00000;20.00000;0.80445;2
 25.02100;30.06083; 1.160212e-002; 97.64003;80.00000;20.00000;0.80445;2
 25.01300;30.06583; 1.132803e-002; 97.64003;80.00000;20.00000;0.80445;2
 25.00900;30.07083; 1.141937e-002; 97.64003;80.00000;20.00000;0.80445;2
 25.01600;30.07583; 1.132803e-002; 97.63907;80.00000;20.00000;0.80445;2
 25.00400;30.08083; 1.151071e-002; 97.63907;80.00000;20.00000;0.80445;2
 25.01000;30.08583; 1.151073e-002; 97.63907;80.00000;20.00000;0.80445;2
 25.01000;30.09083; 1.141937e-002; 97.63907;80.00000;20.00000;0.80445;2
 25.01000;30.09583; 1.151073e-002; 97.63907;80.00000;20.00000;0.80445;2
 25.01200;30.10083; 1.141938e-002; 97.63907;80.00000;20.00000;0.80445;2
 25.00600;30.10583; 1.114530e-002; 97.63811;80.00000;20.00000;0.80445;2
 25.01000;30.11083; 1.123666e-002; 97.63811;80.00000;20.00000;0.80445;2
 25.02700;30.11583; 1.123671e-002; 97.63811;80.00000;20.00000;0.80444;2
 25.02200;30.12083; 1.123669e-002; 97.63811;80.00000;20.00000;0.80445;2
 25.00400;30.12583; 1.105394e-002; 97.63811;80.00000;20.00000;0.80445;2
 25.00500;30.13083; 1.077988e-002; 97.63714;80.00000;20.00000;0.80445;2
 25.02500;30.13583; 1.096264e-002; 97.63714;80.00000;20.00000;0.80444;2
 25.01900;30.14083; 1.123669e-002; 97.63714;80.00000;20.00000;0.80445;2
 25.02300;30.14583; 1.151076e-002; 97.63714;80.00000;20.00000;0.80445;2
 25.02200;30.15083; 1.160212e-002; 97.63714;80.00000;20.00000;0.80445;2
 25.00100;30.15583; 1.160206e-002; 97.63618;80.00000;20.00000;0.80445;2
 25.00700;30.16083; 1.151072e-002; 97.63618;80.00000;20.00000;0.80445;2
 25.01900;30.16583; 1.141940e-002; 97.63618;80.00000;20.00000;0.80445;2
 25.00600;30.17083; 1.151072e-002; 97.63618;80.00000;20.00000;0.80445;2
 25.02700;30.17583; 1.141942e-002; 97.63618;80.00000;20.00000;0.80444;2
 25.03500;30.18083; 1.160215e-002; 97.63522;80.00000;20.00000;0.80444;2
 25.02200;30.18583; 1.169347e-002; 97.63522;80.00000;20.00000;0.80445;2
 25.02100;30.19083; 1.160211e-002; 97.63522;80.00000;20.00000;0.80445;2
 25.02500;30.19583; 1.169348e-002; 97.63522;80.00000;20.00000;0.80444;2
 25.02400;30.20083; 1.169348e-002; 97.63522;80.00000;20.00000;0.80445;2
 25.02500;30.20583; 1.169348e-002; 97.63425;80.00000;20.00000;0.80444;2
 25.01600;30.21083; 1.151074e-002; 97.63425;80.00000;20.00000;0.80445;2
 25.03900;30.21583; 1.123674e-002; 97.63425;80.00000;20.00000;0.80444;2
 25.03000;30.22083; 1.114536e-002; 97.63425;80.00000;20.00000;0.80444;2
 25.02200;30.22583; 1.132805e-002; 97.63425;80.00000;20.00000;0.80445;2
 25.04400;30.23083; 1.151082e-002; 97.63329;80.00000;20.00000;0.80444;2
 25.02200;30.23583; 1.178483e-002; 97.63329;80.00000;20.00000;0.80445;2
 25.03700;30.24083; 1.178487e-002; 97.63329;80.00000;20.00000;0.80444;2
 25.03700;30.24583; 1.178487e-002; 97.63329;80.00000;20.00000;0.80444;2
 25.02500;30.25083; 1.187619e-002; 97.63329;80.00000;20.00000;0.80444;2
 25.03600;30.25583; 1.169351e-002; 97.63329;80.00000;20.00000;0.80444;2
 25.03600;30.26083; 1.151080e-002; 97.63233;80.00000;20.00000;0.80444;2
 25.03900;30.26583; 1.160216e-002; 97.63233;80.00000;20.00000;0.80444;2
 25.05600;30.27083; 1.141950e-002; 97.63233;80.00000;20.00000;0.80444;2
 25.04400;30.27583; 1.114540e-002; 97.63233;80.00000;20.00000;0.80444;2
 25.06100;30.28083; 1.123680e-002; 97.63233;80.00000;20.00000;0.80444;2
 25.06700;30.28583; 1.123681e-002; 97.63136;80.00000;20.00000;0.80444;2
 25.05400;30.29083; 1.132814e-002; 97.63136;80.00000;20.00000;0.80444;2
 25.06500;30.29583; 1.132817e-002; 97.63040;80.00000;20.00000;0.80444;2
 25.07100;30.30083; 1.114547e-002; 97.62944;80.00000;20.00000;0.80444;2
 25.05700;30.30583; 1.096272e-002; 97.62847;80.00000;20.00000;0.80444;2
 25.08500;30.31083; 1.078008e-002; 97.62655;80.00000;20.00000;0.80443;2
 25.09400;30.31583; 1.068875e-002; 97.62655;80.00000;20.00000;0.80443;2
 25.08200;30.32083; 1.078007e-002; 97.62558;80.00000;20.00000;0.80443;2
 25.09100;30.32583; 1.087145e-002; 97.62655;80.00000;20.00000;0.80443;2
 25.09400;30.33083; 1.096282e-002; 97.62655;80.00000;20.00000;0.80443;2
 25.12000;30.33583; 1.068881e-002; 97.62655;80.00000;20.00000;0.80443;2
 25.09400;30.34083; 1.023196e-002; 97.62751;80.00000;20.00000;0.80443;2
 25.11600;30.34583; 9.866586e-003; 97.62655;80.00000;20.00000;0.80443;2
 25.10000;30.35083; 9.683835e-003; 97.62655;80.00000;20.00000;0.80443;2
 25.11800;30.35583; 9.775233e-003; 97.62558;80.00000;20.00000;0.80443;2
 25.12200;30.36083; 9.957957e-003; 97.62558;80.00000;20.00000;0.80443;2
 25.12500;30.36583; 9.957964e-003; 97.62462;80.00000;20.00000;0.80443;2
 25.14600;30.37083; 9.866656e-003; 97.62269;80.00000;20.00000;0.80442;2
 25.13500;30.37583; 9.683915e-003; 97.62269;80.00000;20.00000;0.80442;2
 25.14200;30.38083; 9.318500e-003; 97.62173;80.00000;20.00000;0.80442;2
 25.16500;30.38583; 9.409908e-003; 97.62077;80.00000;20.00000;0.80442;2
 25.17200;30.39083; 9.684000e-003; 97.62077;80.00000;20.00000;0.80442;2
 25.17000;30.39583; 9.775354e-003; 97.62077;80.00000;20.00000;0.80442;2
 25.16100;30.40083; 9.592617e-003; 97.62077;80.00000;20.00000;0.80442;2
 25.17200;30.40583; 9.227206e-003; 97.61980;80.00000;20.00000;0.80442;2
 25.18100;30.41083; 8.679073e-003; 97.61980;80.00000;20.00000;0.80442;2
 25.18900;30.41583; 8.587731e-003; 97.61980;80.00000;20.00000;0.80441;2
 25.20000;30.42083; 8.496394e-003; 97.61884;80.00000;20.00000;0.80441;2
 25.20100;30.42583; 8.222319e-003; 97.61788;80.00000;20.00000;0.80441;2
 25.21600;30.43083; 7.948270e-003; 97.61691;80.00000;20.00000;0.80441;2
 25.21500;30.43583; 7.765549e-003; 97.61691;80.00000;20.00000;0.80441;2
 25.21500;30.44083; 7.674190e-003; 97.61499;80.00000;20.00000;0.80441;2
 25.24000;30.44583; 7.582876e-003; 97.61499;80.00000;20.00000;0.80440;2
 25.25500;30.45083; 7.491542e-003; 97.61499;80.00000;20.00000;0.80440;2
 25.25500;30.45583; 7.217462e-003; 97.59861;80.00000;20.00000;0.80440;2
 25.25800;30.46083; 7.126106e-003; 97.59572;80.00000;20.00000;0.80440;2
 25.28100;30.46583; 7.034784e-003; 97.59572;80.00000;20.00000;0.80440;2
 25.29000;30.47083; 7.308882e-003; 97.59476;80.00000;20.00000;0.80439;2
 25.28800;30.47583; 7.308879e-003; 97.59476;80.00000;20.00000;0.80439;2
 25.30700;30.48083; 7.126189e-003; 97.59380;80.00000;20.00000;0.80439;2
 25.31000;30.48583; 6.395302e-003; 97.59380;80.00000;20.00000;0.80439;2
 25.32600;30.49083; 6.121241e-003; 97.59380;80.00000;20.00000;0.80439;2
 25.33700;30.49583; 6.029895e-003; 97.59476;80.00000;20.00000;0.80439;2
 25.35700;30.50083; 5.938561e-003; 97.59380;80.00000;20.00000;0.80438;2
 25.36200;30.50583; 6.029930e-003; 97.59476;80.00000;20.00000;0.80438;2
 25.38000;30.51083; 5.938594e-003; 97.59283;80.00000;20.00000;0.80438;2
 25.38800;30.51583; 5.755878e-003; 97.61114;80.00000;20.00000;0.80438;2
 25.39100;30.52083; 5.116340e-003; 97.61306;80.00000;20.00000;0.80438;2
 25.40800;30.52583; 4.750907e-003; 97.61788;80.00000;20.00000;0.80437;2
 25.42500;30.53083; 4.385470e-003; 97.61980;80.00000;20.00000;0.80437;2
 25.44900;30.53583; 4.020037e-003; 97.61788;80.00000;20.00000;0.80436;2
 25.46600;30.54083; 3.654594e-003; 97.61306;80.00000;20.00000;0.80436;2
 25.47200;30.54583; 3.563234e-003; 97.61114;80.00000;20.00000;0.80436;2
 25.49200;30.55083; 3.654617e-003; 97.61595;80.00000;20.00000;0.80436;2
 25.49200;30.55583; 3.380521e-003; 97.62173;80.00000;20.00000;0.80436;2
 25.51100;30.56083; 3.380536e-003; 97.62269;80.00000;20.00000;0.80435;2
 25.52100;30.56583; 3.380544e-003; 97.61884;80.00000;20.00000;0.80435;2
 25.55000;30.57083; 2.741001e-003; 97.61691;80.00000;20.00000;0.80434;2
 25.55500;30.57583; 2.192802e-003; 97.62077;80.00000;20.00000;0.80434;2
 25.57500;30.58083; 2.192812e-003; 97.62462;80.00000;20.00000;0.80434;2
 25.58200;30.58583; 1.553244e-003; 97.62173;80.00000;20.00000;0.80434;2
 25.60800;30.59083; 9.136788e-004; 97.62077;80.00000;20.00000;0.80433;2
 25.63400;30.59583; 6.395792e-004; 97.61884;80.00000;20.00000;0.80433;2
 25.65500;30.60083; 2.741067e-004; 97.61402;80.00000;20.00000;0.80433;2
 25.66300;30.60583;-9.136907e-005; 97.61114;80.00000;20.00000;0.80432;2
 25.67500;30.61083;-4.568467e-004; 97.61306;80.00000;20.00000;0.80432;2
 25.70300;30.61583;-6.395896e-004; 97.61980;80.00000;20.00000;0.80432;2
 25.72100;30.62083;-1.187814e-003; 97.62269;80.00000;20.00000;0.80431;2
 25.74100;30.62583;-1.461932e-003; 97.62462;80.00000;20.00000;0.80431;2
 25.74800;30.63083;-1.827418e-003; 97.62173;80.00000;20.00000;0.80431;2
 25.77800;30.63583;-2.375661e-003; 97.62173;80.00000;20.00000;0.80430;2
 25.79000;30.64083;-2.375667e-003; 97.62173;80.00000;20.00000;0.80430;2
 25.80200;30.64583;-2.375674e-003; 97.62655;80.00000;20.00000;0.80430;2
 25.83200;30.65083;-3.106673e-003; 97.62944;80.00000;20.00000;0.80429;2
 25.84600;30.65583;-3.746296e-003; 97.63040;80.00000;20.00000;0.80429;2
 25.86400;30.66083;-4.842793e-003; 97.62847;80.00000;20.00000;0.80429;2
 25.88300;30.66583;-5.756553e-003; 97.62462;80.00000;20.00000;0.80428;2
 25.91000;30.67083;-6.213463e-003; 97.62847;80.00000;20.00000;0.80428;2
 25.95000;30.67583;-6.396273e-003; 97.62751;80.00000;20.00000;0.80427;2
 25.96400;30.68083;-7.035924e-003; 97.62462;80.00000;20.00000;0.80427;2
 25.99400;30.68583;-7.401479e-003; 97.62847;80.00000;20.00000;0.80426;2
 26.00300;30.69083;-8.132506e-003; 97.63040;80.00000;20.00000;0.80426;2
 26.03100;30.69583;-8.863576e-003; 97.63136;80.00000;20.00000;0.80425;2
 26.06400;30.70083;-9.411913e-003; 97.62944;80.00000;20.00000;0.80425;2
 26.07700;30.70583;-9.960211e-003; 97.62462;80.00000;20.00000;0.80424;2
 26.10400;30.71083;-1.050855e-002; 97.62655;80.00000;20.00000;0.80424;2
 26.13900;30.71583;-1.078277e-002; 97.63040;80.00000;20.00000;0.80423;2
 26.15700;30.72083;-1.114834e-002; 97.63811;80.00000;20.00000;0.80423;2
 26.18800;30.72583;-1.151394e-002; 97.63425;80.00000;20.00000;0.80422;2
 26.21500;30.73083;-1.215368e-002; 97.62847;80.00000;20.00000;0.80422;2
 26.23500;30.73583;-1.306756e-002; 97.63425;80.00000;20.00000;0.80421;2
 26.27200;30.74083;-1.425564e-002; 97.62655;80.00000;20.00000;0.80421;2
 26.30500;30.74583;-1.489544e-002; 97.62173;80.00000;20.00000;0.80420;2
 26.33600;30.75083;-1.535246e-002; 97.62655;80.00000;20.00000;0.80419;2
 26.34200;30.75583;-1.626632e-002; 97.63136;80.00000;20.00000;0.80419;2
 26.38100;30.76083;-1.708894e-002; 97.62269;80.00000;20.00000;0.80419;2
 26.42600;30.76583;-1.772882e-002; 97.61980;80.00000;20.00000;0.80418;2
 26.45200;30.77083;-1.772893e-002; 97.62173;80.00000;20.00000;0.80417;2
 26.47400;30.77583;-1.809457e-002; 97.61402;80.00000;20.00000;0.80417;2
 26.50900;30.78083;-1.937415e-002; 97.61114;80.00000;20.00000;0.80416;2
 26.54000;30.78583;-1.983123e-002; 97.61499;80.00000;20.00000;0.80416;2
 26.57500;30.79083;-2.047112e-002; 97.61691;80.00000;20.00000;0.80415;2
 26.60500;30.79583;-2.165933e-002; 97.61884;80.00000;20.00000;0.80414;2
 26.63500;30.80083;-2.275617e-002; 97.60825;80.00000;20.00000;0.80414;2
 26.65900;30.80583;-2.357881e-002; 97.60921;80.00000;20.00000;0.80413;2
 26.70100;30.81083;-2.476714e-002; 97.61114;80.00000;20.00000;0.80412;2
 26.74700;30.81583;-2.622970e-002; 97.61017;80.00000;20.00000;0.80412;2
 26.77400;30.82083;-2.723519e-002; 97.61017;80.00000;20.00000;0.80411;2
 26.80500;30.82583;-2.814933e-002; 97.59476;80.00000;20.00000;0.80410;2
 26.85500;30.83083;-2.888083e-002; 97.59091;80.00000;20.00000;0.80410;2
 26.87500;30.83583;-2.933794e-002; 97.58994;80.00000;20.00000;0.80409;2
 26.91700;30.84083;-3.025220e-002; 97.58224;80.00000;20.00000;0.80408;2
 26.96100;30.84583;-3.107510e-002; 97.58416;80.00000;20.00000;0.80407;2
 26.97800;30.85083;-3.189780e-002; 97.57357;80.00000;20.00000;0.80407;2
 27.04000;30.85583;-3.262947e-002; 97.56105;80.00000;20.00000;0.80406;2
 27.06800;30.86083;-3.363508e-002; 97.56394;80.00000;20.00000;0.80405;2
 27.10000;30.86583;-3.454934e-002; 97.55623;80.00000;20.00000;0.80405;2
 27.14200;30.87083;-3.518950e-002; 97.54756;80.00000;20.00000;0.80404;2
 27.17300;30.87583;-3.628659e-002; 97.54371;80.00000;20.00000;0.80403;2
 27.21800;30.88083;-3.738381e-002; 97.53793;80.00000;20.00000;0.80403;2
 27.26100;30.88583;-3.857245e-002; 97.52444;80.00000;20.00000;0.80402;2
 27.29900;30.89083;-4.058370e-002; 97.53119;80.00000;20.00000;0.80401;2
 27.34400;30.89583;-4.186382e-002; 97.53215;80.00000;20.00000;0.80400;2
 27.39000;30.90083;-4.296116e-002; 97.52733;80.00000;20.00000;0.80399;2
 27.41000;30.90583;-4.378403e-002; 97.51963;80.00000;20.00000;0.80399;2
 27.45700;30.91083;-4.451579e-002; 97.51866;80.00000;20.00000;0.80398;2
 27.51000;30.91583;-4.533904e-002; 97.51385;80.00000;20.00000;0.80397;2
 27.56600;30.92083;-4.607093e-002; 97.51192;80.00000;20.00000;0.80396;2
 27.60500;30.92583;-4.698548e-002; 97.51288;80.00000;20.00000;0.80395;2
 27.63500;30.93083;-4.808276e-002; 97.50999;80.00000;20.00000;0.80395;2
 27.66700;30.93583;-4.908867e-002; 97.50903;80.00000;20.00000;0.80394;2
 27.72200;30.94083;-5.009488e-002; 97.50903;80.00000;20.00000;0.80393;2
 27.77800;30.94583;-5.128395e-002; 97.50903;80.00000;20.00000;0.80392;2
 27.80100;30.95083;-5.265547e-002; 97.50229;80.00000;20.00000;0.80391;2
 27.87500;30.95583;-5.411908e-002; 97.50421;80.00000;20.00000;0.80390;2
 27.90100;30.96083;-5.512502e-002; 97.51096;80.00000;20.00000;0.80389;2
 27.94800;30.96583;-5.622267e-002; 97.51770;80.00000;20.00000;0.80388;2
 27.99800;30.97083;-5.732038e-002; 97.51192;80.00000;20.00000;0.80388;2
 28.04300;30.97583;-5.850948e-002; 97.51385;80.00000;20.00000;0.80387;2
 28.09200;30.98083;-5.969865e-002; 97.51674;80.00000;20.00000;0.80386;2
 28.14300;30.98583;-6.061362e-002; 97.51096;80.00000;20.00000;0.80385;2
 28.18500;30.99083;-6.134563e-002; 97.51577;80.00000;20.00000;0.80384;2
 28.22800;30.99583;-6.253479e-002; 97.51866;80.00000;20.00000;0.80383;2
 28.28700;31.00083;-6.363280e-002; 97.51866;80.00000;20.00000;0.80382;2
 28.35300;31.00583;-6.546236e-002; 97.51866;80.00000;20.00000;0.80381;2
 28.40400;31.01083;-6.701746e-002; 97.51866;80.00000;20.00000;0.80380;2
 28.45300;31.01583;-6.820684e-002; 97.52348;80.00000;20.00000;0.80379;2
 28.50600;31.02083;-6.976205e-002; 97.52637;80.00000;20.00000;0.80378;2
 28.52700;31.02583;-7.076815e-002; 97.52059;80.00000;20.00000;0.80377;2
 28.60100;31.03083;-7.177518e-002; 97.52541;80.00000;20.00000;0.80376;2
 28.65200;31.03583;-7.287329e-002; 97.52348;80.00000;20.00000;0.80375;2
 28.70700;31.04083;-7.415435e-002; 97.52059;80.00000;20.00000;0.80374;2
 28.74100;31.04583;-7.516076e-002; 97.52733;80.00000;20.00000;0.80373;2
 28.79700;31.05083;-7.625903e-002; 97.52830;80.00000;20.00000;0.80372;2
 28.85900;31.05583;-7.836326e-002; 97.52830;80.00000;20.00000;0.80371;2
 28.92100;31.06083;-7.982749e-002; 97.52830;80.00000;20.00000;0.80370;2
 28.98200;31.06583;-8.083453e-002; 97.52926;80.00000;20.00000;0.80368;2
 29.03400;31.07083;-8.156708e-002; 97.53215;80.00000;20.00000;0.80367;2
 29.08900;31.07583;-8.229972e-002; 97.53311;80.00000;20.00000;0.80366;2
 29.13600;31.08083;-8.330656e-002; 97.53022;80.00000;20.00000;0.80365;2
 29.20200;31.08583;-8.422235e-002; 97.52830;80.00000;20.00000;0.80364;2
 29.24900;31.09083;-8.504635e-002; 97.53504;80.00000;20.00000;0.80363;2
 29.32500;31.09583;-8.623675e-002; 97.53408;80.00000;20.00000;0.80362;2
 29.37200;31.10083;-8.742659e-002; 97.53504;80.00000;20.00000;0.80361;2
 29.42500;31.10583;-8.870804e-002; 97.53696;80.00000;20.00000;0.80360;2
 29.48700;31.11083;-9.053843e-002; 97.53793;80.00000;20.00000;0.80359;2
 29.54400;31.11583;-9.319185e-002; 97.53793;80.00000;20.00000;0.80357;2
 29.61300;31.12083;-9.493107e-002; 97.53793;80.00000;20.00000;0.80356;2
 29.66900;31.12583;-9.593839e-002; 97.53793;80.00000;20.00000;0.80355;2
 29.73100;31.13083;-9.667150e-002; 97.53793;80.00000;20.00000;0.80354;2
 29.78200;31.13583;-9.777022e-002; 97.53793;80.00000;20.00000;0.80353;2
 29.83900;31.14083;-9.877764e-002; 97.54274;80.00000;20.00000;0.80352;2
 29.89900;31.14583;-9.969371e-002; 97.55334;80.00000;20.00000;0.80351;2
 29.97200;31.15083;      -0.10079; 97.55238;80.00000;20.00000;0.80349;2
 30.02300;31.15583;      -0.10189; 97.54949;80.00000;20.00000;0.80348;2
 30.08700;31.16083;      -0.10327; 97.54563;80.00000;20.00000;0.80347;2
 30.16400;31.16583;      -0.10446; 97.53889;80.00000;20.00000;0.80345;2
 30.20800;31.17083;      -0.10565; 97.54467;80.00000;20.00000;0.80345;2
 30.27800;31.17583;      -0.10638; 97.54756;80.00000;20.00000;0.80343;2
 30.33200;31.18083;      -0.10730; 97.54756;80.00000;20.00000;0.80342;2
 30.40100;31.18583;      -0.10867; 97.54756;80.00000;20.00000;0.80341;2
 30.45100;31.19083;      -0.10986; 97.54756;80.00000;20.00000;0.80340;2
 30.51100;31.19583;      -0.11114; 97.54756;80.00000;20.00000;0.80339;2
 30.57900;31.20083;      -0.11243; 97.54756;80.00000;20.00000;0.80337;2
 30.64300;31.20583;      -0.11325; 97.54660;80.00000;20.00000;0.80336;2
 30.69600;31.21083;      -0.11426; 97.54082;80.00000;20.00000;0.80335;2
 30.78100;31.21583;      -0.11527; 97.54949;80.00000;20.00000;0.80333;2
 30.84000;31.22083;      -0.11655; 97.55527;80.00000;20.00000;0.80332;2
 30.90700;31.22583;      -0.11710; 97.55912;80.00000;20.00000;0.80331;2
 30.96000;31.23083;      -0.11793; 97.55238;80.00000;20.00000;0.80330;2
 31.02500;31.23583;      -0.11921; 97.54371;80.00000;20.00000;0.80328;2
 31.10800;31.24083;      -0.12086; 97.54467;80.00000;20.00000;0.80327;2
 31.15300;31.24583;      -0.12214; 97.55141;80.00000;20.00000;0.80326;2
 31.22300;31.25083;      -0.12333; 97.54371;80.00000;20.00000;0.80325;2
 31.29700;31.25583;      -0.12452; 97.54563;80.00000;20.00000;0.80323;2
 31.35300;31.26083;      -0.12526; 97.55045;80.00000;20.00000;0.80322;2
 31.42500;31.26583;      -0.12553; 97.54563;80.00000;20.00000;0.80321;2
 31.49600;31.27083;      -0.12590; 97.53215;80.00000;20.00000;0.80319;2
 31.57800;31.27583;      -0.12700; 97.53793;80.00000;20.00000;0.80318;2
 31.64200;31.28083;      -0.12792; 97.54371;80.00000;20.00000;0.80316;2
 31.69800;31.28583;      -0.12801; 97.54467;80.00000;20.00000;0.80315;2
 31.77700;31.29083;      -0.12847; 97.53504;80.00000;20.00000;0.80314;2
 31.82200;31.29583;      -0.12985; 97.53311;80.00000;20.00000;0.80313;2
 31.90100;31.30083;      -0.13113; 97.52830;80.00000;20.00000;0.80311;2
 31.97300;31.30583;      -0.13223; 97.53311;80.00000;20.00000;0.80310;2
 32.04000;31.31083;      -0.13287; 97.54467;80.00000;20.00000;0.80308;2
 32.11500;31.31583;      -0.13333; 97.53889;80.00000;20.00000;0.80307;2
 32.17100;31.32083;      -0.13361; 97.52637;80.00000;20.00000;0.80306;2
 32.25900;31.32583;      -0.13471; 97.52926;80.00000;20.00000;0.80304;2
 32.31600;31.33083;      -0.13563; 97.53215;80.00000;20.00000;0.80303;2
 32.38600;31.33583;      -0.13636; 97.52926;80.00000;20.00000;0.80302;2
 32.45800;31.34083;      -0.13746; 97.53696;80.00000;20.00000;0.80300;2
 32.52700;31.34583;      -0.13847; 97.54082;80.00000;20.00000;0.80299;2
 32.59400;31.35083;      -0.13930; 97.52926;80.00000;20.00000;0.80297;2
 32.68000;31.35583;      -0.13976; 97.52348;80.00000;20.00000;0.80296;2
 32.74200;31.36083;      -0.14068; 97.53215;80.00000;20.00000;0.80295;2
 32.80500;31.36583;      -0.14159; 97.53793;80.00000;20.00000;0.80293;2
 32.88400;31.37083;      -0.14205; 97.52637;80.00000;20.00000;0.80292;2
 32.94800;31.37583;      -0.14251; 97.52830;80.00000;20.00000;0.80290;2
 33.02900;31.38083;      -0.14307; 97.52830;80.00000;20.00000;0.80289;2
 33.08000;31.38583;      -0.14343; 97.52830;80.00000;20.00000;0.80288;2
 33.16100;31.39083;      -0.14399; 97.52830;80.00000;20.00000;0.80286;2
 33.22200;31.39583;      -0.14435; 97.52830;80.00000;20.00000;0.80285;2
 33.28800;31.40083;      -0.14509; 97.52444;80.00000;20.00000;0.80284;2
 33.36800;31.40583;      -0.14591; 97.51963;80.00000;20.00000;0.80282;2
 33.45600;31.41083;      -0.14638; 97.52830;80.00000;20.00000;0.80280;2
 33.51100;31.41583;      -0.14647; 97.53408;80.00000;20.00000;0.80279;2
 33.58300;31.42083;      -0.14656; 97.52541;80.00000;20.00000;0.80278;2
 33.66200;31.42583;      -0.14675; 97.52348;80.00000;20.00000;0.80276;2
 33.72300;31.43083;      -0.14730; 97.51866;80.00000;20.00000;0.80275;2
 33.80900;31.43583;      -0.14813; 97.52444;80.00000;20.00000;0.80273;2
 33.87600;31.44083;      -0.14859; 97.53215;80.00000;20.00000;0.80272;2
 33.94100;31.44583;      -0.14887; 97.52926;80.00000;20.00000;0.80271;2
 34.01100;31.45083;      -0.14914; 97.51866;80.00000;20.00000;0.80269;2
 34.08500;31.45583;      -0.14878; 97.51770;80.00000;20.00000;0.80268;2
 34.15600;31.46083;      -0.14896; 97.52733;80.00000;20.00000;0.80266;2
 34.22300;31.46583;      -0.14961; 97.53311;80.00000;20.00000;0.80265;2
 34.30600;31.47083;      -0.14970; 97.52830;80.00000;20.00000;0.80263;2
 34.39000;31.47583;      -0.14989; 97.51674;80.00000;20.00000;0.80262;2
 34.45400;31.48083;      -0.14998; 97.51577;80.00000;20.00000;0.80260;2
 34.52800;31.48583;      -0.15063; 97.52059;80.00000;20.00000;0.80259;2
 34.61400;31.49083;      -0.15090; 97.52252;80.00000;20.00000;0.80257;2
 34.68700;31.49583;      -0.15063; 97.51963;80.00000;20.00000;0.80256;2
 34.75600;31.50083;      -0.15082; 97.51866;80.00000;20.00000;0.80254;2
 34.82500;31.50583;      -0.15082; 97.51866;80.00000;20.00000;0.80253;2
 34.89400;31.51083;      -0.15009; 97.51866;80.00000;20.00000;0.80252;2
 34.97100;31.51583;      -0.14982; 97.51577;80.00000;20.00000;0.80250;2
 35.04100;31.52083;      -0.14991; 97.50999;80.00000;20.00000;0.80249;2
 35.10900;31.52583;      -0.15037; 97.51096;80.00000;20.00000;0.80247;2
 35.19300;31.53083;      -0.15120; 97.50325;80.00000;20.00000;0.80246;2
 35.27300;31.53583;      -0.15157; 97.49747;80.00000;20.00000;0.80244;2
 35.33500;31.54083;      -0.15194; 97.50036;80.00000;20.00000;0.80243;2
 35.40600;31.54583;      -0.15249; 97.50421;80.00000;20.00000;0.80241;2
 35.47900;31.55083;      -0.15277; 97.50325;80.00000;20.00000;0.80240;2
 35.57200;31.55583;      -0.15195; 97.49651;80.00000;20.00000;0.80238;2
 35.64800;31.56083;      -0.15168; 97.49362;80.00000;20.00000;0.80236;2
 35.70500;31.56583;      -0.15168; 97.49362;80.00000;20.00000;0.80235;2
 35.78700;31.57083;      -0.15187; 97.49169;80.00000;20.00000;0.80234;2
 35.86300;31.57583;      -0.15196; 97.49554;80.00000;20.00000;0.80232;2
 35.92700;31.58083;      -0.15187; 97.50036;80.00000;20.00000;0.80231;2
 35.99300;31.58583;      -0.15160; 97.49554;80.00000;20.00000;0.80229;2
 36.07700;31.59083;      -0.15124; 97.48688;80.00000;20.00000;0.80228;2
 36.16100;31.59583;      -0.15096; 97.48495;80.00000;20.00000;0.80226;2
 36.22400;31.60083;      -0.15087; 97.48495;80.00000;20.00000;0.80225;2
 36.31000;31.60583;      -0.15033; 97.48880;80.00000;20.00000;0.80223;2
 36.38000;31.61083;      -0.14978; 97.48977;80.00000;20.00000;0.80222;2
 36.45100;31.61583;      -0.14923; 97.48977;80.00000;20.00000;0.80220;2
 36.52600;31.62083;      -0.14905; 97.48977;80.00000;20.00000;0.80219;2
 36.60400;31.62583;      -0.14951; 97.48977;80.00000;20.00000;0.80217;2
 36.68100;31.63083;      -0.14988; 97.48688;80.00000;20.00000;0.80215;2
 36.74800;31.63583;      -0.14989; 97.49073;80.00000;20.00000;0.80214;2
 36.81700;31.64083;      -0.14925; 97.49458;80.00000;20.00000;0.80213;2
 36.90200;31.64583;      -0.14797; 97.49362;80.00000;20.00000;0.80211;2
 36.96900;31.65083;      -0.14770; 97.49362;80.00000;20.00000;0.80210;2
 37.05300;31.65583;      -0.14779; 97.49362;80.00000;20.00000;0.80208;2
 37.12200;31.66083;      -0.14724; 97.49362;80.00000;20.00000;0.80207;2
 37.19700;31.66583;      -0.14651; 97.49362;80.00000;20.00000;0.80205;2
 37.28300;31.67083;      -0.14615; 97.49554;80.00000;20.00000;0.80203;2
 37.34800;31.67583;      -0.14579; 97.50325;80.00000;20.00000;0.80202;2
 37.41700;31.68083;      -0.14570; 97.50325;80.00000;20.00000;0.80201;2
 37.49100;31.68583;      -0.14533; 97.49651;80.00000;20.00000;0.80199;2
 37.56800;31.69083;      -0.14488; 97.49362;80.00000;20.00000;0.80197;2
 37.64400;31.69583;      -0.14396; 97.49651;80.00000;20.00000;0.80196;2
 37.71400;31.70083;      -0.14314; 97.50132;80.00000;20.00000;0.80194;2
 37.79400;31.70583;      -0.14269; 97.50229;80.00000;20.00000;0.80193;2
 37.88000;31.71083;      -0.14214; 97.50132;80.00000;20.00000;0.80191;2
 37.95600;31.71583;      -0.14178; 97.50325;80.00000;20.00000;0.80190;2
 38.01900;31.72083;      -0.14132; 97.50903;80.00000;20.00000;0.80188;2
 38.09700;31.72583;      -0.14068; 97.51288;80.00000;20.00000;0.80187;2
 38.16700;31.73083;      -0.14032; 97.51096;80.00000;20.00000;0.80185;2
 38.25200;31.73583;      -0.14023; 97.50614;80.00000;20.00000;0.80183;2
 38.32400;31.74083;      -0.13968; 97.50229;80.00000;20.00000;0.80182;2
 38.39600;31.74583;      -0.13895; 97.50036;80.00000;20.00000;0.80181;2
 38.48100;31.75083;      -0.13822; 97.50421;80.00000;20.00000;0.80179;2
 38.54200;31.75583;      -0.13767; 97.50807;80.00000;20.00000;0.80178;2
 38.62000;31.76083;      -0.13713; 97.50903;80.00000;20.00000;0.80176;2
 38.70200;31.76583;      -0.13630; 97.50518;80.00000;20.00000;0.80174;2
 38.76700;31.77083;      -0.13576; 97.50229;80.00000;20.00000;0.80173;2
 38.84800;31.77583;      -0.13521; 97.50036;80.00000;20.00000;0.80171;2
 38.92300;31.78083;      -0.13475; 97.50229;80.00000;20.00000;0.80170;2
 38.98200;31.78583;      -0.13448; 97.50518;80.00000;20.00000;0.80168;2
 39.06400;31.79083;      -0.13384; 97.50518;80.00000;20.00000;0.80167;2
 39.15600;31.79583;      -0.13320; 97.50518;80.00000;20.00000;0.80165;2
 39.21600;31.80083;      -0.13275; 97.50710;80.00000;20.00000;0.80164;2
 39.29300;31.80583;      -0.13211; 97.50999;80.00000;20.00000;0.80162;2
 39.37500;31.81083;      -0.13138; 97.51288;80.00000;20.00000;0.80160;2
 39.43300;31.81583;      -0.13055; 97.51288;80.00000;20.00000;0.80159;2
 39.51800;31.82083;      -0.13028; 97.50903;80.00000;20.00000;0.80157;2
 39.58200;31.82583;      -0.12973; 97.50614;80.00000;20.00000;0.80156;2
 39.66900;31.83083;      -0.12891; 97.50518;80.00000;20.00000;0.80154;2
 39.74400;31.83583;      -0.12809; 97.50614;80.00000;20.00000;0.80153;2
 39.82600;31.84083;      -0.12717; 97.50614;80.00000;20.00000;0.80151;2
 39.89400;31.84583;      -0.12617; 97.50710;80.00000;20.00000;0.80150;2
 39.97500;31.85083;      -0.12544; 97.50614;80.00000;20.00000;0.80148;2
 40.03300;31.85583;      -0.12516; 97.50421;80.00000;20.00000;0.80147;2
 40.10700;31.86083;      -0.12480; 97.50325;80.00000;20.00000;0.80145;2
 40.18400;31.86583;      -0.12480; 97.50325;80.00000;20.00000;0.80144;2
 40.27700;31.87083;      -0.12453; 97.50036;80.00000;20.00000;0.80142;2
 40.33500;31.87583;      -0.12398; 97.49843;80.00000;20.00000;0.80141;2
 40.41100;31.88083;      -0.12343; 97.49651;80.00000;20.00000;0.80139;2
 40.48400;31.88583;      -0.12270; 97.49554;80.00000;20.00000;0.80138;2
 40.58400;31.89083;      -0.12179; 97.49843;80.00000;20.00000;0.80135;2
 40.64400;31.89583;      -0.12051; 97.50132;80.00000;20.00000;0.80134;2
 40.71700;31.90083;      -0.11977; 97.50229;80.00000;20.00000;0.80133;2
 40.78100;31.90583;      -0.11895; 97.50518;80.00000;20.00000;0.80131;2
 40.87200;31.91083;      -0.11804; 97.50807;80.00000;20.00000;0.80129;2
 40.93300;31.91583;      -0.11740; 97.50999;80.00000;20.00000;0.80128;2
 41.01400;31.92083;      -0.11667; 97.50999;80.00000;20.00000;0.80127;2
 41.08100;31.92583;      -0.11593; 97.50903;80.00000;20.00000;0.80125;2
 41.15900;31.93083;      -0.11529; 97.50807;80.00000;20.00000;0.80124;2
 41.24600;31.93583;      -0.11447; 97.50518;80.00000;20.00000;0.80122;2
 41.32200;31.94083;      -0.11337; 97.50325;80.00000;20.00000;0.80120;2
 41.38000;31.94583;      -0.11227; 97.49940;80.00000;20.00000;0.80119;2
 41.45900;31.95083;      -0.11136; 97.49747;80.00000;20.00000;0.80117;2
 41.53900;31.95583;      -0.11044; 97.50132;80.00000;20.00000;0.80116;2
 41.62300;31.96083;      -0.10962; 97.50325;80.00000;20.00000;0.80114;2
 41.69400;31.96583;      -0.10889; 97.50325;80.00000;20.00000;0.80112;2
 41.76600;31.97083;      -0.10834; 97.50325;80.00000;20.00000;0.80111;2
 41.84500;31.97583;      -0.10779; 97.50132;80.00000;20.00000;0.80109;2
 41.91400;31.98083;      -0.10706; 97.50132;80.00000;20.00000;0.80108;2
 41.98900;31.98583;      -0.10614; 97.50036;80.00000;20.00000;0.80106;2
 42.06100;31.99083;      -0.10486; 97.50036;80.00000;20.00000;0.80105;2
 42.13200;31.99583;      -0.10431; 97.49940;80.00000;20.00000;0.80103;2
 42.20200;32.00083;      -0.10450; 97.49458;80.00000;20.00000;0.80102;2
 42.29100;32.00583;      -0.10358; 97.49073;80.00000;20.00000;0.80100;2
 42.36800;32.01083;      -0.10276; 97.48784;80.00000;20.00000;0.80098;2
 42.45200;32.01583;      -0.10249; 97.48495;80.00000;20.00000;0.80097;2
 42.52100;32.02083;      -0.10212; 97.48591;80.00000;20.00000;0.80095;2
 42.57900;32.02583;      -0.10121; 97.48784;80.00000;20.00000;0.80094;2
 42.66100;32.03083;-9.983181e-002; 97.49073;80.00000;20.00000;0.80092;2
 42.74100;32.03583;-9.864102e-002; 97.49266;80.00000;20.00000;0.80090;2
 42.79800;32.04083;-9.744962e-002; 97.49266;80.00000;20.00000;0.80089;2
 42.87600;32.04583;-9.653399e-002; 97.49266;80.00000;20.00000;0.80088;2
 42.95400;32.05083;-9.543478e-002; 97.49266;80.00000;20.00000;0.80086;2
 43.02200;32.05583;-9.470236e-002; 97.48880;80.00000;20.00000;0.80085;2
 43.10200;32.06083;-9.397019e-002; 97.48688;80.00000;20.00000;0.80083;2
 43.18200;32.06583;-9.323801e-002; 97.48591;80.00000;20.00000;0.80081;2
 43.25400;32.07083;-9.250560e-002; 97.48495;80.00000;20.00000;0.80080;2
 43.33900;32.07583;-9.195702e-002; 97.48495;80.00000;20.00000;0.80078;2
 43.41500;32.08083;-9.195886e-002; 97.48399;80.00000;20.00000;0.80076;2
 43.48900;32.08583;-9.177709e-002; 97.48399;80.00000;20.00000;0.80075;2
 43.55600;32.09083;-9.141159e-002; 97.48591;80.00000;20.00000;0.80073;2
 43.62700;32.09583;-9.095439e-002; 97.48591;80.00000;20.00000;0.80072;2
 43.71200;32.10083;-9.013038e-002; 97.48688;80.00000;20.00000;0.80070;2
 43.78500;32.10583;-8.893892e-002; 97.48784;80.00000;20.00000;0.80069;2
 43.83800;32.11083;-8.774695e-002; 97.48880;80.00000;20.00000;0.80067;2
 43.92900;32.11583;-8.655581e-002; 97.48977;80.00000;20.00000;0.80066;2
 44.01000;32.12083;-8.573155e-002; 97.48880;80.00000;20.00000;0.80064;2
 44.07500;32.12583;-8.554944e-002; 97.48688;80.00000;20.00000;0.80062;2
 44.15600;32.13083;-8.490871e-002; 97.48399;80.00000;20.00000;0.80061;2
 44.23200;32.13583;-8.399247e-002; 97.48495;80.00000;20.00000;0.80059;2
 44.30700;32.14083;-8.298436e-002; 97.48495;80.00000;20.00000;0.80058;2
 44.38400;32.14583;-8.225166e-002; 97.48495;80.00000;20.00000;0.80056;2
 44.47100;32.15083;-8.289615e-002; 97.48591;80.00000;20.00000;0.80054;2
 44.55500;32.15583;-8.308160e-002; 97.48495;80.00000;20.00000;0.80052;2
 44.59400;32.16083;-8.234802e-002; 97.48110;80.00000;20.00000;0.80051;2
 44.69000;32.16583;-8.088121e-002; 97.47917;80.00000;20.00000;0.80049;2
 44.75600;32.17083;-7.987274e-002; 97.47724;80.00000;20.00000;0.80048;2
 44.82500;32.17583;-7.886429e-002; 97.47435;80.00000;20.00000;0.80047;2
 44.90400;32.18083;-7.813145e-002; 97.47050;80.00000;20.00000;0.80045;2
 44.97400;32.18583;-7.758202e-002; 97.47050;80.00000;20.00000;0.80043;2
 45.04900;32.19083;-7.721630e-002; 97.47050;80.00000;20.00000;0.80042;2
 45.14100;32.19583;-7.666728e-002; 97.47050;80.00000;20.00000;0.80040;2
 45.20800;32.20083;-7.602591e-002; 97.46954;80.00000;20.00000;0.80038;2
 45.27800;32.20583;-7.547640e-002; 97.46857;80.00000;20.00000;0.80037;2
 45.34800;32.21083;-7.465140e-002; 97.46761;80.00000;20.00000;0.80035;2
 45.42800;32.21583;-7.364292e-002; 97.47050;80.00000;20.00000;0.80034;2
 45.50400;32.22083;-7.290980e-002; 97.47146;80.00000;20.00000;0.80032;2
 45.57600;32.22583;-7.217656e-002; 97.47050;80.00000;20.00000;0.80031;2
 45.65000;32.23083;-7.199433e-002; 97.47050;80.00000;20.00000;0.80029;2
 45.72200;32.23583;-7.208754e-002; 97.47146;80.00000;20.00000;0.80028;2
 45.79900;32.24083;-7.208901e-002; 97.47339;80.00000;20.00000;0.80026;2
 45.86500;32.24583;-7.117193e-002; 97.47339;80.00000;20.00000;0.80025;2
 45.94700;32.25083;-7.053063e-002; 97.47243;80.00000;20.00000;0.80023;2
 46.03400;32.25583;-6.970571e-002; 97.47243;80.00000;20.00000;0.80021;2
 46.11600;32.26083;-6.860515e-002; 97.47050;80.00000;20.00000;0.80019;2
 46.18600;32.26583;-6.777985e-002; 97.46665;80.00000;20.00000;0.80018;2
 46.25300;32.27083;-6.686261e-002; 97.46665;80.00000;20.00000;0.80016;2
 46.32600;32.27583;-6.658838e-002; 97.46568;80.00000;20.00000;0.80015;2
 46.41600;32.28083;-6.658997e-002; 97.46568;80.00000;20.00000;0.80013;2
 46.47500;32.28583;-6.640732e-002; 97.46568;80.00000;20.00000;0.80011;2
 46.56600;32.29083;-6.558227e-002; 97.46665;80.00000;20.00000;0.80010;2
 46.62700;32.29583;-6.475666e-002; 97.46472;80.00000;20.00000;0.80008;2
 46.70700;32.30083;-6.402320e-002; 97.46376;80.00000;20.00000;0.80007;2
 46.79100;32.30583;-6.338164e-002; 97.46376;80.00000;20.00000;0.80005;2
 46.85600;32.31083;-6.292344e-002; 97.46472;80.00000;20.00000;0.80003;2
 46.94200;32.31583;-6.301675e-002; 97.46472;80.00000;20.00000;0.80002;2
 47.01600;32.32083;-6.265055e-002; 97.46568;80.00000;20.00000;0.80000;2
 47.09500;32.32583;-6.200881e-002; 97.46568;80.00000;20.00000;0.79998;2
 47.15300;32.33083;-6.118298e-002; 97.46665;80.00000;20.00000;0.79997;2
 47.24700;32.33583;-6.118452e-002; 97.46665;80.00000;20.00000;0.79995;2
 47.31700;32.34083;-6.063445e-002; 97.46761;80.00000;20.00000;0.79993;2
 47.39200;32.34583;-6.017631e-002; 97.46665;80.00000;20.00000;0.79992;2
 47.47100;32.35083;-5.944259e-002; 97.46568;80.00000;20.00000;0.79990;2
 47.53300;32.35583;-5.861670e-002; 97.46472;80.00000;20.00000;0.79989;2
 47.62000;32.36083;-5.797492e-002; 97.46376;80.00000;20.00000;0.79987;2
 47.70100;32.36583;-5.751678e-002; 97.46279;80.00000;20.00000;0.79985;2
 47.76500;32.37083;-5.742589e-002; 97.46183;80.00000;20.00000;0.79984;2
 47.84600;32.37583;-5.742715e-002; 97.46183;80.00000;20.00000;0.79982;2
 47.92400;32.38083;-5.696893e-002; 97.45990;80.00000;20.00000;0.79980;2
 48.01400;32.38583;-5.623521e-002; 97.46087;80.00000;20.00000;0.79978;2
 48.09000;32.39083;-5.586880e-002; 97.46279;80.00000;20.00000;0.79977;2
 48.15600;32.39583;-5.531845e-002; 97.46376;80.00000;20.00000;0.79975;2
 48.23800;32.40083;-5.531967e-002; 97.46376;80.00000;20.00000;0.79974;2
 48.32600;32.40583;-5.532098e-002; 97.46472;80.00000;20.00000;0.79972;2
 48.39700;32.41083;-5.477066e-002; 97.46472;80.00000;20.00000;0.79970;2
 48.46100;32.41583;-5.412831e-002; 97.46087;80.00000;20.00000;0.79969;2
 48.53300;32.42083;-5.394556e-002; 97.46087;80.00000;20.00000;0.79967;2
 48.62400;32.42583;-5.394689e-002; 97.45894;80.00000;20.00000;0.79965;2
 48.70000;32.43083;-5.385609e-002; 97.45798;80.00000;20.00000;0.79964;2
 48.77600;32.43583;-5.422482e-002; 97.45509;80.00000;20.00000;0.79962;2
 48.85600;32.44083;-5.431790e-002; 97.45316;80.00000;20.00000;0.79960;2
 48.92200;32.44583;-5.385933e-002; 97.45316;80.00000;20.00000;0.79959;2
 49.00400;32.45083;-5.312522e-002; 97.45220;80.00000;20.00000;0.79957;2
 49.09300;32.45583;-5.220735e-002; 97.45220;80.00000;20.00000;0.79955;2
 49.15700;32.46083;-5.165677e-002; 97.45413;80.00000;20.00000;0.79954;2
 49.22800;32.46583;-5.101433e-002; 97.45413;80.00000;20.00000;0.79952;2
 49.31500;32.47083;-5.055594e-002; 97.45413;80.00000;20.00000;0.79950;2
 49.39300;32.47583;-5.046508e-002; 97.45316;80.00000;20.00000;0.79949;2
 49.47800;32.48083;-5.028240e-002; 97.45220;80.00000;20.00000;0.79947;2
 49.55600;32.48583;-5.065117e-002; 97.45220;80.00000;20.00000;0.79945;2
 49.62500;32.49083;-5.074404e-002; 97.45124;80.00000;20.00000;0.79944;2
 49.70300;32.49583;-5.037740e-002; 97.45124;80.00000;20.00000;0.79942;2
 49.78800;32.50083;-4.955118e-002; 97.45027;80.00000;20.00000;0.79940;2
 49.86600;32.50583;-4.927643e-002; 97.45027;80.00000;20.00000;0.79938;2
 49.94800;32.51083;-4.936946e-002; 97.45027;80.00000;20.00000;0.79937;2
 50.03000;32.51583;-4.909475e-002; 97.45027;80.00000;20.00000;0.79935;2
 50.10300;32.52083;-4.845214e-002; 97.45124;80.00000;20.00000;0.79933;2
 50.17500;32.52583;-4.854504e-002; 97.45124;80.00000;20.00000;0.79932;2
 50.26800;32.53083;-4.845432e-002; 97.45027;80.00000;20.00000;0.79930;2
 50.33700;32.53583;-4.827134e-002; 97.44931;80.00000;20.00000;0.79928;2
 50.41300;32.54083;-4.762871e-002; 97.45027;80.00000;20.00000;0.79927;2
 50.48700;32.54583;-4.726187e-002; 97.44931;80.00000;20.00000;0.79925;2
 50.56200;32.55083;-4.735479e-002; 97.44931;80.00000;20.00000;0.79923;2
 50.64900;32.55583;-4.772373e-002; 97.44931;80.00000;20.00000;0.79921;2
 50.73200;32.56083;-4.772481e-002; 97.45027;80.00000;20.00000;0.79920;2
 50.80700;32.56583;-4.790970e-002; 97.45124;80.00000;20.00000;0.79918;2
 50.89600;32.57083;-4.827870e-002; 97.44931;80.00000;20.00000;0.79916;2
 50.96800;32.57583;-4.736003e-002; 97.44738;80.00000;20.00000;0.79914;2
 51.05300;32.58083;-4.699328e-002; 97.44738;80.00000;20.00000;0.79913;2
 51.13100;32.58583;-4.699428e-002; 97.44642;80.00000;20.00000;0.79911;2
 51.20800;32.59083;-4.699527e-002; 97.44642;80.00000;20.00000;0.79909;2
 51.28600;32.59583;-4.727219e-002; 97.44642;80.00000;20.00000;0.79907;2
 51.36600;32.60083;-4.718125e-002; 97.44546;80.00000;20.00000;0.79906;2
 51.43900;32.60583;-4.745811e-002; 97.44546;80.00000;20.00000;0.79904;2
 51.52600;32.61083;-4.736727e-002; 97.44546;80.00000;20.00000;0.79902;2
 51.60400;32.61583;-4.718433e-002; 97.44546;80.00000;20.00000;0.79901;2
 51.69500;32.62083;-4.690957e-002; 97.44546;80.00000;20.00000;0.79899;2
 51.76700;32.62583;-4.681851e-002; 97.44546;80.00000;20.00000;0.79897;2
 51.84700;32.63083;-4.663557e-002; 97.44546;80.00000;20.00000;0.79895;2
 51.94400;32.63583;-4.636086e-002; 97.44546;80.00000;20.00000;0.79893;2
 52.00600;32.64083;-4.663761e-002; 97.44449;80.00000;20.00000;0.79892;2
 52.08900;32.64583;-4.719061e-002; 97.44353;80.00000;20.00000;0.79890;2
 52.17300;32.65083;-4.728369e-002; 97.44449;80.00000;20.00000;0.79888;2
 52.24900;32.65583;-4.728468e-002; 97.44257;80.00000;20.00000;0.79886;2
 52.34300;32.66083;-4.719391e-002; 97.44160;80.00000;20.00000;0.79884;2
 52.41300;32.66583;-4.710282e-002; 97.44064;80.00000;20.00000;0.79883;2
 52.50000;32.67083;-4.701195e-002; 97.44064;80.00000;20.00000;0.79881;2
 52.58300;32.67583;-4.728903e-002; 97.43968;80.00000;20.00000;0.79879;2
 52.66100;32.68083;-4.738205e-002; 97.43871;80.00000;20.00000;0.79877;2
 52.74700;32.68583;-4.775120e-002; 97.43775;80.00000;20.00000;0.79875;2
 52.82100;32.69083;-4.793619e-002; 97.43679;80.00000;20.00000;0.79874;2
 52.91800;32.69583;-4.802949e-002; 97.43582;80.00000;20.00000;0.79872;2
 52.99100;32.70083;-4.821448e-002; 97.43486;80.00000;20.00000;0.79870;2
 53.07300;32.70583;-4.876765e-002; 97.43293;80.00000;20.00000;0.79868;2
 53.17500;32.71083;-4.895306e-002; 97.43004;80.00000;20.00000;0.79866;2
 53.25400;32.71583;-4.895413e-002; 97.42812;80.00000;20.00000;0.79864;2
 53.33700;32.72083;-4.913930e-002; 97.42523;80.00000;20.00000;0.79862;2
 53.41700;32.72583;-4.904836e-002; 97.42523;80.00000;20.00000;0.79861;2
 53.51000;32.73083;-4.904963e-002; 97.42330;80.00000;20.00000;0.79859;2
 53.58700;32.73583;-4.960285e-002; 97.42330;80.00000;20.00000;0.79857;2
 53.66100;32.74083;-4.969589e-002; 97.42426;80.00000;20.00000;0.79855;2
 53.75800;32.74583;-4.997333e-002; 97.42426;80.00000;20.00000;0.79853;2
 53.83900;32.75083;-5.034258e-002; 97.42523;80.00000;20.00000;0.79851;2
 53.91800;32.75583;-5.015961e-002; 97.42523;80.00000;20.00000;0.79850;2
 53.99700;32.76083;-4.997664e-002; 97.42715;80.00000;20.00000;0.79848;2
 54.08800;32.76583;-5.062218e-002; 97.42715;80.00000;20.00000;0.79846;2
 54.17800;32.77083;-5.080754e-002; 97.42812;80.00000;20.00000;0.79844;2
 54.25200;32.77583;-5.099266e-002; 97.42715;80.00000;20.00000;0.79842;2
 54.33900;32.78083;-5.136209e-002; 97.42812;80.00000;20.00000;0.79840;2
 54.42800;32.78583;-5.173156e-002; 97.43004;80.00000;20.00000;0.79838;2
 54.50000;32.79083;-5.200874e-002; 97.43293;80.00000;20.00000;0.79837;2
 54.59000;32.79583;-5.201004e-002; 97.43293;80.00000;20.00000;0.79835;2
 54.68000;32.80083;-5.283985e-002; 97.43486;80.00000;20.00000;0.79833;2
 54.76100;32.80583;-5.348544e-002; 97.43679;80.00000;20.00000;0.79831;2
 54.84800;32.81083;-5.367086e-002; 97.43582;80.00000;20.00000;0.79829;2
 54.93800;32.81583;-5.358014e-002; 97.43486;80.00000;20.00000;0.79827;2
 55.03000;32.82083;-5.348946e-002; 97.43390;80.00000;20.00000;0.79825;2
 55.10800;32.82583;-5.395095e-002; 97.43293;80.00000;20.00000;0.79823;2
 55.18700;32.83083;-5.441249e-002; 97.43293;80.00000;20.00000;0.79821;2
 55.27200;32.83583;-5.459792e-002; 97.43004;80.00000;20.00000;0.79819;2
 55.37900;32.84083;-5.524407e-002; 97.42715;80.00000;20.00000;0.79817;2
 55.46700;32.84583;-5.579788e-002; 97.42523;80.00000;20.00000;0.79815;2
 55.54900;32.85083;-5.635162e-002; 97.42523;80.00000;20.00000;0.79813;2
 55.63400;32.85583;-5.653712e-002; 97.42426;80.00000;20.00000;0.79811;2
 55.72300;32.86083;-5.681478e-002; 97.42426;80.00000;20.00000;0.79809;2
 55.80800;32.86583;-5.764489e-002; 97.42330;80.00000;20.00000;0.79807;2
 55.89900;32.87083;-5.801471e-002; 97.42330;80.00000;20.00000;0.79805;2
 55.98100;32.87583;-5.801604e-002; 97.42234;80.00000;20.00000;0.79804;2
 56.06300;32.88083;-5.820156e-002; 97.42137;80.00000;20.00000;0.79802;2
 56.14600;32.88583;-5.838711e-002; 97.41945;80.00000;20.00000;0.79800;2
 56.24900;32.89083;-5.884927e-002; 97.41848;80.00000;20.00000;0.79798;2
 56.33000;32.89583;-5.921900e-002; 97.41848;80.00000;20.00000;0.79796;2
 56.41700;32.90083;-5.977305e-002; 97.41656;80.00000;20.00000;0.79794;2
 56.51100;32.90583;-6.051145e-002; 97.41752;80.00000;20.00000;0.79792;2
 56.60400;32.91083;-6.143409e-002; 97.41560;80.00000;20.00000;0.79790;2
 56.68800;32.91583;-6.208029e-002; 97.41367;80.00000;20.00000;0.79788;2
 56.77100;32.92083;-6.208174e-002; 97.41271;80.00000;20.00000;0.79786;2
 56.86600;32.92583;-6.245185e-002; 97.41174;80.00000;20.00000;0.79784;2
 56.96000;32.93083;-6.319041e-002; 97.41174;80.00000;20.00000;0.79782;2
 57.04300;32.93583;-6.402094e-002; 97.41078;80.00000;20.00000;0.79780;2
 57.12600;32.94083;-6.448303e-002; 97.40982;80.00000;20.00000;0.79778;2
 57.20800;32.94583;-6.457665e-002; 97.40885;80.00000;20.00000;0.79776;2
 57.30800;32.95083;-6.513121e-002; 97.40789;80.00000;20.00000;0.79774;2
 57.41500;32.95583;-6.587019e-002; 97.40500;80.00000;20.00000;0.79771;2
 57.49400;32.96083;-6.642443e-002; 97.40115;80.00000;20.00000;0.79770;2
 57.59600;32.96583;-6.688700e-002; 97.39826;80.00000;20.00000;0.79767;2
 57.68200;32.97083;-6.753355e-002; 97.39537;80.00000;20.00000;0.79765;2
 57.77600;32.97583;-6.818030e-002; 97.39344;80.00000;20.00000;0.79763;2
 57.86600;32.98083;-6.864272e-002; 97.39151;80.00000;20.00000;0.79761;2
 57.95200;32.98583;-6.928937e-002; 97.39344;80.00000;20.00000;0.79759;2
 58.05600;32.99083;-7.012070e-002; 97.39440;80.00000;20.00000;0.79757;2
 58.13800;32.99583;-7.067520e-002; 97.39344;80.00000;20.00000;0.79755;2
 58.22400;33.00083;-7.113766e-002; 97.39248;80.00000;20.00000;0.79753;2
 58.30600;33.00583;-7.123146e-002; 97.39151;80.00000;20.00000;0.79751;2
 58.40500;33.01083;-7.123347e-002; 97.39055;80.00000;20.00000;0.79749;2
 58.49400;33.01583;-7.169603e-002; 97.38959;80.00000;20.00000;0.79747;2
 58.60600;33.02083;-7.271204e-002; 97.39055;80.00000;20.00000;0.79745;2
 58.68700;33.02583;-7.317451e-002; 97.39055;80.00000;20.00000;0.79743;2
 58.77000;33.03083;-7.391353e-002; 97.39055;80.00000;20.00000;0.79741;2
 58.88300;33.03583;-7.492971e-002; 97.38959;80.00000;20.00000;0.79738;2
 58.97200;33.04083;-7.585328e-002; 97.39055;80.00000;20.00000;0.79736;2
 59.06100;33.04583;-7.613172e-002; 97.39055;80.00000;20.00000;0.79734;2
 59.15500;33.05083;-7.668678e-002; 97.39055;80.00000;20.00000;0.79732;2
 59.24200;33.05583;-7.714955e-002; 97.38477;80.00000;20.00000;0.79730;2
 59.34000;33.06083;-7.742824e-002; 97.38188;80.00000;20.00000;0.79728;2
 59.43700;33.06583;-7.789127e-002; 97.37995;80.00000;20.00000;0.79726;2
 59.53900;33.07083;-7.826226e-002; 97.37899;80.00000;20.00000;0.79723;2
 59.63200;33.07583;-7.890963e-002; 97.37899;80.00000;20.00000;0.79721;2
 59.71900;33.08083;-7.946471e-002; 97.37803;80.00000;20.00000;0.79719;2
 59.81500;33.08583;-8.066535e-002; 97.37706;80.00000;20.00000;0.79717;2
 59.92400;33.09083;-8.177417e-002; 97.37610;80.00000;20.00000;0.79715;2
 60.00100;33.09583;-8.269790e-002; 97.37514;80.00000;20.00000;0.79713;2
 60.09300;33.10083;-8.279227e-002; 97.37418;80.00000;20.00000;0.79711;2
 60.19500;33.10583;-8.307129e-002; 97.37321;80.00000;20.00000;0.79708;2
 60.28700;33.11083;-8.344228e-002; 97.37321;80.00000;20.00000;0.79706;2
 60.39300;33.11583;-8.390583e-002; 97.37225;80.00000;20.00000;0.79704;2
 60.47200;33.12083;-8.501421e-002; 97.37225;80.00000;20.00000;0.79702;2
 60.58000;33.12583;-8.593895e-002; 97.36936;80.00000;20.00000;0.79700;2
 60.66400;33.13083;-8.686313e-002; 97.36165;80.00000;20.00000;0.79698;2
 60.76200;33.13583;-8.806436e-002; 97.35587;80.00000;20.00000;0.79695;2
 60.86800;33.14083;-8.880477e-002; 97.35106;80.00000;20.00000;0.79693;2
 60.96600;33.14583;-8.963725e-002; 97.35009;80.00000;20.00000;0.79691;2
 61.07000;33.15083;-9.010103e-002; 97.35106;80.00000;20.00000;0.79688;2
 61.15500;33.15583;-9.056436e-002; 97.35298;80.00000;20.00000;0.79686;2
 61.25600;33.16083;-9.112035e-002; 97.35395;80.00000;20.00000;0.79684;2
 61.34900;33.16583;-9.167617e-002; 97.35298;80.00000;20.00000;0.79682;2
 61.43900;33.17083;-9.232418e-002; 97.35202;80.00000;20.00000;0.79680;2
 61.54100;33.17583;-9.297253e-002; 97.35106;80.00000;20.00000;0.79678;2
 61.64400;33.18083;-9.371319e-002; 97.35009;80.00000;20.00000;0.79675;2
 61.74700;33.18583;-9.417718e-002; 97.34913;80.00000;20.00000;0.79673;2
 61.84300;33.19083;-9.454875e-002; 97.34817;80.00000;20.00000;0.79671;2
 61.95200;33.19583;-9.510521e-002; 97.34720;80.00000;20.00000;0.79668;2
 62.06000;33.20083;-9.593840e-002; 97.34720;80.00000;20.00000;0.79666;2
 62.12700;33.20583;-9.649376e-002; 97.34720;80.00000;20.00000;0.79664;2
 62.23400;33.21083;-9.723478e-002; 97.34528;80.00000;20.00000;0.79662;2
 62.33000;33.21583;-9.760650e-002; 97.34431;80.00000;20.00000;0.79659;2
 62.42800;33.22083;-9.825507e-002; 97.34335;80.00000;20.00000;0.79657;2
 62.53100;33.22583;-9.871931e-002; 97.34431;80.00000;20.00000;0.79655;2
 62.62300;33.23083;-9.927552e-002; 97.34528;80.00000;20.00000;0.79653;2
 62.71900;33.23583;-9.955508e-002; 97.34624;80.00000;20.00000;0.79650;2
 62.82300;33.24083;      -0.10020; 97.34624;80.00000;20.00000;0.79648;2
 62.92700;33.24583;      -0.10095; 97.34431;80.00000;20.00000;0.79646;2
 63.02100;33.25083;      -0.10187; 97.34431;80.00000;20.00000;0.79643;2
 63.12100;33.25583;      -0.10261; 97.34335;80.00000;20.00000;0.79641;2
 63.22700;33.26083;      -0.10345; 97.34239;80.00000;20.00000;0.79639;2
 63.32900;33.26583;      -0.10493; 97.33950;80.00000;20.00000;0.79636;2
 63.43800;33.27083;      -0.10567; 97.33179;80.00000;20.00000;0.79634;2
 63.52000;33.27583;      -0.10548; 97.32601;80.00000;20.00000;0.79632;2
 63.62700;33.28083;      -0.10623; 97.32120;80.00000;20.00000;0.79629;2
 63.73800;33.28583;      -0.10678; 97.31831;80.00000;20.00000;0.79627;2
 63.83800;33.29083;      -0.10706; 97.31831;80.00000;20.00000;0.79625;2
 63.92700;33.29583;      -0.10744; 97.31927;80.00000;20.00000;0.79622;2
 64.02700;33.30083;      -0.10799; 97.32120;80.00000;20.00000;0.79620;2
 64.12000;33.30583;      -0.10873; 97.32216;80.00000;20.00000;0.79618;2
 64.22000;33.31083;      -0.10966; 97.32216;80.00000;20.00000;0.79616;2
 64.33200;33.31583;      -0.11086; 97.32120;80.00000;20.00000;0.79613;2
 64.43100;33.32083;      -0.11188; 97.32023;80.00000;20.00000;0.79611;2
 64.52800;33.32583;      -0.11262; 97.31831;80.00000;20.00000;0.79608;2
 64.62000;33.33083;      -0.11290; 97.31542;80.00000;20.00000;0.79606;2
 64.74000;33.33583;      -0.11374; 97.31445;80.00000;20.00000;0.79604;2
 64.83100;33.34083;      -0.11476; 97.31349;80.00000;20.00000;0.79601;2
 64.93200;33.34583;      -0.11531; 97.30964;80.00000;20.00000;0.79599;2
 65.03400;33.35083;      -0.11578; 97.30867;80.00000;20.00000;0.79597;2
 65.13200;33.35583;      -0.11643; 97.30675;80.00000;20.00000;0.79594;2
 65.22400;33.36083;      -0.11708; 97.30578;80.00000;20.00000;0.79592;2
 65.34600;33.36583;      -0.11773; 97.30675;80.00000;20.00000;0.79589;2
 65.45100;33.37083;      -0.11819; 97.30675;80.00000;20.00000;0.79587;2
 65.53900;33.37583;      -0.11903; 97.30482;80.00000;20.00000;0.79585;2
 65.64800;33.38083;      -0.11968; 97.30386;80.00000;20.00000;0.79582;2
 65.75700;33.38583;      -0.12042; 97.29904;80.00000;20.00000;0.79580;2
 65.85100;33.39083;      -0.12116; 97.29423;80.00000;20.00000;0.79578;2
 65.95500;33.39583;      -0.12181; 97.29230;80.00000;20.00000;0.79575;2
 66.04900;33.40083;      -0.12246; 97.28845;80.00000;20.00000;0.79573;2
 66.16400;33.40583;      -0.12275; 97.28748;80.00000;20.00000;0.79570;2
 66.26500;33.41083;      -0.12312; 97.28941;80.00000;20.00000;0.79568;2
 66.36700;33.41583;      -0.12349; 97.29134;80.00000;20.00000;0.79566;2
 66.47200;33.42083;      -0.12414; 97.29326;80.00000;20.00000;0.79563;2
 66.57600;33.42583;      -0.12507; 97.29326;80.00000;20.00000;0.79561;2
 66.67800;33.43083;      -0.12590; 97.29326;80.00000;20.00000;0.79558;2
 66.78600;33.43583;      -0.12656; 97.29230;80.00000;20.00000;0.79556;2
 66.88500;33.44083;      -0.12730; 97.29230;80.00000;20.00000;0.79553;2
 66.99700;33.44583;      -0.12786; 97.29037;80.00000;20.00000;0.79551;2
 67.10000;33.45083;      -0.12832; 97.29037;80.00000;20.00000;0.79548;2
 67.19800;33.45583;      -0.12870; 97.28845;80.00000;20.00000;0.79546;2
 67.29700;33.46083;      -0.12925; 97.28459;80.00000;20.00000;0.79544;2
 67.39800;33.46583;      -0.12972; 97.28267;80.00000;20.00000;0.79541;2
 67.51200;33.47083;      -0.13028; 97.28170;80.00000;20.00000;0.79539;2
 67.62200;33.47583;      -0.13102; 97.28074;80.00000;20.00000;0.79536;2
 67.71900;33.48083;      -0.13167; 97.27592;80.00000;20.00000;0.79534;2
 67.82600;33.48583;      -0.13232; 97.27400;80.00000;20.00000;0.79531;2
 67.91600;33.49083;      -0.13223; 97.27303;80.00000;20.00000;0.79529;2
 68.03500;33.49583;      -0.13242; 97.27111;80.00000;20.00000;0.79526;2
 68.13200;33.50083;      -0.13317; 97.27111;80.00000;20.00000;0.79524;2
 68.23400;33.50583;      -0.13354; 97.27111;80.00000;20.00000;0.79522;2
 68.35300;33.51083;      -0.13493; 97.26822;80.00000;20.00000;0.79519;2
 68.45000;33.51583;      -0.13586; 97.26725;80.00000;20.00000;0.79516;2
 68.55600;33.52083;      -0.13670; 97.26533;80.00000;20.00000;0.79514;2
 68.65400;33.52583;      -0.13735; 97.26436;80.00000;20.00000;0.79512;2
 68.76500;33.53083;      -0.13689; 97.26340;80.00000;20.00000;0.79509;2
 68.87200;33.53583;      -0.13726; 97.26244;80.00000;20.00000;0.79506;2
 68.97200;33.54083;      -0.13773; 97.26244;80.00000;20.00000;0.79504;2
 69.08300;33.54583;      -0.13801; 97.26147;80.00000;20.00000;0.79501;2
 69.18800;33.55083;      -0.13829; 97.25955;80.00000;20.00000;0.79499;2
 69.28400;33.55583;      -0.13876; 97.25377;80.00000;20.00000;0.79497;2
 69.39900;33.56083;      -0.13941; 97.25088;80.00000;20.00000;0.79494;2
 69.50500;33.56583;      -0.13960; 97.24703;80.00000;20.00000;0.79491;2
 69.60000;33.57083;      -0.13979; 97.24414;80.00000;20.00000;0.79489;2
 69.71700;33.57583;      -0.14016; 97.24221;80.00000;20.00000;0.79486;2
 69.82100;33.58083;      -0.14063; 97.24317;80.00000;20.00000;0.79484;2
 69.93000;33.58583;      -0.14138; 97.24414;80.00000;20.00000;0.79481;2
 70.02600;33.59083;      -0.14221; 97.24606;80.00000;20.00000;0.79479;2
 70.13600;33.59583;      -0.14296; 97.24414;80.00000;20.00000;0.79476;2
 70.24200;33.60083;      -0.14278; 97.24414;80.00000;20.00000;0.79474;2
 70.35000;33.60583;      -0.14306; 97.24221;80.00000;20.00000;0.79471;2
 70.44600;33.61083;      -0.14436; 97.23932;80.00000;20.00000;0.79469;2
 70.55700;33.61583;      -0.14529; 97.23643;80.00000;20.00000;0.79466;2
 70.66300;33.62083;      -0.14557; 97.23547;80.00000;20.00000;0.79464;2
 70.77500;33.62583;      -0.14604; 97.23450;80.00000;20.00000;0.79461;2
 70.88200;33.63083;      -0.14650; 97.23450;80.00000;20.00000;0.79458;2
 70.98500;33.63583;      -0.14651; 97.23354;80.00000;20.00000;0.79456;2
 71.09900;33.64083;      -0.14660; 97.23258;80.00000;20.00000;0.79453;2
 71.20000;33.64583;      -0.14689; 97.23161;80.00000;20.00000;0.79451;2
 71.29900;33.65083;      -0.14726; 97.23065;80.00000;20.00000;0.79448;2
 71.40200;33.65583;      -0.14754; 97.22872;80.00000;20.00000;0.79446;2
 71.51700;33.66083;      -0.14792; 97.22680;80.00000;20.00000;0.79443;2
 71.62600;33.66583;      -0.14848; 97.22487;80.00000;20.00000;0.79441;2
 71.72800;33.67083;      -0.14904; 97.22391;80.00000;20.00000;0.79438;2
 71.84300;33.67583;      -0.14988; 97.22294;80.00000;20.00000;0.79435;2
 71.93900;33.68083;      -0.15062; 97.22102;80.00000;20.00000;0.79433;2
 72.04800;33.68583;      -0.15081; 97.22005;80.00000;20.00000;0.79430;2
 72.13600;33.69083;      -0.15026; 97.21813;80.00000;20.00000;0.79428;2
 72.25700;33.69583;      -0.14980; 97.21813;80.00000;20.00000;0.79425;2
 72.36500;33.70083;      -0.14990; 97.21717;80.00000;20.00000;0.79423;2
 72.48600;33.70583;      -0.15000; 97.21524;80.00000;20.00000;0.79420;2
 72.58700;33.71083;      -0.15000; 97.21428;80.00000;20.00000;0.79417;2
 72.68300;33.71583;      -0.15028; 97.21331;80.00000;20.00000;0.79415;2
 72.79400;33.72083;      -0.15112; 97.20850;80.00000;20.00000;0.79413;2
 72.89100;33.72583;      -0.15150; 97.20368;80.00000;20.00000;0.79410;2
 73.00800;33.73083;      -0.15169; 97.20079;80.00000;20.00000;0.79407;2
 73.10600;33.73583;      -0.15252; 97.19790;80.00000;20.00000;0.79405;2
 73.21600;33.74083;      -0.15299; 97.19501;80.00000;20.00000;0.79402;2
 73.33000;33.74583;      -0.15337; 97.19308;80.00000;20.00000;0.79400;2
 73.43800;33.75083;      -0.15337; 97.19308;80.00000;20.00000;0.79397;2
 73.53800;33.75583;      -0.15347; 97.19308;80.00000;20.00000;0.79395;2
 73.63700;33.76083;      -0.15412; 97.19116;80.00000;20.00000;0.79392;2
 73.75700;33.76583;      -0.15459; 97.19019;80.00000;20.00000;0.79389;2
 73.86800;33.77083;      -0.15487; 97.18730;80.00000;20.00000;0.79387;2
 73.97500;33.77583;      -0.15534; 97.18441;80.00000;20.00000;0.79384;2
 74.06200;33.78083;      -0.15544; 97.18249;80.00000;20.00000;0.79382;2
 74.18900;33.78583;      -0.15582; 97.17960;80.00000;20.00000;0.79379;2
 74.29000;33.79083;      -0.15628; 97.17864;80.00000;20.00000;0.79376;2
 74.40600;33.79583;      -0.15666; 97.17864;80.00000;20.00000;0.79373;2
 74.49200;33.80083;      -0.15713; 97.17767;80.00000;20.00000;0.79371;2
 74.61600;33.80583;      -0.15759; 97.17671;80.00000;20.00000;0.79368;2
 74.71100;33.81083;      -0.15769; 97.17478;80.00000;20.00000;0.79366;2
 74.82600;33.81583;      -0.15733; 97.17382;80.00000;20.00000;0.79363;2
 74.95000;33.82083;      -0.15752; 97.17093;80.00000;20.00000;0.79360;2
 75.04000;33.82583;      -0.15771; 97.16997;80.00000;20.00000;0.79358;2
 75.15600;33.83083;      -0.15781; 97.16900;80.00000;20.00000;0.79355;2
 75.25600;33.83583;      -0.15818; 97.16708;80.00000;20.00000;0.79353;2
 75.37000;33.84083;      -0.15819; 97.16515;80.00000;20.00000;0.79350;2
 75.47500;33.84583;      -0.15773; 97.16515;80.00000;20.00000;0.79347;2
 75.56400;33.85083;      -0.15792; 97.16515;80.00000;20.00000;0.79345;2
 75.68700;33.85583;      -0.15811; 97.16515;80.00000;20.00000;0.79342;2
 75.78700;33.86083;      -0.15830; 97.16322;80.00000;20.00000;0.79340;2
 75.89300;33.86583;      -0.15858; 97.16130;80.00000;20.00000;0.79337;2
 76.00600;33.87083;      -0.15859; 97.16033;80.00000;20.00000;0.79334;2
 76.11800;33.87583;      -0.15841; 97.15841;80.00000;20.00000;0.79332;2
 76.21700;33.88083;      -0.15841; 97.15359;80.00000;20.00000;0.79329;2
 76.32100;33.88583;      -0.15851; 97.15166;80.00000;20.00000;0.79327;2
 76.43700;33.89083;      -0.15926; 97.14974;80.00000;20.00000;0.79324;2
 76.54200;33.89583;      -0.15963; 97.14877;80.00000;20.00000;0.79321;2
 76.65900;33.90083;      -0.15983; 97.14685;80.00000;20.00000;0.79318;2
 76.75700;33.90583;      -0.16020; 97.14588;80.00000;20.00000;0.79316;2
 76.86200;33.91083;      -0.16048; 97.14492;80.00000;20.00000;0.79313;2
 76.97500;33.91583;      -0.16049; 97.14299;80.00000;20.00000;0.79311;2
 77.07800;33.92083;      -0.16040; 97.14203;80.00000;20.00000;0.79308;2
 77.18400;33.92583;      -0.16050; 97.14107;80.00000;20.00000;0.79306;2
 77.29300;33.93083;      -0.16023; 97.13914;80.00000;20.00000;0.79303;2
 77.40300;33.93583;      -0.16088; 97.13818;80.00000;20.00000;0.79300;2
 77.49800;33.94083;      -0.16116; 97.13625;80.00000;20.00000;0.79298;2
 77.61000;33.94583;      -0.16126; 97.13433;80.00000;20.00000;0.79295;2
 77.72000;33.95083;      -0.16127; 97.13336;80.00000;20.00000;0.79292;2
 77.82600;33.95583;      -0.16127; 97.13144;80.00000;20.00000;0.79290;2
 77.92500;33.96083;      -0.16119; 97.13144;80.00000;20.00000;0.79287;2
 78.03700;33.96583;      -0.16082; 97.12951;80.00000;20.00000;0.79285;2
 78.15400;33.97083;      -0.16073; 97.12758;80.00000;20.00000;0.79282;2
 78.26000;33.97583;      -0.16120; 97.12662;80.00000;20.00000;0.79279;2
 78.36400;33.98083;      -0.16158; 97.12469;80.00000;20.00000;0.79276;2
 78.47500;33.98583;      -0.16168; 97.12469;80.00000;20.00000;0.79274;2
 78.58000;33.99083;      -0.16196; 97.12277;80.00000;20.00000;0.79271;2
 78.68400;33.99583;      -0.16215; 97.12084;80.00000;20.00000;0.79269;2
 78.78800;34.00083;      -0.16206; 97.11988;80.00000;20.00000;0.79266;2
 78.90900;34.00583;      -0.16198; 97.11795;80.00000;20.00000;0.79263;2
 79.01200;34.01083;      -0.16207; 97.11699;80.00000;20.00000;0.79260;2
 79.12000;34.01583;      -0.16217; 97.11313;80.00000;20.00000;0.79258;2
 79.23100;34.02083;      -0.16246; 97.10928;80.00000;20.00000;0.79255;2
 79.32200;34.02583;      -0.16265; 97.10735;80.00000;20.00000;0.79253;2
 79.43900;34.03083;      -0.16275; 97.10350;80.00000;20.00000;0.79250;2
 79.54700;34.03583;      -0.16266; 97.10061;80.00000;20.00000;0.79247;2
 79.65500;34.04083;      -0.16239; 97.09676;80.00000;20.00000;0.79244;2
 79.76300;34.04583;      -0.16239; 97.09483;80.00000;20.00000;0.79242;2
 79.87000;34.05083;      -0.16240; 97.09483;80.00000;20.00000;0.79239;2
 79.96800;34.05583;      -0.16268; 97.09387;80.00000;20.00000;0.79237;2
 80.08600;34.06083;      -0.16287; 97.09291;80.00000;20.00000;0.79234;2
 80.18400;34.06583;      -0.16306; 97.09194;80.00000;20.00000;0.79231;2
 80.29700;34.07083;      -0.16316; 97.09002;80.00000;20.00000;0.79228;2
 80.40000;34.07583;      -0.16307; 97.08809;80.00000;20.00000;0.79226;2
 80.51500;34.08083;      -0.16271; 97.08616;80.00000;20.00000;0.79223;2
 80.61800;34.08583;      -0.16253; 97.08424;80.00000;20.00000;0.79220;2
 80.73600;34.09083;      -0.16244; 97.08231;80.00000;20.00000;0.79218;2
 80.82700;34.09583;      -0.16226; 97.08038;80.00000;20.00000;0.79215;2
 80.95800;34.10083;      -0.16227; 97.07749;80.00000;20.00000;0.79212;2
 81.05100;34.10583;      -0.16236; 97.07557;80.00000;20.00000;0.79210;2
 81.16800;34.11083;      -0.16246; 97.07460;80.00000;20.00000;0.79207;2
 81.27200;34.11583;      -0.16247; 97.07364;80.00000;20.00000;0.79204;2
 81.38100;34.12083;      -0.16266; 97.07364;80.00000;20.00000;0.79201;2
 81.48900;34.12583;      -0.16285; 97.07268;80.00000;20.00000;0.79199;2
 81.59000;34.13083;      -0.16323; 97.07171;80.00000;20.00000;0.79196;2
 81.71100;34.13583;      -0.16342; 97.07075;80.00000;20.00000;0.79193;2
 81.81300;34.14083;      -0.16361; 97.06979;80.00000;20.00000;0.79191;2
 81.92200;34.14583;      -0.16389; 97.06786;80.00000;20.00000;0.79188;2
 82.03200;34.15083;      -0.16408; 97.06690;80.00000;20.00000;0.79185;2
 82.14200;34.15583;      -0.16474; 97.06497;80.00000;20.00000;0.79182;2
 82.24400;34.16083;      -0.16484; 97.06401;80.00000;20.00000;0.79180;2
 82.35700;34.16583;      -0.16475; 97.06304;80.00000;20.00000;0.79177;2
 82.45900;34.17083;      -0.16439; 97.06112;80.00000;20.00000;0.79174;2
 82.57000;34.17583;      -0.16439; 97.06016;80.00000;20.00000;0.79172;2
 82.68200;34.18083;      -0.16458; 97.05823;80.00000;20.00000;0.79169;2
 82.77800;34.18583;      -0.16459; 97.05727;80.00000;20.00000;0.79166;2
 82.90400;34.19083;      -0.16459; 97.05534;80.00000;20.00000;0.79163;2
 83.00500;34.19583;      -0.16460; 97.05438;80.00000;20.00000;0.79161;2
 83.10700;34.20083;      -0.16498; 97.05341;80.00000;20.00000;0.79158;2
 83.21200;34.20583;      -0.16526; 97.05149;80.00000;20.00000;0.79155;2
 83.31500;34.21083;      -0.16527; 97.05052;80.00000;20.00000;0.79153;2
 83.43400;34.21583;      -0.16509; 97.04860;80.00000;20.00000;0.79150;2
 83.54200;34.22083;      -0.16500; 97.04763;80.00000;20.00000;0.79147;2
 83.65100;34.22583;      -0.16491; 97.04571;80.00000;20.00000;0.79144;2
 83.75700;34.23083;      -0.16501; 97.04474;80.00000;20.00000;0.79142;2
 83.87500;34.23583;      -0.16530; 97.04282;80.00000;20.00000;0.79139;2
 83.97100;34.24083;      -0.16586; 97.04089;80.00000;20.00000;0.79136;2
 84.08800;34.24583;      -0.16614; 97.03896;80.00000;20.00000;0.79133;2
 84.21100;34.25083;      -0.16633; 97.03800;80.00000;20.00000;0.79130;2
 84.30000;34.25583;      -0.16625; 97.03704;80.00000;20.00000;0.79128;2
 84.41700;34.26083;      -0.16607; 97.03511;80.00000;20.00000;0.79125;2
 84.50800;34.26583;      -0.16616; 97.03415;80.00000;20.00000;0.79123;2
 84.62900;34.27083;      -0.16654; 97.03318;80.00000;20.00000;0.79120;2
 84.74000;34.27583;      -0.16664; 97.03222;80.00000;20.00000;0.79117;2
 84.84900;34.28083;      -0.16702; 97.03126;80.00000;20.00000;0.79114;2
 84.96200;34.28583;      -0.16712; 97.03029;80.00000;20.00000;0.79111;2
 85.06800;34.29083;      -0.16731; 97.02837;80.00000;20.00000;0.79108;2
 85.18000;34.29583;      -0.16732; 97.02740;80.00000;20.00000;0.79106;2
 85.28900;34.30083;      -0.16741; 97.02644;80.00000;20.00000;0.79103;2
 85.40500;34.30583;      -0.16751; 97.02548;80.00000;20.00000;0.79100;2
 85.50700;34.31083;      -0.16780; 97.02451;80.00000;20.00000;0.79097;2
 85.60100;34.31583;      -0.16799; 97.02355;80.00000;20.00000;0.79095;2
 85.72800;34.32083;      -0.16827; 97.02259;80.00000;20.00000;0.79092;2
 85.82400;34.32583;      -0.16856; 97.02066;80.00000;20.00000;0.79089;2
 85.93500;34.33083;      -0.16875; 97.01970;80.00000;20.00000;0.79086;2
 86.04900;34.33583;      -0.16857; 97.01874;80.00000;20.00000;0.79084;2
 86.16100;34.34083;      -0.16895; 97.01681;80.00000;20.00000;0.79081;2
 86.26500;34.34583;      -0.16914; 97.01585;80.00000;20.00000;0.79078;2
 86.37100;34.35083;      -0.16952; 97.01488;80.00000;20.00000;0.79075;2
 86.48700;34.35583;      -0.16962; 97.01392;80.00000;20.00000;0.79072;2
 86.59100;34.36083;      -0.16972; 97.01199;80.00000;20.00000;0.79070;2
 86.70500;34.36583;      -0.16991; 97.01103;80.00000;20.00000;0.79067;2
 86.80700;34.37083;      -0.17001; 97.01103;80.00000;20.00000;0.79064;2
 86.93100;34.37583;      -0.17001; 97.01007;80.00000;20.00000;0.79061;2
 87.03800;34.38083;      -0.17002; 97.00910;80.00000;20.00000;0.79058;2
 87.14000;34.38583;      -0.17021; 97.00814;80.00000;20.00000;0.79056;2
 87.23500;34.39083;      -0.17049; 97.00718;80.00000;20.00000;0.79053;2
 87.35500;34.39583;      -0.17078; 97.00525;80.00000;20.00000;0.79050;2
 87.46800;34.40083;      -0.17097; 97.00236;80.00000;20.00000;0.79047;2
 87.57000;34.40583;      -0.17116; 97.00043;80.00000;20.00000;0.79045;2
 87.69600;34.41083;      -0.17136; 96.99851;80.00000;20.00000;0.79041;2
 87.80300;34.41583;      -0.17118; 96.99658;80.00000;20.00000;0.79039;2
 87.91500;34.42083;      -0.17128; 96.99465;80.00000;20.00000;0.79036;2
 88.00300;34.42583;      -0.17091; 96.99176;80.00000;20.00000;0.79034;2
 88.13200;34.43083;      -0.17092; 96.98984;80.00000;20.00000;0.79030;2
 88.22800;34.43583;      -0.17194; 96.98887;80.00000;20.00000;0.79028;2
 88.34900;34.44083;      -0.17279; 96.98695;80.00000;20.00000;0.79025;2
 88.44000;34.44583;      -0.17270; 96.98695;80.00000;20.00000;0.79022;2
 88.55800;34.45083;      -0.17252; 96.98502;80.00000;20.00000;0.79019;2
 88.66900;34.45583;      -0.17262; 96.98309;80.00000;20.00000;0.79016;2
 88.78000;34.46083;      -0.17244; 96.98309;80.00000;20.00000;0.79014;2
 88.88300;34.46583;      -0.17263; 96.98117;80.00000;20.00000;0.79011;2
 88.99400;34.47083;      -0.17292; 96.98021;80.00000;20.00000;0.79008;2
 89.10400;34.47583;      -0.17302; 96.97924;80.00000;20.00000;0.79005;2
 89.21800;34.48083;      -0.17330; 96.97828;80.00000;20.00000;0.79002;2
 89.32800;34.48583;      -0.17349; 96.97732;80.00000;20.00000;0.78999;2
 89.42900;34.49083;      -0.17369; 96.97635;80.00000;20.00000;0.78997;2
 89.55200;34.49583;      -0.17425; 96.97443;80.00000;20.00000;0.78994;2
 89.65000;34.50083;      -0.17463; 96.97443;80.00000;20.00000;0.78991;2
 89.77200;34.50583;      -0.17501; 96.97346;80.00000;20.00000;0.78988;2
 89.88600;34.51083;      -0.17529; 96.97154;80.00000;20.00000;0.78985;2
 89.98600;34.51583;      -0.17576; 96.96865;80.00000;20.00000;0.78982;2
 90.10200;34.52083;      -0.17605; 96.96672;80.00000;20.00000;0.78979;2
 90.20300;34.52583;      -0.17643; 96.96383;80.00000;20.00000;0.78977;2
 90.31300;34.53083;      -0.17653; 96.96190;80.00000;20.00000;0.78974;2
 90.42300;34.53583;      -0.17747; 96.95901;80.00000;20.00000;0.78971;2
 90.52800;34.54083;      -0.17738; 96.95612;80.00000;20.00000;0.78968;2
 90.63800;34.54583;      -0.17711; 96.95323;80.00000;20.00000;0.78965;2
 90.75000;34.55083;      -0.17739; 96.95034;80.00000;20.00000;0.78963;2
 90.86200;34.55583;      -0.17768; 96.94842;80.00000;20.00000;0.78960;2
 90.97600;34.56083;      -0.17815; 96.94649;80.00000;20.00000;0.78957;2
 91.09100;34.56583;      -0.17834; 96.94456;80.00000;20.00000;0.78954;2
 91.20400;34.57083;      -0.17844; 96.94360;80.00000;20.00000;0.78951;2
 91.31500;34.57583;      -0.17854; 96.94264;80.00000;20.00000;0.78948;2
 91.42000;34.58083;      -0.17864; 96.94071;80.00000;20.00000;0.78945;2
 91.53000;34.58583;      -0.17883; 96.93782;80.00000;20.00000;0.78942;2
 91.65100;34.59083;      -0.17931; 96.93686;80.00000;20.00000;0.78939;2
 91.76200;34.59583;      -0.17959; 96.93397;80.00000;20.00000;0.78936;2
 91.86300;34.60083;      -0.18062; 96.93204;80.00000;20.00000;0.78934;2
 91.97000;34.60583;      -0.18128; 96.92915;80.00000;20.00000;0.78931;2
 92.08900;34.61083;      -0.18194; 96.92723;80.00000;20.00000;0.78928;2
 92.20300;34.61583;      -0.18223; 96.92530;80.00000;20.00000;0.78925;2
 92.29900;34.62083;      -0.18214; 96.92241;80.00000;20.00000;0.78922;2
 92.41500;34.62583;      -0.18224; 96.92048;80.00000;20.00000;0.78919;2
 92.52100;34.63083;      -0.18280; 96.91856;80.00000;20.00000;0.78916;2
 92.63100;34.63583;      -0.18309; 96.91567;80.00000;20.00000;0.78914;2
 92.74700;34.64083;      -0.18328; 96.91470;80.00000;20.00000;0.78910;2
 92.84800;34.64583;      -0.18375; 96.91181;80.00000;20.00000;0.78908;2
 92.97800;34.65083;      -0.18423; 96.91085;80.00000;20.00000;0.78904;2
 93.08800;34.65583;      -0.18442; 96.90796;80.00000;20.00000;0.78902;2
 93.18700;34.66083;      -0.18471; 96.90603;80.00000;20.00000;0.78899;2
 93.32300;34.66583;      -0.18490; 96.90411;80.00000;20.00000;0.78895;2
 93.41400;34.67083;      -0.18547; 96.90315;80.00000;20.00000;0.78893;2
 93.53000;34.67583;      -0.18594; 96.90122;80.00000;20.00000;0.78890;2
 93.64600;34.68083;      -0.18688; 96.90026;80.00000;20.00000;0.78887;2
 93.76100;34.68583;      -0.18782; 96.89737;80.00000;20.00000;0.78884;2
 93.86300;34.69083;      -0.18810; 96.89544;80.00000;20.00000;0.78881;2
 93.97900;34.69583;      -0.18848; 96.89448;80.00000;20.00000;0.78878;2
 94.08900;34.70083;      -0.18895; 96.89159;80.00000;20.00000;0.78875;2
 94.20500;34.70583;      -0.18943; 96.89062;80.00000;20.00000;0.78872;2
 94.30400;34.71083;      -0.18981; 96.88773;80.00000;20.00000;0.78870;2
 94.42500;34.71583;      -0.19037; 96.88581;80.00000;20.00000;0.78866;2
 94.52300;34.72083;      -0.19085; 96.88292;80.00000;20.00000;0.78864;2
 94.64400;34.72583;      -0.19104; 96.88099;80.00000;20.00000;0.78861;2
 94.75500;34.73083;      -0.19151; 96.87906;80.00000;20.00000;0.78858;2
 94.87000;34.73583;      -0.19199; 96.87617;80.00000;20.00000;0.78855;2
 94.98900;34.74083;      -0.19246; 96.87425;80.00000;20.00000;0.78852;2
 95.09300;34.74583;      -0.19293; 96.87232;80.00000;20.00000;0.78849;2
 95.20400;34.75083;      -0.19359; 96.87136;80.00000;20.00000;0.78846;2
 95.30500;34.75583;      -0.19444; 96.86847;80.00000;20.00000;0.78843;2
 95.42200;34.76083;      -0.19500; 96.86750;80.00000;20.00000;0.78840;2
 95.53100;34.76583;      -0.19538; 96.86558;80.00000;20.00000;0.78837;2
 95.63600;34.77083;      -0.19604; 96.86461;80.00000;20.00000;0.78834;2
 95.75400;34.77583;      -0.19661; 96.86365;80.00000;20.00000;0.78831;2
 95.87100;34.78083;      -0.19708; 96.86173;80.00000;20.00000;0.78828;2
 95.97600;34.78583;      -0.19774; 96.85980;80.00000;20.00000;0.78825;2
 96.09200;34.79083;      -0.19822; 96.85884;80.00000;20.00000;0.78822;2
 96.20500;34.79583;      -0.19869; 96.85787;80.00000;20.00000;0.78819;2
 96.30800;34.80083;      -0.19917; 96.85691;80.00000;20.00000;0.78817;2
 96.42400;34.80583;      -0.19955; 96.85595;80.00000;20.00000;0.78814;2
 96.54400;34.81083;      -0.20002; 96.85498;80.00000;20.00000;0.78810;2
 96.64800;34.81583;      -0.20068; 96.85402;80.00000;20.00000;0.78808;2
 96.76700;34.82083;      -0.20115; 96.85209;80.00000;20.00000;0.78804;2
 96.87100;34.82583;      -0.20200; 96.85113;80.00000;20.00000;0.78802;2
 96.99500;34.83083;      -0.20238; 96.84920;80.00000;20.00000;0.78798;2
 97.09400;34.83583;      -0.20239; 96.84728;80.00000;20.00000;0.78796;2
 97.22500;34.84083;      -0.20258; 96.84631;80.00000;20.00000;0.78792;2
 97.33200;34.84583;      -0.20324; 96.84535;80.00000;20.00000;0.78789;2
 97.44100;34.85083;      -0.20353; 96.84439;80.00000;20.00000;0.78787;2
 97.55600;34.85583;      -0.20503; 96.84246;80.00000;20.00000;0.78784;2
 97.66400;34.86083;      -0.20560; 96.84053;80.00000;20.00000;0.78781;2
 97.76800;34.86583;      -0.20570; 96.83957;80.00000;20.00000;0.78778;2
 97.88000;34.87083;      -0.20627; 96.83764;80.00000;20.00000;0.78775;2
 97.99700;34.87583;      -0.20730; 96.83475;80.00000;20.00000;0.78772;2
 98.12300;34.88083;      -0.20815; 96.83283;80.00000;20.00000;0.78768;2
 98.22600;34.88583;      -0.20890; 96.83090;80.00000;20.00000;0.78766;2
 98.34000;34.89083;      -0.20975; 96.82897;80.00000;20.00000;0.78763;2
 98.44700;34.89583;      -0.21004; 96.82705;80.00000;20.00000;0.78760;2
 98.55600;34.90083;      -0.21051; 96.82512;80.00000;20.00000;0.78757;2
 98.68200;34.90583;      -0.21118; 96.82127;80.00000;20.00000;0.78753;2
 98.78900;34.91083;      -0.21193; 96.81934;80.00000;20.00000;0.78751;2
 98.90600;34.91583;      -0.21222; 96.81742;80.00000;20.00000;0.78747;2
 99.01700;34.92083;      -0.21279; 96.81549;80.00000;20.00000;0.78744;2
 99.13900;34.92583;      -0.21345; 96.81356;80.00000;20.00000;0.78741;2
 99.23700;34.93083;      -0.21383; 96.81067;80.00000;20.00000;0.78739;2
 99.36100;34.93583;      -0.21431; 96.80971;80.00000;20.00000;0.78735;2
 99.45800;34.94083;      -0.21497; 96.80778;80.00000;20.00000;0.78733;2
 99.57000;34.94583;      -0.21525; 96.80489;80.00000;20.00000;0.78730;2
 99.69800;34.95083;      -0.21620; 96.80393;80.00000;20.00000;0.78726;2
 99.80400;34.95583;      -0.21714; 96.80104;80.00000;20.00000;0.78723;2
 99.92100;34.96083;      -0.21836; 96.80008;80.00000;20.00000;0.78720;2
100.02800;34.96583;      -0.21930; 96.79719;80.00000;20.00000;0.78717;2
100.14300;34.97083;      -0.21996; 96.79622;80.00000;20.00000;0.78714;2
100.26100;34.97583;      -0.22053; 96.79430;80.00000;20.00000;0.78711;2
100.37500;34.98083;      -0.22148; 96.79237;80.00000;20.00000;0.78708;2
100.48000;34.98583;      -0.22232; 96.79141;80.00000;20.00000;0.78705;2
100.59600;34.99083;      -0.22317; 96.79141;80.00000;20.00000;0.78702;2
100.71300;34.99583;      -0.22365; 96.78852;80.00000;20.00000;0.78699;2
100.82500;35.00083;      -0.22412; 96.78563;80.00000;20.00000;0.78696;2
100.94900;35.00583;      -0.22469; 96.78370;80.00000;20.00000;0.78693;2
101.05700;35.01083;      -0.22536; 96.78178;80.00000;20.00000;0.78690;2
101.16300;35.01583;      -0.22593; 96.77889;80.00000;20.00000;0.78687;2
101.27800;35.02083;      -0.22677; 96.77696;80.00000;20.00000;0.78684;2
101.39400;35.02583;      -0.22753; 96.77407;80.00000;20.00000;0.78681;2
101.50300;35.03083;      -0.22810; 96.77118;80.00000;20.00000;0.78678;2
101.62200;35.03583;      -0.22867; 96.76829;80.00000;20.00000;0.78674;2
101.72700;35.04083;      -0.22943; 96.76540;80.00000;20.00000;0.78672;2
101.85200;35.04583;      -0.23046; 96.76347;80.00000;20.00000;0.78668;2
101.96200;35.05083;      -0.23113; 96.76155;80.00000;20.00000;0.78665;2
102.06800;35.05583;      -0.23151; 96.75962;80.00000;20.00000;0.78662;2
102.17300;35.06083;      -0.23236; 96.75769;80.00000;20.00000;0.78659;2
102.28900;35.06583;      -0.23330; 96.75577;80.00000;20.00000;0.78656;2
102.41500;35.07083;      -0.23387; 96.75577;80.00000;20.00000;0.78653;2
102.52200;35.07583;      -0.23472; 96.75384;80.00000;20.00000;0.78650;2
102.63400;35.08083;      -0.23566; 96.75288;80.00000;20.00000;0.78647;2
102.75100;35.08583;      -0.23623; 96.75095;80.00000;20.00000;0.78644;2
102.87200;35.09083;      -0.23709; 96.74999;80.00000;20.00000;0.78640;2
102.99400;35.09583;      -0.23794; 96.74902;80.00000;20.00000;0.78637;2
103.10300;35.10083;      -0.23907; 96.74710;80.00000;20.00000;0.78634;2
103.21600;35.10583;      -0.24010; 96.74517;80.00000;20.00000;0.78631;2
103.33800;35.11083;      -0.24077; 96.74325;80.00000;20.00000;0.78628;2
103.44400;35.11583;      -0.24162; 96.74228;80.00000;20.00000;0.78625;2
103.55700;35.12083;      -0.24256; 96.74036;80.00000;20.00000;0.78622;2
103.65900;35.12583;      -0.24360; 96.73843;80.00000;20.00000;0.78619;2
103.78300;35.13083;      -0.24436; 96.73650;80.00000;20.00000;0.78616;2
103.89900;35.13583;      -0.24530; 96.73554;80.00000;20.00000;0.78613;2
104.02200;35.14083;      -0.24634; 96.73361;80.00000;20.00000;0.78609;2
104.12900;35.14583;      -0.24691; 96.73169;80.00000;20.00000;0.78606;2
104.25100;35.15083;      -0.24748; 96.73072;80.00000;20.00000;0.78603;2
104.35900;35.15583;      -0.24843; 96.72880;80.00000;20.00000;0.78600;2
104.46800;35.16083;      -0.24909; 96.72783;80.00000;20.00000;0.78597;2
104.58800;35.16583;      -0.24985; 96.72687;80.00000;20.00000;0.78594;2
104.70100;35.17083;      -0.25014; 96.72494;80.00000;20.00000;0.78591;2
104.81700;35.17583;      -0.25015; 96.72302;80.00000;20.00000;0.78587;2
104.92900;35.18083;      -0.25110; 96.72205;80.00000;20.00000;0.78584;2
105.05100;35.18583;      -0.25232; 96.72109;80.00000;20.00000;0.78581;2
105.14800;35.19083;      -0.25364; 96.71916;80.00000;20.00000;0.78578;2
105.27000;35.19583;      -0.25459; 96.71820;80.00000;20.00000;0.78575;2
105.37700;35.20083;      -0.25516; 96.71724;80.00000;20.00000;0.78572;2
105.49800;35.20583;      -0.25554; 96.71531;80.00000;20.00000;0.78569;2
105.61000;35.21083;      -0.25630; 96.71435;80.00000;20.00000;0.78566;2
105.72700;35.21583;      -0.25762; 96.71338;80.00000;20.00000;0.78563;2
105.84000;35.22083;      -0.25828; 96.71242;80.00000;20.00000;0.78559;2
105.95700;35.22583;      -0.25876; 96.71146;80.00000;20.00000;0.78556;2
106.06600;35.23083;      -0.25943; 96.71049;80.00000;20.00000;0.78553;2
106.18500;35.23583;      -0.26028; 96.70857;80.00000;20.00000;0.78550;2
106.31700;35.24083;      -0.26123; 96.70760;80.00000;20.00000;0.78546;2
106.41900;35.24583;      -0.26208; 96.70664;80.00000;20.00000;0.78543;2
106.53400;35.25083;      -0.26312; 96.70568;80.00000;20.00000;0.78540;2
106.64000;35.25583;      -0.26425; 96.70472;80.00000;20.00000;0.78537;2
106.76500;35.26083;      -0.26529; 96.70279;80.00000;20.00000;0.78534;2
106.88100;35.26583;      -0.26624; 96.70183;80.00000;20.00000;0.78531;2
106.99200;35.27083;      -0.26709; 96.69990;80.00000;20.00000;0.78528;2
107.11000;35.27583;      -0.26795; 96.69894;80.00000;20.00000;0.78524;2
107.22200;35.28083;      -0.26870; 96.69797;80.00000;20.00000;0.78521;2
107.32300;35.28583;      -0.26937; 96.69701;80.00000;20.00000;0.78519;2
107.46000;35.29083;      -0.27013; 96.69412;80.00000;20.00000;0.78515;2
107.56500;35.29583;      -0.27080; 96.69316;80.00000;20.00000;0.78512;2
107.67700;35.30083;      -0.27174; 96.69219;80.00000;20.00000;0.78509;2
107.78900;35.30583;      -0.27260; 96.68834;80.00000;20.00000;0.78506;2
107.91400;35.31083;      -0.27364; 96.68738;80.00000;20.00000;0.78502;2
108.01800;35.31583;      -0.27449; 96.68449;80.00000;20.00000;0.78499;2
108.13700;35.32083;      -0.27525; 96.68352;80.00000;20.00000;0.78496;2
108.25500;35.32583;      -0.27611; 96.68256;80.00000;20.00000;0.78493;2
108.36400;35.33083;      -0.27696; 96.67967;80.00000;20.00000;0.78490;2
108.48300;35.33583;      -0.27781; 96.67871;80.00000;20.00000;0.78486;2
108.59100;35.34083;      -0.27867; 96.67678;80.00000;20.00000;0.78484;2
108.71400;35.34583;      -0.27952; 96.67485;80.00000;20.00000;0.78480;2
108.83000;35.35083;      -0.28028; 96.67389;80.00000;20.00000;0.78477;2
108.92200;35.35583;      -0.28132; 96.67293;80.00000;20.00000;0.78474;2
109.04800;35.36083;      -0.28199; 96.67196;80.00000;20.00000;0.78471;2
109.17500;35.36583;      -0.28294; 96.67004;80.00000;20.00000;0.78467;2
109.29100;35.37083;      -0.28370; 96.67004;80.00000;20.00000;0.78464;2
109.40900;35.37583;      -0.28493; 96.66907;80.00000;20.00000;0.78461;2
109.50200;35.38083;      -0.28578; 96.66715;80.00000;20.00000;0.78458;2
109.62400;35.38583;      -0.28636; 96.66619;80.00000;20.00000;0.78455;2
109.75000;35.39083;      -0.28637; 96.66426;80.00000;20.00000;0.78451;2
109.85900;35.39583;      -0.28657; 96.66426;80.00000;20.00000;0.78448;2
109.97800;35.40083;      -0.28761; 96.66233;80.00000;20.00000;0.78445;2
110.09700;35.40583;      -0.28884; 96.66041;80.00000;20.00000;0.78442;2
110.19900;35.41083;      -0.28988; 96.65944;80.00000;20.00000;0.78439;2
110.31600;35.41583;      -0.29074; 96.65752;80.00000;20.00000;0.78436;2
110.44400;35.42083;      -0.29197; 96.65655;80.00000;20.00000;0.78432;2
110.55200;35.42583;      -0.29320; 96.65366;80.00000;20.00000;0.78429;2
110.67400;35.43083;      -0.29452; 96.65270;80.00000;20.00000;0.78426;2
110.79100;35.43583;      -0.29556; 96.65174;80.00000;20.00000;0.78422;2
110.89600;35.44083;      -0.29661; 96.64981;80.00000;20.00000;0.78419;2
111.01600;35.44583;      -0.29756; 96.64885;80.00000;20.00000;0.78416;2
111.13500;35.45083;      -0.29869; 96.64596;80.00000;20.00000;0.78413;2
111.24400;35.45583;      -0.29964; 96.64499;80.00000;20.00000;0.78410;2
111.35500;35.46083;      -0.30050; 96.64307;80.00000;20.00000;0.78407;2
111.46700;35.46583;      -0.30107; 96.64114;80.00000;20.00000;0.78403;2
111.58300;35.47083;      -0.30118; 96.64018;80.00000;20.00000;0.78400;2
111.71700;35.47583;      -0.30157; 96.63825;80.00000;20.00000;0.78396;2
111.82000;35.48083;      -0.30233; 96.63632;80.00000;20.00000;0.78393;2
111.93800;35.48583;      -0.30309; 96.63440;80.00000;20.00000;0.78390;2
112.04600;35.49083;      -0.30357; 96.63343;80.00000;20.00000;0.78387;2
112.15900;35.49583;      -0.30443; 96.63247;80.00000;20.00000;0.78384;2
112.28200;35.50083;      -0.30547; 96.63054;80.00000;20.00000;0.78381;2
112.38800;35.50583;      -0.30642; 96.62958;80.00000;20.00000;0.78378;2
112.50800;35.51083;      -0.30737; 96.62862;80.00000;20.00000;0.78374;2
112.62300;35.51583;      -0.30804; 96.62765;80.00000;20.00000;0.78371;2
112.74100;35.52083;      -0.30881; 96.62669;80.00000;20.00000;0.78368;2
112.86400;35.52583;      -0.30985; 96.62477;80.00000;20.00000;0.78364;2
112.96400;35.53083;      -0.31117; 96.62380;80.00000;20.00000;0.78361;2
113.08100;35.53583;      -0.31241; 96.62284;80.00000;20.00000;0.78358;2
113.20300;35.54083;      -0.31327; 96.62091;80.00000;20.00000;0.78355;2
113.32000;35.54583;      -0.31422; 96.61995;80.00000;20.00000;0.78351;2
113.44200;35.55083;      -0.31489; 96.61899;80.00000;20.00000;0.78348;2
113.55600;35.55583;      -0.31490; 96.61802;80.00000;20.00000;0.78345;2
113.66400;35.56083;      -0.31623; 96.61610;80.00000;20.00000;0.78342;2
113.78300;35.56583;      -0.31727; 96.61513;80.00000;20.00000;0.78338;2
113.90400;35.57083;      -0.31832; 96.61321;80.00000;20.00000;0.78335;2
114.01500;35.57583;      -0.31927; 96.61224;80.00000;20.00000;0.78332;2
114.12100;35.58083;      -0.31984; 96.61032;80.00000;20.00000;0.78329;2
114.24800;35.58583;      -0.32023; 96.60935;80.00000;20.00000;0.78325;2
114.35300;35.59083;      -0.32081; 96.60743;80.00000;20.00000;0.78322;2
114.48400;35.59583;      -0.32242; 96.60550;80.00000;20.00000;0.78318;2
114.59900;35.60083;      -0.32384; 96.60454;80.00000;20.00000;0.78315;2
114.70100;35.60583;      -0.32498; 96.60357;80.00000;20.00000;0.78312;2
114.82300;35.61083;      -0.32602; 96.60261;80.00000;20.00000;0.78309;2
114.93900;35.61583;      -0.32679; 96.60165;80.00000;20.00000;0.78306;2
115.04400;35.62083;      -0.32783; 96.60068;80.00000;20.00000;0.78303;2
115.15800;35.62583;      -0.32841; 96.59972;80.00000;20.00000;0.78299;2
115.27500;35.63083;      -0.32927; 96.59876;80.00000;20.00000;0.78296;2
115.39100;35.63583;      -0.32994; 96.59779;80.00000;20.00000;0.78293;2
115.50700;35.64083;      -0.33052; 96.59587;80.00000;20.00000;0.78289;2
115.62200;35.64583;      -0.33137; 96.59490;80.00000;20.00000;0.78286;2
115.73200;35.65083;      -0.33214; 96.59394;80.00000;20.00000;0.78283;2
115.86200;35.65583;      -0.33319; 96.59298;80.00000;20.00000;0.78279;2
115.97000;35.66083;      -0.33423; 96.59201;80.00000;20.00000;0.78276;2
116.08900;35.66583;      -0.33537; 96.58912;80.00000;20.00000;0.78273;2
116.20100;35.67083;      -0.33661; 96.58816;80.00000;20.00000;0.78270;2
116.31600;35.67583;      -0.33719; 96.58720;80.00000;20.00000;0.78266;2
116.43800;35.68083;      -0.33805; 96.58624;80.00000;20.00000;0.78263;2
116.56100;35.68583;      -0.33891; 96.58431;80.00000;20.00000;0.78259;2
116.66000;35.69083;      -0.33986; 96.58335;80.00000;20.00000;0.78257;2
116.78400;35.69583;      -0.34081; 96.58142;80.00000;20.00000;0.78253;2
116.89800;35.70083;      -0.34139; 96.58046;80.00000;20.00000;0.78250;2
117.00600;35.70583;      -0.34215; 96.57853;80.00000;20.00000;0.78247;2
117.11600;35.71083;      -0.34311; 96.57660;80.00000;20.00000;0.78244;2
117.24200;35.71583;      -0.34378; 96.57564;80.00000;20.00000;0.78240;2
117.36200;35.72083;      -0.34474; 96.57468;80.00000;20.00000;0.78237;2
117.46900;35.72583;      -0.34578; 96.57275;80.00000;20.00000;0.78234;2
117.59400;35.73083;      -0.34683; 96.56986;80.00000;20.00000;0.78230;2
117.71800;35.73583;      -0.34769; 96.56697;80.00000;20.00000;0.78226;2
117.83900;35.74083;      -0.34855; 96.56312;80.00000;20.00000;0.78223;2
117.93700;35.74583;      -0.34932; 96.56119;80.00000;20.00000;0.78220;2
118.05600;35.75083;      -0.34999; 96.55830;80.00000;20.00000;0.78217;2
118.17100;35.75583;      -0.35057; 96.55541;80.00000;20.00000;0.78214;2
118.28300;35.76083;      -0.35143; 96.55252;80.00000;20.00000;0.78210;2
118.38600;35.76583;      -0.35248; 96.54963;80.00000;20.00000;0.78207;2
118.51700;35.77083;      -0.35334; 96.54771;80.00000;20.00000;0.78204;2
118.64000;35.77583;      -0.35420; 96.54578;80.00000;20.00000;0.78200;2
118.74700;35.78083;      -0.35534; 96.54385;80.00000;20.00000;0.78197;2
118.86500;35.78583;      -0.35620; 96.54289;80.00000;20.00000;0.78194;2
118.98700;35.79083;      -0.35697; 96.54193;80.00000;20.00000;0.78190;2
119.09700;35.79583;      -0.35821; 96.54000;80.00000;20.00000;0.78187;2
119.21400;35.80083;      -0.35897; 96.54000;80.00000;20.00000;0.78184;2
119.32600;35.80583;      -0.35993; 96.53904;80.00000;20.00000;0.78180;2
119.44200;35.81083;      -0.36089; 96.53904;80.00000;20.00000;0.78177;2
119.56200;35.81583;      -0.36165; 96.53711;80.00000;20.00000;0.78174;2
119.67600;35.82083;      -0.36214; 96.53711;80.00000;20.00000;0.78170;2
119.80000;35.82583;      -0.36300; 96.53711;80.00000;20.00000;0.78167;2
119.91600;35.83083;      -0.36396; 96.53711;80.00000;20.00000;0.78163;2
120.02500;35.83583;      -0.36482; 96.53518;80.00000;20.00000;0.78160;2
120.14500;35.84083;      -0.36596; 96.53518;80.00000;20.00000;0.78157;2
120.26600;35.84583;      -0.36711; 96.53422;80.00000;20.00000;0.78153;2
120.36800;35.85083;      -0.36768; 96.53326;80.00000;20.00000;0.78150;2
120.49000;35.85583;      -0.36780; 96.53229;80.00000;20.00000;0.78147;2
120.60200;35.86083;      -0.36922; 96.53133;80.00000;20.00000;0.78144;2
120.71300;35.86583;      -0.37027; 96.53133;80.00000;20.00000;0.78140;2
120.84000;35.87083;      -0.37104; 96.52940;80.00000;20.00000;0.78137;2
120.95800;35.87583;      -0.37181; 96.52844;80.00000;20.00000;0.78133;2
121.07300;35.88083;      -0.37286; 96.52748;80.00000;20.00000;0.78130;2
121.19000;35.88583;      -0.37391; 96.52651;80.00000;20.00000;0.78127;2
121.29600;35.89083;      -0.37515; 96.52459;80.00000;20.00000;0.78124;2
121.41800;35.89583;      -0.37601; 96.52459;80.00000;20.00000;0.78120;2
121.54000;35.90083;      -0.37659; 96.52362;80.00000;20.00000;0.78116;2
121.65200;35.90583;      -0.37661; 96.52170;80.00000;20.00000;0.78113;2
121.77900;35.91083;      -0.37729; 96.52073;80.00000;20.00000;0.78110;2
121.88400;35.91583;      -0.37852; 96.51977;80.00000;20.00000;0.78107;2
122.00300;35.92083;      -0.37995; 96.51784;80.00000;20.00000;0.78103;2
122.12400;35.92583;      -0.38091; 96.51495;80.00000;20.00000;0.78100;2
122.24200;35.93083;      -0.38159; 96.51399;80.00000;20.00000;0.78096;2
122.35000;35.93583;      -0.38245; 96.51303;80.00000;20.00000;0.78093;2
122.47300;35.94083;      -0.38322; 96.51206;80.00000;20.00000;0.78089;2
122.58300;35.94583;      -0.38389; 96.50917;80.00000;20.00000;0.78086;2
122.70700;35.95083;      -0.38495; 96.50821;80.00000;20.00000;0.78083;2
122.81500;35.95583;      -0.38562; 96.50725;80.00000;20.00000;0.78079;2
122.93300;35.96083;      -0.38639; 96.50532;80.00000;20.00000;0.78076;2
123.05700;35.96583;      -0.38688; 96.50340;80.00000;20.00000;0.78072;2
123.17400;35.97083;      -0.38812; 96.50243;80.00000;20.00000;0.78069;2
123.29600;35.97583;      -0.38964; 96.50147;80.00000;20.00000;0.78065;2
123.39800;35.98083;      -0.39098; 96.49954;80.00000;20.00000;0.78063;2
123.52600;35.98583;      -0.39175; 96.49858;80.00000;20.00000;0.78059;2
123.64300;35.99083;      -0.39261; 96.49665;80.00000;20.00000;0.78055;2
123.74600;35.99583;      -0.39366; 96.49569;80.00000;20.00000;0.78052;2
123.86500;36.00083;      -0.39425; 96.49376;80.00000;20.00000;0.78049;2
123.98100;36.00583;      -0.39492; 96.49280;80.00000;20.00000;0.78045;2
124.09300;36.01083;      -0.39579; 96.49184;80.00000;20.00000;0.78042;2
124.22000;36.01583;      -0.39665; 96.49087;80.00000;20.00000;0.78039;2
124.33700;36.02083;      -0.39752; 96.48991;80.00000;20.00000;0.78035;2
124.44800;36.02583;      -0.39819; 96.48895;80.00000;20.00000;0.78032;2
124.56800;36.03083;      -0.39915; 96.48895;80.00000;20.00000;0.78028;2
124.67500;36.03583;      -0.39992; 96.48798;80.00000;20.00000;0.78025;2
124.80500;36.04083;      -0.40088; 96.48606;80.00000;20.00000;0.78021;2
124.92300;36.04583;      -0.40175; 96.48509;80.00000;20.00000;0.78018;2
125.02900;36.05083;      -0.40252; 96.48509;80.00000;20.00000;0.78015;2
125.15000;36.05583;      -0.40320; 96.48413;80.00000;20.00000;0.78011;2
125.25800;36.06083;      -0.40415; 96.48220;80.00000;20.00000;0.78008;2
125.38000;36.06583;      -0.40493; 96.48124;80.00000;20.00000;0.78005;2
125.50200;36.07083;      -0.40542; 96.48028;80.00000;20.00000;0.78001;2
125.60900;36.07583;      -0.40590; 96.47931;80.00000;20.00000;0.77998;2
125.72400;36.08083;      -0.40686; 96.47739;80.00000;20.00000;0.77994;2
125.85200;36.08583;      -0.40792; 96.47739;80.00000;20.00000;0.77991;2
125.95200;36.09083;      -0.40897; 96.47642;80.00000;20.00000;0.77988;2
126.07700;36.09583;      -0.41003; 96.47546;80.00000;20.00000;0.77984;2
126.18500;36.10083;      -0.41089; 96.47353;80.00000;20.00000;0.77981;2
126.30300;36.10583;      -0.41166; 96.47257;80.00000;20.00000;0.77977;2
126.41400;36.11083;      -0.41328; 96.47161;80.00000;20.00000;0.77974;2
126.53900;36.11583;      -0.41443; 96.46968;80.00000;20.00000;0.77971;2
126.66300;36.12083;      -0.41521; 96.46776;80.00000;20.00000;0.77967;2
126.77100;36.12583;      -0.41579; 96.46679;80.00000;20.00000;0.77964;2
126.89400;36.13083;      -0.41581; 96.46487;80.00000;20.00000;0.77960;2
127.00800;36.13583;      -0.41639; 96.46294;80.00000;20.00000;0.77957;2
127.12100;36.14083;      -0.41726; 96.46198;80.00000;20.00000;0.77953;2
127.24000;36.14583;      -0.41822; 96.46101;80.00000;20.00000;0.77950;2
127.36100;36.15083;      -0.41918; 96.46005;80.00000;20.00000;0.77946;2
127.47400;36.15583;      -0.41996; 96.45716;80.00000;20.00000;0.77943;2
127.58900;36.16083;      -0.42082; 96.45523;80.00000;20.00000;0.77940;2
127.69800;36.16583;      -0.42169; 96.45331;80.00000;20.00000;0.77936;2
127.82000;36.17083;      -0.42237; 96.45042;80.00000;20.00000;0.77933;2
127.93300;36.17583;      -0.42314; 96.44945;80.00000;20.00000;0.77929;2
128.04601;36.18083;      -0.42382; 96.44753;80.00000;20.00000;0.77926;2
128.17300;36.18583;      -0.42469; 96.44656;80.00000;20.00000;0.77922;2
128.29401;36.19083;      -0.42546; 96.44367;80.00000;20.00000;0.77919;2
128.39600;36.19583;      -0.42642; 96.44271;80.00000;20.00000;0.77916;2
128.51900;36.20083;      -0.42748; 96.44078;80.00000;20.00000;0.77912;2
128.63400;36.20583;      -0.42825; 96.43982;80.00000;20.00000;0.77909;2
128.75600;36.21083;      -0.42922; 96.43789;80.00000;20.00000;0.77905;2
128.87399;36.21583;      -0.43008; 96.43693;80.00000;20.00000;0.77902;2
128.98300;36.22083;      -0.43114; 96.43597;80.00000;20.00000;0.77898;2
129.09801;36.22583;      -0.43239; 96.43500;80.00000;20.00000;0.77895;2
129.21300;36.23083;      -0.43259; 96.43308;80.00000;20.00000;0.77891;2
129.32500;36.23583;      -0.43299; 96.43211;80.00000;20.00000;0.77888;2
129.44600;36.24083;      -0.43367; 96.43115;80.00000;20.00000;0.77885;2
129.55901;36.24583;      -0.43473; 96.42923;80.00000;20.00000;0.77881;2
129.68700;36.25083;      -0.43550; 96.42730;80.00000;20.00000;0.77877;2
129.79800;36.25583;      -0.43646; 96.42634;80.00000;20.00000;0.77874;2
129.91800;36.26083;      -0.43714; 96.42537;80.00000;20.00000;0.77871;2
130.02299;36.26583;      -0.43792; 96.42248;80.00000;20.00000;0.77867;2
130.14999;36.27083;      -0.43879; 96.42152;80.00000;20.00000;0.77864;2
130.25700;36.27583;      -0.44041; 96.42056;80.00000;20.00000;0.77860;2
130.37700;36.28083;      -0.44166; 96.41863;80.00000;20.00000;0.77857;2
130.48900;36.28583;      -0.44187; 96.41670;80.00000;20.00000;0.77854;2
130.61200;36.29083;      -0.44236; 96.41574;80.00000;20.00000;0.77850;2
130.72501;36.29583;      -0.44398; 96.41478;80.00000;20.00000;0.77847;2
130.84700;36.30083;      -0.44466; 96.41285;80.00000;20.00000;0.77843;2
130.94299;36.30583;      -0.44534; 96.41189;80.00000;20.00000;0.77840;2
131.07100;36.31083;      -0.44593; 96.41092;80.00000;20.00000;0.77836;2
131.19501;36.31583;      -0.44671; 96.40900;80.00000;20.00000;0.77832;2
131.31000;36.32083;      -0.44748; 96.40707;80.00000;20.00000;0.77829;2
131.42400;36.32583;      -0.44835; 96.40611;80.00000;20.00000;0.77826;2
131.53799;36.33083;      -0.44884; 96.40514;80.00000;20.00000;0.77822;2
131.64799;36.33583;      -0.44962; 96.40418;80.00000;20.00000;0.77819;2
131.77600;36.34083;      -0.45030; 96.40225;80.00000;20.00000;0.77815;2
131.89301;36.34583;      -0.45117; 96.40129;80.00000;20.00000;0.77812;2
132.00700;36.35083;      -0.45213; 96.39936;80.00000;20.00000;0.77808;2
132.11800;36.35583;      -0.45310; 96.39840;80.00000;20.00000;0.77805;2
132.24600;36.36083;      -0.45388; 96.39647;80.00000;20.00000;0.77801;2
132.35899;36.36583;      -0.45465; 96.39551;80.00000;20.00000;0.77798;2
132.47200;36.37083;      -0.45524; 96.39455;80.00000;20.00000;0.77794;2
132.60300;36.37583;      -0.45564; 96.39358;80.00000;20.00000;0.77790;2
132.71400;36.38083;      -0.45556; 96.39166;80.00000;20.00000;0.77787;2
132.83099;36.38583;      -0.45615; 96.38973;80.00000;20.00000;0.77784;2
132.94299;36.39083;      -0.45740; 96.38877;80.00000;20.00000;0.77780;2
133.05400;36.39583;      -0.45836; 96.38684;80.00000;20.00000;0.77777;2
133.17000;36.40083;      -0.45971; 96.38588;80.00000;20.00000;0.77773;2
133.29401;36.40583;      -0.46077; 96.38492;80.00000;20.00000;0.77770;2
133.41600;36.41083;      -0.46126; 96.38395;80.00000;20.00000;0.77766;2
133.52800;36.41583;      -0.46138; 96.38203;80.00000;20.00000;0.77763;2
133.64000;36.42083;      -0.46206; 96.38106;80.00000;20.00000;0.77759;2
133.75400;36.42583;      -0.46312; 96.37914;80.00000;20.00000;0.77756;2
133.87199;36.43083;      -0.46428; 96.37817;80.00000;20.00000;0.77752;2
133.98801;36.43583;      -0.46477; 96.37625;80.00000;20.00000;0.77749;2
134.10201;36.44083;      -0.46479; 96.37528;80.00000;20.00000;0.77745;2
134.22400;36.44583;      -0.46509; 96.37432;80.00000;20.00000;0.77742;2
134.32600;36.45083;      -0.46615; 96.37239;80.00000;20.00000;0.77739;2
134.45700;36.45583;      -0.46731; 96.37143;80.00000;20.00000;0.77735;2
134.56599;36.46083;      -0.46828; 96.37047;80.00000;20.00000;0.77731;2
134.68700;36.46583;      -0.46943; 96.36950;80.00000;20.00000;0.77728;2
134.79401;36.47083;      -0.47021; 96.36758;80.00000;20.00000;0.77724;2
134.91000;36.47583;      -0.47023; 96.36661;80.00000;20.00000;0.77721;2
135.03101;36.48083;      -0.47101; 96.36565;80.00000;20.00000;0.77717;2
135.14301;36.48583;      -0.47188; 96.36469;80.00000;20.00000;0.77714;2
135.26100;36.49083;      -0.47304; 96.36276;80.00000;20.00000;0.77710;2
135.38200;36.49583;      -0.47448; 96.36180;80.00000;20.00000;0.77707;2
135.49300;36.50083;      -0.47554; 96.36083;80.00000;20.00000;0.77703;2
135.62300;36.50583;      -0.47660; 96.35891;80.00000;20.00000;0.77699;2
135.72900;36.51083;      -0.47747; 96.35698;80.00000;20.00000;0.77696;2
135.84399;36.51583;      -0.47806; 96.35505;80.00000;20.00000;0.77693;2
135.97099;36.52083;      -0.47847; 96.35313;80.00000;20.00000;0.77689;2
136.07100;36.52583;      -0.47858; 96.35120;80.00000;20.00000;0.77686;2
136.19800;36.53083;      -0.47917; 96.34928;80.00000;20.00000;0.77682;2
136.31300;36.53583;      -0.48014; 96.34735;80.00000;20.00000;0.77678;2
136.42400;36.54083;      -0.48120; 96.34542;80.00000;20.00000;0.77675;2
136.53999;36.54583;      -0.48226; 96.34350;80.00000;20.00000;0.77672;2
136.65800;36.55083;      -0.48285; 96.34157;80.00000;20.00000;0.77668;2
136.77299;36.55583;      -0.48382; 96.34061;80.00000;20.00000;0.77664;2
136.88499;36.56083;      -0.48460; 96.33964;80.00000;20.00000;0.77661;2
137.01401;36.56583;      -0.48538; 96.33868;80.00000;20.00000;0.77657;2
137.13400;36.57083;      -0.48597; 96.33772;80.00000;20.00000;0.77654;2
137.23801;36.57583;      -0.48665; 96.33675;80.00000;20.00000;0.77650;2
137.35800;36.58083;      -0.48753; 96.33675;80.00000;20.00000;0.77647;2
137.46800;36.58583;      -0.48840; 96.33579;80.00000;20.00000;0.77643;2
137.59399;36.59083;      -0.48909; 96.33483;80.00000;20.00000;0.77640;2
137.70300;36.59583;      -0.48968; 96.33386;80.00000;20.00000;0.77636;2
137.83099;36.60083;      -0.48961; 96.33290;80.00000;20.00000;0.77632;2
137.94099;36.60583;      -0.49029; 96.33194;80.00000;20.00000;0.77629;2
138.06300;36.61083;      -0.49173; 96.33097;80.00000;20.00000;0.77625;2
138.17599;36.61583;      -0.49242; 96.33001;80.00000;20.00000;0.77622;2
138.28400;36.62083;      -0.49301; 96.32905;80.00000;20.00000;0.77618;2
138.41499;36.62583;      -0.49417; 96.32808;80.00000;20.00000;0.77614;2
138.52299;36.63083;      -0.49504; 96.32712;80.00000;20.00000;0.77611;2
138.63600;36.63583;      -0.49573; 96.32616;80.00000;20.00000;0.77608;2
138.75900;36.64083;      -0.49584; 96.32519;80.00000;20.00000;0.77604;2
138.87801;36.64583;      -0.49625; 96.32519;80.00000;20.00000;0.77600;2
138.99100;36.65083;      -0.49674; 96.32519;80.00000;20.00000;0.77597;2
139.09200;36.65583;      -0.49780; 96.32616;80.00000;20.00000;0.77594;2
139.21001;36.66083;      -0.49877; 96.32519;80.00000;20.00000;0.77590;2
139.31599;36.66583;      -0.49974; 96.32616;80.00000;20.00000;0.77587;2
139.44701;36.67083;      -0.50062; 96.32616;80.00000;20.00000;0.77583;2
139.55901;36.67583;      -0.50159; 96.32616;80.00000;20.00000;0.77580;2
139.68900;36.68083;      -0.50228; 96.32712;80.00000;20.00000;0.77576;2
139.80099;36.68583;      -0.50315; 96.32712;80.00000;20.00000;0.77572;2
139.91800;36.69083;      -0.50337; 96.32808;80.00000;20.00000;0.77569;2
140.03000;36.69583;      -0.50358; 96.32905;80.00000;20.00000;0.77565;2
140.15100;36.70083;      -0.50502; 96.32808;80.00000;20.00000;0.77561;2
140.27699;36.70583;      -0.50600; 96.32808;80.00000;20.00000;0.77557;2
140.38699;36.71083;      -0.50706; 96.32808;80.00000;20.00000;0.77554;2
140.50600;36.71583;      -0.50803; 96.32808;80.00000;20.00000;0.77550;2
140.61900;36.72083;      -0.50862; 96.32712;80.00000;20.00000;0.77547;2
140.73700;36.72583;      -0.50884; 96.32616;80.00000;20.00000;0.77543;2
140.84900;36.73083;      -0.50924; 96.32616;80.00000;20.00000;0.77540;2
140.95799;36.73583;      -0.50983; 96.32616;80.00000;20.00000;0.77537;2
141.09100;36.74083;      -0.51090; 96.32519;80.00000;20.00000;0.77532;2
141.20300;36.74583;      -0.51187; 96.32423;80.00000;20.00000;0.77529;2
141.31900;36.75083;      -0.51294; 96.32327;80.00000;20.00000;0.77525;2
141.41800;36.75583;      -0.51381; 96.32230;80.00000;20.00000;0.77522;2
141.55200;36.76083;      -0.51469; 96.32230;80.00000;20.00000;0.77518;2
141.67500;36.76583;      -0.51557; 96.32134;80.00000;20.00000;0.77514;2
141.78700;36.77083;      -0.51635; 96.32134;80.00000;20.00000;0.77511;2
141.90500;36.77583;      -0.51704; 96.32134;80.00000;20.00000;0.77507;2
142.01601;36.78083;      -0.51735; 96.32134;80.00000;20.00000;0.77504;2
142.13300;36.78583;      -0.51784; 96.32134;80.00000;20.00000;0.77500;2
142.24899;36.79083;      -0.51872; 96.32134;80.00000;20.00000;0.77497;2
142.36800;36.79583;      -0.51950; 96.32134;80.00000;20.00000;0.77493;2
142.47301;36.80083;      -0.52028; 96.32134;80.00000;20.00000;0.77490;2
142.59599;36.80583;      -0.52107; 96.32134;80.00000;20.00000;0.77486;2
142.71500;36.81083;      -0.52185; 96.32134;80.00000;20.00000;0.77482;2
142.82201;36.81583;      -0.52244; 96.32134;80.00000;20.00000;0.77479;2
142.94600;36.82083;      -0.52228; 96.32134;80.00000;20.00000;0.77475;2
143.06700;36.82583;      -0.52278; 96.32038;80.00000;20.00000;0.77472;2
143.18600;36.83083;      -0.52347; 96.32038;80.00000;20.00000;0.77468;2
143.30499;36.83583;      -0.52387; 96.31941;80.00000;20.00000;0.77464;2
143.41701;36.84083;      -0.52437; 96.32038;80.00000;20.00000;0.77461;2
143.53101;36.84583;      -0.52525; 96.31941;80.00000;20.00000;0.77457;2
143.65800;36.85083;      -0.52632; 96.31941;80.00000;20.00000;0.77453;2
143.75999;36.85583;      -0.52719; 96.31845;80.00000;20.00000;0.77450;2
143.88100;36.86083;      -0.52788; 96.31845;80.00000;20.00000;0.77446;2
144.00200;36.86583;      -0.52886; 96.31749;80.00000;20.00000;0.77443;2
144.12300;36.87083;      -0.52993; 96.31749;80.00000;20.00000;0.77439;2
144.24001;36.87583;      -0.53090; 96.31652;80.00000;20.00000;0.77435;2
144.35201;36.88083;      -0.53169; 96.31652;80.00000;20.00000;0.77432;2
144.45300;36.88583;      -0.53218; 96.31652;80.00000;20.00000;0.77429;2
144.57800;36.89083;      -0.53287; 96.31556;80.00000;20.00000;0.77425;2
144.70399;36.89583;      -0.53356; 96.31556;80.00000;20.00000;0.77421;2
144.81500;36.90083;      -0.53378; 96.31460;80.00000;20.00000;0.77417;2
144.92799;36.90583;      -0.53428; 96.31363;80.00000;20.00000;0.77414;2
145.05099;36.91083;      -0.53497; 96.31363;80.00000;20.00000;0.77410;2
145.16400;36.91583;      -0.53585; 96.31267;80.00000;20.00000;0.77406;2
145.27600;36.92083;      -0.53653; 96.31171;80.00000;20.00000;0.77403;2
145.39101;36.92583;      -0.53722; 96.31075;80.00000;20.00000;0.77399;2
145.50900;36.93083;      -0.53791; 96.30978;80.00000;20.00000;0.77396;2
145.62601;36.93583;      -0.53870; 96.30978;80.00000;20.00000;0.77392;2
145.74300;36.94083;      -0.53873; 96.30882;80.00000;20.00000;0.77388;2
145.86200;36.94583;      -0.53923; 96.30786;80.00000;20.00000;0.77385;2
145.97301;36.95083;      -0.54048; 96.30689;80.00000;20.00000;0.77381;2
146.09000;36.95583;      -0.54117; 96.30593;80.00000;20.00000;0.77378;2
146.21400;36.96083;      -0.54187; 96.30497;80.00000;20.00000;0.77374;2
146.32500;36.96583;      -0.54227; 96.30400;80.00000;20.00000;0.77370;2
146.44800;36.97083;      -0.54258; 96.30304;80.00000;20.00000;0.77366;2
146.56100;36.97583;      -0.54318; 96.30208;80.00000;20.00000;0.77363;2
146.67101;36.98083;      -0.54387; 96.30111;80.00000;20.00000;0.77359;2
146.79700;36.98583;      -0.54437; 96.30015;80.00000;20.00000;0.77355;2
146.91499;36.99083;      -0.54506; 96.29919;80.00000;20.00000;0.77352;2
147.02499;36.99583;      -0.54575; 96.29822;80.00000;20.00000;0.77348;2
147.14500;37.00083;      -0.54644; 96.29822;80.00000;20.00000;0.77345;2
147.25101;37.00583;      -0.54694; 96.29726;80.00000;20.00000;0.77341;2
147.36600;37.01083;      -0.54754; 96.29630;80.00000;20.00000;0.77338;2
147.50000;37.01583;      -0.54804; 96.29533;80.00000;20.00000;0.77333;2
147.61099;37.02083;      -0.54854; 96.29437;80.00000;20.00000;0.77330;2
147.72200;37.02583;      -0.54942; 96.29437;80.00000;20.00000;0.77326;2
147.83400;37.03083;      -0.55040; 96.29341;80.00000;20.00000;0.77323;2
147.95500;37.03583;      -0.55109; 96.29244;80.00000;20.00000;0.77319;2
148.07001;37.04083;      -0.55159; 96.29148;80.00000;20.00000;0.77316;2
148.18500;37.04583;      -0.55219; 96.29052;80.00000;20.00000;0.77312;2
148.30499;37.05083;      -0.55345; 96.29052;80.00000;20.00000;0.77308;2
148.43201;37.05583;      -0.55405; 96.28955;80.00000;20.00000;0.77304;2
148.54300;37.06083;      -0.55426; 96.28859;80.00000;20.00000;0.77301;2
148.64700;37.06583;      -0.55448; 96.28763;80.00000;20.00000;0.77297;2
148.77400;37.07083;      -0.55546; 96.28763;80.00000;20.00000;0.77293;2
148.89400;37.07583;      -0.55596; 96.28666;80.00000;20.00000;0.77290;2
149.00700;37.08083;      -0.55636; 96.28570;80.00000;20.00000;0.77286;2
149.12100;37.08583;      -0.55667; 96.28474;80.00000;20.00000;0.77283;2
149.23199;37.09083;      -0.55699; 96.28474;80.00000;20.00000;0.77279;2
149.34300;37.09583;      -0.55682; 96.28377;80.00000;20.00000;0.77276;2
149.46600;37.10083;      -0.55751; 96.28281;80.00000;20.00000;0.77272;2
149.58701;37.10583;      -0.55859; 96.28088;80.00000;20.00000;0.77268;2
149.68900;37.11083;      -0.55947; 96.28088;80.00000;20.00000;0.77265;2
149.81300;37.11583;      -0.56026; 96.27992;80.00000;20.00000;0.77261;2
149.93100;37.12083;      -0.56114; 96.27896;80.00000;20.00000;0.77257;2
150.04401;37.12583;      -0.56212; 96.27799;80.00000;20.00000;0.77253;2
150.15900;37.13083;      -0.56262; 96.27799;80.00000;20.00000;0.77250;2
150.27699;37.13583;      -0.56322; 96.27703;80.00000;20.00000;0.77246;2
150.39200;37.14083;      -0.56391; 96.27607;80.00000;20.00000;0.77242;2
150.50900;37.14583;      -0.56460; 96.27510;80.00000;20.00000;0.77239;2
150.63100;37.15083;      -0.56492; 96.27510;80.00000;20.00000;0.77235;2
150.74500;37.15583;      -0.56542; 96.27510;80.00000;20.00000;0.77231;2
150.87601;37.16083;      -0.56592; 96.27414;80.00000;20.00000;0.77227;2
150.97900;37.16583;      -0.56633; 96.27318;80.00000;20.00000;0.77224;2
151.09000;37.17083;      -0.56607; 96.27318;80.00000;20.00000;0.77220;2
151.21201;37.17583;      -0.56667; 96.27221;80.00000;20.00000;0.77216;2
151.33099;37.18083;      -0.56717; 96.27125;80.00000;20.00000;0.77213;2
151.44701;37.18583;      -0.56815; 96.27029;80.00000;20.00000;0.77209;2
151.56000;37.19083;      -0.56960; 96.26933;80.00000;20.00000;0.77205;2
151.66600;37.19583;      -0.56934; 96.26933;80.00000;20.00000;0.77202;2
151.78400;37.20083;      -0.56937; 96.26933;80.00000;20.00000;0.77198;2
151.90900;37.20583;      -0.57016; 96.26836;80.00000;20.00000;0.77194;2
152.02200;37.21083;      -0.57086; 96.26836;80.00000;20.00000;0.77191;2
152.14000;37.21583;      -0.57145; 96.26740;80.00000;20.00000;0.77187;2
152.25200;37.22083;      -0.57205; 96.26644;80.00000;20.00000;0.77183;2
152.38000;37.22583;      -0.57284; 96.26644;80.00000;20.00000;0.77179;2
152.48900;37.23083;      -0.57344; 96.26547;80.00000;20.00000;0.77176;2
152.58600;37.23583;      -0.57394; 96.26451;80.00000;20.00000;0.77173;2
152.72501;37.24083;      -0.57426; 96.26451;80.00000;20.00000;0.77168;2
152.82700;37.24583;      -0.57457; 96.26355;80.00000;20.00000;0.77165;2
152.95000;37.25083;      -0.57469; 96.26258;80.00000;20.00000;0.77161;2
153.06700;37.25583;      -0.57529; 96.26162;80.00000;20.00000;0.77158;2
153.17999;37.26083;      -0.57599; 96.26066;80.00000;20.00000;0.77154;2
153.29800;37.26583;      -0.57687; 96.25969;80.00000;20.00000;0.77150;2
153.40500;37.27083;      -0.57737; 96.25873;80.00000;20.00000;0.77147;2
153.53600;37.27583;      -0.57807; 96.25777;80.00000;20.00000;0.77143;2
153.63300;37.28083;      -0.57886; 96.25680;80.00000;20.00000;0.77140;2
153.75800;37.28583;      -0.57965; 96.25584;80.00000;20.00000;0.77136;2
153.87601;37.29083;      -0.57968; 96.25488;80.00000;20.00000;0.77132;2
153.99500;37.29583;      -0.57999; 96.25295;80.00000;20.00000;0.77128;2
154.11700;37.30083;      -0.58031; 96.25199;80.00000;20.00000;0.77124;2
154.22701;37.30583;      -0.58090; 96.25102;80.00000;20.00000;0.77121;2
154.32899;37.31083;      -0.58160; 96.25006;80.00000;20.00000;0.77117;2
154.45700;37.31583;      -0.58182; 96.24910;80.00000;20.00000;0.77113;2
154.57001;37.32083;      -0.58242; 96.24813;80.00000;20.00000;0.77110;2
154.69000;37.32583;      -0.58311; 96.24717;80.00000;20.00000;0.77106;2
154.79700;37.33083;      -0.58381; 96.24524;80.00000;20.00000;0.77102;2
154.91299;37.33583;      -0.58450; 96.24428;80.00000;20.00000;0.77099;2
155.03300;37.34083;      -0.58491; 96.24332;80.00000;20.00000;0.77095;2
155.14600;37.34583;      -0.58542; 96.24332;80.00000;20.00000;0.77091;2
155.25800;37.35083;      -0.58582; 96.24332;80.00000;20.00000;0.77088;2
155.37000;37.35583;      -0.58623; 96.24235;80.00000;20.00000;0.77084;2
155.48900;37.36083;      -0.58693; 96.24139;80.00000;20.00000;0.77080;2
155.61501;37.36583;      -0.58772; 96.24139;80.00000;20.00000;0.77076;2
155.73199;37.37083;      -0.58861; 96.24139;80.00000;20.00000;0.77072;2
155.83600;37.37583;      -0.58940; 96.24139;80.00000;20.00000;0.77069;2
155.96500;37.38083;      -0.59019; 96.24139;80.00000;20.00000;0.77065;2
156.08099;37.38583;      -0.59079; 96.24139;80.00000;20.00000;0.77061;2
156.19299;37.39083;      -0.59092; 96.24043;80.00000;20.00000;0.77058;2
156.30299;37.39583;      -0.59161; 96.24043;80.00000;20.00000;0.77054;2
156.41800;37.40083;      -0.59202; 96.24043;80.00000;20.00000;0.77050;2
156.54201;37.40583;      -0.59272; 96.23946;80.00000;20.00000;0.77046;2
156.65601;37.41083;      -0.59322; 96.24043;80.00000;20.00000;0.77043;2
156.77499;37.41583;      -0.59373; 96.24043;80.00000;20.00000;0.77039;2
156.88200;37.42083;      -0.59404; 96.23946;80.00000;20.00000;0.77035;2
156.99899;37.42583;      -0.59445; 96.23946;80.00000;20.00000;0.77032;2
157.10800;37.43083;      -0.59515; 96.23946;80.00000;20.00000;0.77028;2
157.23801;37.43583;      -0.59614; 96.23946;80.00000;20.00000;0.77024;2
157.35899;37.44083;      -0.59760; 96.23946;80.00000;20.00000;0.77020;2
157.45599;37.44583;      -0.59877; 96.24043;80.00000;20.00000;0.77017;2
157.57500;37.45083;      -0.59937; 96.23946;80.00000;20.00000;0.77013;2
157.68900;37.45583;      -0.60035; 96.23946;80.00000;20.00000;0.77009;2
157.80901;37.46083;      -0.60029; 96.23946;80.00000;20.00000;0.77006;2
157.92700;37.46583;      -0.60070; 96.23850;80.00000;20.00000;0.77002;2
158.05200;37.47083;      -0.60121; 96.23850;80.00000;20.00000;0.76998;2
158.16200;37.47583;      -0.60190; 96.23850;80.00000;20.00000;0.76994;2
158.27600;37.48083;      -0.60174; 96.23850;80.00000;20.00000;0.76991;2
158.38901;37.48583;      -0.60167; 96.23754;80.00000;20.00000;0.76987;2
158.49699;37.49083;      -0.60285; 96.23754;80.00000;20.00000;0.76983;2
158.61900;37.49583;      -0.60421; 96.23657;80.00000;20.00000;0.76979;2
158.74500;37.50083;      -0.60453; 96.23754;80.00000;20.00000;0.76975;2
158.85400;37.50583;      -0.60465; 96.23657;80.00000;20.00000;0.76972;2
158.97000;37.51083;      -0.60488; 96.23561;80.00000;20.00000;0.76968;2
159.08299;37.51583;      -0.60634; 96.23561;80.00000;20.00000;0.76964;2
159.19701;37.52083;      -0.60732; 96.23561;80.00000;20.00000;0.76961;2
159.31200;37.52583;      -0.60754; 96.23561;80.00000;20.00000;0.76957;2
159.43401;37.53083;      -0.60815; 96.23561;80.00000;20.00000;0.76953;2
159.54900;37.53583;      -0.60884; 96.23561;80.00000;20.00000;0.76949;2
159.66800;37.54083;      -0.60945; 96.23561;80.00000;20.00000;0.76945;2
159.78900;37.54583;      -0.61015; 96.23561;80.00000;20.00000;0.76942;2
159.90401;37.55083;      -0.61084; 96.23561;80.00000;20.00000;0.76938;2
160.00800;37.55583;      -0.61164; 96.23561;80.00000;20.00000;0.76934;2
160.13400;37.56083;      -0.61224; 96.23561;80.00000;20.00000;0.76930;2
160.24500;37.56583;      -0.61313; 96.23465;80.00000;20.00000;0.76927;2
160.36400;37.57083;      -0.61383; 96.23465;80.00000;20.00000;0.76923;2
160.47501;37.57583;      -0.61453; 96.23368;80.00000;20.00000;0.76919;2
160.59000;37.58083;      -0.61513; 96.23176;80.00000;20.00000;0.76916;2
160.70900;37.58583;      -0.61602; 96.23176;80.00000;20.00000;0.76912;2
160.82201;37.59083;      -0.61691; 96.23080;80.00000;20.00000;0.76908;2
160.94400;37.59583;      -0.61761; 96.22887;80.00000;20.00000;0.76904;2
161.04700;37.60083;      -0.61754; 96.22887;80.00000;20.00000;0.76901;2
161.16400;37.60583;      -0.61805; 96.22694;80.00000;20.00000;0.76897;2
161.28200;37.61083;      -0.61875; 96.22598;80.00000;20.00000;0.76893;2
161.39400;37.61583;      -0.61964; 96.22502;80.00000;20.00000;0.76889;2
161.50999;37.62083;      -0.62130; 96.22405;80.00000;20.00000;0.76886;2
161.62801;37.62583;      -0.62247; 96.22213;80.00000;20.00000;0.76882;2
161.76100;37.63083;      -0.62318; 96.22116;80.00000;20.00000;0.76877;2
161.86700;37.63583;      -0.62397; 96.21924;80.00000;20.00000;0.76874;2
161.97501;37.64083;      -0.62467; 96.21924;80.00000;20.00000;0.76870;2
162.09300;37.64583;      -0.62432; 96.21924;80.00000;20.00000;0.76867;2
162.21600;37.65083;      -0.62416; 96.21827;80.00000;20.00000;0.76863;2
162.33000;37.65583;      -0.62457; 96.21827;80.00000;20.00000;0.76859;2
162.44200;37.66083;      -0.62537; 96.21924;80.00000;20.00000;0.76855;2
162.55800;37.66583;      -0.62626; 96.21924;80.00000;20.00000;0.76851;2
162.66800;37.67083;      -0.62715; 96.22020;80.00000;20.00000;0.76848;2
162.79100;37.67583;      -0.62804; 96.22020;80.00000;20.00000;0.76844;2
162.89700;37.68083;      -0.62912; 96.22116;80.00000;20.00000;0.76840;2
163.01100;37.68583;      -0.63020; 96.22213;80.00000;20.00000;0.76837;2
163.12500;37.69083;      -0.63129; 96.22213;80.00000;20.00000;0.76833;2
163.23900;37.69583;      -0.63227; 96.22213;80.00000;20.00000;0.76829;2
163.35899;37.70083;      -0.63326; 96.22309;80.00000;20.00000;0.76825;2
163.47701;37.70583;      -0.63444; 96.22405;80.00000;20.00000;0.76821;2
163.59900;37.71083;      -0.63495; 96.22405;80.00000;20.00000;0.76817;2
163.70500;37.71583;      -0.63489; 96.22502;80.00000;20.00000;0.76814;2
163.82600;37.72083;      -0.63530; 96.22405;80.00000;20.00000;0.76810;2
163.92700;37.72583;      -0.63552; 96.22405;80.00000;20.00000;0.76807;2
164.04900;37.73083;      -0.63613; 96.22502;80.00000;20.00000;0.76803;2
164.16400;37.73583;      -0.63616; 96.22502;80.00000;20.00000;0.76799;2
164.28600;37.74083;      -0.63677; 96.22502;80.00000;20.00000;0.76795;2
164.40500;37.74583;      -0.63776; 96.22502;80.00000;20.00000;0.76791;2
164.50301;37.75083;      -0.63874; 96.22502;80.00000;20.00000;0.76788;2
164.62199;37.75583;      -0.63983; 96.22502;80.00000;20.00000;0.76784;2
164.73100;37.76083;      -0.64091; 96.22502;80.00000;20.00000;0.76780;2
164.85300;37.76583;      -0.64132; 96.22598;80.00000;20.00000;0.76776;2
164.96500;37.77083;      -0.64212; 96.22502;80.00000;20.00000;0.76773;2
165.07800;37.77583;      -0.64292; 96.22502;80.00000;20.00000;0.76769;2
165.20100;37.78083;      -0.64372; 96.22405;80.00000;20.00000;0.76765;2
165.32001;37.78583;      -0.64442; 96.22405;80.00000;20.00000;0.76761;2
165.42700;37.79083;      -0.64435; 96.22309;80.00000;20.00000;0.76757;2
165.54800;37.79583;      -0.64487; 96.22405;80.00000;20.00000;0.76753;2
165.66000;37.80083;      -0.64528; 96.22309;80.00000;20.00000;0.76750;2
165.76300;37.80583;      -0.64636; 96.22213;80.00000;20.00000;0.76746;2
165.88600;37.81083;      -0.64726; 96.22116;80.00000;20.00000;0.76742;2
166.00301;37.81583;      -0.64767; 96.22020;80.00000;20.00000;0.76738;2
166.11400;37.82083;      -0.64790; 96.22020;80.00000;20.00000;0.76735;2
166.23300;37.82583;      -0.64965; 96.21924;80.00000;20.00000;0.76731;2
166.33800;37.83083;      -0.65074; 96.21827;80.00000;20.00000;0.76727;2
166.45399;37.83583;      -0.65163; 96.21731;80.00000;20.00000;0.76724;2
166.57800;37.84083;      -0.65157; 96.21635;80.00000;20.00000;0.76719;2
166.69400;37.84583;      -0.65247; 96.21635;80.00000;20.00000;0.76716;2
166.80200;37.85083;      -0.65297; 96.21538;80.00000;20.00000;0.76712;2
166.92500;37.85583;      -0.65358; 96.21442;80.00000;20.00000;0.76708;2
167.03101;37.86083;      -0.65476; 96.21346;80.00000;20.00000;0.76704;2
167.16000;37.86583;      -0.65576; 96.21249;80.00000;20.00000;0.76700;2
167.26801;37.87083;      -0.65627; 96.21153;80.00000;20.00000;0.76697;2
167.39600;37.87583;      -0.65707; 96.21057;80.00000;20.00000;0.76692;2
167.49200;37.88083;      -0.65767; 96.20960;80.00000;20.00000;0.76689;2
167.60400;37.88583;      -0.65847; 96.20864;80.00000;20.00000;0.76686;2
167.72701;37.89083;      -0.65927; 96.20864;80.00000;20.00000;0.76681;2
167.83800;37.89583;      -0.65998; 96.20768;80.00000;20.00000;0.76678;2
167.95100;37.90083;      -0.66020; 96.20671;80.00000;20.00000;0.76674;2
168.06500;37.90583;      -0.66090; 96.20575;80.00000;20.00000;0.76670;2
168.18500;37.91083;      -0.66151; 96.20479;80.00000;20.00000;0.76666;2
168.29800;37.91583;      -0.66222; 96.20382;80.00000;20.00000;0.76663;2
168.40601;37.92083;      -0.66282; 96.20286;80.00000;20.00000;0.76659;2
168.52499;37.92583;      -0.66343; 96.20286;80.00000;20.00000;0.76655;2
168.63901;37.93083;      -0.66433; 96.20190;80.00000;20.00000;0.76651;2
168.76100;37.93583;      -0.66494; 96.20093;80.00000;20.00000;0.76647;2
168.87399;37.94083;      -0.66564; 96.19997;80.00000;20.00000;0.76643;2
168.98399;37.94583;      -0.66644; 96.19901;80.00000;20.00000;0.76640;2
169.09500;37.95083;      -0.66714; 96.19804;80.00000;20.00000;0.76636;2
169.21400;37.95583;      -0.66785; 96.19708;80.00000;20.00000;0.76632;2
169.33400;37.96083;      -0.66894; 96.19708;80.00000;20.00000;0.76628;2
169.44501;37.96583;      -0.66897; 96.19708;80.00000;20.00000;0.76624;2
169.55901;37.97083;      -0.66881; 96.19612;80.00000;20.00000;0.76621;2
169.67900;37.97583;      -0.67000; 96.19515;80.00000;20.00000;0.76617;2
169.78700;37.98083;      -0.67147; 96.19419;80.00000;20.00000;0.76613;2
169.90500;37.98583;      -0.67198; 96.19419;80.00000;20.00000;0.76609;2
170.02600;37.99083;      -0.67183; 96.19419;80.00000;20.00000;0.76605;2
170.14000;37.99583;      -0.67263; 96.19323;80.00000;20.00000;0.76601;2
170.24300;38.00083;      -0.67381; 96.19323;80.00000;20.00000;0.76598;2
170.36301;38.00583;      -0.67375; 96.19227;80.00000;20.00000;0.76594;2
170.48300;38.01083;      -0.67397; 96.19130;80.00000;20.00000;0.76590;2
170.59000;38.01583;      -0.67535; 96.19034;80.00000;20.00000;0.76586;2
170.70599;38.02083;      -0.67605; 96.19034;80.00000;20.00000;0.76582;2
170.82600;38.02583;      -0.67647; 96.18938;80.00000;20.00000;0.76578;2
170.93900;38.03083;      -0.67728; 96.18841;80.00000;20.00000;0.76575;2
171.05000;38.03583;      -0.67836; 96.18841;80.00000;20.00000;0.76571;2
171.16100;38.04083;      -0.67936; 96.18745;80.00000;20.00000;0.76567;2
171.27600;38.04583;      -0.68006; 96.18649;80.00000;20.00000;0.76563;2
171.39101;38.05083;      -0.68086; 96.18649;80.00000;20.00000;0.76560;2
171.50900;38.05583;      -0.68186; 96.18552;80.00000;20.00000;0.76556;2
171.62601;38.06083;      -0.68209; 96.18360;80.00000;20.00000;0.76552;2
171.72800;38.06583;      -0.68250; 96.18360;80.00000;20.00000;0.76548;2
171.85201;38.07083;      -0.68321; 96.18263;80.00000;20.00000;0.76544;2
171.96800;38.07583;      -0.68382; 96.18071;80.00000;20.00000;0.76540;2
172.07899;38.08083;      -0.68443; 96.17974;80.00000;20.00000;0.76537;2
172.19400;38.08583;      -0.68437; 96.17878;80.00000;20.00000;0.76533;2
172.30600;38.09083;      -0.68479; 96.17685;80.00000;20.00000;0.76529;2
172.41901;38.09583;      -0.68530; 96.17685;80.00000;20.00000;0.76525;2
172.53000;38.10083;      -0.68591; 96.17493;80.00000;20.00000;0.76521;2
172.64700;38.10583;      -0.68671; 96.17396;80.00000;20.00000;0.76518;2
172.76500;38.11083;      -0.68723; 96.17300;80.00000;20.00000;0.76514;2
172.87100;38.11583;      -0.68774; 96.17204;80.00000;20.00000;0.76510;2
172.98700;38.12083;      -0.68826; 96.17107;80.00000;20.00000;0.76506;2
173.10400;38.12583;      -0.68877; 96.17107;80.00000;20.00000;0.76502;2
173.22400;38.13083;      -0.68929; 96.17011;80.00000;20.00000;0.76498;2
173.32700;38.13583;      -0.68999; 96.16915;80.00000;20.00000;0.76495;2
173.43800;38.14083;      -0.69089; 96.16915;80.00000;20.00000;0.76491;2
173.55901;38.14583;      -0.69122; 96.16818;80.00000;20.00000;0.76487;2
173.67700;38.15083;      -0.69173; 96.16722;80.00000;20.00000;0.76483;2
173.78500;38.15583;      -0.69176; 96.16722;80.00000;20.00000;0.76479;2
173.90601;38.16083;      -0.69247; 96.16722;80.00000;20.00000;0.76475;2
174.02400;38.16583;      -0.69376; 96.16722;80.00000;20.00000;0.76471;2
174.13400;38.17083;      -0.69447; 96.16529;80.00000;20.00000;0.76468;2
174.24200;38.17583;      -0.69517; 96.16529;80.00000;20.00000;0.76464;2
174.35600;38.18083;      -0.69578; 96.16529;80.00000;20.00000;0.76460;2
174.47301;38.18583;      -0.69659; 96.16433;80.00000;20.00000;0.76456;2
174.59599;38.19083;      -0.69739; 96.16433;80.00000;20.00000;0.76452;2
174.71400;38.19583;      -0.69782; 96.16337;80.00000;20.00000;0.76448;2
174.82700;38.20083;      -0.69843; 96.16240;80.00000;20.00000;0.76444;2
174.92900;38.20583;      -0.69904; 96.16240;80.00000;20.00000;0.76441;2
175.04401;38.21083;      -0.69955; 96.16144;80.00000;20.00000;0.76437;2
175.16100;38.21583;      -0.70007; 96.16048;80.00000;20.00000;0.76433;2
175.28200;38.22083;      -0.70001; 96.15951;80.00000;20.00000;0.76429;2
175.39101;38.22583;      -0.69995; 96.15855;80.00000;20.00000;0.76425;2
175.49600;38.23083;      -0.70027; 96.15855;80.00000;20.00000;0.76422;2
175.62000;38.23583;      -0.70088; 96.15759;80.00000;20.00000;0.76417;2
175.73700;38.24083;      -0.70159; 96.15662;80.00000;20.00000;0.76414;2
175.85100;38.24583;      -0.70288; 96.15566;80.00000;20.00000;0.76410;2
175.96100;38.25083;      -0.70349; 96.15374;80.00000;20.00000;0.76406;2
176.07201;38.25583;      -0.70381; 96.15374;80.00000;20.00000;0.76402;2
176.17900;38.26083;      -0.70471; 96.15181;80.00000;20.00000;0.76399;2
176.29800;38.26583;      -0.70562; 96.15181;80.00000;20.00000;0.76395;2
176.41400;38.27083;      -0.70632; 96.14988;80.00000;20.00000;0.76391;2
176.52800;38.27583;      -0.70694; 96.14988;80.00000;20.00000;0.76387;2
176.64400;38.28083;      -0.70765; 96.14892;80.00000;20.00000;0.76383;2
176.75600;38.28583;      -0.70797; 96.14796;80.00000;20.00000;0.76379;2
176.87100;38.29083;      -0.70753; 96.14699;80.00000;20.00000;0.76375;2
176.98599;38.29583;      -0.70795; 96.14507;80.00000;20.00000;0.76371;2
177.10500;38.30083;      -0.70847; 96.14507;80.00000;20.00000;0.76367;2
177.21800;38.30583;      -0.70850; 96.14410;80.00000;20.00000;0.76363;2
177.33299;38.31083;      -0.70931; 96.14314;80.00000;20.00000;0.76359;2
177.44701;38.31583;      -0.71021; 96.14218;80.00000;20.00000;0.76356;2
177.56000;38.32083;      -0.71111; 96.14218;80.00000;20.00000;0.76352;2
177.67999;38.32583;      -0.71182; 96.14121;80.00000;20.00000;0.76348;2
177.78799;38.33083;      -0.71234; 96.13929;80.00000;20.00000;0.76344;2
177.89700;38.33583;      -0.71218; 96.13929;80.00000;20.00000;0.76340;2
178.00400;38.34083;      -0.71193; 96.13832;80.00000;20.00000;0.76337;2
178.12000;38.34583;      -0.71254; 96.13832;80.00000;20.00000;0.76333;2
178.23700;38.35083;      -0.71325; 96.13640;80.00000;20.00000;0.76329;2
178.35400;38.35583;      -0.71416; 96.13640;80.00000;20.00000;0.76325;2
178.46899;38.36083;      -0.71496; 96.13447;80.00000;20.00000;0.76321;2
178.58400;38.36583;      -0.71558; 96.13351;80.00000;20.00000;0.76317;2
178.69701;38.37083;      -0.71629; 96.13351;80.00000;20.00000;0.76313;2
178.80800;38.37583;      -0.71671; 96.13158;80.00000;20.00000;0.76309;2
178.91299;38.38083;      -0.71732; 96.13158;80.00000;20.00000;0.76306;2
179.03900;38.38583;      -0.71832; 96.12965;80.00000;20.00000;0.76302;2
179.15401;38.39083;      -0.71923; 96.12965;80.00000;20.00000;0.76298;2
179.25900;38.39583;      -0.71945; 96.12869;80.00000;20.00000;0.76294;2
179.38499;38.40083;      -0.71997; 96.12773;80.00000;20.00000;0.76290;2
179.47800;38.40583;      -0.72039; 96.12773;80.00000;20.00000;0.76287;2
179.59801;38.41083;      -0.72062; 96.12676;80.00000;20.00000;0.76282;2
179.71700;38.41583;      -0.72114; 96.12580;80.00000;20.00000;0.76278;2
179.83800;38.42083;      -0.72185; 96.12484;80.00000;20.00000;0.76274;2
179.94400;38.42583;      -0.72247; 96.12387;80.00000;20.00000;0.76271;2
180.06400;38.43083;      -0.72289; 96.12291;80.00000;20.00000;0.76267;2
180.17999;38.43583;      -0.72331; 96.12195;80.00000;20.00000;0.76263;2
180.29300;38.44083;      -0.72354; 96.11906;80.00000;20.00000;0.76259;2
180.40300;38.44583;      -0.72396; 96.11713;80.00000;20.00000;0.76255;2
180.51601;38.45083;      -0.72419; 96.11520;80.00000;20.00000;0.76251;2
180.63100;38.45583;      -0.72423; 96.11232;80.00000;20.00000;0.76247;2
180.75000;38.46083;      -0.72446; 96.11039;80.00000;20.00000;0.76243;2
180.85800;38.46583;      -0.72479; 96.10846;80.00000;20.00000;0.76239;2
180.97000;38.47083;      -0.72588; 96.10557;80.00000;20.00000;0.76236;2
181.08400;38.47583;      -0.72660; 96.10365;80.00000;20.00000;0.76232;2
181.20000;38.48083;      -0.72663; 96.10172;80.00000;20.00000;0.76228;2
181.31500;38.48583;      -0.72706; 96.09979;80.00000;20.00000;0.76224;2
181.42700;38.49083;      -0.72758; 96.09883;80.00000;20.00000;0.76220;2
181.53999;38.49583;      -0.72819; 96.09787;80.00000;20.00000;0.76216;2
181.66299;38.50083;      -0.72891; 96.09690;80.00000;20.00000;0.76212;2
181.76700;38.50583;      -0.72933; 96.09498;80.00000;20.00000;0.76208;2
181.87100;38.51083;      -0.72984; 96.09401;80.00000;20.00000;0.76205;2
182.00301;38.51583;      -0.73046; 96.09209;80.00000;20.00000;0.76200;2
182.11000;38.52083;      -0.73089; 96.09112;80.00000;20.00000;0.76197;2
182.21400;38.52583;      -0.73053; 96.08920;80.00000;20.00000;0.76193;2
182.32800;38.53083;      -0.73096; 96.08823;80.00000;20.00000;0.76189;2
182.44701;38.53583;      -0.73148; 96.08631;80.00000;20.00000;0.76185;2
182.55200;38.54083;      -0.73200; 96.08438;80.00000;20.00000;0.76181;2
182.67300;38.54583;      -0.73252; 96.08342;80.00000;20.00000;0.76177;2
182.79900;38.55083;      -0.73314; 96.08149;80.00000;20.00000;0.76173;2
182.90700;38.55583;      -0.73346; 96.08053;80.00000;20.00000;0.76169;2
183.03000;38.56083;      -0.73370; 96.07860;80.00000;20.00000;0.76165;2
183.13499;38.56583;      -0.73412; 96.07764;80.00000;20.00000;0.76161;2
183.25301;38.57083;      -0.73522; 96.07667;80.00000;20.00000;0.76157;2
183.36900;38.57583;      -0.73584; 96.07475;80.00000;20.00000;0.76153;2
183.47701;38.58083;      -0.73655; 96.07379;80.00000;20.00000;0.76150;2
183.59300;38.58583;      -0.73717; 96.07282;80.00000;20.00000;0.76146;2
183.71500;38.59083;      -0.73779; 96.07090;80.00000;20.00000;0.76141;2
183.82899;38.59583;      -0.73744; 96.06993;80.00000;20.00000;0.76137;2
183.92900;38.60083;      -0.73776; 96.06801;80.00000;20.00000;0.76134;2
184.04300;38.60583;      -0.73857; 96.06704;80.00000;20.00000;0.76130;2
184.16299;38.61083;      -0.73900; 96.06512;80.00000;20.00000;0.76126;2
184.28300;38.61583;      -0.73933; 96.06415;80.00000;20.00000;0.76122;2
184.39301;38.62083;      -0.73985; 96.06223;80.00000;20.00000;0.76118;2
184.50000;38.62583;      -0.74017; 96.06126;80.00000;20.00000;0.76114;2
184.61700;38.63083;      -0.74089; 96.05934;80.00000;20.00000;0.76110;2
184.73000;38.63583;      -0.74170; 96.05837;80.00000;20.00000;0.76106;2
184.84399;38.64083;      -0.74212; 96.05741;80.00000;20.00000;0.76102;2
184.95500;38.64583;      -0.74284; 96.05645;80.00000;20.00000;0.76099;2
185.07500;38.65083;      -0.74355; 96.05452;80.00000;20.00000;0.76094;2
185.17999;38.65583;      -0.74339; 96.05356;80.00000;20.00000;0.76091;2
185.29201;38.66083;      -0.74392; 96.05163;80.00000;20.00000;0.76087;2
185.41200;38.66583;      -0.74434; 96.04970;80.00000;20.00000;0.76083;2
185.52000;38.67083;      -0.74486; 96.04585;80.00000;20.00000;0.76079;2
185.64500;38.67583;      -0.74568; 96.04392;80.00000;20.00000;0.76075;2
185.75200;38.68083;      -0.74581; 96.04200;80.00000;20.00000;0.76071;2
185.85699;38.68583;      -0.74623; 96.04103;80.00000;20.00000;0.76067;2
185.96100;38.69083;      -0.74675; 96.03911;80.00000;20.00000;0.76064;2
186.08800;38.69583;      -0.74708; 96.03814;80.00000;20.00000;0.76059;2
186.19901;38.70083;      -0.74751; 96.03622;80.00000;20.00000;0.76056;2
186.31300;38.70583;      -0.74745; 96.03429;80.00000;20.00000;0.76052;2
186.43201;38.71083;      -0.74768; 96.03333;80.00000;20.00000;0.76047;2
186.54601;38.71583;      -0.74879; 96.03237;80.00000;20.00000;0.76043;2
186.65300;38.72083;      -0.74892; 96.03140;80.00000;20.00000;0.76040;2
186.76900;38.72583;      -0.74915; 96.02948;80.00000;20.00000;0.76036;2
186.88100;38.73083;      -0.74996; 96.02755;80.00000;20.00000;0.76032;2
186.98900;38.73583;      -0.75039; 96.02562;80.00000;20.00000;0.76028;2
187.10800;38.74083;      -0.75033; 96.02562;80.00000;20.00000;0.76024;2
187.22301;38.74583;      -0.75066; 96.02370;80.00000;20.00000;0.76020;2
187.33600;38.75083;      -0.75138; 96.02177;80.00000;20.00000;0.76016;2
187.45300;38.75583;      -0.75209; 96.01888;80.00000;20.00000;0.76012;2
187.56799;38.76083;      -0.75281; 96.01599;80.00000;20.00000;0.76008;2
187.67599;38.76583;      -0.75362; 96.01503;80.00000;20.00000;0.76004;2
187.78999;38.77083;      -0.75424; 96.01310;80.00000;20.00000;0.76000;2
187.89799;38.77583;      -0.75447; 96.00828;80.00000;20.00000;0.75997;2
188.00600;38.78083;      -0.75441; 96.00443;80.00000;20.00000;0.75993;2
188.13300;38.78583;      -0.75494; 96.00154;80.00000;20.00000;0.75988;2
188.24800;38.79083;      -0.75566; 95.99865;80.00000;20.00000;0.75984;2
188.35800;38.79583;      -0.75618; 95.99480;80.00000;20.00000;0.75980;2
188.46500;38.80083;      -0.75660; 95.99191;80.00000;20.00000;0.75977;2
188.58501;38.80583;      -0.75684; 95.98998;80.00000;20.00000;0.75973;2
188.69200;38.81083;      -0.75726; 95.98998;80.00000;20.00000;0.75969;2
188.80000;38.81583;      -0.75788; 95.98902;80.00000;20.00000;0.75965;2
188.91901;38.82083;      -0.75821; 95.98806;80.00000;20.00000;0.75961;2
189.03799;38.82583;      -0.75854; 95.98709;80.00000;20.00000;0.75957;2
189.14101;38.83083;      -0.75896; 95.98613;80.00000;20.00000;0.75953;2
189.26199;38.83583;      -0.75968; 95.98517;80.00000;20.00000;0.75949;2
189.37500;38.84083;      -0.75982; 95.98324;80.00000;20.00000;0.75945;2
189.50101;38.84583;      -0.75986; 95.98131;80.00000;20.00000;0.75941;2
189.59200;38.85083;      -0.76019; 95.98035;80.00000;20.00000;0.75937;2
189.71100;38.85583;      -0.76110; 95.97842;80.00000;20.00000;0.75933;2
189.82800;38.86083;      -0.76182; 95.97746;80.00000;20.00000;0.75929;2
189.93800;38.86583;      -0.76253; 95.97650;80.00000;20.00000;0.75925;2
190.05800;38.87083;      -0.76296; 95.97264;80.00000;20.00000;0.75921;2
190.16100;38.87583;      -0.76358; 95.96975;80.00000;20.00000;0.75918;2
190.28000;38.88083;      -0.76401; 95.96783;80.00000;20.00000;0.75913;2
190.39101;38.88583;      -0.76444; 95.96590;80.00000;20.00000;0.75910;2
190.49800;38.89083;      -0.76476; 95.96397;80.00000;20.00000;0.75906;2
190.61600;38.89583;      -0.76548; 95.95916;80.00000;20.00000;0.75902;2
190.72701;38.90083;      -0.76610; 95.95627;80.00000;20.00000;0.75898;2
190.84700;38.90583;      -0.76653; 95.95338;80.00000;20.00000;0.75894;2
190.95500;38.91083;      -0.76715; 95.95242;80.00000;20.00000;0.75890;2
191.06700;38.91583;      -0.76710; 95.94953;80.00000;20.00000;0.75886;2
191.18401;38.92083;      -0.76752; 95.94664;80.00000;20.00000;0.75882;2
191.28999;38.92583;      -0.76824; 95.94471;80.00000;20.00000;0.75878;2
191.39500;38.93083;      -0.76905; 95.94278;80.00000;20.00000;0.75874;2
191.52100;38.93583;      -0.76939; 95.93989;80.00000;20.00000;0.75870;2
191.63100;38.94083;      -0.76952; 95.93604;80.00000;20.00000;0.75866;2
191.74600;38.94583;      -0.76995; 95.93315;80.00000;20.00000;0.75862;2
191.86700;38.95083;      -0.76999; 95.93026;80.00000;20.00000;0.75858;2
191.96800;38.95583;      -0.77022; 95.92930;80.00000;20.00000;0.75854;2
192.08900;38.96083;      -0.77027; 95.92737;80.00000;20.00000;0.75850;2
192.19200;38.96583;      -0.77050; 95.92448;80.00000;20.00000;0.75846;2
192.30800;38.97083;      -0.77112; 95.92255;80.00000;20.00000;0.75842;2
192.41701;38.97583;      -0.77174; 95.91966;80.00000;20.00000;0.75838;2
192.54100;38.98083;      -0.77334; 95.91485;80.00000;20.00000;0.75834;2
192.64999;38.98583;      -0.77396; 95.91100;80.00000;20.00000;0.75830;2
192.75900;38.99083;      -0.77438; 95.90714;80.00000;20.00000;0.75826;2
192.87700;38.99583;      -0.77462; 95.90329;80.00000;20.00000;0.75822;2
192.98801;39.00083;      -0.77505; 95.89944;80.00000;20.00000;0.75818;2
193.09700;39.00583;      -0.77567; 95.89847;80.00000;20.00000;0.75815;2
193.21300;39.01083;      -0.77629; 95.89751;80.00000;20.00000;0.75810;2
193.32700;39.01583;      -0.77595; 95.89655;80.00000;20.00000;0.75806;2
193.44901;39.02083;      -0.77638; 95.89558;80.00000;20.00000;0.75802;2
193.55099;39.02583;      -0.77700; 95.89366;80.00000;20.00000;0.75799;2
193.67599;39.03083;      -0.77743; 95.89173;80.00000;20.00000;0.75794;2
193.77699;39.03583;      -0.77814; 95.88980;80.00000;20.00000;0.75791;2
193.88400;39.04083;      -0.77896; 95.88691;80.00000;20.00000;0.75787;2
194.00301;39.04583;      -0.77978; 95.88499;80.00000;20.00000;0.75783;2
194.11099;39.05083;      -0.78020; 95.88306;80.00000;20.00000;0.75779;2
194.22400;39.05583;      -0.78092; 95.88017;80.00000;20.00000;0.75775;2
194.33501;39.06083;      -0.78087; 95.87728;80.00000;20.00000;0.75771;2
194.46800;39.06583;      -0.78121; 95.87536;80.00000;20.00000;0.75766;2
194.57899;39.07083;      -0.78144; 95.87247;80.00000;20.00000;0.75762;2
194.68500;39.07583;      -0.78226; 95.87054;80.00000;20.00000;0.75759;2
194.79201;39.08083;      -0.78327; 95.86572;80.00000;20.00000;0.75755;2
194.90100;39.08583;      -0.78408; 95.86476;80.00000;20.00000;0.75751;2
195.02400;39.09083;      -0.78461; 95.86283;80.00000;20.00000;0.75747;2
195.13300;39.09583;      -0.78514; 95.85898;80.00000;20.00000;0.75743;2
195.24500;39.10083;      -0.78557; 95.85609;80.00000;20.00000;0.75739;2
195.35899;39.10583;      -0.78600; 95.85224;80.00000;20.00000;0.75735;2
195.47099;39.11083;      -0.78662; 95.85031;80.00000;20.00000;0.75731;2
195.58800;39.11583;      -0.78734; 95.84742;80.00000;20.00000;0.75727;2
195.69800;39.12083;      -0.78787; 95.84453;80.00000;20.00000;0.75723;2
195.82100;39.12583;      -0.78850; 95.84260;80.00000;20.00000;0.75718;2
195.92900;39.13083;      -0.78883; 95.83875;80.00000;20.00000;0.75715;2
196.02901;39.13583;      -0.78925; 95.83297;80.00000;20.00000;0.75711;2
196.14400;39.14083;      -0.78949; 95.82816;80.00000;20.00000;0.75707;2
196.26700;39.14583;      -0.78992; 95.82430;80.00000;20.00000;0.75703;2
196.36900;39.15083;      -0.79025; 95.81949;80.00000;20.00000;0.75699;2
196.48199;39.15583;      -0.78971; 95.81756;80.00000;20.00000;0.75695;2
196.59100;39.16083;      -0.78985; 95.81852;80.00000;20.00000;0.75691;2
196.70300;39.16583;      -0.79047; 95.81756;80.00000;20.00000;0.75687;2
196.81500;39.17083;      -0.79090; 95.81467;80.00000;20.00000;0.75683;2
196.92500;39.17583;      -0.79152; 95.81178;80.00000;20.00000;0.75679;2
197.04500;39.18083;      -0.79225; 95.80985;80.00000;20.00000;0.75675;2
197.16200;39.18583;      -0.79326; 95.80696;80.00000;20.00000;0.75671;2
197.26401;39.19083;      -0.79398; 95.80407;80.00000;20.00000;0.75667;2
197.37801;39.19583;      -0.79412; 95.80118;80.00000;20.00000;0.75663;2
197.50101;39.20083;      -0.79485; 95.79926;80.00000;20.00000;0.75659;2
197.59399;39.20583;      -0.79585; 95.79637;80.00000;20.00000;0.75655;2
197.71201;39.21083;      -0.79599; 95.79348;80.00000;20.00000;0.75651;2
197.82500;39.21583;      -0.79613; 95.78866;80.00000;20.00000;0.75647;2
197.94501;39.22083;      -0.79657; 95.78481;80.00000;20.00000;0.75643;2
198.05499;39.22583;      -0.79709; 95.78192;80.00000;20.00000;0.75639;2
198.16000;39.23083;      -0.79762; 95.77999;80.00000;20.00000;0.75635;2
198.28400;39.23583;      -0.79767; 95.77614;80.00000;20.00000;0.75631;2
198.38600;39.24083;      -0.79926; 95.77325;80.00000;20.00000;0.75627;2
198.50200;39.24583;      -0.79969; 95.77325;80.00000;20.00000;0.75623;2
198.60899;39.25083;      -0.80012; 95.77229;80.00000;20.00000;0.75619;2
198.72501;39.25583;      -0.80026; 95.77132;80.00000;20.00000;0.75615;2
198.83701;39.26083;      -0.80069; 95.76843;80.00000;20.00000;0.75611;2
198.94600;39.26583;      -0.80132; 95.76169;80.00000;20.00000;0.75607;2
199.05499;39.27083;      -0.80185; 95.75688;80.00000;20.00000;0.75603;2
199.17900;39.27583;      -0.80248; 95.75206;80.00000;20.00000;0.75599;2
199.27800;39.28083;      -0.80310; 95.74821;80.00000;20.00000;0.75595;2
199.39600;39.28583;      -0.80402; 95.74821;80.00000;20.00000;0.75591;2
199.50800;39.29083;      -0.80503; 95.74917;80.00000;20.00000;0.75587;2
199.62100;39.29583;      -0.80575; 95.74917;80.00000;20.00000;0.75583;2
199.72800;39.30083;      -0.80599; 95.74724;80.00000;20.00000;0.75579;2
199.84000;39.30583;      -0.80564; 95.74435;80.00000;20.00000;0.75575;2
199.95200;39.31083;      -0.80549; 95.74243;80.00000;20.00000;0.75571;2
200.06700;39.31583;      -0.80651; 95.74146;80.00000;20.00000;0.75567;2
200.17500;39.32083;      -0.80723; 95.73857;80.00000;20.00000;0.75563;2
200.28900;39.32583;      -0.80776; 95.73761;80.00000;20.00000;0.75559;2
200.40900;39.33083;      -0.80810; 95.73665;80.00000;20.00000;0.75555;2
200.50600;39.33583;      -0.80813; 95.73568;80.00000;20.00000;0.75551;2
200.61800;39.34083;      -0.80857; 95.73279;80.00000;20.00000;0.75547;2
200.73801;39.34583;      -0.80949; 95.72798;80.00000;20.00000;0.75543;2
200.84300;39.35083;      -0.80992; 95.72412;80.00000;20.00000;0.75539;2
200.96300;39.35583;      -0.81045; 95.72123;80.00000;20.00000;0.75535;2
201.08000;39.36083;      -0.81098; 95.71835;80.00000;20.00000;0.75531;2
201.18700;39.36583;      -0.81131; 95.71546;80.00000;20.00000;0.75527;2
201.29201;39.37083;      -0.81174; 95.71257;80.00000;20.00000;0.75523;2
201.40900;39.37583;      -0.81198; 95.70679;80.00000;20.00000;0.75519;2
201.51900;39.38083;      -0.81251; 95.70101;80.00000;20.00000;0.75515;2
201.63200;39.38583;      -0.81295; 95.69619;80.00000;20.00000;0.75511;2
201.75200;39.39083;      -0.81377; 95.69137;80.00000;20.00000;0.75507;2
201.85300;39.39583;      -0.81439; 95.69137;80.00000;20.00000;0.75503;2
201.96400;39.40083;      -0.81551; 95.69137;80.00000;20.00000;0.75499;2
202.07800;39.40583;      -0.81633; 95.69234;80.00000;20.00000;0.75495;2
202.19400;39.41083;      -0.81725; 95.69041;80.00000;20.00000;0.75491;2
202.29900;39.41583;      -0.81768; 95.68848;80.00000;20.00000;0.75487;2
202.41499;39.42083;      -0.81792; 95.68078;80.00000;20.00000;0.75483;2
202.52600;39.42583;      -0.81758; 95.67596;80.00000;20.00000;0.75479;2
202.63699;39.43083;      -0.81820; 95.67211;80.00000;20.00000;0.75475;2
202.75999;39.43583;      -0.81893; 95.66922;80.00000;20.00000;0.75471;2
202.85899;39.44083;      -0.81956; 95.66633;80.00000;20.00000;0.75467;2
202.97600;39.44583;      -0.82028; 95.66248;80.00000;20.00000;0.75463;2
203.08299;39.45083;      -0.82110; 95.65959;80.00000;20.00000;0.75459;2
203.20300;39.45583;      -0.82154; 95.65670;80.00000;20.00000;0.75455;2
203.30499;39.46083;      -0.82139; 95.65381;80.00000;20.00000;0.75451;2
203.41600;39.46583;      -0.82153; 95.64995;80.00000;20.00000;0.75447;2
203.52699;39.47083;      -0.82216; 95.64706;80.00000;20.00000;0.75443;2
203.63499;39.47583;      -0.82346; 95.63936;80.00000;20.00000;0.75439;2
203.74699;39.48083;      -0.82400; 95.63165;80.00000;20.00000;0.75435;2
203.86800;39.48583;      -0.82453; 95.62587;80.00000;20.00000;0.75431;2
203.97000;39.49083;      -0.82486; 95.62298;80.00000;20.00000;0.75427;2
204.08701;39.49583;      -0.82579; 95.62395;80.00000;20.00000;0.75423;2
204.19299;39.50083;      -0.82661; 95.62298;80.00000;20.00000;0.75419;2
204.31000;39.50583;      -0.82704; 95.62009;80.00000;20.00000;0.75415;2
204.42101;39.51083;      -0.82767; 95.61720;80.00000;20.00000;0.75411;2
204.53900;39.51583;      -0.82762; 95.60950;80.00000;20.00000;0.75406;2
204.64600;39.52083;      -0.82835; 95.60564;80.00000;20.00000;0.75403;2
204.76100;39.52583;      -0.82907; 95.59987;80.00000;20.00000;0.75398;2
204.85899;39.53083;      -0.82970; 95.59409;80.00000;20.00000;0.75395;2
204.97800;39.53583;      -0.83023; 95.59023;80.00000;20.00000;0.75391;2
205.08701;39.54083;      -0.83086; 95.58542;80.00000;20.00000;0.75387;2
205.20200;39.54583;      -0.83130; 95.58060;80.00000;20.00000;0.75383;2
205.31900;39.55083;      -0.83173; 95.57289;80.00000;20.00000;0.75378;2
205.42400;39.55583;      -0.83226; 95.56519;80.00000;20.00000;0.75374;2
205.53200;39.56083;      -0.83289; 95.55941;80.00000;20.00000;0.75371;2
205.65100;39.56583;      -0.83352; 95.55845;80.00000;20.00000;0.75366;2
205.74600;39.57083;      -0.83424; 95.55748;80.00000;20.00000;0.75363;2
205.86600;39.57583;      -0.83488; 95.55459;80.00000;20.00000;0.75358;2
205.98599;39.58083;      -0.83522; 95.54592;80.00000;20.00000;0.75354;2
206.09200;39.58583;      -0.83614; 95.53918;80.00000;20.00000;0.75350;2
206.20100;39.59083;      -0.83735; 95.53533;80.00000;20.00000;0.75346;2
206.32300;39.59583;      -0.83808; 95.53051;80.00000;20.00000;0.75342;2
206.42101;39.60083;      -0.83783; 95.52569;80.00000;20.00000;0.75338;2
206.53400;39.60583;      -0.83807; 95.51895;80.00000;20.00000;0.75334;2
206.65601;39.61083;      -0.83871; 95.51125;80.00000;20.00000;0.75330;2
206.75101;39.61583;      -0.83923; 95.50547;80.00000;20.00000;0.75326;2
206.87000;39.62083;      -0.83967; 95.50258;80.00000;20.00000;0.75322;2
206.97301;39.62583;      -0.84010; 95.50065;80.00000;20.00000;0.75318;2
207.08200;39.63083;      -0.84044; 95.49583;80.00000;20.00000;0.75314;2
207.20000;39.63583;      -0.84117; 95.48813;80.00000;20.00000;0.75310;2
207.32001;39.64083;      -0.84190; 95.48235;80.00000;20.00000;0.75306;2
207.42000;39.64583;      -0.84243; 95.47753;80.00000;20.00000;0.75302;2
207.53300;39.65083;      -0.84287; 95.47368;80.00000;20.00000;0.75298;2
207.63901;39.65583;      -0.84369; 95.46308;80.00000;20.00000;0.75294;2
207.75101;39.66083;      -0.84481; 95.45345;80.00000;20.00000;0.75290;2
207.86501;39.66583;      -0.84564; 95.44960;80.00000;20.00000;0.75286;2
207.96300;39.67083;      -0.84626; 95.44574;80.00000;20.00000;0.75282;2
208.07600;39.67583;      -0.84651; 95.44093;80.00000;20.00000;0.75278;2
208.20500;39.68083;      -0.84656; 95.43611;80.00000;20.00000;0.75274;2
208.31500;39.68583;      -0.84719; 95.43226;80.00000;20.00000;0.75270;2
208.42599;39.69083;      -0.84763; 95.42455;80.00000;20.00000;0.75265;2
208.53000;39.69583;      -0.84884; 95.41781;80.00000;20.00000;0.75262;2
208.63400;39.70083;      -0.84966; 95.41203;80.00000;20.00000;0.75258;2
208.75900;39.70583;      -0.85069; 95.41203;80.00000;20.00000;0.75253;2
208.86501;39.71083;      -0.85132; 95.40818;80.00000;20.00000;0.75250;2
208.97200;39.71583;      -0.85156; 95.40336;80.00000;20.00000;0.75246;2
209.08200;39.72083;      -0.85219; 95.39662;80.00000;20.00000;0.75242;2
209.20100;39.72583;      -0.85312; 95.38602;80.00000;20.00000;0.75237;2
209.30600;39.73083;      -0.85404; 95.37446;80.00000;20.00000;0.75233;2
209.42200;39.73583;      -0.85458; 95.36772;80.00000;20.00000;0.75229;2
209.53300;39.74083;      -0.85482; 95.36676;80.00000;20.00000;0.75225;2
209.64999;39.74583;      -0.85526; 95.36387;80.00000;20.00000;0.75221;2
209.76100;39.75083;      -0.85521; 95.35713;80.00000;20.00000;0.75217;2
209.86400;39.75583;      -0.85584; 95.35135;80.00000;20.00000;0.75213;2
209.98300;39.76083;      -0.85667; 95.34653;80.00000;20.00000;0.75209;2
210.08701;39.76583;      -0.85769; 95.34171;80.00000;20.00000;0.75205;2
210.19299;39.77083;      -0.85881; 95.33401;80.00000;20.00000;0.75201;2
210.30000;39.77583;      -0.85954; 95.32726;80.00000;20.00000;0.75197;2
210.41901;39.78083;      -0.86056; 95.31956;80.00000;20.00000;0.75193;2
210.52800;39.78583;      -0.86110; 95.30993;80.00000;20.00000;0.75189;2
210.64999;39.79083;      -0.86183; 95.30704;80.00000;20.00000;0.75184;2
210.74899;39.79583;      -0.86256; 95.30222;80.00000;20.00000;0.75181;2
210.86501;39.80083;      -0.86300; 95.29259;80.00000;20.00000;0.75176;2
210.96500;39.80583;      -0.86294; 95.28296;80.00000;20.00000;0.75173;2
211.08299;39.81083;      -0.86407; 95.27621;80.00000;20.00000;0.75168;2
211.19701;39.81583;      -0.86500; 95.27236;80.00000;20.00000;0.75164;2
211.30901;39.82083;      -0.86524; 95.26562;80.00000;20.00000;0.75160;2
211.41400;39.82583;      -0.86538; 95.26080;80.00000;20.00000;0.75156;2
211.52400;39.83083;      -0.86611; 95.25309;80.00000;20.00000;0.75152;2
211.63901;39.83583;      -0.86724; 95.24250;80.00000;20.00000;0.75148;2
211.73801;39.84083;      -0.86767; 95.23479;80.00000;20.00000;0.75144;2
211.85899;39.84583;      -0.86811; 95.22998;80.00000;20.00000;0.75140;2
211.97099;39.85083;      -0.86865; 95.22420;80.00000;20.00000;0.75136;2
212.08200;39.85583;      -0.86919; 95.21745;80.00000;20.00000;0.75132;2
212.18600;39.86083;      -0.86982; 95.21264;80.00000;20.00000;0.75128;2
212.29300;39.86583;      -0.87045; 95.20878;80.00000;20.00000;0.75124;2
212.41299;39.87083;      -0.87118; 95.20012;80.00000;20.00000;0.75120;2
212.52000;39.87583;      -0.87162; 95.18567;80.00000;20.00000;0.75116;2
212.63100;39.88083;      -0.87226; 95.17700;80.00000;20.00000;0.75112;2
212.74600;39.88583;      -0.87319; 95.17507;80.00000;20.00000;0.75107;2
212.85400;39.89083;      -0.87382; 95.16929;80.00000;20.00000;0.75103;2
212.95799;39.89583;      -0.87435; 95.16255;80.00000;20.00000;0.75100;2
213.06100;39.90083;      -0.87528; 95.15773;80.00000;20.00000;0.75096;2
213.18300;39.90583;      -0.87680; 95.14810;80.00000;20.00000;0.75091;2
213.28900;39.91083;      -0.87782; 95.13461;80.00000;20.00000;0.75087;2
213.39999;39.91583;      -0.87855; 95.12402;80.00000;20.00000;0.75083;2
213.50900;39.92083;      -0.87929; 95.12209;80.00000;20.00000;0.75079;2
213.62000;39.92583;      -0.87934; 95.12209;80.00000;20.00000;0.75075;2
213.73199;39.93083;      -0.87987; 95.12113;80.00000;20.00000;0.75071;2
213.84399;39.93583;      -0.88061; 95.10668;80.00000;20.00000;0.75067;2
213.95599;39.94083;      -0.88124; 95.09127;80.00000;20.00000;0.75063;2
214.07500;39.94583;      -0.88237; 95.08645;80.00000;20.00000;0.75059;2
214.16901;39.95083;      -0.88300; 95.08356;80.00000;20.00000;0.75055;2
214.29100;39.95583;      -0.88325; 95.07778;80.00000;20.00000;0.75051;2
214.39500;39.96083;      -0.88319; 95.07104;80.00000;20.00000;0.75047;2
214.50700;39.96583;      -0.88354; 95.06044;80.00000;20.00000;0.75043;2
214.60899;39.97083;      -0.88534; 95.04696;80.00000;20.00000;0.75039;2
214.71500;39.97583;      -0.88647; 95.04118;80.00000;20.00000;0.75035;2
214.84100;39.98083;      -0.88711; 95.03925;80.00000;20.00000;0.75030;2
214.95599;39.98583;      -0.88785; 95.03251;80.00000;20.00000;0.75026;2
215.05499;39.99083;      -0.88838; 95.02577;80.00000;20.00000;0.75022;2
215.17000;39.99583;      -0.88882; 95.01806;80.00000;20.00000;0.75018;2
215.27699;40.00083;      -0.88916; 95.00843;80.00000;20.00000;0.75014;2
215.38300;40.00583;      -0.88980; 95.00072;80.00000;20.00000;0.75010;2
215.49600;40.01083;      -0.89063; 94.99494;80.00000;20.00000;0.75006;2
215.60201;40.01583;      -0.89117; 94.98724;80.00000;20.00000;0.75002;2
215.71700;40.02083;      -0.89180; 94.97760;80.00000;20.00000;0.74998;2
215.83400;40.02583;      -0.89225; 94.96894;80.00000;20.00000;0.74994;2
215.94000;40.03083;      -0.89269; 94.96123;80.00000;20.00000;0.74990;2
216.04401;40.03583;      -0.89391; 94.95641;80.00000;20.00000;0.74986;2
216.14999;40.04083;      -0.89484; 94.94774;80.00000;20.00000;0.74982;2
216.26900;40.04583;      -0.89567; 94.93811;80.00000;20.00000;0.74978;2
216.36900;40.05083;      -0.89640; 94.93137;80.00000;20.00000;0.74974;2
216.48000;40.05583;      -0.89704; 94.92655;80.00000;20.00000;0.74970;2
216.59000;40.06083;      -0.89788; 94.91596;80.00000;20.00000;0.74966;2
216.70200;40.06583;      -0.89881; 94.90343;80.00000;20.00000;0.74961;2
216.81100;40.07083;      -0.89944; 94.88899;80.00000;20.00000;0.74957;2
216.91800;40.07583;      -0.90018; 94.88513;80.00000;20.00000;0.74953;2
217.03101;40.08083;      -0.90091; 94.88224;80.00000;20.00000;0.74949;2
217.14301;40.08583;      -0.90126; 94.87165;80.00000;20.00000;0.74945;2
217.25700;40.09083;      -0.90190; 94.86105;80.00000;20.00000;0.74941;2
217.36501;40.09583;      -0.90332; 94.84757;80.00000;20.00000;0.74937;2
217.47600;40.10083;      -0.90396; 94.83890;80.00000;20.00000;0.74933;2
217.57800;40.10583;      -0.90361; 94.83697;80.00000;20.00000;0.74929;2
217.70700;40.11083;      -0.90426; 94.82926;80.00000;20.00000;0.74924;2
217.80600;40.11583;      -0.90509; 94.81963;80.00000;20.00000;0.74921;2
217.91600;40.12083;      -0.90621; 94.81193;80.00000;20.00000;0.74916;2
218.02901;40.12583;      -0.90695; 94.80615;80.00000;20.00000;0.74912;2
218.14700;40.13083;      -0.90759; 94.79651;80.00000;20.00000;0.74908;2
218.24800;40.13583;      -0.90872; 94.78303;80.00000;20.00000;0.74904;2
218.35201;40.14083;      -0.90984; 94.77436;80.00000;20.00000;0.74900;2
218.47000;40.14583;      -0.91000; 94.77339;80.00000;20.00000;0.74896;2
218.58501;40.15083;      -0.91005; 94.76665;80.00000;20.00000;0.74892;2
218.69099;40.15583;      -0.91108; 94.76087;80.00000;20.00000;0.74888;2
218.80400;40.16083;      -0.91211; 94.75413;80.00000;20.00000;0.74883;2
218.90100;40.16583;      -0.91363; 94.73968;80.00000;20.00000;0.74880;2
219.01700;40.17083;      -0.91446; 94.72523;80.00000;20.00000;0.74876;2
219.12900;40.17583;      -0.91491; 94.72042;80.00000;20.00000;0.74871;2
219.23599;40.18083;      -0.91515; 94.71753;80.00000;20.00000;0.74867;2
219.34500;40.18583;      -0.91569; 94.70789;80.00000;20.00000;0.74863;2
219.44600;40.19083;      -0.91682; 94.69826;80.00000;20.00000;0.74860;2
219.56200;40.19583;      -0.91815; 94.68767;80.00000;20.00000;0.74855;2
219.66901;40.20083;      -0.91829; 94.67514;80.00000;20.00000;0.74851;2
219.77800;40.20583;      -0.91834; 94.66744;80.00000;20.00000;0.74847;2
219.89600;40.21083;      -0.91968; 94.66840;80.00000;20.00000;0.74843;2
220.00800;40.21583;      -0.92051; 94.65877;80.00000;20.00000;0.74839;2
220.11700;40.22083;      -0.92164; 94.64817;80.00000;20.00000;0.74835;2
220.22099;40.22583;      -0.92248; 94.63372;80.00000;20.00000;0.74831;2
220.33501;40.23083;      -0.92331; 94.62987;80.00000;20.00000;0.74826;2
220.44299;40.23583;      -0.92415; 94.62794;80.00000;20.00000;0.74822;2
220.55600;40.24083;      -0.92509; 94.61735;80.00000;20.00000;0.74818;2
220.66499;40.24583;      -0.92573; 94.60772;80.00000;20.00000;0.74814;2
220.76601;40.25083;      -0.92636; 94.59327;80.00000;20.00000;0.74810;2
220.87900;40.25583;      -0.92632; 94.58460;80.00000;20.00000;0.74806;2
220.99300;40.26083;      -0.92686; 94.58460;80.00000;20.00000;0.74802;2
221.10100;40.26583;      -0.92779; 94.58267;80.00000;20.00000;0.74798;2
221.21201;40.27083;      -0.92863; 94.56726;80.00000;20.00000;0.74794;2
221.31599;40.27583;      -0.92947; 94.55185;80.00000;20.00000;0.74790;2
221.42700;40.28083;      -0.93050; 94.54703;80.00000;20.00000;0.74786;2
221.53799;40.28583;      -0.93153; 94.54703;80.00000;20.00000;0.74781;2
221.64900;40.29083;      -0.93227; 94.54318;80.00000;20.00000;0.74777;2
221.75700;40.29583;      -0.93331; 94.53451;80.00000;20.00000;0.74773;2
221.86501;40.30083;      -0.93405; 94.52199;80.00000;20.00000;0.74769;2
221.98300;40.30583;      -0.93430; 94.51235;80.00000;20.00000;0.74765;2
222.08701;40.31083;      -0.93503; 94.50465;80.00000;20.00000;0.74761;2
222.19800;40.31583;      -0.93548; 94.49598;80.00000;20.00000;0.74757;2
222.29900;40.32083;      -0.93602; 94.48153;80.00000;20.00000;0.74753;2
222.42400;40.32583;      -0.93716; 94.47286;80.00000;20.00000;0.74748;2
222.52901;40.33083;      -0.93780; 94.47190;80.00000;20.00000;0.74744;2
222.62900;40.33583;      -0.93893; 94.46323;80.00000;20.00000;0.74741;2
222.75000;40.34083;      -0.93997; 94.45456;80.00000;20.00000;0.74736;2
222.85500;40.34583;      -0.94002; 94.44011;80.00000;20.00000;0.74732;2
222.96100;40.35083;      -0.93997; 94.42855;80.00000;20.00000;0.74728;2
223.07500;40.35583;      -0.94081; 94.42662;80.00000;20.00000;0.74724;2
223.17900;40.36083;      -0.94155; 94.42181;80.00000;20.00000;0.74720;2
223.28500;40.36583;      -0.94258; 94.41121;80.00000;20.00000;0.74716;2
223.40500;40.37083;      -0.94323; 94.39965;80.00000;20.00000;0.74711;2
223.51199;40.37583;      -0.94426; 94.38617;80.00000;20.00000;0.74707;2
223.60800;40.38083;      -0.94539; 94.38231;80.00000;20.00000;0.74704;2
223.71600;40.38583;      -0.94603; 94.37942;80.00000;20.00000;0.74700;2
223.83200;40.39083;      -0.94658; 94.36979;80.00000;20.00000;0.74695;2
223.94299;40.39583;      -0.94732; 94.36016;80.00000;20.00000;0.74691;2
224.04900;40.40083;      -0.94816; 94.34571;80.00000;20.00000;0.74687;2
224.17101;40.40583;      -0.94890; 94.33801;80.00000;20.00000;0.74683;2
224.27400;40.41083;      -0.94925; 94.33704;80.00000;20.00000;0.74679;2
224.38000;40.41583;      -0.95019; 94.32645;80.00000;20.00000;0.74675;2
224.49100;40.42083;      -0.95132; 94.31103;80.00000;20.00000;0.74671;2
224.60001;40.42583;      -0.95226; 94.30333;80.00000;20.00000;0.74667;2
224.70599;40.43083;      -0.95290; 94.29659;80.00000;20.00000;0.74663;2
224.81799;40.43583;      -0.95364; 94.28792;80.00000;20.00000;0.74658;2
224.93900;40.44083;      -0.95488; 94.27443;80.00000;20.00000;0.74654;2
225.03900;40.44583;      -0.95572; 94.26672;80.00000;20.00000;0.74650;2
225.14700;40.45083;      -0.95597; 94.25613;80.00000;20.00000;0.74646;2
225.25101;40.45583;      -0.95690; 94.24168;80.00000;20.00000;0.74642;2
225.35800;40.46083;      -0.95764; 94.23686;80.00000;20.00000;0.74638;2
225.47099;40.46583;      -0.95829; 94.23494;80.00000;20.00000;0.74634;2
225.58299;40.47083;      -0.95933; 94.22049;80.00000;20.00000;0.74629;2
225.69200;40.47583;      -0.95978; 94.20508;80.00000;20.00000;0.74625;2
225.79900;40.48083;      -0.96012; 94.19930;80.00000;20.00000;0.74621;2
225.90601;40.48583;      -0.96077; 94.19641;80.00000;20.00000;0.74617;2
226.01500;40.49083;      -0.96141; 94.18292;80.00000;20.00000;0.74613;2
226.12500;40.49583;      -0.96235; 94.16847;80.00000;20.00000;0.74609;2
226.23700;40.50083;      -0.96329; 94.16077;80.00000;20.00000;0.74605;2
226.33200;40.50583;      -0.96383; 94.14728;80.00000;20.00000;0.74601;2
226.44800;40.51083;      -0.96448; 94.13572;80.00000;20.00000;0.74597;2
226.56400;40.51583;      -0.96532; 94.13283;80.00000;20.00000;0.74592;2
226.67000;40.52083;      -0.96597; 94.12705;80.00000;20.00000;0.74588;2
226.76801;40.52583;      -0.96729; 94.10971;80.00000;20.00000;0.74585;2
226.89500;40.53083;      -0.96815; 94.09912;80.00000;20.00000;0.74580;2
226.99400;40.53583;      -0.96879; 94.09141;80.00000;20.00000;0.74576;2
227.10001;40.54083;      -0.96943; 94.08371;80.00000;20.00000;0.74572;2
227.22200;40.54583;      -0.97018; 94.07022;80.00000;20.00000;0.74568;2
227.32800;40.55083;      -0.97112; 94.06059;80.00000;20.00000;0.74564;2
227.42700;40.55583;      -0.97196; 94.05096;80.00000;20.00000;0.74560;2
227.54601;40.56083;      -0.97300; 94.03651;80.00000;20.00000;0.74555;2
227.65300;40.56583;      -0.97355; 94.02784;80.00000;20.00000;0.74551;2
227.74899;40.57083;      -0.97438; 94.02591;80.00000;20.00000;0.74548;2
227.86800;40.57583;      -0.97543; 94.01532;80.00000;20.00000;0.74543;2
227.98199;40.58083;      -0.97637; 93.99894;80.00000;20.00000;0.74539;2
228.09200;40.58583;      -0.97721; 93.99027;80.00000;20.00000;0.74535;2
228.19600;40.59083;      -0.97776; 93.98353;80.00000;20.00000;0.74531;2
228.30200;40.59583;      -0.97751; 93.97486;80.00000;20.00000;0.74527;2
228.41600;40.60083;      -0.97816; 93.96137;80.00000;20.00000;0.74522;2
228.53000;40.60583;      -0.97901; 93.95270;80.00000;20.00000;0.74518;2
228.63100;40.61083;      -0.97955; 93.94115;80.00000;20.00000;0.74514;2
228.73700;40.61583;      -0.97970; 93.92670;80.00000;20.00000;0.74510;2
228.85001;40.62083;      -0.98025; 93.92284;80.00000;20.00000;0.74506;2
228.96400;40.62583;      -0.98130; 93.91995;80.00000;20.00000;0.74502;2
229.07100;40.63083;      -0.98214; 93.90550;80.00000;20.00000;0.74498;2
229.17799;40.63583;      -0.98308; 93.89009;80.00000;20.00000;0.74493;2
229.29100;40.64083;      -0.98403; 93.88431;80.00000;20.00000;0.74489;2
229.40199;40.64583;      -0.98527; 93.88239;80.00000;20.00000;0.74485;2
229.51300;40.65083;      -0.98631; 93.86794;80.00000;20.00000;0.74481;2
229.61600;40.65583;      -0.98735; 93.85349;80.00000;20.00000;0.74477;2
229.72000;40.66083;      -0.98809; 93.84578;80.00000;20.00000;0.74473;2
229.83000;40.66583;      -0.98785; 93.83326;80.00000;20.00000;0.74469;2
229.94000;40.67083;      -0.98800; 93.82074;80.00000;20.00000;0.74464;2
230.05000;40.67583;      -0.98934; 93.81207;80.00000;20.00000;0.74460;2
230.15601;40.68083;      -0.99088; 93.80147;80.00000;20.00000;0.74456;2
230.26500;40.68583;      -0.99202; 93.79280;80.00000;20.00000;0.74452;2
230.37500;40.69083;      -0.99247; 93.77450;80.00000;20.00000;0.74448;2
230.48100;40.69583;      -0.99282; 93.76583;80.00000;20.00000;0.74444;2
230.60201;40.70083;      -0.99377; 93.75909;80.00000;20.00000;0.74439;2
230.70300;40.70583;      -0.99490; 93.74175;80.00000;20.00000;0.74435;2
230.81500;40.71083;      -0.99546; 93.73019;80.00000;20.00000;0.74431;2
230.91701;40.71583;      -0.99610; 93.72152;80.00000;20.00000;0.74427;2
231.03000;40.72083;      -0.99685; 93.71478;80.00000;20.00000;0.74423;2
231.14500;40.72583;      -0.99750; 93.70708;80.00000;20.00000;0.74419;2
231.24100;40.73083;      -0.99794; 93.69455;80.00000;20.00000;0.74415;2
231.35800;40.73583;      -0.99810; 93.68010;80.00000;20.00000;0.74410;2
231.46100;40.74083;      -0.99875; 93.66855;80.00000;20.00000;0.74407;2
231.57700;40.74583;      -0.99999; 93.66180;80.00000;20.00000;0.74402;2
231.67900;40.75083;      -1.00084; 93.65506;80.00000;20.00000;0.74398;2
231.78400;40.75583;      -1.00158; 93.64350;80.00000;20.00000;0.74394;2
231.89400;40.76083;      -1.00272; 93.63001;80.00000;20.00000;0.74390;2
231.99800;40.76583;      -1.00386; 93.61557;80.00000;20.00000;0.74386;2
232.11600;40.77083;      -1.00491; 93.60882;80.00000;20.00000;0.74382;2
232.21800;40.77583;      -1.00595; 93.60208;80.00000;20.00000;0.74378;2
232.32201;40.78083;      -1.00680; 93.59341;80.00000;20.00000;0.74374;2
232.43800;40.78583;      -1.00646; 93.57896;80.00000;20.00000;0.74369;2
232.54800;40.79083;      -1.00741; 93.56451;80.00000;20.00000;0.74365;2
232.65800;40.79583;      -1.00796; 93.55392;80.00000;20.00000;0.74361;2
232.76801;40.80083;      -1.00841; 93.55103;80.00000;20.00000;0.74357;2
232.87700;40.80583;      -1.00916; 93.54621;80.00000;20.00000;0.74352;2
232.98599;40.81083;      -1.00981; 93.52984;80.00000;20.00000;0.74348;2
233.09000;40.81583;      -1.01066; 93.51442;80.00000;20.00000;0.74344;2
233.19800;40.82083;      -1.01170; 93.50287;80.00000;20.00000;0.74340;2
233.31900;40.82583;      -1.01265; 93.49516;80.00000;20.00000;0.74336;2
233.41100;40.83083;      -1.01329; 93.48264;80.00000;20.00000;0.74332;2
233.52100;40.83583;      -1.01404; 93.47397;80.00000;20.00000;0.74328;2
233.63600;40.84083;      -1.01460; 93.46434;80.00000;20.00000;0.74323;2
233.74100;40.84583;      -1.01544; 93.45085;80.00000;20.00000;0.74319;2
233.85201;40.85083;      -1.01619; 93.43640;80.00000;20.00000;0.74315;2
233.95799;40.85583;      -1.01694; 93.42773;80.00000;20.00000;0.74311;2
234.07500;40.86083;      -1.01720; 93.41810;80.00000;20.00000;0.74307;2
234.17700;40.86583;      -1.01795; 93.40461;80.00000;20.00000;0.74303;2
234.28300;40.87083;      -1.01889; 93.39017;80.00000;20.00000;0.74299;2
234.38499;40.87583;      -1.01964; 93.38150;80.00000;20.00000;0.74295;2
234.49500;40.88083;      -1.02069; 93.37186;80.00000;20.00000;0.74290;2
234.60400;40.88583;      -1.02154; 93.35934;80.00000;20.00000;0.74286;2
234.72301;40.89083;      -1.02249; 93.35067;80.00000;20.00000;0.74282;2
234.82800;40.89583;      -1.02215; 93.34008;80.00000;20.00000;0.74278;2
234.92999;40.90083;      -1.02309; 93.32755;80.00000;20.00000;0.74274;2
235.04500;40.90583;      -1.02375; 93.32081;80.00000;20.00000;0.74269;2
235.15300;40.91083;      -1.02460; 93.30733;80.00000;20.00000;0.74265;2
235.25600;40.91583;      -1.02544; 93.29866;80.00000;20.00000;0.74261;2
235.36301;40.92083;      -1.02609; 93.28999;80.00000;20.00000;0.74257;2
235.47400;40.92583;      -1.02665; 93.27650;80.00000;20.00000;0.74253;2
235.57800;40.93083;      -1.02769; 93.26302;80.00000;20.00000;0.74249;2
235.68600;40.93583;      -1.02884; 93.25435;80.00000;20.00000;0.74245;2
235.80901;40.94083;      -1.02920; 93.24568;80.00000;20.00000;0.74240;2
235.90199;40.94583;      -1.02905; 93.23219;80.00000;20.00000;0.74236;2
236.01601;40.95083;      -1.03020; 93.21871;80.00000;20.00000;0.74232;2
236.12100;40.95583;      -1.03145; 93.21004;80.00000;20.00000;0.74228;2
236.23300;40.96083;      -1.03260; 93.20137;80.00000;20.00000;0.74224;2
236.34801;40.96583;      -1.03394; 93.18885;80.00000;20.00000;0.74219;2
236.44901;40.97083;      -1.03529; 93.18114;80.00000;20.00000;0.74215;2
236.54601;40.97583;      -1.03544; 93.17054;80.00000;20.00000;0.74212;2
236.66100;40.98083;      -1.03550; 93.15609;80.00000;20.00000;0.74207;2
236.77100;40.98583;      -1.03576; 93.14261;80.00000;20.00000;0.74203;2
236.87700;40.99083;      -1.03651; 93.13490;80.00000;20.00000;0.74199;2
236.99100;40.99583;      -1.03736; 93.13009;80.00000;20.00000;0.74195;2
237.09000;41.00083;      -1.03811; 93.11853;80.00000;20.00000;0.74191;2
237.19000;41.00583;      -1.03885; 93.10793;80.00000;20.00000;0.74187;2
237.29300;41.01083;      -1.03940; 93.09445;80.00000;20.00000;0.74183;2
237.41499;41.01583;      -1.03997; 93.08578;80.00000;20.00000;0.74178;2
237.52000;41.02083;      -1.04052; 93.07615;80.00000;20.00000;0.74174;2
237.62300;41.02583;      -1.04137; 93.06266;80.00000;20.00000;0.74170;2
237.74001;41.03083;      -1.04222; 93.04917;80.00000;20.00000;0.74166;2
237.84500;41.03583;      -1.04317; 93.04050;80.00000;20.00000;0.74162;2
237.95200;41.04083;      -1.04373; 93.03184;80.00000;20.00000;0.74157;2
238.06100;41.04583;      -1.04438; 93.01739;80.00000;20.00000;0.74153;2
238.16600;41.05083;      -1.04523; 93.00390;80.00000;20.00000;0.74149;2
238.26900;41.05583;      -1.04638; 92.99427;80.00000;20.00000;0.74145;2
238.37500;41.06083;      -1.04703; 92.98464;80.00000;20.00000;0.74141;2
238.48801;41.06583;      -1.04719; 92.97211;80.00000;20.00000;0.74137;2
238.59500;41.07083;      -1.04745; 92.96344;80.00000;20.00000;0.74133;2
238.71500;41.07583;      -1.04821; 92.95189;80.00000;20.00000;0.74128;2
238.82001;41.08083;      -1.04866; 92.93744;80.00000;20.00000;0.74124;2
238.92500;41.08583;      -1.04971; 92.92395;80.00000;20.00000;0.74120;2
239.02600;41.09083;      -1.05066; 92.90950;80.00000;20.00000;0.74116;2
239.13800;41.09583;      -1.05121; 92.89987;80.00000;20.00000;0.74112;2
239.25301;41.10083;      -1.05147; 92.89024;80.00000;20.00000;0.74107;2
239.34900;41.10583;      -1.05212; 92.87579;80.00000;20.00000;0.74103;2
239.46600;41.11083;      -1.05387; 92.86134;80.00000;20.00000;0.74099;2
239.56799;41.11583;      -1.05512; 92.85171;80.00000;20.00000;0.74095;2
239.67101;41.12083;      -1.05577; 92.84207;80.00000;20.00000;0.74091;2
239.78999;41.12583;      -1.05594; 92.82763;80.00000;20.00000;0.74086;2
239.89999;41.13083;      -1.05649; 92.81318;80.00000;20.00000;0.74082;2
240.00400;41.13583;      -1.05715; 92.79873;80.00000;20.00000;0.74078;2
240.10699;41.14083;      -1.05839; 92.78621;80.00000;20.00000;0.74074;2
240.21500;41.14583;      -1.05954; 92.77850;80.00000;20.00000;0.74070;2
240.32500;41.15083;      -1.05951; 92.76309;80.00000;20.00000;0.74066;2
240.43800;41.15583;      -1.06056; 92.74768;80.00000;20.00000;0.74061;2
240.54300;41.16083;      -1.06151; 92.73612;80.00000;20.00000;0.74057;2
240.65100;41.16583;      -1.06227; 92.72167;80.00000;20.00000;0.74053;2
240.75800;41.17083;      -1.06312; 92.70915;80.00000;20.00000;0.74049;2
240.87199;41.17583;      -1.06388; 92.69759;80.00000;20.00000;0.74044;2
240.96800;41.18083;      -1.06453; 92.68603;80.00000;20.00000;0.74041;2
241.07800;41.18583;      -1.06528; 92.67351;80.00000;20.00000;0.74036;2
241.17599;41.19083;      -1.06623; 92.65906;80.00000;20.00000;0.74033;2
241.28999;41.19583;      -1.06699; 92.64846;80.00000;20.00000;0.74028;2
241.39999;41.20083;      -1.06656; 92.63498;80.00000;20.00000;0.74024;2
241.51100;41.20583;      -1.06612; 92.61860;80.00000;20.00000;0.74020;2
241.61501;41.21083;      -1.06707; 92.60511;80.00000;20.00000;0.74016;2
241.73599;41.21583;      -1.06774; 92.59259;80.00000;20.00000;0.74011;2
241.82700;41.22083;      -1.06888; 92.57814;80.00000;20.00000;0.74007;2
241.93900;41.22583;      -1.06974; 92.56370;80.00000;20.00000;0.74003;2
242.05000;41.23083;      -1.07069; 92.54925;80.00000;20.00000;0.73999;2
242.15401;41.23583;      -1.07204; 92.53769;80.00000;20.00000;0.73995;2
242.26300;41.24083;      -1.07340; 92.52998;80.00000;20.00000;0.73990;2
242.37399;41.24583;      -1.07415; 92.51650;80.00000;20.00000;0.73986;2
242.47900;41.25083;      -1.07431; 92.50205;80.00000;20.00000;0.73982;2
242.58400;41.25583;      -1.07437; 92.48856;80.00000;20.00000;0.73978;2
242.69400;41.26083;      -1.07473; 92.47411;80.00000;20.00000;0.73974;2
242.80299;41.26583;      -1.07609; 92.46448;80.00000;20.00000;0.73969;2
242.91400;41.27083;      -1.07724; 92.44522;80.00000;20.00000;0.73965;2
243.02299;41.27583;      -1.07810; 92.42884;80.00000;20.00000;0.73961;2
243.13300;41.28083;      -1.07886; 92.42499;80.00000;20.00000;0.73956;2
243.23000;41.28583;      -1.07981; 92.39994;80.00000;20.00000;0.73953;2
243.34100;41.29083;      -1.08057; 92.38742;80.00000;20.00000;0.73948;2
243.43300;41.29583;      -1.08121; 92.36912;80.00000;20.00000;0.73945;2
243.55400;41.30083;      -1.08178; 92.34696;80.00000;20.00000;0.73940;2
243.66499;41.30583;      -1.08164; 92.33444;80.00000;20.00000;0.73936;2
243.76900;41.31083;      -1.08200; 92.31325;80.00000;20.00000;0.73932;2
243.87900;41.31583;      -1.08246; 92.29687;80.00000;20.00000;0.73927;2
243.98100;41.32083;      -1.08332; 92.28532;80.00000;20.00000;0.73923;2
244.09900;41.32583;      -1.08388; 92.26990;80.00000;20.00000;0.73919;2
244.20300;41.33083;      -1.08454; 92.24679;80.00000;20.00000;0.73915;2
244.30299;41.33583;      -1.08529; 92.23041;80.00000;20.00000;0.73911;2
244.41299;41.34083;      -1.08585; 92.21981;80.00000;20.00000;0.73907;2
244.52499;41.34583;      -1.08582; 92.21018;80.00000;20.00000;0.73902;2
244.62199;41.35083;      -1.08637; 92.19670;80.00000;20.00000;0.73898;2
244.73801;41.35583;      -1.08753; 92.18514;80.00000;20.00000;0.73894;2
244.84500;41.36083;      -1.08849; 92.17261;80.00000;20.00000;0.73890;2
244.94901;41.36583;      -1.08944; 92.15913;80.00000;20.00000;0.73886;2
245.06400;41.37083;      -1.09040; 92.14468;80.00000;20.00000;0.73881;2
245.16600;41.37583;      -1.09106; 92.13023;80.00000;20.00000;0.73877;2
245.27901;41.38083;      -1.09192; 92.11675;80.00000;20.00000;0.73873;2
245.37601;41.38583;      -1.09247; 92.10422;80.00000;20.00000;0.73869;2
245.48500;41.39083;      -1.09313; 92.08303;80.00000;20.00000;0.73865;2
245.60100;41.39583;      -1.09400; 92.07725;80.00000;20.00000;0.73860;2
245.70000;41.40083;      -1.09515; 92.06377;80.00000;20.00000;0.73856;2
245.81000;41.40583;      -1.09631; 92.04739;80.00000;20.00000;0.73852;2
245.91400;41.41083;      -1.09706; 92.03198;80.00000;20.00000;0.73848;2
246.02000;41.41583;      -1.09772; 92.01753;80.00000;20.00000;0.73844;2
246.12601;41.42083;      -1.09848; 92.00405;80.00000;20.00000;0.73839;2
246.23300;41.42583;      -1.09844; 91.99152;80.00000;20.00000;0.73835;2
246.34000;41.43083;      -1.09910; 91.97033;80.00000;20.00000;0.73831;2
246.44600;41.43583;      -1.09986; 91.96841;80.00000;20.00000;0.73827;2
246.56599;41.44083;      -1.10053; 91.95685;80.00000;20.00000;0.73822;2
246.66000;41.44583;      -1.10088; 91.94240;80.00000;20.00000;0.73819;2
246.77299;41.45083;      -1.10135; 91.92891;80.00000;20.00000;0.73814;2
246.87900;41.45583;      -1.10201; 91.91446;80.00000;20.00000;0.73810;2
246.99300;41.46083;      -1.10267; 91.90483;80.00000;20.00000;0.73805;2
247.09599;41.46583;      -1.10343; 91.89616;80.00000;20.00000;0.73801;2
247.20000;41.47083;      -1.10409; 91.88171;80.00000;20.00000;0.73797;2
247.30499;41.47583;      -1.10455; 91.86726;80.00000;20.00000;0.73793;2
247.40900;41.48083;      -1.10521; 91.85570;80.00000;20.00000;0.73789;2
247.51900;41.48583;      -1.10627; 91.84415;80.00000;20.00000;0.73785;2
247.63800;41.49083;      -1.10723; 91.83066;80.00000;20.00000;0.73780;2
247.73500;41.49583;      -1.10849; 91.82006;80.00000;20.00000;0.73776;2
247.84100;41.50083;      -1.10895; 91.80176;80.00000;20.00000;0.73772;2
247.94299;41.50583;      -1.10921; 91.78828;80.00000;20.00000;0.73768;2
248.05299;41.51083;      -1.10987; 91.77672;80.00000;20.00000;0.73764;2
248.17500;41.51583;      -1.11034; 91.76323;80.00000;20.00000;0.73759;2
248.27901;41.52083;      -1.11100; 91.74878;80.00000;20.00000;0.73755;2
248.37601;41.52583;      -1.11175; 91.73722;80.00000;20.00000;0.73751;2
248.49200;41.53083;      -1.11222; 91.72470;80.00000;20.00000;0.73747;2
248.59399;41.53583;      -1.11268; 91.71314;80.00000;20.00000;0.73743;2
248.71001;41.54083;      -1.11315; 91.70062;80.00000;20.00000;0.73738;2
248.81400;41.54583;      -1.11361; 91.68232;80.00000;20.00000;0.73734;2
248.91901;41.55083;      -1.11447; 91.67076;80.00000;20.00000;0.73730;2
249.02200;41.55583;      -1.11563; 91.65727;80.00000;20.00000;0.73726;2
249.12399;41.56083;      -1.11589; 91.64283;80.00000;20.00000;0.73722;2
249.23900;41.56583;      -1.11725; 91.63319;80.00000;20.00000;0.73717;2
249.35500;41.57083;      -1.11792; 91.61778;80.00000;20.00000;0.73713;2
249.46001;41.57583;      -1.11838; 91.59563;80.00000;20.00000;0.73708;2
249.55200;41.58083;      -1.11824; 91.58696;80.00000;20.00000;0.73705;2
249.67500;41.58583;      -1.11921; 91.56577;80.00000;20.00000;0.73700;2
249.77200;41.59083;      -1.11986; 91.55421;80.00000;20.00000;0.73696;2
249.87700;41.59583;      -1.12062; 91.54168;80.00000;20.00000;0.73692;2
249.98599;41.60083;      -1.12209; 91.52724;80.00000;20.00000;0.73688;2
250.09599;41.60583;      -1.12245; 91.51086;80.00000;20.00000;0.73683;2
250.19701;41.61083;      -1.12271; 91.49352;80.00000;20.00000;0.73679;2
250.30701;41.61583;      -1.12358; 91.47137;80.00000;20.00000;0.73675;2
250.41000;41.62083;      -1.12454; 91.45885;80.00000;20.00000;0.73671;2
250.52400;41.62583;      -1.12570; 91.44632;80.00000;20.00000;0.73666;2
250.62700;41.63083;      -1.12666; 91.43187;80.00000;20.00000;0.73662;2
250.72800;41.63583;      -1.12682; 91.41550;80.00000;20.00000;0.73658;2
250.84100;41.64083;      -1.12759; 91.40009;80.00000;20.00000;0.73654;2
250.95100;41.64583;      -1.12865; 91.38756;80.00000;20.00000;0.73650;2
251.05901;41.65083;      -1.12902; 91.36445;80.00000;20.00000;0.73645;2
251.16000;41.65583;      -1.12998; 91.35000;80.00000;20.00000;0.73641;2
251.26500;41.66083;      -1.13064; 91.34229;80.00000;20.00000;0.73637;2
251.37801;41.66583;      -1.13081; 91.32688;80.00000;20.00000;0.73633;2
251.48300;41.67083;      -1.13157; 91.30761;80.00000;20.00000;0.73629;2
251.58099;41.67583;      -1.13253; 91.29124;80.00000;20.00000;0.73625;2
251.68300;41.68083;      -1.13339; 91.28353;80.00000;20.00000;0.73621;2
251.79900;41.68583;      -1.13426; 91.26330;80.00000;20.00000;0.73616;2
251.90900;41.69083;      -1.13473; 91.24693;80.00000;20.00000;0.73612;2
252.01199;41.69583;      -1.13509; 91.23633;80.00000;20.00000;0.73608;2
252.13499;41.70083;      -1.13546; 91.21900;80.00000;20.00000;0.73603;2
252.22501;41.70583;      -1.13592; 91.19973;80.00000;20.00000;0.73599;2
252.33900;41.71083;      -1.13639; 91.18817;80.00000;20.00000;0.73595;2
252.44200;41.71583;      -1.13715; 91.17180;80.00000;20.00000;0.73591;2
252.54401;41.72083;      -1.13801; 91.15638;80.00000;20.00000;0.73587;2
252.65601;41.72583;      -1.13898; 91.14482;80.00000;20.00000;0.73582;2
252.77400;41.73083;      -1.13955; 91.12845;80.00000;20.00000;0.73577;2
252.87100;41.73583;      -1.14021; 91.10437;80.00000;20.00000;0.73574;2
252.97701;41.74083;      -1.14077; 91.09377;80.00000;20.00000;0.73569;2
253.08000;41.74583;      -1.14134; 91.08029;80.00000;20.00000;0.73565;2
253.18300;41.75083;      -1.14190; 91.06006;80.00000;20.00000;0.73561;2
253.29300;41.75583;      -1.14247; 91.03790;80.00000;20.00000;0.73557;2
253.39799;41.76083;      -1.14333; 91.02538;80.00000;20.00000;0.73553;2
253.50800;41.76583;      -1.14380; 91.00419;80.00000;20.00000;0.73548;2
253.60201;41.77083;      -1.14415; 90.98781;80.00000;20.00000;0.73545;2
253.71201;41.77583;      -1.14482; 90.97240;80.00000;20.00000;0.73540;2
253.82800;41.78083;      -1.14509; 90.95795;80.00000;20.00000;0.73536;2
253.92700;41.78583;      -1.14555; 90.94640;80.00000;20.00000;0.73532;2
254.03999;41.79083;      -1.14612; 90.92039;80.00000;20.00000;0.73527;2
254.14400;41.79583;      -1.14649; 90.90979;80.00000;20.00000;0.73523;2
254.24500;41.80083;      -1.14695; 90.90112;80.00000;20.00000;0.73519;2
254.35100;41.80583;      -1.14772; 90.88860;80.00000;20.00000;0.73515;2
254.44501;41.81083;      -1.14818; 90.87608;80.00000;20.00000;0.73511;2
254.56900;41.81583;      -1.14885; 90.86548;80.00000;20.00000;0.73506;2
254.67700;41.82083;      -1.14942; 90.85296;80.00000;20.00000;0.73502;2
254.78799;41.82583;      -1.15009; 90.83947;80.00000;20.00000;0.73497;2
254.89999;41.83083;      -1.15096; 90.83273;80.00000;20.00000;0.73493;2
255.01300;41.83583;      -1.15153; 90.82214;80.00000;20.00000;0.73489;2
255.11099;41.84083;      -1.15229; 90.80865;80.00000;20.00000;0.73485;2
255.21300;41.84583;      -1.15355; 90.79516;80.00000;20.00000;0.73481;2
255.32500;41.85083;      -1.15502; 90.78842;80.00000;20.00000;0.73476;2
255.42400;41.85583;      -1.15589; 90.77686;80.00000;20.00000;0.73472;2
255.53200;41.86083;      -1.15655; 90.76338;80.00000;20.00000;0.73468;2
255.62900;41.86583;      -1.15681; 90.74989;80.00000;20.00000;0.73464;2
255.74300;41.87083;      -1.15689; 90.74219;80.00000;20.00000;0.73459;2
255.85001;41.87583;      -1.15725; 90.73159;80.00000;20.00000;0.73455;2
255.95399;41.88083;      -1.15832; 90.71714;80.00000;20.00000;0.73451;2
256.06799;41.88583;      -1.15969; 90.71329;80.00000;20.00000;0.73446;2
256.16599;41.89083;      -1.16055; 90.70558;80.00000;20.00000;0.73443;2
256.27499;41.89583;      -1.16072; 90.69210;80.00000;20.00000;0.73438;2
256.38800;41.90083;      -1.16129; 90.68150;80.00000;20.00000;0.73434;2
256.48099;41.90583;      -1.16185; 90.66802;80.00000;20.00000;0.73430;2
256.59698;41.91083;      -1.16263; 90.66031;80.00000;20.00000;0.73425;2
256.69901;41.91583;      -1.16259; 90.64875;80.00000;20.00000;0.73421;2
256.80600;41.92083;      -1.16246; 90.63430;80.00000;20.00000;0.73417;2
256.90799;41.92583;      -1.16312; 90.62082;80.00000;20.00000;0.73413;2
257.01901;41.93083;      -1.16400; 90.60637;80.00000;20.00000;0.73409;2
257.12601;41.93583;      -1.16446; 90.59770;80.00000;20.00000;0.73404;2
257.23199;41.94083;      -1.16513; 90.58807;80.00000;20.00000;0.73400;2
257.33899;41.94583;      -1.16600; 90.57458;80.00000;20.00000;0.73396;2
257.44501;41.95083;      -1.16647; 90.56013;80.00000;20.00000;0.73392;2
257.55200;41.95583;      -1.16724; 90.54665;80.00000;20.00000;0.73387;2
257.65601;41.96083;      -1.16840; 90.53220;80.00000;20.00000;0.73383;2
257.75601;41.96583;      -1.16947; 90.51871;80.00000;20.00000;0.73379;2
257.87201;41.97083;      -1.16944; 90.50426;80.00000;20.00000;0.73374;2
257.97000;41.97583;      -1.16971; 90.49078;80.00000;20.00000;0.73371;2
258.07800;41.98083;      -1.17078; 90.47825;80.00000;20.00000;0.73366;2
258.18500;41.98583;      -1.17165; 90.46670;80.00000;20.00000;0.73362;2
258.29700;41.99083;      -1.17212; 90.44454;80.00000;20.00000;0.73357;2
258.40201;41.99583;      -1.17319; 90.43683;80.00000;20.00000;0.73353;2
258.49701;42.00083;      -1.17415; 90.43009;80.00000;20.00000;0.73349;2
258.60501;42.00583;      -1.17452; 90.40601;80.00000;20.00000;0.73345;2
258.71600;42.01083;      -1.17529; 90.38964;80.00000;20.00000;0.73341;2
258.82599;42.01583;      -1.17596; 90.37808;80.00000;20.00000;0.73336;2
258.92999;42.02083;      -1.17643; 90.36459;80.00000;20.00000;0.73332;2
259.03500;42.02583;      -1.17680; 90.34918;80.00000;20.00000;0.73328;2
259.13699;42.03083;      -1.17707; 90.33184;80.00000;20.00000;0.73324;2
259.24701;42.03583;      -1.17754; 90.31161;80.00000;20.00000;0.73319;2
259.34601;42.04083;      -1.17770; 90.29331;80.00000;20.00000;0.73315;2
259.46701;42.04583;      -1.17878; 90.27308;80.00000;20.00000;0.73311;2
259.56201;42.05083;      -1.17985; 90.25285;80.00000;20.00000;0.73307;2
259.67300;42.05583;      -1.18062; 90.23070;80.00000;20.00000;0.73302;2
259.77200;42.06083;      -1.18159; 90.21625;80.00000;20.00000;0.73298;2
259.87900;42.06583;      -1.18135; 90.19410;80.00000;20.00000;0.73294;2
259.98700;42.07083;      -1.18183; 90.17868;80.00000;20.00000;0.73290;2
260.10001;42.07583;      -1.18240; 90.15845;80.00000;20.00000;0.73285;2
260.21301;42.08083;      -1.18368; 90.13823;80.00000;20.00000;0.73281;2
260.31000;42.08583;      -1.18444; 90.11511;80.00000;20.00000;0.73277;2
260.42300;42.09083;      -1.18502; 90.09873;80.00000;20.00000;0.73272;2
260.52899;42.09583;      -1.18579; 90.08139;80.00000;20.00000;0.73268;2
260.62701;42.10083;      -1.18585; 90.06117;80.00000;20.00000;0.73264;2
260.73801;42.10583;      -1.18632; 90.03997;80.00000;20.00000;0.73260;2
260.84299;42.11083;      -1.18740; 90.02553;80.00000;20.00000;0.73255;2
260.95200;42.11583;      -1.18837; 90.01300;80.00000;20.00000;0.73251;2
261.06000;42.12083;      -1.18904; 89.98700;80.00000;20.00000;0.73247;2
261.16000;42.12583;      -1.18961; 89.97447;80.00000;20.00000;0.73243;2
261.27600;42.13083;      -1.18959; 89.96195;80.00000;20.00000;0.73238;2
261.38101;42.13583;      -1.18985; 89.94750;80.00000;20.00000;0.73234;2
261.48199;42.14083;      -1.19052; 89.93113;80.00000;20.00000;0.73230;2
261.58301;42.14583;      -1.19149; 89.91572;80.00000;20.00000;0.73226;2
261.70099;42.15083;      -1.19227; 89.90223;80.00000;20.00000;0.73221;2
261.79901;42.15583;      -1.19334; 89.88585;80.00000;20.00000;0.73217;2
261.89999;42.16083;      -1.19451; 89.87141;80.00000;20.00000;0.73213;2
262.00800;42.16583;      -1.19458; 89.85118;80.00000;20.00000;0.73208;2
262.10901;42.17083;      -1.19515; 89.83480;80.00000;20.00000;0.73204;2
262.21899;42.17583;      -1.19572; 89.82132;80.00000;20.00000;0.73200;2
262.33499;42.18083;      -1.19660; 89.80783;80.00000;20.00000;0.73195;2
262.44601;42.18583;      -1.19708; 89.79146;80.00000;20.00000;0.73191;2
262.54800;42.19083;      -1.19795; 89.77508;80.00000;20.00000;0.73187;2
262.65601;42.19583;      -1.19852; 89.76063;80.00000;20.00000;0.73182;2
262.74701;42.20083;      -1.19918; 89.74811;80.00000;20.00000;0.73179;2
262.86301;42.20583;      -1.19966; 89.73848;80.00000;20.00000;0.73174;2
262.96399;42.21083;      -1.20023; 89.72595;80.00000;20.00000;0.73170;2
263.07599;42.21583;      -1.20071; 89.71536;80.00000;20.00000;0.73165;2
263.17499;42.22083;      -1.20037; 89.70091;80.00000;20.00000;0.73161;2
263.28201;42.22583;      -1.20054; 89.68646;80.00000;20.00000;0.73157;2
263.38400;42.23083;      -1.20121; 89.67298;80.00000;20.00000;0.73153;2
263.49600;42.23583;      -1.20209; 89.65853;80.00000;20.00000;0.73148;2
263.60501;42.24083;      -1.20317; 89.64408;80.00000;20.00000;0.73144;2
263.71100;42.24583;      -1.20434; 89.63252;80.00000;20.00000;0.73140;2
263.81201;42.25083;      -1.20401; 89.62481;80.00000;20.00000;0.73136;2
263.92099;42.25583;      -1.20468; 89.61133;80.00000;20.00000;0.73131;2
264.02701;42.26083;      -1.20516; 89.59881;80.00000;20.00000;0.73127;2
264.12399;42.26583;      -1.20593; 89.58821;80.00000;20.00000;0.73123;2
264.24301;42.27083;      -1.20691; 89.57472;80.00000;20.00000;0.73118;2
264.34500;42.27583;      -1.20748; 89.56413;80.00000;20.00000;0.73114;2
264.44000;42.28083;      -1.20774; 89.54679;80.00000;20.00000;0.73110;2
264.54999;42.28583;      -1.20842; 89.53234;80.00000;20.00000;0.73106;2
264.65399;42.29083;      -1.20889; 89.52078;80.00000;20.00000;0.73102;2
264.76300;42.29583;      -1.20927; 89.50826;80.00000;20.00000;0.73097;2
264.87299;42.30083;      -1.20894; 89.48996;80.00000;20.00000;0.73093;2
264.97198;42.30583;      -1.20911; 89.46588;80.00000;20.00000;0.73089;2
265.07101;42.31083;      -1.21058; 89.45528;80.00000;20.00000;0.73085;2
265.18301;42.31583;      -1.21106; 89.44661;80.00000;20.00000;0.73080;2
265.29401;42.32083;      -1.21153; 89.42831;80.00000;20.00000;0.73076;2
265.40601;42.32583;      -1.21211; 89.40904;80.00000;20.00000;0.73071;2
265.50201;42.33083;      -1.21278; 89.39845;80.00000;20.00000;0.73067;2
265.61401;42.33583;      -1.21366; 89.37822;80.00000;20.00000;0.73063;2
265.71799;42.34083;      -1.21433; 89.35607;80.00000;20.00000;0.73059;2
265.82300;42.34583;      -1.21471; 89.35029;80.00000;20.00000;0.73054;2
265.92300;42.35083;      -1.21538; 89.33680;80.00000;20.00000;0.73050;2
266.03900;42.35583;      -1.21596; 89.31657;80.00000;20.00000;0.73046;2
266.14001;42.36083;      -1.21613; 89.30212;80.00000;20.00000;0.73042;2
266.23999;42.36583;      -1.21629; 89.28864;80.00000;20.00000;0.73037;2
266.35699;42.37083;      -1.21698; 89.26552;80.00000;20.00000;0.73033;2
266.45999;42.37583;      -1.21825; 89.24915;80.00000;20.00000;0.73029;2
266.56000;42.38083;      -1.21913; 89.24240;80.00000;20.00000;0.73024;2
266.65799;42.38583;      -1.21929; 89.22699;80.00000;20.00000;0.73021;2
266.77499;42.39083;      -1.22018; 89.20676;80.00000;20.00000;0.73016;2
266.87201;42.39583;      -1.22024; 89.18846;80.00000;20.00000;0.73012;2
266.98099;42.40083;      -1.22022; 89.16727;80.00000;20.00000;0.73007;2
267.07501;42.40583;      -1.22129; 89.15667;80.00000;20.00000;0.73004;2
267.18900;42.41083;      -1.22197; 89.14319;80.00000;20.00000;0.72999;2
267.29300;42.41583;      -1.22295; 89.11622;80.00000;20.00000;0.72995;2
267.40399;42.42083;      -1.22373; 89.10273;80.00000;20.00000;0.72990;2
267.50800;42.42583;      -1.22460; 89.07865;80.00000;20.00000;0.72986;2
267.60999;42.43083;      -1.22538; 89.06613;80.00000;20.00000;0.72982;2
267.72299;42.43583;      -1.22596; 89.04686;80.00000;20.00000;0.72977;2
267.83401;42.44083;      -1.22674; 89.02663;80.00000;20.00000;0.72973;2
267.92300;42.44583;      -1.22700; 89.01122;80.00000;20.00000;0.72969;2
268.03000;42.45083;      -1.22677; 88.99196;80.00000;20.00000;0.72965;2
268.14200;42.45583;      -1.22675; 88.97366;80.00000;20.00000;0.72960;2
268.24799;42.46083;      -1.22672; 88.96210;80.00000;20.00000;0.72956;2
268.34799;42.46583;      -1.22749; 88.94861;80.00000;20.00000;0.72952;2
268.46799;42.47083;      -1.22818; 88.92646;80.00000;20.00000;0.72947;2
268.56201;42.47583;      -1.22905; 88.91008;80.00000;20.00000;0.72943;2
268.67401;42.48083;      -1.23014; 88.90526;80.00000;20.00000;0.72939;2
268.78400;42.48583;      -1.23001; 88.88118;80.00000;20.00000;0.72934;2
268.89001;42.49083;      -1.23059; 88.86866;80.00000;20.00000;0.72930;2
268.98199;42.49583;      -1.23125; 88.85614;80.00000;20.00000;0.72926;2
269.08701;42.50083;      -1.23173; 88.84265;80.00000;20.00000;0.72922;2
269.19901;42.50583;      -1.23221; 88.82628;80.00000;20.00000;0.72917;2
269.30600;42.51083;      -1.23248; 88.81087;80.00000;20.00000;0.72913;2
269.40900;42.51583;      -1.23276; 88.79834;80.00000;20.00000;0.72909;2
269.51999;42.52083;      -1.23314; 88.78100;80.00000;20.00000;0.72904;2
269.61801;42.52583;      -1.23381; 88.76656;80.00000;20.00000;0.72900;2
269.72800;42.53083;      -1.23429; 88.75596;80.00000;20.00000;0.72896;2
269.84601;42.53583;      -1.23558; 88.72995;80.00000;20.00000;0.72891;2
269.94000;42.54083;      -1.23665; 88.71743;80.00000;20.00000;0.72887;2
270.03699;42.54583;      -1.23712; 88.70587;80.00000;20.00000;0.72883;2
270.14301;42.55083;      -1.23659; 88.68757;80.00000;20.00000;0.72879;2
270.25500;42.55583;      -1.23647; 88.67601;80.00000;20.00000;0.72874;2
270.36099;42.56083;      -1.23745; 88.66349;80.00000;20.00000;0.72870;2
270.46500;42.56583;      -1.23903; 88.64904;80.00000;20.00000;0.72866;2
270.56900;42.57083;      -1.23971; 88.63941;80.00000;20.00000;0.72861;2
270.67099;42.57583;      -1.24008; 88.63074;80.00000;20.00000;0.72857;2
270.78299;42.58083;      -1.24057; 88.61629;80.00000;20.00000;0.72853;2
270.88400;42.58583;      -1.24154; 88.60184;80.00000;20.00000;0.72848;2
270.98901;42.59083;      -1.24242; 88.58835;80.00000;20.00000;0.72844;2
271.09201;42.59583;      -1.24270; 88.57391;80.00000;20.00000;0.72840;2
271.20599;42.60083;      -1.24338; 88.56427;80.00000;20.00000;0.72835;2
271.31900;42.60583;      -1.24397; 88.55464;80.00000;20.00000;0.72831;2
271.41599;42.61083;      -1.24464; 88.54212;80.00000;20.00000;0.72827;2
271.52100;42.61583;      -1.24532; 88.52671;80.00000;20.00000;0.72822;2
271.61801;42.62083;      -1.24599; 88.51707;80.00000;20.00000;0.72818;2
271.72400;42.62583;      -1.24657; 88.50455;80.00000;20.00000;0.72814;2
271.83099;42.63083;      -1.24735; 88.49299;80.00000;20.00000;0.72810;2
271.93701;42.63583;      -1.24763; 88.48047;80.00000;20.00000;0.72805;2
272.04199;42.64083;      -1.24790; 88.46602;80.00000;20.00000;0.72801;2
272.14001;42.64583;      -1.24817; 88.45157;80.00000;20.00000;0.72797;2
272.25201;42.65083;      -1.24825; 88.44098;80.00000;20.00000;0.72793;2
272.35699;42.65583;      -1.24883; 88.43423;80.00000;20.00000;0.72788;2
272.46100;42.66083;      -1.24931; 88.41979;80.00000;20.00000;0.72784;2
272.56100;42.66583;      -1.24988; 88.40534;80.00000;20.00000;0.72780;2
272.67599;42.67083;      -1.25087; 88.39089;80.00000;20.00000;0.72775;2
272.77802;42.67583;      -1.25165; 88.37548;80.00000;20.00000;0.72771;2
272.88300;42.68083;      -1.25233; 88.36006;80.00000;20.00000;0.72767;2
272.98801;42.68583;      -1.25291; 88.34947;80.00000;20.00000;0.72762;2
273.10199;42.69083;      -1.25319; 88.33502;80.00000;20.00000;0.72758;2
273.20499;42.69583;      -1.25377; 88.31961;80.00000;20.00000;0.72753;2
273.29700;42.70083;      -1.25424; 88.30612;80.00000;20.00000;0.72750;2
273.40100;42.70583;      -1.25462; 88.29456;80.00000;20.00000;0.72745;2
273.51001;42.71083;      -1.25530; 88.26952;80.00000;20.00000;0.72741;2
273.62601;42.71583;      -1.25558; 88.25700;80.00000;20.00000;0.72736;2
273.72198;42.72083;      -1.25616; 88.23966;80.00000;20.00000;0.72732;2
273.81900;42.72583;      -1.25572; 88.22039;80.00000;20.00000;0.72728;2
273.92499;42.73083;      -1.25549; 88.20402;80.00000;20.00000;0.72724;2
274.03299;42.73583;      -1.25688; 88.18283;80.00000;20.00000;0.72720;2
274.14001;42.74083;      -1.25767; 88.16452;80.00000;20.00000;0.72715;2
274.23599;42.74583;      -1.25834; 88.14911;80.00000;20.00000;0.72711;2
274.34799;42.75083;      -1.25893; 88.12503;80.00000;20.00000;0.72707;2
274.45599;42.75583;      -1.25880; 88.10288;80.00000;20.00000;0.72702;2
274.56601;42.76083;      -1.25928; 88.08746;80.00000;20.00000;0.72698;2
274.66699;42.76583;      -1.26128; 88.06435;80.00000;20.00000;0.72693;2
274.75699;42.77083;      -1.26185; 88.05279;80.00000;20.00000;0.72690;2
274.87299;42.77583;      -1.26233; 88.03159;80.00000;20.00000;0.72685;2
274.97699;42.78083;      -1.26251; 88.01040;80.00000;20.00000;0.72681;2
275.07999;42.78583;      -1.26288; 87.98921;80.00000;20.00000;0.72676;2
275.18701;42.79083;      -1.26306; 87.97669;80.00000;20.00000;0.72672;2
275.28201;42.79583;      -1.26364; 87.96031;80.00000;20.00000;0.72668;2
275.39099;42.80083;      -1.26493; 87.94683;80.00000;20.00000;0.72664;2
275.49799;42.80583;      -1.26551; 87.93623;80.00000;20.00000;0.72659;2
275.60901;42.81083;      -1.26498; 87.91600;80.00000;20.00000;0.72655;2
275.71201;42.81583;      -1.26536; 87.89385;80.00000;20.00000;0.72650;2
275.81400;42.82083;      -1.26665; 87.88807;80.00000;20.00000;0.72646;2
275.92999;42.82583;      -1.26693; 87.87458;80.00000;20.00000;0.72642;2
276.02100;42.83083;      -1.26791; 87.85436;80.00000;20.00000;0.72638;2
276.13599;42.83583;      -1.26850; 87.83991;80.00000;20.00000;0.72633;2
276.23001;42.84083;      -1.26887; 87.82642;80.00000;20.00000;0.72629;2
276.34000;42.84583;      -1.26955; 87.80908;80.00000;20.00000;0.72625;2
276.45599;42.85083;      -1.27035; 87.79560;80.00000;20.00000;0.72620;2
276.55200;42.85583;      -1.27082; 87.78500;80.00000;20.00000;0.72616;2
276.65100;42.86083;      -1.27079; 87.76477;80.00000;20.00000;0.72612;2
276.75699;42.86583;      -1.27107; 87.74358;80.00000;20.00000;0.72607;2
276.85901;42.87083;      -1.27155; 87.73684;80.00000;20.00000;0.72603;2
276.97101;42.87583;      -1.27193; 87.72335;80.00000;20.00000;0.72599;2
277.07199;42.88083;      -1.27231; 87.70698;80.00000;20.00000;0.72594;2
277.17999;42.88583;      -1.27279; 87.69157;80.00000;20.00000;0.72590;2
277.27899;42.89083;      -1.27347; 87.67808;80.00000;20.00000;0.72586;2
277.39099;42.89583;      -1.27487; 87.66460;80.00000;20.00000;0.72581;2
277.49899;42.90083;      -1.27505; 87.65015;80.00000;20.00000;0.72577;2
277.59698;42.90583;      -1.27512; 87.63666;80.00000;20.00000;0.72573;2
277.71201;42.91083;      -1.27571; 87.62318;80.00000;20.00000;0.72568;2
277.80399;42.91583;      -1.27628; 87.60969;80.00000;20.00000;0.72564;2
277.91199;42.92083;      -1.27646; 87.59813;80.00000;20.00000;0.72560;2
278.02100;42.92583;      -1.27725; 87.58561;80.00000;20.00000;0.72555;2
278.11301;42.93083;      -1.27782; 87.56827;80.00000;20.00000;0.72551;2
278.21600;42.93583;      -1.27851; 87.55767;80.00000;20.00000;0.72547;2
278.32599;42.94083;      -1.27899; 87.54612;80.00000;20.00000;0.72543;2
278.43100;42.94583;      -1.27937; 87.53456;80.00000;20.00000;0.72538;2
278.54401;42.95083;      -1.28006; 87.52107;80.00000;20.00000;0.72534;2
278.63800;42.95583;      -1.28074; 87.50759;80.00000;20.00000;0.72530;2
278.74600;42.96083;      -1.28153; 87.49795;80.00000;20.00000;0.72525;2
278.84799;42.96583;      -1.28221; 87.48639;80.00000;20.00000;0.72521;2
278.96100;42.97083;      -1.28239; 87.47484;80.00000;20.00000;0.72516;2
279.06000;42.97583;      -1.28226; 87.46039;80.00000;20.00000;0.72512;2
279.16901;42.98083;      -1.28244; 87.44690;80.00000;20.00000;0.72508;2
279.27301;42.98583;      -1.28374; 87.43342;80.00000;20.00000;0.72504;2
279.36401;42.99083;      -1.28451; 87.41993;80.00000;20.00000;0.72500;2
279.47699;42.99583;      -1.28439; 87.40644;80.00000;20.00000;0.72495;2
279.58499;43.00083;      -1.28488; 87.39489;80.00000;20.00000;0.72491;2
279.68900;43.00583;      -1.28607; 87.38429;80.00000;20.00000;0.72486;2
279.79300;43.01083;      -1.28655; 87.36984;80.00000;20.00000;0.72482;2
279.89499;43.01583;      -1.28693; 87.36021;80.00000;20.00000;0.72478;2
280.00000;43.02083;      -1.28681; 87.34769;80.00000;20.00000;0.72473;2
280.11200;43.02583;      -1.28719; 87.33035;80.00000;20.00000;0.72469;2
280.21399;43.03083;      -1.28798; 87.31879;80.00000;20.00000;0.72465;2
280.31201;43.03583;      -1.28876; 87.30627;80.00000;20.00000;0.72460;2
280.42099;43.04083;      -1.28935; 87.29278;80.00000;20.00000;0.72456;2
280.52802;43.04583;      -1.29003; 87.28218;80.00000;20.00000;0.72452;2
280.63000;43.05083;      -1.29041; 87.27063;80.00000;20.00000;0.72447;2
280.73300;43.05583;      -1.29069; 87.26003;80.00000;20.00000;0.72443;2
280.84201;43.06083;      -1.29138; 87.24654;80.00000;20.00000;0.72438;2
280.94000;43.06583;      -1.29227; 87.23306;80.00000;20.00000;0.72434;2
281.04800;43.07083;      -1.29306; 87.21668;80.00000;20.00000;0.72430;2
281.15201;43.07583;      -1.29354; 87.20031;80.00000;20.00000;0.72426;2
281.25201;43.08083;      -1.29412; 87.18586;80.00000;20.00000;0.72421;2
281.36200;43.08583;      -1.29491; 87.16563;80.00000;20.00000;0.72417;2
281.45999;43.09083;      -1.29549; 87.14829;80.00000;20.00000;0.72413;2
281.57101;43.09583;      -1.29547; 87.13288;80.00000;20.00000;0.72408;2
281.67001;43.10083;      -1.29565; 87.11073;80.00000;20.00000;0.72404;2
281.77399;43.10583;      -1.29603; 87.09917;80.00000;20.00000;0.72400;2
281.88901;43.11083;      -1.29662; 87.08664;80.00000;20.00000;0.72395;2
281.99799;43.11583;      -1.29721; 87.06834;80.00000;20.00000;0.72391;2
282.08801;43.12083;      -1.29728; 87.04522;80.00000;20.00000;0.72387;2
282.19800;43.12583;      -1.29746; 87.03463;80.00000;20.00000;0.72382;2
282.29901;43.13083;      -1.29795; 87.02500;80.00000;20.00000;0.72378;2
282.41199;43.13583;      -1.29854; 87.00766;80.00000;20.00000;0.72373;2
282.51099;43.14083;      -1.29912; 86.98839;80.00000;20.00000;0.72369;2
282.62601;43.14583;      -1.30052; 86.97683;80.00000;20.00000;0.72364;2
282.72400;43.15083;      -1.30131; 86.96046;80.00000;20.00000;0.72360;2
282.83099;43.15583;      -1.30180; 86.93927;80.00000;20.00000;0.72356;2
282.93201;43.16083;      -1.30207; 86.92193;80.00000;20.00000;0.72352;2
283.04099;43.16583;      -1.30266; 86.90170;80.00000;20.00000;0.72347;2
283.14099;43.17083;      -1.30254; 86.89014;80.00000;20.00000;0.72343;2
283.24899;43.17583;      -1.30262; 86.86317;80.00000;20.00000;0.72338;2
283.34799;43.18083;      -1.30310; 86.85450;80.00000;20.00000;0.72334;2
283.45499;43.18583;      -1.30328; 86.84102;80.00000;20.00000;0.72330;2
283.55600;43.19083;      -1.30417; 86.81597;80.00000;20.00000;0.72326;2
283.65799;43.19583;      -1.30485; 86.79671;80.00000;20.00000;0.72321;2
283.77301;43.20083;      -1.30494; 86.77648;80.00000;20.00000;0.72317;2
283.86700;43.20583;      -1.30542; 86.76684;80.00000;20.00000;0.72313;2
283.97400;43.21083;      -1.30570; 86.74758;80.00000;20.00000;0.72308;2
284.07700;43.21583;      -1.30619; 86.72735;80.00000;20.00000;0.72304;2
284.17899;43.22083;      -1.30687; 86.71098;80.00000;20.00000;0.72300;2
284.27899;43.22583;      -1.30725; 86.70038;80.00000;20.00000;0.72296;2
284.39499;43.23083;      -1.30734; 86.67919;80.00000;20.00000;0.72291;2
284.48999;43.23583;      -1.30792; 86.66185;80.00000;20.00000;0.72287;2
284.59601;43.24083;      -1.30912; 86.65125;80.00000;20.00000;0.72282;2
284.70200;43.24583;      -1.30961; 86.63488;80.00000;20.00000;0.72278;2
284.81000;43.25083;      -1.30999; 86.61850;80.00000;20.00000;0.72273;2
284.91501;43.25583;      -1.30987; 86.59539;80.00000;20.00000;0.72269;2
285.01501;43.26083;      -1.31025; 86.58768;80.00000;20.00000;0.72265;2
285.12000;43.26583;      -1.31063; 86.56745;80.00000;20.00000;0.72260;2
285.22400;43.27083;      -1.31122; 86.55782;80.00000;20.00000;0.72256;2
285.34000;43.27583;      -1.31192; 86.54915;80.00000;20.00000;0.72251;2
285.44199;43.28083;      -1.31261; 86.53566;80.00000;20.00000;0.72247;2
285.54199;43.28583;      -1.31319; 86.52218;80.00000;20.00000;0.72243;2
285.65399;43.29083;      -1.31348; 86.51062;80.00000;20.00000;0.72238;2
285.75400;43.29583;      -1.31386; 86.49713;80.00000;20.00000;0.72234;2
285.84698;43.30083;      -1.31414; 86.48365;80.00000;20.00000;0.72230;2
285.96201;43.30583;      -1.31422; 86.47594;80.00000;20.00000;0.72225;2
286.06400;43.31083;      -1.31461; 86.46535;80.00000;20.00000;0.72221;2
286.15701;43.31583;      -1.31488; 86.45090;80.00000;20.00000;0.72217;2
286.26999;43.32083;      -1.31486; 86.43645;80.00000;20.00000;0.72212;2
286.37601;43.32583;      -1.31505; 86.42296;80.00000;20.00000;0.72208;2
286.48001;43.33083;      -1.31574; 86.41333;80.00000;20.00000;0.72204;2
286.57999;43.33583;      -1.31673; 86.40466;80.00000;20.00000;0.72199;2
286.68399;43.34083;      -1.31742; 86.39021;80.00000;20.00000;0.72195;2
286.78601;43.34583;      -1.31811; 86.37576;80.00000;20.00000;0.72191;2
286.89499;43.35083;      -1.31880; 86.36710;80.00000;20.00000;0.72186;2
286.99399;43.35583;      -1.31939; 86.35746;80.00000;20.00000;0.72182;2
287.10199;43.36083;      -1.31937; 86.34012;80.00000;20.00000;0.72178;2
287.21500;43.36583;      -1.32006; 86.32857;80.00000;20.00000;0.72173;2
287.32401;43.37083;      -1.32015; 86.31604;80.00000;20.00000;0.72168;2
287.41000;43.37583;      -1.32032; 86.30159;80.00000;20.00000;0.72165;2
287.52399;43.38083;      -1.32061; 86.29196;80.00000;20.00000;0.72160;2
287.62201;43.38583;      -1.32099; 86.27944;80.00000;20.00000;0.72156;2
287.72501;43.39083;      -1.32127; 86.26788;80.00000;20.00000;0.72151;2
287.82800;43.39583;      -1.32145; 86.25536;80.00000;20.00000;0.72147;2
287.93799;43.40083;      -1.32235; 86.24091;80.00000;20.00000;0.72143;2
288.04599;43.40583;      -1.32406; 86.22742;80.00000;20.00000;0.72138;2
288.14301;43.41083;      -1.32444; 86.21298;80.00000;20.00000;0.72134;2
288.24500;43.41583;      -1.32483; 86.19853;80.00000;20.00000;0.72130;2
288.34201;43.42083;      -1.32429; 86.18504;80.00000;20.00000;0.72126;2
288.45801;43.42583;      -1.32428; 86.17252;80.00000;20.00000;0.72121;2
288.55499;43.43083;      -1.32466; 86.15133;80.00000;20.00000;0.72117;2
288.66501;43.43583;      -1.32505; 86.14073;80.00000;20.00000;0.72112;2
288.76401;43.44083;      -1.32533; 86.12725;80.00000;20.00000;0.72108;2
288.87299;43.44583;      -1.32572; 86.11376;80.00000;20.00000;0.72103;2
288.96799;43.45083;      -1.32579; 86.09546;80.00000;20.00000;0.72099;2
289.07300;43.45583;      -1.32659; 86.07716;80.00000;20.00000;0.72095;2
289.17899;43.46083;      -1.32800; 86.05596;80.00000;20.00000;0.72090;2
289.28699;43.46583;      -1.32900; 86.03285;80.00000;20.00000;0.72086;2
289.38599;43.47083;      -1.32948; 86.01936;80.00000;20.00000;0.72082;2
289.49200;43.47583;      -1.32885; 85.99624;80.00000;20.00000;0.72077;2
289.60599;43.48083;      -1.32863; 85.97890;80.00000;20.00000;0.72073;2
289.70001;43.48583;      -1.32871; 85.95675;80.00000;20.00000;0.72069;2
289.81000;43.49083;      -1.33052; 85.93460;80.00000;20.00000;0.72064;2
289.91199;43.49583;      -1.33132; 85.91822;80.00000;20.00000;0.72060;2
290.01501;43.50083;      -1.33160; 85.89703;80.00000;20.00000;0.72055;2
290.11099;43.50583;      -1.33178; 85.87969;80.00000;20.00000;0.72051;2
290.22198;43.51083;      -1.33125; 85.86331;80.00000;20.00000;0.72047;2
290.32199;43.51583;      -1.33102; 85.84020;80.00000;20.00000;0.72042;2
290.42200;43.52083;      -1.33141; 85.82960;80.00000;20.00000;0.72038;2
290.53000;43.52583;      -1.33231; 85.81997;80.00000;20.00000;0.72034;2
290.63199;43.53083;      -1.33269; 85.80167;80.00000;20.00000;0.72029;2
290.74100;43.53583;      -1.33339; 85.78336;80.00000;20.00000;0.72025;2
290.85101;43.54083;      -1.33388; 85.77181;80.00000;20.00000;0.72020;2
290.93900;43.54583;      -1.33446; 85.75158;80.00000;20.00000;0.72016;2
291.05499;43.55083;      -1.33455; 85.72942;80.00000;20.00000;0.72012;2
291.15701;43.55583;      -1.33494; 85.72268;80.00000;20.00000;0.72007;2
291.25800;43.56083;      -1.33543; 85.70438;80.00000;20.00000;0.72003;2
291.35699;43.56583;      -1.33601; 85.68415;80.00000;20.00000;0.71999;2
291.46399;43.57083;      -1.33620; 85.66296;80.00000;20.00000;0.71994;2
291.57199;43.57583;      -1.33659; 85.65236;80.00000;20.00000;0.71990;2
291.67099;43.58083;      -1.33708; 85.64080;80.00000;20.00000;0.71986;2
291.78500;43.58583;      -1.33798; 85.63021;80.00000;20.00000;0.71981;2
291.88901;43.59083;      -1.33847; 85.61191;80.00000;20.00000;0.71976;2
291.98801;43.59583;      -1.33896; 85.59746;80.00000;20.00000;0.71972;2
292.08600;43.60083;      -1.33934; 85.58590;80.00000;20.00000;0.71968;2
292.18600;43.60583;      -1.33983; 85.57145;80.00000;20.00000;0.71964;2
292.29599;43.61083;      -1.33981; 85.55411;80.00000;20.00000;0.71959;2
292.40500;43.61583;      -1.34000; 85.54544;80.00000;20.00000;0.71955;2
292.50500;43.62083;      -1.34059; 85.53966;80.00000;20.00000;0.71950;2
292.60901;43.62583;      -1.34118; 85.52521;80.00000;20.00000;0.71946;2
292.71301;43.63083;      -1.34157; 85.50691;80.00000;20.00000;0.71942;2
292.81500;43.63583;      -1.34216; 85.49824;80.00000;20.00000;0.71937;2
292.92300;43.64083;      -1.34286; 85.49535;80.00000;20.00000;0.71933;2
293.01999;43.64583;      -1.34335; 85.47898;80.00000;20.00000;0.71929;2
293.13000;43.65083;      -1.34364; 85.46838;80.00000;20.00000;0.71924;2
293.23099;43.65583;      -1.34402; 85.45490;80.00000;20.00000;0.71920;2
293.33200;43.66083;      -1.34431; 85.44045;80.00000;20.00000;0.71916;2
293.43799;43.66583;      -1.34470; 85.43274;80.00000;20.00000;0.71911;2
293.54800;43.67083;      -1.34509; 85.42215;80.00000;20.00000;0.71906;2
293.64099;43.67583;      -1.34537; 85.40770;80.00000;20.00000;0.71902;2
293.75101;43.68083;      -1.34607; 85.39325;80.00000;20.00000;0.71898;2
293.85999;43.68583;      -1.34585; 85.38554;80.00000;20.00000;0.71893;2
293.95599;43.69083;      -1.34531; 85.37495;80.00000;20.00000;0.71889;2
294.06601;43.69583;      -1.34540; 85.36146;80.00000;20.00000;0.71884;2
294.16400;43.70083;      -1.34599; 85.34990;80.00000;20.00000;0.71880;2
294.26801;43.70583;      -1.34760; 85.33642;80.00000;20.00000;0.71876;2
294.37100;43.71083;      -1.34779; 85.32293;80.00000;20.00000;0.71872;2
294.47198;43.71583;      -1.34817; 85.31233;80.00000;20.00000;0.71867;2
294.57999;43.72083;      -1.34846; 85.29885;80.00000;20.00000;0.71863;2
294.68201;43.72583;      -1.34865; 85.28633;80.00000;20.00000;0.71858;2
294.79300;43.73083;      -1.34884; 85.27477;80.00000;20.00000;0.71854;2
294.89600;43.73583;      -1.34953; 85.26032;80.00000;20.00000;0.71849;2
294.99600;43.74083;      -1.35023; 85.24298;80.00000;20.00000;0.71845;2
295.08701;43.74583;      -1.35061; 85.22757;80.00000;20.00000;0.71841;2
295.20001;43.75083;      -1.35080; 85.21601;80.00000;20.00000;0.71836;2
295.30399;43.75583;      -1.35109; 85.19385;80.00000;20.00000;0.71832;2
295.40201;43.76083;      -1.35147; 85.17748;80.00000;20.00000;0.71828;2
295.51001;43.76583;      -1.35176; 85.16592;80.00000;20.00000;0.71823;2
295.61700;43.77083;      -1.35215; 85.14954;80.00000;20.00000;0.71819;2
295.71301;43.77583;      -1.35264; 85.13221;80.00000;20.00000;0.71815;2
295.83099;43.78083;      -1.35304; 85.11776;80.00000;20.00000;0.71810;2
295.92700;43.78583;      -1.35373; 85.10813;80.00000;20.00000;0.71806;2
296.03500;43.79083;      -1.35392; 85.09079;80.00000;20.00000;0.71801;2
296.13300;43.79583;      -1.35431; 85.06959;80.00000;20.00000;0.71797;2
296.23700;43.80083;      -1.35480; 85.05515;80.00000;20.00000;0.71792;2
296.34100;43.80583;      -1.35509; 85.04166;80.00000;20.00000;0.71788;2
296.44601;43.81083;      -1.35568; 85.02529;80.00000;20.00000;0.71784;2
296.54901;43.81583;      -1.35607; 85.01373;80.00000;20.00000;0.71779;2
296.64999;43.82083;      -1.35636; 84.99446;80.00000;20.00000;0.71775;2
296.75299;43.82583;      -1.35675; 84.97038;80.00000;20.00000;0.71771;2
296.85599;43.83083;      -1.35673; 84.95882;80.00000;20.00000;0.71766;2
296.96500;43.83583;      -1.35692; 84.93763;80.00000;20.00000;0.71762;2
297.06201;43.84083;      -1.35802; 84.91836;80.00000;20.00000;0.71757;2
297.17001;43.84583;      -1.35872; 84.89814;80.00000;20.00000;0.71753;2
297.27802;43.85083;      -1.35850; 84.87887;80.00000;20.00000;0.71748;2
297.37701;43.85583;      -1.35797; 84.85672;80.00000;20.00000;0.71744;2
297.48199;43.86083;      -1.35805; 84.84130;80.00000;20.00000;0.71740;2
297.58600;43.86583;      -1.35865; 84.81819;80.00000;20.00000;0.71735;2
297.68701;43.87083;      -1.35965; 84.80663;80.00000;20.00000;0.71731;2
297.79001;43.87583;      -1.36066; 84.78447;80.00000;20.00000;0.71727;2
297.89001;43.88083;      -1.36104; 84.76810;80.00000;20.00000;0.71722;2
297.99899;43.88583;      -1.36144; 84.76328;80.00000;20.00000;0.71718;2
298.09100;43.89083;      -1.36100; 84.73824;80.00000;20.00000;0.71714;2
298.20001;43.89583;      -1.36119; 84.72668;80.00000;20.00000;0.71709;2
298.29599;43.90083;      -1.36117; 84.71415;80.00000;20.00000;0.71705;2
298.39899;43.90583;      -1.36166; 84.69971;80.00000;20.00000;0.71701;2
298.50800;43.91083;      -1.36226; 84.68622;80.00000;20.00000;0.71696;2
298.61200;43.91583;      -1.36286; 84.67370;80.00000;20.00000;0.71692;2
298.72400;43.92083;      -1.36346; 84.66214;80.00000;20.00000;0.71687;2
298.82199;43.92583;      -1.36375; 84.64480;80.00000;20.00000;0.71683;2
298.91699;43.93083;      -1.36403; 84.62554;80.00000;20.00000;0.71679;2
299.02301;43.93583;      -1.36463; 84.61494;80.00000;20.00000;0.71674;2
299.13000;43.94083;      -1.36512; 84.59760;80.00000;20.00000;0.71669;2
299.23300;43.94583;      -1.36541; 84.58412;80.00000;20.00000;0.71665;2
299.33401;43.95083;      -1.36549; 84.57352;80.00000;20.00000;0.71661;2
299.44000;43.95583;      -1.36558; 84.55907;80.00000;20.00000;0.71656;2
299.53299;43.96083;      -1.36596; 84.54462;80.00000;20.00000;0.71652;2
299.64600;43.96583;      -1.36636; 84.53499;80.00000;20.00000;0.71648;2
299.74701;43.97083;      -1.36624; 84.52150;80.00000;20.00000;0.71643;2
299.84698;43.97583;      -1.36571; 84.51187;80.00000;20.00000;0.71639;2
299.96301;43.98083;      -1.36641; 84.49839;80.00000;20.00000;0.71634;2
300.06400;43.98583;      -1.36711; 84.48394;80.00000;20.00000;0.71630;2
300.16599;43.99083;      -1.36791; 84.46949;80.00000;20.00000;0.71625;2
300.26401;43.99583;      -1.36840; 84.45504;80.00000;20.00000;0.71621;2
300.37100;44.00083;      -1.36808; 84.44733;80.00000;20.00000;0.71617;2
300.48599;44.00583;      -1.36828; 84.44541;80.00000;20.00000;0.71612;2
300.58301;44.01083;      -1.36877; 84.43481;80.00000;20.00000;0.71608;2
300.68500;44.01583;      -1.36967; 84.41844;80.00000;20.00000;0.71603;2
300.78201;44.02083;      -1.37026; 84.40399;80.00000;20.00000;0.71599;2
300.89499;44.02583;      -1.37066; 84.38954;80.00000;20.00000;0.71594;2
300.99899;44.03083;      -1.37024; 84.37702;80.00000;20.00000;0.71590;2
301.09299;44.03583;      -1.37062; 84.37027;80.00000;20.00000;0.71586;2
301.20499;44.04083;      -1.37082; 84.35679;80.00000;20.00000;0.71581;2
301.30399;44.04583;      -1.37161; 84.34330;80.00000;20.00000;0.71577;2
301.40900;44.05083;      -1.37211; 84.33078;80.00000;20.00000;0.71572;2
301.51599;44.05583;      -1.37240; 84.32404;80.00000;20.00000;0.71568;2
301.61499;44.06083;      -1.37259; 84.31055;80.00000;20.00000;0.71563;2
301.72000;44.06583;      -1.37278; 84.29899;80.00000;20.00000;0.71559;2
301.81900;44.07083;      -1.37296; 84.28743;80.00000;20.00000;0.71555;2
301.92401;44.07583;      -1.37346; 84.27491;80.00000;20.00000;0.71550;2
302.02301;44.08083;      -1.37426; 84.26432;80.00000;20.00000;0.71546;2
302.12201;44.08583;      -1.37475; 84.24698;80.00000;20.00000;0.71542;2
302.22900;44.09083;      -1.37494; 84.23253;80.00000;20.00000;0.71537;2
302.33899;44.09583;      -1.37493; 84.22193;80.00000;20.00000;0.71532;2
302.44000;44.10083;      -1.37501; 84.20845;80.00000;20.00000;0.71528;2
302.54901;44.10583;      -1.37520; 84.19015;80.00000;20.00000;0.71523;2
302.64499;44.11083;      -1.37569; 84.17570;80.00000;20.00000;0.71519;2
302.74701;44.11583;      -1.37578; 84.16317;80.00000;20.00000;0.71515;2
302.84601;44.12083;      -1.37586; 84.14776;80.00000;20.00000;0.71511;2
302.95200;44.12583;      -1.37615; 84.12368;80.00000;20.00000;0.71506;2
303.05600;44.13083;      -1.37665; 84.11116;80.00000;20.00000;0.71502;2
303.15701;44.13583;      -1.37714; 84.08997;80.00000;20.00000;0.71497;2
303.26599;44.14083;      -1.37754; 84.07359;80.00000;20.00000;0.71493;2
303.36700;44.14583;      -1.37793; 84.05818;80.00000;20.00000;0.71488;2
303.47699;44.15083;      -1.37803; 84.03603;80.00000;20.00000;0.71484;2
303.57001;44.15583;      -1.37821; 84.02061;80.00000;20.00000;0.71480;2
303.67700;44.16083;      -1.37840; 84.00328;80.00000;20.00000;0.71475;2
303.78900;44.16583;      -1.37900; 83.97823;80.00000;20.00000;0.71470;2
303.88199;44.17083;      -1.37970; 83.95415;80.00000;20.00000;0.71466;2
303.98901;44.17583;      -1.37999; 83.94355;80.00000;20.00000;0.71462;2
304.08301;44.18083;      -1.38048; 83.92525;80.00000;20.00000;0.71458;2
304.19199;44.18583;      -1.38067; 83.90695;80.00000;20.00000;0.71453;2
304.29700;44.19083;      -1.38086; 83.88961;80.00000;20.00000;0.71449;2
304.41000;44.19583;      -1.38116; 83.87420;80.00000;20.00000;0.71444;2
304.49600;44.20083;      -1.38123; 83.85686;80.00000;20.00000;0.71440;2
304.60300;44.20583;      -1.38143; 83.84049;80.00000;20.00000;0.71435;2
304.70599;44.21083;      -1.38172; 83.82604;80.00000;20.00000;0.71431;2
304.80399;44.21583;      -1.38211; 83.81448;80.00000;20.00000;0.71427;2
304.91199;44.22083;      -1.38251; 83.79810;80.00000;20.00000;0.71422;2
305.00900;44.22583;      -1.38279; 83.78847;80.00000;20.00000;0.71418;2
305.11700;44.23083;      -1.38298; 83.77017;80.00000;20.00000;0.71413;2
305.22699;44.23583;      -1.38339; 83.75668;80.00000;20.00000;0.71409;2
305.32599;44.24083;      -1.38367; 83.74031;80.00000;20.00000;0.71404;2
305.42801;44.24583;      -1.38355; 83.72971;80.00000;20.00000;0.71400;2
305.53400;44.25083;      -1.38395; 83.71815;80.00000;20.00000;0.71395;2
305.63400;44.25583;      -1.38444; 83.70370;80.00000;20.00000;0.71391;2
305.73901;44.26083;      -1.38474; 83.69214;80.00000;20.00000;0.71387;2
305.84100;44.26583;      -1.38534; 83.68155;80.00000;20.00000;0.71382;2
305.93900;44.27083;      -1.38521; 83.66806;80.00000;20.00000;0.71378;2
306.04901;44.27583;      -1.38510; 83.65843;80.00000;20.00000;0.71373;2
306.15201;44.28083;      -1.38477; 83.64495;80.00000;20.00000;0.71369;2
306.25400;44.28583;      -1.38517; 83.63339;80.00000;20.00000;0.71365;2
306.36499;44.29083;      -1.38557; 83.62183;80.00000;20.00000;0.71360;2
306.45099;44.29583;      -1.38616; 83.61027;80.00000;20.00000;0.71356;2
306.56601;44.30083;      -1.38718; 83.59871;80.00000;20.00000;0.71351;2
306.66699;44.30583;      -1.38778; 83.58522;80.00000;20.00000;0.71347;2
306.76501;44.31083;      -1.38827; 83.57077;80.00000;20.00000;0.71343;2
306.87000;44.31583;      -1.38846; 83.56403;80.00000;20.00000;0.71338;2
306.97601;44.32083;      -1.38866; 83.55247;80.00000;20.00000;0.71333;2
307.07101;44.32583;      -1.38915; 83.54091;80.00000;20.00000;0.71329;2
307.17700;44.33083;      -1.38944; 83.53417;80.00000;20.00000;0.71325;2
307.28400;44.33583;      -1.38964; 83.52069;80.00000;20.00000;0.71320;2
307.38000;44.34083;      -1.39003; 83.50720;80.00000;20.00000;0.71316;2
307.49100;44.34583;      -1.39063; 83.49564;80.00000;20.00000;0.71311;2
307.58600;44.35083;      -1.39092; 83.48794;80.00000;20.00000;0.71307;2
307.69400;44.35583;      -1.39050; 83.47541;80.00000;20.00000;0.71302;2
307.79199;44.36083;      -1.39027; 83.46096;80.00000;20.00000;0.71298;2
307.89801;44.36583;      -1.39087; 83.44941;80.00000;20.00000;0.71294;2
308.01099;44.37083;      -1.39117; 83.44266;80.00000;20.00000;0.71289;2
308.10599;44.37583;      -1.39115; 83.42918;80.00000;20.00000;0.71285;2
308.21100;44.38083;      -1.39103; 83.41569;80.00000;20.00000;0.71280;2
308.30801;44.38583;      -1.39142; 83.40221;80.00000;20.00000;0.71276;2
308.41901;44.39083;      -1.39152; 83.38872;80.00000;20.00000;0.71271;2
308.51901;44.39583;      -1.39191; 83.38294;80.00000;20.00000;0.71267;2
308.61899;44.40083;      -1.39230; 83.37235;80.00000;20.00000;0.71263;2
308.71600;44.40583;      -1.39280; 83.36175;80.00000;20.00000;0.71258;2
308.82501;44.41083;      -1.39310; 83.35597;80.00000;20.00000;0.71254;2
308.92300;44.41583;      -1.39328; 83.34345;80.00000;20.00000;0.71249;2
309.03500;44.42083;      -1.39379; 83.33093;80.00000;20.00000;0.71245;2
309.12399;44.42583;      -1.39448; 83.31840;80.00000;20.00000;0.71241;2
309.23801;44.43083;      -1.39489; 83.30492;80.00000;20.00000;0.71236;2
309.33600;44.43583;      -1.39497; 83.29721;80.00000;20.00000;0.71232;2
309.43399;44.44083;      -1.39526; 83.28373;80.00000;20.00000;0.71227;2
309.55301;44.44583;      -1.39567; 83.27409;80.00000;20.00000;0.71222;2
309.65302;44.45083;      -1.39627; 83.26350;80.00000;20.00000;0.71218;2
309.75101;44.45583;      -1.39667; 83.24809;80.00000;20.00000;0.71214;2
309.85901;44.46083;      -1.39696; 83.23171;80.00000;20.00000;0.71209;2
309.95001;44.46583;      -1.39704; 83.21822;80.00000;20.00000;0.71205;2
310.06400;44.47083;      -1.39734; 83.20859;80.00000;20.00000;0.71200;2
310.16901;44.47583;      -1.39723; 83.19222;80.00000;20.00000;0.71196;2
310.27200;44.48083;      -1.39731; 83.17199;80.00000;20.00000;0.71191;2
310.36801;44.48583;      -1.39771; 83.15850;80.00000;20.00000;0.71187;2
310.46201;44.49083;      -1.39779; 83.14405;80.00000;20.00000;0.71183;2
310.57599;44.49583;      -1.39788; 83.12768;80.00000;20.00000;0.71178;2
310.67099;44.50083;      -1.39807; 83.11708;80.00000;20.00000;0.71174;2
310.77802;44.50583;      -1.39847; 83.10263;80.00000;20.00000;0.71169;2
310.88699;44.51083;      -1.39887; 83.08722;80.00000;20.00000;0.71165;2
310.98099;44.51583;      -1.39957; 83.06988;80.00000;20.00000;0.71161;2
311.08600;44.52083;      -1.39997; 83.04966;80.00000;20.00000;0.71156;2
311.19299;44.52583;      -1.39996; 83.03328;80.00000;20.00000;0.71151;2
311.28799;44.53083;      -1.39983; 83.02172;80.00000;20.00000;0.71147;2
311.39499;44.53583;      -1.40034; 83.00246;80.00000;20.00000;0.71143;2
311.50000;44.54083;      -1.40042; 82.97837;80.00000;20.00000;0.71138;2
311.61099;44.54583;      -1.40135; 82.96585;80.00000;20.00000;0.71133;2
311.70599;44.55083;      -1.40132; 82.94370;80.00000;20.00000;0.71129;2
311.80899;44.55583;      -1.40131; 82.92732;80.00000;20.00000;0.71125;2
311.91400;44.56083;      -1.40181; 82.90613;80.00000;20.00000;0.71120;2
312.01700;44.56583;      -1.40293; 82.88879;80.00000;20.00000;0.71116;2
312.11301;44.57083;      -1.40332; 82.87242;80.00000;20.00000;0.71111;2
312.21301;44.57583;      -1.40341; 82.84930;80.00000;20.00000;0.71107;2
312.31500;44.58083;      -1.40391; 82.83678;80.00000;20.00000;0.71103;2
312.41299;44.58583;      -1.40400; 82.82425;80.00000;20.00000;0.71098;2
312.52200;44.59083;      -1.40409; 82.80595;80.00000;20.00000;0.71094;2
312.62500;44.59583;      -1.40428; 82.78187;80.00000;20.00000;0.71089;2
312.72601;44.60083;      -1.40447; 82.77128;80.00000;20.00000;0.71085;2
312.82800;44.60583;      -1.40466; 82.76164;80.00000;20.00000;0.71080;2
312.93701;44.61083;      -1.40465; 82.74334;80.00000;20.00000;0.71076;2
313.03101;44.61583;      -1.40525; 82.72889;80.00000;20.00000;0.71072;2
313.14401;44.62083;      -1.40566; 82.71637;80.00000;20.00000;0.71067;2
313.24500;44.62583;      -1.40595; 82.69518;80.00000;20.00000;0.71062;2
313.35501;44.63083;      -1.40584; 82.67977;80.00000;20.00000;0.71058;2
313.44601;44.63583;      -1.40623; 82.66821;80.00000;20.00000;0.71054;2
313.55801;44.64083;      -1.40663; 82.65183;80.00000;20.00000;0.71049;2
313.65201;44.64583;      -1.40702; 82.63738;80.00000;20.00000;0.71045;2
313.76199;44.65083;      -1.40743; 82.62582;80.00000;20.00000;0.71040;2
313.85501;44.65583;      -1.40782; 82.61234;80.00000;20.00000;0.71036;2
313.95499;44.66083;      -1.40811; 82.59789;80.00000;20.00000;0.71032;2
314.07001;44.66583;      -1.40821; 82.58248;80.00000;20.00000;0.71027;2
314.16800;44.67083;      -1.40809; 82.56707;80.00000;20.00000;0.71022;2
314.27200;44.67583;      -1.40818; 82.56129;80.00000;20.00000;0.71018;2
314.37601;44.68083;      -1.40837; 82.54299;80.00000;20.00000;0.71013;2
314.48300;44.68583;      -1.40857; 82.53143;80.00000;20.00000;0.71009;2
314.58600;44.69083;      -1.40876; 82.52179;80.00000;20.00000;0.71004;2
314.68201;44.69583;      -1.40895; 82.50638;80.00000;20.00000;0.71000;2
314.79700;44.70083;      -1.40905; 82.49386;80.00000;20.00000;0.70995;2
314.88800;44.70583;      -1.40912; 82.48519;80.00000;20.00000;0.70991;2
314.99301;44.71083;      -1.40973; 82.47363;80.00000;20.00000;0.70986;2
315.09601;44.71583;      -1.41096; 82.46111;80.00000;20.00000;0.70982;2
315.19901;44.72083;      -1.41115; 82.44955;80.00000;20.00000;0.70977;2
315.29700;44.72583;      -1.41103; 82.43992;80.00000;20.00000;0.70973;2
315.40799;44.73083;      -1.41019; 82.43028;80.00000;20.00000;0.70968;2
315.50800;44.73583;      -1.41007; 82.41680;80.00000;20.00000;0.70964;2
315.60001;44.74083;      -1.41119; 82.40813;80.00000;20.00000;0.70960;2
315.71399;44.74583;      -1.41160; 82.39753;80.00000;20.00000;0.70955;2
315.81500;44.75083;      -1.41210; 82.38501;80.00000;20.00000;0.70951;2
315.91800;44.75583;      -1.41271; 82.37827;80.00000;20.00000;0.70946;2
316.03299;44.76083;      -1.41312; 82.37153;80.00000;20.00000;0.70941;2
316.12500;44.76583;      -1.41309; 82.35997;80.00000;20.00000;0.70937;2
316.22501;44.77083;      -1.41339; 82.34552;80.00000;20.00000;0.70933;2
316.32901;44.77583;      -1.41389; 82.33203;80.00000;20.00000;0.70928;2
316.42599;44.78083;      -1.41408; 82.31758;80.00000;20.00000;0.70924;2
316.52802;44.78583;      -1.41427; 82.30699;80.00000;20.00000;0.70919;2
316.63699;44.79083;      -1.41416; 82.29447;80.00000;20.00000;0.70915;2
316.73001;44.79583;      -1.41403; 82.28387;80.00000;20.00000;0.70911;2
316.83701;44.80083;      -1.41402; 82.27038;80.00000;20.00000;0.70906;2
316.94101;44.80583;      -1.41484; 82.25594;80.00000;20.00000;0.70901;2
317.04800;44.81083;      -1.41524; 82.24919;80.00000;20.00000;0.70897;2
317.15201;44.81583;      -1.41523; 82.23763;80.00000;20.00000;0.70892;2
317.24799;44.82083;      -1.41521; 82.22319;80.00000;20.00000;0.70888;2
317.34698;44.82583;      -1.41530; 82.20970;80.00000;20.00000;0.70884;2
317.45401;44.83083;      -1.41529; 82.19525;80.00000;20.00000;0.70879;2
317.55701;44.83583;      -1.41548; 82.18562;80.00000;20.00000;0.70875;2
317.65601;44.84083;      -1.41557; 82.17695;80.00000;20.00000;0.70870;2
317.76300;44.84583;      -1.41628; 82.16250;80.00000;20.00000;0.70866;2
317.86499;44.85083;      -1.41658; 82.14805;80.00000;20.00000;0.70861;2
317.96701;44.85583;      -1.41698; 82.13457;80.00000;20.00000;0.70857;2
318.05399;44.86083;      -1.41737; 82.12204;80.00000;20.00000;0.70853;2
318.17401;44.86583;      -1.41768; 82.11048;80.00000;20.00000;0.70848;2
318.27399;44.87083;      -1.41797; 82.09700;80.00000;20.00000;0.70843;2
318.37500;44.87583;      -1.41744; 82.08640;80.00000;20.00000;0.70839;2
318.48099;44.88083;      -1.41753; 82.07292;80.00000;20.00000;0.70834;2
318.57999;44.88583;      -1.41762; 82.05558;80.00000;20.00000;0.70830;2
318.68600;44.89083;      -1.41813; 82.03150;80.00000;20.00000;0.70825;2
318.78101;44.89583;      -1.41852; 82.02187;80.00000;20.00000;0.70821;2
318.88501;44.90083;      -1.41903; 82.01223;80.00000;20.00000;0.70817;2
318.98599;44.90583;      -1.41943; 81.98815;80.00000;20.00000;0.70812;2
319.09399;44.91083;      -1.41921; 81.98141;80.00000;20.00000;0.70807;2
319.18500;44.91583;      -1.41950; 81.96889;80.00000;20.00000;0.70803;2
319.29001;44.92083;      -1.41980; 81.95155;80.00000;20.00000;0.70799;2
319.39899;44.92583;      -1.42072; 81.93806;80.00000;20.00000;0.70794;2
319.49799;44.93083;      -1.42081; 81.92747;80.00000;20.00000;0.70790;2
319.60599;44.93583;      -1.42080; 81.91398;80.00000;20.00000;0.70785;2
319.69400;44.94083;      -1.42026; 81.90339;80.00000;20.00000;0.70781;2
319.80099;44.94583;      -1.42128; 81.88508;80.00000;20.00000;0.70776;2
319.89801;44.95083;      -1.42168; 81.87064;80.00000;20.00000;0.70772;2
320.00500;44.95583;      -1.42229; 81.85811;80.00000;20.00000;0.70768;2
320.11700;44.96083;      -1.42260; 81.84463;80.00000;20.00000;0.70763;2
320.20801;44.96583;      -1.42195; 81.82825;80.00000;20.00000;0.70759;2
320.32001;44.97083;      -1.42164; 81.81380;80.00000;20.00000;0.70754;2
320.42200;44.97583;      -1.42173; 81.79358;80.00000;20.00000;0.70749;2
320.51501;44.98083;      -1.42181; 81.77624;80.00000;20.00000;0.70745;2
320.62601;44.98583;      -1.42191; 81.76082;80.00000;20.00000;0.70740;2
320.72800;44.99083;      -1.42220; 81.73963;80.00000;20.00000;0.70736;2
320.83099;44.99583;      -1.42292; 81.71844;80.00000;20.00000;0.70731;2
320.92899;45.00083;      -1.42321; 81.70207;80.00000;20.00000;0.70727;2
321.03900;45.00583;      -1.42331; 81.68569;80.00000;20.00000;0.70722;2
321.13101;45.01083;      -1.42350; 81.66354;80.00000;20.00000;0.70718;2
321.24200;45.01583;      -1.42391; 81.65101;80.00000;20.00000;0.70713;2
321.34500;45.02083;      -1.42400; 81.63175;80.00000;20.00000;0.70709;2
321.43900;45.02583;      -1.42418; 81.61056;80.00000;20.00000;0.70705;2
321.54901;45.03083;      -1.42428; 81.59803;80.00000;20.00000;0.70700;2
321.65399;45.03583;      -1.42437; 81.58166;80.00000;20.00000;0.70695;2
321.75101;45.04083;      -1.42456; 81.57106;80.00000;20.00000;0.70691;2
321.85599;45.04583;      -1.42466; 81.54891;80.00000;20.00000;0.70686;2
321.95999;45.05083;      -1.42496; 81.52868;80.00000;20.00000;0.70682;2
322.05899;45.05583;      -1.42525; 81.51423;80.00000;20.00000;0.70677;2
322.16299;45.06083;      -1.42555; 81.50364;80.00000;20.00000;0.70673;2
322.26801;45.06583;      -1.42585; 81.48726;80.00000;20.00000;0.70668;2
322.37701;45.07083;      -1.42585; 81.47378;80.00000;20.00000;0.70664;2
322.47400;45.07583;      -1.42635; 81.46318;80.00000;20.00000;0.70659;2
322.57300;45.08083;      -1.42696; 81.44584;80.00000;20.00000;0.70655;2
322.67401;45.08583;      -1.42736; 81.43332;80.00000;20.00000;0.70650;2
322.77399;45.09083;      -1.42765; 81.42176;80.00000;20.00000;0.70646;2
322.88101;45.09583;      -1.42837; 81.40731;80.00000;20.00000;0.70641;2
322.97501;45.10083;      -1.42783; 81.39575;80.00000;20.00000;0.70637;2
323.07800;45.10583;      -1.42824; 81.38805;80.00000;20.00000;0.70633;2
323.18201;45.11083;      -1.42833; 81.37456;80.00000;20.00000;0.70628;2
323.28400;45.11583;      -1.42811; 81.36589;80.00000;20.00000;0.70624;2
323.38501;45.12083;      -1.42820; 81.35626;80.00000;20.00000;0.70619;2
323.49500;45.12583;      -1.42840; 81.34181;80.00000;20.00000;0.70614;2
323.59399;45.13083;      -1.42869; 81.32832;80.00000;20.00000;0.70610;2
323.69000;45.13583;      -1.42909; 81.31869;80.00000;20.00000;0.70606;2
323.79700;45.14083;      -1.42950; 81.30906;80.00000;20.00000;0.70601;2
323.89301;45.14583;      -1.42969; 81.29654;80.00000;20.00000;0.70597;2
323.99399;45.15083;      -1.42999; 81.28787;80.00000;20.00000;0.70592;2
324.10501;45.15583;      -1.43019; 81.27631;80.00000;20.00000;0.70588;2
324.20401;45.16083;      -1.42976; 81.26282;80.00000;20.00000;0.70583;2
324.30701;45.16583;      -1.42933; 81.24837;80.00000;20.00000;0.70579;2
324.41199;45.17083;      -1.42953; 81.24067;80.00000;20.00000;0.70574;2
324.50601;45.17583;      -1.43044; 81.23007;80.00000;20.00000;0.70570;2
324.60400;45.18083;      -1.43053; 81.21562;80.00000;20.00000;0.70566;2
324.71701;45.18583;      -1.43115; 81.20118;80.00000;20.00000;0.70561;2
324.82199;45.19083;      -1.43156; 81.19443;80.00000;20.00000;0.70556;2
324.92300;45.19583;      -1.43186; 81.17613;80.00000;20.00000;0.70551;2
325.01901;45.20083;      -1.43205; 81.16746;80.00000;20.00000;0.70547;2
325.12799;45.20583;      -1.43298; 81.15976;80.00000;20.00000;0.70542;2
325.22699;45.21083;      -1.43296; 81.14627;80.00000;20.00000;0.70538;2
325.33200;45.21583;      -1.43327; 81.13760;80.00000;20.00000;0.70533;2
325.42599;45.22083;      -1.43335; 81.12700;80.00000;20.00000;0.70529;2
325.53500;45.22583;      -1.43303; 81.11448;80.00000;20.00000;0.70525;2
325.63599;45.23083;      -1.43281; 81.10678;80.00000;20.00000;0.70520;2
325.73700;45.23583;      -1.43280; 81.09425;80.00000;20.00000;0.70516;2
325.84500;45.24083;      -1.43279; 81.07981;80.00000;20.00000;0.70511;2
325.93900;45.24583;      -1.43339; 81.06728;80.00000;20.00000;0.70507;2
326.04501;45.25083;      -1.43339; 81.05958;80.00000;20.00000;0.70502;2
326.14801;45.25583;      -1.43348; 81.04705;80.00000;20.00000;0.70497;2
326.24600;45.26083;      -1.43409; 81.03261;80.00000;20.00000;0.70493;2
326.34799;45.26583;      -1.43439; 81.02008;80.00000;20.00000;0.70489;2
326.44601;45.27083;      -1.43479; 81.01334;80.00000;20.00000;0.70484;2
326.55099;45.27583;      -1.43509; 80.99986;80.00000;20.00000;0.70480;2
326.65399;45.28083;      -1.43591; 80.99022;80.00000;20.00000;0.70475;2
326.75699;45.28583;      -1.43632; 80.98155;80.00000;20.00000;0.70471;2
326.86301;45.29083;      -1.43631; 80.96710;80.00000;20.00000;0.70466;2
326.95599;45.29583;      -1.43608; 80.95266;80.00000;20.00000;0.70462;2
327.06201;45.30083;      -1.43597; 80.93917;80.00000;20.00000;0.70457;2
327.16299;45.30583;      -1.43585; 80.92665;80.00000;20.00000;0.70453;2
327.26599;45.31083;      -1.43584; 80.90931;80.00000;20.00000;0.70448;2
327.37201;45.31583;      -1.43646; 80.89390;80.00000;20.00000;0.70443;2
327.47501;45.32083;      -1.43665; 80.89004;80.00000;20.00000;0.70439;2
327.57401;45.32583;      -1.43653; 80.87945;80.00000;20.00000;0.70434;2
327.68201;45.33083;      -1.43673; 80.86018;80.00000;20.00000;0.70430;2
327.78101;45.33583;      -1.43693; 80.84574;80.00000;20.00000;0.70425;2
327.88300;45.34083;      -1.43723; 80.83418;80.00000;20.00000;0.70421;2
327.98599;45.34583;      -1.43784; 80.82069;80.00000;20.00000;0.70416;2
328.08801;45.35083;      -1.43804; 80.80335;80.00000;20.00000;0.70412;2
328.18900;45.35583;      -1.43876; 80.78890;80.00000;20.00000;0.70407;2
328.29800;45.36083;      -1.43896; 80.77734;80.00000;20.00000;0.70402;2
328.39600;45.36583;      -1.43905; 80.76386;80.00000;20.00000;0.70398;2
328.49600;45.37083;      -1.43914; 80.74652;80.00000;20.00000;0.70394;2
328.59201;45.37583;      -1.43933; 80.72244;80.00000;20.00000;0.70389;2
328.68500;45.38083;      -1.43910; 80.71184;80.00000;20.00000;0.70385;2
328.79001;45.38583;      -1.43857; 80.70317;80.00000;20.00000;0.70381;2
328.89700;45.39083;      -1.43898; 80.68487;80.00000;20.00000;0.70376;2
328.99600;45.39583;      -1.43928; 80.66561;80.00000;20.00000;0.70372;2
329.09698;45.40083;      -1.43937; 80.65405;80.00000;20.00000;0.70367;2
329.19400;45.40583;      -1.43946; 80.62804;80.00000;20.00000;0.70363;2
329.30701;45.41083;      -1.43967; 80.61552;80.00000;20.00000;0.70358;2
329.40799;45.41583;      -1.43955; 80.60396;80.00000;20.00000;0.70353;2
329.51199;45.42083;      -1.43954; 80.58566;80.00000;20.00000;0.70349;2
329.60800;45.42583;      -1.43994; 80.56736;80.00000;20.00000;0.70344;2
329.71100;45.43083;      -1.44055; 80.54713;80.00000;20.00000;0.70340;2
329.81400;45.43583;      -1.44138; 80.53460;80.00000;20.00000;0.70335;2
329.91699;45.44083;      -1.44189; 80.51823;80.00000;20.00000;0.70331;2
330.02200;45.44583;      -1.44167; 80.50089;80.00000;20.00000;0.70326;2
330.12500;45.45083;      -1.44093; 80.48066;80.00000;20.00000;0.70322;2
330.22400;45.45583;      -1.44113; 80.47007;80.00000;20.00000;0.70317;2
330.32599;45.46083;      -1.44111; 80.45562;80.00000;20.00000;0.70313;2
330.42099;45.46583;      -1.44120; 80.43635;80.00000;20.00000;0.70308;2
330.52701;45.47083;      -1.44161; 80.41420;80.00000;20.00000;0.70304;2
330.63101;45.47583;      -1.44181; 80.40938;80.00000;20.00000;0.70299;2
330.72699;45.48083;      -1.44211; 80.39108;80.00000;20.00000;0.70295;2
330.82101;45.48583;      -1.44250; 80.37374;80.00000;20.00000;0.70291;2
330.93399;45.49083;      -1.44355; 80.36218;80.00000;20.00000;0.70286;2
331.02899;45.49583;      -1.44364; 80.34870;80.00000;20.00000;0.70281;2
331.14001;45.50083;      -1.44353; 80.33425;80.00000;20.00000;0.70276;2
331.24100;45.50583;      -1.44331; 80.31980;80.00000;20.00000;0.70272;2
331.34900;45.51083;      -1.44340; 80.30631;80.00000;20.00000;0.70267;2
331.44800;45.51583;      -1.44370; 80.29668;80.00000;20.00000;0.70263;2
331.54099;45.52083;      -1.44410; 80.28416;80.00000;20.00000;0.70259;2
331.64999;45.52583;      -1.44452; 80.27356;80.00000;20.00000;0.70254;2
331.75400;45.53083;      -1.44451; 80.25911;80.00000;20.00000;0.70249;2
331.85101;45.53583;      -1.44459; 80.24659;80.00000;20.00000;0.70245;2
331.95801;45.54083;      -1.44480; 80.23985;80.00000;20.00000;0.70240;2
332.06201;45.54583;      -1.44489; 80.22636;80.00000;20.00000;0.70236;2
332.15601;45.55083;      -1.44519; 80.21192;80.00000;20.00000;0.70231;2
332.26401;45.55583;      -1.44560; 80.19939;80.00000;20.00000;0.70227;2
332.36499;45.56083;      -1.44569; 80.18976;80.00000;20.00000;0.70222;2
332.45700;45.56583;      -1.44557; 80.17146;80.00000;20.00000;0.70218;2
332.56400;45.57083;      -1.44535; 80.16375;80.00000;20.00000;0.70213;2
332.66800;45.57583;      -1.44587; 80.15508;80.00000;20.00000;0.70209;2
332.76599;45.58083;      -1.44616; 80.14641;80.00000;20.00000;0.70204;2
332.87399;45.58583;      -1.44616; 80.13389;80.00000;20.00000;0.70199;2
332.96600;45.59083;      -1.44645; 80.12041;80.00000;20.00000;0.70195;2
333.07401;45.59583;      -1.44666; 80.10596;80.00000;20.00000;0.70191;2
333.17599;45.60083;      -1.44665; 80.10114;80.00000;20.00000;0.70186;2
333.28101;45.60583;      -1.44685; 80.09055;80.00000;20.00000;0.70181;2
333.37900;45.61083;      -1.44736; 80.07417;80.00000;20.00000;0.70177;2
333.48499;45.61583;      -1.44808; 80.06068;80.00000;20.00000;0.70172;2
333.57800;45.62083;      -1.44764; 80.04913;80.00000;20.00000;0.70168;2
333.68799;45.62583;      -1.44764; 80.04335;80.00000;20.00000;0.70163;2
333.79001;45.63083;      -1.44773; 80.02890;80.00000;20.00000;0.70159;2
333.88501;45.63583;      -1.44772; 80.01445;80.00000;20.00000;0.70154;2
333.99399;45.64083;      -1.44782; 80.00000;80.00000;20.00000;0.70150;2
334.09100;45.64583;      -1.44853; 79.98940;80.00000;20.00000;0.70145;2
334.20499;45.65083;      -1.44906; 79.97688;80.00000;20.00000;0.70140;2
334.30099;45.65583;      -1.44946; 79.96629;80.00000;20.00000;0.70136;2
334.40201;45.66083;      -1.44987; 79.95376;80.00000;20.00000;0.70131;2
334.50201;45.66583;      -1.44985; 79.93546;80.00000;20.00000;0.70127;2
334.60300;45.67083;      -1.44995; 79.92487;80.00000;20.00000;0.70122;2
334.70801;45.67583;      -1.45025; 79.91138;80.00000;20.00000;0.70118;2
334.82101;45.68083;      -1.44994; 79.89597;80.00000;20.00000;0.70113;2
334.92499;45.68583;      -1.45004; 79.87574;80.00000;20.00000;0.70108;2
335.01901;45.69083;      -1.45023; 79.86707;80.00000;20.00000;0.70104;2
335.12601;45.69583;      -1.45012; 79.85744;80.00000;20.00000;0.70099;2
335.21799;45.70083;      -1.45041; 79.83721;80.00000;20.00000;0.70095;2
335.32501;45.70583;      -1.45009; 79.81795;80.00000;20.00000;0.70090;2
335.42599;45.71083;      -1.44966; 79.80350;80.00000;20.00000;0.70086;2
335.53699;45.71583;      -1.44976; 79.79290;80.00000;20.00000;0.70081;2
335.63400;45.72083;      -1.45006; 79.77653;80.00000;20.00000;0.70076;2
335.73401;45.72583;      -1.45026; 79.76304;80.00000;20.00000;0.70072;2
335.83301;45.73083;      -1.45035; 79.75244;80.00000;20.00000;0.70068;2
335.93399;45.73583;      -1.45044; 79.73800;80.00000;20.00000;0.70063;2
336.03400;45.74083;      -1.45054; 79.72355;80.00000;20.00000;0.70059;2
336.13901;45.74583;      -1.45126; 79.70621;80.00000;20.00000;0.70054;2
336.23099;45.75083;      -1.45124; 79.69465;80.00000;20.00000;0.70050;2
336.34000;45.75583;      -1.45134; 79.67827;80.00000;20.00000;0.70045;2
336.44601;45.76083;      -1.45144; 79.66190;80.00000;20.00000;0.70040;2
336.53900;45.76583;      -1.45163; 79.64360;80.00000;20.00000;0.70036;2
336.64700;45.77083;      -1.45173; 79.62337;80.00000;20.00000;0.70031;2
336.75101;45.77583;      -1.45193; 79.60121;80.00000;20.00000;0.70027;2
336.85001;45.78083;      -1.45223; 79.58869;80.00000;20.00000;0.70022;2
336.95099;45.78583;      -1.45285; 79.56750;80.00000;20.00000;0.70018;2
337.04901;45.79083;      -1.45326; 79.55112;80.00000;20.00000;0.70013;2
337.14801;45.79583;      -1.45335; 79.53571;80.00000;20.00000;0.70009;2
337.24799;45.80083;      -1.45323; 79.51259;80.00000;20.00000;0.70004;2
337.35300;45.80583;      -1.45333; 79.50007;80.00000;20.00000;0.70000;2
337.45700;45.81083;      -1.45353; 79.48370;80.00000;20.00000;0.69995;2
337.55899;45.81583;      -1.45384; 79.47117;80.00000;20.00000;0.69990;2
337.65201;45.82083;      -1.45413; 79.46058;80.00000;20.00000;0.69986;2
337.76700;45.82583;      -1.45393; 79.44517;80.00000;20.00000;0.69981;2
337.85901;45.83083;      -1.45433; 79.42783;80.00000;20.00000;0.69977;2
337.96701;45.83583;      -1.45443; 79.41723;80.00000;20.00000;0.69972;2
338.06699;45.84083;      -1.45442; 79.40567;80.00000;20.00000;0.69968;2
338.17300;45.84583;      -1.45430; 79.39893;80.00000;20.00000;0.69963;2
338.27899;45.85083;      -1.45514; 79.39122;80.00000;20.00000;0.69958;2
338.37201;45.85583;      -1.45512; 79.37967;80.00000;20.00000;0.69954;2
338.46500;45.86083;      -1.45521; 79.36811;80.00000;20.00000;0.69950;2
338.57199;45.86583;      -1.45520; 79.36136;80.00000;20.00000;0.69945;2
338.66599;45.87083;      -1.45508; 79.35366;80.00000;20.00000;0.69941;2
338.78000;45.87583;      -1.45508; 79.34210;80.00000;20.00000;0.69936;2
338.88101;45.88083;      -1.45496; 79.32958;80.00000;20.00000;0.69931;2
338.97800;45.88583;      -1.45484; 79.32187;80.00000;20.00000;0.69927;2
339.08701;45.89083;      -1.45463; 79.30839;80.00000;20.00000;0.69922;2
339.17899;45.89583;      -1.45440; 79.29972;80.00000;20.00000;0.69918;2
339.28799;45.90083;      -1.45492; 79.29008;80.00000;20.00000;0.69913;2
339.38901;45.90583;      -1.45544; 79.27563;80.00000;20.00000;0.69908;2
339.49200;45.91083;      -1.45585; 79.26408;80.00000;20.00000;0.69904;2
339.59201;45.91583;      -1.45615; 79.25252;80.00000;20.00000;0.69899;2
339.69501;45.92083;      -1.45646; 79.24096;80.00000;20.00000;0.69895;2
339.79199;45.92583;      -1.45676; 79.22844;80.00000;20.00000;0.69890;2
339.89700;45.93083;      -1.45675; 79.21110;80.00000;20.00000;0.69886;2
339.99600;45.93583;      -1.45685; 79.19954;80.00000;20.00000;0.69881;2
340.09799;45.94083;      -1.45726; 79.18605;80.00000;20.00000;0.69877;2
340.20001;45.94583;      -1.45714; 79.17257;80.00000;20.00000;0.69872;2
340.30801;45.95083;      -1.45682; 79.16582;80.00000;20.00000;0.69867;2
340.40601;45.95583;      -1.45670; 79.15619;80.00000;20.00000;0.69863;2
340.51099;45.96083;      -1.45659; 79.14271;80.00000;20.00000;0.69858;2
340.60699;45.96583;      -1.45689; 79.12922;80.00000;20.00000;0.69854;2
340.70599;45.97083;      -1.45814; 79.11670;80.00000;20.00000;0.69849;2
340.80899;45.97583;      -1.45803; 79.10707;80.00000;20.00000;0.69845;2
340.91400;45.98083;      -1.45728; 79.09551;80.00000;20.00000;0.69840;2
341.01501;45.98583;      -1.45748; 79.08491;80.00000;20.00000;0.69835;2
341.11700;45.99083;      -1.45747; 79.07239;80.00000;20.00000;0.69831;2
341.21899;45.99583;      -1.45799; 79.05890;80.00000;20.00000;0.69826;2
341.31100;46.00083;      -1.45839; 79.04734;80.00000;20.00000;0.69822;2
341.41901;46.00583;      -1.45839; 79.02712;80.00000;20.00000;0.69817;2
341.52701;46.01083;      -1.45807; 79.02423;80.00000;20.00000;0.69812;2
341.62201;46.01583;      -1.45784; 79.01363;80.00000;20.00000;0.69808;2
341.72400;46.02083;      -1.45836; 79.00014;80.00000;20.00000;0.69804;2
341.82901;46.02583;      -1.45867; 78.98666;80.00000;20.00000;0.69799;2
341.92499;46.03083;      -1.45855; 78.97606;80.00000;20.00000;0.69795;2
342.03201;46.03583;      -1.45770; 78.96354;80.00000;20.00000;0.69790;2
342.12900;46.04083;      -1.45737; 78.94717;80.00000;20.00000;0.69785;2
342.23300;46.04583;      -1.45736; 78.93561;80.00000;20.00000;0.69781;2
342.33499;46.05083;      -1.45756; 78.92308;80.00000;20.00000;0.69776;2
342.43500;46.05583;      -1.45787; 78.90960;80.00000;20.00000;0.69772;2
342.53201;46.06083;      -1.45817; 78.89900;80.00000;20.00000;0.69767;2
342.63300;46.06583;      -1.45848; 78.87781;80.00000;20.00000;0.69763;2
342.73499;46.07083;      -1.45868; 78.86047;80.00000;20.00000;0.69758;2
342.83899;46.07583;      -1.45878; 78.84988;80.00000;20.00000;0.69753;2
342.93900;46.08083;      -1.45929; 78.83639;80.00000;20.00000;0.69749;2
343.03799;46.08583;      -1.45970; 78.82194;80.00000;20.00000;0.69744;2
343.14001;46.09083;      -1.46001; 78.80460;80.00000;20.00000;0.69740;2
343.25201;46.09583;      -1.45990; 78.79401;80.00000;20.00000;0.69735;2
343.35101;46.10083;      -1.45979; 78.77763;80.00000;20.00000;0.69730;2
343.44501;46.10583;      -1.45998; 78.76511;80.00000;20.00000;0.69726;2
343.55399;46.11083;      -1.45987; 78.75355;80.00000;20.00000;0.69721;2
343.65500;46.11583;      -1.45944; 78.73910;80.00000;20.00000;0.69717;2
343.74399;46.12083;      -1.45931; 78.72273;80.00000;20.00000;0.69713;2
343.85599;46.12583;      -1.46016; 78.70924;80.00000;20.00000;0.69708;2
343.96100;46.13083;      -1.46057; 78.69865;80.00000;20.00000;0.69703;2
344.05399;46.13583;      -1.46087; 78.68420;80.00000;20.00000;0.69699;2
344.15201;46.14083;      -1.46054; 78.66301;80.00000;20.00000;0.69694;2
344.26099;46.14583;      -1.46033; 78.65241;80.00000;20.00000;0.69689;2
344.35901;46.15083;      -1.46010; 78.64470;80.00000;20.00000;0.69685;2
344.45599;46.15583;      -1.46009; 78.62640;80.00000;20.00000;0.69681;2
344.55899;46.16083;      -1.46029; 78.60810;80.00000;20.00000;0.69676;2
344.65900;46.16583;      -1.46060; 78.60039;80.00000;20.00000;0.69671;2
344.75900;46.17083;      -1.46027; 78.58691;80.00000;20.00000;0.69667;2
344.86200;46.17583;      -1.46047; 78.56764;80.00000;20.00000;0.69662;2
344.96399;46.18083;      -1.46057; 78.55223;80.00000;20.00000;0.69658;2
345.07101;46.18583;      -1.46088; 78.54453;80.00000;20.00000;0.69653;2
345.17999;46.19083;      -1.46099; 78.53104;80.00000;20.00000;0.69648;2
345.27301;46.19583;      -1.46107; 78.51081;80.00000;20.00000;0.69644;2
345.36801;46.20083;      -1.46148; 78.49636;80.00000;20.00000;0.69639;2
345.47699;46.20583;      -1.46169; 78.48480;80.00000;20.00000;0.69635;2
345.58099;46.21083;      -1.46158; 78.47036;80.00000;20.00000;0.69630;2
345.67499;46.21583;      -1.46145; 78.45880;80.00000;20.00000;0.69626;2
345.78400;46.22083;      -1.46166; 78.44146;80.00000;20.00000;0.69621;2
345.88199;46.22583;      -1.46176; 78.42797;80.00000;20.00000;0.69616;2
345.97900;46.23083;      -1.46174; 78.42316;80.00000;20.00000;0.69612;2
346.09100;46.23583;      -1.46195; 78.40967;80.00000;20.00000;0.69607;2
346.17999;46.24083;      -1.46193; 78.39619;80.00000;20.00000;0.69603;2
346.28400;46.24583;      -1.46224; 78.38174;80.00000;20.00000;0.69598;2
346.39700;46.25083;      -1.46246; 78.36825;80.00000;20.00000;0.69593;2
346.48700;46.25583;      -1.46265; 78.35380;80.00000;20.00000;0.69589;2
346.58899;46.26083;      -1.46306; 78.34417;80.00000;20.00000;0.69584;2
346.69199;46.26583;      -1.46326; 78.32779;80.00000;20.00000;0.69580;2
346.78799;46.27083;      -1.46283; 78.30757;80.00000;20.00000;0.69575;2
346.89600;46.27583;      -1.46261; 78.30468;80.00000;20.00000;0.69570;2
346.99899;46.28083;      -1.46271; 78.29312;80.00000;20.00000;0.69566;2
347.09201;46.28583;      -1.46280; 78.27578;80.00000;20.00000;0.69562;2
347.19400;46.29083;      -1.46279; 78.26326;80.00000;20.00000;0.69557;2
347.29099;46.29583;      -1.46299; 78.25170;80.00000;20.00000;0.69553;2
347.40201;46.30083;      -1.46310; 78.23725;80.00000;20.00000;0.69548;2
347.49100;46.30583;      -1.46318; 78.22376;80.00000;20.00000;0.69544;2
347.60999;46.31083;      -1.46340; 78.20931;80.00000;20.00000;0.69538;2
347.69800;46.31583;      -1.46338; 78.20161;80.00000;20.00000;0.69534;2
347.80399;46.32083;      -1.46327; 78.19005;80.00000;20.00000;0.69529;2
347.90500;46.32583;      -1.46326; 78.17175;80.00000;20.00000;0.69525;2
348.00400;46.33083;      -1.46367; 78.15923;80.00000;20.00000;0.69520;2
348.10501;46.33583;      -1.46345; 78.14767;80.00000;20.00000;0.69516;2
348.21301;46.34083;      -1.46355; 78.13225;80.00000;20.00000;0.69511;2
348.31400;46.34583;      -1.46375; 78.11492;80.00000;20.00000;0.69506;2
348.41101;46.35083;      -1.46395; 78.10143;80.00000;20.00000;0.69502;2
348.51501;46.35583;      -1.46384; 78.08987;80.00000;20.00000;0.69497;2
348.61200;46.36083;      -1.46372; 78.07542;80.00000;20.00000;0.69493;2
348.71100;46.36583;      -1.46381; 78.06097;80.00000;20.00000;0.69488;2
348.81601;46.37083;      -1.46381; 78.04653;80.00000;20.00000;0.69484;2
348.92401;46.37583;      -1.46402; 78.03208;80.00000;20.00000;0.69479;2
349.01999;46.38083;      -1.46400; 78.02148;80.00000;20.00000;0.69474;2
349.11499;46.38583;      -1.46420; 78.00029;80.00000;20.00000;0.69470;2
349.22299;46.39083;      -1.46399; 77.99066;80.00000;20.00000;0.69465;2
349.32001;46.39583;      -1.46408; 77.98584;80.00000;20.00000;0.69461;2
349.42999;46.40083;      -1.46408; 77.97043;80.00000;20.00000;0.69456;2
349.52899;46.40583;      -1.46417; 77.95213;80.00000;20.00000;0.69451;2
349.62701;46.41083;      -1.46405; 77.93960;80.00000;20.00000;0.69447;2
349.72101;46.41583;      -1.46393; 77.92805;80.00000;20.00000;0.69443;2
349.82700;46.42083;      -1.46403; 77.91263;80.00000;20.00000;0.69438;2
349.92599;46.42583;      -1.46413; 77.89626;80.00000;20.00000;0.69433;2
350.03201;46.43083;      -1.46391; 77.88277;80.00000;20.00000;0.69428;2
350.13599;46.43583;      -1.46465; 77.87121;80.00000;20.00000;0.69424;2
350.22699;46.44083;      -1.46442; 77.85676;80.00000;20.00000;0.69420;2
350.33301;46.44583;      -1.46462; 77.84328;80.00000;20.00000;0.69415;2
350.42200;46.45083;      -1.46460; 77.82883;80.00000;20.00000;0.69411;2
350.53699;46.45583;      -1.46429; 77.81438;80.00000;20.00000;0.69405;2
350.64301;46.46083;      -1.46418; 77.80090;80.00000;20.00000;0.69401;2
350.73700;46.46583;      -1.46427; 77.78645;80.00000;20.00000;0.69396;2
350.83499;46.47083;      -1.46479; 77.77200;80.00000;20.00000;0.69392;2
350.93600;46.47583;      -1.46478; 77.75755;80.00000;20.00000;0.69387;2
351.03299;46.48083;      -1.46424; 77.74792;80.00000;20.00000;0.69383;2
351.14401;46.48583;      -1.46498; 77.73154;80.00000;20.00000;0.69378;2
351.24100;46.49083;      -1.46496; 77.71035;80.00000;20.00000;0.69374;2
351.34399;46.49583;      -1.46506; 77.70842;80.00000;20.00000;0.69369;2
351.44901;46.50083;      -1.46516; 77.69590;80.00000;20.00000;0.69364;2
351.54901;46.50583;      -1.46600; 77.67856;80.00000;20.00000;0.69360;2
351.64600;46.51083;      -1.46652; 77.66508;80.00000;20.00000;0.69355;2
351.75299;46.51583;      -1.46620; 77.65448;80.00000;20.00000;0.69350;2
351.85599;46.52083;      -1.46577; 77.63907;80.00000;20.00000;0.69346;2
351.95099;46.52583;      -1.46554; 77.62173;80.00000;20.00000;0.69341;2
352.04999;46.53083;      -1.46542; 77.60921;80.00000;20.00000;0.69337;2
352.15500;46.53583;      -1.46531; 77.59765;80.00000;20.00000;0.69332;2
352.26099;46.54083;      -1.46563; 77.58224;80.00000;20.00000;0.69327;2
352.35999;46.54583;      -1.46562; 77.56490;80.00000;20.00000;0.69323;2
352.45999;46.55083;      -1.46582; 77.55334;80.00000;20.00000;0.69318;2
352.55801;46.55583;      -1.46591; 77.54082;80.00000;20.00000;0.69314;2
352.66400;46.56083;      -1.46580; 77.52637;80.00000;20.00000;0.69309;2
352.76099;46.56583;      -1.46611; 77.51192;80.00000;20.00000;0.69304;2
352.86099;46.57083;      -1.46620; 77.49940;80.00000;20.00000;0.69300;2
352.96100;46.57583;      -1.46641; 77.48880;80.00000;20.00000;0.69295;2
353.05899;46.58083;      -1.46618; 77.47050;80.00000;20.00000;0.69291;2
353.16199;46.58583;      -1.46596; 77.45701;80.00000;20.00000;0.69286;2
353.26300;46.59083;      -1.46595; 77.44546;80.00000;20.00000;0.69282;2
353.37000;46.59583;      -1.46616; 77.43197;80.00000;20.00000;0.69277;2
353.47101;46.60083;      -1.46626; 77.42137;80.00000;20.00000;0.69272;2
353.57501;46.60583;      -1.46636; 77.40789;80.00000;20.00000;0.69267;2
353.67200;46.61083;      -1.46645; 77.38959;80.00000;20.00000;0.69263;2
353.78500;46.61583;      -1.46625; 77.37514;80.00000;20.00000;0.69258;2
353.87900;46.62083;      -1.46612; 77.36262;80.00000;20.00000;0.69253;2
353.98099;46.62583;      -1.46601; 77.34913;80.00000;20.00000;0.69249;2
354.07599;46.63083;      -1.46568; 77.33179;80.00000;20.00000;0.69245;2
354.18301;46.63583;      -1.46546; 77.30964;80.00000;20.00000;0.69240;2
354.27600;46.64083;      -1.46545; 77.30097;80.00000;20.00000;0.69235;2
354.38199;46.64583;      -1.46555; 77.27978;80.00000;20.00000;0.69231;2
354.48599;46.65083;      -1.46575; 77.26436;80.00000;20.00000;0.69226;2
354.59000;46.65583;      -1.46575; 77.25281;80.00000;20.00000;0.69221;2
354.68799;46.66083;      -1.46552; 77.23836;80.00000;20.00000;0.69217;2
354.79300;46.66583;      -1.46563; 77.21813;80.00000;20.00000;0.69212;2
354.89301;46.67083;      -1.46583; 77.20464;80.00000;20.00000;0.69207;2
354.99100;46.67583;      -1.46624; 77.18152;80.00000;20.00000;0.69203;2
355.08099;46.68083;      -1.46654; 77.16804;80.00000;20.00000;0.69199;2
355.19901;46.68583;      -1.46644; 77.14685;80.00000;20.00000;0.69193;2
355.28500;46.69083;      -1.46621; 77.13047;80.00000;20.00000;0.69189;2
355.39899;46.69583;      -1.46557; 77.11506;80.00000;20.00000;0.69184;2
355.48801;46.70083;      -1.46566; 77.09291;80.00000;20.00000;0.69180;2
355.60101;46.70583;      -1.46609; 77.07749;80.00000;20.00000;0.69175;2
355.68500;46.71083;      -1.46596; 77.06401;80.00000;20.00000;0.69171;2
355.79700;46.71583;      -1.46575; 77.04185;80.00000;20.00000;0.69166;2
355.89600;46.72083;      -1.46521; 77.02933;80.00000;20.00000;0.69161;2
356.00299;46.72583;      -1.46467; 77.01777;80.00000;20.00000;0.69157;2
356.09201;46.73083;      -1.46476; 77.00140;80.00000;20.00000;0.69153;2
356.20001;46.73583;      -1.46529; 76.98406;80.00000;20.00000;0.69148;2
356.29700;46.74083;      -1.46549; 76.97346;80.00000;20.00000;0.69143;2
356.40201;46.74583;      -1.46538; 76.96094;80.00000;20.00000;0.69138;2
356.50800;46.75083;      -1.46505; 76.94745;80.00000;20.00000;0.69134;2
356.60400;46.75583;      -1.46451; 76.93493;80.00000;20.00000;0.69129;2
356.70599;46.76083;      -1.46471; 76.92337;80.00000;20.00000;0.69124;2
356.80600;46.76583;      -1.46492; 76.91085;80.00000;20.00000;0.69120;2
356.90601;46.77083;      -1.46480; 76.90026;80.00000;20.00000;0.69115;2
357.01199;46.77583;      -1.46501; 76.88677;80.00000;20.00000;0.69111;2
357.11099;46.78083;      -1.46532; 76.87521;80.00000;20.00000;0.69106;2
357.20700;46.78583;      -1.46509; 76.86269;80.00000;20.00000;0.69102;2
357.31201;46.79083;      -1.46488; 76.85209;80.00000;20.00000;0.69097;2
357.40900;46.79583;      -1.46486; 76.83957;80.00000;20.00000;0.69092;2
357.51001;46.80083;      -1.46496; 76.82608;80.00000;20.00000;0.69088;2
357.61401;46.80583;      -1.46506; 76.81549;80.00000;20.00000;0.69083;2
357.71100;46.81083;      -1.46494; 76.80200;80.00000;20.00000;0.69079;2
357.81400;46.81583;      -1.46494; 76.79333;80.00000;20.00000;0.69074;2
357.92200;46.82083;      -1.46451; 76.77696;80.00000;20.00000;0.69069;2
358.01401;46.82583;      -1.46417; 76.76155;80.00000;20.00000;0.69065;2
358.12100;46.83083;      -1.46406; 76.75095;80.00000;20.00000;0.69060;2
358.21600;46.83583;      -1.46416; 76.74132;80.00000;20.00000;0.69055;2
358.32401;46.84083;      -1.46447; 76.73169;80.00000;20.00000;0.69050;2
358.41901;46.84583;      -1.46467; 76.71820;80.00000;20.00000;0.69046;2
358.51700;46.85083;      -1.46477; 76.70375;80.00000;20.00000;0.69042;2
358.62299;46.85583;      -1.46466; 76.69027;80.00000;20.00000;0.69037;2
358.72900;46.86083;      -1.46444; 76.67774;80.00000;20.00000;0.69032;2
358.81400;46.86583;      -1.46421; 76.67004;80.00000;20.00000;0.69028;2
358.92801;46.87083;      -1.46421; 76.65752;80.00000;20.00000;0.69023;2
359.02100;46.87583;      -1.46409; 76.64307;80.00000;20.00000;0.69019;2
359.12799;46.88083;      -1.46398; 76.63054;80.00000;20.00000;0.69014;2
359.22000;46.88583;      -1.46353; 76.62380;80.00000;20.00000;0.69009;2
359.32300;46.89083;      -1.46332; 76.61032;80.00000;20.00000;0.69005;2
359.43500;46.89583;      -1.46342; 76.59587;80.00000;20.00000;0.69000;2
359.53400;46.90083;      -1.46331; 76.58238;80.00000;20.00000;0.68995;2
359.63101;46.90583;      -1.46330; 76.57660;80.00000;20.00000;0.68991;2
359.73099;46.91083;      -1.46339; 76.56601;80.00000;20.00000;0.68986;2
359.82901;46.91583;      -1.46349; 76.54963;80.00000;20.00000;0.68982;2
359.92801;46.92083;      -1.46369; 76.53615;80.00000;20.00000;0.68977;2
360.03201;46.92583;      -1.46369; 76.52459;80.00000;20.00000;0.68972;2
360.13000;46.93083;      -1.46367; 76.51881;80.00000;20.00000;0.68968;2
360.23401;46.93583;      -1.46335; 76.50532;80.00000;20.00000;0.68963;2
360.32901;46.94083;      -1.46333; 76.48991;80.00000;20.00000;0.68959;2
360.43100;46.94583;      -1.46322; 76.47642;80.00000;20.00000;0.68954;2
360.54001;46.95083;      -1.46226; 76.46487;80.00000;20.00000;0.68949;2
360.63699;46.95583;      -1.46225; 76.45234;80.00000;20.00000;0.68944;2
360.74100;46.96083;      -1.46235; 76.43500;80.00000;20.00000;0.68940;2
360.83899;46.96583;      -1.46255; 76.42441;80.00000;20.00000;0.68935;2
360.93900;46.97083;      -1.46276; 76.40803;80.00000;20.00000;0.68931;2
361.04800;46.97583;      -1.46308; 76.38781;80.00000;20.00000;0.68926;2
361.14801;46.98083;      -1.46307; 76.38299;80.00000;20.00000;0.68921;2
361.23599;46.98583;      -1.46294; 76.36469;80.00000;20.00000;0.68917;2
361.34299;46.99083;      -1.46283; 76.34831;80.00000;20.00000;0.68912;2
361.44699;46.99583;      -1.46261; 76.33772;80.00000;20.00000;0.68907;2
361.54300;47.00083;      -1.46260; 76.31941;80.00000;20.00000;0.68903;2
361.64499;47.00583;      -1.46270; 76.29533;80.00000;20.00000;0.68898;2
361.74200;47.01083;      -1.46279; 76.28377;80.00000;20.00000;0.68894;2
361.84000;47.01583;      -1.46278; 76.26355;80.00000;20.00000;0.68889;2
361.95099;47.02083;      -1.46278; 76.24524;80.00000;20.00000;0.68884;2
362.04599;47.02583;      -1.46266; 76.22598;80.00000;20.00000;0.68880;2
362.15201;47.03083;      -1.46287; 76.20864;80.00000;20.00000;0.68875;2
362.25101;47.03583;      -1.46286; 76.18841;80.00000;20.00000;0.68870;2
362.34698;47.04083;      -1.46253; 76.16626;80.00000;20.00000;0.68866;2
362.45401;47.04583;      -1.46199; 76.15181;80.00000;20.00000;0.68861;2
362.55099;47.05083;      -1.46166; 76.13640;80.00000;20.00000;0.68857;2
362.65500;47.05583;      -1.46134; 76.11520;80.00000;20.00000;0.68852;2
362.75201;47.06083;      -1.46143; 76.09883;80.00000;20.00000;0.68847;2
362.84601;47.06583;      -1.46152; 76.08342;80.00000;20.00000;0.68843;2
362.94699;47.07083;      -1.46141; 76.06030;80.00000;20.00000;0.68838;2
363.06500;47.07583;      -1.46120; 76.04874;80.00000;20.00000;0.68833;2
363.14499;47.08083;      -1.46096; 76.03140;80.00000;20.00000;0.68829;2
363.25800;47.08583;      -1.46107; 76.01888;80.00000;20.00000;0.68824;2
363.35901;47.09083;      -1.46106; 76.00828;80.00000;20.00000;0.68819;2
363.46500;47.09583;      -1.46095; 75.99287;80.00000;20.00000;0.68815;2
363.56500;47.10083;      -1.46105; 75.97553;80.00000;20.00000;0.68810;2
363.66400;47.10583;      -1.46115; 75.96205;80.00000;20.00000;0.68805;2
363.75699;47.11083;      -1.46134; 75.95145;80.00000;20.00000;0.68801;2
363.85800;47.11583;      -1.46123; 75.93604;80.00000;20.00000;0.68796;2
363.96899;47.12083;      -1.46112; 75.91870;80.00000;20.00000;0.68791;2
364.06500;47.12583;      -1.46100; 75.90618;80.00000;20.00000;0.68787;2
364.17300;47.13083;      -1.46079; 75.89462;80.00000;20.00000;0.68782;2
364.27301;47.13583;      -1.46035; 75.87921;80.00000;20.00000;0.68777;2
364.37299;47.14083;      -1.46066; 75.86283;80.00000;20.00000;0.68773;2
364.47900;47.14583;      -1.46077; 75.85127;80.00000;20.00000;0.68768;2
364.57901;47.15083;      -1.46087; 75.83779;80.00000;20.00000;0.68763;2
364.67899;47.15583;      -1.46075; 75.82430;80.00000;20.00000;0.68759;2
364.77899;47.16083;      -1.46042; 75.81660;80.00000;20.00000;0.68754;2
364.87701;47.16583;      -1.46030; 75.80600;80.00000;20.00000;0.68750;2
364.97000;47.17083;      -1.46029; 75.79252;80.00000;20.00000;0.68745;2
365.08200;47.17583;      -1.46029; 75.77807;80.00000;20.00000;0.68740;2
365.17999;47.18083;      -1.45985; 75.76458;80.00000;20.00000;0.68736;2
365.28201;47.18583;      -1.45942; 75.75399;80.00000;20.00000;0.68731;2
365.37799;47.19083;      -1.45919; 75.75013;80.00000;20.00000;0.68726;2
365.47198;47.19583;      -1.45907; 75.73761;80.00000;20.00000;0.68722;2
365.57999;47.20083;      -1.45939; 75.72412;80.00000;20.00000;0.68717;2
365.68201;47.20583;      -1.45949; 75.71546;80.00000;20.00000;0.68712;2
365.78101;47.21083;      -1.45862; 75.70293;80.00000;20.00000;0.68708;2
365.89001;47.21583;      -1.45830; 75.68945;80.00000;20.00000;0.68703;2
365.98499;47.22083;      -1.45861; 75.67885;80.00000;20.00000;0.68698;2
366.09201;47.22583;      -1.45871; 75.66633;80.00000;20.00000;0.68693;2
366.18900;47.23083;      -1.45891; 75.65188;80.00000;20.00000;0.68689;2
366.29001;47.23583;      -1.45891; 75.63840;80.00000;20.00000;0.68684;2
366.37701;47.24083;      -1.45867; 75.62491;80.00000;20.00000;0.68680;2
366.48999;47.24583;      -1.45857; 75.61142;80.00000;20.00000;0.68675;2
366.58200;47.25083;      -1.45844; 75.59698;80.00000;20.00000;0.68671;2
366.68100;47.25583;      -1.45801; 75.58349;80.00000;20.00000;0.68666;2
366.79001;47.26083;      -1.45779; 75.56904;80.00000;20.00000;0.68661;2
366.89001;47.26583;      -1.45757; 75.55556;80.00000;20.00000;0.68657;2
366.98599;47.27083;      -1.45734; 75.54111;80.00000;20.00000;0.68652;2
367.09100;47.27583;      -1.45755; 75.52473;80.00000;20.00000;0.68647;2
367.19501;47.28083;      -1.45744; 75.50836;80.00000;20.00000;0.68643;2
367.29300;47.28583;      -1.45721; 75.49391;80.00000;20.00000;0.68638;2
367.39999;47.29083;      -1.45721; 75.48331;80.00000;20.00000;0.68633;2
367.49399;47.29583;      -1.45730; 75.45730;80.00000;20.00000;0.68629;2
367.59299;47.30083;      -1.45708; 75.44574;80.00000;20.00000;0.68624;2
367.69299;47.30583;      -1.45686; 75.43322;80.00000;20.00000;0.68620;2
367.78799;47.31083;      -1.45674; 75.41010;80.00000;20.00000;0.68615;2
367.89600;47.31583;      -1.45674; 75.39277;80.00000;20.00000;0.68610;2
367.99899;47.32083;      -1.45684; 75.37735;80.00000;20.00000;0.68605;2
368.09900;47.32583;      -1.45661; 75.35424;80.00000;20.00000;0.68601;2
368.19400;47.33083;      -1.45649; 75.34268;80.00000;20.00000;0.68596;2
368.29901;47.33583;      -1.45638; 75.32341;80.00000;20.00000;0.68592;2
368.39600;47.34083;      -1.45583; 75.30318;80.00000;20.00000;0.68587;2
368.50101;47.34583;      -1.45561; 75.28873;80.00000;20.00000;0.68582;2
368.60199;47.35083;      -1.45507; 75.26851;80.00000;20.00000;0.68578;2
368.71201;47.35583;      -1.45464; 75.25117;80.00000;20.00000;0.68572;2
368.81201;47.36083;      -1.45453; 75.23961;80.00000;20.00000;0.68568;2
368.90399;47.36583;      -1.45430; 75.22420;80.00000;20.00000;0.68564;2
369.00400;47.37083;      -1.45429; 75.20108;80.00000;20.00000;0.68559;2
369.10599;47.37583;      -1.45439; 75.19145;80.00000;20.00000;0.68554;2
369.20801;47.38083;      -1.45427; 75.17892;80.00000;20.00000;0.68549;2
369.30899;47.38583;      -1.45426; 75.16544;80.00000;20.00000;0.68545;2
369.41800;47.39083;      -1.45426; 75.14810;80.00000;20.00000;0.68540;2
369.50601;47.39583;      -1.45392; 75.13750;80.00000;20.00000;0.68536;2
369.60300;47.40083;      -1.45402; 75.12498;80.00000;20.00000;0.68531;2
369.70599;47.40583;      -1.45412; 75.11150;80.00000;20.00000;0.68526;2
369.80899;47.41083;      -1.45401; 75.10090;80.00000;20.00000;0.68522;2
369.90900;47.41583;      -1.45367; 75.08645;80.00000;20.00000;0.68517;2
370.00699;47.42083;      -1.45345; 75.06719;80.00000;20.00000;0.68512;2
370.10199;47.42583;      -1.45311; 75.05659;80.00000;20.00000;0.68508;2
370.21100;47.43083;      -1.45279; 75.04503;80.00000;20.00000;0.68503;2
370.31201;47.43583;      -1.45225; 75.03155;80.00000;20.00000;0.68498;2
370.40799;47.44083;      -1.45213; 75.01999;80.00000;20.00000;0.68494;2
370.51199;47.44583;      -1.45234; 75.00939;80.00000;20.00000;0.68489;2
370.61600;47.45083;      -1.45233; 74.99205;80.00000;20.00000;0.68484;2
370.72000;47.45583;      -1.45222; 74.97953;80.00000;20.00000;0.68479;2
370.81299;47.46083;      -1.45210; 74.96894;80.00000;20.00000;0.68475;2
370.91101;47.46583;      -1.45176; 74.95545;80.00000;20.00000;0.68471;2
371.01901;47.47083;      -1.45122; 74.94485;80.00000;20.00000;0.68466;2
371.11899;47.47583;      -1.45100; 74.93233;80.00000;20.00000;0.68461;2
371.22000;47.48083;      -1.45078; 74.91499;80.00000;20.00000;0.68456;2
371.31400;47.48583;      -1.45076; 74.89958;80.00000;20.00000;0.68452;2
371.41101;47.49083;      -1.45064; 74.88706;80.00000;20.00000;0.68447;2
371.51999;47.49583;      -1.45054; 74.87454;80.00000;20.00000;0.68442;2
371.61499;47.50083;      -1.45052; 74.85720;80.00000;20.00000;0.68438;2
371.71201;47.50583;      -1.45072; 74.84275;80.00000;20.00000;0.68433;2
371.81500;47.51083;      -1.45104; 74.83119;80.00000;20.00000;0.68429;2
371.91699;47.51583;      -1.45125; 74.80518;80.00000;20.00000;0.68424;2
372.01700;47.52083;      -1.45124; 74.79555;80.00000;20.00000;0.68419;2
372.11899;47.52583;      -1.45037; 74.78592;80.00000;20.00000;0.68415;2
372.22101;47.53083;      -1.45004; 74.77147;80.00000;20.00000;0.68410;2
372.32901;47.53583;      -1.44972; 74.74835;80.00000;20.00000;0.68405;2
372.41800;47.54083;      -1.44970; 74.73583;80.00000;20.00000;0.68401;2
372.51901;47.54583;      -1.44916; 74.72331;80.00000;20.00000;0.68396;2
372.62500;47.55083;      -1.44915; 74.70886;80.00000;20.00000;0.68391;2
372.71399;47.55583;      -1.44913; 74.69441;80.00000;20.00000;0.68387;2
372.82001;47.56083;      -1.44891; 74.67996;80.00000;20.00000;0.68382;2
372.92599;47.56583;      -1.44880; 74.66551;80.00000;20.00000;0.68377;2
373.03000;47.57083;      -1.44858; 74.65106;80.00000;20.00000;0.68372;2
373.12799;47.57583;      -1.44857; 74.63469;80.00000;20.00000;0.68368;2
373.22299;47.58083;      -1.44845; 74.61927;80.00000;20.00000;0.68363;2
373.32999;47.58583;      -1.44823; 74.60675;80.00000;20.00000;0.68358;2
373.42401;47.59083;      -1.44779; 74.58941;80.00000;20.00000;0.68354;2
373.52802;47.59583;      -1.44757; 74.57785;80.00000;20.00000;0.68349;2
373.62000;47.60083;      -1.44734; 74.56533;80.00000;20.00000;0.68345;2
373.72400;47.60583;      -1.44690; 74.54992;80.00000;20.00000;0.68340;2
373.83401;47.61083;      -1.44658; 74.53258;80.00000;20.00000;0.68335;2
373.92700;47.61583;      -1.44613; 74.52199;80.00000;20.00000;0.68331;2
374.03299;47.62083;      -1.44581; 74.50946;80.00000;20.00000;0.68326;2
374.13599;47.62583;      -1.44580; 74.49309;80.00000;20.00000;0.68321;2
374.23199;47.63083;      -1.44579; 74.47671;80.00000;20.00000;0.68316;2
374.34000;47.63583;      -1.44557; 74.46226;80.00000;20.00000;0.68311;2
374.43301;47.64083;      -1.44513; 74.45167;80.00000;20.00000;0.68307;2
374.53400;47.64583;      -1.44383; 74.42566;80.00000;20.00000;0.68302;2
374.63599;47.65083;      -1.44393; 74.41410;80.00000;20.00000;0.68298;2
374.74100;47.65583;      -1.44425; 74.39676;80.00000;20.00000;0.68293;2
374.83301;47.66083;      -1.44455; 74.37846;80.00000;20.00000;0.68288;2
374.92999;47.66583;      -1.44465; 74.35920;80.00000;20.00000;0.68284;2
375.03699;47.67083;      -1.44475; 74.34089;80.00000;20.00000;0.68279;2
375.14001;47.67583;      -1.44453; 74.32356;80.00000;20.00000;0.68274;2
375.23801;47.68083;      -1.44430; 74.30236;80.00000;20.00000;0.68270;2
375.33301;47.68583;      -1.44386; 74.28021;80.00000;20.00000;0.68265;2
375.44299;47.69083;      -1.44354; 74.26672;80.00000;20.00000;0.68260;2
375.54401;47.69583;      -1.44321; 74.24553;80.00000;20.00000;0.68255;2
375.64600;47.70083;      -1.44298; 74.22723;80.00000;20.00000;0.68251;2
375.74799;47.70583;      -1.44287; 74.21567;80.00000;20.00000;0.68246;2
375.84900;47.71083;      -1.44254; 74.19930;80.00000;20.00000;0.68241;2
375.94299;47.71583;      -1.44188; 74.17618;80.00000;20.00000;0.68237;2
376.04099;47.72083;      -1.44165; 74.16558;80.00000;20.00000;0.68232;2
376.14899;47.72583;      -1.44132; 74.15210;80.00000;20.00000;0.68227;2
376.25101;47.73083;      -1.44143; 74.13187;80.00000;20.00000;0.68222;2
376.35101;47.73583;      -1.44152; 74.11068;80.00000;20.00000;0.68218;2
376.44501;47.74083;      -1.44151; 74.09816;80.00000;20.00000;0.68213;2
376.55099;47.74583;      -1.44151; 74.07696;80.00000;20.00000;0.68208;2
376.64801;47.75083;      -1.44117; 74.06155;80.00000;20.00000;0.68204;2
376.75800;47.75583;      -1.44085; 74.04614;80.00000;20.00000;0.68199;2
376.83499;47.76083;      -1.44049; 74.03169;80.00000;20.00000;0.68195;2
376.95499;47.76583;      -1.44007; 74.02013;80.00000;20.00000;0.68189;2
377.04800;47.77083;      -1.43995; 74.00376;80.00000;20.00000;0.68185;2
377.15201;47.77583;      -1.43983; 73.98064;80.00000;20.00000;0.68180;2
377.25101;47.78083;      -1.43929; 73.97486;80.00000;20.00000;0.68176;2
377.35001;47.78583;      -1.43949; 73.96137;80.00000;20.00000;0.68171;2
377.46500;47.79083;      -1.43960; 73.94500;80.00000;20.00000;0.68166;2
377.55899;47.79583;      -1.43937; 73.93055;80.00000;20.00000;0.68161;2
377.65201;47.80083;      -1.43914; 73.91610;80.00000;20.00000;0.68157;2
377.75900;47.80583;      -1.43882; 73.90262;80.00000;20.00000;0.68152;2
377.85300;47.81083;      -1.43880; 73.88817;80.00000;20.00000;0.68148;2
377.95599;47.81583;      -1.43825; 73.87468;80.00000;20.00000;0.68143;2
378.05499;47.82083;      -1.43770; 73.86120;80.00000;20.00000;0.68138;2
378.14899;47.82583;      -1.43737; 73.84675;80.00000;20.00000;0.68134;2
378.25400;47.83083;      -1.43715; 73.83326;80.00000;20.00000;0.68129;2
378.35699;47.83583;      -1.43692; 73.81881;80.00000;20.00000;0.68124;2
378.45901;47.84083;      -1.43605; 73.80533;80.00000;20.00000;0.68119;2
378.55301;47.84583;      -1.43571; 73.79088;80.00000;20.00000;0.68115;2
378.65302;47.85083;      -1.43571; 73.77739;80.00000;20.00000;0.68110;2
378.75800;47.85583;      -1.43548; 73.76294;80.00000;20.00000;0.68105;2
378.85199;47.86083;      -1.43547; 73.74946;80.00000;20.00000;0.68101;2
378.95499;47.86583;      -1.43525; 73.73597;80.00000;20.00000;0.68096;2
379.05801;47.87083;      -1.43502; 73.71960;80.00000;20.00000;0.68091;2
379.16299;47.87583;      -1.43502; 73.70322;80.00000;20.00000;0.68086;2
379.25800;47.88083;      -1.43479; 73.68010;80.00000;20.00000;0.68082;2
379.35501;47.88583;      -1.43370; 73.66855;80.00000;20.00000;0.68077;2
379.45300;47.89083;      -1.43358; 73.65121;80.00000;20.00000;0.68073;2
379.56201;47.89583;      -1.43379; 73.63676;80.00000;20.00000;0.68068;2
379.66400;47.90083;      -1.43368; 73.61557;80.00000;20.00000;0.68063;2
379.75500;47.90583;      -1.43301; 73.59919;80.00000;20.00000;0.68059;2
379.85300;47.91083;      -1.43278; 73.57800;80.00000;20.00000;0.68054;2
379.96100;47.91583;      -1.43257; 73.56259;80.00000;20.00000;0.68049;2
380.05200;47.92083;      -1.43212; 73.54621;80.00000;20.00000;0.68045;2
380.15799;47.92583;      -1.43222; 73.52598;80.00000;20.00000;0.68040;2
380.26901;47.93083;      -1.43201; 73.51250;80.00000;20.00000;0.68035;2
380.37201;47.93583;      -1.43124; 73.50094;80.00000;20.00000;0.68030;2
380.46899;47.94083;      -1.43080; 73.48842;80.00000;20.00000;0.68025;2
380.56799;47.94583;      -1.43057; 73.47012;80.00000;20.00000;0.68021;2
380.66599;47.95083;      -1.42991; 73.45567;80.00000;20.00000;0.68016;2
380.77200;47.95583;      -1.42958; 73.44507;80.00000;20.00000;0.68011;2
380.85800;47.96083;      -1.42913; 73.43159;80.00000;20.00000;0.68007;2
380.97000;47.96583;      -1.42913; 73.41328;80.00000;20.00000;0.68002;2
381.06100;47.97083;      -1.42879; 73.39883;80.00000;20.00000;0.67998;2
381.16599;47.97583;      -1.42878; 73.38728;80.00000;20.00000;0.67993;2
381.26099;47.98083;      -1.42844; 73.37475;80.00000;20.00000;0.67988;2
381.36600;47.98583;      -1.42801; 73.35645;80.00000;20.00000;0.67983;2
381.47000;47.99083;      -1.42789; 73.34200;80.00000;20.00000;0.67978;2
381.57001;47.99583;      -1.42756; 73.33044;80.00000;20.00000;0.67974;2
381.67700;48.00083;      -1.42745; 73.31696;80.00000;20.00000;0.67969;2
381.77301;48.00583;      -1.42722; 73.29866;80.00000;20.00000;0.67964;2
381.86099;48.01083;      -1.42687; 73.28421;80.00000;20.00000;0.67960;2
381.97000;48.01583;      -1.42622; 73.27265;80.00000;20.00000;0.67955;2
382.07199;48.02083;      -1.42524; 73.25916;80.00000;20.00000;0.67950;2
382.16800;48.02583;      -1.42480; 73.24182;80.00000;20.00000;0.67946;2
382.28201;48.03083;      -1.42469; 73.21774;80.00000;20.00000;0.67940;2
382.37701;48.03583;      -1.42457; 73.20522;80.00000;20.00000;0.67936;2
382.47601;48.04083;      -1.42434; 73.18788;80.00000;20.00000;0.67931;2
382.57101;48.04583;      -1.42389; 73.16862;80.00000;20.00000;0.67927;2
382.67499;48.05083;      -1.42345; 73.15224;80.00000;20.00000;0.67922;2
382.76501;48.05583;      -1.42268; 73.14068;80.00000;20.00000;0.67918;2
382.87701;48.06083;      -1.42225; 73.12238;80.00000;20.00000;0.67913;2
382.97601;48.06583;      -1.42245; 73.09830;80.00000;20.00000;0.67908;2
383.06201;48.07083;      -1.42243; 73.08385;80.00000;20.00000;0.67904;2
383.16901;48.07583;      -1.42232; 73.06073;80.00000;20.00000;0.67899;2
383.26999;48.08083;      -1.42133; 73.04532;80.00000;20.00000;0.67894;2
383.36899;48.08583;      -1.42143; 73.02413;80.00000;20.00000;0.67889;2
383.46899;48.09083;      -1.42153; 73.00872;80.00000;20.00000;0.67885;2
383.57501;48.09583;      -1.42109; 72.98849;80.00000;20.00000;0.67880;2
383.66800;48.10083;      -1.42032; 72.96922;80.00000;20.00000;0.67875;2
383.76999;48.10583;      -1.42042; 72.94707;80.00000;20.00000;0.67871;2
383.87900;48.11083;      -1.42009; 72.93744;80.00000;20.00000;0.67866;2
383.97800;48.11583;      -1.41976; 72.92299;80.00000;20.00000;0.67861;2
384.07401;48.12083;      -1.41963; 72.90565;80.00000;20.00000;0.67856;2
384.17001;48.12583;      -1.41940; 72.89505;80.00000;20.00000;0.67852;2
384.27899;48.13083;      -1.41918; 72.87772;80.00000;20.00000;0.67847;2
384.37799;48.13583;      -1.41896; 72.85749;80.00000;20.00000;0.67842;2
384.47501;48.14083;      -1.41786; 72.84111;80.00000;20.00000;0.67838;2
384.56799;48.14583;      -1.41687; 72.82570;80.00000;20.00000;0.67833;2
384.67899;48.15083;      -1.41633; 72.80643;80.00000;20.00000;0.67828;2
384.77200;48.15583;      -1.41653; 72.79102;80.00000;20.00000;0.67824;2
384.87299;48.16083;      -1.41608; 72.76887;80.00000;20.00000;0.67819;2
384.97800;48.16583;      -1.41554; 72.75731;80.00000;20.00000;0.67814;2
385.07901;48.17083;      -1.41509; 72.73515;80.00000;20.00000;0.67809;2
385.17001;48.17583;      -1.41421; 72.71878;80.00000;20.00000;0.67805;2
385.27899;48.18083;      -1.41377; 72.70337;80.00000;20.00000;0.67800;2
385.37701;48.18583;      -1.41365; 72.68699;80.00000;20.00000;0.67795;2
385.47900;48.19083;      -1.41364; 72.66484;80.00000;20.00000;0.67790;2
385.57999;48.19583;      -1.41374; 72.65520;80.00000;20.00000;0.67786;2
385.67599;48.20083;      -1.41340; 72.63209;80.00000;20.00000;0.67781;2
385.77399;48.20583;      -1.41307; 72.61764;80.00000;20.00000;0.67776;2
385.87900;48.21083;      -1.41306; 72.60993;80.00000;20.00000;0.67772;2
385.97800;48.21583;      -1.41251; 72.58778;80.00000;20.00000;0.67767;2
386.07901;48.22083;      -1.41174; 72.56562;80.00000;20.00000;0.67762;2
386.17999;48.22583;      -1.41075; 72.55984;80.00000;20.00000;0.67757;2
386.28101;48.23083;      -1.41009; 72.54058;80.00000;20.00000;0.67753;2
386.37601;48.23583;      -1.41008; 72.52131;80.00000;20.00000;0.67748;2
386.48499;48.24083;      -1.40942; 72.50108;80.00000;20.00000;0.67743;2
386.58099;48.24583;      -1.40930; 72.49338;80.00000;20.00000;0.67739;2
386.68201;48.25083;      -1.40929; 72.47411;80.00000;20.00000;0.67734;2
386.77899;48.25583;      -1.40906; 72.45677;80.00000;20.00000;0.67729;2
386.87900;48.26083;      -1.40905; 72.43558;80.00000;20.00000;0.67724;2
386.98001;48.26583;      -1.40893; 72.42402;80.00000;20.00000;0.67720;2
387.08200;48.27083;      -1.40860; 72.40765;80.00000;20.00000;0.67715;2
387.18399;48.27583;      -1.40826; 72.38549;80.00000;20.00000;0.67710;2
387.28299;48.28083;      -1.40749; 72.37393;80.00000;20.00000;0.67705;2
387.37799;48.28583;      -1.40672; 72.36141;80.00000;20.00000;0.67701;2
387.48901;48.29083;      -1.40661; 72.34407;80.00000;20.00000;0.67696;2
387.58401;48.29583;      -1.40616; 72.32577;80.00000;20.00000;0.67691;2
387.69199;48.30083;      -1.40561; 72.30554;80.00000;20.00000;0.67686;2
387.78400;48.30583;      -1.40473; 72.29495;80.00000;20.00000;0.67682;2
387.87900;48.31083;      -1.40428; 72.28146;80.00000;20.00000;0.67677;2
387.98099;48.31583;      -1.40383; 72.26123;80.00000;20.00000;0.67673;2
388.07901;48.32083;      -1.40328; 72.24004;80.00000;20.00000;0.67668;2
388.18399;48.32583;      -1.40294; 72.22848;80.00000;20.00000;0.67663;2
388.29001;48.33083;      -1.40240; 72.21211;80.00000;20.00000;0.67658;2
388.38599;48.33583;      -1.40206; 72.19092;80.00000;20.00000;0.67653;2
388.48801;48.34083;      -1.40216; 72.17454;80.00000;20.00000;0.67649;2
388.57599;48.34583;      -1.40213; 72.16395;80.00000;20.00000;0.67645;2
388.68100;48.35083;      -1.40191; 72.14275;80.00000;20.00000;0.67640;2
388.78101;48.35583;      -1.40157; 72.12349;80.00000;20.00000;0.67635;2
388.88901;48.36083;      -1.40135; 72.11097;80.00000;20.00000;0.67630;2
388.98801;48.36583;      -1.40080; 72.09555;80.00000;20.00000;0.67625;2
389.08099;48.37083;      -1.40034; 72.07147;80.00000;20.00000;0.67621;2
389.18900;48.37583;      -1.39958; 72.05991;80.00000;20.00000;0.67616;2
389.28400;48.38083;      -1.39946; 72.03776;80.00000;20.00000;0.67611;2
389.38901;48.38583;      -1.39934; 72.02235;80.00000;20.00000;0.67606;2
389.49899;48.39083;      -1.39869; 72.01079;80.00000;20.00000;0.67601;2
389.58200;48.39583;      -1.39833; 71.99441;80.00000;20.00000;0.67597;2
389.68399;48.40083;      -1.39811; 71.97707;80.00000;20.00000;0.67592;2
389.79099;48.40583;      -1.39788; 71.96552;80.00000;20.00000;0.67587;2
389.88199;48.41083;      -1.39765; 71.95299;80.00000;20.00000;0.67583;2
389.98999;48.41583;      -1.39721; 71.93758;80.00000;20.00000;0.67578;2
390.10300;48.42083;      -1.39667; 71.91446;80.00000;20.00000;0.67572;2
390.19000;48.42583;      -1.39534; 71.90001;80.00000;20.00000;0.67568;2
390.28900;48.43083;      -1.39522; 71.89520;80.00000;20.00000;0.67564;2
390.39401;48.43583;      -1.39543; 71.87690;80.00000;20.00000;0.67559;2
390.49399;48.44083;      -1.39531; 71.85282;80.00000;20.00000;0.67554;2
390.60101;48.44583;      -1.39509; 71.84607;80.00000;20.00000;0.67549;2
390.69299;48.45083;      -1.39365; 71.83259;80.00000;20.00000;0.67545;2
390.79001;48.45583;      -1.39320; 71.81236;80.00000;20.00000;0.67540;2
390.88300;48.46083;      -1.39297; 71.79502;80.00000;20.00000;0.67536;2
390.99301;48.46583;      -1.39231; 71.78346;80.00000;20.00000;0.67530;2
391.09299;48.47083;      -1.39165; 71.77094;80.00000;20.00000;0.67526;2
391.18399;48.47583;      -1.39087; 71.75167;80.00000;20.00000;0.67521;2
391.29401;48.48083;      -1.39076; 71.72759;80.00000;20.00000;0.67516;2
391.39700;48.48583;      -1.39064; 71.72085;80.00000;20.00000;0.67511;2
391.49200;48.49083;      -1.39030; 71.70736;80.00000;20.00000;0.67507;2
391.60501;48.49583;      -1.38997; 71.69099;80.00000;20.00000;0.67502;2
391.69299;48.50083;      -1.38929; 71.67461;80.00000;20.00000;0.67497;2
391.79001;48.50583;      -1.38841; 71.65727;80.00000;20.00000;0.67493;2
391.89401;48.51083;      -1.38731; 71.63608;80.00000;20.00000;0.67488;2
391.99600;48.51583;      -1.38687; 71.61874;80.00000;20.00000;0.67483;2
392.09799;48.52083;      -1.38631; 71.59852;80.00000;20.00000;0.67478;2
392.19800;48.52583;      -1.38608; 71.57829;80.00000;20.00000;0.67473;2
392.29199;48.53083;      -1.38596; 71.55806;80.00000;20.00000;0.67469;2
392.39499;48.53583;      -1.38562; 71.53976;80.00000;20.00000;0.67464;2
392.50101;48.54083;      -1.38507; 71.51375;80.00000;20.00000;0.67459;2
392.60199;48.54583;      -1.38451; 71.49545;80.00000;20.00000;0.67454;2
392.70200;48.55083;      -1.38407; 71.47522;80.00000;20.00000;0.67450;2
392.79199;48.55583;      -1.38361; 71.44921;80.00000;20.00000;0.67445;2
392.90201;48.56083;      -1.38295; 71.43380;80.00000;20.00000;0.67440;2
392.98599;48.56583;      -1.38260; 71.41165;80.00000;20.00000;0.67436;2
393.09799;48.57083;      -1.38227; 71.39527;80.00000;20.00000;0.67431;2
393.20001;48.57583;      -1.38182; 71.37890;80.00000;20.00000;0.67426;2
393.29999;48.58083;      -1.38116; 71.35867;80.00000;20.00000;0.67421;2
393.40100;48.58583;      -1.38060; 71.34422;80.00000;20.00000;0.67417;2
393.50101;48.59083;      -1.38005; 71.33266;80.00000;20.00000;0.67412;2
393.60300;48.59583;      -1.37927; 71.30858;80.00000;20.00000;0.67407;2
393.69800;48.60083;      -1.37860; 71.29124;80.00000;20.00000;0.67402;2
393.79401;48.60583;      -1.37859; 71.28064;80.00000;20.00000;0.67398;2
393.89600;48.61083;      -1.37825; 71.25945;80.00000;20.00000;0.67393;2
393.99899;48.61583;      -1.37813; 71.23922;80.00000;20.00000;0.67388;2
394.09201;48.62083;      -1.37789; 71.22766;80.00000;20.00000;0.67384;2
394.20300;48.62583;      -1.37735; 71.21129;80.00000;20.00000;0.67379;2
394.30399;48.63083;      -1.37657; 71.18817;80.00000;20.00000;0.67374;2
394.40302;48.63583;      -1.37579; 71.17372;80.00000;20.00000;0.67369;2
394.50000;48.64083;      -1.37512; 71.15349;80.00000;20.00000;0.67364;2
394.59201;48.64583;      -1.37434; 71.13712;80.00000;20.00000;0.67360;2
394.70001;48.65083;      -1.37390; 71.12267;80.00000;20.00000;0.67355;2
394.79199;48.65583;      -1.37355; 71.09474;80.00000;20.00000;0.67351;2
394.89200;48.66083;      -1.37321; 71.08029;80.00000;20.00000;0.67346;2
394.98801;48.66583;      -1.37254; 71.07740;80.00000;20.00000;0.67341;2
395.09100;48.67083;      -1.37199; 71.05717;80.00000;20.00000;0.67336;2
395.19199;48.67583;      -1.37165; 71.03309;80.00000;20.00000;0.67332;2
395.29700;48.68083;      -1.37131; 71.02057;80.00000;20.00000;0.67327;2
395.39499;48.68583;      -1.37075; 70.99263;80.00000;20.00000;0.67322;2
395.49799;48.69083;      -1.37009; 70.97722;80.00000;20.00000;0.67317;2
395.59601;48.69583;      -1.36953; 70.96470;80.00000;20.00000;0.67313;2
395.69800;48.70083;      -1.36897; 70.94640;80.00000;20.00000;0.67308;2
395.79700;48.70583;      -1.36775; 70.92713;80.00000;20.00000;0.67303;2
395.89001;48.71083;      -1.36664; 70.90498;80.00000;20.00000;0.67299;2
396.00201;48.71583;      -1.36675; 70.88860;80.00000;20.00000;0.67293;2
396.08899;48.72083;      -1.36640; 70.87222;80.00000;20.00000;0.67289;2
396.19101;48.72583;      -1.36584; 70.85200;80.00000;20.00000;0.67284;2
396.29300;48.73083;      -1.36441; 70.82888;80.00000;20.00000;0.67279;2
396.38901;48.73583;      -1.36385; 70.81732;80.00000;20.00000;0.67275;2
396.49100;48.74083;      -1.36318; 70.80094;80.00000;20.00000;0.67270;2
396.59000;48.74583;      -1.36251; 70.78072;80.00000;20.00000;0.67265;2
396.69299;48.75083;      -1.36206; 70.76338;80.00000;20.00000;0.67260;2
396.79300;48.75583;      -1.36074; 70.74315;80.00000;20.00000;0.67256;2
396.89600;48.76083;      -1.36062; 70.72774;80.00000;20.00000;0.67251;2
396.98700;48.76583;      -1.36060; 70.70655;80.00000;20.00000;0.67246;2
397.09500;48.77083;      -1.36048; 70.69017;80.00000;20.00000;0.67241;2
397.19501;48.77583;      -1.35981; 70.66898;80.00000;20.00000;0.67237;2
397.29300;48.78083;      -1.35947; 70.65260;80.00000;20.00000;0.67232;2
397.39700;48.78583;      -1.35902; 70.63623;80.00000;20.00000;0.67227;2
397.48499;48.79083;      -1.35812; 70.61504;80.00000;20.00000;0.67223;2
397.59100;48.79583;      -1.35746; 70.59288;80.00000;20.00000;0.67218;2
397.67999;48.80083;      -1.35689; 70.57747;80.00000;20.00000;0.67214;2
397.78500;48.80583;      -1.35645; 70.55628;80.00000;20.00000;0.67209;2
397.89401;48.81083;      -1.35491; 70.53798;80.00000;20.00000;0.67203;2
397.99100;48.81583;      -1.35424; 70.52256;80.00000;20.00000;0.67199;2
398.09799;48.82083;      -1.35368; 70.50234;80.00000;20.00000;0.67194;2
398.18301;48.82583;      -1.35311; 70.48500;80.00000;20.00000;0.67190;2
398.29001;48.83083;      -1.35255; 70.46381;80.00000;20.00000;0.67185;2
398.39200;48.83583;      -1.35178; 70.45128;80.00000;20.00000;0.67180;2
398.48999;48.84083;      -1.35154; 70.43683;80.00000;20.00000;0.67175;2
398.60501;48.84583;      -1.35143; 70.41564;80.00000;20.00000;0.67170;2
398.69400;48.85083;      -1.35086; 70.39927;80.00000;20.00000;0.67165;2
398.78601;48.85583;      -1.35051; 70.38289;80.00000;20.00000;0.67161;2
398.88599;48.86083;      -1.35006; 70.36074;80.00000;20.00000;0.67156;2
398.98999;48.86583;      -1.34950; 70.34436;80.00000;20.00000;0.67151;2
399.09299;48.87083;      -1.34873; 70.32221;80.00000;20.00000;0.67146;2
399.19901;48.87583;      -1.34817; 70.30969;80.00000;20.00000;0.67141;2
399.29199;48.88083;      -1.34717; 70.29042;80.00000;20.00000;0.67137;2
399.38400;48.88583;      -1.34638; 70.26923;80.00000;20.00000;0.67133;2
399.49899;48.89083;      -1.34594; 70.25574;80.00000;20.00000;0.67127;2
399.59500;48.89583;      -1.34592; 70.24418;80.00000;20.00000;0.67122;2
399.69199;48.90083;      -1.34558; 70.22396;80.00000;20.00000;0.67118;2
399.79599;48.90583;      -1.34447; 70.20180;80.00000;20.00000;0.67113;2
399.89099;48.91083;      -1.34401; 70.19506;80.00000;20.00000;0.67108;2
399.98999;48.91583;      -1.34312; 70.17483;80.00000;20.00000;0.67104;2
400.08899;48.92083;      -1.34234; 70.15075;80.00000;20.00000;0.67099;2
400.18600;48.92583;      -1.34112; 70.13823;80.00000;20.00000;0.67094;2
400.29599;48.93083;      -1.34068; 70.12089;80.00000;20.00000;0.67089;2
400.38699;48.93583;      -1.33967; 70.10066;80.00000;20.00000;0.67085;2
400.48999;48.94083;      -1.33889; 70.08525;80.00000;20.00000;0.67080;2
400.58701;48.94583;      -1.33832; 70.06406;80.00000;20.00000;0.67075;2
400.68701;48.95083;      -1.33853; 70.04672;80.00000;20.00000;0.67070;2
400.78601;48.95583;      -1.33786; 70.02553;80.00000;20.00000;0.67066;2
400.88800;48.96083;      -1.33751; 70.00722;80.00000;20.00000;0.67061;2
401.00101;48.96583;      -1.33696; 69.98700;80.00000;20.00000;0.67055;2
401.08801;48.97083;      -1.33639; 69.96869;80.00000;20.00000;0.67051;2
401.18900;48.97583;      -1.33572; 69.94847;80.00000;20.00000;0.67047;2
401.28299;48.98083;      -1.33515; 69.92920;80.00000;20.00000;0.67042;2
401.39001;48.98583;      -1.33448; 69.90801;80.00000;20.00000;0.67037;2
401.49899;48.99083;      -1.33448; 69.89260;80.00000;20.00000;0.67032;2
401.60101;48.99583;      -1.33348; 69.87237;80.00000;20.00000;0.67027;2
401.69699;49.00083;      -1.33280; 69.85310;80.00000;20.00000;0.67022;2
401.79300;49.00583;      -1.33213; 69.83095;80.00000;20.00000;0.67018;2
401.89700;49.01083;      -1.33124; 69.81554;80.00000;20.00000;0.67013;2
401.99399;49.01583;      -1.33034; 69.79338;80.00000;20.00000;0.67008;2
402.09900;49.02083;      -1.32978; 69.77797;80.00000;20.00000;0.67003;2
402.18900;49.02583;      -1.32921; 69.75582;80.00000;20.00000;0.66999;2
402.29099;49.03083;      -1.32865; 69.74329;80.00000;20.00000;0.66994;2
402.39301;49.03583;      -1.32809; 69.72307;80.00000;20.00000;0.66989;2
402.48401;49.04083;      -1.32751; 69.70187;80.00000;20.00000;0.66985;2
402.59299;49.04583;      -1.32674; 69.68068;80.00000;20.00000;0.66980;2
402.69199;49.05083;      -1.32618; 69.66527;80.00000;20.00000;0.66975;2
402.79199;49.05583;      -1.32572; 69.64312;80.00000;20.00000;0.66970;2
402.88000;49.06083;      -1.32504; 69.62770;80.00000;20.00000;0.66966;2
402.98700;49.06583;      -1.32448; 69.60555;80.00000;20.00000;0.66961;2
403.08499;49.07083;      -1.32391; 69.59303;80.00000;20.00000;0.66956;2
403.18500;49.07583;      -1.32346; 69.57183;80.00000;20.00000;0.66951;2
403.29001;49.08083;      -1.32268; 69.55353;80.00000;20.00000;0.66946;2
403.38400;49.08583;      -1.32167; 69.53812;80.00000;20.00000;0.66942;2
403.48300;49.09083;      -1.32056; 69.51789;80.00000;20.00000;0.66937;2
403.58701;49.09583;      -1.32043; 69.49670;80.00000;20.00000;0.66932;2
403.69400;49.10083;      -1.31988; 69.48129;80.00000;20.00000;0.66927;2
403.78699;49.10583;      -1.31887; 69.46106;80.00000;20.00000;0.66923;2
403.88901;49.11083;      -1.31819; 69.44469;80.00000;20.00000;0.66918;2
403.98801;49.11583;      -1.31719; 69.42446;80.00000;20.00000;0.66913;2
404.09201;49.12083;      -1.31663; 69.40134;80.00000;20.00000;0.66908;2
404.18500;49.12583;      -1.31584; 69.38593;80.00000;20.00000;0.66904;2
404.28500;49.13083;      -1.31560; 69.36666;80.00000;20.00000;0.66899;2
404.39001;49.13583;      -1.31493; 69.34547;80.00000;20.00000;0.66894;2
404.49100;49.14083;      -1.31316; 69.32043;80.00000;20.00000;0.66889;2
404.59601;49.14583;      -1.31205; 69.30405;80.00000;20.00000;0.66884;2
404.68799;49.15083;      -1.31136; 69.28864;80.00000;20.00000;0.66879;2
404.77899;49.15583;      -1.31068; 69.26552;80.00000;20.00000;0.66875;2
404.89200;49.16083;      -1.30980; 69.24337;80.00000;20.00000;0.66870;2
404.99100;49.16583;      -1.30901; 69.23566;80.00000;20.00000;0.66865;2
405.09698;49.17083;      -1.30856; 69.21158;80.00000;20.00000;0.66860;2
405.19101;49.17583;      -1.30788; 69.19809;80.00000;20.00000;0.66855;2
405.28201;49.18083;      -1.30708; 69.17016;80.00000;20.00000;0.66851;2
405.38699;49.18583;      -1.30619; 69.15186;80.00000;20.00000;0.66846;2
405.49301;49.19083;      -1.30563; 69.12874;80.00000;20.00000;0.66841;2
405.59900;49.19583;      -1.30507; 69.11911;80.00000;20.00000;0.66836;2
405.68399;49.20083;      -1.30438; 69.09406;80.00000;20.00000;0.66832;2
405.78400;49.20583;      -1.30392; 69.07480;80.00000;20.00000;0.66827;2
405.88599;49.21083;      -1.30325; 69.05457;80.00000;20.00000;0.66822;2
405.99100;49.21583;      -1.30236; 69.03723;80.00000;20.00000;0.66817;2
406.09399;49.22083;      -1.30157; 69.01700;80.00000;20.00000;0.66812;2
406.18500;49.22583;      -1.30111; 68.99870;80.00000;20.00000;0.66808;2
406.30099;49.23083;      -1.30045; 68.97654;80.00000;20.00000;0.66802;2
406.38501;49.23583;      -1.29965; 68.95824;80.00000;20.00000;0.66798;2
406.49200;49.24083;      -1.29875; 68.93898;80.00000;20.00000;0.66793;2
406.59799;49.24583;      -1.29786; 68.92260;80.00000;20.00000;0.66788;2
406.69400;49.25083;      -1.29729; 68.90141;80.00000;20.00000;0.66784;2
406.79300;49.25583;      -1.29694; 68.87829;80.00000;20.00000;0.66779;2
406.88800;49.26083;      -1.29582; 68.86481;80.00000;20.00000;0.66774;2
406.98700;49.26583;      -1.29404; 68.84073;80.00000;20.00000;0.66769;2
407.09698;49.27083;      -1.29337; 68.82724;80.00000;20.00000;0.66764;2
407.19101;49.27583;      -1.29247; 68.80220;80.00000;20.00000;0.66760;2
407.28900;49.28083;      -1.29146; 68.79064;80.00000;20.00000;0.66755;2
407.39600;49.28583;      -1.29112; 68.77137;80.00000;20.00000;0.66750;2
407.48801;49.29083;      -1.29087; 68.75018;80.00000;20.00000;0.66745;2
407.58600;49.29583;      -1.28964; 68.73862;80.00000;20.00000;0.66741;2
407.69299;49.30083;      -1.28864; 68.71839;80.00000;20.00000;0.66736;2
407.78699;49.30583;      -1.28818; 68.69817;80.00000;20.00000;0.66731;2
407.89099;49.31083;      -1.28838; 68.67601;80.00000;20.00000;0.66726;2
407.98599;49.31583;      -1.28814; 68.66060;80.00000;20.00000;0.66722;2
408.09299;49.32083;      -1.28714; 68.64422;80.00000;20.00000;0.66716;2
408.19400;49.32583;      -1.28646; 68.62496;80.00000;20.00000;0.66712;2
408.28400;49.33083;      -1.28555; 68.60377;80.00000;20.00000;0.66707;2
408.38400;49.33583;      -1.28399; 68.58161;80.00000;20.00000;0.66703;2
408.48300;49.34083;      -1.28298; 68.56524;80.00000;20.00000;0.66698;2
408.57501;49.34583;      -1.28241; 68.54790;80.00000;20.00000;0.66693;2
408.68301;49.35083;      -1.28207; 68.53056;80.00000;20.00000;0.66688;2
408.78699;49.35583;      -1.28117; 68.50551;80.00000;20.00000;0.66683;2
408.88599;49.36083;      -1.28060; 68.48336;80.00000;20.00000;0.66678;2
408.98001;49.36583;      -1.28036; 68.47084;80.00000;20.00000;0.66674;2
409.09100;49.37083;      -1.27958; 68.45061;80.00000;20.00000;0.66669;2
409.18399;49.37583;      -1.27845; 68.43134;80.00000;20.00000;0.66664;2
409.28000;49.38083;      -1.27766; 68.41208;80.00000;20.00000;0.66660;2
409.37701;49.38583;      -1.27752; 68.39570;80.00000;20.00000;0.66655;2
409.48901;49.39083;      -1.27652; 68.37933;80.00000;20.00000;0.66650;2
409.58401;49.39583;      -1.27518; 68.35814;80.00000;20.00000;0.66645;2
409.67401;49.40083;      -1.27394; 68.33598;80.00000;20.00000;0.66641;2
409.77200;49.40583;      -1.27337; 68.31961;80.00000;20.00000;0.66636;2
409.87799;49.41083;      -1.27225; 68.29938;80.00000;20.00000;0.66631;2
409.98099;49.41583;      -1.27102; 68.28011;80.00000;20.00000;0.66626;2
410.08401;49.42083;      -1.27023; 68.26085;80.00000;20.00000;0.66621;2
410.17801;49.42583;      -1.26933; 68.24255;80.00000;20.00000;0.66616;2
410.28101;49.43083;      -1.26843; 68.22328;80.00000;20.00000;0.66611;2
410.38101;49.43583;      -1.26797; 68.20305;80.00000;20.00000;0.66607;2
410.48199;49.44083;      -1.26729; 68.18186;80.00000;20.00000;0.66602;2
410.58801;49.44583;      -1.26727; 68.16934;80.00000;20.00000;0.66597;2
410.68600;49.45083;      -1.26681; 68.14815;80.00000;20.00000;0.66592;2
410.78500;49.45583;      -1.26547; 68.13177;80.00000;20.00000;0.66587;2
410.87299;49.46083;      -1.26511; 68.11636;80.00000;20.00000;0.66583;2
410.97699;49.46583;      -1.26443; 68.09324;80.00000;20.00000;0.66578;2
411.07901;49.47083;      -1.26309; 68.08072;80.00000;20.00000;0.66573;2
411.17499;49.47583;      -1.26130; 68.05760;80.00000;20.00000;0.66569;2
411.28799;49.48083;      -1.26030; 68.04123;80.00000;20.00000;0.66563;2
411.37900;49.48583;      -1.25950; 68.01907;80.00000;20.00000;0.66559;2
411.47601;49.49083;      -1.25914; 67.99692;80.00000;20.00000;0.66554;2
411.57501;49.49583;      -1.25824; 67.97765;80.00000;20.00000;0.66549;2
411.67801;49.50083;      -1.25723; 67.95550;80.00000;20.00000;0.66544;2
411.77600;49.50583;      -1.25676; 67.93334;80.00000;20.00000;0.66540;2
411.87799;49.51083;      -1.25608; 67.91119;80.00000;20.00000;0.66535;2
411.97400;49.51583;      -1.25529; 67.88518;80.00000;20.00000;0.66530;2
412.07700;49.52083;      -1.25439; 67.86977;80.00000;20.00000;0.66525;2
412.17499;49.52583;      -1.25359; 67.84761;80.00000;20.00000;0.66520;2
412.27399;49.53083;      -1.25346; 67.82546;80.00000;20.00000;0.66516;2
412.37100;49.53583;      -1.25344; 67.80523;80.00000;20.00000;0.66511;2
412.48099;49.54083;      -1.25310; 67.78308;80.00000;20.00000;0.66506;2
412.57501;49.54583;      -1.25219; 67.75996;80.00000;20.00000;0.66501;2
412.67001;49.55083;      -1.25106; 67.74647;80.00000;20.00000;0.66497;2
412.77899;49.55583;      -1.25005; 67.72335;80.00000;20.00000;0.66491;2
412.87601;49.56083;      -1.24903; 67.70024;80.00000;20.00000;0.66487;2
412.97699;49.56583;      -1.24791; 67.68386;80.00000;20.00000;0.66482;2
413.07101;49.57083;      -1.24722; 67.66267;80.00000;20.00000;0.66477;2
413.17200;49.57583;      -1.24631; 67.64148;80.00000;20.00000;0.66472;2
413.27200;49.58083;      -1.24519; 67.61932;80.00000;20.00000;0.66468;2
413.37500;49.58583;      -1.24429; 67.59620;80.00000;20.00000;0.66463;2
413.47198;49.59083;      -1.24349; 67.58272;80.00000;20.00000;0.66458;2
413.56799;49.59583;      -1.24269; 67.55671;80.00000;20.00000;0.66453;2
413.67899;49.60083;      -1.24146; 67.53263;80.00000;20.00000;0.66448;2
413.78201;49.60583;      -1.24045; 67.51722;80.00000;20.00000;0.66443;2
413.87201;49.61083;      -1.23931; 67.49410;80.00000;20.00000;0.66439;2
413.97400;49.61583;      -1.23863; 67.47098;80.00000;20.00000;0.66434;2
414.07001;49.62083;      -1.23794; 67.45750;80.00000;20.00000;0.66429;2
414.17300;49.62583;      -1.23737; 67.43438;80.00000;20.00000;0.66424;2
414.27301;49.63083;      -1.23669; 67.41800;80.00000;20.00000;0.66419;2
414.36700;49.63583;      -1.23567; 67.39585;80.00000;20.00000;0.66415;2
414.47000;49.64083;      -1.23487; 67.37851;80.00000;20.00000;0.66410;2
414.56601;49.64583;      -1.23496; 67.35250;80.00000;20.00000;0.66405;2
414.67001;49.65083;      -1.23417; 67.33516;80.00000;20.00000;0.66400;2
414.76801;49.65583;      -1.23304; 67.31782;80.00000;20.00000;0.66396;2
414.87100;49.66083;      -1.23125; 67.29760;80.00000;20.00000;0.66391;2
414.95999;49.66583;      -1.23044; 67.27929;80.00000;20.00000;0.66386;2
415.07101;49.67083;      -1.22943; 67.25040;80.00000;20.00000;0.66381;2
415.16400;49.67583;      -1.22885; 67.23017;80.00000;20.00000;0.66376;2
415.26199;49.68083;      -1.22772; 67.21476;80.00000;20.00000;0.66372;2
415.36600;49.68583;      -1.22737; 67.19357;80.00000;20.00000;0.66367;2
415.46301;49.69083;      -1.22668; 67.17430;80.00000;20.00000;0.66362;2
415.55600;49.69583;      -1.22621; 67.15118;80.00000;20.00000;0.66358;2
415.66299;49.70083;      -1.22575; 67.12806;80.00000;20.00000;0.66352;2
415.76300;49.70583;      -1.22418; 67.11073;80.00000;20.00000;0.66348;2
415.85800;49.71083;      -1.22294; 67.09146;80.00000;20.00000;0.66343;2
415.95901;49.71583;      -1.22203; 67.07027;80.00000;20.00000;0.66338;2
416.06299;49.72083;      -1.22112; 67.05197;80.00000;20.00000;0.66333;2
416.16199;49.72583;      -1.22022; 67.03270;80.00000;20.00000;0.66328;2
416.25699;49.73083;      -1.21908; 67.01344;80.00000;20.00000;0.66324;2
416.35800;49.73583;      -1.21795; 66.99128;80.00000;20.00000;0.66319;2
416.46500;49.74083;      -1.21672; 66.97972;80.00000;20.00000;0.66314;2
416.56000;49.74583;      -1.21669; 66.96431;80.00000;20.00000;0.66309;2
416.66000;49.75083;      -1.21567; 66.94312;80.00000;20.00000;0.66304;2
416.75601;49.75583;      -1.21476; 66.92097;80.00000;20.00000;0.66300;2
416.86301;49.76083;      -1.21430; 66.90555;80.00000;20.00000;0.66295;2
416.94901;49.76583;      -1.21371; 66.88436;80.00000;20.00000;0.66290;2
417.05399;49.77083;      -1.21314; 66.86413;80.00000;20.00000;0.66285;2
417.15900;49.77583;      -1.21223; 66.84198;80.00000;20.00000;0.66280;2
417.26501;49.78083;      -1.21099; 66.82753;80.00000;20.00000;0.66275;2
417.36099;49.78583;      -1.20986; 66.80537;80.00000;20.00000;0.66270;2
417.45499;49.79083;      -1.20894; 66.78804;80.00000;20.00000;0.66266;2
417.56000;49.79583;      -1.20837; 66.76203;80.00000;20.00000;0.66261;2
417.65799;49.80083;      -1.20746; 66.74373;80.00000;20.00000;0.66256;2
417.75699;49.80583;      -1.20677; 66.72446;80.00000;20.00000;0.66251;2
417.84799;49.81083;      -1.20596; 66.69845;80.00000;20.00000;0.66247;2
417.95499;49.81583;      -1.20517; 66.68304;80.00000;20.00000;0.66242;2
418.04999;49.82083;      -1.20414; 66.65896;80.00000;20.00000;0.66237;2
418.14801;49.82583;      -1.20334; 66.63584;80.00000;20.00000;0.66232;2
418.26099;49.83083;      -1.20266; 66.62139;80.00000;20.00000;0.66227;2
418.35501;49.83583;      -1.20197; 66.59442;80.00000;20.00000;0.66222;2
418.45200;49.84083;      -1.20094; 66.57708;80.00000;20.00000;0.66218;2
418.56000;49.84583;      -1.20004; 66.55686;80.00000;20.00000;0.66213;2
418.66000;49.85083;      -1.19913; 66.53663;80.00000;20.00000;0.66208;2
418.75101;49.85583;      -1.19788; 66.51447;80.00000;20.00000;0.66203;2
418.84500;49.86083;      -1.19674; 66.50002;80.00000;20.00000;0.66199;2
418.95499;49.86583;      -1.19583; 66.47691;80.00000;20.00000;0.66193;2
419.05200;49.87083;      -1.19570; 66.45571;80.00000;20.00000;0.66189;2
419.14700;49.87583;      -1.19534; 66.43452;80.00000;20.00000;0.66184;2
419.25201;49.88083;      -1.19421; 66.41622;80.00000;20.00000;0.66179;2
419.34900;49.88583;      -1.19218; 66.39696;80.00000;20.00000;0.66174;2
419.45700;49.89083;      -1.19039; 66.37095;80.00000;20.00000;0.66169;2
419.55399;49.89583;      -1.18914; 66.35554;80.00000;20.00000;0.66164;2
419.64401;49.90083;      -1.18822; 66.33049;80.00000;20.00000;0.66160;2
419.74200;49.90583;      -1.18719; 66.30834;80.00000;20.00000;0.66155;2
419.84698;49.91083;      -1.18684; 66.29100;80.00000;20.00000;0.66150;2
419.94601;49.91583;      -1.18615; 66.26499;80.00000;20.00000;0.66145;2
420.04099;49.92083;      -1.18578; 66.24765;80.00000;20.00000;0.66141;2
420.14801;49.92583;      -1.18466; 66.22742;80.00000;20.00000;0.66136;2
420.25299;49.93083;      -1.18319; 66.20623;80.00000;20.00000;0.66131;2
420.34698;49.93583;      -1.18227; 66.18408;80.00000;20.00000;0.66126;2
420.44800;49.94083;      -1.18214; 66.16867;80.00000;20.00000;0.66121;2
420.53900;49.94583;      -1.18177; 66.14747;80.00000;20.00000;0.66117;2
420.64099;49.95083;      -1.18086; 66.12917;80.00000;20.00000;0.66112;2
420.74500;49.95583;      -1.17995; 66.10316;80.00000;20.00000;0.66107;2
420.84500;49.96083;      -1.17903; 66.08679;80.00000;20.00000;0.66102;2
420.94000;49.96583;      -1.17789; 66.06560;80.00000;20.00000;0.66097;2
421.04199;49.97083;      -1.17698; 66.04537;80.00000;20.00000;0.66092;2
421.14401;49.97583;      -1.17596; 66.02225;80.00000;20.00000;0.66087;2
421.23700;49.98083;      -1.17504; 66.00395;80.00000;20.00000;0.66083;2
421.34299;49.98583;      -1.17413; 65.97987;80.00000;20.00000;0.66078;2
421.44601;49.99083;      -1.17310; 65.96060;80.00000;20.00000;0.66073;2
421.54901;49.99583;      -1.17219; 65.94326;80.00000;20.00000;0.66068;2
421.64899;50.00083;      -1.17127; 65.92400;80.00000;20.00000;0.66063;2
421.74399;50.00583;      -1.17047; 65.89992;80.00000;20.00000;0.66058;2
421.84500;50.01083;      -1.16955; 65.87873;80.00000;20.00000;0.66054;2
421.93799;50.01583;      -1.16863; 65.86139;80.00000;20.00000;0.66049;2
422.04700;50.02083;      -1.16739; 65.83827;80.00000;20.00000;0.66044;2
422.14099;50.02583;      -1.16647; 65.81515;80.00000;20.00000;0.66039;2
422.24301;50.03083;      -1.16589; 65.80070;80.00000;20.00000;0.66034;2
422.33899;50.03583;      -1.16608; 65.77759;80.00000;20.00000;0.66030;2
422.43900;50.04083;      -1.16539; 65.75543;80.00000;20.00000;0.66025;2
422.53900;50.04583;      -1.16414; 65.73424;80.00000;20.00000;0.66020;2
422.64600;50.05083;      -1.16211; 65.71401;80.00000;20.00000;0.66015;2
422.73099;50.05583;      -1.16096; 65.69186;80.00000;20.00000;0.66011;2
422.84000;50.06083;      -1.16016; 65.66970;80.00000;20.00000;0.66005;2
422.94699;50.06583;      -1.15892; 65.64851;80.00000;20.00000;0.66000;2
423.04300;50.07083;      -1.15855; 65.62828;80.00000;20.00000;0.65995;2
423.13699;50.07583;      -1.15786; 65.60709;80.00000;20.00000;0.65991;2
423.22900;50.08083;      -1.15671; 65.58879;80.00000;20.00000;0.65986;2
423.33200;50.08583;      -1.15568; 65.56856;80.00000;20.00000;0.65981;2
423.44000;50.09083;      -1.15444; 65.54640;80.00000;20.00000;0.65976;2
423.53400;50.09583;      -1.15340; 65.52907;80.00000;20.00000;0.65972;2
423.64099;50.10083;      -1.15227; 65.50884;80.00000;20.00000;0.65966;2
423.73300;50.10583;      -1.15090; 65.48668;80.00000;20.00000;0.65962;2
423.83401;50.11083;      -1.14987; 65.47031;80.00000;20.00000;0.65957;2
423.92700;50.11583;      -1.14906; 65.45008;80.00000;20.00000;0.65953;2
424.03601;50.12083;      -1.14826; 65.42889;80.00000;20.00000;0.65947;2
424.13501;50.12583;      -1.14756; 65.40673;80.00000;20.00000;0.65942;2
424.22900;50.13083;      -1.14664; 65.38554;80.00000;20.00000;0.65938;2
424.32999;50.13583;      -1.14583; 65.35857;80.00000;20.00000;0.65933;2
424.42899;50.14083;      -1.14525; 65.33064;80.00000;20.00000;0.65928;2
424.53400;50.14583;      -1.14444; 65.30559;80.00000;20.00000;0.65923;2
424.62100;50.15083;      -1.14351; 65.28536;80.00000;20.00000;0.65919;2
424.73099;50.15583;      -1.14216; 65.26706;80.00000;20.00000;0.65913;2
424.82300;50.16083;      -1.14078; 65.24587;80.00000;20.00000;0.65909;2
424.92499;50.16583;      -1.13987; 65.22179;80.00000;20.00000;0.65904;2
425.02399;50.17083;      -1.13917; 65.20060;80.00000;20.00000;0.65899;2
425.12100;50.17583;      -1.13791; 65.18133;80.00000;20.00000;0.65895;2
425.22699;50.18083;      -1.13655; 65.15725;80.00000;20.00000;0.65889;2
425.32199;50.18583;      -1.13574; 65.13895;80.00000;20.00000;0.65885;2
425.42499;50.19083;      -1.13460; 65.11872;80.00000;20.00000;0.65880;2
425.52100;50.19583;      -1.13367; 65.09946;80.00000;20.00000;0.65875;2
425.62100;50.20083;      -1.13253; 65.07730;80.00000;20.00000;0.65870;2
425.71899;50.20583;      -1.13161; 65.05322;80.00000;20.00000;0.65865;2
425.80701;50.21083;      -1.13045; 65.03395;80.00000;20.00000;0.65861;2
425.92401;50.21583;      -1.12899; 65.01565;80.00000;20.00000;0.65856;2
426.02499;50.22083;      -1.12729; 64.99446;80.00000;20.00000;0.65851;2
426.10901;50.22583;      -1.12669; 64.97038;80.00000;20.00000;0.65847;2
426.20999;50.23083;      -1.12655; 64.95786;80.00000;20.00000;0.65842;2
426.31699;50.23583;      -1.12552; 64.93570;80.00000;20.00000;0.65836;2
426.40900;50.24083;      -1.12493; 64.91933;80.00000;20.00000;0.65832;2
426.51801;50.24583;      -1.12435; 64.89814;80.00000;20.00000;0.65827;2
426.60800;50.25083;      -1.12342; 64.87694;80.00000;20.00000;0.65822;2
426.69800;50.25583;      -1.12260; 64.85672;80.00000;20.00000;0.65818;2
426.80399;50.26083;      -1.12090; 64.83552;80.00000;20.00000;0.65813;2
426.90900;50.26583;      -1.11943; 64.81337;80.00000;20.00000;0.65808;2
427.01700;50.27083;      -1.11829; 64.80085;80.00000;20.00000;0.65802;2
427.09900;50.27583;      -1.11724; 64.77580;80.00000;20.00000;0.65798;2
427.20599;50.28083;      -1.11643; 64.75269;80.00000;20.00000;0.65793;2
427.30399;50.28583;      -1.11517; 64.73727;80.00000;20.00000;0.65788;2
427.41299;50.29083;      -1.11392; 64.71608;80.00000;20.00000;0.65783;2
427.50699;50.29583;      -1.11344; 64.69874;80.00000;20.00000;0.65779;2
427.60901;50.30083;      -1.11285; 64.67370;80.00000;20.00000;0.65774;2
427.70001;50.30583;      -1.11192; 64.65732;80.00000;20.00000;0.65769;2
427.79999;50.31083;      -1.11022; 64.63709;80.00000;20.00000;0.65764;2
427.90500;50.31583;      -1.10952; 64.61590;80.00000;20.00000;0.65759;2
428.00400;50.32083;      -1.10949; 64.59471;80.00000;20.00000;0.65754;2
428.10300;50.32583;      -1.10857; 64.57352;80.00000;20.00000;0.65749;2
428.20401;50.33083;      -1.10753; 64.55714;80.00000;20.00000;0.65745;2
428.29999;50.33583;      -1.10649; 64.53403;80.00000;20.00000;0.65740;2
428.39999;50.34083;      -1.10557; 64.51284;80.00000;20.00000;0.65735;2
428.50400;50.34583;      -1.10431; 64.49453;80.00000;20.00000;0.65730;2
428.59299;50.35083;      -1.10304; 64.47431;80.00000;20.00000;0.65726;2
428.69400;50.35583;      -1.10257; 64.45022;80.00000;20.00000;0.65721;2
428.80600;50.36083;      -1.10210; 64.42807;80.00000;20.00000;0.65715;2
428.89899;50.36583;      -1.10128; 64.41266;80.00000;20.00000;0.65711;2
429.00101;50.37083;      -1.10002; 64.39147;80.00000;20.00000;0.65706;2
429.10101;50.37583;      -1.09921; 64.37316;80.00000;20.00000;0.65701;2
429.20001;50.38083;      -1.09828; 64.34812;80.00000;20.00000;0.65696;2
429.29501;50.38583;      -1.09668; 64.33174;80.00000;20.00000;0.65691;2
429.40100;50.39083;      -1.09542; 64.31152;80.00000;20.00000;0.65686;2
429.49301;50.39583;      -1.09416; 64.29129;80.00000;20.00000;0.65682;2
429.60001;50.40083;      -1.09301; 64.27010;80.00000;20.00000;0.65677;2
429.69699;50.40583;      -1.09186; 64.25565;80.00000;20.00000;0.65672;2
429.80899;50.41083;      -1.09072; 64.23349;80.00000;20.00000;0.65666;2
429.89499;50.41583;      -1.09023; 64.21230;80.00000;20.00000;0.65662;2
429.99899;50.42083;      -1.08998; 64.19111;80.00000;20.00000;0.65657;2
430.09799;50.42583;      -1.08860; 64.17377;80.00000;20.00000;0.65652;2
430.19400;50.43083;      -1.08745; 64.15451;80.00000;20.00000;0.65648;2
430.29599;50.43583;      -1.08708; 64.13524;80.00000;20.00000;0.65643;2
430.40201;50.44083;      -1.08695; 64.11405;80.00000;20.00000;0.65637;2
430.48499;50.44583;      -1.08623; 64.10056;80.00000;20.00000;0.65633;2
430.59100;50.45083;      -1.08564; 64.07841;80.00000;20.00000;0.65628;2
430.70001;50.45583;      -1.08517; 64.05722;80.00000;20.00000;0.65623;2
430.78601;50.46083;      -1.08311; 64.03603;80.00000;20.00000;0.65619;2
430.88400;50.46583;      -1.08218; 64.02061;80.00000;20.00000;0.65614;2
430.98999;50.47083;      -1.08148; 64.00039;80.00000;20.00000;0.65609;2
431.09000;50.47583;      -1.08056; 63.98016;80.00000;20.00000;0.65604;2
431.18799;50.48083;      -1.07974; 63.95800;80.00000;20.00000;0.65599;2
431.28900;50.48583;      -1.07881; 63.94066;80.00000;20.00000;0.65594;2
431.38199;50.49083;      -1.07754; 63.91755;80.00000;20.00000;0.65590;2
431.48901;50.49583;      -1.07617; 63.89635;80.00000;20.00000;0.65584;2
431.58600;50.50083;      -1.07468; 63.87516;80.00000;20.00000;0.65580;2
431.68100;50.50583;      -1.07375; 63.85301;80.00000;20.00000;0.65575;2
431.79199;50.51083;      -1.07305; 63.83182;80.00000;20.00000;0.65570;2
431.88901;50.51583;      -1.07335; 63.80581;80.00000;20.00000;0.65565;2
431.99301;50.52083;      -1.07288; 63.78943;80.00000;20.00000;0.65560;2
432.08899;50.52583;      -1.07228; 63.76439;80.00000;20.00000;0.65555;2
432.18900;50.53083;      -1.07158; 63.74320;80.00000;20.00000;0.65550;2
432.28500;50.53583;      -1.07042; 63.72490;80.00000;20.00000;0.65546;2
432.38300;50.54083;      -1.06949; 63.69889;80.00000;20.00000;0.65541;2
432.48499;50.54583;      -1.06923; 63.68251;80.00000;20.00000;0.65536;2
432.58499;50.55083;      -1.06842; 63.66132;80.00000;20.00000;0.65531;2
432.68600;50.55583;      -1.06681; 63.63339;80.00000;20.00000;0.65526;2
432.79199;50.56083;      -1.06522; 63.62086;80.00000;20.00000;0.65521;2
432.89099;50.56583;      -1.06384; 63.59871;80.00000;20.00000;0.65516;2
432.98700;50.57083;      -1.06257; 63.57559;80.00000;20.00000;0.65511;2
433.07800;50.57583;      -1.06140; 63.55633;80.00000;20.00000;0.65507;2
433.17801;50.58083;      -1.06070; 63.53417;80.00000;20.00000;0.65502;2
433.27399;50.58583;      -1.06066; 63.51202;80.00000;20.00000;0.65497;2
433.38699;50.59083;      -1.06019; 63.49564;80.00000;20.00000;0.65492;2
433.49301;50.59583;      -1.05982; 63.47156;80.00000;20.00000;0.65487;2
433.58899;50.60083;      -1.05900; 63.45037;80.00000;20.00000;0.65482;2
433.68900;50.60583;      -1.05818; 63.43592;80.00000;20.00000;0.65477;2
433.77802;50.61083;      -1.05691; 63.41376;80.00000;20.00000;0.65473;2
433.89301;50.61583;      -1.05588; 63.39643;80.00000;20.00000;0.65467;2
433.98999;50.62083;      -1.05427; 63.37716;80.00000;20.00000;0.65462;2
434.08801;50.62583;      -1.05232; 63.36175;80.00000;20.00000;0.65457;2
434.18600;50.63083;      -1.05117; 63.34248;80.00000;20.00000;0.65453;2
434.28400;50.63583;      -1.05068; 63.31648;80.00000;20.00000;0.65448;2
434.37500;50.64083;      -1.04997; 63.30395;80.00000;20.00000;0.65443;2
434.48001;50.64583;      -1.04926; 63.28469;80.00000;20.00000;0.65438;2
434.59399;50.65083;      -1.04823; 63.25964;80.00000;20.00000;0.65433;2
434.67700;50.65583;      -1.04672; 63.23653;80.00000;20.00000;0.65429;2
434.77899;50.66083;      -1.04545; 63.21437;80.00000;20.00000;0.65424;2
434.88101;50.66583;      -1.04452; 63.19800;80.00000;20.00000;0.65419;2
434.97900;50.67083;      -1.04381; 63.17392;80.00000;20.00000;0.65414;2
435.07700;50.67583;      -1.04367; 63.15272;80.00000;20.00000;0.65409;2
435.17899;50.68083;      -1.04262; 63.13731;80.00000;20.00000;0.65404;2
435.27600;50.68583;      -1.04146; 63.10745;80.00000;20.00000;0.65399;2
435.38101;50.69083;      -1.04019; 63.08722;80.00000;20.00000;0.65394;2
435.47198;50.69583;      -1.03937; 63.06218;80.00000;20.00000;0.65390;2
435.57401;50.70083;      -1.03855; 63.04388;80.00000;20.00000;0.65385;2
435.66800;50.70583;      -1.03727; 63.02846;80.00000;20.00000;0.65380;2
435.78500;50.71083;      -1.03601; 63.00438;80.00000;20.00000;0.65374;2
435.87299;50.71583;      -1.03496; 62.98319;80.00000;20.00000;0.65370;2
435.97400;50.72083;      -1.03447; 62.96489;80.00000;20.00000;0.65365;2
436.07300;50.72583;      -1.03399; 62.94562;80.00000;20.00000;0.65360;2
436.17899;50.73083;      -1.03362; 62.92732;80.00000;20.00000;0.65355;2
436.27600;50.73583;      -1.03257; 62.90709;80.00000;20.00000;0.65350;2
436.37299;50.74083;      -1.03107; 62.88494;80.00000;20.00000;0.65346;2
436.46799;50.74583;      -1.03036; 62.86856;80.00000;20.00000;0.65341;2
436.57001;50.75083;      -1.02920; 62.84448;80.00000;20.00000;0.65336;2
436.67300;50.75583;      -1.02849; 62.82329;80.00000;20.00000;0.65331;2
436.77301;50.76083;      -1.02812; 62.80499;80.00000;20.00000;0.65326;2
436.86401;50.76583;      -1.02729; 62.77995;80.00000;20.00000;0.65322;2
436.97198;50.77083;      -1.02625; 62.76164;80.00000;20.00000;0.65316;2
437.07199;50.77583;      -1.02553; 62.74142;80.00000;20.00000;0.65311;2
437.17401;50.78083;      -1.02370; 62.71637;80.00000;20.00000;0.65306;2
437.26099;50.78583;      -1.02197; 62.70000;80.00000;20.00000;0.65302;2
437.36600;50.79083;      -1.02081; 62.67591;80.00000;20.00000;0.65297;2
437.45901;50.79583;      -1.01987; 62.65472;80.00000;20.00000;0.65292;2
437.55200;50.80083;      -1.01881; 62.63642;80.00000;20.00000;0.65288;2
437.65302;50.80583;      -1.01821; 62.61619;80.00000;20.00000;0.65283;2
437.75699;50.81083;      -1.01762; 62.59404;80.00000;20.00000;0.65278;2
437.85501;50.81583;      -1.01646; 62.57285;80.00000;20.00000;0.65273;2
437.96100;50.82083;      -1.01541; 62.55551;80.00000;20.00000;0.65268;2
438.05099;50.82583;      -1.01458; 62.53528;80.00000;20.00000;0.65263;2
438.15302;50.83083;      -1.01364; 62.51601;80.00000;20.00000;0.65258;2
438.25500;50.83583;      -1.01248; 62.49482;80.00000;20.00000;0.65253;2
438.35199;50.84083;      -1.01154; 62.47748;80.00000;20.00000;0.65249;2
438.45001;50.84583;      -1.01071; 62.45726;80.00000;20.00000;0.65244;2
438.55600;50.85083;      -1.00989; 62.43414;80.00000;20.00000;0.65239;2
438.64301;50.85583;      -1.00872; 62.42162;80.00000;20.00000;0.65234;2
438.74600;50.86083;      -1.00790; 62.39657;80.00000;20.00000;0.65229;2
438.85101;50.86583;      -1.00708; 62.38405;80.00000;20.00000;0.65224;2
438.94901;50.87083;      -1.00625; 62.36093;80.00000;20.00000;0.65219;2
439.05200;50.87583;      -1.00543; 62.34359;80.00000;20.00000;0.65214;2
439.14899;50.88083;      -1.00505; 62.32722;80.00000;20.00000;0.65209;2
439.24899;50.88583;      -1.00400; 62.30121;80.00000;20.00000;0.65205;2
439.33899;50.89083;      -1.00305; 62.28194;80.00000;20.00000;0.65200;2
439.44000;50.89583;      -1.00132; 62.26172;80.00000;20.00000;0.65195;2
439.54700;50.90083;      -1.00107; 62.24149;80.00000;20.00000;0.65190;2
439.65100;50.90583;      -1.00081; 62.21933;80.00000;20.00000;0.65185;2
439.74100;50.91083;      -0.99986; 62.20296;80.00000;20.00000;0.65180;2
439.84799;50.91583;      -0.99892; 62.18562;80.00000;20.00000;0.65175;2
439.94400;50.92083;      -0.99798; 62.16539;80.00000;20.00000;0.65170;2
440.04099;50.92583;      -0.99704; 62.14420;80.00000;20.00000;0.65166;2
440.14200;50.93083;      -0.99610; 62.12879;80.00000;20.00000;0.65161;2
440.23700;50.93583;      -0.99482; 62.10952;80.00000;20.00000;0.65156;2
440.34000;50.94083;      -0.99343; 62.09122;80.00000;20.00000;0.65151;2
440.43900;50.94583;      -0.99249; 62.07581;80.00000;20.00000;0.65146;2
440.53699;50.95083;      -0.99166; 62.05558;80.00000;20.00000;0.65141;2
440.63599;50.95583;      -0.99083; 62.03824;80.00000;20.00000;0.65136;2
440.73999;50.96083;      -0.98989; 62.01705;80.00000;20.00000;0.65131;2
440.83801;50.96583;      -0.98963; 61.99586;80.00000;20.00000;0.65127;2
440.93500;50.97083;      -0.98936; 61.97756;80.00000;20.00000;0.65122;2
441.03799;50.97583;      -0.98865; 61.95829;80.00000;20.00000;0.65117;2
441.13599;50.98083;      -0.98748; 61.93228;80.00000;20.00000;0.65112;2
441.23401;50.98583;      -0.98631; 61.91687;80.00000;20.00000;0.65107;2
441.33099;50.99083;      -0.98492; 61.89472;80.00000;20.00000;0.65102;2
441.43399;50.99583;      -0.98398; 61.87256;80.00000;20.00000;0.65097;2
441.52600;51.00083;      -0.98280; 61.85426;80.00000;20.00000;0.65093;2
441.63501;51.00583;      -0.98232; 61.83596;80.00000;20.00000;0.65087;2
441.73199;51.01083;      -0.98149; 61.82055;80.00000;20.00000;0.65083;2
441.82999;51.01583;      -0.98054; 61.79839;80.00000;20.00000;0.65078;2
441.93100;51.02083;      -0.97949; 61.77816;80.00000;20.00000;0.65073;2
442.03601;51.02583;      -0.97855; 61.75601;80.00000;20.00000;0.65068;2
442.12799;51.03083;      -0.97783; 61.74445;80.00000;20.00000;0.65063;2
442.23499;51.03583;      -0.97712; 61.72229;80.00000;20.00000;0.65058;2
442.33200;51.04083;      -0.97640; 61.70303;80.00000;20.00000;0.65053;2
442.42801;51.04583;      -0.97590; 61.68280;80.00000;20.00000;0.65048;2
442.52899;51.05083;      -0.97485; 61.66643;80.00000;20.00000;0.65043;2
442.62399;51.05583;      -0.97334; 61.64716;80.00000;20.00000;0.65039;2
442.72000;51.06083;      -0.97262; 61.62019;80.00000;20.00000;0.65034;2
442.82800;51.06583;      -0.97168; 61.60767;80.00000;20.00000;0.65029;2
442.92599;51.07083;      -0.97130; 61.58455;80.00000;20.00000;0.65024;2
443.02200;51.07583;      -0.97137; 61.56817;80.00000;20.00000;0.65019;2
443.13199;51.08083;      -0.97066; 61.54602;80.00000;20.00000;0.65014;2
443.22299;51.08583;      -0.96971; 61.52483;80.00000;20.00000;0.65009;2
443.32800;51.09083;      -0.96798; 61.50845;80.00000;20.00000;0.65004;2
443.42099;51.09583;      -0.96703; 61.48822;80.00000;20.00000;0.65000;2
443.52499;51.10083;      -0.96654; 61.46800;80.00000;20.00000;0.64994;2
443.63000;51.10583;      -0.96594; 61.44680;80.00000;20.00000;0.64989;2
443.72800;51.11083;      -0.96544; 61.43428;80.00000;20.00000;0.64984;2
443.81799;51.11583;      -0.96460; 61.41405;80.00000;20.00000;0.64980;2
443.91699;51.12083;      -0.96366; 61.39383;80.00000;20.00000;0.64975;2
444.01099;51.12583;      -0.96271; 61.37263;80.00000;20.00000;0.64970;2
444.11200;51.13083;      -0.96199; 61.36011;80.00000;20.00000;0.64965;2
444.21399;51.13583;      -0.96139; 61.33988;80.00000;20.00000;0.64960;2
444.31900;51.14083;      -0.96078; 61.31002;80.00000;20.00000;0.64955;2
444.41599;51.14583;      -0.96006; 61.29365;80.00000;20.00000;0.64951;2
444.51199;51.15083;      -0.95979; 61.27920;80.00000;20.00000;0.64946;2
444.60999;51.15583;      -0.95896; 61.25704;80.00000;20.00000;0.64941;2
444.70700;51.16083;      -0.95801; 61.24452;80.00000;20.00000;0.64936;2
444.81400;51.16583;      -0.95718; 61.22622;80.00000;20.00000;0.64931;2
444.91800;51.17083;      -0.95635; 61.20406;80.00000;20.00000;0.64926;2
445.01300;51.17583;      -0.95518; 61.19058;80.00000;20.00000;0.64921;2
445.11499;51.18083;      -0.95423; 61.16650;80.00000;20.00000;0.64916;2
445.20700;51.18583;      -0.95328; 61.15494;80.00000;20.00000;0.64912;2
445.30899;51.19083;      -0.95290; 61.13953;80.00000;20.00000;0.64907;2
445.40701;51.19583;      -0.95195; 61.12219;80.00000;20.00000;0.64902;2
445.50400;51.20083;      -0.95100; 61.09618;80.00000;20.00000;0.64897;2
445.60901;51.20583;      -0.95040; 61.07788;80.00000;20.00000;0.64892;2
445.70001;51.21083;      -0.95001; 61.05861;80.00000;20.00000;0.64887;2
445.80499;51.21583;      -0.94941; 61.03261;80.00000;20.00000;0.64882;2
445.90701;51.22083;      -0.94869; 61.01719;80.00000;20.00000;0.64877;2
445.99899;51.22583;      -0.94808; 60.99600;80.00000;20.00000;0.64873;2
446.10699;51.23083;      -0.94691; 60.97385;80.00000;20.00000;0.64867;2
446.20401;51.23583;      -0.94528; 60.95458;80.00000;20.00000;0.64862;2
446.30301;51.24083;      -0.94320; 60.93243;80.00000;20.00000;0.64858;2
446.40701;51.24583;      -0.94248; 60.91027;80.00000;20.00000;0.64852;2
446.50900;51.25083;      -0.94232; 60.89679;80.00000;20.00000;0.64847;2
446.60599;51.25583;      -0.94239; 60.87463;80.00000;20.00000;0.64843;2
446.70999;51.26083;      -0.94213; 60.85826;80.00000;20.00000;0.64837;2
446.80600;51.26583;      -0.94095; 60.84188;80.00000;20.00000;0.64833;2
446.90701;51.27083;      -0.93989; 60.82165;80.00000;20.00000;0.64828;2
447.01300;51.27583;      -0.93906; 60.79854;80.00000;20.00000;0.64822;2
447.09399;51.28083;      -0.93855; 60.78601;80.00000;20.00000;0.64818;2
447.20001;51.28583;      -0.93806; 60.76193;80.00000;20.00000;0.64813;2
447.29800;51.29083;      -0.93733; 60.74941;80.00000;20.00000;0.64808;2
447.39899;51.29583;      -0.93672; 60.72437;80.00000;20.00000;0.64803;2
447.49500;51.30083;      -0.93634; 60.71281;80.00000;20.00000;0.64799;2
447.60101;51.30583;      -0.93630; 60.69450;80.00000;20.00000;0.64793;2
447.70001;51.31083;      -0.93501; 60.67235;80.00000;20.00000;0.64789;2
447.79700;51.31583;      -0.93349; 60.65020;80.00000;20.00000;0.64784;2
447.89899;51.32083;      -0.93220; 60.63767;80.00000;20.00000;0.64779;2
447.99399;51.32583;      -0.93068; 60.61455;80.00000;20.00000;0.64774;2
448.10101;51.33083;      -0.93042; 60.59818;80.00000;20.00000;0.64769;2
448.19299;51.33583;      -0.92946; 60.57602;80.00000;20.00000;0.64764;2
448.29001;51.34083;      -0.92851; 60.56350;80.00000;20.00000;0.64759;2
448.39001;51.34583;      -0.92756; 60.55194;80.00000;20.00000;0.64755;2
448.50101;51.35083;      -0.92730; 60.52979;80.00000;20.00000;0.64749;2
448.59500;51.35583;      -0.92691; 60.50956;80.00000;20.00000;0.64744;2
448.69400;51.36083;      -0.92630; 60.49030;80.00000;20.00000;0.64740;2
448.78699;51.36583;      -0.92636; 60.47392;80.00000;20.00000;0.64735;2
448.89600;51.37083;      -0.92531; 60.45851;80.00000;20.00000;0.64730;2
448.99500;51.37583;      -0.92424; 60.43635;80.00000;20.00000;0.64725;2
449.09201;51.38083;      -0.92385; 60.42383;80.00000;20.00000;0.64720;2
449.19501;51.38583;      -0.92325; 60.40553;80.00000;20.00000;0.64715;2
449.28601;51.39083;      -0.92274; 60.38530;80.00000;20.00000;0.64710;2
449.39099;51.39583;      -0.92236; 60.37085;80.00000;20.00000;0.64705;2
449.47900;51.40083;      -0.92186; 60.36026;80.00000;20.00000;0.64701;2
449.58499;51.40583;      -0.92148; 60.34003;80.00000;20.00000;0.64695;2
449.69101;51.41083;      -0.92030; 60.31884;80.00000;20.00000;0.64690;2
449.77701;51.41583;      -0.91923; 60.31209;80.00000;20.00000;0.64686;2
449.88501;51.42083;      -0.91817; 60.29957;80.00000;20.00000;0.64681;2
449.99500;51.42583;      -0.91688; 60.27934;80.00000;20.00000;0.64675;2
450.08899;51.43083;      -0.91581; 60.26297;80.00000;20.00000;0.64671;2
450.17599;51.43583;      -0.91507; 60.24852;80.00000;20.00000;0.64666;2
450.27600;51.44083;      -0.91492; 60.22925;80.00000;20.00000;0.64661;2
450.38101;51.44583;      -0.91419; 60.21288;80.00000;20.00000;0.64656;2
450.47800;51.45083;      -0.91324; 60.19650;80.00000;20.00000;0.64651;2
450.57599;51.45583;      -0.91274; 60.17435;80.00000;20.00000;0.64646;2
450.67700;51.46083;      -0.91179; 60.16183;80.00000;20.00000;0.64641;2
450.77802;51.46583;      -0.91117; 60.15027;80.00000;20.00000;0.64637;2
450.87100;51.47083;      -0.90897; 60.12619;80.00000;20.00000;0.64632;2
450.99100;51.47583;      -0.90825; 60.10981;80.00000;20.00000;0.64626;2
451.07800;51.48083;      -0.90763; 60.09536;80.00000;20.00000;0.64622;2
451.18701;51.48583;      -0.90748; 60.07706;80.00000;20.00000;0.64616;2
451.26999;51.49083;      -0.90685; 60.05780;80.00000;20.00000;0.64612;2
451.37100;51.49583;      -0.90590; 60.04335;80.00000;20.00000;0.64607;2
451.47101;51.50083;      -0.90506; 60.03082;80.00000;20.00000;0.64602;2
451.56601;51.50583;      -0.90433; 60.01541;80.00000;20.00000;0.64598;2
451.68301;51.51083;      -0.90396; 59.99229;80.00000;20.00000;0.64592;2
451.76700;51.51583;      -0.90333; 59.97881;80.00000;20.00000;0.64588;2
451.87500;51.52083;      -0.90284; 59.96629;80.00000;20.00000;0.64582;2
451.96301;51.52583;      -0.90176; 59.94317;80.00000;20.00000;0.64578;2
452.07300;51.53083;      -0.90024; 59.92101;80.00000;20.00000;0.64572;2
452.16299;51.53583;      -0.89905; 59.90464;80.00000;20.00000;0.64568;2
452.26700;51.54083;      -0.89912; 59.88441;80.00000;20.00000;0.64563;2
452.36301;51.54583;      -0.89851; 59.86707;80.00000;20.00000;0.64558;2
452.46399;51.55083;      -0.89835; 59.84684;80.00000;20.00000;0.64553;2
452.57300;51.55583;      -0.89797; 59.82950;80.00000;20.00000;0.64548;2
452.66400;51.56083;      -0.89758; 59.81409;80.00000;20.00000;0.64543;2
452.75500;51.56583;      -0.89707; 59.79097;80.00000;20.00000;0.64539;2
452.86401;51.57083;      -0.89623; 59.77942;80.00000;20.00000;0.64533;2
452.95999;51.57583;      -0.89562; 59.76015;80.00000;20.00000;0.64529;2
453.06100;51.58083;      -0.89500; 59.73800;80.00000;20.00000;0.64524;2
453.15399;51.58583;      -0.89450; 59.72644;80.00000;20.00000;0.64519;2
453.26300;51.59083;      -0.89320; 59.70524;80.00000;20.00000;0.64513;2
453.36700;51.59583;      -0.89191; 59.68598;80.00000;20.00000;0.64508;2
453.45401;51.60083;      -0.89094; 59.67057;80.00000;20.00000;0.64504;2
453.55200;51.60583;      -0.89010; 59.64938;80.00000;20.00000;0.64499;2
453.65100;51.61083;      -0.88925; 59.63396;80.00000;20.00000;0.64494;2
453.75800;51.61583;      -0.88819; 59.62241;80.00000;20.00000;0.64489;2
453.85001;51.62083;      -0.88837; 59.60025;80.00000;20.00000;0.64484;2
453.94800;51.62583;      -0.88763; 59.58291;80.00000;20.00000;0.64480;2
454.04599;51.63083;      -0.88679; 59.57135;80.00000;20.00000;0.64475;2
454.14401;51.63583;      -0.88583; 59.55594;80.00000;20.00000;0.64470;2
454.25601;51.64083;      -0.88465; 59.53668;80.00000;20.00000;0.64464;2
454.34500;51.64583;      -0.88391; 59.52319;80.00000;20.00000;0.64460;2
454.44901;51.65083;      -0.88319; 59.51163;80.00000;20.00000;0.64455;2
454.54599;51.65583;      -0.88291; 59.50104;80.00000;20.00000;0.64450;2
454.64499;51.66083;      -0.88264; 59.48370;80.00000;20.00000;0.64445;2
454.73801;51.66583;      -0.88259; 59.47117;80.00000;20.00000;0.64440;2
454.84500;51.67083;      -0.88254; 59.45095;80.00000;20.00000;0.64435;2
454.93799;51.67583;      -0.88158; 59.43553;80.00000;20.00000;0.64430;2
455.04599;51.68083;      -0.88074; 59.40856;80.00000;20.00000;0.64425;2
455.14001;51.68583;      -0.88001; 59.39797;80.00000;20.00000;0.64420;2
455.24100;51.69083;      -0.87928; 59.37485;80.00000;20.00000;0.64415;2
455.34399;51.69583;      -0.87878; 59.35847;80.00000;20.00000;0.64410;2
455.44299;51.70083;      -0.87804; 59.33343;80.00000;20.00000;0.64405;2
455.54199;51.70583;      -0.87708; 59.31127;80.00000;20.00000;0.64401;2
455.63599;51.71083;      -0.87658; 59.29875;80.00000;20.00000;0.64396;2
455.74399;51.71583;      -0.87608; 59.27660;80.00000;20.00000;0.64390;2
455.83701;51.72083;      -0.87569; 59.26119;80.00000;20.00000;0.64386;2
455.93500;51.72583;      -0.87507; 59.24577;80.00000;20.00000;0.64381;2
456.04199;51.73083;      -0.87423; 59.22747;80.00000;20.00000;0.64376;2
456.13000;51.73583;      -0.87360; 59.20724;80.00000;20.00000;0.64371;2
456.23599;51.74083;      -0.87276; 59.19472;80.00000;20.00000;0.64366;2
456.34000;51.74583;      -0.87180; 59.17835;80.00000;20.00000;0.64361;2
456.43500;51.75083;      -0.87129; 59.15715;80.00000;20.00000;0.64356;2
456.53601;51.75583;      -0.87102; 59.13982;80.00000;20.00000;0.64351;2
456.63300;51.76083;      -0.87028; 59.11766;80.00000;20.00000;0.64346;2
456.72699;51.76583;      -0.86978; 59.10610;80.00000;20.00000;0.64342;2
456.82501;51.77083;      -0.86847; 59.08684;80.00000;20.00000;0.64337;2
456.92700;51.77583;      -0.86808; 59.06468;80.00000;20.00000;0.64332;2
457.03500;51.78083;      -0.86758; 59.05312;80.00000;20.00000;0.64326;2
457.13699;51.78583;      -0.86640; 59.03675;80.00000;20.00000;0.64321;2
457.22699;51.79083;      -0.86566; 59.02519;80.00000;20.00000;0.64317;2
457.32599;51.79583;      -0.86504; 59.00400;80.00000;20.00000;0.64312;2
457.41901;51.80083;      -0.86453; 58.98666;80.00000;20.00000;0.64307;2
457.53101;51.80583;      -0.86380; 58.97895;80.00000;20.00000;0.64302;2
457.62399;51.81083;      -0.86352; 58.96643;80.00000;20.00000;0.64297;2
457.71899;51.81583;      -0.86278; 58.94620;80.00000;20.00000;0.64292;2
457.82501;51.82083;      -0.86217; 58.92983;80.00000;20.00000;0.64287;2
457.92700;51.82583;      -0.86132; 58.91923;80.00000;20.00000;0.64282;2
458.02200;51.83083;      -0.86093; 58.91249;80.00000;20.00000;0.64277;2
458.12500;51.83583;      -0.86043; 58.90189;80.00000;20.00000;0.64272;2
458.22501;51.84083;      -0.86003; 58.88841;80.00000;20.00000;0.64267;2
458.32599;51.84583;      -0.85999; 58.87492;80.00000;20.00000;0.64262;2
458.42099;51.85083;      -0.85959; 58.86144;80.00000;20.00000;0.64258;2
458.51901;51.85583;      -0.85874; 58.85277;80.00000;20.00000;0.64253;2
458.62299;51.86083;      -0.85687; 58.84410;80.00000;20.00000;0.64248;2
458.71301;51.86583;      -0.85578; 58.83061;80.00000;20.00000;0.64243;2
458.82700;51.87083;      -0.85529; 58.82291;80.00000;20.00000;0.64237;2
458.91800;51.87583;      -0.85489; 58.81520;80.00000;20.00000;0.64233;2
459.01599;51.88083;      -0.85495; 58.79882;80.00000;20.00000;0.64228;2
459.12299;51.88583;      -0.85468; 58.78534;80.00000;20.00000;0.64223;2
459.21201;51.89083;      -0.85440; 58.77185;80.00000;20.00000;0.64218;2
459.31299;51.89583;      -0.85401; 58.76704;80.00000;20.00000;0.64213;2
459.41299;51.90083;      -0.85361; 58.75644;80.00000;20.00000;0.64208;2
459.51001;51.90583;      -0.85265; 58.74007;80.00000;20.00000;0.64203;2
459.60699;51.91083;      -0.85180; 58.72658;80.00000;20.00000;0.64199;2
459.71100;51.91583;      -0.85038; 58.71406;80.00000;20.00000;0.64193;2
459.81299;51.92083;      -0.84918; 58.70346;80.00000;20.00000;0.64188;2
459.90900;51.92583;      -0.84913; 58.68612;80.00000;20.00000;0.64184;2
460.01700;51.93083;      -0.84886; 58.67264;80.00000;20.00000;0.64178;2
460.10999;51.93583;      -0.84892; 58.66108;80.00000;20.00000;0.64174;2
460.19699;51.94083;      -0.84818; 58.63893;80.00000;20.00000;0.64169;2
460.31500;51.94583;      -0.84757; 58.62929;80.00000;20.00000;0.64163;2
460.40201;51.95083;      -0.84717; 58.62062;80.00000;20.00000;0.64159;2
460.50101;51.95583;      -0.84643; 58.60232;80.00000;20.00000;0.64154;2
460.60400;51.96083;      -0.84593; 58.58402;80.00000;20.00000;0.64149;2
460.69699;51.96583;      -0.84530; 58.56379;80.00000;20.00000;0.64144;2
460.79700;51.97083;      -0.84536; 58.54742;80.00000;20.00000;0.64139;2
460.90500;51.97583;      -0.84509; 58.53200;80.00000;20.00000;0.64134;2
460.99200;51.98083;      -0.84412; 58.50985;80.00000;20.00000;0.64130;2
461.10300;51.98583;      -0.84259; 58.49444;80.00000;20.00000;0.64124;2
461.19800;51.99083;      -0.84185; 58.46747;80.00000;20.00000;0.64119;2
461.29501;51.99583;      -0.84134; 58.45398;80.00000;20.00000;0.64115;2
461.40302;52.00083;      -0.84083; 58.43279;80.00000;20.00000;0.64109;2
461.50000;52.00583;      -0.84055; 58.42219;80.00000;20.00000;0.64104;2
461.60199;52.01083;      -0.83970; 58.40293;80.00000;20.00000;0.64099;2
461.69501;52.01583;      -0.83907; 58.38174;80.00000;20.00000;0.64095;2
461.79300;52.02083;      -0.83857; 58.36632;80.00000;20.00000;0.64090;2
461.89499;52.02583;      -0.83783; 58.34417;80.00000;20.00000;0.64085;2
461.98300;52.03083;      -0.83708; 58.33743;80.00000;20.00000;0.64080;2
462.08701;52.03583;      -0.83658; 58.32490;80.00000;20.00000;0.64075;2
462.19000;52.04083;      -0.83619; 58.30468;80.00000;20.00000;0.64070;2
462.29099;52.04583;      -0.83591; 58.29023;80.00000;20.00000;0.64065;2
462.38000;52.05083;      -0.83574; 58.27674;80.00000;20.00000;0.64061;2
462.48700;52.05583;      -0.83512; 58.26037;80.00000;20.00000;0.64055;2
462.59000;52.06083;      -0.83473; 58.24592;80.00000;20.00000;0.64050;2
462.69101;52.06583;      -0.83376; 58.23629;80.00000;20.00000;0.64045;2
462.78299;52.07083;      -0.83256; 58.21991;80.00000;20.00000;0.64040;2
462.88699;52.07583;      -0.83251; 58.20739;80.00000;20.00000;0.64035;2
462.99100;52.08083;      -0.83189; 58.19583;80.00000;20.00000;0.64030;2
463.08801;52.08583;      -0.83149; 58.18138;80.00000;20.00000;0.64025;2
463.17801;52.09083;      -0.83097; 58.16501;80.00000;20.00000;0.64021;2
463.29001;52.09583;      -0.83047; 58.15248;80.00000;20.00000;0.64015;2
463.38699;52.10083;      -0.82973; 58.14092;80.00000;20.00000;0.64010;2
463.49100;52.10583;      -0.82923; 58.12744;80.00000;20.00000;0.64005;2
463.58499;52.11083;      -0.82848; 58.11395;80.00000;20.00000;0.64000;2
463.67801;52.11583;      -0.82797; 58.10047;80.00000;20.00000;0.63996;2
463.78601;52.12083;      -0.82723; 58.09276;80.00000;20.00000;0.63990;2
463.88599;52.12583;      -0.82638; 58.07542;80.00000;20.00000;0.63985;2
463.98001;52.13083;      -0.82621; 58.06675;80.00000;20.00000;0.63981;2
464.07501;52.13583;      -0.82570; 58.05327;80.00000;20.00000;0.63976;2
464.17599;52.14083;      -0.82519; 58.03786;80.00000;20.00000;0.63971;2
464.27899;52.14583;      -0.82468; 58.03111;80.00000;20.00000;0.63966;2
464.37500;52.15083;      -0.82440; 58.01474;80.00000;20.00000;0.63961;2
464.47501;52.15583;      -0.82400; 58.00318;80.00000;20.00000;0.63956;2
464.57101;52.16083;      -0.82349; 57.98199;80.00000;20.00000;0.63951;2
464.67300;52.16583;      -0.82286; 57.97235;80.00000;20.00000;0.63946;2
464.77600;52.17083;      -0.82213; 57.96176;80.00000;20.00000;0.63941;2
464.87201;52.17583;      -0.82138; 57.94538;80.00000;20.00000;0.63936;2
464.96500;52.18083;      -0.82052; 57.93286;80.00000;20.00000;0.63932;2
465.06601;52.18583;      -0.82001; 57.92612;80.00000;20.00000;0.63927;2
465.16299;52.19083;      -0.81916; 57.91360;80.00000;20.00000;0.63922;2
465.25800;52.19583;      -0.81864; 57.89915;80.00000;20.00000;0.63917;2
465.36899;52.20083;      -0.81814; 57.88855;80.00000;20.00000;0.63911;2
465.46701;52.20583;      -0.81739; 57.87507;80.00000;20.00000;0.63907;2
465.55899;52.21083;      -0.81688; 57.86158;80.00000;20.00000;0.63902;2
465.65900;52.21583;      -0.81660; 57.85291;80.00000;20.00000;0.63897;2
465.75500;52.22083;      -0.81631; 57.84039;80.00000;20.00000;0.63892;2
465.86099;52.22583;      -0.81558; 57.82979;80.00000;20.00000;0.63887;2
465.95901;52.23083;      -0.81414; 57.81631;80.00000;20.00000;0.63882;2
466.05801;52.23583;      -0.81363; 57.80379;80.00000;20.00000;0.63877;2
466.15701;52.24083;      -0.81312; 57.79704;80.00000;20.00000;0.63872;2
466.26001;52.24583;      -0.81238; 57.78356;80.00000;20.00000;0.63867;2
466.35101;52.25083;      -0.81209; 57.77007;80.00000;20.00000;0.63862;2
466.44699;52.25583;      -0.81192; 57.75562;80.00000;20.00000;0.63858;2
466.55499;52.26083;      -0.81199; 57.74214;80.00000;20.00000;0.63852;2
466.65100;52.26583;      -0.81136; 57.73443;80.00000;20.00000;0.63847;2
466.75601;52.27083;      -0.81062; 57.72384;80.00000;20.00000;0.63842;2
466.85101;52.27583;      -0.80976; 57.70939;80.00000;20.00000;0.63837;2
466.95999;52.28083;      -0.80937; 57.69590;80.00000;20.00000;0.63832;2
467.05600;52.28583;      -0.80920; 57.68916;80.00000;20.00000;0.63827;2
467.14899;52.29083;      -0.80914; 57.67760;80.00000;20.00000;0.63823;2
467.24799;52.29583;      -0.80875; 57.66411;80.00000;20.00000;0.63818;2
467.34698;52.30083;      -0.80823; 57.65448;80.00000;20.00000;0.63813;2
467.45001;52.30583;      -0.80738; 57.64196;80.00000;20.00000;0.63808;2
467.55301;52.31083;      -0.80675; 57.63233;80.00000;20.00000;0.63802;2
467.64801;52.31583;      -0.80543; 57.61884;80.00000;20.00000;0.63798;2
467.74799;52.32083;      -0.80457; 57.60536;80.00000;20.00000;0.63793;2
467.84500;52.32583;      -0.80417; 57.59380;80.00000;20.00000;0.63788;2
467.95001;52.33083;      -0.80389; 57.58705;80.00000;20.00000;0.63783;2
468.04700;52.33583;      -0.80314; 57.57453;80.00000;20.00000;0.63778;2
468.14200;52.34083;      -0.80274; 57.56490;80.00000;20.00000;0.63773;2
468.24799;52.34583;      -0.80212; 57.55623;80.00000;20.00000;0.63768;2
468.34100;52.35083;      -0.80126; 57.54371;80.00000;20.00000;0.63763;2
468.44199;52.35583;      -0.80040; 57.53600;80.00000;20.00000;0.63758;2
468.54401;52.36083;      -0.80023; 57.52541;80.00000;20.00000;0.63753;2
468.63501;52.36583;      -0.80006; 57.51288;80.00000;20.00000;0.63748;2
468.73599;52.37083;      -0.79966; 57.50229;80.00000;20.00000;0.63743;2
468.84299;52.37583;      -0.79926; 57.48784;80.00000;20.00000;0.63738;2
468.93701;52.38083;      -0.79886; 57.47821;80.00000;20.00000;0.63733;2
469.02802;52.38583;      -0.79777; 57.46472;80.00000;20.00000;0.63729;2
469.14001;52.39083;      -0.79657; 57.44738;80.00000;20.00000;0.63723;2
469.22800;52.39583;      -0.79593; 57.43293;80.00000;20.00000;0.63719;2
469.33200;52.40083;      -0.79565; 57.42137;80.00000;20.00000;0.63713;2
469.43301;52.40583;      -0.79525; 57.40789;80.00000;20.00000;0.63708;2
469.52200;52.41083;      -0.79496; 57.39440;80.00000;20.00000;0.63704;2
469.62299;52.41583;      -0.79387; 57.37995;80.00000;20.00000;0.63699;2
469.73099;52.42083;      -0.79325; 57.36551;80.00000;20.00000;0.63693;2
469.84201;52.42583;      -0.79274; 57.35202;80.00000;20.00000;0.63688;2
469.93100;52.43083;      -0.79187; 57.33757;80.00000;20.00000;0.63683;2
470.01401;52.43583;      -0.79123; 57.32312;80.00000;20.00000;0.63679;2
470.12201;52.44083;      -0.79072; 57.30964;80.00000;20.00000;0.63674;2
470.22101;52.44583;      -0.78997; 57.29519;80.00000;20.00000;0.63669;2
470.32800;52.45083;      -0.78923; 57.27785;80.00000;20.00000;0.63664;2
470.41699;52.45583;      -0.78825; 57.26340;80.00000;20.00000;0.63659;2
470.52701;52.46083;      -0.78832; 57.25281;80.00000;20.00000;0.63654;2
470.62500;52.46583;      -0.78757; 57.23932;80.00000;20.00000;0.63649;2
470.72800;52.47083;      -0.78717; 57.22102;80.00000;20.00000;0.63644;2
470.82199;52.47583;      -0.78665; 57.20753;80.00000;20.00000;0.63639;2
470.92300;52.48083;      -0.78648; 57.19597;80.00000;20.00000;0.63634;2
471.01300;52.48583;      -0.78619; 57.18345;80.00000;20.00000;0.63629;2
471.10999;52.49083;      -0.78579; 57.16900;80.00000;20.00000;0.63624;2
471.21799;52.49583;      -0.78516; 57.15552;80.00000;20.00000;0.63619;2
471.31699;52.50083;      -0.78372; 57.14107;80.00000;20.00000;0.63614;2
471.42001;52.50583;      -0.78321; 57.12951;80.00000;20.00000;0.63609;2
471.51999;52.51083;      -0.78281; 57.11795;80.00000;20.00000;0.63604;2
471.61200;52.51583;      -0.78217; 57.10639;80.00000;20.00000;0.63599;2
471.70801;52.52083;      -0.78177; 57.09483;80.00000;20.00000;0.63595;2
471.81699;52.52583;      -0.78126; 57.08038;80.00000;20.00000;0.63589;2
471.91501;52.53083;      -0.78062; 57.07171;80.00000;20.00000;0.63584;2
472.01401;52.53583;      -0.77999; 57.06208;80.00000;20.00000;0.63579;2
472.10800;52.54083;      -0.77913; 57.04763;80.00000;20.00000;0.63574;2
472.20999;52.54583;      -0.77884; 57.03415;80.00000;20.00000;0.63569;2
472.30399;52.55083;      -0.77855; 57.02451;80.00000;20.00000;0.63565;2
472.41699;52.55583;      -0.77851; 57.01777;80.00000;20.00000;0.63559;2
472.50699;52.56083;      -0.77821; 57.01007;80.00000;20.00000;0.63554;2
472.60800;52.56583;      -0.77781; 56.99658;80.00000;20.00000;0.63549;2
472.70599;52.57083;      -0.77741; 56.98309;80.00000;20.00000;0.63545;2
472.80200;52.57583;      -0.77712; 56.97057;80.00000;20.00000;0.63540;2
472.91400;52.58083;      -0.77673; 56.96383;80.00000;20.00000;0.63534;2
473.00800;52.58583;      -0.77609; 56.95034;80.00000;20.00000;0.63529;2
473.10300;52.59083;      -0.77534; 56.94168;80.00000;20.00000;0.63525;2
473.19400;52.59583;      -0.77412; 56.93204;80.00000;20.00000;0.63520;2
473.29999;52.60083;      -0.77245; 56.91856;80.00000;20.00000;0.63515;2
473.40601;52.60583;      -0.77136; 56.91085;80.00000;20.00000;0.63509;2
473.50601;52.61083;      -0.77003; 56.90026;80.00000;20.00000;0.63504;2
473.59500;52.61583;      -0.77009; 56.88870;80.00000;20.00000;0.63500;2
473.69800;52.62083;      -0.77038; 56.88195;80.00000;20.00000;0.63495;2
473.79800;52.62583;      -0.76998; 56.87039;80.00000;20.00000;0.63490;2
473.89499;52.63083;      -0.76969; 56.85691;80.00000;20.00000;0.63485;2
473.99799;52.63583;      -0.76952; 56.84342;80.00000;20.00000;0.63480;2
474.09500;52.64083;      -0.76935; 56.83957;80.00000;20.00000;0.63475;2
474.19101;52.64583;      -0.76906; 56.83186;80.00000;20.00000;0.63470;2
474.29700;52.65083;      -0.76855; 56.81549;80.00000;20.00000;0.63465;2
474.39600;52.65583;      -0.76814; 56.80200;80.00000;20.00000;0.63460;2
474.48499;52.66083;      -0.76785; 56.79526;80.00000;20.00000;0.63455;2
474.59100;52.66583;      -0.76710; 56.78178;80.00000;20.00000;0.63450;2
474.68799;52.67083;      -0.76658; 56.76251;80.00000;20.00000;0.63445;2
474.78900;52.67583;      -0.76630; 56.75480;80.00000;20.00000;0.63440;2
474.88501;52.68083;      -0.76577; 56.74902;80.00000;20.00000;0.63435;2
474.99100;52.68583;      -0.76514; 56.73939;80.00000;20.00000;0.63430;2
475.08200;52.69083;      -0.76450; 56.72591;80.00000;20.00000;0.63425;2
475.18799;52.69583;      -0.76376; 56.71146;80.00000;20.00000;0.63420;2
475.29401;52.70083;      -0.76324; 56.69701;80.00000;20.00000;0.63415;2
475.38599;52.70583;      -0.76179; 56.68545;80.00000;20.00000;0.63410;2
475.49301;52.71083;      -0.76151; 56.67582;80.00000;20.00000;0.63405;2
475.58200;52.71583;      -0.76098; 56.66233;80.00000;20.00000;0.63400;2
475.68900;52.72083;      -0.76093; 56.65174;80.00000;20.00000;0.63395;2
475.78500;52.72583;      -0.76064; 56.64018;80.00000;20.00000;0.63390;2
475.88400;52.73083;      -0.76047; 56.62862;80.00000;20.00000;0.63385;2
475.97501;52.73583;      -0.76017; 56.61706;80.00000;20.00000;0.63380;2
476.08600;52.74083;      -0.75978; 56.60261;80.00000;20.00000;0.63375;2
476.17700;52.74583;      -0.75856; 56.58912;80.00000;20.00000;0.63370;2
476.28201;52.75083;      -0.75781; 56.58142;80.00000;20.00000;0.63365;2
476.37799;52.75583;      -0.75729; 56.56986;80.00000;20.00000;0.63360;2
476.48001;52.76083;      -0.75700; 56.55541;80.00000;20.00000;0.63355;2
476.57800;52.76583;      -0.75671; 56.55059;80.00000;20.00000;0.63350;2
476.67999;52.77083;      -0.75619; 56.54289;80.00000;20.00000;0.63345;2
476.77200;52.77583;      -0.75567; 56.52940;80.00000;20.00000;0.63340;2
476.87701;52.78083;      -0.75468; 56.51784;80.00000;20.00000;0.63335;2
476.97101;52.78583;      -0.75358; 56.50436;80.00000;20.00000;0.63330;2
477.06900;52.79083;      -0.75294; 56.49569;80.00000;20.00000;0.63326;2
477.17401;52.79583;      -0.75301; 56.48413;80.00000;20.00000;0.63320;2
477.26999;52.80083;      -0.75318; 56.46968;80.00000;20.00000;0.63315;2
477.36700;52.80583;      -0.75289; 56.45523;80.00000;20.00000;0.63311;2
477.46201;52.81083;      -0.75283; 56.44753;80.00000;20.00000;0.63306;2
477.56299;52.81583;      -0.75219; 56.44078;80.00000;20.00000;0.63301;2
477.66400;52.82083;      -0.75121; 56.43211;80.00000;20.00000;0.63296;2
477.76300;52.82583;      -0.75069; 56.41767;80.00000;20.00000;0.63291;2
477.86401;52.83083;      -0.74993; 56.40322;80.00000;20.00000;0.63286;2
477.96500;52.83583;      -0.74941; 56.39455;80.00000;20.00000;0.63281;2
478.05801;52.84083;      -0.74877; 56.38684;80.00000;20.00000;0.63276;2
478.16901;52.84583;      -0.74872; 56.37914;80.00000;20.00000;0.63270;2
478.25400;52.85083;      -0.74750; 56.36661;80.00000;20.00000;0.63266;2
478.35300;52.85583;      -0.74662; 56.35216;80.00000;20.00000;0.63261;2
478.46399;52.86083;      -0.74599; 56.34061;80.00000;20.00000;0.63255;2
478.55399;52.86583;      -0.74593; 56.33386;80.00000;20.00000;0.63251;2
478.65302;52.87083;      -0.74634; 56.32712;80.00000;20.00000;0.63246;2
478.75400;52.87583;      -0.74640; 56.31556;80.00000;20.00000;0.63241;2
478.85501;52.88083;      -0.74553; 56.30208;80.00000;20.00000;0.63236;2
478.96100;52.88583;      -0.74466; 56.28763;80.00000;20.00000;0.63230;2
479.06000;52.89083;      -0.74391; 56.28088;80.00000;20.00000;0.63225;2
479.15500;52.89583;      -0.74350; 56.26933;80.00000;20.00000;0.63221;2
479.25601;52.90083;      -0.74344; 56.25777;80.00000;20.00000;0.63216;2
479.34799;52.90583;      -0.74338; 56.25006;80.00000;20.00000;0.63211;2
479.45499;52.91083;      -0.74309; 56.23754;80.00000;20.00000;0.63206;2
479.55701;52.91583;      -0.74246; 56.22791;80.00000;20.00000;0.63200;2
479.65900;52.92083;      -0.74147; 56.21924;80.00000;20.00000;0.63195;2
479.74899;52.92583;      -0.74106; 56.20671;80.00000;20.00000;0.63191;2
479.84601;52.93083;      -0.74053; 56.19804;80.00000;20.00000;0.63186;2
479.94800;52.93583;      -0.74013; 56.18745;80.00000;20.00000;0.63181;2
480.05099;52.94083;      -0.73996; 56.17300;80.00000;20.00000;0.63176;2
480.14600;52.94583;      -0.73966; 56.16915;80.00000;20.00000;0.63171;2
480.23999;52.95083;      -0.73960; 56.16626;80.00000;20.00000;0.63166;2
480.34799;52.95583;      -0.73908; 56.15277;80.00000;20.00000;0.63161;2
480.44101;52.96083;      -0.73798; 56.13832;80.00000;20.00000;0.63156;2
480.53400;52.96583;      -0.73675; 56.13158;80.00000;20.00000;0.63151;2
480.63901;52.97083;      -0.73681; 56.11809;80.00000;20.00000;0.63146;2
480.74301;52.97583;      -0.73699; 56.10846;80.00000;20.00000;0.63141;2
480.83401;52.98083;      -0.73669; 56.09594;80.00000;20.00000;0.63136;2
480.94400;52.98583;      -0.73618; 56.08534;80.00000;20.00000;0.63131;2
481.03699;52.99083;      -0.73542; 56.07186;80.00000;20.00000;0.63126;2
481.13699;52.99583;      -0.73466; 56.05837;80.00000;20.00000;0.63121;2
481.23801;53.00083;      -0.73449; 56.05067;80.00000;20.00000;0.63116;2
481.32401;53.00583;      -0.73465; 56.03911;80.00000;20.00000;0.63111;2
481.43399;53.01083;      -0.73437; 56.02755;80.00000;20.00000;0.63106;2
481.53699;53.01583;      -0.73396; 56.01984;80.00000;20.00000;0.63101;2
481.63501;53.02083;      -0.73344; 56.00636;80.00000;20.00000;0.63096;2
481.73499;53.02583;      -0.73280; 55.99480;80.00000;20.00000;0.63091;2
481.82501;53.03083;      -0.73238; 55.99095;80.00000;20.00000;0.63086;2
481.92401;53.03583;      -0.73198; 55.98420;80.00000;20.00000;0.63081;2
482.02600;53.04083;      -0.73122; 55.96975;80.00000;20.00000;0.63076;2
482.11899;53.04583;      -0.73058; 55.95819;80.00000;20.00000;0.63071;2
482.22000;53.05083;      -0.73040; 55.95338;80.00000;20.00000;0.63066;2
482.33701;53.05583;      -0.72965; 55.94567;80.00000;20.00000;0.63060;2
482.42801;53.06083;      -0.72889; 55.93219;80.00000;20.00000;0.63056;2
482.52301;53.06583;      -0.72836; 55.92159;80.00000;20.00000;0.63051;2
482.62900;53.07083;      -0.72819; 55.91389;80.00000;20.00000;0.63046;2
482.72299;53.07583;      -0.72731; 55.90714;80.00000;20.00000;0.63041;2
482.82199;53.08083;      -0.72656; 55.89366;80.00000;20.00000;0.63036;2
482.92401;53.08583;      -0.72627; 55.88402;80.00000;20.00000;0.63031;2
483.01901;53.09083;      -0.72539; 55.87536;80.00000;20.00000;0.63026;2
483.12201;53.09583;      -0.72533; 55.86187;80.00000;20.00000;0.63021;2
483.22000;53.10083;      -0.72574; 55.85416;80.00000;20.00000;0.63016;2
483.32199;53.10583;      -0.72556; 55.84742;80.00000;20.00000;0.63011;2
483.41501;53.11083;      -0.72550; 55.83779;80.00000;20.00000;0.63006;2
483.51801;53.11583;      -0.72521; 55.82527;80.00000;20.00000;0.63001;2
483.61499;53.12083;      -0.72468; 55.81660;80.00000;20.00000;0.62996;2
483.71201;53.12583;      -0.72416; 55.80600;80.00000;20.00000;0.62991;2
483.80899;53.13083;      -0.72398; 55.79155;80.00000;20.00000;0.62986;2
483.91501;53.13583;      -0.72357; 55.78674;80.00000;20.00000;0.62981;2
484.01599;53.14083;      -0.72317; 55.78481;80.00000;20.00000;0.62976;2
484.11301;53.14583;      -0.72241; 55.77036;80.00000;20.00000;0.62971;2
484.21201;53.15083;      -0.72118; 55.75688;80.00000;20.00000;0.62966;2
484.30600;53.15583;      -0.72053; 55.74917;80.00000;20.00000;0.62961;2
484.40399;53.16083;      -0.72024; 55.73954;80.00000;20.00000;0.62956;2
484.50601;53.16583;      -0.72030; 55.72701;80.00000;20.00000;0.62951;2
484.61099;53.17083;      -0.71989; 55.71546;80.00000;20.00000;0.62946;2
484.70599;53.17583;      -0.71948; 55.71353;80.00000;20.00000;0.62941;2
484.79999;53.18083;      -0.71837; 55.70775;80.00000;20.00000;0.62936;2
484.90302;53.18583;      -0.71749; 55.69812;80.00000;20.00000;0.62931;2
485.00299;53.19083;      -0.71743; 55.68559;80.00000;20.00000;0.62926;2
485.10199;53.19583;      -0.71714; 55.67404;80.00000;20.00000;0.62921;2
485.20099;53.20083;      -0.71649; 55.66633;80.00000;20.00000;0.62916;2
485.29300;53.20583;      -0.71620; 55.65284;80.00000;20.00000;0.62911;2
485.40100;53.21083;      -0.71556; 55.64225;80.00000;20.00000;0.62906;2
485.50500;53.21583;      -0.71515; 55.63936;80.00000;20.00000;0.62901;2
485.59698;53.22083;      -0.71450; 55.63454;80.00000;20.00000;0.62896;2
485.69400;53.22583;      -0.71432; 55.61720;80.00000;20.00000;0.62891;2
485.79599;53.23083;      -0.71391; 55.60564;80.00000;20.00000;0.62886;2
485.89401;53.23583;      -0.71362; 55.60372;80.00000;20.00000;0.62881;2
485.99399;53.24083;      -0.71344; 55.59794;80.00000;20.00000;0.62876;2
486.09500;53.24583;      -0.71292; 55.58831;80.00000;20.00000;0.62871;2
486.17999;53.25083;      -0.71238; 55.58156;80.00000;20.00000;0.62867;2
486.28699;53.25583;      -0.71198; 55.57386;80.00000;20.00000;0.62861;2
486.39099;53.26083;      -0.71157; 55.56808;80.00000;20.00000;0.62856;2
486.48999;53.26583;      -0.71127; 55.56230;80.00000;20.00000;0.62851;2
486.58899;53.27083;      -0.71086; 55.55363;80.00000;20.00000;0.62846;2
486.69000;53.27583;      -0.71080; 55.54496;80.00000;20.00000;0.62841;2
486.78900;53.28083;      -0.71051; 55.54111;80.00000;20.00000;0.62836;2
486.88199;53.28583;      -0.71044; 55.53244;80.00000;20.00000;0.62831;2
486.98300;53.29083;      -0.70980; 55.52377;80.00000;20.00000;0.62826;2
487.08401;53.29583;      -0.70880; 55.51703;80.00000;20.00000;0.62821;2
487.18900;53.30083;      -0.70769; 55.50836;80.00000;20.00000;0.62816;2
487.29099;53.30583;      -0.70775; 55.50065;80.00000;20.00000;0.62810;2
487.37601;53.31083;      -0.70745; 55.49583;80.00000;20.00000;0.62806;2
487.47699;53.31583;      -0.70692; 55.48813;80.00000;20.00000;0.62801;2
487.58099;53.32083;      -0.70675; 55.47850;80.00000;20.00000;0.62796;2
487.67599;53.32583;      -0.70668; 55.47272;80.00000;20.00000;0.62791;2
487.78299;53.33083;      -0.70663; 55.46308;80.00000;20.00000;0.62786;2
487.87601;53.33583;      -0.70574; 55.45538;80.00000;20.00000;0.62781;2
487.98099;53.34083;      -0.70522; 55.45056;80.00000;20.00000;0.62776;2
488.08301;53.34583;      -0.70493; 55.44286;80.00000;20.00000;0.62770;2
488.16800;53.35083;      -0.70462; 55.43322;80.00000;20.00000;0.62766;2
488.27399;53.35583;      -0.70398; 55.42648;80.00000;20.00000;0.62761;2
488.36700;53.36083;      -0.70333; 55.41492;80.00000;20.00000;0.62756;2
488.46701;53.36583;      -0.70280; 55.40144;80.00000;20.00000;0.62751;2
488.57800;53.37083;      -0.70204; 55.39662;80.00000;20.00000;0.62745;2
488.66699;53.37583;      -0.70163; 55.39469;80.00000;20.00000;0.62741;2
488.77802;53.38083;      -0.70110; 55.38410;80.00000;20.00000;0.62735;2
488.86401;53.38583;      -0.70010; 55.37735;80.00000;20.00000;0.62731;2
488.97800;53.39083;      -0.69981; 55.36868;80.00000;20.00000;0.62725;2
489.07700;53.39583;      -0.69869; 55.35616;80.00000;20.00000;0.62720;2
489.16299;53.40083;      -0.69792; 55.34460;80.00000;20.00000;0.62716;2
489.26300;53.40583;      -0.69798; 55.34268;80.00000;20.00000;0.62711;2
489.36899;53.41083;      -0.69839; 55.33690;80.00000;20.00000;0.62705;2
489.46500;53.41583;      -0.69798; 55.32726;80.00000;20.00000;0.62701;2
489.56201;53.42083;      -0.69768; 55.31956;80.00000;20.00000;0.62696;2
489.65601;53.42583;      -0.69773; 55.31282;80.00000;20.00000;0.62691;2
489.75800;53.43083;      -0.69732; 55.30607;80.00000;20.00000;0.62686;2
489.86499;53.43583;      -0.69656; 55.29933;80.00000;20.00000;0.62680;2
489.96500;53.44083;      -0.69615; 55.28777;80.00000;20.00000;0.62675;2
490.06500;53.44583;      -0.69597; 55.27621;80.00000;20.00000;0.62670;2
490.15900;53.45083;      -0.69532; 55.26947;80.00000;20.00000;0.62665;2
490.25800;53.45583;      -0.69467; 55.26273;80.00000;20.00000;0.62660;2
490.35901;53.46083;      -0.69426; 55.25598;80.00000;20.00000;0.62655;2
490.45099;53.46583;      -0.69407; 55.24731;80.00000;20.00000;0.62651;2
490.56100;53.47083;      -0.69331; 55.23287;80.00000;20.00000;0.62645;2
490.65799;53.47583;      -0.69278; 55.22516;80.00000;20.00000;0.62640;2
490.75500;53.48083;      -0.69248; 55.22420;80.00000;20.00000;0.62635;2
490.85501;53.48583;      -0.69219; 55.21842;80.00000;20.00000;0.62630;2
490.94699;53.49083;      -0.69177; 55.21360;80.00000;20.00000;0.62626;2
491.04700;53.49583;      -0.69136; 55.20590;80.00000;20.00000;0.62621;2
491.15399;53.50083;      -0.69083; 55.19241;80.00000;20.00000;0.62615;2
491.24500;53.50583;      -0.68936; 55.18470;80.00000;20.00000;0.62610;2
491.35101;53.51083;      -0.68871; 55.18470;80.00000;20.00000;0.62605;2
491.43600;53.51583;      -0.68876; 55.18470;80.00000;20.00000;0.62601;2
491.54901;53.52083;      -0.68894; 55.17507;80.00000;20.00000;0.62595;2
491.64001;53.52583;      -0.68887; 55.16544;80.00000;20.00000;0.62591;2
491.74500;53.53083;      -0.68846; 55.15195;80.00000;20.00000;0.62585;2
491.83801;53.53583;      -0.68816; 55.14425;80.00000;20.00000;0.62580;2
491.94199;53.54083;      -0.68716; 55.14328;80.00000;20.00000;0.62575;2
492.03201;53.54583;      -0.68639; 55.13558;80.00000;20.00000;0.62571;2
492.13300;53.55083;      -0.68609; 55.12691;80.00000;20.00000;0.62566;2
492.23099;53.55583;      -0.68615; 55.12017;80.00000;20.00000;0.62561;2
492.34000;53.56083;      -0.68562; 55.10861;80.00000;20.00000;0.62555;2
492.43799;53.56583;      -0.68473; 55.09512;80.00000;20.00000;0.62550;2
492.53201;53.57083;      -0.68385; 55.09127;80.00000;20.00000;0.62545;2
492.63501;53.57583;      -0.68390; 55.08934;80.00000;20.00000;0.62540;2
492.73001;53.58083;      -0.68419; 55.07875;80.00000;20.00000;0.62535;2
492.84201;53.58583;      -0.68425; 55.07200;80.00000;20.00000;0.62530;2
492.92801;53.59083;      -0.68407; 55.06526;80.00000;20.00000;0.62525;2
493.03201;53.59583;      -0.68389; 55.05852;80.00000;20.00000;0.62520;2
493.13300;53.60083;      -0.68265; 55.05274;80.00000;20.00000;0.62515;2
493.22900;53.60583;      -0.68212; 55.04503;80.00000;20.00000;0.62510;2
493.32999;53.61083;      -0.68158; 55.03540;80.00000;20.00000;0.62505;2
493.42200;53.61583;      -0.68069; 55.02866;80.00000;20.00000;0.62500;2
493.51099;53.62083;      -0.68004; 55.02191;80.00000;20.00000;0.62496;2
493.61899;53.62583;      -0.67974; 55.01613;80.00000;20.00000;0.62490;2
493.72800;53.63083;      -0.67933; 55.00747;80.00000;20.00000;0.62485;2
493.81900;53.63583;      -0.67915; 55.00169;80.00000;20.00000;0.62480;2
493.91299;53.64083;      -0.67897; 54.99783;80.00000;20.00000;0.62475;2
494.01501;53.64583;      -0.67867; 54.99109;80.00000;20.00000;0.62470;2
494.12500;53.65083;      -0.67849; 54.97857;80.00000;20.00000;0.62465;2
494.21701;53.65583;      -0.67760; 54.96508;80.00000;20.00000;0.62460;2
494.30801;53.66083;      -0.67718; 54.96123;80.00000;20.00000;0.62455;2
494.41199;53.66583;      -0.67724; 54.95930;80.00000;20.00000;0.62450;2
494.52499;53.67083;      -0.67707; 54.94967;80.00000;20.00000;0.62444;2
494.61200;53.67583;      -0.67688; 54.94004;80.00000;20.00000;0.62440;2
494.71799;53.68083;      -0.67623; 54.92944;80.00000;20.00000;0.62435;2
494.82001;53.68583;      -0.67582; 54.91692;80.00000;20.00000;0.62429;2
494.91501;53.69083;      -0.67516; 54.90825;80.00000;20.00000;0.62425;2
495.01099;53.69583;      -0.67474; 54.90729;80.00000;20.00000;0.62420;2
495.10501;53.70083;      -0.67432; 54.90054;80.00000;20.00000;0.62415;2
495.21201;53.70583;      -0.67368; 54.89380;80.00000;20.00000;0.62409;2
495.31500;53.71083;      -0.67326; 54.88995;80.00000;20.00000;0.62404;2
495.41400;53.71583;      -0.67308; 54.88610;80.00000;20.00000;0.62399;2
495.51901;53.72083;      -0.67290; 54.87839;80.00000;20.00000;0.62394;2
495.61099;53.72583;      -0.67307; 54.86587;80.00000;20.00000;0.62389;2
495.70999;53.73083;      -0.67277; 54.85720;80.00000;20.00000;0.62384;2
495.79999;53.73583;      -0.67235; 54.85334;80.00000;20.00000;0.62380;2
495.90601;53.74083;      -0.67158; 54.85238;80.00000;20.00000;0.62374;2
496.00601;53.74583;      -0.67105; 54.84660;80.00000;20.00000;0.62369;2
496.10101;53.75083;      -0.67051; 54.83986;80.00000;20.00000;0.62364;2
496.20801;53.75583;      -0.67022; 54.83408;80.00000;20.00000;0.62359;2
496.30399;53.76083;      -0.66968; 54.83023;80.00000;20.00000;0.62354;2
496.40601;53.76583;      -0.66938; 54.82541;80.00000;20.00000;0.62349;2
496.50201;53.77083;      -0.66896; 54.81578;80.00000;20.00000;0.62344;2
496.59900;53.77583;      -0.66807; 54.80711;80.00000;20.00000;0.62339;2
496.69501;53.78083;      -0.66742; 54.80422;80.00000;20.00000;0.62334;2
496.80899;53.78583;      -0.66712; 54.80133;80.00000;20.00000;0.62328;2
496.89600;53.79083;      -0.66670; 54.79459;80.00000;20.00000;0.62324;2
497.00101;53.79583;      -0.66652; 54.78881;80.00000;20.00000;0.62319;2
497.09299;53.80083;      -0.66586; 54.78592;80.00000;20.00000;0.62314;2
497.19601;53.80583;      -0.66533; 54.78110;80.00000;20.00000;0.62309;2
497.29199;53.81083;      -0.66538; 54.77051;80.00000;20.00000;0.62304;2
497.39700;53.81583;      -0.66532; 54.76087;80.00000;20.00000;0.62299;2
497.48300;53.82083;      -0.66537; 54.75702;80.00000;20.00000;0.62294;2
497.59100;53.82583;      -0.66566; 54.75317;80.00000;20.00000;0.62289;2
497.69400;53.83083;      -0.66501; 54.74835;80.00000;20.00000;0.62283;2
497.79099;53.83583;      -0.66459; 54.74353;80.00000;20.00000;0.62279;2
497.88699;53.84083;      -0.66405; 54.73872;80.00000;20.00000;0.62274;2
497.98401;53.84583;      -0.66352; 54.73390;80.00000;20.00000;0.62269;2
498.08200;53.85083;      -0.66274; 54.72427;80.00000;20.00000;0.62264;2
498.18500;53.85583;      -0.66209; 54.71464;80.00000;20.00000;0.62259;2
498.29001;53.86083;      -0.66179; 54.71078;80.00000;20.00000;0.62253;2
498.39401;53.86583;      -0.66126; 54.70597;80.00000;20.00000;0.62248;2
498.47699;53.87083;      -0.66107; 54.70211;80.00000;20.00000;0.62244;2
498.58099;53.87583;      -0.66100; 54.69730;80.00000;20.00000;0.62238;2
498.69101;53.88083;      -0.66047; 54.68670;80.00000;20.00000;0.62233;2
498.78101;53.88583;      -0.65970; 54.67803;80.00000;20.00000;0.62228;2
498.87900;53.89083;      -0.65916; 54.67225;80.00000;20.00000;0.62223;2
498.98901;53.89583;      -0.65863; 54.67129;80.00000;20.00000;0.62218;2
499.07700;53.90083;      -0.65844; 54.66647;80.00000;20.00000;0.62213;2
499.18301;53.90583;      -0.65779; 54.65491;80.00000;20.00000;0.62208;2
499.28601;53.91083;      -0.65749; 54.64432;80.00000;20.00000;0.62203;2
499.38101;53.91583;      -0.65706; 54.63661;80.00000;20.00000;0.62198;2
499.47699;53.92083;      -0.65676; 54.63469;80.00000;20.00000;0.62193;2
499.56601;53.92583;      -0.65657; 54.63180;80.00000;20.00000;0.62188;2
499.67099;53.93083;      -0.65639; 54.62505;80.00000;20.00000;0.62183;2
499.76999;53.93583;      -0.65609; 54.61927;80.00000;20.00000;0.62178;2
499.86801;53.94083;      -0.65567; 54.61157;80.00000;20.00000;0.62173;2
499.95901;53.94583;      -0.65537; 54.60097;80.00000;20.00000;0.62168;2
500.06201;53.95083;      -0.65495; 54.59327;80.00000;20.00000;0.62163;2
500.16800;53.95583;      -0.65394; 54.58941;80.00000;20.00000;0.62158;2
500.25800;53.96083;      -0.65375; 54.58845;80.00000;20.00000;0.62153;2
500.35901;53.96583;      -0.65369; 54.57785;80.00000;20.00000;0.62148;2
500.46899;53.97083;      -0.65363; 54.57015;80.00000;20.00000;0.62142;2
500.57300;53.97583;      -0.65297; 54.56244;80.00000;20.00000;0.62137;2
500.66800;53.98083;      -0.65196; 54.55570;80.00000;20.00000;0.62132;2
500.76300;53.98583;      -0.65107; 54.54703;80.00000;20.00000;0.62128;2
500.86600;53.99083;      -0.65065; 54.53836;80.00000;20.00000;0.62122;2
500.95300;53.99583;      -0.65046; 54.53451;80.00000;20.00000;0.62118;2
501.06299;54.00083;      -0.65004; 54.52777;80.00000;20.00000;0.62112;2
501.16400;54.00583;      -0.64962; 54.52199;80.00000;20.00000;0.62107;2
501.26001;54.01083;      -0.64932; 54.51717;80.00000;20.00000;0.62102;2
501.35901;54.01583;      -0.64878; 54.50850;80.00000;20.00000;0.62097;2
501.46899;54.02083;      -0.64884; 54.49887;80.00000;20.00000;0.62092;2
501.55600;54.02583;      -0.64877; 54.49116;80.00000;20.00000;0.62087;2
501.65799;54.03083;      -0.64847; 54.49020;80.00000;20.00000;0.62082;2
501.75400;54.03583;      -0.64828; 54.48635;80.00000;20.00000;0.62077;2
501.86099;54.04083;      -0.64798; 54.47768;80.00000;20.00000;0.62072;2
501.95499;54.04583;      -0.64697; 54.46612;80.00000;20.00000;0.62067;2
502.04999;54.05083;      -0.64595; 54.45649;80.00000;20.00000;0.62062;2
502.15201;54.05583;      -0.64541; 54.45360;80.00000;20.00000;0.62057;2
502.24899;54.06083;      -0.64534; 54.45167;80.00000;20.00000;0.62052;2
502.35400;54.06583;      -0.64493; 54.44589;80.00000;20.00000;0.62047;2
502.44901;54.07083;      -0.64450; 54.43915;80.00000;20.00000;0.62042;2
502.53799;54.07583;      -0.64408; 54.43337;80.00000;20.00000;0.62037;2
502.64200;54.08083;      -0.64318; 54.42855;80.00000;20.00000;0.62032;2
502.74399;54.08583;      -0.64265; 54.42470;80.00000;20.00000;0.62027;2
502.84299;54.09083;      -0.64270; 54.41410;80.00000;20.00000;0.62022;2
502.93900;54.09583;      -0.64216; 54.40447;80.00000;20.00000;0.62017;2
503.04099;54.10083;      -0.64185; 54.39869;80.00000;20.00000;0.62012;2
503.14200;54.10583;      -0.64131; 54.39676;80.00000;20.00000;0.62006;2
503.24600;54.11083;      -0.64113; 54.39291;80.00000;20.00000;0.62001;2
503.34399;54.11583;      -0.64118; 54.38520;80.00000;20.00000;0.61996;2
503.43600;54.12083;      -0.64099; 54.37942;80.00000;20.00000;0.61991;2
503.53900;54.12583;      -0.64081; 54.37076;80.00000;20.00000;0.61986;2
503.64301;54.13083;      -0.64039; 54.36016;80.00000;20.00000;0.61981;2
503.73599;54.13583;      -0.63961; 54.35342;80.00000;20.00000;0.61976;2
503.83499;54.14083;      -0.63919; 54.35053;80.00000;20.00000;0.61971;2
503.93301;54.14583;      -0.63877; 54.34475;80.00000;20.00000;0.61966;2
504.02802;54.15083;      -0.63846; 54.33897;80.00000;20.00000;0.61961;2
504.12701;54.15583;      -0.63768; 54.33512;80.00000;20.00000;0.61956;2
504.22299;54.16083;      -0.63714; 54.33030;80.00000;20.00000;0.61951;2
504.33600;54.16583;      -0.63720; 54.32548;80.00000;20.00000;0.61946;2
504.42999;54.17083;      -0.63701; 54.31874;80.00000;20.00000;0.61941;2
504.53000;54.17583;      -0.63718; 54.30814;80.00000;20.00000;0.61936;2
504.63501;54.18083;      -0.63676; 54.29948;80.00000;20.00000;0.61930;2
504.73300;54.18583;      -0.63551; 54.29659;80.00000;20.00000;0.61925;2
504.82501;54.19083;      -0.63496; 54.29562;80.00000;20.00000;0.61921;2
504.92999;54.19583;      -0.63454; 54.29081;80.00000;20.00000;0.61915;2
505.02701;54.20083;      -0.63424; 54.28599;80.00000;20.00000;0.61910;2
505.12100;54.20583;      -0.63393; 54.28214;80.00000;20.00000;0.61906;2
505.21600;54.21083;      -0.63327; 54.27828;80.00000;20.00000;0.61901;2
505.32599;54.21583;      -0.63297; 54.27347;80.00000;20.00000;0.61895;2
505.42001;54.22083;      -0.63290; 54.26769;80.00000;20.00000;0.61890;2
505.51099;54.22583;      -0.63295; 54.26383;80.00000;20.00000;0.61886;2
505.62601;54.23083;      -0.63253; 54.25998;80.00000;20.00000;0.61880;2
505.72198;54.23583;      -0.63187; 54.25517;80.00000;20.00000;0.61875;2
505.81400;54.24083;      -0.63120; 54.25131;80.00000;20.00000;0.61870;2
505.92200;54.24583;      -0.63055; 54.24072;80.00000;20.00000;0.61865;2
506.01599;54.25083;      -0.63000; 54.23205;80.00000;20.00000;0.61860;2
506.10999;54.25583;      -0.62934; 54.22723;80.00000;20.00000;0.61855;2
506.21201;54.26083;      -0.62892; 54.22627;80.00000;20.00000;0.61850;2
506.32101;54.26583;      -0.62850; 54.22530;80.00000;20.00000;0.61844;2
506.40701;54.27083;      -0.62807; 54.22145;80.00000;20.00000;0.61840;2
506.51001;54.27583;      -0.62788; 54.21375;80.00000;20.00000;0.61835;2
506.60501;54.28083;      -0.62793; 54.20893;80.00000;20.00000;0.61830;2
506.70200;54.28583;      -0.62774; 54.20508;80.00000;20.00000;0.61825;2
506.81299;54.29083;      -0.62697; 54.20122;80.00000;20.00000;0.61819;2
506.91000;54.29583;      -0.62524; 54.19255;80.00000;20.00000;0.61814;2
507.01001;54.30083;      -0.62493; 54.18388;80.00000;20.00000;0.61809;2
507.10199;54.30583;      -0.62474; 54.18100;80.00000;20.00000;0.61805;2
507.20099;54.31083;      -0.62479; 54.17714;80.00000;20.00000;0.61800;2
507.30301;54.31583;      -0.62484; 54.17329;80.00000;20.00000;0.61794;2
507.40201;54.32083;      -0.62406; 54.16944;80.00000;20.00000;0.61789;2
507.50201;54.32583;      -0.62352; 54.16558;80.00000;20.00000;0.61784;2
507.60501;54.33083;      -0.62345; 54.16173;80.00000;20.00000;0.61779;2
507.69400;54.33583;      -0.62290; 54.15210;80.00000;20.00000;0.61774;2
507.80099;54.34083;      -0.62165; 54.14246;80.00000;20.00000;0.61769;2
507.89499;54.34583;      -0.62158; 54.13765;80.00000;20.00000;0.61764;2
508.00101;54.35083;      -0.62116; 54.13669;80.00000;20.00000;0.61759;2
508.09900;54.35583;      -0.62073; 54.13572;80.00000;20.00000;0.61754;2
508.19199;54.36083;      -0.62054; 54.13091;80.00000;20.00000;0.61749;2
508.29501;54.36583;      -0.62024; 54.12609;80.00000;20.00000;0.61744;2
508.39499;54.37083;      -0.61946; 54.12127;80.00000;20.00000;0.61739;2
508.49500;54.37583;      -0.61903; 54.11646;80.00000;20.00000;0.61734;2
508.59900;54.38083;      -0.61837; 54.11164;80.00000;20.00000;0.61728;2
508.69699;54.38583;      -0.61735; 54.09816;80.00000;20.00000;0.61723;2
508.79099;54.39083;      -0.61716; 54.08756;80.00000;20.00000;0.61718;2
508.88400;54.39583;      -0.61661; 54.08178;80.00000;20.00000;0.61714;2
508.99200;54.40083;      -0.61619; 54.08178;80.00000;20.00000;0.61708;2
509.09000;54.40583;      -0.61624; 54.07985;80.00000;20.00000;0.61703;2
509.19299;54.41083;      -0.61582; 54.07600;80.00000;20.00000;0.61698;2
509.28500;54.41583;      -0.61562; 54.06733;80.00000;20.00000;0.61693;2
509.39099;54.42083;      -0.61580; 54.06155;80.00000;20.00000;0.61688;2
509.48599;54.42583;      -0.61585; 54.05770;80.00000;20.00000;0.61683;2
509.57599;54.43083;      -0.61541; 54.05288;80.00000;20.00000;0.61678;2
509.67700;54.43583;      -0.61427; 54.04903;80.00000;20.00000;0.61673;2
509.78201;54.44083;      -0.61361; 54.04421;80.00000;20.00000;0.61668;2
509.87900;54.44583;      -0.61354; 54.04036;80.00000;20.00000;0.61663;2
509.98199;54.45083;      -0.61324; 54.03265;80.00000;20.00000;0.61658;2
510.07300;54.45583;      -0.61281; 54.02591;80.00000;20.00000;0.61653;2
510.17099;54.46083;      -0.61226; 54.02110;80.00000;20.00000;0.61648;2
510.26999;54.46583;      -0.61231; 54.02110;80.00000;20.00000;0.61643;2
510.37399;54.47083;      -0.61236; 54.01724;80.00000;20.00000;0.61638;2
510.47400;54.47583;      -0.61218; 54.01435;80.00000;20.00000;0.61632;2
510.57401;54.48083;      -0.61151; 54.00954;80.00000;20.00000;0.61627;2
510.67001;54.48583;      -0.61108; 54.00568;80.00000;20.00000;0.61622;2
510.76801;54.49083;      -0.61078; 54.00183;80.00000;20.00000;0.61617;2
510.86401;54.49583;      -0.61023; 53.99990;80.00000;20.00000;0.61613;2
510.96500;54.50083;      -0.60920; 53.99605;80.00000;20.00000;0.61607;2
511.06299;54.50583;      -0.60854; 53.98545;80.00000;20.00000;0.61602;2
511.16699;54.51083;      -0.60823; 53.97582;80.00000;20.00000;0.61597;2
511.26901;54.51583;      -0.60817; 53.97101;80.00000;20.00000;0.61592;2
511.36099;54.52083;      -0.60785; 53.97101;80.00000;20.00000;0.61587;2
511.46899;54.52583;      -0.60731; 53.96908;80.00000;20.00000;0.61582;2
511.56400;54.53083;      -0.60712; 53.96523;80.00000;20.00000;0.61577;2
511.66699;54.53583;      -0.60693; 53.96137;80.00000;20.00000;0.61571;2
511.76599;54.54083;      -0.60651; 53.95656;80.00000;20.00000;0.61566;2
511.85999;54.54583;      -0.60560; 53.95270;80.00000;20.00000;0.61562;2
511.97198;54.55083;      -0.60482; 53.94789;80.00000;20.00000;0.61556;2
512.06500;54.55583;      -0.60451; 53.94307;80.00000;20.00000;0.61551;2
512.16302;54.56083;      -0.60432; 53.93729;80.00000;20.00000;0.61546;2
512.26001;54.56583;      -0.60401; 53.93055;80.00000;20.00000;0.61541;2
512.35400;54.57083;      -0.60346; 53.92381;80.00000;20.00000;0.61536;2
512.45300;54.57583;      -0.60327; 53.92092;80.00000;20.00000;0.61531;2
512.55603;54.58083;      -0.60356; 53.92092;80.00000;20.00000;0.61526;2
512.65601;54.58583;      -0.60361; 53.92092;80.00000;20.00000;0.61521;2
512.75800;54.59083;      -0.60318; 53.91995;80.00000;20.00000;0.61516;2
512.86200;54.59583;      -0.60240; 53.91610;80.00000;20.00000;0.61510;2
512.95898;54.60083;      -0.60209; 53.90839;80.00000;20.00000;0.61505;2
513.05402;54.60583;      -0.60190; 53.90262;80.00000;20.00000;0.61501;2
513.15698;54.61083;      -0.60147; 53.89298;80.00000;20.00000;0.61495;2
513.24902;54.61583;      -0.60092; 53.88624;80.00000;20.00000;0.61491;2
513.35699;54.62083;      -0.60026; 53.88431;80.00000;20.00000;0.61485;2
513.45300;54.62583;      -0.59959; 53.88528;80.00000;20.00000;0.61480;2
513.54999;54.63083;      -0.59952; 53.88624;80.00000;20.00000;0.61475;2
513.64801;54.63583;      -0.59957; 53.88528;80.00000;20.00000;0.61470;2
513.75201;54.64083;      -0.59926; 53.87757;80.00000;20.00000;0.61465;2
513.84497;54.64583;      -0.59907; 53.87275;80.00000;20.00000;0.61460;2
513.95203;54.65083;      -0.59864; 53.86986;80.00000;20.00000;0.61455;2
514.04700;54.65583;      -0.59821; 53.86601;80.00000;20.00000;0.61450;2
514.14203;54.66083;      -0.59778; 53.86312;80.00000;20.00000;0.61445;2
514.23999;54.66583;      -0.59711; 53.86312;80.00000;20.00000;0.61440;2
514.34802;54.67083;      -0.59680; 53.86023;80.00000;20.00000;0.61434;2
514.44598;54.67583;      -0.59649; 53.85156;80.00000;20.00000;0.61429;2
514.54602;54.68083;      -0.59631; 53.84289;80.00000;20.00000;0.61424;2
514.64899;54.68583;      -0.59588; 53.83615;80.00000;20.00000;0.61419;2
514.74799;54.69083;      -0.59593; 53.83326;80.00000;20.00000;0.61414;2
514.83698;54.69583;      -0.59537; 53.83326;80.00000;20.00000;0.61409;2
514.93103;54.70083;      -0.59506; 53.83133;80.00000;20.00000;0.61404;2
515.04401;54.70583;      -0.59452; 53.82652;80.00000;20.00000;0.61399;2
515.13098;54.71083;      -0.59372; 53.82267;80.00000;20.00000;0.61394;2
515.23401;54.71583;      -0.59342; 53.81881;80.00000;20.00000;0.61389;2
515.34003;54.72083;      -0.59275; 53.81400;80.00000;20.00000;0.61384;2
515.43402;54.72583;      -0.59256; 53.80918;80.00000;20.00000;0.61379;2
515.54303;54.73083;      -0.59249; 53.80147;80.00000;20.00000;0.61373;2
515.63000;54.73583;      -0.59205; 53.79569;80.00000;20.00000;0.61369;2
515.73401;54.74083;      -0.59175; 53.79184;80.00000;20.00000;0.61363;2
515.82397;54.74583;      -0.59131; 53.78702;80.00000;20.00000;0.61359;2
515.93597;54.75083;      -0.59029; 53.78317;80.00000;20.00000;0.61353;2
516.03003;54.75583;      -0.58974; 53.77643;80.00000;20.00000;0.61348;2
516.13000;54.76083;      -0.58955; 53.76872;80.00000;20.00000;0.61343;2
516.23297;54.76583;      -0.58948; 53.76391;80.00000;20.00000;0.61338;2
516.32898;54.77083;      -0.58904; 53.76391;80.00000;20.00000;0.61333;2
516.41803;54.77583;      -0.58837; 53.76391;80.00000;20.00000;0.61328;2
516.52399;54.78083;      -0.58830; 53.76102;80.00000;20.00000;0.61323;2
516.62402;54.78583;      -0.58799; 53.75331;80.00000;20.00000;0.61318;2
516.71802;54.79083;      -0.58780; 53.74753;80.00000;20.00000;0.61313;2
516.81897;54.79583;      -0.58713; 53.74368;80.00000;20.00000;0.61308;2
516.91901;54.80083;      -0.58718; 53.73983;80.00000;20.00000;0.61303;2
517.02100;54.80583;      -0.58567; 53.73501;80.00000;20.00000;0.61297;2
517.11102;54.81083;      -0.58511; 53.72923;80.00000;20.00000;0.61293;2
517.21301;54.81583;      -0.58492; 53.72249;80.00000;20.00000;0.61288;2
517.31799;54.82083;      -0.58462; 53.71671;80.00000;20.00000;0.61282;2
517.41498;54.82583;      -0.58442; 53.71478;80.00000;20.00000;0.61277;2
517.51703;54.83083;      -0.58411; 53.71478;80.00000;20.00000;0.61272;2
517.61102;54.83583;      -0.58320; 53.71285;80.00000;20.00000;0.61267;2
517.71198;54.84083;      -0.58265; 53.70996;80.00000;20.00000;0.61262;2
517.81403;54.84583;      -0.58258; 53.70419;80.00000;20.00000;0.61257;2
517.90900;54.85083;      -0.58202; 53.69937;80.00000;20.00000;0.61252;2
518.01099;54.85583;      -0.58171; 53.69648;80.00000;20.00000;0.61247;2
518.10602;54.86083;      -0.58152; 53.69455;80.00000;20.00000;0.61242;2
518.20398;54.86583;      -0.58133; 53.69166;80.00000;20.00000;0.61237;2
518.30298;54.87083;      -0.58126; 53.68588;80.00000;20.00000;0.61232;2
518.40198;54.87583;      -0.58118; 53.67818;80.00000;20.00000;0.61227;2
518.49701;54.88083;      -0.58051; 53.67143;80.00000;20.00000;0.61222;2
518.60999;54.88583;      -0.57997; 53.66662;80.00000;20.00000;0.61216;2
518.70001;54.89083;      -0.57965; 53.66662;80.00000;20.00000;0.61211;2
518.79700;54.89583;      -0.57934; 53.66662;80.00000;20.00000;0.61206;2
518.89502;54.90083;      -0.57878; 53.66566;80.00000;20.00000;0.61201;2
518.99500;54.90583;      -0.57823; 53.66373;80.00000;20.00000;0.61196;2
519.10498;54.91083;      -0.57768; 53.65891;80.00000;20.00000;0.61191;2
519.20300;54.91583;      -0.57713; 53.65313;80.00000;20.00000;0.61186;2
519.29999;54.92083;      -0.57646; 53.65024;80.00000;20.00000;0.61181;2
519.39502;54.92583;      -0.57578; 53.64350;80.00000;20.00000;0.61176;2
519.48999;54.93083;      -0.57559; 53.63676;80.00000;20.00000;0.61171;2
519.59100;54.93583;      -0.57516; 53.63001;80.00000;20.00000;0.61166;2
519.69897;54.94083;      -0.57461; 53.62616;80.00000;20.00000;0.61160;2
519.79102;54.94583;      -0.57405; 53.62616;80.00000;20.00000;0.61155;2
519.89398;54.95083;      -0.57398; 53.62713;80.00000;20.00000;0.61150;2
519.99298;54.95583;      -0.57391; 53.62520;80.00000;20.00000;0.61145;2
520.09900;54.96083;      -0.57348; 53.62231;80.00000;20.00000;0.61140;2
520.19098;54.96583;      -0.57328; 53.61557;80.00000;20.00000;0.61135;2
520.29199;54.97083;      -0.57261; 53.61171;80.00000;20.00000;0.61130;2
520.39203;54.97583;      -0.57230; 53.60690;80.00000;20.00000;0.61125;2
520.49298;54.98083;      -0.57234; 53.60304;80.00000;20.00000;0.61119;2
520.59003;54.98583;      -0.57143; 53.60015;80.00000;20.00000;0.61114;2
520.69800;54.99083;      -0.57112; 53.59823;80.00000;20.00000;0.61109;2
520.79199;54.99583;      -0.57056; 53.59534;80.00000;20.00000;0.61104;2
520.90302;55.00083;      -0.57038; 53.59052;80.00000;20.00000;0.61098;2
520.98999;55.00583;      -0.57030; 53.58282;80.00000;20.00000;0.61094;2
521.08899;55.01083;      -0.57047; 53.57607;80.00000;20.00000;0.61089;2
521.18402;55.01583;      -0.57027; 53.57029;80.00000;20.00000;0.61084;2
521.29303;55.02083;      -0.56996; 53.57029;80.00000;20.00000;0.61078;2
521.38501;55.02583;      -0.56928; 53.57029;80.00000;20.00000;0.61074;2
521.48700;55.03083;      -0.56873; 53.56837;80.00000;20.00000;0.61068;2
521.58301;55.03583;      -0.56818; 53.56355;80.00000;20.00000;0.61063;2
521.68298;55.04083;      -0.56786; 53.55777;80.00000;20.00000;0.61058;2
521.78497;55.04583;      -0.56755; 53.55488;80.00000;20.00000;0.61053;2
521.88202;55.05083;      -0.56687; 53.55199;80.00000;20.00000;0.61048;2
521.98700;55.05583;      -0.56620; 53.54910;80.00000;20.00000;0.61043;2
522.08801;55.06083;      -0.56601; 53.54621;80.00000;20.00000;0.61038;2
522.18597;55.06583;      -0.56594; 53.54429;80.00000;20.00000;0.61033;2
522.28802;55.07083;      -0.56598; 53.54332;80.00000;20.00000;0.61027;2
522.38202;55.07583;      -0.56519; 53.54140;80.00000;20.00000;0.61022;2
522.47900;55.08083;      -0.56463; 53.53658;80.00000;20.00000;0.61017;2
522.58197;55.08583;      -0.56420; 53.52695;80.00000;20.00000;0.61012;2
522.67700;55.09083;      -0.56412; 53.52020;80.00000;20.00000;0.61007;2
522.77802;55.09583;      -0.56369; 53.51539;80.00000;20.00000;0.61002;2
522.87097;55.10083;      -0.56325; 53.51442;80.00000;20.00000;0.60997;2
522.97302;55.10583;      -0.56270; 53.51539;80.00000;20.00000;0.60992;2
523.07098;55.11083;      -0.56250; 53.51346;80.00000;20.00000;0.60987;2
523.17700;55.11583;      -0.56207; 53.51153;80.00000;20.00000;0.60982;2
523.26801;55.12083;      -0.56127; 53.50768;80.00000;20.00000;0.60977;2
523.37299;55.12583;      -0.56096; 53.50287;80.00000;20.00000;0.60972;2
523.47400;55.13083;      -0.56052; 53.49901;80.00000;20.00000;0.60966;2
523.56598;55.13583;      -0.56020; 53.49612;80.00000;20.00000;0.60962;2
523.66803;55.14083;      -0.55977; 53.49227;80.00000;20.00000;0.60956;2
523.76001;55.14583;      -0.55945; 53.48842;80.00000;20.00000;0.60952;2
523.86401;55.15083;      -0.55914; 53.47975;80.00000;20.00000;0.60946;2
523.96698;55.15583;      -0.55883; 53.47012;80.00000;20.00000;0.60941;2
524.05499;55.16083;      -0.55814; 53.46241;80.00000;20.00000;0.60937;2
524.16602;55.16583;      -0.55759; 53.45952;80.00000;20.00000;0.60931;2
524.25299;55.17083;      -0.55691; 53.46048;80.00000;20.00000;0.60926;2
524.36298;55.17583;      -0.55648; 53.46048;80.00000;20.00000;0.60921;2
524.46002;55.18083;      -0.55580; 53.45759;80.00000;20.00000;0.60916;2
524.55298;55.18583;      -0.55512; 53.45567;80.00000;20.00000;0.60911;2
524.65100;55.19083;      -0.55505; 53.44796;80.00000;20.00000;0.60906;2
524.75098;55.19583;      -0.55509; 53.44411;80.00000;20.00000;0.60901;2
524.85498;55.20083;      -0.55466; 53.44025;80.00000;20.00000;0.60895;2
524.95697;55.20583;      -0.55422; 53.43833;80.00000;20.00000;0.60890;2
525.05103;55.21083;      -0.55366; 53.43447;80.00000;20.00000;0.60885;2
525.14801;55.21583;      -0.55274; 53.43159;80.00000;20.00000;0.60880;2
525.24902;55.22083;      -0.55255; 53.42677;80.00000;20.00000;0.60875;2
525.35498;55.22583;      -0.55199; 53.42099;80.00000;20.00000;0.60870;2
525.44397;55.23083;      -0.55143; 53.41521;80.00000;20.00000;0.60865;2
525.54498;55.23583;      -0.55124; 53.41039;80.00000;20.00000;0.60860;2
525.64398;55.24083;      -0.55068; 53.40943;80.00000;20.00000;0.60855;2
525.74701;55.24583;      -0.54976; 53.41136;80.00000;20.00000;0.60850;2
525.85199;55.25083;      -0.54921; 53.41136;80.00000;20.00000;0.60844;2
525.94000;55.25583;      -0.54876; 53.40943;80.00000;20.00000;0.60840;2
526.04498;55.26083;      -0.54869; 53.40654;80.00000;20.00000;0.60834;2
526.13702;55.26583;      -0.54849; 53.39883;80.00000;20.00000;0.60829;2
526.23999;55.27083;      -0.54818; 53.39594;80.00000;20.00000;0.60824;2
526.34399;55.27583;      -0.54799; 53.39305;80.00000;20.00000;0.60819;2
526.42700;55.28083;      -0.54742; 53.39017;80.00000;20.00000;0.60815;2
526.53802;55.28583;      -0.54663; 53.38824;80.00000;20.00000;0.60809;2
526.64099;55.29083;      -0.54667; 53.38439;80.00000;20.00000;0.60804;2
526.73901;55.29583;      -0.54587; 53.37861;80.00000;20.00000;0.60799;2
526.83002;55.30083;      -0.54555; 53.37379;80.00000;20.00000;0.60794;2
526.93103;55.30583;      -0.54536; 53.36801;80.00000;20.00000;0.60789;2
527.03302;55.31083;      -0.54516; 53.36416;80.00000;20.00000;0.60783;2
527.13702;55.31583;      -0.54461; 53.36416;80.00000;20.00000;0.60778;2
527.23499;55.32083;      -0.54429; 53.36416;80.00000;20.00000;0.60773;2
527.32599;55.32583;      -0.54372; 53.36223;80.00000;20.00000;0.60768;2
527.43298;55.33083;      -0.54341; 53.35838;80.00000;20.00000;0.60763;2
527.53400;55.33583;      -0.54346; 53.35645;80.00000;20.00000;0.60758;2
527.63300;55.34083;      -0.54290; 53.35356;80.00000;20.00000;0.60753;2
527.73499;55.34583;      -0.54198; 53.35067;80.00000;20.00000;0.60747;2
527.84100;55.35083;      -0.54154; 53.35067;80.00000;20.00000;0.60742;2
527.92499;55.35583;      -0.54134; 53.34778;80.00000;20.00000;0.60737;2
528.03802;55.36083;      -0.54091; 53.34489;80.00000;20.00000;0.60732;2
528.13599;55.36583;      -0.54083; 53.33719;80.00000;20.00000;0.60727;2
528.23102;55.37083;      -0.54087; 53.33333;80.00000;20.00000;0.60722;2
528.31897;55.37583;      -0.54055; 53.33044;80.00000;20.00000;0.60717;2
528.42297;55.38083;      -0.54048; 53.32755;80.00000;20.00000;0.60712;2
528.52301;55.38583;      -0.54064; 53.32563;80.00000;20.00000;0.60707;2
528.63000;55.39083;      -0.54021; 53.32177;80.00000;20.00000;0.60701;2
528.72601;55.39583;      -0.53965; 53.31888;80.00000;20.00000;0.60696;2
528.82098;55.40083;      -0.53897; 53.31599;80.00000;20.00000;0.60691;2
528.92499;55.40583;      -0.53865; 53.31311;80.00000;20.00000;0.60686;2
529.02502;55.41083;      -0.53845; 53.30636;80.00000;20.00000;0.60681;2
529.12000;55.41583;      -0.53813; 53.30155;80.00000;20.00000;0.60676;2
529.22302;55.42083;      -0.53806; 53.29673;80.00000;20.00000;0.60671;2
529.32300;55.42583;      -0.53774; 53.29384;80.00000;20.00000;0.60666;2
529.42401;55.43083;      -0.53718; 53.29384;80.00000;20.00000;0.60660;2
529.51801;55.43583;      -0.53698; 53.29288;80.00000;20.00000;0.60655;2
529.60999;55.44083;      -0.53630; 53.29095;80.00000;20.00000;0.60651;2
529.71899;55.44583;      -0.53586; 53.28710;80.00000;20.00000;0.60645;2
529.81598;55.45083;      -0.53530; 53.28421;80.00000;20.00000;0.60640;2
529.90997;55.45583;      -0.53498; 53.28228;80.00000;20.00000;0.60635;2
530.02100;55.46083;      -0.53479; 53.27939;80.00000;20.00000;0.60630;2
530.12000;55.46583;      -0.53435; 53.27843;80.00000;20.00000;0.60624;2
530.21100;55.47083;      -0.53354; 53.27650;80.00000;20.00000;0.60620;2
530.31702;55.47583;      -0.53335; 53.27072;80.00000;20.00000;0.60614;2
530.41602;55.48083;      -0.53254; 53.26494;80.00000;20.00000;0.60609;2
530.51501;55.48583;      -0.53234; 53.26109;80.00000;20.00000;0.60604;2
530.61603;55.49083;      -0.53142; 53.25435;80.00000;20.00000;0.60599;2
530.70697;55.49583;      -0.53134; 53.24760;80.00000;20.00000;0.60594;2
530.81799;55.50083;      -0.53127; 53.23990;80.00000;20.00000;0.60589;2
530.90802;55.50583;      -0.53107; 53.23701;80.00000;20.00000;0.60584;2
531.00800;55.51083;      -0.53063; 53.23701;80.00000;20.00000;0.60579;2
531.11102;55.51583;      -0.53007; 53.23701;80.00000;20.00000;0.60573;2
531.20599;55.52083;      -0.53011; 53.23701;80.00000;20.00000;0.60569;2
531.30298;55.52583;      -0.52979; 53.23508;80.00000;20.00000;0.60564;2
531.40100;55.53083;      -0.52935; 53.23219;80.00000;20.00000;0.60558;2
531.51001;55.53583;      -0.52903; 53.23027;80.00000;20.00000;0.60553;2
531.60199;55.54083;      -0.52871; 53.22738;80.00000;20.00000;0.60548;2
531.69897;55.54583;      -0.52730; 53.22352;80.00000;20.00000;0.60543;2
531.80798;55.55083;      -0.52637; 53.22063;80.00000;20.00000;0.60537;2
531.89801;55.55583;      -0.52544; 53.21678;80.00000;20.00000;0.60533;2
531.99701;55.56083;      -0.52525; 53.21389;80.00000;20.00000;0.60528;2
532.09601;55.56583;      -0.52565; 53.20907;80.00000;20.00000;0.60523;2
532.20697;55.57083;      -0.52546; 53.20618;80.00000;20.00000;0.60517;2
532.29700;55.57583;      -0.52502; 53.20426;80.00000;20.00000;0.60512;2
532.39600;55.58083;      -0.52506; 53.20233;80.00000;20.00000;0.60507;2
532.49701;55.58583;      -0.52498; 53.20040;80.00000;20.00000;0.60502;2
532.59698;55.59083;      -0.52466; 53.19751;80.00000;20.00000;0.60497;2
532.69897;55.59583;      -0.52410; 53.18885;80.00000;20.00000;0.60492;2
532.80103;55.60083;      -0.52342; 53.18307;80.00000;20.00000;0.60486;2
532.89001;55.60583;      -0.52285; 53.17729;80.00000;20.00000;0.60482;2
532.98798;55.61083;      -0.52253; 53.17536;80.00000;20.00000;0.60477;2
533.08801;55.61583;      -0.52245; 53.17632;80.00000;20.00000;0.60472;2
533.19299;55.62083;      -0.52238; 53.17632;80.00000;20.00000;0.60466;2
533.28497;55.62583;      -0.52218; 53.17440;80.00000;20.00000;0.60461;2
533.39203;55.63083;      -0.52125; 53.17151;80.00000;20.00000;0.60456;2
533.48798;55.63583;      -0.52056; 53.16958;80.00000;20.00000;0.60451;2
533.59100;55.64083;      -0.52025; 53.16669;80.00000;20.00000;0.60446;2
533.68402;55.64583;      -0.51956; 53.16380;80.00000;20.00000;0.60441;2
533.79303;55.65083;      -0.51912; 53.16380;80.00000;20.00000;0.60435;2
533.88501;55.65583;      -0.51879; 53.16187;80.00000;20.00000;0.60430;2
533.97998;55.66083;      -0.51872; 53.15802;80.00000;20.00000;0.60425;2
534.08301;55.66583;      -0.51864; 53.15032;80.00000;20.00000;0.60420;2
534.18799;55.67083;      -0.51820; 53.14743;80.00000;20.00000;0.60415;2
534.27802;55.67583;      -0.51763; 53.14357;80.00000;20.00000;0.60410;2
534.37799;55.68083;      -0.51670; 53.14068;80.00000;20.00000;0.60405;2
534.47498;55.68583;      -0.51626; 53.13683;80.00000;20.00000;0.60400;2
534.57898;55.69083;      -0.51570; 53.13587;80.00000;20.00000;0.60395;2
534.67902;55.69583;      -0.51513; 53.13009;80.00000;20.00000;0.60389;2
534.78302;55.70083;      -0.51542; 53.12623;80.00000;20.00000;0.60384;2
534.87500;55.70583;      -0.51558; 53.12142;80.00000;20.00000;0.60379;2
534.97400;55.71083;      -0.51477; 53.11660;80.00000;20.00000;0.60374;2
535.07599;55.71583;      -0.51433; 53.11564;80.00000;20.00000;0.60369;2
535.17401;55.72083;      -0.51389; 53.11371;80.00000;20.00000;0.60364;2
535.27802;55.72583;      -0.51357; 53.11082;80.00000;20.00000;0.60359;2
535.37500;55.73083;      -0.51325; 53.10793;80.00000;20.00000;0.60354;2
535.47601;55.73583;      -0.51305; 53.10408;80.00000;20.00000;0.60348;2
535.56799;55.74083;      -0.51284; 53.10119;80.00000;20.00000;0.60344;2
535.67603;55.74583;      -0.51265; 53.09830;80.00000;20.00000;0.60338;2
535.77197;55.75083;      -0.51257; 53.09926;80.00000;20.00000;0.60333;2
535.87701;55.75583;      -0.51237; 53.09734;80.00000;20.00000;0.60328;2
535.98297;55.76083;      -0.51217; 53.09541;80.00000;20.00000;0.60322;2
536.06897;55.76583;      -0.51124; 53.08770;80.00000;20.00000;0.60318;2
536.17200;55.77083;      -0.51055; 53.08289;80.00000;20.00000;0.60312;2
536.27100;55.77583;      -0.51059; 53.07903;80.00000;20.00000;0.60307;2
536.37201;55.78083;      -0.51051; 53.07711;80.00000;20.00000;0.60302;2
536.47302;55.78583;      -0.51044; 53.07326;80.00000;20.00000;0.60297;2
536.57202;55.79083;      -0.51024; 53.07037;80.00000;20.00000;0.60292;2
536.65698;55.79583;      -0.51003; 53.07037;80.00000;20.00000;0.60287;2
536.76501;55.80083;      -0.50947; 53.06748;80.00000;20.00000;0.60282;2
536.86798;55.80583;      -0.50854; 53.06555;80.00000;20.00000;0.60276;2
536.95801;55.81083;      -0.50760; 53.06362;80.00000;20.00000;0.60272;2
537.07300;55.81583;      -0.50716; 53.06073;80.00000;20.00000;0.60266;2
537.16199;55.82083;      -0.50720; 53.05881;80.00000;20.00000;0.60261;2
537.26801;55.82583;      -0.50713; 53.05110;80.00000;20.00000;0.60256;2
537.36200;55.83083;      -0.50704; 53.04339;80.00000;20.00000;0.60251;2
537.45697;55.83583;      -0.50709; 53.03665;80.00000;20.00000;0.60246;2
537.55902;55.84083;      -0.50615; 53.03376;80.00000;20.00000;0.60241;2
537.65900;55.84583;      -0.50559; 53.03280;80.00000;20.00000;0.60236;2
537.76099;55.85083;      -0.50527; 53.03376;80.00000;20.00000;0.60230;2
537.85498;55.85583;      -0.50506; 53.03473;80.00000;20.00000;0.60225;2
537.95203;55.86083;      -0.50498; 53.03569;80.00000;20.00000;0.60220;2
538.05499;55.86583;      -0.50478; 53.03473;80.00000;20.00000;0.60215;2
538.15601;55.87083;      -0.50446; 53.03280;80.00000;20.00000;0.60210;2
538.25000;55.87583;      -0.50462; 53.03184;80.00000;20.00000;0.60205;2
538.35602;55.88083;      -0.50455; 53.02991;80.00000;20.00000;0.60200;2
538.45697;55.88583;      -0.50374; 53.02702;80.00000;20.00000;0.60194;2
538.54797;55.89083;      -0.50243; 53.02413;80.00000;20.00000;0.60190;2
538.64697;55.89583;      -0.50150; 53.02028;80.00000;20.00000;0.60185;2
538.74200;55.90083;      -0.50154; 53.01739;80.00000;20.00000;0.60180;2
538.84802;55.90583;      -0.50159; 53.01161;80.00000;20.00000;0.60174;2
538.94299;55.91083;      -0.50089; 53.00679;80.00000;20.00000;0.60169;2
539.04901;55.91583;      -0.50057; 53.00390;80.00000;20.00000;0.60164;2
539.15100;55.92083;      -0.50037; 53.00294;80.00000;20.00000;0.60158;2
539.24597;55.92583;      -0.50017; 53.00101;80.00000;20.00000;0.60154;2
539.35199;55.93083;      -0.49997; 52.99908;80.00000;20.00000;0.60148;2
539.44299;55.93583;      -0.49952; 52.99716;80.00000;20.00000;0.60143;2
539.54102;55.94083;      -0.49895; 52.99427;80.00000;20.00000;0.60138;2
539.63501;55.94583;      -0.49862; 52.99234;80.00000;20.00000;0.60133;2
539.73602;55.95083;      -0.49891; 52.98849;80.00000;20.00000;0.60128;2
539.83099;55.95583;      -0.49908; 52.98560;80.00000;20.00000;0.60123;2
539.93597;55.96083;      -0.49839; 52.98175;80.00000;20.00000;0.60118;2
540.03802;55.96583;      -0.49806; 52.97886;80.00000;20.00000;0.60113;2
540.13501;55.97083;      -0.49774; 52.97211;80.00000;20.00000;0.60108;2
540.23798;55.97583;      -0.49778; 52.96730;80.00000;20.00000;0.60102;2
540.33197;55.98083;      -0.49770; 52.96248;80.00000;20.00000;0.60097;2
540.43500;55.98583;      -0.49738; 52.95767;80.00000;20.00000;0.60092;2
540.53497;55.99083;      -0.49705; 52.95767;80.00000;20.00000;0.60087;2
540.62799;55.99583;      -0.49624; 52.95767;80.00000;20.00000;0.60082;2
540.73199;56.00083;      -0.49604; 52.95863;80.00000;20.00000;0.60077;2
540.82703;56.00583;      -0.49608; 52.95959;80.00000;20.00000;0.60072;2
540.92401;56.01083;      -0.49587; 52.95767;80.00000;20.00000;0.60067;2
541.02698;56.01583;      -0.49580; 52.95767;80.00000;20.00000;0.60061;2
541.12799;56.02083;      -0.49523; 52.95285;80.00000;20.00000;0.60056;2
541.22998;56.02583;      -0.49490; 52.94803;80.00000;20.00000;0.60051;2
541.32898;56.03083;      -0.49470; 52.94707;80.00000;20.00000;0.60046;2
541.42200;56.03583;      -0.49437; 52.94514;80.00000;20.00000;0.60041;2
541.52698;56.04083;      -0.49356; 52.94418;80.00000;20.00000;0.60036;2
541.61401;56.04583;      -0.49311; 52.94225;80.00000;20.00000;0.60031;2
541.72101;56.05083;      -0.49315; 52.94129;80.00000;20.00000;0.60026;2
541.82098;56.05583;      -0.49307; 52.93551;80.00000;20.00000;0.60020;2
541.91602;56.06083;      -0.49250; 52.93069;80.00000;20.00000;0.60015;2
542.02002;56.06583;      -0.49230; 52.92588;80.00000;20.00000;0.60010;2
542.12097;56.07083;      -0.49186; 52.92106;80.00000;20.00000;0.60005;2
542.21802;56.07583;      -0.49214; 52.92106;80.00000;20.00000;0.60000;2
542.31403;56.08083;      -0.49157; 52.92202;80.00000;20.00000;0.59995;2
542.41199;56.08583;      -0.49112; 52.92299;80.00000;20.00000;0.59990;2
542.51202;56.09083;      -0.49104; 52.92202;80.00000;20.00000;0.59985;2
542.61298;56.09583;      -0.49023; 52.91913;80.00000;20.00000;0.59979;2
542.72498;56.10083;      -0.49003; 52.91625;80.00000;20.00000;0.59974;2
542.82001;56.10583;      -0.48982; 52.91432;80.00000;20.00000;0.59969;2
542.92102;56.11083;      -0.48938; 52.91143;80.00000;20.00000;0.59963;2
543.01599;56.11583;      -0.48856; 52.90950;80.00000;20.00000;0.59959;2
543.11298;56.12083;      -0.48774; 52.90758;80.00000;20.00000;0.59954;2
543.21802;56.12583;      -0.48693; 52.90565;80.00000;20.00000;0.59948;2
543.32501;56.13083;      -0.48697; 52.90276;80.00000;20.00000;0.59943;2
543.41199;56.13583;      -0.48738; 52.89602;80.00000;20.00000;0.59938;2
543.51599;56.14083;      -0.48656; 52.89216;80.00000;20.00000;0.59933;2
543.60400;56.14583;      -0.48635; 52.89024;80.00000;20.00000;0.59928;2
543.71301;56.15083;      -0.48579; 52.88542;80.00000;20.00000;0.59922;2
543.81403;56.15583;      -0.48497; 52.88157;80.00000;20.00000;0.59917;2
543.91498;56.16083;      -0.48440; 52.87675;80.00000;20.00000;0.59912;2
544.00800;56.16583;      -0.48493; 52.87290;80.00000;20.00000;0.59907;2
544.10699;56.17083;      -0.48546; 52.87001;80.00000;20.00000;0.59902;2
544.20801;56.17583;      -0.48526; 52.86808;80.00000;20.00000;0.59897;2
544.31201;56.18083;      -0.48481; 52.86712;80.00000;20.00000;0.59891;2
544.40900;56.18583;      -0.48448; 52.86519;80.00000;20.00000;0.59886;2
544.50000;56.19083;      -0.48391; 52.86230;80.00000;20.00000;0.59882;2
544.60602;56.19583;      -0.48346; 52.85363;80.00000;20.00000;0.59876;2
544.70203;56.20083;      -0.48301; 52.84689;80.00000;20.00000;0.59871;2
544.79797;56.20583;      -0.48293; 52.84111;80.00000;20.00000;0.59866;2
544.90503;56.21083;      -0.48224; 52.83822;80.00000;20.00000;0.59861;2
545.00897;56.21583;      -0.48191; 52.83822;80.00000;20.00000;0.59855;2
545.10498;56.22083;      -0.48085; 52.83822;80.00000;20.00000;0.59850;2
545.20502;56.22583;      -0.48089; 52.83533;80.00000;20.00000;0.59845;2
545.29303;56.23083;      -0.48080; 52.83244;80.00000;20.00000;0.59841;2
545.39502;56.23583;      -0.48060; 52.83052;80.00000;20.00000;0.59835;2
545.49298;56.24083;      -0.48002; 52.82666;80.00000;20.00000;0.59830;2
545.59601;56.24583;      -0.47933; 52.82377;80.00000;20.00000;0.59825;2
545.69598;56.25083;      -0.47974; 52.82377;80.00000;20.00000;0.59820;2
545.79999;56.25583;      -0.47917; 52.82377;80.00000;20.00000;0.59814;2
545.89398;56.26083;      -0.47884; 52.82281;80.00000;20.00000;0.59810;2
545.98199;56.26583;      -0.47863; 52.82088;80.00000;20.00000;0.59805;2
546.09601;56.27083;      -0.47819; 52.81896;80.00000;20.00000;0.59799;2
546.18903;56.27583;      -0.47798; 52.81221;80.00000;20.00000;0.59794;2
546.29901;56.28083;      -0.47778; 52.81029;80.00000;20.00000;0.59789;2
546.38501;56.28583;      -0.47806; 52.80836;80.00000;20.00000;0.59784;2
546.48700;56.29083;      -0.47847; 52.80643;80.00000;20.00000;0.59779;2
546.57800;56.29583;      -0.47802; 52.80451;80.00000;20.00000;0.59774;2
546.68103;56.30083;      -0.47757; 52.80258;80.00000;20.00000;0.59769;2
546.78699;56.30583;      -0.47663; 52.80066;80.00000;20.00000;0.59763;2
546.88202;56.31083;      -0.47654; 52.79969;80.00000;20.00000;0.59758;2
546.98297;56.31583;      -0.47671; 52.79777;80.00000;20.00000;0.59753;2
547.09003;56.32083;      -0.47614; 52.79680;80.00000;20.00000;0.59748;2
547.18298;56.32583;      -0.47581; 52.79488;80.00000;20.00000;0.59743;2
547.27802;56.33083;      -0.47548; 52.79006;80.00000;20.00000;0.59738;2
547.37701;56.33583;      -0.47540; 52.78524;80.00000;20.00000;0.59733;2
547.49402;56.34083;      -0.47483; 52.78139;80.00000;20.00000;0.59727;2
547.58398;56.34583;      -0.47425; 52.77754;80.00000;20.00000;0.59722;2
547.68402;56.35083;      -0.47429; 52.77465;80.00000;20.00000;0.59717;2
547.78101;56.35583;      -0.47433; 52.77368;80.00000;20.00000;0.59712;2
547.88000;56.36083;      -0.47400; 52.77368;80.00000;20.00000;0.59707;2
547.97699;56.36583;      -0.47404; 52.77272;80.00000;20.00000;0.59702;2
548.07501;56.37083;      -0.47371; 52.76983;80.00000;20.00000;0.59697;2
548.17401;56.37583;      -0.47339; 52.76790;80.00000;20.00000;0.59691;2
548.27100;56.38083;      -0.47318; 52.76501;80.00000;20.00000;0.59686;2
548.36499;56.38583;      -0.47285; 52.76212;80.00000;20.00000;0.59681;2
548.46899;56.39083;      -0.47252; 52.76020;80.00000;20.00000;0.59676;2
548.57397;56.39583;      -0.47195; 52.75827;80.00000;20.00000;0.59671;2
548.67102;56.40083;      -0.47162; 52.75731;80.00000;20.00000;0.59666;2
548.76599;56.40583;      -0.47117; 52.75538;80.00000;20.00000;0.59661;2
548.87000;56.41083;      -0.47059; 52.75442;80.00000;20.00000;0.59655;2
548.97400;56.41583;      -0.47026; 52.75249;80.00000;20.00000;0.59650;2
549.06403;56.42083;      -0.46981; 52.74960;80.00000;20.00000;0.59645;2
549.16803;56.42583;      -0.46960; 52.74768;80.00000;20.00000;0.59640;2
549.26801;56.43083;      -0.46940; 52.74575;80.00000;20.00000;0.59635;2
549.37097;56.43583;      -0.46932; 52.74479;80.00000;20.00000;0.59629;2
549.46802;56.44083;      -0.46973; 52.74286;80.00000;20.00000;0.59624;2
549.56897;56.44583;      -0.46977; 52.74190;80.00000;20.00000;0.59619;2
549.65997;56.45083;      -0.46956; 52.73997;80.00000;20.00000;0.59614;2
549.77100;56.45583;      -0.46948; 52.73708;80.00000;20.00000;0.59609;2
549.85901;56.46083;      -0.46927; 52.73130;80.00000;20.00000;0.59604;2
549.95898;56.46583;      -0.46907; 52.72745;80.00000;20.00000;0.59599;2
550.05402;56.47083;      -0.46910; 52.72359;80.00000;20.00000;0.59594;2
550.16498;56.47583;      -0.46866; 52.71974;80.00000;20.00000;0.59588;2
550.26801;56.48083;      -0.46845; 52.71782;80.00000;20.00000;0.59583;2
550.35699;56.48583;      -0.46799; 52.71878;80.00000;20.00000;0.59578;2
550.46802;56.49083;      -0.46779; 52.71878;80.00000;20.00000;0.59572;2
550.55701;56.49583;      -0.46746; 52.71782;80.00000;20.00000;0.59568;2
550.65698;56.50083;      -0.46664; 52.71589;80.00000;20.00000;0.59563;2
550.76703;56.50583;      -0.46582; 52.71396;80.00000;20.00000;0.59557;2
550.85999;56.51083;      -0.46610; 52.71204;80.00000;20.00000;0.59552;2
550.95502;56.51583;      -0.46614; 52.70915;80.00000;20.00000;0.59547;2
551.05298;56.52083;      -0.46556; 52.70722;80.00000;20.00000;0.59542;2
551.15601;56.52583;      -0.46511; 52.70529;80.00000;20.00000;0.59537;2
551.25299;56.53083;      -0.46515; 52.70433;80.00000;20.00000;0.59532;2
551.34802;56.53583;      -0.46482; 52.70240;80.00000;20.00000;0.59527;2
551.45398;56.54083;      -0.46461; 52.70048;80.00000;20.00000;0.59521;2
551.54797;56.54583;      -0.46465; 52.69662;80.00000;20.00000;0.59516;2
551.64697;56.55083;      -0.46469; 52.69373;80.00000;20.00000;0.59511;2
551.75098;56.55583;      -0.46461; 52.69084;80.00000;20.00000;0.59506;2
551.85199;56.56083;      -0.46453; 52.68699;80.00000;20.00000;0.59501;2
551.94897;56.56583;      -0.46420; 52.68314;80.00000;20.00000;0.59496;2
552.05902;56.57083;      -0.46399; 52.67929;80.00000;20.00000;0.59490;2
552.14697;56.57583;      -0.46378; 52.67832;80.00000;20.00000;0.59485;2
552.24402;56.58083;      -0.46333; 52.67736;80.00000;20.00000;0.59480;2
552.34497;56.58583;      -0.46312; 52.67543;80.00000;20.00000;0.59475;2
552.44397;56.59083;      -0.46304; 52.66965;80.00000;20.00000;0.59470;2
552.54199;56.59583;      -0.46283; 52.66291;80.00000;20.00000;0.59465;2
552.64398;56.60083;      -0.46250; 52.65713;80.00000;20.00000;0.59459;2
552.74298;56.60583;      -0.46192; 52.65135;80.00000;20.00000;0.59454;2
552.84100;56.61083;      -0.46172; 52.64942;80.00000;20.00000;0.59449;2
552.93597;56.61583;      -0.46175; 52.65039;80.00000;20.00000;0.59444;2
553.04199;56.62083;      -0.46130; 52.65135;80.00000;20.00000;0.59439;2
553.13397;56.62583;      -0.46109; 52.65231;80.00000;20.00000;0.59434;2
553.23602;56.63083;      -0.46126; 52.65039;80.00000;20.00000;0.59429;2
553.34900;56.63583;      -0.46130; 52.64846;80.00000;20.00000;0.59423;2
553.43903;56.64083;      -0.46084; 52.64653;80.00000;20.00000;0.59418;2
553.54303;56.64583;      -0.46064; 52.64557;80.00000;20.00000;0.59413;2
553.63397;56.65083;      -0.46030; 52.64364;80.00000;20.00000;0.59408;2
553.73798;56.65583;      -0.45985; 52.64172;80.00000;20.00000;0.59403;2
553.83600;56.66083;      -0.45977; 52.63883;80.00000;20.00000;0.59398;2
553.93500;56.66583;      -0.45919; 52.63690;80.00000;20.00000;0.59392;2
554.03198;56.67083;      -0.45923; 52.63498;80.00000;20.00000;0.59387;2
554.13599;56.67583;      -0.45902; 52.63305;80.00000;20.00000;0.59382;2
554.24103;56.68083;      -0.45894; 52.63016;80.00000;20.00000;0.59376;2
554.34302;56.68583;      -0.45873; 52.62727;80.00000;20.00000;0.59371;2
554.43701;56.69083;      -0.45865; 52.62438;80.00000;20.00000;0.59366;2
554.54303;56.69583;      -0.45857; 52.62053;80.00000;20.00000;0.59361;2
554.63098;56.70083;      -0.45823; 52.61667;80.00000;20.00000;0.59356;2
554.72803;56.70583;      -0.45765; 52.61378;80.00000;20.00000;0.59351;2
554.83899;56.71083;      -0.45732; 52.61282;80.00000;20.00000;0.59345;2
554.92999;56.71583;      -0.45711; 52.61186;80.00000;20.00000;0.59341;2
555.03400;56.72083;      -0.45728; 52.60993;80.00000;20.00000;0.59335;2
555.12500;56.72583;      -0.45744; 52.60800;80.00000;20.00000;0.59331;2
555.22601;56.73083;      -0.45748; 52.60608;80.00000;20.00000;0.59325;2
555.33398;56.73583;      -0.45702; 52.60415;80.00000;20.00000;0.59320;2
555.42603;56.74083;      -0.45719; 52.60223;80.00000;20.00000;0.59315;2
555.52802;56.74583;      -0.45673; 52.60126;80.00000;20.00000;0.59310;2
555.62500;56.75083;      -0.45640; 52.59645;80.00000;20.00000;0.59305;2
555.72803;56.75583;      -0.45619; 52.59067;80.00000;20.00000;0.59299;2
555.82501;56.76083;      -0.45611; 52.58681;80.00000;20.00000;0.59294;2
555.92297;56.76583;      -0.45565; 52.58296;80.00000;20.00000;0.59289;2
556.02698;56.77083;      -0.45581; 52.58103;80.00000;20.00000;0.59284;2
556.12097;56.77583;      -0.45585; 52.58200;80.00000;20.00000;0.59279;2
556.21399;56.78083;      -0.45564; 52.58296;80.00000;20.00000;0.59274;2
556.31799;56.78583;      -0.45544; 52.58200;80.00000;20.00000;0.59269;2
556.42401;56.79083;      -0.45486; 52.57911;80.00000;20.00000;0.59263;2
556.51801;56.79583;      -0.45440; 52.57622;80.00000;20.00000;0.59258;2
556.61603;56.80083;      -0.45456; 52.57140;80.00000;20.00000;0.59253;2
556.71997;56.80583;      -0.45473; 52.56851;80.00000;20.00000;0.59248;2
556.81799;56.81083;      -0.45501; 52.56562;80.00000;20.00000;0.59243;2
556.91400;56.81583;      -0.45468; 52.56466;80.00000;20.00000;0.59238;2
557.01099;56.82083;      -0.45447; 52.56370;80.00000;20.00000;0.59233;2
557.11102;56.82583;      -0.45439; 52.56273;80.00000;20.00000;0.59227;2
557.20697;56.83083;      -0.45393; 52.55888;80.00000;20.00000;0.59222;2
557.31201;56.83583;      -0.45347; 52.55503;80.00000;20.00000;0.59217;2
557.41101;56.84083;      -0.45327; 52.55214;80.00000;20.00000;0.59212;2
557.51501;56.84583;      -0.45306; 52.54925;80.00000;20.00000;0.59206;2
557.60797;56.85083;      -0.45297; 52.54828;80.00000;20.00000;0.59201;2
557.71698;56.85583;      -0.45252; 52.54636;80.00000;20.00000;0.59196;2
557.80499;56.86083;      -0.45231; 52.54443;80.00000;20.00000;0.59191;2
557.91101;56.86583;      -0.45210; 52.54154;80.00000;20.00000;0.59186;2
558.00403;56.87083;      -0.45152; 52.53961;80.00000;20.00000;0.59181;2
558.10602;56.87583;      -0.45106; 52.53769;80.00000;20.00000;0.59176;2
558.21100;56.88083;      -0.45135; 52.53383;80.00000;20.00000;0.59170;2
558.30701;56.88583;      -0.45126; 52.52709;80.00000;20.00000;0.59165;2
558.39899;56.89083;      -0.45142; 52.52131;80.00000;20.00000;0.59160;2
558.51099;56.89583;      -0.45134; 52.51650;80.00000;20.00000;0.59155;2
558.60400;56.90083;      -0.45138; 52.51361;80.00000;20.00000;0.59150;2
558.70697;56.90583;      -0.45130; 52.51457;80.00000;20.00000;0.59144;2
558.80103;56.91083;      -0.45171; 52.51457;80.00000;20.00000;0.59139;2
558.90802;56.91583;      -0.45076; 52.51361;80.00000;20.00000;0.59134;2
559.00598;56.92083;      -0.45017; 52.51072;80.00000;20.00000;0.59129;2
559.11298;56.92583;      -0.44997; 52.50879;80.00000;20.00000;0.59123;2
559.19897;56.93083;      -0.45025; 52.50686;80.00000;20.00000;0.59119;2
559.31000;56.93583;      -0.45017; 52.50397;80.00000;20.00000;0.59113;2
559.40198;56.94083;      -0.44971; 52.50205;80.00000;20.00000;0.59108;2
559.49701;56.94583;      -0.44987; 52.50205;80.00000;20.00000;0.59103;2
559.60602;56.95083;      -0.45004; 52.50301;80.00000;20.00000;0.59098;2
559.70203;56.95583;      -0.45008; 52.50205;80.00000;20.00000;0.59093;2
559.79999;56.96083;      -0.45036; 52.50108;80.00000;20.00000;0.59087;2
559.89502;56.96583;      -0.45077; 52.49916;80.00000;20.00000;0.59082;2
560.00403;56.97083;      -0.45057; 52.49819;80.00000;20.00000;0.59077;2
560.09497;56.97583;      -0.45048; 52.49530;80.00000;20.00000;0.59072;2
560.20502;56.98083;      -0.45003; 52.49434;80.00000;20.00000;0.59066;2
560.29700;56.98583;      -0.44981; 52.49049;80.00000;20.00000;0.59062;2
560.38898;56.99083;      -0.44973; 52.48760;80.00000;20.00000;0.59057;2
560.50403;56.99583;      -0.44977; 52.48471;80.00000;20.00000;0.59051;2
560.58899;57.00083;      -0.44956; 52.48278;80.00000;20.00000;0.59046;2
560.69397;57.00583;      -0.44935; 52.47893;80.00000;20.00000;0.59041;2
560.79498;57.01083;      -0.44889; 52.47700;80.00000;20.00000;0.59036;2
560.89502;57.01583;      -0.44843; 52.47411;80.00000;20.00000;0.59030;2
561.00098;57.02083;      -0.44860; 52.47219;80.00000;20.00000;0.59025;2
561.09302;57.02583;      -0.44801; 52.47122;80.00000;20.00000;0.59020;2
561.20099;57.03083;      -0.44818; 52.46930;80.00000;20.00000;0.59015;2
561.29602;57.03583;      -0.44847; 52.46737;80.00000;20.00000;0.59010;2
561.39502;57.04083;      -0.44851; 52.46544;80.00000;20.00000;0.59004;2
561.49402;57.04583;      -0.44842; 52.46448;80.00000;20.00000;0.58999;2
561.59198;57.05083;      -0.44809; 52.46255;80.00000;20.00000;0.58994;2
561.68799;57.05583;      -0.44775; 52.46063;80.00000;20.00000;0.58989;2
561.79102;57.06083;      -0.44792; 52.45870;80.00000;20.00000;0.58984;2
561.89203;57.06583;      -0.44820; 52.45870;80.00000;20.00000;0.58979;2
561.99298;57.07083;      -0.44812; 52.45677;80.00000;20.00000;0.58973;2
562.08698;57.07583;      -0.44753; 52.45581;80.00000;20.00000;0.58968;2
562.19397;57.08083;      -0.44708; 52.45485;80.00000;20.00000;0.58963;2
562.28302;57.08583;      -0.44699; 52.45388;80.00000;20.00000;0.58958;2
562.37799;57.09083;      -0.44715; 52.45292;80.00000;20.00000;0.58953;2
562.48901;57.09583;      -0.44707; 52.45196;80.00000;20.00000;0.58947;2
562.58600;57.10083;      -0.44698; 52.45003;80.00000;20.00000;0.58942;2
562.68701;57.10583;      -0.44665; 52.44907;80.00000;20.00000;0.58937;2
562.78400;57.11083;      -0.44644; 52.44714;80.00000;20.00000;0.58932;2
562.87701;57.11583;      -0.44635; 52.44714;80.00000;20.00000;0.58927;2
562.97998;57.12083;      -0.44602; 52.44522;80.00000;20.00000;0.58922;2
563.07599;57.12583;      -0.44605; 52.44425;80.00000;20.00000;0.58917;2
563.17603;57.13083;      -0.44572; 52.43655;80.00000;20.00000;0.58912;2
563.27698;57.13583;      -0.44576; 52.42980;80.00000;20.00000;0.58906;2
563.37903;57.14083;      -0.44543; 52.42499;80.00000;20.00000;0.58901;2
563.47803;57.14583;      -0.44546; 52.42017;80.00000;20.00000;0.58896;2
563.57098;57.15083;      -0.44563; 52.41921;80.00000;20.00000;0.58891;2
563.67499;57.15583;      -0.44567; 52.41921;80.00000;20.00000;0.58886;2
563.77502;57.16083;      -0.44546; 52.41921;80.00000;20.00000;0.58880;2
563.86700;57.16583;      -0.44537; 52.41921;80.00000;20.00000;0.58876;2
563.96002;57.17083;      -0.44528; 52.42017;80.00000;20.00000;0.58871;2
564.06897;57.17583;      -0.44507; 52.41824;80.00000;20.00000;0.58865;2
564.16998;57.18083;      -0.44486; 52.41728;80.00000;20.00000;0.58860;2
564.27301;57.18583;      -0.44465; 52.41632;80.00000;20.00000;0.58854;2
564.36499;57.19083;      -0.44432; 52.41439;80.00000;20.00000;0.58850;2
564.47101;57.19583;      -0.44423; 52.41246;80.00000;20.00000;0.58844;2
564.56403;57.20083;      -0.44439; 52.41054;80.00000;20.00000;0.58839;2
564.67401;57.20583;      -0.44469; 52.40957;80.00000;20.00000;0.58834;2
564.77100;57.21083;      -0.44448; 52.40765;80.00000;20.00000;0.58829;2
564.86401;57.21583;      -0.44426; 52.40572;80.00000;20.00000;0.58824;2
564.96503;57.22083;      -0.44418; 52.40380;80.00000;20.00000;0.58818;2
565.06097;57.22583;      -0.44397; 52.40187;80.00000;20.00000;0.58813;2
565.17102;57.23083;      -0.44351; 52.40091;80.00000;20.00000;0.58808;2
565.25800;57.23583;      -0.44292; 52.39802;80.00000;20.00000;0.58803;2
565.35602;57.24083;      -0.44258; 52.39416;80.00000;20.00000;0.58798;2
565.46002;57.24583;      -0.44262; 52.39127;80.00000;20.00000;0.58793;2
565.56299;57.25083;      -0.44316; 52.38935;80.00000;20.00000;0.58787;2
565.66602;57.25583;      -0.44333; 52.38838;80.00000;20.00000;0.58782;2
565.75000;57.26083;      -0.44324; 52.38646;80.00000;20.00000;0.58778;2
565.86603;57.26583;      -0.44291; 52.38453;80.00000;20.00000;0.58771;2
565.96503;57.27083;      -0.44270; 52.38260;80.00000;20.00000;0.58766;2
566.06000;57.27583;      -0.44248; 52.38164;80.00000;20.00000;0.58761;2
566.15198;57.28083;      -0.44189; 52.37971;80.00000;20.00000;0.58757;2
566.25897;57.28583;      -0.44169; 52.37682;80.00000;20.00000;0.58751;2
566.35400;57.29083;      -0.44185; 52.37490;80.00000;20.00000;0.58746;2
566.45801;57.29583;      -0.44201; 52.37297;80.00000;20.00000;0.58741;2
566.55798;57.30083;      -0.44205; 52.37008;80.00000;20.00000;0.58735;2
566.66498;57.30583;      -0.44197; 52.36719;80.00000;20.00000;0.58730;2
566.76202;57.31083;      -0.44188; 52.36430;80.00000;20.00000;0.58725;2
566.85797;57.31583;      -0.44179; 52.36334;80.00000;20.00000;0.58720;2
566.95502;57.32083;      -0.44171; 52.36045;80.00000;20.00000;0.58715;2
567.05499;57.32583;      -0.44162; 52.35756;80.00000;20.00000;0.58709;2
567.15198;57.33083;      -0.44141; 52.35563;80.00000;20.00000;0.58704;2
567.25500;57.33583;      -0.44107; 52.35082;80.00000;20.00000;0.58699;2
567.35999;57.34083;      -0.44099; 52.34696;80.00000;20.00000;0.58694;2
567.46198;57.34583;      -0.44091; 52.34215;80.00000;20.00000;0.58688;2
567.54999;57.35083;      -0.44069; 52.33829;80.00000;20.00000;0.58684;2
567.65100;57.35583;      -0.44048; 52.33348;80.00000;20.00000;0.58678;2
567.75800;57.36083;      -0.44014; 52.33155;80.00000;20.00000;0.58673;2
567.84900;57.36583;      -0.44043; 52.33251;80.00000;20.00000;0.58668;2
567.93903;57.37083;      -0.44047; 52.33155;80.00000;20.00000;0.58663;2
568.04999;57.37583;      -0.44101; 52.33155;80.00000;20.00000;0.58658;2
568.14801;57.38083;      -0.44117; 52.32866;80.00000;20.00000;0.58652;2
568.24103;57.38583;      -0.44121; 52.32674;80.00000;20.00000;0.58648;2
568.34998;57.39083;      -0.44125; 52.32288;80.00000;20.00000;0.58642;2
568.44501;57.39583;      -0.44104; 52.31903;80.00000;20.00000;0.58637;2
568.55103;57.40083;      -0.44096; 52.31614;80.00000;20.00000;0.58631;2
568.64899;57.40583;      -0.44062; 52.31325;80.00000;20.00000;0.58626;2
568.75201;57.41083;      -0.44041; 52.31132;80.00000;20.00000;0.58621;2
568.84497;57.41583;      -0.44019; 52.30940;80.00000;20.00000;0.58616;2
568.94598;57.42083;      -0.43998; 52.30747;80.00000;20.00000;0.58611;2
569.04199;57.42583;      -0.44002; 52.30554;80.00000;20.00000;0.58606;2
569.14001;57.43083;      -0.44018; 52.30458;80.00000;20.00000;0.58601;2
569.24902;57.43583;      -0.44048; 52.30265;80.00000;20.00000;0.58595;2
569.33502;57.44083;      -0.44089; 52.30265;80.00000;20.00000;0.58591;2
569.44397;57.44583;      -0.44131; 52.30169;80.00000;20.00000;0.58585;2
569.53601;57.45083;      -0.44097; 52.29880;80.00000;20.00000;0.58580;2
569.65198;57.45583;      -0.44051; 52.29784;80.00000;20.00000;0.58574;2
569.73102;57.46083;      -0.44029; 52.29495;80.00000;20.00000;0.58570;2
569.83301;57.46583;      -0.43970; 52.29302;80.00000;20.00000;0.58565;2
569.93701;57.47083;      -0.43887; 52.29206;80.00000;20.00000;0.58559;2
570.03802;57.47583;      -0.43928; 52.28724;80.00000;20.00000;0.58554;2
570.13098;57.48083;      -0.43982; 52.28146;80.00000;20.00000;0.58549;2
570.23401;57.48583;      -0.44036; 52.27665;80.00000;20.00000;0.58544;2
570.33502;57.49083;      -0.44028; 52.27279;80.00000;20.00000;0.58538;2
570.42902;57.49583;      -0.43994; 52.26894;80.00000;20.00000;0.58533;2
570.53302;57.50083;      -0.43960; 52.26798;80.00000;20.00000;0.58528;2
570.62598;57.50583;      -0.43964; 52.26894;80.00000;20.00000;0.58523;2
570.73297;57.51083;      -0.43968; 52.26894;80.00000;20.00000;0.58518;2
570.83099;57.51583;      -0.43934; 52.26990;80.00000;20.00000;0.58512;2
570.93500;57.52083;      -0.43913; 52.27087;80.00000;20.00000;0.58507;2
571.03198;57.52583;      -0.43867; 52.26990;80.00000;20.00000;0.58502;2
571.13000;57.53083;      -0.43808; 52.26798;80.00000;20.00000;0.58497;2
571.23602;57.53583;      -0.43799; 52.26605;80.00000;20.00000;0.58491;2
571.33398;57.54083;      -0.43753; 52.26509;80.00000;20.00000;0.58486;2
571.42700;57.54583;      -0.43731; 52.26412;80.00000;20.00000;0.58481;2
571.52802;57.55083;      -0.43773; 52.26123;80.00000;20.00000;0.58476;2
571.63000;57.55583;      -0.43764; 52.25642;80.00000;20.00000;0.58471;2
571.72498;57.56083;      -0.43756; 52.25449;80.00000;20.00000;0.58466;2
571.82001;57.56583;      -0.43759; 52.25160;80.00000;20.00000;0.58461;2
571.92999;57.57083;      -0.43764; 52.24967;80.00000;20.00000;0.58455;2
572.02100;57.57583;      -0.43742; 52.24775;80.00000;20.00000;0.58450;2
572.12201;57.58083;      -0.43708; 52.24582;80.00000;20.00000;0.58445;2
572.22400;57.58583;      -0.43712; 52.24293;80.00000;20.00000;0.58440;2
572.31897;57.59083;      -0.43716; 52.24293;80.00000;20.00000;0.58435;2
572.42102;57.59583;      -0.43745; 52.24390;80.00000;20.00000;0.58429;2
572.52002;57.60083;      -0.43824; 52.24486;80.00000;20.00000;0.58424;2
572.61499;57.60583;      -0.43778; 52.24293;80.00000;20.00000;0.58419;2
572.71301;57.61083;      -0.43668; 52.24293;80.00000;20.00000;0.58414;2
572.82098;57.61583;      -0.43572; 52.24293;80.00000;20.00000;0.58408;2
572.91998;57.62083;      -0.43513; 52.24197;80.00000;20.00000;0.58403;2
573.02002;57.62583;      -0.43504; 52.23812;80.00000;20.00000;0.58398;2
573.12201;57.63083;      -0.43546; 52.23715;80.00000;20.00000;0.58393;2
573.21600;57.63583;      -0.43537; 52.23715;80.00000;20.00000;0.58388;2
573.31702;57.64083;      -0.43478; 52.23715;80.00000;20.00000;0.58383;2
573.42200;57.64583;      -0.43444; 52.23523;80.00000;20.00000;0.58377;2
573.51300;57.65083;      -0.43397; 52.23523;80.00000;20.00000;0.58372;2
573.61798;57.65583;      -0.43376; 52.23426;80.00000;20.00000;0.58367;2
573.71002;57.66083;      -0.43367; 52.23330;80.00000;20.00000;0.58362;2
573.81403;57.66583;      -0.43384; 52.23330;80.00000;20.00000;0.58357;2
573.90997;57.67083;      -0.43388; 52.23330;80.00000;20.00000;0.58352;2
573.99902;57.67583;      -0.43379; 52.23137;80.00000;20.00000;0.58347;2
574.09802;57.68083;      -0.43332; 52.23041;80.00000;20.00000;0.58342;2
574.21503;57.68583;      -0.43236; 52.22945;80.00000;20.00000;0.58336;2
574.30902;57.69083;      -0.43265; 52.22848;80.00000;20.00000;0.58331;2
574.40698;57.69583;      -0.43294; 52.22752;80.00000;20.00000;0.58326;2
574.50598;57.70083;      -0.43234; 52.22656;80.00000;20.00000;0.58320;2
574.61200;57.70583;      -0.43213; 52.22463;80.00000;20.00000;0.58315;2
574.71600;57.71083;      -0.43230; 52.22174;80.00000;20.00000;0.58309;2
574.81000;57.71583;      -0.43234; 52.21981;80.00000;20.00000;0.58305;2
574.91199;57.72083;      -0.43238; 52.21789;80.00000;20.00000;0.58299;2
575.00500;57.72583;      -0.43229; 52.21500;80.00000;20.00000;0.58294;2
575.10699;57.73083;      -0.43207; 52.20826;80.00000;20.00000;0.58289;2
575.20398;57.73583;      -0.43186; 52.20440;80.00000;20.00000;0.58284;2
575.29901;57.74083;      -0.43240; 52.20055;80.00000;20.00000;0.58279;2
575.40002;57.74583;      -0.43282; 52.19573;80.00000;20.00000;0.58274;2
575.49597;57.75083;      -0.43260; 52.19284;80.00000;20.00000;0.58269;2
575.59698;57.75583;      -0.43239; 52.19188;80.00000;20.00000;0.58263;2
575.71301;57.76083;      -0.43243; 52.19092;80.00000;20.00000;0.58257;2
575.79498;57.76583;      -0.43259; 52.19092;80.00000;20.00000;0.58253;2
575.90198;57.77083;      -0.43226; 52.19092;80.00000;20.00000;0.58247;2
576.00201;57.77583;      -0.43217; 52.18899;80.00000;20.00000;0.58242;2
576.09802;57.78083;      -0.43221; 52.18706;80.00000;20.00000;0.58237;2
576.20398;57.78583;      -0.43262; 52.18610;80.00000;20.00000;0.58232;2
576.29999;57.79083;      -0.43304; 52.18321;80.00000;20.00000;0.58227;2
576.39502;57.79583;      -0.43308; 52.18225;80.00000;20.00000;0.58222;2
576.49701;57.80083;      -0.43312; 52.18032;80.00000;20.00000;0.58216;2
576.59302;57.80583;      -0.43315; 52.17936;80.00000;20.00000;0.58211;2
576.69897;57.81083;      -0.43307; 52.17743;80.00000;20.00000;0.58206;2
576.80103;57.81583;      -0.43336; 52.17550;80.00000;20.00000;0.58200;2
576.89801;57.82083;      -0.43315; 52.17454;80.00000;20.00000;0.58195;2
576.99200;57.82583;      -0.43331; 52.17261;80.00000;20.00000;0.58190;2
577.09802;57.83083;      -0.43323; 52.17069;80.00000;20.00000;0.58185;2
577.19800;57.83583;      -0.43364; 52.16972;80.00000;20.00000;0.58180;2
577.29999;57.84083;      -0.43356; 52.16684;80.00000;20.00000;0.58174;2
577.39697;57.84583;      -0.43347; 52.16395;80.00000;20.00000;0.58169;2
577.50098;57.85083;      -0.43288; 52.16298;80.00000;20.00000;0.58164;2
577.59399;57.85583;      -0.43291; 52.16202;80.00000;20.00000;0.58159;2
577.69098;57.86083;      -0.43320; 52.16009;80.00000;20.00000;0.58154;2
577.79498;57.86583;      -0.43350; 52.15817;80.00000;20.00000;0.58148;2
577.88501;57.87083;      -0.43378; 52.15720;80.00000;20.00000;0.58144;2
577.98999;57.87583;      -0.43383; 52.15528;80.00000;20.00000;0.58138;2
578.08801;57.88083;      -0.43399; 52.15431;80.00000;20.00000;0.58133;2
578.18903;57.88583;      -0.43454; 52.15239;80.00000;20.00000;0.58128;2
578.29401;57.89083;      -0.43470; 52.15046;80.00000;20.00000;0.58122;2
578.38599;57.89583;      -0.43499; 52.14757;80.00000;20.00000;0.58118;2
578.49200;57.90083;      -0.43529; 52.14661;80.00000;20.00000;0.58112;2
578.58801;57.90583;      -0.43545; 52.14564;80.00000;20.00000;0.58107;2
578.68701;57.91083;      -0.43486; 52.14275;80.00000;20.00000;0.58102;2
578.78998;57.91583;      -0.43464; 52.14179;80.00000;20.00000;0.58096;2
578.89001;57.92083;      -0.43430; 52.13890;80.00000;20.00000;0.58091;2
578.98999;57.92583;      -0.43384; 52.13794;80.00000;20.00000;0.58086;2
579.08899;57.93083;      -0.43362; 52.13601;80.00000;20.00000;0.58081;2
579.18402;57.93583;      -0.43404; 52.13408;80.00000;20.00000;0.58076;2
579.29303;57.94083;      -0.43535; 52.13216;80.00000;20.00000;0.58070;2
579.38800;57.94583;      -0.43551; 52.12734;80.00000;20.00000;0.58065;2
579.49799;57.95083;      -0.43530; 52.12253;80.00000;20.00000;0.58059;2
579.58099;57.95583;      -0.43470; 52.11867;80.00000;20.00000;0.58055;2
579.68500;57.96083;      -0.43474; 52.11482;80.00000;20.00000;0.58050;2
579.78497;57.96583;      -0.43529; 52.11097;80.00000;20.00000;0.58044;2
579.88599;57.97083;      -0.43533; 52.11097;80.00000;20.00000;0.58039;2
579.98602;57.97583;      -0.43511; 52.11097;80.00000;20.00000;0.58034;2
580.07898;57.98083;      -0.43502; 52.11000;80.00000;20.00000;0.58029;2
580.17999;57.98583;      -0.43494; 52.11000;80.00000;20.00000;0.58024;2
580.27502;57.99083;      -0.43523; 52.10808;80.00000;20.00000;0.58019;2
580.37903;57.99583;      -0.43565; 52.10615;80.00000;20.00000;0.58013;2
580.47900;58.00083;      -0.43632; 52.10326;80.00000;20.00000;0.58008;2
580.57001;58.00583;      -0.43572; 52.10230;80.00000;20.00000;0.58003;2
580.67700;58.01083;      -0.43526; 52.10037;80.00000;20.00000;0.57998;2
580.77502;58.01583;      -0.43492; 52.09748;80.00000;20.00000;0.57993;2
580.87799;58.02083;      -0.43458; 52.09652;80.00000;20.00000;0.57987;2
580.96899;58.02583;      -0.43449; 52.09555;80.00000;20.00000;0.57982;2
581.07800;58.03083;      -0.43478; 52.09266;80.00000;20.00000;0.57977;2
581.16998;58.03583;      -0.43507; 52.09074;80.00000;20.00000;0.57972;2
581.27399;58.04083;      -0.43549; 52.08400;80.00000;20.00000;0.57966;2
581.36298;58.04583;      -0.43565; 52.08111;80.00000;20.00000;0.57962;2
581.47302;58.05083;      -0.43633; 52.07822;80.00000;20.00000;0.57956;2
581.56598;58.05583;      -0.43662; 52.07629;80.00000;20.00000;0.57951;2
581.66998;58.06083;      -0.43616; 52.07436;80.00000;20.00000;0.57946;2
581.77399;58.06583;      -0.43607; 52.07244;80.00000;20.00000;0.57940;2
581.87000;58.07083;      -0.43598; 52.06955;80.00000;20.00000;0.57935;2
581.96301;58.07583;      -0.43665; 52.06858;80.00000;20.00000;0.57930;2
582.06897;58.08083;      -0.43669; 52.06762;80.00000;20.00000;0.57925;2
582.16101;58.08583;      -0.43686; 52.06569;80.00000;20.00000;0.57920;2
582.27802;58.09083;      -0.43690; 52.06377;80.00000;20.00000;0.57914;2
582.36603;58.09583;      -0.43668; 52.06280;80.00000;20.00000;0.57909;2
582.46997;58.10083;      -0.43711; 52.06280;80.00000;20.00000;0.57904;2
582.56403;58.10583;      -0.43689; 52.06184;80.00000;20.00000;0.57899;2
582.66199;58.11083;      -0.43680; 52.05991;80.00000;20.00000;0.57894;2
582.76599;58.11583;      -0.43697; 52.05799;80.00000;20.00000;0.57888;2
582.86603;58.12083;      -0.43663; 52.05606;80.00000;20.00000;0.57883;2
582.96503;58.12583;      -0.43667; 52.05510;80.00000;20.00000;0.57878;2
583.06201;58.13083;      -0.43709; 52.05221;80.00000;20.00000;0.57873;2
583.17499;58.13583;      -0.43662; 52.04836;80.00000;20.00000;0.57867;2
583.26898;58.14083;      -0.43602; 52.04258;80.00000;20.00000;0.57862;2
583.37500;58.14583;      -0.43619; 52.03680;80.00000;20.00000;0.57856;2
583.46301;58.15083;      -0.43661; 52.03294;80.00000;20.00000;0.57852;2
583.56299;58.15583;      -0.43716; 52.02909;80.00000;20.00000;0.57847;2
583.66803;58.16083;      -0.43771; 52.02909;80.00000;20.00000;0.57841;2
583.75403;58.16583;      -0.43761; 52.02909;80.00000;20.00000;0.57837;2
583.85699;58.17083;      -0.43727; 52.03005;80.00000;20.00000;0.57831;2
583.96198;58.17583;      -0.43706; 52.03102;80.00000;20.00000;0.57826;2
584.06299;58.18083;      -0.43723; 52.03102;80.00000;20.00000;0.57820;2
584.14801;58.18583;      -0.43726; 52.03102;80.00000;20.00000;0.57816;2
584.26001;58.19083;      -0.43756; 52.03005;80.00000;20.00000;0.57810;2
584.35101;58.19583;      -0.43721; 52.02813;80.00000;20.00000;0.57805;2
584.45697;58.20083;      -0.43688; 52.02524;80.00000;20.00000;0.57800;2
584.55798;58.20583;      -0.43692; 52.01946;80.00000;20.00000;0.57794;2
584.66101;58.21083;      -0.43670; 52.01657;80.00000;20.00000;0.57789;2
584.75598;58.21583;      -0.43674; 52.01560;80.00000;20.00000;0.57784;2
584.85400;58.22083;      -0.43640; 52.01271;80.00000;20.00000;0.57779;2
584.95502;58.22583;      -0.43606; 52.01175;80.00000;20.00000;0.57774;2
585.05701;58.23083;      -0.43597; 52.00886;80.00000;20.00000;0.57768;2
585.15900;58.23583;      -0.43588; 52.00790;80.00000;20.00000;0.57763;2
585.26001;58.24083;      -0.43618; 52.00501;80.00000;20.00000;0.57758;2
585.34601;58.24583;      -0.43634; 52.00501;80.00000;20.00000;0.57753;2
585.44501;58.25083;      -0.43638; 52.00308;80.00000;20.00000;0.57748;2
585.54303;58.25583;      -0.43629; 52.00212;80.00000;20.00000;0.57743;2
585.64001;58.26083;      -0.43582; 52.00019;80.00000;20.00000;0.57738;2
585.74500;58.26583;      -0.43560; 51.99923;80.00000;20.00000;0.57732;2
585.84399;58.27083;      -0.43564; 51.99730;80.00000;20.00000;0.57727;2
585.94702;58.27583;      -0.43568; 51.99538;80.00000;20.00000;0.57722;2
586.04498;58.28083;      -0.43560; 51.99441;80.00000;20.00000;0.57717;2
586.14203;58.28583;      -0.43589; 51.99152;80.00000;20.00000;0.57711;2
586.24902;58.29083;      -0.43580; 51.98863;80.00000;20.00000;0.57706;2
586.34698;58.29583;      -0.43597; 51.98671;80.00000;20.00000;0.57701;2
586.44598;58.30083;      -0.43614; 51.98382;80.00000;20.00000;0.57695;2
586.54303;58.30583;      -0.43605; 51.98189;80.00000;20.00000;0.57690;2
586.63300;58.31083;      -0.43621; 51.97900;80.00000;20.00000;0.57686;2
586.74402;58.31583;      -0.43638; 51.97707;80.00000;20.00000;0.57680;2
586.83899;58.32083;      -0.43629; 51.97515;80.00000;20.00000;0.57675;2
586.93903;58.32583;      -0.43620; 51.96937;80.00000;20.00000;0.57670;2
587.03998;58.33083;      -0.43599; 51.96552;80.00000;20.00000;0.57664;2
587.14203;58.33583;      -0.43514; 51.96070;80.00000;20.00000;0.57659;2
587.24597;58.34083;      -0.43531; 51.95685;80.00000;20.00000;0.57654;2
587.33698;58.34583;      -0.43572; 51.95492;80.00000;20.00000;0.57649;2
587.44501;58.35083;      -0.43551; 51.95492;80.00000;20.00000;0.57643;2
587.54199;58.35583;      -0.43555; 51.95492;80.00000;20.00000;0.57638;2
587.64502;58.36083;      -0.43559; 51.95588;80.00000;20.00000;0.57633;2
587.74597;58.36583;      -0.43576; 51.95492;80.00000;20.00000;0.57627;2
587.83502;58.37083;      -0.43592; 51.95396;80.00000;20.00000;0.57623;2
587.93701;58.37583;      -0.43584; 51.95203;80.00000;20.00000;0.57617;2
588.03497;58.38083;      -0.43575; 51.95010;80.00000;20.00000;0.57612;2
588.13898;58.38583;      -0.43566; 51.94914;80.00000;20.00000;0.57607;2
588.23798;58.39083;      -0.43595; 51.94721;80.00000;20.00000;0.57602;2
588.33600;58.39583;      -0.43599; 51.94529;80.00000;20.00000;0.57596;2
588.43597;58.40083;      -0.43603; 51.94336;80.00000;20.00000;0.57591;2
588.53802;58.40583;      -0.43556; 51.94240;80.00000;20.00000;0.57586;2
588.64398;58.41083;      -0.43573; 51.94047;80.00000;20.00000;0.57580;2
588.73700;58.41583;      -0.43551; 51.93951;80.00000;20.00000;0.57575;2
588.83398;58.42083;      -0.43491; 51.93951;80.00000;20.00000;0.57570;2
588.93402;58.42583;      -0.43432; 51.93854;80.00000;20.00000;0.57565;2
589.02600;58.43083;      -0.43269; 51.93758;80.00000;20.00000;0.57560;2
589.13300;58.43583;      -0.43248; 51.93662;80.00000;20.00000;0.57555;2
589.23297;58.44083;      -0.43252; 51.93565;80.00000;20.00000;0.57549;2
589.33301;58.44583;      -0.43281; 51.93373;80.00000;20.00000;0.57544;2
589.42999;58.45083;      -0.43285; 51.93277;80.00000;20.00000;0.57539;2
589.52698;58.45583;      -0.43315; 51.93373;80.00000;20.00000;0.57534;2
589.63000;58.46083;      -0.43319; 51.93373;80.00000;20.00000;0.57529;2
589.72998;58.46583;      -0.43361; 51.93277;80.00000;20.00000;0.57523;2
589.82397;58.47083;      -0.43326; 51.93180;80.00000;20.00000;0.57518;2
589.93298;58.47583;      -0.43292; 51.93084;80.00000;20.00000;0.57513;2
590.02802;58.48083;      -0.43258; 51.92602;80.00000;20.00000;0.57508;2
590.12500;58.48583;      -0.43210; 51.92410;80.00000;20.00000;0.57503;2
590.22601;58.49083;      -0.43214; 51.92313;80.00000;20.00000;0.57497;2
590.32800;58.49583;      -0.43257; 51.92121;80.00000;20.00000;0.57492;2
590.43103;58.50083;      -0.43312; 51.91928;80.00000;20.00000;0.57486;2
590.52600;58.50583;      -0.43303; 51.91832;80.00000;20.00000;0.57482;2
590.63000;58.51083;      -0.43320; 51.91832;80.00000;20.00000;0.57476;2
590.72998;58.51583;      -0.43337; 51.91639;80.00000;20.00000;0.57471;2
590.82098;58.52083;      -0.43327; 51.91543;80.00000;20.00000;0.57466;2
590.92102;58.52583;      -0.43293; 51.91446;80.00000;20.00000;0.57461;2
591.02002;58.53083;      -0.43220; 51.91254;80.00000;20.00000;0.57456;2
591.11401;58.53583;      -0.43224; 51.90772;80.00000;20.00000;0.57451;2
591.22699;58.54083;      -0.43241; 51.90387;80.00000;20.00000;0.57445;2
591.31201;58.54583;      -0.43232; 51.90098;80.00000;20.00000;0.57440;2
591.42603;58.55083;      -0.43185; 51.89809;80.00000;20.00000;0.57434;2
591.51703;58.55583;      -0.43163; 51.89520;80.00000;20.00000;0.57430;2
591.61902;58.56083;      -0.43116; 51.89327;80.00000;20.00000;0.57424;2
591.72198;58.56583;      -0.43081; 51.89231;80.00000;20.00000;0.57419;2
591.81897;58.57083;      -0.43098; 51.89231;80.00000;20.00000;0.57414;2
591.92102;58.57583;      -0.43115; 51.89231;80.00000;20.00000;0.57408;2
592.02197;58.58083;      -0.43080; 51.89135;80.00000;20.00000;0.57403;2
592.12299;58.58583;      -0.43072; 51.89038;80.00000;20.00000;0.57398;2
592.21698;58.59083;      -0.43075; 51.88846;80.00000;20.00000;0.57393;2
592.32001;58.59583;      -0.43067; 51.88749;80.00000;20.00000;0.57387;2
592.41498;58.60083;      -0.43058; 51.88557;80.00000;20.00000;0.57382;2
592.51703;58.60583;      -0.43036; 51.88364;80.00000;20.00000;0.57377;2
592.61798;58.61083;      -0.43040; 51.88268;80.00000;20.00000;0.57372;2
592.72302;58.61583;      -0.43031; 51.88171;80.00000;20.00000;0.57366;2
592.81897;58.62083;      -0.43022; 51.87979;80.00000;20.00000;0.57361;2
592.91803;58.62583;      -0.43013; 51.87979;80.00000;20.00000;0.57356;2
593.01898;58.63083;      -0.43017; 51.88075;80.00000;20.00000;0.57351;2
593.12201;58.63583;      -0.43009; 51.87882;80.00000;20.00000;0.57345;2
593.21802;58.64083;      -0.42961; 51.87786;80.00000;20.00000;0.57340;2
593.31598;58.64583;      -0.42952; 51.87593;80.00000;20.00000;0.57335;2
593.42102;58.65083;      -0.42943; 51.87015;80.00000;20.00000;0.57330;2
593.51703;58.65583;      -0.42973; 51.86823;80.00000;20.00000;0.57325;2
593.62402;58.66083;      -0.42977; 51.86534;80.00000;20.00000;0.57319;2
593.71503;58.66583;      -0.42968; 51.86341;80.00000;20.00000;0.57314;2
593.81500;58.67083;      -0.42933; 51.86341;80.00000;20.00000;0.57309;2
593.91602;58.67583;      -0.42912; 51.86245;80.00000;20.00000;0.57304;2
594.00500;58.68083;      -0.42902; 51.86148;80.00000;20.00000;0.57299;2
594.11798;58.68583;      -0.42907; 51.85956;80.00000;20.00000;0.57293;2
594.21802;58.69083;      -0.42923; 51.85859;80.00000;20.00000;0.57288;2
594.30798;58.69583;      -0.43017; 51.85763;80.00000;20.00000;0.57283;2
594.40399;58.70083;      -0.43046; 51.85667;80.00000;20.00000;0.57278;2
594.51001;58.70583;      -0.43050; 51.85570;80.00000;20.00000;0.57272;2
594.60303;58.71083;      -0.43028; 51.85378;80.00000;20.00000;0.57267;2
594.70599;58.71583;      -0.42994; 51.85282;80.00000;20.00000;0.57262;2
594.80402;58.72083;      -0.42947; 51.85185;80.00000;20.00000;0.57257;2
594.90100;58.72583;      -0.42860; 51.84993;80.00000;20.00000;0.57252;2
595.00098;58.73083;      -0.42852; 51.84800;80.00000;20.00000;0.57247;2
595.10199;58.73583;      -0.42894; 51.84704;80.00000;20.00000;0.57241;2
595.21100;58.74083;      -0.42911; 51.84511;80.00000;20.00000;0.57236;2
595.29901;58.74583;      -0.42902; 51.84222;80.00000;20.00000;0.57231;2
595.40802;58.75083;      -0.42842; 51.84029;80.00000;20.00000;0.57225;2
595.50000;58.75583;      -0.42820; 51.83837;80.00000;20.00000;0.57220;2
595.59497;58.76083;      -0.42772; 51.83451;80.00000;20.00000;0.57215;2
595.69098;58.76583;      -0.42763; 51.83066;80.00000;20.00000;0.57210;2
595.79199;58.77083;      -0.42767; 51.82681;80.00000;20.00000;0.57205;2
595.89697;58.77583;      -0.42810; 51.82392;80.00000;20.00000;0.57200;2
595.99597;58.78083;      -0.42814; 51.82103;80.00000;20.00000;0.57194;2
596.10101;58.78583;      -0.42818; 51.82006;80.00000;20.00000;0.57189;2
596.20697;58.79083;      -0.42783; 51.82006;80.00000;20.00000;0.57183;2
596.29498;58.79583;      -0.42774; 51.82006;80.00000;20.00000;0.57179;2
596.39398;58.80083;      -0.42778; 51.82006;80.00000;20.00000;0.57173;2
596.49500;58.80583;      -0.42795; 51.82199;80.00000;20.00000;0.57168;2
596.59601;58.81083;      -0.42799; 51.82103;80.00000;20.00000;0.57163;2
596.69098;58.81583;      -0.42738; 51.82006;80.00000;20.00000;0.57158;2
596.80200;58.82083;      -0.42755; 51.81910;80.00000;20.00000;0.57152;2
596.89203;58.82583;      -0.42759; 51.81814;80.00000;20.00000;0.57147;2
596.99701;58.83083;      -0.42750; 51.81717;80.00000;20.00000;0.57142;2
597.09601;58.83583;      -0.42741; 51.81525;80.00000;20.00000;0.57137;2
597.19397;58.84083;      -0.42732; 51.81429;80.00000;20.00000;0.57131;2
597.28998;58.84583;      -0.42684; 51.81043;80.00000;20.00000;0.57126;2
597.39301;58.85083;      -0.42714; 51.80754;80.00000;20.00000;0.57121;2
597.49103;58.85583;      -0.42731; 51.80658;80.00000;20.00000;0.57116;2
597.59497;58.86083;      -0.42735; 51.80465;80.00000;20.00000;0.57110;2
597.68500;58.86583;      -0.42764; 51.80176;80.00000;20.00000;0.57106;2
597.78003;58.87083;      -0.42691; 51.79984;80.00000;20.00000;0.57101;2
597.88702;58.87583;      -0.42618; 51.79887;80.00000;20.00000;0.57095;2
597.98499;58.88083;      -0.42660; 51.79695;80.00000;20.00000;0.57090;2
598.09100;58.88583;      -0.42664; 51.79695;80.00000;20.00000;0.57084;2
598.19397;58.89083;      -0.42591; 51.79695;80.00000;20.00000;0.57079;2
598.28400;58.89583;      -0.42595; 51.79598;80.00000;20.00000;0.57074;2
598.38898;58.90083;      -0.42612; 51.79598;80.00000;20.00000;0.57069;2
598.48901;58.90583;      -0.42603; 51.79502;80.00000;20.00000;0.57063;2
598.58398;58.91083;      -0.42452; 51.79406;80.00000;20.00000;0.57058;2
598.69000;58.91583;      -0.42430; 51.78828;80.00000;20.00000;0.57053;2
598.78998;58.92083;      -0.42563; 51.78442;80.00000;20.00000;0.57048;2
598.88599;58.92583;      -0.42567; 51.78346;80.00000;20.00000;0.57042;2
598.98297;58.93083;      -0.42545; 51.78153;80.00000;20.00000;0.57037;2
599.08502;58.93583;      -0.42446; 51.78057;80.00000;20.00000;0.57032;2
599.19598;58.94083;      -0.42386; 51.78057;80.00000;20.00000;0.57026;2
599.28101;58.94583;      -0.42350; 51.77864;80.00000;20.00000;0.57022;2
599.39001;58.95083;      -0.42393; 51.77768;80.00000;20.00000;0.57016;2
599.48999;58.95583;      -0.42410; 51.77672;80.00000;20.00000;0.57011;2
599.58197;58.96083;      -0.42440; 51.77479;80.00000;20.00000;0.57006;2
599.67902;58.96583;      -0.42456; 51.77479;80.00000;20.00000;0.57001;2
599.78198;58.97083;      -0.42422; 51.77575;80.00000;20.00000;0.56995;2
599.87903;58.97583;      -0.42412; 51.77575;80.00000;20.00000;0.56990;2
599.98401;58.98083;      -0.42417; 51.77479;80.00000;20.00000;0.56985;2
600.07898;58.98583;      -0.42407; 51.77479;80.00000;20.00000;0.56980;2
600.17499;58.99083;      -0.42424; 51.77383;80.00000;20.00000;0.56975;2
600.27698;58.99583;      -0.42428; 51.77383;80.00000;20.00000;0.56969;2
600.37701;59.00083;      -0.42406; 51.77190;80.00000;20.00000;0.56964;2
600.47498;59.00583;      -0.42410; 51.76998;80.00000;20.00000;0.56959;2
600.57898;59.01083;      -0.42388; 51.76901;80.00000;20.00000;0.56953;2
600.67902;59.01583;      -0.42379; 51.76709;80.00000;20.00000;0.56948;2
600.77600;59.02083;      -0.42370; 51.76516;80.00000;20.00000;0.56943;2
600.88202;59.02583;      -0.42374; 51.76323;80.00000;20.00000;0.56938;2
600.97699;59.03083;      -0.42365; 51.76131;80.00000;20.00000;0.56933;2
601.08698;59.03583;      -0.42356; 51.75938;80.00000;20.00000;0.56927;2
601.17902;59.04083;      -0.42347; 51.75649;80.00000;20.00000;0.56922;2
601.27502;59.04583;      -0.42377; 51.75264;80.00000;20.00000;0.56917;2
601.37903;59.05083;      -0.42342; 51.74975;80.00000;20.00000;0.56911;2
601.47699;59.05583;      -0.42294; 51.74589;80.00000;20.00000;0.56906;2
601.57501;59.06083;      -0.42285; 51.74300;80.00000;20.00000;0.56901;2
601.67200;59.06583;      -0.42263; 51.74011;80.00000;20.00000;0.56896;2
601.76599;59.07083;      -0.42228; 51.74108;80.00000;20.00000;0.56891;2
601.86902;59.07583;      -0.42219; 51.74300;80.00000;20.00000;0.56886;2
601.97198;59.08083;      -0.42236; 51.74397;80.00000;20.00000;0.56880;2
602.07202;59.08583;      -0.42266; 51.74493;80.00000;20.00000;0.56875;2
602.16901;59.09083;      -0.42270; 51.74589;80.00000;20.00000;0.56870;2
602.27197;59.09583;      -0.42274; 51.74589;80.00000;20.00000;0.56864;2
602.37402;59.10083;      -0.42278; 51.74589;80.00000;20.00000;0.56859;2
602.46997;59.10583;      -0.42243; 51.74589;80.00000;20.00000;0.56854;2
602.56799;59.11083;      -0.42234; 51.74589;80.00000;20.00000;0.56849;2
602.66901;59.11583;      -0.42212; 51.74493;80.00000;20.00000;0.56844;2
602.77399;59.12083;      -0.42190; 51.74397;80.00000;20.00000;0.56838;2
602.87598;59.12583;      -0.42181; 51.74204;80.00000;20.00000;0.56833;2
602.96899;59.13083;      -0.42159; 51.73915;80.00000;20.00000;0.56828;2
603.06598;59.13583;      -0.42124; 51.73819;80.00000;20.00000;0.56823;2
603.16602;59.14083;      -0.42089; 51.73722;80.00000;20.00000;0.56817;2
603.26501;59.14583;      -0.42093; 51.73241;80.00000;20.00000;0.56812;2
603.35699;59.15083;      -0.42096; 51.73048;80.00000;20.00000;0.56807;2
603.45502;59.15583;      -0.42100; 51.72856;80.00000;20.00000;0.56802;2
603.56598;59.16083;      -0.42104; 51.72567;80.00000;20.00000;0.56796;2
603.66602;59.16583;      -0.42095; 51.72470;80.00000;20.00000;0.56791;2
603.75800;59.17083;      -0.42073; 51.72278;80.00000;20.00000;0.56786;2
603.85199;59.17583;      -0.42012; 51.72085;80.00000;20.00000;0.56781;2
603.95801;59.18083;      -0.42016; 51.71892;80.00000;20.00000;0.56776;2
604.05798;59.18583;      -0.42033; 51.71603;80.00000;20.00000;0.56770;2
604.15601;59.19083;      -0.42063; 51.71411;80.00000;20.00000;0.56765;2
604.26099;59.19583;      -0.42093; 51.71122;80.00000;20.00000;0.56760;2
604.35602;59.20083;      -0.42070; 51.71025;80.00000;20.00000;0.56755;2
604.45898;59.20583;      -0.42036; 51.70736;80.00000;20.00000;0.56749;2
604.55603;59.21083;      -0.42001; 51.70640;80.00000;20.00000;0.56744;2
604.65302;59.21583;      -0.41978; 51.70447;80.00000;20.00000;0.56739;2
604.75403;59.22083;      -0.41982; 51.70351;80.00000;20.00000;0.56734;2
604.85999;59.22583;      -0.41974; 51.70255;80.00000;20.00000;0.56728;2
604.95398;59.23083;      -0.41951; 51.70062;80.00000;20.00000;0.56723;2
605.05798;59.23583;      -0.41942; 51.69966;80.00000;20.00000;0.56718;2
605.15802;59.24083;      -0.41920; 51.69581;80.00000;20.00000;0.56713;2
605.25598;59.24583;      -0.41924; 51.69292;80.00000;20.00000;0.56707;2
605.35699;59.25083;      -0.41915; 51.68906;80.00000;20.00000;0.56702;2
605.45001;59.25583;      -0.41919; 51.68617;80.00000;20.00000;0.56697;2
605.55103;59.26083;      -0.41884; 51.68425;80.00000;20.00000;0.56692;2
605.65802;59.26583;      -0.41875; 51.68136;80.00000;20.00000;0.56686;2
605.76300;59.27083;      -0.41879; 51.68136;80.00000;20.00000;0.56681;2
605.86401;59.27583;      -0.41896; 51.68136;80.00000;20.00000;0.56675;2
605.95502;59.28083;      -0.41912; 51.68136;80.00000;20.00000;0.56671;2
606.05402;59.28583;      -0.41929; 51.68232;80.00000;20.00000;0.56665;2
606.15802;59.29083;      -0.41920; 51.68136;80.00000;20.00000;0.56660;2
606.25403;59.29583;      -0.41859; 51.68039;80.00000;20.00000;0.56655;2
606.34900;59.30083;      -0.41811; 51.67943;80.00000;20.00000;0.56650;2
606.45099;59.30583;      -0.41776; 51.67847;80.00000;20.00000;0.56645;2
606.55103;59.31083;      -0.41793; 51.67654;80.00000;20.00000;0.56639;2
606.64398;59.31583;      -0.41784; 51.67558;80.00000;20.00000;0.56634;2
606.73700;59.32083;      -0.41774; 51.67365;80.00000;20.00000;0.56629;2
606.84900;59.32583;      -0.41779; 51.67076;80.00000;20.00000;0.56624;2
606.94702;59.33083;      -0.41756; 51.66980;80.00000;20.00000;0.56618;2
607.04999;59.33583;      -0.41734; 51.66883;80.00000;20.00000;0.56613;2
607.15302;59.34083;      -0.41726; 51.66787;80.00000;20.00000;0.56608;2
607.25000;59.34583;      -0.41729; 51.66594;80.00000;20.00000;0.56602;2
607.34497;59.35083;      -0.41642; 51.66402;80.00000;20.00000;0.56597;2
607.44000;59.35583;      -0.41633; 51.66305;80.00000;20.00000;0.56592;2
607.55298;59.36083;      -0.41650; 51.66113;80.00000;20.00000;0.56586;2
607.64899;59.36583;      -0.41680; 51.65920;80.00000;20.00000;0.56581;2
607.75897;59.37083;      -0.41671; 51.65727;80.00000;20.00000;0.56576;2
607.85101;59.37583;      -0.41675; 51.65535;80.00000;20.00000;0.56571;2
607.94000;59.38083;      -0.41678; 51.65342;80.00000;20.00000;0.56566;2
608.04700;59.38583;      -0.41682; 51.65246;80.00000;20.00000;0.56560;2
608.13599;59.39083;      -0.41660; 51.65053;80.00000;20.00000;0.56556;2
608.23999;59.39583;      -0.41612; 51.64861;80.00000;20.00000;0.56550;2
608.33698;59.40083;      -0.41538; 51.64764;80.00000;20.00000;0.56545;2
608.44098;59.40583;      -0.41542; 51.64572;80.00000;20.00000;0.56540;2
608.54303;59.41083;      -0.41520; 51.64379;80.00000;20.00000;0.56534;2
608.63501;59.41583;      -0.41471; 51.64283;80.00000;20.00000;0.56530;2
608.74402;59.42083;      -0.41436; 51.63994;80.00000;20.00000;0.56524;2
608.84198;59.42583;      -0.41427; 51.63897;80.00000;20.00000;0.56519;2
608.94397;59.43083;      -0.41405; 51.63705;80.00000;20.00000;0.56513;2
609.03601;59.43583;      -0.41383; 51.63608;80.00000;20.00000;0.56508;2
609.13702;59.44083;      -0.41399; 51.63416;80.00000;20.00000;0.56503;2
609.23401;59.44583;      -0.41429; 51.63416;80.00000;20.00000;0.56498;2
609.33002;59.45083;      -0.41446; 51.63223;80.00000;20.00000;0.56493;2
609.44397;59.45583;      -0.41489; 51.63127;80.00000;20.00000;0.56487;2
609.54199;59.46083;      -0.41519; 51.63030;80.00000;20.00000;0.56482;2
609.63599;59.46583;      -0.41484; 51.62934;80.00000;20.00000;0.56477;2
609.73700;59.47083;      -0.41449; 51.62838;80.00000;20.00000;0.56471;2
609.83099;59.47583;      -0.41387; 51.62741;80.00000;20.00000;0.56467;2
609.92700;59.48083;      -0.41365; 51.62645;80.00000;20.00000;0.56461;2
610.02600;59.48583;      -0.41369; 51.62452;80.00000;20.00000;0.56456;2
610.12598;59.49083;      -0.41373; 51.62452;80.00000;20.00000;0.56451;2
610.21899;59.49583;      -0.41337; 51.62260;80.00000;20.00000;0.56446;2
610.32397;59.50083;      -0.41315; 51.62067;80.00000;20.00000;0.56441;2
610.42902;59.50583;      -0.41319; 51.61971;80.00000;20.00000;0.56435;2
610.52399;59.51083;      -0.41388; 51.61971;80.00000;20.00000;0.56430;2
610.62500;59.51583;      -0.41379; 51.61874;80.00000;20.00000;0.56425;2
610.72101;59.52083;      -0.41330; 51.61778;80.00000;20.00000;0.56420;2
610.82300;59.52583;      -0.41243; 51.61682;80.00000;20.00000;0.56414;2
610.92297;59.53083;      -0.41195; 51.61682;80.00000;20.00000;0.56409;2
611.01898;59.53583;      -0.41160; 51.61682;80.00000;20.00000;0.56404;2
611.11798;59.54083;      -0.41163; 51.61586;80.00000;20.00000;0.56399;2
611.21301;59.54583;      -0.41180; 51.61393;80.00000;20.00000;0.56394;2
611.32001;59.55083;      -0.41145; 51.61393;80.00000;20.00000;0.56388;2
611.41803;59.55583;      -0.41149; 51.61297;80.00000;20.00000;0.56383;2
611.51703;59.56083;      -0.41192; 51.61297;80.00000;20.00000;0.56378;2
611.61200;59.56583;      -0.41234; 51.61200;80.00000;20.00000;0.56373;2
611.71503;59.57083;      -0.41278; 51.61200;80.00000;20.00000;0.56367;2
611.81598;59.57583;      -0.41255; 51.61104;80.00000;20.00000;0.56362;2
611.91602;59.58083;      -0.41194; 51.60911;80.00000;20.00000;0.56357;2
612.00702;59.58583;      -0.41106; 51.60815;80.00000;20.00000;0.56352;2
612.11798;59.59083;      -0.41097; 51.60719;80.00000;20.00000;0.56346;2
612.21198;59.59583;      -0.41127; 51.60622;80.00000;20.00000;0.56341;2
612.30603;59.60083;      -0.41079; 51.60526;80.00000;20.00000;0.56336;2
612.41400;59.60583;      -0.41070; 51.60430;80.00000;20.00000;0.56330;2
612.51099;59.61083;      -0.41047; 51.60237;80.00000;20.00000;0.56325;2
612.61700;59.61583;      -0.41025; 51.60141;80.00000;20.00000;0.56320;2
612.70599;59.62083;      -0.41068; 51.59948;80.00000;20.00000;0.56315;2
612.81299;59.62583;      -0.41059; 51.59852;80.00000;20.00000;0.56309;2
612.91901;59.63083;      -0.41050; 51.59755;80.00000;20.00000;0.56304;2
613.01300;59.63583;      -0.41041; 51.59659;80.00000;20.00000;0.56299;2
613.11298;59.64083;      -0.41018; 51.59274;80.00000;20.00000;0.56294;2
613.21198;59.64583;      -0.40970; 51.59081;80.00000;20.00000;0.56288;2
613.30798;59.65083;      -0.40947; 51.58888;80.00000;20.00000;0.56283;2
613.41602;59.65583;      -0.40912; 51.58696;80.00000;20.00000;0.56278;2
613.51703;59.66083;      -0.40825; 51.58503;80.00000;20.00000;0.56272;2
613.61200;59.66583;      -0.40842; 51.58118;80.00000;20.00000;0.56267;2
613.71100;59.67083;      -0.40858; 51.58021;80.00000;20.00000;0.56262;2
613.81000;59.67583;      -0.40862; 51.57925;80.00000;20.00000;0.56257;2
613.91302;59.68083;      -0.40892; 51.57925;80.00000;20.00000;0.56251;2
614.00500;59.68583;      -0.40922; 51.57925;80.00000;20.00000;0.56247;2
614.10303;59.69083;      -0.40926; 51.57829;80.00000;20.00000;0.56241;2
614.21002;59.69583;      -0.40930; 51.57829;80.00000;20.00000;0.56236;2
614.30902;59.70083;      -0.40960; 51.57733;80.00000;20.00000;0.56231;2
614.40503;59.70583;      -0.40937; 51.57733;80.00000;20.00000;0.56225;2
614.50598;59.71083;      -0.40902; 51.57636;80.00000;20.00000;0.56220;2
614.60303;59.71583;      -0.40879; 51.57540;80.00000;20.00000;0.56215;2
614.70898;59.72083;      -0.40857; 51.57540;80.00000;20.00000;0.56209;2
614.80701;59.72583;      -0.40874; 51.57444;80.00000;20.00000;0.56204;2
614.91199;59.73083;      -0.40865; 51.57444;80.00000;20.00000;0.56199;2
615.00201;59.73583;      -0.40856; 51.57251;80.00000;20.00000;0.56194;2
615.10199;59.74083;      -0.40872; 51.57058;80.00000;20.00000;0.56189;2
615.20099;59.74583;      -0.40850; 51.56962;80.00000;20.00000;0.56184;2
615.30200;59.75083;      -0.40841; 51.56866;80.00000;20.00000;0.56178;2
615.39600;59.75583;      -0.40779; 51.56673;80.00000;20.00000;0.56173;2
615.50299;59.76083;      -0.40744; 51.56384;80.00000;20.00000;0.56168;2
615.59698;59.76583;      -0.40695; 51.56095;80.00000;20.00000;0.56163;2
615.69800;59.77083;      -0.40660; 51.55902;80.00000;20.00000;0.56157;2
615.79700;59.77583;      -0.40703; 51.55806;80.00000;20.00000;0.56152;2
615.90100;59.78083;      -0.40694; 51.55613;80.00000;20.00000;0.56147;2
616.00702;59.78583;      -0.40698; 51.55517;80.00000;20.00000;0.56141;2
616.09900;59.79083;      -0.40688; 51.55421;80.00000;20.00000;0.56136;2
616.19598;59.79583;      -0.40653; 51.55228;80.00000;20.00000;0.56131;2
616.29797;59.80083;      -0.40604; 51.55132;80.00000;20.00000;0.56126;2
616.40399;59.80583;      -0.40647; 51.55035;80.00000;20.00000;0.56120;2
616.49402;59.81083;      -0.40690; 51.54650;80.00000;20.00000;0.56115;2
616.59998;59.81583;      -0.40655; 51.54554;80.00000;20.00000;0.56110;2
616.69397;59.82083;      -0.40659; 51.54361;80.00000;20.00000;0.56105;2
616.79700;59.82583;      -0.40636; 51.54168;80.00000;20.00000;0.56099;2
616.89600;59.83083;      -0.40627; 51.53976;80.00000;20.00000;0.56094;2
616.99500;59.83583;      -0.40618; 51.53879;80.00000;20.00000;0.56089;2
617.09198;59.84083;      -0.40648; 51.53591;80.00000;20.00000;0.56084;2
617.19098;59.84583;      -0.40612; 51.53494;80.00000;20.00000;0.56079;2
617.29901;59.85083;      -0.40629; 51.53398;80.00000;20.00000;0.56073;2
617.39697;59.85583;      -0.40633; 51.53302;80.00000;20.00000;0.56068;2
617.48999;59.86083;      -0.40623; 51.53109;80.00000;20.00000;0.56063;2
617.58502;59.86583;      -0.40627; 51.53013;80.00000;20.00000;0.56058;2
617.69299;59.87083;      -0.40631; 51.52916;80.00000;20.00000;0.56052;2
617.78699;59.87583;      -0.40674; 51.52724;80.00000;20.00000;0.56047;2
617.89398;59.88083;      -0.40691; 51.52627;80.00000;20.00000;0.56041;2
617.98297;59.88583;      -0.40629; 51.52627;80.00000;20.00000;0.56037;2
618.08502;59.89083;      -0.40528; 51.52531;80.00000;20.00000;0.56031;2
618.18799;59.89583;      -0.40558; 51.52242;80.00000;20.00000;0.56026;2
618.28900;59.90083;      -0.40575; 51.51664;80.00000;20.00000;0.56021;2
618.38599;59.90583;      -0.40566; 51.51279;80.00000;20.00000;0.56016;2
618.49103;59.91083;      -0.40570; 51.50797;80.00000;20.00000;0.56010;2
618.57800;59.91583;      -0.40626; 51.50508;80.00000;20.00000;0.56005;2
618.67700;59.92083;      -0.40643; 51.50315;80.00000;20.00000;0.56000;2
618.77698;59.92583;      -0.40646; 51.50219;80.00000;20.00000;0.55995;2
618.87701;59.93083;      -0.40690; 51.50219;80.00000;20.00000;0.55990;2
618.96698;59.93583;      -0.40706; 51.50219;80.00000;20.00000;0.55985;2
619.07501;59.94083;      -0.40724; 51.50123;80.00000;20.00000;0.55979;2
619.17798;59.94583;      -0.40727; 51.50026;80.00000;20.00000;0.55974;2
619.27802;59.95083;      -0.40744; 51.49834;80.00000;20.00000;0.55968;2
619.38000;59.95583;      -0.40748; 51.49738;80.00000;20.00000;0.55963;2
619.47498;59.96083;      -0.40726; 51.49641;80.00000;20.00000;0.55958;2
619.57599;59.96583;      -0.40743; 51.49449;80.00000;20.00000;0.55953;2
619.67603;59.97083;      -0.40733; 51.49256;80.00000;20.00000;0.55947;2
619.76703;59.97583;      -0.40698; 51.49160;80.00000;20.00000;0.55943;2
619.87799;59.98083;      -0.40649; 51.48967;80.00000;20.00000;0.55937;2
619.97302;59.98583;      -0.40600; 51.48774;80.00000;20.00000;0.55932;2
620.07397;59.99083;      -0.40604; 51.48678;80.00000;20.00000;0.55926;2
620.17200;59.99583;      -0.40569; 51.48582;80.00000;20.00000;0.55921;2
620.27899;60.00083;      -0.40573; 51.48389;80.00000;20.00000;0.55916;2
620.37402;60.00583;      -0.40603; 51.48196;80.00000;20.00000;0.55911;2
620.46698;60.01083;      -0.40672; 51.48100;80.00000;20.00000;0.55906;2
620.57098;60.01583;      -0.40702; 51.48004;80.00000;20.00000;0.55900;2
620.66699;60.02083;      -0.40719; 51.47811;80.00000;20.00000;0.55895;2
620.76599;60.02583;      -0.40710; 51.47618;80.00000;20.00000;0.55890;2
620.86298;60.03083;      -0.40674; 51.47522;80.00000;20.00000;0.55885;2
620.96399;60.03583;      -0.40678; 51.47715;80.00000;20.00000;0.55880;2
621.07501;60.04083;      -0.40708; 51.47618;80.00000;20.00000;0.55874;2
621.17297;60.04583;      -0.40712; 51.47522;80.00000;20.00000;0.55868;2
621.26801;60.05083;      -0.40703; 51.47426;80.00000;20.00000;0.55863;2
621.36603;60.05583;      -0.40720; 51.47329;80.00000;20.00000;0.55858;2
621.46301;60.06083;      -0.40763; 51.47233;80.00000;20.00000;0.55853;2
621.57001;60.06583;      -0.40754; 51.46944;80.00000;20.00000;0.55848;2
621.67200;60.07083;      -0.40731; 51.46848;80.00000;20.00000;0.55842;2
621.76398;60.07583;      -0.40735; 51.46751;80.00000;20.00000;0.55837;2
621.86798;60.08083;      -0.40739; 51.46559;80.00000;20.00000;0.55832;2
621.96198;60.08583;      -0.40729; 51.46366;80.00000;20.00000;0.55827;2
622.05603;60.09083;      -0.40733; 51.46173;80.00000;20.00000;0.55822;2
622.15698;60.09583;      -0.40790; 51.45981;80.00000;20.00000;0.55817;2
622.26300;60.10083;      -0.40846; 51.45788;80.00000;20.00000;0.55811;2
622.37299;60.10583;      -0.40811; 51.45788;80.00000;20.00000;0.55805;2
622.46100;60.11083;      -0.40801; 51.45596;80.00000;20.00000;0.55800;2
622.56702;60.11583;      -0.40805; 51.45499;80.00000;20.00000;0.55795;2
622.66602;60.12083;      -0.40809; 51.45307;80.00000;20.00000;0.55790;2
622.76501;60.12583;      -0.40800; 51.45114;80.00000;20.00000;0.55784;2
622.86603;60.13083;      -0.40804; 51.45114;80.00000;20.00000;0.55779;2
622.96100;60.13583;      -0.40807; 51.45018;80.00000;20.00000;0.55774;2
623.05902;60.14083;      -0.40798; 51.45018;80.00000;20.00000;0.55769;2
623.16101;60.14583;      -0.40789; 51.44825;80.00000;20.00000;0.55764;2
623.26202;60.15083;      -0.40806; 51.44729;80.00000;20.00000;0.55758;2
623.35797;60.15583;      -0.40810; 51.44632;80.00000;20.00000;0.55753;2
623.46100;60.16083;      -0.40827; 51.44440;80.00000;20.00000;0.55748;2
623.56097;60.16583;      -0.40817; 51.44054;80.00000;20.00000;0.55742;2
623.65601;60.17083;      -0.40834; 51.43765;80.00000;20.00000;0.55737;2
623.75500;60.17583;      -0.40917; 51.43476;80.00000;20.00000;0.55732;2
623.84601;60.18083;      -0.40934; 51.43284;80.00000;20.00000;0.55727;2
623.94897;60.18583;      -0.40991; 51.42995;80.00000;20.00000;0.55722;2
624.04498;60.19083;      -0.41008; 51.42802;80.00000;20.00000;0.55717;2
624.14697;60.19583;      -0.41012; 51.42609;80.00000;20.00000;0.55711;2
624.25403;60.20083;      -0.41003; 51.42609;80.00000;20.00000;0.55706;2
624.34698;60.20583;      -0.41019; 51.42609;80.00000;20.00000;0.55701;2
624.44897;60.21083;      -0.41010; 51.42513;80.00000;20.00000;0.55696;2
624.54102;60.21583;      -0.40974; 51.42417;80.00000;20.00000;0.55691;2
624.64301;60.22083;      -0.40978; 51.42224;80.00000;20.00000;0.55685;2
624.75000;60.22583;      -0.40890; 51.42128;80.00000;20.00000;0.55680;2
624.83899;60.23083;      -0.40854; 51.42031;80.00000;20.00000;0.55675;2
624.93201;60.23583;      -0.40897; 51.41935;80.00000;20.00000;0.55670;2
625.03302;60.24083;      -0.40927; 51.41743;80.00000;20.00000;0.55665;2
625.14301;60.24583;      -0.40984; 51.41646;80.00000;20.00000;0.55659;2
625.23499;60.25083;      -0.41080; 51.41550;80.00000;20.00000;0.55654;2
625.33502;60.25583;      -0.41071; 51.41550;80.00000;20.00000;0.55649;2
625.43799;60.26083;      -0.41049; 51.41646;80.00000;20.00000;0.55643;2
625.53802;60.26583;      -0.41052; 51.41646;80.00000;20.00000;0.55638;2
625.63702;60.27083;      -0.41017; 51.41743;80.00000;20.00000;0.55633;2
625.74902;60.27583;      -0.41034; 51.41646;80.00000;20.00000;0.55627;2
625.84003;60.28083;      -0.41117; 51.41646;80.00000;20.00000;0.55622;2
625.93597;60.28583;      -0.41147; 51.41550;80.00000;20.00000;0.55617;2
626.04303;60.29083;      -0.41165; 51.41357;80.00000;20.00000;0.55611;2
626.14502;60.29583;      -0.41142; 51.40876;80.00000;20.00000;0.55606;2
626.23297;60.30083;      -0.41146; 51.40779;80.00000;20.00000;0.55601;2
626.33502;60.30583;      -0.41189; 51.40587;80.00000;20.00000;0.55596;2
626.43597;60.31083;      -0.41220; 51.40490;80.00000;20.00000;0.55591;2
626.53900;60.31583;      -0.41211; 51.40394;80.00000;20.00000;0.55585;2
626.63300;60.32083;      -0.41175; 51.40394;80.00000;20.00000;0.55580;2
626.72803;60.32583;      -0.41191; 51.40298;80.00000;20.00000;0.55575;2
626.83398;60.33083;      -0.41222; 51.40201;80.00000;20.00000;0.55570;2
626.93500;60.33583;      -0.41213; 51.40105;80.00000;20.00000;0.55564;2
627.03601;60.34083;      -0.41256; 51.40009;80.00000;20.00000;0.55559;2
627.13599;60.34583;      -0.41300; 51.39912;80.00000;20.00000;0.55554;2
627.23700;60.35083;      -0.41357; 51.39912;80.00000;20.00000;0.55548;2
627.32898;60.35583;      -0.41400; 51.39912;80.00000;20.00000;0.55543;2
627.43903;60.36083;      -0.41418; 51.39816;80.00000;20.00000;0.55538;2
627.54401;60.36583;      -0.41435; 51.39720;80.00000;20.00000;0.55532;2
627.63098;60.37083;      -0.41425; 51.39623;80.00000;20.00000;0.55527;2
627.72998;60.37583;      -0.41495; 51.39623;80.00000;20.00000;0.55522;2
627.83600;60.38083;      -0.41500; 51.39527;80.00000;20.00000;0.55517;2
627.92603;60.38583;      -0.41543; 51.39527;80.00000;20.00000;0.55512;2
628.02399;60.39083;      -0.41547; 51.39431;80.00000;20.00000;0.55507;2
628.12299;60.39583;      -0.41564; 51.39334;80.00000;20.00000;0.55501;2
628.22998;60.40083;      -0.41568; 51.39431;80.00000;20.00000;0.55496;2
628.32898;60.40583;      -0.41546; 51.39334;80.00000;20.00000;0.55491;2
628.41901;60.41083;      -0.41496; 51.39142;80.00000;20.00000;0.55486;2
628.52802;60.41583;      -0.41514; 51.39142;80.00000;20.00000;0.55480;2
628.62799;60.42083;      -0.41531; 51.39045;80.00000;20.00000;0.55475;2
628.72400;60.42583;      -0.41561; 51.39045;80.00000;20.00000;0.55470;2
628.81897;60.43083;      -0.41592; 51.39142;80.00000;20.00000;0.55465;2
628.92102;60.43583;      -0.41609; 51.39045;80.00000;20.00000;0.55459;2
629.02197;60.44083;      -0.41639; 51.39045;80.00000;20.00000;0.55454;2
629.11102;60.44583;      -0.41563; 51.39142;80.00000;20.00000;0.55449;2
629.21503;60.45083;      -0.41501; 51.39045;80.00000;20.00000;0.55444;2
629.31500;60.45583;      -0.41545; 51.39045;80.00000;20.00000;0.55439;2
629.41602;60.46083;      -0.41549; 51.38756;80.00000;20.00000;0.55433;2
629.52002;60.46583;      -0.41580; 51.38564;80.00000;20.00000;0.55428;2
629.62097;60.47083;      -0.41637; 51.38371;80.00000;20.00000;0.55422;2
629.72302;60.47583;      -0.41667; 51.38178;80.00000;20.00000;0.55417;2
629.81201;60.48083;      -0.41710; 51.37890;80.00000;20.00000;0.55412;2
629.91699;60.48583;      -0.41741; 51.37697;80.00000;20.00000;0.55407;2
630.01001;60.49083;      -0.41785; 51.37408;80.00000;20.00000;0.55402;2
630.11902;60.49583;      -0.41816; 51.37312;80.00000;20.00000;0.55396;2
630.21399;60.50083;      -0.41846; 51.37312;80.00000;20.00000;0.55391;2
630.31403;60.50583;      -0.41890; 51.37215;80.00000;20.00000;0.55386;2
630.40802;60.51083;      -0.42000; 51.37023;80.00000;20.00000;0.55381;2
630.50702;60.51583;      -0.42070; 51.36830;80.00000;20.00000;0.55376;2
630.61102;60.52083;      -0.42034; 51.36734;80.00000;20.00000;0.55370;2
630.71198;60.52583;      -0.42025; 51.36541;80.00000;20.00000;0.55365;2
630.81299;60.53083;      -0.42042; 51.36348;80.00000;20.00000;0.55359;2
630.90302;60.53583;      -0.42033; 51.36156;80.00000;20.00000;0.55355;2
631.01599;60.54083;      -0.42064; 51.35963;80.00000;20.00000;0.55349;2
631.10498;60.54583;      -0.42067; 51.35770;80.00000;20.00000;0.55344;2
631.20898;60.55083;      -0.42098; 51.35578;80.00000;20.00000;0.55338;2
631.30902;60.55583;      -0.42155; 51.35385;80.00000;20.00000;0.55333;2
631.40601;60.56083;      -0.42172; 51.35289;80.00000;20.00000;0.55328;2
631.50897;60.56583;      -0.42203; 51.35096;80.00000;20.00000;0.55323;2
631.60699;60.57083;      -0.42234; 51.34903;80.00000;20.00000;0.55317;2
631.70398;60.57583;      -0.42251; 51.34807;80.00000;20.00000;0.55312;2
631.80298;60.58083;      -0.42268; 51.34614;80.00000;20.00000;0.55307;2
631.90997;60.58583;      -0.42299; 51.34422;80.00000;20.00000;0.55301;2
632.00299;60.59083;      -0.42303; 51.34229;80.00000;20.00000;0.55296;2
632.10303;60.59583;      -0.42373; 51.34037;80.00000;20.00000;0.55291;2
632.19897;60.60083;      -0.42417; 51.33844;80.00000;20.00000;0.55286;2
632.30103;60.60583;      -0.42355; 51.33555;80.00000;20.00000;0.55281;2
632.39697;60.61083;      -0.42385; 51.33266;80.00000;20.00000;0.55276;2
632.51001;60.61583;      -0.42403; 51.33073;80.00000;20.00000;0.55270;2
632.59601;60.62083;      -0.42420; 51.32881;80.00000;20.00000;0.55265;2
632.70300;60.62583;      -0.42438; 51.32592;80.00000;20.00000;0.55259;2
632.80200;60.63083;      -0.42468; 51.32206;80.00000;20.00000;0.55254;2
632.90698;60.63583;      -0.42512; 51.32014;80.00000;20.00000;0.55249;2
633.00299;60.64083;      -0.42543; 51.31821;80.00000;20.00000;0.55244;2
633.10303;60.64583;      -0.42613; 51.31532;80.00000;20.00000;0.55238;2
633.19800;60.65083;      -0.42657; 51.31436;80.00000;20.00000;0.55233;2
633.29700;60.65583;      -0.42675; 51.31147;80.00000;20.00000;0.55228;2
633.40503;60.66083;      -0.42679; 51.31050;80.00000;20.00000;0.55222;2
633.49597;60.66583;      -0.42696; 51.30761;80.00000;20.00000;0.55218;2
633.59900;60.67083;      -0.42740; 51.30665;80.00000;20.00000;0.55212;2
633.70801;60.67583;      -0.42758; 51.30472;80.00000;20.00000;0.55206;2
633.80298;60.68083;      -0.42722; 51.30376;80.00000;20.00000;0.55201;2
633.89398;60.68583;      -0.42726; 51.30183;80.00000;20.00000;0.55196;2
633.99799;60.69083;      -0.42743; 51.29798;80.00000;20.00000;0.55191;2
634.09998;60.69583;      -0.42881; 51.29509;80.00000;20.00000;0.55186;2
634.18500;60.70083;      -0.42977; 51.29317;80.00000;20.00000;0.55181;2
634.29602;60.70583;      -0.42995; 51.29124;80.00000;20.00000;0.55175;2
634.39801;60.71083;      -0.42959; 51.29028;80.00000;20.00000;0.55170;2
634.50000;60.71583;      -0.42950; 51.28835;80.00000;20.00000;0.55164;2
634.59698;60.72083;      -0.42941; 51.28642;80.00000;20.00000;0.55159;2
634.69202;60.72583;      -0.42985; 51.28450;80.00000;20.00000;0.55154;2
634.78802;60.73083;      -0.43002; 51.28450;80.00000;20.00000;0.55149;2
634.88702;60.73583;      -0.43006; 51.28450;80.00000;20.00000;0.55144;2
634.99597;60.74083;      -0.42904; 51.28353;80.00000;20.00000;0.55138;2
635.09497;60.74583;      -0.42935; 51.28257;80.00000;20.00000;0.55133;2
635.18597;60.75083;      -0.42992; 51.28161;80.00000;20.00000;0.55128;2
635.28601;60.75583;      -0.43129; 51.28161;80.00000;20.00000;0.55123;2
635.39301;60.76083;      -0.43227; 51.27872;80.00000;20.00000;0.55117;2
635.47998;60.76583;      -0.43311; 51.27486;80.00000;20.00000;0.55113;2
635.58197;60.77083;      -0.43355; 51.27197;80.00000;20.00000;0.55107;2
635.68799;60.77583;      -0.43373; 51.26908;80.00000;20.00000;0.55102;2
635.78497;60.78083;      -0.43377; 51.26716;80.00000;20.00000;0.55096;2
635.88599;60.78583;      -0.43408; 51.26427;80.00000;20.00000;0.55091;2
635.98602;60.79083;      -0.43385; 51.26330;80.00000;20.00000;0.55086;2
636.07800;60.79583;      -0.43349; 51.26330;80.00000;20.00000;0.55081;2
636.17603;60.80083;      -0.43366; 51.26234;80.00000;20.00000;0.55076;2
636.27600;60.80583;      -0.43424; 51.26234;80.00000;20.00000;0.55071;2
636.37598;60.81083;      -0.43468; 51.26138;80.00000;20.00000;0.55065;2
636.47498;60.81583;      -0.43566; 51.26042;80.00000;20.00000;0.55060;2
636.57397;60.82083;      -0.43623; 51.25753;80.00000;20.00000;0.55055;2
636.67700;60.82583;      -0.43681; 51.25656;80.00000;20.00000;0.55049;2
636.77698;60.83083;      -0.43685; 51.25560;80.00000;20.00000;0.55044;2
636.87799;60.83583;      -0.43729; 51.25367;80.00000;20.00000;0.55039;2
636.97101;60.84083;      -0.43773; 51.25367;80.00000;20.00000;0.55034;2
637.07703;60.84583;      -0.43818; 51.25271;80.00000;20.00000;0.55028;2
637.18298;60.85083;      -0.43849; 51.25175;80.00000;20.00000;0.55023;2
637.27698;60.85583;      -0.43866; 51.25175;80.00000;20.00000;0.55018;2
637.37500;60.86083;      -0.43897; 51.25078;80.00000;20.00000;0.55012;2
637.47900;60.86583;      -0.43902; 51.24982;80.00000;20.00000;0.55007;2
637.57703;60.87083;      -0.43919; 51.24693;80.00000;20.00000;0.55002;2
637.67499;60.87583;      -0.43923; 51.24308;80.00000;20.00000;0.54997;2
637.77698;60.88083;      -0.43981; 51.24115;80.00000;20.00000;0.54991;2
637.87299;60.88583;      -0.44025; 51.23922;80.00000;20.00000;0.54986;2
637.97498;60.89083;      -0.44083; 51.23826;80.00000;20.00000;0.54981;2
638.07501;60.89583;      -0.44127; 51.23826;80.00000;20.00000;0.54975;2
638.17499;60.90083;      -0.44145; 51.23730;80.00000;20.00000;0.54970;2
638.27100;60.90583;      -0.44176; 51.23537;80.00000;20.00000;0.54965;2
638.37000;60.91083;      -0.44220; 51.23441;80.00000;20.00000;0.54960;2
638.46899;60.91583;      -0.44264; 51.23344;80.00000;20.00000;0.54955;2
638.57898;60.92083;      -0.44309; 51.23344;80.00000;20.00000;0.54949;2
638.66998;60.92583;      -0.44340; 51.23248;80.00000;20.00000;0.54944;2
638.77100;60.93083;      -0.44371; 51.23152;80.00000;20.00000;0.54939;2
638.87000;60.93583;      -0.44429; 51.23055;80.00000;20.00000;0.54933;2
638.97400;60.94083;      -0.44446; 51.22959;80.00000;20.00000;0.54928;2
639.05603;60.94583;      -0.44463; 51.22863;80.00000;20.00000;0.54923;2
639.16498;60.95083;      -0.44428; 51.22285;80.00000;20.00000;0.54918;2
639.26501;60.95583;      -0.44419; 51.21996;80.00000;20.00000;0.54912;2
639.36401;60.96083;      -0.44436; 51.21803;80.00000;20.00000;0.54907;2
639.46997;60.96583;      -0.44468; 51.21418;80.00000;20.00000;0.54902;2
639.56702;60.97083;      -0.44552; 51.21129;80.00000;20.00000;0.54896;2
639.65900;60.97583;      -0.44636; 51.20936;80.00000;20.00000;0.54892;2
639.76703;60.98083;      -0.44668; 51.20744;80.00000;20.00000;0.54886;2
639.85699;60.98583;      -0.44672; 51.20744;80.00000;20.00000;0.54881;2
639.95001;60.99083;      -0.44676; 51.20647;80.00000;20.00000;0.54876;2
640.06299;60.99583;      -0.44667; 51.20744;80.00000;20.00000;0.54870;2
640.15198;61.00083;      -0.44658; 51.20647;80.00000;20.00000;0.54865;2
640.25800;61.00583;      -0.44702; 51.20455;80.00000;20.00000;0.54860;2
640.35797;61.01083;      -0.44827; 51.20358;80.00000;20.00000;0.54855;2
640.45398;61.01583;      -0.44858; 51.20166;80.00000;20.00000;0.54850;2
640.55499;61.02083;      -0.44876; 51.20069;80.00000;20.00000;0.54844;2
640.65302;61.02583;      -0.44840; 51.19877;80.00000;20.00000;0.54839;2
640.75403;61.03083;      -0.44858; 51.19780;80.00000;20.00000;0.54834;2
640.85602;61.03583;      -0.44849; 51.19588;80.00000;20.00000;0.54828;2
640.95001;61.04083;      -0.44866; 51.19588;80.00000;20.00000;0.54823;2
641.05298;61.04583;      -0.44951; 51.19395;80.00000;20.00000;0.54818;2
641.15698;61.05083;      -0.45036; 51.19299;80.00000;20.00000;0.54812;2
641.25201;61.05583;      -0.45121; 51.19299;80.00000;20.00000;0.54807;2
641.35199;61.06083;      -0.45152; 51.19299;80.00000;20.00000;0.54802;2
641.45398;61.06583;      -0.45197; 51.19299;80.00000;20.00000;0.54797;2
641.55798;61.07083;      -0.45241; 51.19106;80.00000;20.00000;0.54791;2
641.65100;61.07583;      -0.45272; 51.19106;80.00000;20.00000;0.54786;2
641.75201;61.08083;      -0.45330; 51.18913;80.00000;20.00000;0.54781;2
641.85797;61.08583;      -0.45389; 51.18528;80.00000;20.00000;0.54775;2
641.94299;61.09083;      -0.45366; 51.18432;80.00000;20.00000;0.54771;2
642.04999;61.09583;      -0.45357; 51.18239;80.00000;20.00000;0.54765;2
642.15198;61.10083;      -0.45361; 51.18143;80.00000;20.00000;0.54760;2
642.24597;61.10583;      -0.45339; 51.18047;80.00000;20.00000;0.54755;2
642.34399;61.11083;      -0.45410; 51.17950;80.00000;20.00000;0.54749;2
642.44800;61.11583;      -0.45455; 51.17854;80.00000;20.00000;0.54744;2
642.54401;61.12083;      -0.45499; 51.17854;80.00000;20.00000;0.54739;2
642.64301;61.12583;      -0.45544; 51.17661;80.00000;20.00000;0.54734;2
642.74597;61.13083;      -0.45575; 51.17661;80.00000;20.00000;0.54728;2
642.84302;61.13583;      -0.45607; 51.17661;80.00000;20.00000;0.54723;2
642.94800;61.14083;      -0.45625; 51.17565;80.00000;20.00000;0.54718;2
643.04303;61.14583;      -0.45669; 51.17469;80.00000;20.00000;0.54712;2
643.13702;61.15083;      -0.45714; 51.17565;80.00000;20.00000;0.54708;2
643.25702;61.15583;      -0.45746; 51.17469;80.00000;20.00000;0.54701;2
643.33398;61.16083;      -0.45816; 51.17372;80.00000;20.00000;0.54697;2
643.44702;61.16583;      -0.45915; 51.17372;80.00000;20.00000;0.54691;2
643.54199;61.17083;      -0.45906; 51.17276;80.00000;20.00000;0.54686;2
643.64398;61.17583;      -0.45897; 51.17276;80.00000;20.00000;0.54681;2
643.74103;61.18083;      -0.45861; 51.16891;80.00000;20.00000;0.54676;2
643.83600;61.18583;      -0.45933; 51.16698;80.00000;20.00000;0.54671;2
643.93799;61.19083;      -0.46058; 51.16409;80.00000;20.00000;0.54665;2
644.03802;61.19583;      -0.46116; 51.16313;80.00000;20.00000;0.54660;2
644.14203;61.20083;      -0.46148; 51.16216;80.00000;20.00000;0.54654;2
644.23499;61.20583;      -0.46112; 51.16120;80.00000;20.00000;0.54649;2
644.33600;61.21083;      -0.46130; 51.15927;80.00000;20.00000;0.54644;2
644.43500;61.21583;      -0.46188; 51.15735;80.00000;20.00000;0.54639;2
644.53101;61.22083;      -0.46246; 51.15638;80.00000;20.00000;0.54634;2
644.63501;61.22583;      -0.46291; 51.15542;80.00000;20.00000;0.54628;2
644.73999;61.23083;      -0.46309; 51.15446;80.00000;20.00000;0.54623;2
644.84100;61.23583;      -0.46395; 51.15349;80.00000;20.00000;0.54617;2
644.92902;61.24083;      -0.46452; 51.15253;80.00000;20.00000;0.54613;2
645.03601;61.24583;      -0.46457; 51.15060;80.00000;20.00000;0.54607;2
645.13300;61.25083;      -0.46421; 51.15060;80.00000;20.00000;0.54602;2
645.22803;61.25583;      -0.46479; 51.14964;80.00000;20.00000;0.54597;2
645.32300;61.26083;      -0.46524; 51.14771;80.00000;20.00000;0.54592;2
645.42999;61.26583;      -0.46569; 51.14675;80.00000;20.00000;0.54586;2
645.53003;61.27083;      -0.46614; 51.14579;80.00000;20.00000;0.54581;2
645.62701;61.27583;      -0.46659; 51.14194;80.00000;20.00000;0.54576;2
645.72803;61.28083;      -0.46704; 51.13616;80.00000;20.00000;0.54570;2
645.82300;61.28583;      -0.46735; 51.13230;80.00000;20.00000;0.54565;2
645.92700;61.29083;      -0.46713; 51.12941;80.00000;20.00000;0.54560;2
646.01599;61.29583;      -0.46703; 51.12556;80.00000;20.00000;0.54555;2
646.12097;61.30083;      -0.46735; 51.12460;80.00000;20.00000;0.54550;2
646.22198;61.30583;      -0.46767; 51.12460;80.00000;20.00000;0.54544;2
646.32397;61.31083;      -0.46812; 51.12460;80.00000;20.00000;0.54539;2
646.41498;61.31583;      -0.46870; 51.12460;80.00000;20.00000;0.54534;2
646.51501;61.32083;      -0.46901; 51.12460;80.00000;20.00000;0.54529;2
646.60999;61.32583;      -0.46906; 51.12556;80.00000;20.00000;0.54524;2
646.71301;61.33083;      -0.46964; 51.12556;80.00000;20.00000;0.54518;2
646.81403;61.33583;      -0.47050; 51.12460;80.00000;20.00000;0.54513;2
646.91302;61.34083;      -0.47108; 51.12363;80.00000;20.00000;0.54508;2
647.01398;61.34583;      -0.47194; 51.12363;80.00000;20.00000;0.54502;2
647.11298;61.35083;      -0.47252; 51.12363;80.00000;20.00000;0.54497;2
647.20398;61.35583;      -0.47243; 51.12267;80.00000;20.00000;0.54492;2
647.30603;61.36083;      -0.47248; 51.12171;80.00000;20.00000;0.54487;2
647.40698;61.36583;      -0.47333; 51.12074;80.00000;20.00000;0.54481;2
647.50403;61.37083;      -0.47324; 51.12074;80.00000;20.00000;0.54476;2
647.60602;61.37583;      -0.47369; 51.11978;80.00000;20.00000;0.54471;2
647.70697;61.38083;      -0.47428; 51.11882;80.00000;20.00000;0.54466;2
647.80798;61.38583;      -0.47432; 51.11785;80.00000;20.00000;0.54460;2
647.90900;61.39083;      -0.47451; 51.11689;80.00000;20.00000;0.54455;2
648.01300;61.39583;      -0.47442; 51.11593;80.00000;20.00000;0.54449;2
648.10101;61.40083;      -0.47473; 51.11593;80.00000;20.00000;0.54445;2
648.21100;61.40583;      -0.47586; 51.11496;80.00000;20.00000;0.54439;2
648.31598;61.41083;      -0.47699; 51.11400;80.00000;20.00000;0.54433;2
648.39697;61.41583;      -0.47730; 51.11207;80.00000;20.00000;0.54429;2
648.49799;61.42083;      -0.47761; 51.11111;80.00000;20.00000;0.54424;2
648.61298;61.42583;      -0.47821; 51.11015;80.00000;20.00000;0.54418;2
648.69800;61.43083;      -0.47865; 51.10918;80.00000;20.00000;0.54413;2
648.80298;61.43583;      -0.47924; 51.10918;80.00000;20.00000;0.54408;2
648.90302;61.44083;      -0.47983; 51.10918;80.00000;20.00000;0.54402;2
649.01001;61.44583;      -0.48028; 51.10918;80.00000;20.00000;0.54397;2
649.09802;61.45083;      -0.48033; 51.10822;80.00000;20.00000;0.54392;2
649.20001;61.45583;      -0.48064; 51.10822;80.00000;20.00000;0.54386;2
649.30200;61.46083;      -0.48056; 51.10726;80.00000;20.00000;0.54381;2
649.40100;61.46583;      -0.48060; 51.10629;80.00000;20.00000;0.54376;2
649.49701;61.47083;      -0.48065; 51.10244;80.00000;20.00000;0.54371;2
649.60901;61.47583;      -0.48111; 51.10052;80.00000;20.00000;0.54365;2
649.69397;61.48083;      -0.48155; 51.09955;80.00000;20.00000;0.54360;2
649.79797;61.48583;      -0.48214; 51.09859;80.00000;20.00000;0.54355;2
649.89801;61.49083;      -0.48286; 51.09763;80.00000;20.00000;0.54350;2
649.99701;61.49583;      -0.48318; 51.09570;80.00000;20.00000;0.54344;2
650.09601;61.50083;      -0.48309; 51.09474;80.00000;20.00000;0.54339;2
650.19501;61.50583;      -0.48314; 51.09185;80.00000;20.00000;0.54334;2
650.29797;61.51083;      -0.48359; 51.09088;80.00000;20.00000;0.54328;2
650.39001;61.51583;      -0.48377; 51.09088;80.00000;20.00000;0.54323;2
650.48602;61.52083;      -0.48409; 51.09185;80.00000;20.00000;0.54318;2
650.59497;61.52583;      -0.48414; 51.09185;80.00000;20.00000;0.54313;2
650.69598;61.53083;      -0.48419; 51.09185;80.00000;20.00000;0.54307;2
650.78998;61.53583;      -0.48477; 51.09185;80.00000;20.00000;0.54302;2
650.89899;61.54083;      -0.48523; 51.09088;80.00000;20.00000;0.54297;2
650.99298;61.54583;      -0.48568; 51.09185;80.00000;20.00000;0.54292;2
651.10303;61.55083;      -0.48627; 51.09185;80.00000;20.00000;0.54286;2
651.19702;61.55583;      -0.48713; 51.09185;80.00000;20.00000;0.54281;2
651.29102;61.56083;      -0.48758; 51.09185;80.00000;20.00000;0.54276;2
651.39203;61.56583;      -0.48777; 51.09185;80.00000;20.00000;0.54270;2
651.48901;61.57083;      -0.48795; 51.09185;80.00000;20.00000;0.54265;2
651.59497;61.57583;      -0.48854; 51.08992;80.00000;20.00000;0.54260;2
651.68903;61.58083;      -0.48899; 51.08896;80.00000;20.00000;0.54255;2
651.78699;61.58583;      -0.48971; 51.08799;80.00000;20.00000;0.54249;2
651.88898;61.59083;      -0.49085; 51.08414;80.00000;20.00000;0.54244;2
651.99298;61.59583;      -0.49117; 51.08029;80.00000;20.00000;0.54239;2
652.09198;61.60083;      -0.49162; 51.07547;80.00000;20.00000;0.54233;2
652.19098;61.60583;      -0.49194; 51.07258;80.00000;20.00000;0.54228;2
652.28900;61.61083;      -0.49267; 51.06873;80.00000;20.00000;0.54223;2
652.38397;61.61583;      -0.49325; 51.06776;80.00000;20.00000;0.54218;2
652.48798;61.62083;      -0.49412; 51.06680;80.00000;20.00000;0.54212;2
652.58801;61.62583;      -0.49416; 51.06488;80.00000;20.00000;0.54207;2
652.68701;61.63083;      -0.49435; 51.06488;80.00000;20.00000;0.54202;2
652.78003;61.63583;      -0.49426; 51.06488;80.00000;20.00000;0.54197;2
652.88202;61.64083;      -0.49471; 51.06391;80.00000;20.00000;0.54191;2
652.98499;61.64583;      -0.49571; 51.06295;80.00000;20.00000;0.54186;2
653.08002;61.65083;      -0.49589; 51.06199;80.00000;20.00000;0.54181;2
653.18402;61.65583;      -0.49622; 51.06006;80.00000;20.00000;0.54175;2
653.27899;61.66083;      -0.49694; 51.05910;80.00000;20.00000;0.54170;2
653.38202;61.66583;      -0.49767; 51.05813;80.00000;20.00000;0.54165;2
653.47998;61.67083;      -0.49772; 51.05717;80.00000;20.00000;0.54160;2
653.58002;61.67583;      -0.49722; 51.05524;80.00000;20.00000;0.54154;2
653.67297;61.68083;      -0.49727; 51.05428;80.00000;20.00000;0.54150;2
653.78003;61.68583;      -0.49746; 51.05139;80.00000;20.00000;0.54144;2
653.88098;61.69083;      -0.49791; 51.04850;80.00000;20.00000;0.54139;2
653.98102;61.69583;      -0.49837; 51.04657;80.00000;20.00000;0.54133;2
654.07202;61.70083;      -0.49950; 51.04561;80.00000;20.00000;0.54128;2
654.17700;61.70583;      -0.50036; 51.04368;80.00000;20.00000;0.54123;2
654.27600;61.71083;      -0.50055; 51.04176;80.00000;20.00000;0.54118;2
654.38000;61.71583;      -0.50128; 51.04079;80.00000;20.00000;0.54112;2
654.47498;61.72083;      -0.50187; 51.03887;80.00000;20.00000;0.54107;2
654.57098;61.72583;      -0.50205; 51.03790;80.00000;20.00000;0.54102;2
654.67798;61.73083;      -0.50251; 51.03790;80.00000;20.00000;0.54096;2
654.77002;61.73583;      -0.50297; 51.03790;80.00000;20.00000;0.54091;2
654.88098;61.74083;      -0.50329; 51.03694;80.00000;20.00000;0.54086;2
654.96802;61.74583;      -0.50320; 51.03598;80.00000;20.00000;0.54081;2
655.07501;61.75083;      -0.50339; 51.03501;80.00000;20.00000;0.54075;2
655.17603;61.75583;      -0.50371; 51.03405;80.00000;20.00000;0.54070;2
655.27197;61.76083;      -0.50444; 51.03116;80.00000;20.00000;0.54065;2
655.37201;61.76583;      -0.50530; 51.02827;80.00000;20.00000;0.54060;2
655.47101;61.77083;      -0.50685; 51.02634;80.00000;20.00000;0.54054;2
655.57397;61.77583;      -0.50758; 51.02538;80.00000;20.00000;0.54049;2
655.66699;61.78083;      -0.50722; 51.02346;80.00000;20.00000;0.54044;2
655.77502;61.78583;      -0.50700; 51.02057;80.00000;20.00000;0.54038;2
655.87000;61.79083;      -0.50677; 51.01960;80.00000;20.00000;0.54033;2
655.96503;61.79583;      -0.50750; 51.01768;80.00000;20.00000;0.54028;2
656.06201;61.80083;      -0.50796; 51.01671;80.00000;20.00000;0.54023;2
656.16998;61.80583;      -0.50842; 51.01575;80.00000;20.00000;0.54017;2
656.26801;61.81083;      -0.50874; 51.01479;80.00000;20.00000;0.54012;2
656.36603;61.81583;      -0.50947; 51.01382;80.00000;20.00000;0.54007;2
656.46503;61.82083;      -0.51101; 51.01286;80.00000;20.00000;0.54002;2
656.56897;61.82583;      -0.51148; 51.01093;80.00000;20.00000;0.53996;2
656.66498;61.83083;      -0.51152; 51.00997;80.00000;20.00000;0.53991;2
656.76300;61.83583;      -0.51184; 51.00804;80.00000;20.00000;0.53986;2
656.86200;61.84083;      -0.51162; 51.00708;80.00000;20.00000;0.53981;2
656.96503;61.84583;      -0.51181; 51.00612;80.00000;20.00000;0.53975;2
657.05798;61.85083;      -0.51186; 51.00323;80.00000;20.00000;0.53970;2
657.16302;61.85583;      -0.51191; 50.99937;80.00000;20.00000;0.53965;2
657.26501;61.86083;      -0.51291; 50.99552;80.00000;20.00000;0.53959;2
657.36102;61.86583;      -0.51324; 50.99359;80.00000;20.00000;0.53954;2
657.45398;61.87083;      -0.51342; 50.99070;80.00000;20.00000;0.53949;2
657.56000;61.87583;      -0.51429; 50.98781;80.00000;20.00000;0.53944;2
657.66400;61.88083;      -0.51475; 50.98781;80.00000;20.00000;0.53938;2
657.75299;61.88583;      -0.51534; 50.98781;80.00000;20.00000;0.53933;2
657.85699;61.89083;      -0.51594; 50.98685;80.00000;20.00000;0.53928;2
657.95898;61.89583;      -0.51640; 50.98781;80.00000;20.00000;0.53922;2
658.05701;61.90083;      -0.51672; 50.98781;80.00000;20.00000;0.53917;2
658.15997;61.90583;      -0.51705; 50.98781;80.00000;20.00000;0.53912;2
658.25500;61.91083;      -0.51750; 50.98685;80.00000;20.00000;0.53907;2
658.35602;61.91583;      -0.51810; 50.98589;80.00000;20.00000;0.53901;2
658.45801;61.92083;      -0.51897; 50.98493;80.00000;20.00000;0.53896;2
658.55701;61.92583;      -0.51970; 50.98396;80.00000;20.00000;0.53891;2
658.65997;61.93083;      -0.51989; 50.98300;80.00000;20.00000;0.53885;2
658.75000;61.93583;      -0.51953; 50.98204;80.00000;20.00000;0.53880;2
658.85498;61.94083;      -0.51972; 50.98107;80.00000;20.00000;0.53875;2
658.96002;61.94583;      -0.52005; 50.98011;80.00000;20.00000;0.53869;2
659.05402;61.95083;      -0.52064; 50.98011;80.00000;20.00000;0.53864;2
659.14502;61.95583;      -0.52137; 50.98011;80.00000;20.00000;0.53860;2
659.24402;61.96083;      -0.52156; 50.98011;80.00000;20.00000;0.53854;2
659.34900;61.96583;      -0.52175; 50.97818;80.00000;20.00000;0.53849;2
659.44897;61.97083;      -0.52234; 50.97722;80.00000;20.00000;0.53843;2
659.54700;61.97583;      -0.52280; 50.97626;80.00000;20.00000;0.53838;2
659.65198;61.98083;      -0.52299; 50.97433;80.00000;20.00000;0.53833;2
659.74500;61.98583;      -0.52372; 50.96951;80.00000;20.00000;0.53828;2
659.83801;61.99083;      -0.52404; 50.96759;80.00000;20.00000;0.53823;2
659.94598;61.99583;      -0.52492; 50.96566;80.00000;20.00000;0.53817;2
660.03900;62.00083;      -0.52510; 50.96470;80.00000;20.00000;0.53812;2
660.14398;62.00583;      -0.52543; 50.96277;80.00000;20.00000;0.53807;2
660.24298;62.01083;      -0.52576; 50.96084;80.00000;20.00000;0.53801;2
660.34900;62.01583;      -0.52608; 50.95988;80.00000;20.00000;0.53796;2
660.43402;62.02083;      -0.52654; 50.95795;80.00000;20.00000;0.53791;2
660.53601;62.02583;      -0.52727; 50.95699;80.00000;20.00000;0.53786;2
660.63702;62.03083;      -0.52815; 50.95603;80.00000;20.00000;0.53780;2
660.73297;62.03583;      -0.52847; 50.95603;80.00000;20.00000;0.53775;2
660.82800;62.04083;      -0.52893; 50.95699;80.00000;20.00000;0.53770;2
660.93799;62.04583;      -0.52926; 50.95603;80.00000;20.00000;0.53765;2
661.02698;62.05083;      -0.52862; 50.95603;80.00000;20.00000;0.53760;2
661.12701;62.05583;      -0.52909; 50.95506;80.00000;20.00000;0.53754;2
661.23199;62.06083;      -0.52955; 50.95603;80.00000;20.00000;0.53749;2
661.32599;62.06583;      -0.52960; 50.95603;80.00000;20.00000;0.53744;2
661.43402;62.07083;      -0.53075; 50.95603;80.00000;20.00000;0.53738;2
661.52899;62.07583;      -0.53176; 50.95506;80.00000;20.00000;0.53733;2
661.63397;62.08083;      -0.53222; 50.95603;80.00000;20.00000;0.53728;2
661.72601;62.08583;      -0.53296; 50.95506;80.00000;20.00000;0.53723;2
661.82300;62.09083;      -0.53342; 50.95410;80.00000;20.00000;0.53718;2
661.92999;62.09583;      -0.53375; 50.95314;80.00000;20.00000;0.53712;2
662.03003;62.10083;      -0.53394; 50.95217;80.00000;20.00000;0.53707;2
662.12903;62.10583;      -0.53440; 50.95121;80.00000;20.00000;0.53701;2
662.22998;62.11083;      -0.53473; 50.95025;80.00000;20.00000;0.53696;2
662.32397;62.11583;      -0.53519; 50.94736;80.00000;20.00000;0.53691;2
662.43201;62.12083;      -0.53579; 50.94447;80.00000;20.00000;0.53685;2
662.52197;62.12583;      -0.53680; 50.94254;80.00000;20.00000;0.53681;2
662.62299;62.13083;      -0.53726; 50.94062;80.00000;20.00000;0.53675;2
662.72900;62.13583;      -0.53759; 50.93773;80.00000;20.00000;0.53670;2
662.83301;62.14083;      -0.53861; 50.93484;80.00000;20.00000;0.53664;2
662.92297;62.14583;      -0.54030; 50.93387;80.00000;20.00000;0.53659;2
663.03003;62.15083;      -0.54131; 50.93387;80.00000;20.00000;0.53654;2
663.12097;62.15583;      -0.54218; 50.93387;80.00000;20.00000;0.53649;2
663.22400;62.16083;      -0.54251; 50.93387;80.00000;20.00000;0.53643;2
663.32300;62.16583;      -0.54257; 50.93484;80.00000;20.00000;0.53638;2
663.42297;62.17083;      -0.54248; 50.93387;80.00000;20.00000;0.53633;2
663.52502;62.17583;      -0.54158; 50.93291;80.00000;20.00000;0.53627;2
663.62097;62.18083;      -0.54204; 50.93195;80.00000;20.00000;0.53622;2
663.71198;62.18583;      -0.54250; 50.93098;80.00000;20.00000;0.53617;2
663.81403;62.19083;      -0.54324; 50.92906;80.00000;20.00000;0.53612;2
663.91699;62.19583;      -0.54412; 50.92809;80.00000;20.00000;0.53607;2
664.01501;62.20083;      -0.54472; 50.92713;80.00000;20.00000;0.53601;2
664.11102;62.20583;      -0.54546; 50.92713;80.00000;20.00000;0.53596;2
664.20898;62.21083;      -0.54578; 50.92617;80.00000;20.00000;0.53591;2
664.31799;62.21583;      -0.54625; 50.92520;80.00000;20.00000;0.53585;2
664.39697;62.22083;      -0.54726; 50.92520;80.00000;20.00000;0.53581;2
664.50800;62.22583;      -0.54677; 50.92617;80.00000;20.00000;0.53575;2
664.60602;62.23083;      -0.54614; 50.92617;80.00000;20.00000;0.53570;2
664.70801;62.23583;      -0.54646; 50.92617;80.00000;20.00000;0.53565;2
664.81299;62.24083;      -0.54666; 50.92617;80.00000;20.00000;0.53559;2
664.91101;62.24583;      -0.54767; 50.92617;80.00000;20.00000;0.53554;2
665.01001;62.25083;      -0.54814; 50.92520;80.00000;20.00000;0.53549;2
665.10901;62.25583;      -0.54860; 50.92520;80.00000;20.00000;0.53543;2
665.21100;62.26083;      -0.54893; 50.92520;80.00000;20.00000;0.53538;2
665.30902;62.26583;      -0.54981; 50.92424;80.00000;20.00000;0.53533;2
665.40997;62.27083;      -0.55041; 50.92424;80.00000;20.00000;0.53527;2
665.50598;62.27583;      -0.55143; 50.92328;80.00000;20.00000;0.53522;2
665.60400;62.28083;      -0.55313; 50.92328;80.00000;20.00000;0.53517;2
665.70398;62.28583;      -0.55387; 50.92328;80.00000;20.00000;0.53512;2
665.80402;62.29083;      -0.55461; 50.92328;80.00000;20.00000;0.53507;2
665.90698;62.29583;      -0.55453; 50.92135;80.00000;20.00000;0.53501;2
666.00500;62.30083;      -0.55472; 50.92135;80.00000;20.00000;0.53496;2
666.10101;62.30583;      -0.55505; 50.92039;80.00000;20.00000;0.53491;2
666.20099;62.31083;      -0.55552; 50.91942;80.00000;20.00000;0.53485;2
666.30701;62.31583;      -0.55640; 50.91364;80.00000;20.00000;0.53480;2
666.40900;62.32083;      -0.55714; 50.91268;80.00000;20.00000;0.53474;2
666.50598;62.32583;      -0.55775; 50.91172;80.00000;20.00000;0.53469;2
666.59998;62.33083;      -0.55766; 50.90979;80.00000;20.00000;0.53464;2
666.70203;62.33583;      -0.55799; 50.90883;80.00000;20.00000;0.53459;2
666.80603;62.34083;      -0.55874; 50.90883;80.00000;20.00000;0.53453;2
666.90399;62.34583;      -0.55879; 50.90786;80.00000;20.00000;0.53448;2
667.00201;62.35083;      -0.55816; 50.90690;80.00000;20.00000;0.53443;2
667.10602;62.35583;      -0.55835; 50.90594;80.00000;20.00000;0.53437;2
667.20001;62.36083;      -0.55909; 50.90498;80.00000;20.00000;0.53432;2
667.30103;62.36583;      -0.55970; 50.90498;80.00000;20.00000;0.53427;2
667.40399;62.37083;      -0.56017; 50.90401;80.00000;20.00000;0.53422;2
667.49902;62.37583;      -0.56064; 50.90401;80.00000;20.00000;0.53417;2
667.59998;62.38083;      -0.56179; 50.90401;80.00000;20.00000;0.53411;2
667.70099;62.38583;      -0.56254; 50.90401;80.00000;20.00000;0.53406;2
667.79797;62.39083;      -0.56314; 50.90305;80.00000;20.00000;0.53401;2
667.90002;62.39583;      -0.56361; 50.90305;80.00000;20.00000;0.53395;2
667.99402;62.40083;      -0.56422; 50.90305;80.00000;20.00000;0.53390;2
668.09100;62.40583;      -0.56482; 50.90209;80.00000;20.00000;0.53385;2
668.18500;62.41083;      -0.56542; 50.90209;80.00000;20.00000;0.53380;2
668.29901;62.41583;      -0.56604; 50.90112;80.00000;20.00000;0.53374;2
668.39697;62.42083;      -0.56596; 50.90112;80.00000;20.00000;0.53369;2
668.49200;62.42583;      -0.56629; 50.90016;80.00000;20.00000;0.53364;2
668.59399;62.43083;      -0.56662; 50.90016;80.00000;20.00000;0.53359;2
668.68597;62.43583;      -0.56681; 50.89920;80.00000;20.00000;0.53354;2
668.79303;62.44083;      -0.56714; 50.89823;80.00000;20.00000;0.53348;2
668.88898;62.44583;      -0.56747; 50.89631;80.00000;20.00000;0.53343;2
668.99103;62.45083;      -0.56822; 50.89534;80.00000;20.00000;0.53337;2
669.09497;62.45583;      -0.56883; 50.89438;80.00000;20.00000;0.53332;2
669.18500;62.46083;      -0.56874; 50.89342;80.00000;20.00000;0.53327;2
669.28302;62.46583;      -0.56935; 50.89053;80.00000;20.00000;0.53322;2
669.38300;62.47083;      -0.57037; 50.88956;80.00000;20.00000;0.53317;2
669.48102;62.47583;      -0.57098; 50.88764;80.00000;20.00000;0.53311;2
669.59003;62.48083;      -0.57076; 50.88667;80.00000;20.00000;0.53306;2
669.68799;62.48583;      -0.57165; 50.88475;80.00000;20.00000;0.53301;2
669.78302;62.49083;      -0.57198; 50.88089;80.00000;20.00000;0.53295;2
669.88098;62.49583;      -0.57258; 50.87800;80.00000;20.00000;0.53290;2
669.97998;62.50083;      -0.57319; 50.87511;80.00000;20.00000;0.53285;2
670.08197;62.50583;      -0.57380; 50.87319;80.00000;20.00000;0.53280;2
670.17603;62.51083;      -0.57455; 50.86933;80.00000;20.00000;0.53275;2
670.28198;62.51583;      -0.57530; 50.86741;80.00000;20.00000;0.53269;2
670.38000;62.52083;      -0.57618; 50.86645;80.00000;20.00000;0.53264;2
670.47900;62.52583;      -0.57679; 50.86645;80.00000;20.00000;0.53259;2
670.57599;62.53083;      -0.57726; 50.86645;80.00000;20.00000;0.53253;2
670.67603;62.53583;      -0.57787; 50.86645;80.00000;20.00000;0.53248;2
670.77197;62.54083;      -0.57834; 50.86548;80.00000;20.00000;0.53243;2
670.86902;62.54583;      -0.57895; 50.86548;80.00000;20.00000;0.53238;2
670.96997;62.55083;      -0.57969; 50.86452;80.00000;20.00000;0.53233;2
671.06897;62.55583;      -0.57989; 50.86452;80.00000;20.00000;0.53227;2
671.16602;62.56083;      -0.57981; 50.86356;80.00000;20.00000;0.53222;2
671.27802;62.56583;      -0.57946; 50.86259;80.00000;20.00000;0.53216;2
671.37000;62.57083;      -0.57979; 50.86259;80.00000;20.00000;0.53211;2
671.47302;62.57583;      -0.57998; 50.86163;80.00000;20.00000;0.53206;2
671.56897;62.58083;      -0.58045; 50.86067;80.00000;20.00000;0.53201;2
671.66699;62.58583;      -0.58134; 50.85970;80.00000;20.00000;0.53196;2
671.76801;62.59083;      -0.58250; 50.85874;80.00000;20.00000;0.53190;2
671.86499;62.59583;      -0.58311; 50.85778;80.00000;20.00000;0.53185;2
671.97498;62.60083;      -0.58345; 50.85585;80.00000;20.00000;0.53179;2
672.06500;62.60583;      -0.58392; 50.85489;80.00000;20.00000;0.53174;2
672.16699;62.61083;      -0.58467; 50.85392;80.00000;20.00000;0.53169;2
672.26099;62.61583;      -0.58556; 50.85392;80.00000;20.00000;0.53164;2
672.36499;62.62083;      -0.58631; 50.85392;80.00000;20.00000;0.53159;2
672.46198;62.62583;      -0.58678; 50.85392;80.00000;20.00000;0.53153;2
672.56403;62.63083;      -0.58656; 50.85296;80.00000;20.00000;0.53148;2
672.66400;62.63583;      -0.58621; 50.85296;80.00000;20.00000;0.53143;2
672.76501;62.64083;      -0.58668; 50.85296;80.00000;20.00000;0.53137;2
672.85797;62.64583;      -0.58715; 50.85296;80.00000;20.00000;0.53132;2
672.96198;62.65083;      -0.58804; 50.85296;80.00000;20.00000;0.53127;2
673.06702;62.65583;      -0.58907; 50.85296;80.00000;20.00000;0.53121;2
673.16998;62.66083;      -0.58955; 50.85296;80.00000;20.00000;0.53116;2
673.26801;62.66583;      -0.59071; 50.85007;80.00000;20.00000;0.53111;2
673.36102;62.67083;      -0.59077; 50.84814;80.00000;20.00000;0.53106;2
673.46600;62.67583;      -0.59138; 50.84718;80.00000;20.00000;0.53100;2
673.55798;62.68083;      -0.59199; 50.84622;80.00000;20.00000;0.53095;2
673.66199;62.68583;      -0.59274; 50.84525;80.00000;20.00000;0.53090;2
673.75403;62.69083;      -0.59349; 50.84429;80.00000;20.00000;0.53085;2
673.85602;62.69583;      -0.59466; 50.84429;80.00000;20.00000;0.53079;2
673.96002;62.70083;      -0.59527; 50.84236;80.00000;20.00000;0.53074;2
674.05499;62.70583;      -0.59519; 50.84140;80.00000;20.00000;0.53069;2
674.15399;62.71083;      -0.59456; 50.83947;80.00000;20.00000;0.53064;2
674.25098;62.71583;      -0.59531; 50.83755;80.00000;20.00000;0.53058;2
674.35199;62.72083;      -0.59592; 50.83562;80.00000;20.00000;0.53053;2
674.45001;62.72583;      -0.59737; 50.83369;80.00000;20.00000;0.53048;2
674.55200;62.73083;      -0.59812; 50.82984;80.00000;20.00000;0.53042;2
674.64801;62.73583;      -0.59845; 50.82695;80.00000;20.00000;0.53037;2
674.74902;62.74083;      -0.59838; 50.82503;80.00000;20.00000;0.53032;2
674.84399;62.74583;      -0.59829; 50.82214;80.00000;20.00000;0.53027;2
674.93903;62.75083;      -0.59849; 50.82021;80.00000;20.00000;0.53022;2
675.03998;62.75583;      -0.59980; 50.81828;80.00000;20.00000;0.53017;2
675.14301;62.76083;      -0.60014; 50.81539;80.00000;20.00000;0.53011;2
675.24298;62.76583;      -0.60061; 50.81347;80.00000;20.00000;0.53006;2
675.34497;62.77083;      -0.60081; 50.81154;80.00000;20.00000;0.53000;2
675.45099;62.77583;      -0.60171; 50.81058;80.00000;20.00000;0.52995;2
675.53998;62.78083;      -0.60246; 50.80961;80.00000;20.00000;0.52990;2
675.63599;62.78583;      -0.60321; 50.80480;80.00000;20.00000;0.52985;2
675.74402;62.79083;      -0.60411; 50.80287;80.00000;20.00000;0.52979;2
675.84100;62.79583;      -0.60472; 50.79998;80.00000;20.00000;0.52974;2
675.93701;62.80083;      -0.60353; 50.79805;80.00000;20.00000;0.52969;2
676.03900;62.80583;      -0.60290; 50.79613;80.00000;20.00000;0.52964;2
676.13599;62.81083;      -0.60323; 50.79324;80.00000;20.00000;0.52958;2
676.23999;62.81583;      -0.60579; 50.79227;80.00000;20.00000;0.52953;2
676.34302;62.82083;      -0.60641; 50.79227;80.00000;20.00000;0.52947;2
676.44202;62.82583;      -0.60703; 50.79227;80.00000;20.00000;0.52942;2
676.53900;62.83083;      -0.60764; 50.79227;80.00000;20.00000;0.52937;2
676.63501;62.83583;      -0.60742; 50.79227;80.00000;20.00000;0.52932;2
676.73297;62.84083;      -0.60818; 50.79227;80.00000;20.00000;0.52927;2
676.83301;62.84583;      -0.60949; 50.79035;80.00000;20.00000;0.52921;2
676.93799;62.85083;      -0.61066; 50.79035;80.00000;20.00000;0.52916;2
677.03601;62.85583;      -0.61155; 50.78938;80.00000;20.00000;0.52911;2
677.14203;62.86083;      -0.61190; 50.78938;80.00000;20.00000;0.52905;2
677.23798;62.86583;      -0.61168; 50.78746;80.00000;20.00000;0.52900;2
677.33398;62.87083;      -0.61271; 50.78650;80.00000;20.00000;0.52895;2
677.43402;62.87583;      -0.61333; 50.78553;80.00000;20.00000;0.52890;2
677.52502;62.88083;      -0.61352; 50.78553;80.00000;20.00000;0.52885;2
677.63202;62.88583;      -0.61401; 50.78361;80.00000;20.00000;0.52879;2
677.72900;62.89083;      -0.61448; 50.78168;80.00000;20.00000;0.52874;2
677.83600;62.89583;      -0.61469; 50.77975;80.00000;20.00000;0.52868;2
677.92499;62.90083;      -0.61544; 50.77783;80.00000;20.00000;0.52864;2
678.03003;62.90583;      -0.61648; 50.77590;80.00000;20.00000;0.52858;2
678.12598;62.91083;      -0.61723; 50.77494;80.00000;20.00000;0.52853;2
678.23401;62.91583;      -0.61744; 50.77108;80.00000;20.00000;0.52847;2
678.32800;62.92083;      -0.61805; 50.76819;80.00000;20.00000;0.52842;2
678.42401;62.92583;      -0.61853; 50.76627;80.00000;20.00000;0.52837;2
678.53003;62.93083;      -0.61915; 50.76434;80.00000;20.00000;0.52831;2
678.62402;62.93583;      -0.61963; 50.76241;80.00000;20.00000;0.52826;2
678.72900;62.94083;      -0.61997; 50.75952;80.00000;20.00000;0.52821;2
678.82800;62.94583;      -0.62031; 50.75663;80.00000;20.00000;0.52816;2
678.92499;62.95083;      -0.62037; 50.75471;80.00000;20.00000;0.52810;2
679.02197;62.95583;      -0.62015; 50.75182;80.00000;20.00000;0.52805;2
679.12201;62.96083;      -0.62021; 50.75182;80.00000;20.00000;0.52800;2
679.22101;62.96583;      -0.62111; 50.75085;80.00000;20.00000;0.52795;2
679.31702;62.97083;      -0.62201; 50.74893;80.00000;20.00000;0.52790;2
679.42102;62.97583;      -0.62207; 50.74797;80.00000;20.00000;0.52784;2
679.52698;62.98083;      -0.62200; 50.74604;80.00000;20.00000;0.52779;2
679.62500;62.98583;      -0.62220; 50.74411;80.00000;20.00000;0.52773;2
679.71802;62.99083;      -0.62309; 50.74315;80.00000;20.00000;0.52768;2
679.81403;62.99583;      -0.62329; 50.74219;80.00000;20.00000;0.52763;2
679.91602;63.00083;      -0.62336; 50.74219;80.00000;20.00000;0.52758;2
680.01001;63.00583;      -0.62411; 50.74122;80.00000;20.00000;0.52753;2
680.11700;63.01083;      -0.62529; 50.74026;80.00000;20.00000;0.52747;2
680.21198;63.01583;      -0.62744; 50.73930;80.00000;20.00000;0.52742;2
680.31702;63.02083;      -0.62821; 50.73833;80.00000;20.00000;0.52737;2
680.41101;63.02583;      -0.62854; 50.73737;80.00000;20.00000;0.52732;2
680.50800;63.03083;      -0.62833; 50.73641;80.00000;20.00000;0.52726;2
680.60699;63.03583;      -0.62811; 50.73448;80.00000;20.00000;0.52721;2
680.71399;63.04083;      -0.62832; 50.73352;80.00000;20.00000;0.52716;2
680.80701;63.04583;      -0.62935; 50.73255;80.00000;20.00000;0.52711;2
680.91302;63.05083;      -0.63012; 50.73063;80.00000;20.00000;0.52705;2
681.01099;63.05583;      -0.63018; 50.73063;80.00000;20.00000;0.52700;2
681.11401;63.06083;      -0.63066; 50.72870;80.00000;20.00000;0.52694;2
681.21399;63.06583;      -0.63087; 50.72870;80.00000;20.00000;0.52689;2
681.31097;63.07083;      -0.63093; 50.72677;80.00000;20.00000;0.52684;2
681.40399;63.07583;      -0.63113; 50.72581;80.00000;20.00000;0.52679;2
681.50598;63.08083;      -0.63175; 50.72485;80.00000;20.00000;0.52673;2
681.60498;63.08583;      -0.63279; 50.72581;80.00000;20.00000;0.52668;2
681.70203;63.09083;      -0.63369; 50.72677;80.00000;20.00000;0.52663;2
681.80103;63.09583;      -0.63473; 50.72581;80.00000;20.00000;0.52658;2
681.90503;63.10083;      -0.63521; 50.72485;80.00000;20.00000;0.52652;2
682.00598;63.10583;      -0.63542; 50.72581;80.00000;20.00000;0.52647;2
682.09900;63.11083;      -0.63534; 50.72485;80.00000;20.00000;0.52642;2
682.20099;63.11583;      -0.63554; 50.72196;80.00000;20.00000;0.52637;2
682.30200;63.12083;      -0.63589; 50.71810;80.00000;20.00000;0.52631;2
682.40399;63.12583;      -0.63665; 50.71521;80.00000;20.00000;0.52626;2
682.50098;63.13083;      -0.63769; 50.71329;80.00000;20.00000;0.52621;2
682.59601;63.13583;      -0.63831; 50.71040;80.00000;20.00000;0.52616;2
682.70099;63.14083;      -0.63908; 50.70847;80.00000;20.00000;0.52610;2
682.79700;63.14583;      -0.63956; 50.70751;80.00000;20.00000;0.52605;2
682.89899;63.15083;      -0.64018; 50.70751;80.00000;20.00000;0.52600;2
682.99597;63.15583;      -0.64052; 50.70751;80.00000;20.00000;0.52594;2
683.09698;63.16083;      -0.64157; 50.70655;80.00000;20.00000;0.52589;2
683.19501;63.16583;      -0.64205; 50.70462;80.00000;20.00000;0.52584;2
683.28497;63.17083;      -0.64253; 50.70366;80.00000;20.00000;0.52579;2
683.39600;63.17583;      -0.64302; 50.70269;80.00000;20.00000;0.52573;2
683.49402;63.18083;      -0.64378; 50.70077;80.00000;20.00000;0.52568;2
683.59100;63.18583;      -0.64482; 50.69980;80.00000;20.00000;0.52563;2
683.69202;63.19083;      -0.64517; 50.69884;80.00000;20.00000;0.52557;2
683.78302;63.19583;      -0.64509; 50.69691;80.00000;20.00000;0.52553;2
683.88599;63.20083;      -0.64529; 50.69499;80.00000;20.00000;0.52547;2
683.99103;63.20583;      -0.64578; 50.69306;80.00000;20.00000;0.52542;2
684.09399;63.21083;      -0.64627; 50.69113;80.00000;20.00000;0.52536;2
684.18903;63.21583;      -0.64675; 50.68921;80.00000;20.00000;0.52531;2
684.28198;63.22083;      -0.64695; 50.68632;80.00000;20.00000;0.52526;2
684.38702;63.22583;      -0.64744; 50.68535;80.00000;20.00000;0.52521;2
684.48901;63.23083;      -0.64793; 50.68246;80.00000;20.00000;0.52515;2
684.59497;63.23583;      -0.64842; 50.68150;80.00000;20.00000;0.52510;2
684.68799;63.24083;      -0.64862; 50.68054;80.00000;20.00000;0.52505;2
684.78998;63.24583;      -0.64910; 50.67957;80.00000;20.00000;0.52499;2
684.88098;63.25083;      -0.64986; 50.67861;80.00000;20.00000;0.52494;2
684.97998;63.25583;      -0.65049; 50.67572;80.00000;20.00000;0.52489;2
685.08301;63.26083;      -0.65098; 50.67476;80.00000;20.00000;0.52484;2
685.17999;63.26583;      -0.65174; 50.67572;80.00000;20.00000;0.52479;2
685.27399;63.27083;      -0.65236; 50.67572;80.00000;20.00000;0.52474;2
685.36700;63.27583;      -0.65326; 50.67476;80.00000;20.00000;0.52469;2
685.47803;63.28083;      -0.65502; 50.67476;80.00000;20.00000;0.52463;2
685.57397;63.28583;      -0.65578; 50.67379;80.00000;20.00000;0.52458;2
685.67297;63.29083;      -0.65599; 50.67283;80.00000;20.00000;0.52452;2
685.77197;63.29583;      -0.65619; 50.67283;80.00000;20.00000;0.52447;2
685.87701;63.30083;      -0.65626; 50.67283;80.00000;20.00000;0.52442;2
685.97498;63.30583;      -0.65605; 50.67187;80.00000;20.00000;0.52436;2
686.07800;63.31083;      -0.65626; 50.67090;80.00000;20.00000;0.52431;2
686.18103;63.31583;      -0.65605; 50.66994;80.00000;20.00000;0.52425;2
686.27899;63.32083;      -0.65639; 50.66898;80.00000;20.00000;0.52420;2
686.38000;63.32583;      -0.65758; 50.66802;80.00000;20.00000;0.52415;2
686.47900;63.33083;      -0.65765; 50.66609;80.00000;20.00000;0.52410;2
686.58002;63.33583;      -0.65827; 50.66609;80.00000;20.00000;0.52404;2
686.67499;63.34083;      -0.65918; 50.66609;80.00000;20.00000;0.52399;2
686.78302;63.34583;      -0.65981; 50.66513;80.00000;20.00000;0.52393;2
686.87299;63.35083;      -0.65959; 50.66416;80.00000;20.00000;0.52389;2
686.97198;63.35583;      -0.65966; 50.66031;80.00000;20.00000;0.52383;2
687.07397;63.36083;      -0.66029; 50.65742;80.00000;20.00000;0.52378;2
687.16998;63.36583;      -0.66007; 50.65646;80.00000;20.00000;0.52373;2
687.27301;63.37083;      -0.66028; 50.65549;80.00000;20.00000;0.52367;2
687.36200;63.37583;      -0.66118; 50.65357;80.00000;20.00000;0.52363;2
687.47101;63.38083;      -0.66252; 50.65164;80.00000;20.00000;0.52357;2
687.57001;63.38583;      -0.66371; 50.64971;80.00000;20.00000;0.52352;2
687.67401;63.39083;      -0.66476; 50.64875;80.00000;20.00000;0.52346;2
687.77301;63.39583;      -0.66483; 50.64682;80.00000;20.00000;0.52341;2
687.86902;63.40083;      -0.66419; 50.64682;80.00000;20.00000;0.52336;2
687.96301;63.40583;      -0.66552; 50.64586;80.00000;20.00000;0.52331;2
688.06598;63.41083;      -0.66685; 50.64490;80.00000;20.00000;0.52325;2
688.16302;63.41583;      -0.66734; 50.64393;80.00000;20.00000;0.52320;2
688.26099;63.42083;      -0.66853; 50.64297;80.00000;20.00000;0.52315;2
688.36298;63.42583;      -0.66930; 50.64104;80.00000;20.00000;0.52310;2
688.47198;63.43083;      -0.66951; 50.64104;80.00000;20.00000;0.52304;2
688.55902;63.43583;      -0.66901; 50.64104;80.00000;20.00000;0.52299;2
688.65802;63.44083;      -0.66866; 50.64008;80.00000;20.00000;0.52294;2
688.76099;63.44583;      -0.66915; 50.64008;80.00000;20.00000;0.52288;2
688.86298;63.45083;      -0.66964; 50.64008;80.00000;20.00000;0.52283;2
688.96399;63.45583;      -0.67013; 50.63912;80.00000;20.00000;0.52278;2
689.06299;63.46083;      -0.67062; 50.63912;80.00000;20.00000;0.52272;2
689.16803;63.46583;      -0.67125; 50.63815;80.00000;20.00000;0.52267;2
689.25897;63.47083;      -0.67174; 50.63719;80.00000;20.00000;0.52262;2
689.35797;63.47583;      -0.67223; 50.63719;80.00000;20.00000;0.52257;2
689.45001;63.48083;      -0.67285; 50.63623;80.00000;20.00000;0.52252;2
689.55402;63.48583;      -0.67334; 50.63430;80.00000;20.00000;0.52246;2
689.65100;63.49083;      -0.67383; 50.63141;80.00000;20.00000;0.52241;2
689.75702;63.49583;      -0.67461; 50.62949;80.00000;20.00000;0.52236;2
689.85199;63.50083;      -0.67538; 50.62660;80.00000;20.00000;0.52231;2
689.94897;63.50583;      -0.67559; 50.62467;80.00000;20.00000;0.52225;2
690.05701;63.51083;      -0.67538; 50.62274;80.00000;20.00000;0.52220;2
690.15802;63.51583;      -0.67559; 50.62082;80.00000;20.00000;0.52214;2
690.25098;63.52083;      -0.67621; 50.61985;80.00000;20.00000;0.52209;2
690.34698;63.52583;      -0.67656; 50.61985;80.00000;20.00000;0.52204;2
690.45599;63.53083;      -0.67720; 50.61985;80.00000;20.00000;0.52198;2
690.54797;63.53583;      -0.67698; 50.61985;80.00000;20.00000;0.52194;2
690.64899;63.54083;      -0.67705; 50.62082;80.00000;20.00000;0.52188;2
690.74799;63.54583;      -0.67726; 50.61985;80.00000;20.00000;0.52183;2
690.84698;63.55083;      -0.67874; 50.62082;80.00000;20.00000;0.52178;2
690.95001;63.55583;      -0.67965; 50.62082;80.00000;20.00000;0.52172;2
691.03802;63.56083;      -0.68042; 50.62082;80.00000;20.00000;0.52168;2
691.14697;63.56583;      -0.68078; 50.62082;80.00000;20.00000;0.52162;2
691.24103;63.57083;      -0.68084; 50.61985;80.00000;20.00000;0.52157;2
691.34900;63.57583;      -0.68049; 50.61985;80.00000;20.00000;0.52151;2
691.44598;63.58083;      -0.68070; 50.61889;80.00000;20.00000;0.52146;2
691.54700;63.58583;      -0.68134; 50.61793;80.00000;20.00000;0.52141;2
691.64099;63.59083;      -0.68196; 50.61696;80.00000;20.00000;0.52136;2
691.74298;63.59583;      -0.68260; 50.61696;80.00000;20.00000;0.52130;2
691.84497;63.60083;      -0.68295; 50.61696;80.00000;20.00000;0.52125;2
691.94501;63.60583;      -0.68302; 50.61311;80.00000;20.00000;0.52119;2
692.04602;63.61083;      -0.68351; 50.61022;80.00000;20.00000;0.52114;2
692.14600;63.61583;      -0.68401; 50.60829;80.00000;20.00000;0.52109;2
692.23999;63.62083;      -0.68450; 50.60637;80.00000;20.00000;0.52104;2
692.34601;63.62583;      -0.68513; 50.60540;80.00000;20.00000;0.52098;2
692.45001;63.63083;      -0.68549; 50.60251;80.00000;20.00000;0.52093;2
692.53900;63.63583;      -0.68541; 50.59962;80.00000;20.00000;0.52088;2
692.63702;63.64083;      -0.68590; 50.59866;80.00000;20.00000;0.52083;2
692.73901;63.64583;      -0.68654; 50.59770;80.00000;20.00000;0.52077;2
692.83502;63.65083;      -0.68759; 50.59577;80.00000;20.00000;0.52072;2
692.93597;63.65583;      -0.68851; 50.59481;80.00000;20.00000;0.52067;2
693.03497;63.66083;      -0.68900; 50.59384;80.00000;20.00000;0.52062;2
693.13702;63.66583;      -0.68964; 50.59192;80.00000;20.00000;0.52056;2
693.24200;63.67083;      -0.68971; 50.59096;80.00000;20.00000;0.52051;2
693.34302;63.67583;      -0.68936; 50.58903;80.00000;20.00000;0.52045;2
693.43597;63.68083;      -0.68985; 50.58807;80.00000;20.00000;0.52040;2
693.53900;63.68583;      -0.69035; 50.58614;80.00000;20.00000;0.52035;2
693.63202;63.69083;      -0.69126; 50.58421;80.00000;20.00000;0.52030;2
693.73901;63.69583;      -0.69162; 50.58325;80.00000;20.00000;0.52024;2
693.83398;63.70083;      -0.69211; 50.58325;80.00000;20.00000;0.52019;2
693.92999;63.70583;      -0.69246; 50.58325;80.00000;20.00000;0.52014;2
694.03400;63.71083;      -0.69310; 50.58325;80.00000;20.00000;0.52009;2
694.12903;63.71583;      -0.69316; 50.58325;80.00000;20.00000;0.52004;2
694.22699;63.72083;      -0.69380; 50.58325;80.00000;20.00000;0.51998;2
694.32800;63.72583;      -0.69472; 50.58325;80.00000;20.00000;0.51993;2
694.42700;63.73083;      -0.69535; 50.58325;80.00000;20.00000;0.51988;2
694.52802;63.73583;      -0.69571; 50.58132;80.00000;20.00000;0.51982;2
694.62701;63.74083;      -0.69606; 50.58132;80.00000;20.00000;0.51977;2
694.71698;63.74583;      -0.69627; 50.58132;80.00000;20.00000;0.51972;2
694.82800;63.75083;      -0.69649; 50.58036;80.00000;20.00000;0.51966;2
694.92102;63.75583;      -0.69698; 50.58036;80.00000;20.00000;0.51961;2
695.02899;63.76083;      -0.69762; 50.57940;80.00000;20.00000;0.51956;2
695.12402;63.76583;      -0.69797; 50.57940;80.00000;20.00000;0.51951;2
695.21997;63.77083;      -0.69846; 50.57843;80.00000;20.00000;0.51946;2
695.32300;63.77583;      -0.69896; 50.57843;80.00000;20.00000;0.51940;2
695.41998;63.78083;      -0.69931; 50.57747;80.00000;20.00000;0.51935;2
695.52502;63.78583;      -0.69967; 50.57747;80.00000;20.00000;0.51929;2
695.62201;63.79083;      -0.70003; 50.57747;80.00000;20.00000;0.51924;2
695.71600;63.79583;      -0.70066; 50.57651;80.00000;20.00000;0.51919;2
695.82098;63.80083;      -0.70116; 50.57651;80.00000;20.00000;0.51914;2
695.91998;63.80583;      -0.70123; 50.57458;80.00000;20.00000;0.51908;2
696.01703;63.81083;      -0.70158; 50.57458;80.00000;20.00000;0.51903;2
696.12000;63.81583;      -0.70194; 50.57458;80.00000;20.00000;0.51898;2
696.21997;63.82083;      -0.70201; 50.57362;80.00000;20.00000;0.51893;2
696.31897;63.82583;      -0.70251; 50.57265;80.00000;20.00000;0.51887;2
696.41998;63.83083;      -0.70371; 50.56784;80.00000;20.00000;0.51882;2
696.51398;63.83583;      -0.70421; 50.56495;80.00000;20.00000;0.51877;2
696.62000;63.84083;      -0.70499; 50.56302;80.00000;20.00000;0.51871;2
696.72498;63.84583;      -0.70577; 50.56013;80.00000;20.00000;0.51866;2
696.81702;63.85083;      -0.70641; 50.55724;80.00000;20.00000;0.51861;2
696.91699;63.85583;      -0.70662; 50.55531;80.00000;20.00000;0.51856;2
697.01898;63.86083;      -0.70585; 50.55435;80.00000;20.00000;0.51850;2
697.11200;63.86583;      -0.70563; 50.55339;80.00000;20.00000;0.51845;2
697.21600;63.87083;      -0.70585; 50.55339;80.00000;20.00000;0.51840;2
697.31799;63.87583;      -0.70592; 50.55339;80.00000;20.00000;0.51834;2
697.40900;63.88083;      -0.70613; 50.55435;80.00000;20.00000;0.51829;2
697.51501;63.88583;      -0.70620; 50.55435;80.00000;20.00000;0.51824;2
697.61298;63.89083;      -0.70628; 50.55435;80.00000;20.00000;0.51819;2
697.71198;63.89583;      -0.70734; 50.55435;80.00000;20.00000;0.51813;2
697.81598;63.90083;      -0.70756; 50.55435;80.00000;20.00000;0.51808;2
697.91199;63.90583;      -0.70777; 50.55435;80.00000;20.00000;0.51803;2
698.01398;63.91083;      -0.70798; 50.55339;80.00000;20.00000;0.51797;2
698.10101;63.91583;      -0.70833; 50.55435;80.00000;20.00000;0.51793;2
698.20697;63.92083;      -0.70883; 50.55339;80.00000;20.00000;0.51787;2
698.30701;63.92583;      -0.70933; 50.55339;80.00000;20.00000;0.51782;2
698.41302;63.93083;      -0.70998; 50.55339;80.00000;20.00000;0.51776;2
698.51202;63.93583;      -0.71076; 50.55339;80.00000;20.00000;0.51771;2
698.59698;63.94083;      -0.71125; 50.55339;80.00000;20.00000;0.51766;2
698.70099;63.94583;      -0.71146; 50.55146;80.00000;20.00000;0.51761;2
698.80200;63.95083;      -0.71253; 50.55146;80.00000;20.00000;0.51755;2
698.91498;63.95583;      -0.71276; 50.55050;80.00000;20.00000;0.51749;2
699.00098;63.96083;      -0.71310; 50.55050;80.00000;20.00000;0.51745;2
699.09900;63.96583;      -0.71332; 50.55050;80.00000;20.00000;0.51740;2
699.20203;63.97083;      -0.71325; 50.55050;80.00000;20.00000;0.51734;2
699.30298;63.97583;      -0.71332; 50.55050;80.00000;20.00000;0.51729;2
699.40802;63.98083;      -0.71283; 50.55050;80.00000;20.00000;0.51723;2
699.50403;63.98583;      -0.71347; 50.55050;80.00000;20.00000;0.51718;2
699.60498;63.99083;      -0.71383; 50.54954;80.00000;20.00000;0.51713;2
699.70697;63.99583;      -0.71433; 50.54857;80.00000;20.00000;0.51707;2
699.79303;64.00083;      -0.71468; 50.54761;80.00000;20.00000;0.51703;2
699.89301;64.00583;      -0.71489; 50.54665;80.00000;20.00000;0.51698;2
699.99597;64.01083;      -0.71554; 50.54568;80.00000;20.00000;0.51692;2
700.09100;64.01583;      -0.71618; 50.54376;80.00000;20.00000;0.51687;2
700.20099;64.02083;      -0.71697; 50.54279;80.00000;20.00000;0.51681;2
700.29700;64.02583;      -0.71747; 50.54087;80.00000;20.00000;0.51676;2
700.39600;64.03083;      -0.71782; 50.53990;80.00000;20.00000;0.51671;2
700.49500;64.03583;      -0.71804; 50.53798;80.00000;20.00000;0.51666;2
700.58899;64.04083;      -0.71825; 50.53798;80.00000;20.00000;0.51661;2
700.69299;64.04583;      -0.71875; 50.53605;80.00000;20.00000;0.51655;2
700.78998;64.05083;      -0.71883; 50.53412;80.00000;20.00000;0.51650;2
700.89099;64.05583;      -0.71876; 50.53316;80.00000;20.00000;0.51645;2
700.99597;64.06083;      -0.71898; 50.53220;80.00000;20.00000;0.51639;2
701.08801;64.06583;      -0.71947; 50.53027;80.00000;20.00000;0.51634;2
701.19299;64.07083;      -0.71998; 50.52931;80.00000;20.00000;0.51629;2
701.29102;64.07583;      -0.72033; 50.52931;80.00000;20.00000;0.51623;2
701.39398;64.08083;      -0.72098; 50.52834;80.00000;20.00000;0.51618;2
701.48297;64.08583;      -0.72119; 50.52738;80.00000;20.00000;0.51613;2
701.59497;64.09083;      -0.72170; 50.52642;80.00000;20.00000;0.51607;2
701.69098;64.09583;      -0.72248; 50.52545;80.00000;20.00000;0.51602;2
701.79199;64.10083;      -0.72313; 50.52353;80.00000;20.00000;0.51597;2
701.89099;64.10583;      -0.72377; 50.52256;80.00000;20.00000;0.51592;2
701.99500;64.11083;      -0.72442; 50.52160;80.00000;20.00000;0.51586;2
702.09802;64.11583;      -0.72464; 50.52064;80.00000;20.00000;0.51581;2
702.19299;64.12083;      -0.72471; 50.51871;80.00000;20.00000;0.51575;2
702.29199;64.12583;      -0.72549; 50.51775;80.00000;20.00000;0.51570;2
702.38898;64.13083;      -0.72614; 50.51678;80.00000;20.00000;0.51565;2
702.48901;64.13583;      -0.72635; 50.51486;80.00000;20.00000;0.51560;2
702.59302;64.14083;      -0.72629; 50.51389;80.00000;20.00000;0.51554;2
702.68500;64.14583;      -0.72650; 50.51101;80.00000;20.00000;0.51549;2
702.78699;64.15083;      -0.72686; 50.50619;80.00000;20.00000;0.51544;2
702.88898;64.15583;      -0.72722; 50.50234;80.00000;20.00000;0.51539;2
702.98499;64.16083;      -0.72787; 50.49945;80.00000;20.00000;0.51533;2
703.08899;64.16583;      -0.72880; 50.49559;80.00000;20.00000;0.51528;2
703.17999;64.17083;      -0.72830; 50.49270;80.00000;20.00000;0.51523;2
703.27899;64.17583;      -0.72880; 50.49270;80.00000;20.00000;0.51518;2
703.38898;64.18083;      -0.72960; 50.49270;80.00000;20.00000;0.51512;2
703.48297;64.18583;      -0.73009; 50.49174;80.00000;20.00000;0.51507;2
703.58801;64.19083;      -0.73060; 50.49078;80.00000;20.00000;0.51501;2
703.68298;64.19583;      -0.73082; 50.48981;80.00000;20.00000;0.51496;2
703.78302;64.20083;      -0.73132; 50.48885;80.00000;20.00000;0.51491;2
703.87402;64.20583;      -0.73182; 50.48692;80.00000;20.00000;0.51486;2
703.97601;64.21083;      -0.73218; 50.48500;80.00000;20.00000;0.51481;2
704.07800;64.21583;      -0.73254; 50.48403;80.00000;20.00000;0.51475;2
704.18103;64.22083;      -0.73305; 50.48307;80.00000;20.00000;0.51470;2
704.28900;64.22583;      -0.73284; 50.48211;80.00000;20.00000;0.51464;2
704.37500;64.23083;      -0.73291; 50.48018;80.00000;20.00000;0.51460;2
704.47900;64.23583;      -0.73299; 50.47825;80.00000;20.00000;0.51454;2
704.57202;64.24083;      -0.73377; 50.47825;80.00000;20.00000;0.51449;2
704.67499;64.24583;      -0.73485; 50.47633;80.00000;20.00000;0.51444;2
704.78101;64.25083;      -0.73536; 50.47536;80.00000;20.00000;0.51438;2
704.87201;64.25583;      -0.73543; 50.47440;80.00000;20.00000;0.51433;2
704.97498;64.26083;      -0.73551; 50.47248;80.00000;20.00000;0.51428;2
705.07599;64.26583;      -0.73573; 50.47151;80.00000;20.00000;0.51422;2
705.17499;64.27083;      -0.73609; 50.47055;80.00000;20.00000;0.51417;2
705.27301;64.27583;      -0.73602; 50.46862;80.00000;20.00000;0.51412;2
705.36798;64.28083;      -0.73566; 50.46670;80.00000;20.00000;0.51407;2
705.47400;64.28583;      -0.73546; 50.46573;80.00000;20.00000;0.51401;2
705.58002;64.29083;      -0.73568; 50.46477;80.00000;20.00000;0.51396;2
705.67401;64.29583;      -0.73604; 50.46573;80.00000;20.00000;0.51391;2
705.77899;64.30083;      -0.73655; 50.46477;80.00000;20.00000;0.51385;2
705.87799;64.30583;      -0.73648; 50.46284;80.00000;20.00000;0.51380;2
705.96899;64.31083;      -0.73683; 50.46188;80.00000;20.00000;0.51375;2
706.07098;64.31583;      -0.73777; 50.46092;80.00000;20.00000;0.51370;2
706.16400;64.32083;      -0.73927; 50.45995;80.00000;20.00000;0.51365;2
706.27600;64.32583;      -0.73993; 50.45610;80.00000;20.00000;0.51359;2
706.36298;64.33083;      -0.74014; 50.45417;80.00000;20.00000;0.51354;2
706.46399;64.33583;      -0.74036; 50.45321;80.00000;20.00000;0.51349;2
706.56897;64.34083;      -0.74073; 50.45225;80.00000;20.00000;0.51343;2
706.67401;64.34583;      -0.74081; 50.44839;80.00000;20.00000;0.51338;2
706.76599;64.35083;      -0.74088; 50.44743;80.00000;20.00000;0.51333;2
706.86102;64.35583;      -0.74052; 50.44550;80.00000;20.00000;0.51328;2
706.96600;64.36083;      -0.74060; 50.44358;80.00000;20.00000;0.51322;2
707.05603;64.36583;      -0.74038; 50.44261;80.00000;20.00000;0.51317;2
707.16199;64.37083;      -0.74061; 50.44165;80.00000;20.00000;0.51312;2
707.26099;64.37583;      -0.74097; 50.44069;80.00000;20.00000;0.51306;2
707.36499;64.38083;      -0.74177; 50.43876;80.00000;20.00000;0.51301;2
707.46698;64.38583;      -0.74227; 50.43780;80.00000;20.00000;0.51296;2
707.56299;64.39083;      -0.74292; 50.43683;80.00000;20.00000;0.51290;2
707.66101;64.39583;      -0.74343; 50.43587;80.00000;20.00000;0.51285;2
707.76300;64.40083;      -0.74393; 50.43587;80.00000;20.00000;0.51280;2
707.86200;64.40583;      -0.74387; 50.43491;80.00000;20.00000;0.51275;2
707.95898;64.41083;      -0.74394; 50.43394;80.00000;20.00000;0.51269;2
708.05902;64.41583;      -0.74445; 50.43394;80.00000;20.00000;0.51264;2
708.16998;64.42083;      -0.74568; 50.43298;80.00000;20.00000;0.51258;2
708.25702;64.42583;      -0.74589; 50.43106;80.00000;20.00000;0.51254;2
708.35699;64.43083;      -0.74583; 50.42624;80.00000;20.00000;0.51248;2
708.45801;64.43583;      -0.74691; 50.42431;80.00000;20.00000;0.51243;2
708.55902;64.44083;      -0.74699; 50.42239;80.00000;20.00000;0.51238;2
708.65802;64.44583;      -0.74735; 50.42046;80.00000;20.00000;0.51232;2
708.76501;64.45083;      -0.74772; 50.41853;80.00000;20.00000;0.51227;2
708.85901;64.45583;      -0.74664; 50.41853;80.00000;20.00000;0.51222;2
708.96399;64.46083;      -0.74673; 50.41853;80.00000;20.00000;0.51216;2
709.05603;64.46583;      -0.74751; 50.41853;80.00000;20.00000;0.51211;2
709.16699;64.47083;      -0.74746; 50.41950;80.00000;20.00000;0.51205;2
709.26001;64.47583;      -0.74753; 50.41950;80.00000;20.00000;0.51200;2
709.35602;64.48083;      -0.74746; 50.41853;80.00000;20.00000;0.51195;2
709.45502;64.48583;      -0.74940; 50.41853;80.00000;20.00000;0.51190;2
709.55798;64.49083;      -0.75092; 50.41757;80.00000;20.00000;0.51185;2
709.65698;64.49583;      -0.75100; 50.41661;80.00000;20.00000;0.51179;2
709.75403;64.50083;      -0.75078; 50.41564;80.00000;20.00000;0.51174;2
709.85999;64.50583;      -0.75158; 50.41468;80.00000;20.00000;0.51169;2
709.95898;64.51083;      -0.75152; 50.41275;80.00000;20.00000;0.51163;2
710.05103;64.51583;      -0.75015; 50.41179;80.00000;20.00000;0.51158;2
710.16199;64.52083;      -0.75024; 50.41179;80.00000;20.00000;0.51153;2
710.26202;64.52583;      -0.75132; 50.41275;80.00000;20.00000;0.51147;2
710.35999;64.53083;      -0.75197; 50.41179;80.00000;20.00000;0.51142;2
710.45898;64.53583;      -0.75248; 50.41179;80.00000;20.00000;0.51137;2
710.55402;64.54083;      -0.75227; 50.41179;80.00000;20.00000;0.51132;2
710.65198;64.54583;      -0.75163; 50.41179;80.00000;20.00000;0.51127;2
710.75299;64.55083;      -0.75185; 50.40986;80.00000;20.00000;0.51121;2
710.84399;64.55583;      -0.75221; 50.40697;80.00000;20.00000;0.51116;2
710.95398;64.56083;      -0.75215; 50.40408;80.00000;20.00000;0.51110;2
711.05103;64.56583;      -0.75266; 50.40216;80.00000;20.00000;0.51105;2
711.15002;64.57083;      -0.75345; 50.40119;80.00000;20.00000;0.51100;2
711.26300;64.57583;      -0.75383; 50.39927;80.00000;20.00000;0.51094;2
711.34601;64.58083;      -0.75404; 50.39830;80.00000;20.00000;0.51090;2
711.44800;64.58583;      -0.75469; 50.39638;80.00000;20.00000;0.51084;2
711.55298;64.59083;      -0.75521; 50.39541;80.00000;20.00000;0.51079;2
711.65002;64.59583;      -0.75543; 50.39349;80.00000;20.00000;0.51074;2
711.74799;64.60083;      -0.75579; 50.39253;80.00000;20.00000;0.51068;2
711.84802;64.60583;      -0.75616; 50.39060;80.00000;20.00000;0.51063;2
711.95502;64.61083;      -0.75610; 50.38964;80.00000;20.00000;0.51057;2
712.04901;64.61583;      -0.75603; 50.38867;80.00000;20.00000;0.51052;2
712.14697;64.62083;      -0.75567; 50.38675;80.00000;20.00000;0.51047;2
712.24298;64.62583;      -0.75690; 50.38578;80.00000;20.00000;0.51042;2
712.34900;64.63083;      -0.75742; 50.38386;80.00000;20.00000;0.51036;2
712.44397;64.63583;      -0.75677; 50.38289;80.00000;20.00000;0.51031;2
712.54797;64.64083;      -0.75642; 50.38097;80.00000;20.00000;0.51026;2
712.64600;64.64583;      -0.75679; 50.38193;80.00000;20.00000;0.51021;2
712.73999;64.65083;      -0.75701; 50.38097;80.00000;20.00000;0.51016;2
712.84601;64.65583;      -0.75680; 50.38000;80.00000;20.00000;0.51010;2
712.94800;64.66083;      -0.75674; 50.38000;80.00000;20.00000;0.51005;2
713.04498;64.66583;      -0.75696; 50.37904;80.00000;20.00000;0.51000;2
713.13202;64.67083;      -0.75760; 50.37808;80.00000;20.00000;0.50995;2
713.24298;64.67583;      -0.75783; 50.37711;80.00000;20.00000;0.50989;2
713.34302;64.68083;      -0.75835; 50.37615;80.00000;20.00000;0.50984;2
713.44397;64.68583;      -0.75857; 50.37615;80.00000;20.00000;0.50978;2
713.53998;64.69083;      -0.75850; 50.37519;80.00000;20.00000;0.50973;2
713.64502;64.69583;      -0.75945; 50.37422;80.00000;20.00000;0.50968;2
713.74200;64.70083;      -0.75981; 50.37326;80.00000;20.00000;0.50963;2
713.83502;64.70583;      -0.76003; 50.37230;80.00000;20.00000;0.50958;2
713.93597;64.71083;      -0.76054; 50.36941;80.00000;20.00000;0.50952;2
714.03998;64.71583;      -0.76077; 50.36748;80.00000;20.00000;0.50947;2
714.13800;64.72083;      -0.76114; 50.36652;80.00000;20.00000;0.50942;2
714.23700;64.72583;      -0.76136; 50.36266;80.00000;20.00000;0.50936;2
714.34399;64.73083;      -0.76145; 50.35785;80.00000;20.00000;0.50931;2
714.44501;64.73583;      -0.76153; 50.35400;80.00000;20.00000;0.50925;2
714.53900;64.74083;      -0.76203; 50.35014;80.00000;20.00000;0.50920;2
714.63599;64.74583;      -0.76211; 50.34725;80.00000;20.00000;0.50915;2
714.73499;64.75083;      -0.76190; 50.34340;80.00000;20.00000;0.50910;2
714.82800;64.75583;      -0.76197; 50.34340;80.00000;20.00000;0.50905;2
714.93298;64.76083;      -0.76191; 50.34244;80.00000;20.00000;0.50899;2
715.02802;64.76583;      -0.76228; 50.34147;80.00000;20.00000;0.50894;2
715.13397;64.77083;      -0.76279; 50.34051;80.00000;20.00000;0.50889;2
715.23199;64.77583;      -0.76258; 50.33955;80.00000;20.00000;0.50883;2
715.32800;64.78083;      -0.76266; 50.33762;80.00000;20.00000;0.50878;2
715.43201;64.78583;      -0.76274; 50.33666;80.00000;20.00000;0.50873;2
715.52399;64.79083;      -0.76310; 50.33473;80.00000;20.00000;0.50868;2
715.63599;64.79583;      -0.76305; 50.33280;80.00000;20.00000;0.50862;2
715.72498;64.80083;      -0.76312; 50.33184;80.00000;20.00000;0.50857;2
715.83502;64.80583;      -0.76292; 50.32991;80.00000;20.00000;0.50851;2
715.92200;64.81083;      -0.76313; 50.32991;80.00000;20.00000;0.50847;2
716.02899;64.81583;      -0.76307; 50.32991;80.00000;20.00000;0.50841;2
716.12903;64.82083;      -0.76315; 50.32991;80.00000;20.00000;0.50836;2
716.23297;64.82583;      -0.76381; 50.32991;80.00000;20.00000;0.50830;2
716.33301;64.83083;      -0.76433; 50.32895;80.00000;20.00000;0.50825;2
716.41998;64.83583;      -0.76498; 50.32799;80.00000;20.00000;0.50820;2
716.53003;64.84083;      -0.76564; 50.32799;80.00000;20.00000;0.50815;2
716.62701;64.84583;      -0.76572; 50.32702;80.00000;20.00000;0.50809;2
716.72302;64.85083;      -0.76594; 50.32702;80.00000;20.00000;0.50804;2
716.81897;64.85583;      -0.76616; 50.32606;80.00000;20.00000;0.50799;2
716.92798;64.86083;      -0.76639; 50.32510;80.00000;20.00000;0.50793;2
717.03101;64.86583;      -0.76677; 50.32510;80.00000;20.00000;0.50788;2
717.12402;64.87083;      -0.76684; 50.32413;80.00000;20.00000;0.50783;2
717.22699;64.87583;      -0.76678; 50.32221;80.00000;20.00000;0.50778;2
717.31897;64.88083;      -0.76729; 50.32221;80.00000;20.00000;0.50773;2
717.42798;64.88583;      -0.76781; 50.32124;80.00000;20.00000;0.50767;2
717.52002;64.89083;      -0.76774; 50.32028;80.00000;20.00000;0.50762;2
717.62402;64.89583;      -0.76753; 50.32028;80.00000;20.00000;0.50757;2
717.71997;64.90083;      -0.76761; 50.32028;80.00000;20.00000;0.50751;2
717.82202;64.90583;      -0.76769; 50.31932;80.00000;20.00000;0.50746;2
717.91498;64.91083;      -0.76805; 50.32028;80.00000;20.00000;0.50741;2
718.02197;64.91583;      -0.76814; 50.32124;80.00000;20.00000;0.50735;2
718.11603;64.92083;      -0.76793; 50.32221;80.00000;20.00000;0.50730;2
718.21698;64.92583;      -0.76801; 50.32124;80.00000;20.00000;0.50725;2
718.31897;64.93083;      -0.76823; 50.32124;80.00000;20.00000;0.50720;2
718.41998;64.93583;      -0.76832; 50.32124;80.00000;20.00000;0.50714;2
718.52399;64.94083;      -0.76854; 50.32028;80.00000;20.00000;0.50709;2
718.61401;64.94583;      -0.76847; 50.31835;80.00000;20.00000;0.50704;2
718.72101;64.95083;      -0.76870; 50.31643;80.00000;20.00000;0.50698;2
718.81097;64.95583;      -0.76834; 50.31450;80.00000;20.00000;0.50694;2
718.91199;64.96083;      -0.76929; 50.31450;80.00000;20.00000;0.50688;2
719.01703;64.96583;      -0.76996; 50.31450;80.00000;20.00000;0.50683;2
719.11200;64.97083;      -0.77032; 50.31354;80.00000;20.00000;0.50678;2
719.21997;64.97583;      -0.77026; 50.31354;80.00000;20.00000;0.50672;2
719.32001;64.98083;      -0.77049; 50.31161;80.00000;20.00000;0.50667;2
719.41699;64.98583;      -0.77042; 50.31065;80.00000;20.00000;0.50661;2
719.51898;64.99083;      -0.77065; 50.30872;80.00000;20.00000;0.50656;2
719.61700;64.99583;      -0.77058; 50.30680;80.00000;20.00000;0.50651;2
719.71600;65.00083;      -0.77081; 50.30776;80.00000;20.00000;0.50646;2
719.81897;65.00583;      -0.77104; 50.30680;80.00000;20.00000;0.50640;2
719.90900;65.01083;      -0.77111; 50.30680;80.00000;20.00000;0.50635;2
720.01398;65.01583;      -0.77149; 50.30680;80.00000;20.00000;0.50630;2
720.10901;65.02083;      -0.77156; 50.30487;80.00000;20.00000;0.50625;2
720.20599;65.02583;      -0.77179; 50.30487;80.00000;20.00000;0.50620;2
720.31000;65.03083;      -0.77114; 50.30391;80.00000;20.00000;0.50614;2
720.40503;65.03583;      -0.77151; 50.30294;80.00000;20.00000;0.50609;2
720.50299;65.04083;      -0.77232; 50.30198;80.00000;20.00000;0.50604;2
720.60999;65.04583;      -0.77269; 50.30102;80.00000;20.00000;0.50598;2
720.70697;65.05083;      -0.77277; 50.29909;80.00000;20.00000;0.50593;2
720.80402;65.05583;      -0.77271; 50.29813;80.00000;20.00000;0.50588;2
720.90399;65.06083;      -0.77293; 50.29620;80.00000;20.00000;0.50583;2
721.00702;65.06583;      -0.77331; 50.29524;80.00000;20.00000;0.50577;2
721.10699;65.07083;      -0.77339; 50.29427;80.00000;20.00000;0.50572;2
721.20599;65.07583;      -0.77361; 50.29331;80.00000;20.00000;0.50566;2
721.30499;65.08083;      -0.77355; 50.29331;80.00000;20.00000;0.50561;2
721.40997;65.08583;      -0.77334; 50.29042;80.00000;20.00000;0.50556;2
721.50098;65.09083;      -0.77385; 50.28753;80.00000;20.00000;0.50551;2
721.60602;65.09583;      -0.77379; 50.28560;80.00000;20.00000;0.50545;2
721.70502;65.10083;      -0.77402; 50.28368;80.00000;20.00000;0.50540;2
721.81097;65.10583;      -0.77440; 50.28079;80.00000;20.00000;0.50534;2
721.89899;65.11083;      -0.77490; 50.27886;80.00000;20.00000;0.50530;2
722.01099;65.11583;      -0.77427; 50.27597;80.00000;20.00000;0.50524;2
722.10400;65.12083;      -0.77478; 50.27501;80.00000;20.00000;0.50519;2
722.20898;65.12583;      -0.77501; 50.27597;80.00000;20.00000;0.50513;2
722.30798;65.13083;      -0.77538; 50.27501;80.00000;20.00000;0.50508;2
722.41302;65.13583;      -0.77561; 50.27501;80.00000;20.00000;0.50502;2
722.51300;65.14083;      -0.77526; 50.27597;80.00000;20.00000;0.50497;2
722.60797;65.14583;      -0.77461; 50.27597;80.00000;20.00000;0.50492;2
722.70697;65.15083;      -0.77571; 50.27405;80.00000;20.00000;0.50487;2
722.80798;65.15583;      -0.77623; 50.27405;80.00000;20.00000;0.50482;2
722.90698;65.16083;      -0.77703; 50.27308;80.00000;20.00000;0.50476;2
722.99500;65.16583;      -0.77652; 50.27308;80.00000;20.00000;0.50472;2
723.09601;65.17083;      -0.77661; 50.27116;80.00000;20.00000;0.50466;2
723.20099;65.17583;      -0.77698; 50.27116;80.00000;20.00000;0.50461;2
723.30499;65.18083;      -0.77692; 50.27019;80.00000;20.00000;0.50455;2
723.39899;65.18583;      -0.77787; 50.27019;80.00000;20.00000;0.50450;2
723.49597;65.19083;      -0.77737; 50.26923;80.00000;20.00000;0.50445;2
723.60602;65.19583;      -0.77615; 50.26730;80.00000;20.00000;0.50439;2
723.70001;65.20083;      -0.77710; 50.26634;80.00000;20.00000;0.50434;2
723.80701;65.20583;      -0.77690; 50.26538;80.00000;20.00000;0.50429;2
723.89899;65.21083;      -0.77741; 50.26441;80.00000;20.00000;0.50424;2
723.99799;65.21583;      -0.77763; 50.26345;80.00000;20.00000;0.50418;2
724.09497;65.22083;      -0.77815; 50.26249;80.00000;20.00000;0.50413;2
724.18597;65.22583;      -0.77895; 50.26249;80.00000;20.00000;0.50408;2
724.29700;65.23083;      -0.77890; 50.26152;80.00000;20.00000;0.50403;2
724.39502;65.23583;      -0.77854; 50.26056;80.00000;20.00000;0.50397;2
724.49402;65.24083;      -0.77892; 50.25960;80.00000;20.00000;0.50392;2
724.59497;65.24583;      -0.77885; 50.25863;80.00000;20.00000;0.50387;2
724.69299;65.25083;      -0.77879; 50.25863;80.00000;20.00000;0.50382;2
724.80402;65.25583;      -0.77888; 50.25767;80.00000;20.00000;0.50376;2
724.89099;65.26083;      -0.77880; 50.25767;80.00000;20.00000;0.50371;2
725.00000;65.26583;      -0.77904; 50.25767;80.00000;20.00000;0.50365;2
725.09399;65.27083;      -0.78014; 50.25671;80.00000;20.00000;0.50360;2
725.19501;65.27583;      -0.78066; 50.25767;80.00000;20.00000;0.50355;2
725.28802;65.28083;      -0.78103; 50.25767;80.00000;20.00000;0.50350;2
725.39899;65.28583;      -0.78083; 50.25767;80.00000;20.00000;0.50344;2
725.49500;65.29083;      -0.78091; 50.25671;80.00000;20.00000;0.50339;2
725.59302;65.29583;      -0.78113; 50.25671;80.00000;20.00000;0.50334;2
725.68903;65.30083;      -0.78121; 50.25671;80.00000;20.00000;0.50329;2
725.78900;65.30583;      -0.78115; 50.25478;80.00000;20.00000;0.50323;2
725.88300;65.31083;      -0.78166; 50.25285;80.00000;20.00000;0.50318;2
725.98199;65.31583;      -0.78189; 50.25285;80.00000;20.00000;0.50313;2
726.08600;65.32083;      -0.78285; 50.25189;80.00000;20.00000;0.50308;2
726.18103;65.32583;      -0.78279; 50.25093;80.00000;20.00000;0.50303;2
726.28601;65.33083;      -0.78273; 50.25093;80.00000;20.00000;0.50297;2
726.38898;65.33583;      -0.78193; 50.24900;80.00000;20.00000;0.50292;2
726.48798;65.34083;      -0.78202; 50.24707;80.00000;20.00000;0.50286;2
726.58301;65.34583;      -0.78224; 50.24707;80.00000;20.00000;0.50281;2
726.68701;65.35083;      -0.78262; 50.24707;80.00000;20.00000;0.50276;2
726.78003;65.35583;      -0.78299; 50.24611;80.00000;20.00000;0.50271;2
726.87500;65.36083;      -0.78277; 50.24515;80.00000;20.00000;0.50266;2
726.97900;65.36583;      -0.78315; 50.24322;80.00000;20.00000;0.50260;2
727.07300;65.37083;      -0.78352; 50.24129;80.00000;20.00000;0.50255;2
727.18298;65.37583;      -0.78332; 50.24033;80.00000;20.00000;0.50249;2
727.28198;65.38083;      -0.78369; 50.23937;80.00000;20.00000;0.50244;2
727.38702;65.38583;      -0.78422; 50.23840;80.00000;20.00000;0.50239;2
727.47900;65.39083;      -0.78400; 50.23744;80.00000;20.00000;0.50234;2
727.57300;65.39583;      -0.78379; 50.23552;80.00000;20.00000;0.50229;2
727.67200;65.40083;      -0.78343; 50.23455;80.00000;20.00000;0.50224;2
727.77301;65.40583;      -0.78410; 50.23359;80.00000;20.00000;0.50218;2
727.87701;65.41083;      -0.78492; 50.23263;80.00000;20.00000;0.50213;2
727.97198;65.41583;      -0.78529; 50.23166;80.00000;20.00000;0.50208;2
728.07202;65.42083;      -0.78508; 50.23070;80.00000;20.00000;0.50202;2
728.16998;65.42583;      -0.78545; 50.22974;80.00000;20.00000;0.50197;2
728.27399;65.43083;      -0.78554; 50.22877;80.00000;20.00000;0.50192;2
728.37500;65.43583;      -0.78606; 50.22781;80.00000;20.00000;0.50186;2
728.47498;65.44083;      -0.78659; 50.22492;80.00000;20.00000;0.50181;2
728.57001;65.44583;      -0.78667; 50.22203;80.00000;20.00000;0.50176;2
728.67499;65.45083;      -0.78646; 50.21914;80.00000;20.00000;0.50170;2
728.77802;65.45583;      -0.78699; 50.21721;80.00000;20.00000;0.50165;2
728.87701;65.46083;      -0.78751; 50.21432;80.00000;20.00000;0.50160;2
728.97498;65.46583;      -0.78774; 50.21240;80.00000;20.00000;0.50154;2
729.07098;65.47083;      -0.78811; 50.21143;80.00000;20.00000;0.50149;2
729.17700;65.47583;      -0.78864; 50.21240;80.00000;20.00000;0.50144;2
729.27399;65.48083;      -0.78930; 50.21240;80.00000;20.00000;0.50139;2
729.36798;65.48583;      -0.78982; 50.21240;80.00000;20.00000;0.50134;2
729.47601;65.49083;      -0.78977; 50.21143;80.00000;20.00000;0.50128;2
729.56702;65.49583;      -0.78999; 50.21047;80.00000;20.00000;0.50123;2
729.66998;65.50083;      -0.78978; 50.21047;80.00000;20.00000;0.50118;2
729.77197;65.50583;      -0.79016; 50.20951;80.00000;20.00000;0.50112;2
729.86798;65.51083;      -0.79053; 50.20854;80.00000;20.00000;0.50107;2
729.96399;65.51583;      -0.79135; 50.20758;80.00000;20.00000;0.50102;2
730.06897;65.52083;      -0.79011; 50.20662;80.00000;20.00000;0.50096;2
730.17499;65.52583;      -0.78991; 50.20662;80.00000;20.00000;0.50091;2
730.27100;65.53083;      -0.78970; 50.20469;80.00000;20.00000;0.50086;2
730.36798;65.53583;      -0.79066; 50.20469;80.00000;20.00000;0.50081;2
730.46802;65.54083;      -0.79104; 50.20469;80.00000;20.00000;0.50075;2
730.57703;65.54583;      -0.79113; 50.20469;80.00000;20.00000;0.50069;2
730.67200;65.55083;      -0.79194; 50.20276;80.00000;20.00000;0.50064;2
730.77399;65.55583;      -0.79247; 50.20180;80.00000;20.00000;0.50059;2
730.86401;65.56083;      -0.79342; 50.20084;80.00000;20.00000;0.50054;2
730.96600;65.56583;      -0.79380; 50.19602;80.00000;20.00000;0.50049;2
731.06403;65.57083;      -0.79403; 50.19410;80.00000;20.00000;0.50044;2
731.16400;65.57583;      -0.79382; 50.19217;80.00000;20.00000;0.50038;2
731.26099;65.58083;      -0.79449; 50.19121;80.00000;20.00000;0.50033;2
731.36401;65.58583;      -0.79487; 50.18832;80.00000;20.00000;0.50028;2
731.46997;65.59083;      -0.79584; 50.18639;80.00000;20.00000;0.50022;2
731.56403;65.59583;      -0.79548; 50.18446;80.00000;20.00000;0.50017;2
731.66498;65.60083;      -0.79615; 50.18350;80.00000;20.00000;0.50012;2
731.76099;65.60583;      -0.79609; 50.18157;80.00000;20.00000;0.50007;2
731.86700;65.61083;      -0.79603; 50.18157;80.00000;20.00000;0.50001;2
731.96399;65.61583;      -0.79611; 50.18061;80.00000;20.00000;0.49996;2
732.06500;65.62083;      -0.79634; 50.17965;80.00000;20.00000;0.49991;2
732.17401;65.62583;      -0.79614; 50.17868;80.00000;20.00000;0.49985;2
732.26801;65.63083;      -0.79622; 50.17868;80.00000;20.00000;0.49980;2
732.37097;65.63583;      -0.79660; 50.17676;80.00000;20.00000;0.49974;2
732.45801;65.64083;      -0.79697; 50.17290;80.00000;20.00000;0.49970;2
732.56500;65.64583;      -0.79780; 50.17001;80.00000;20.00000;0.49964;2
732.66400;65.65083;      -0.79817; 50.16809;80.00000;20.00000;0.49959;2
732.75800;65.65583;      -0.79943; 50.16616;80.00000;20.00000;0.49954;2
732.86401;65.66083;      -0.79967; 50.16327;80.00000;20.00000;0.49948;2
732.96198;65.66583;      -0.79931; 50.16134;80.00000;20.00000;0.49943;2
733.06598;65.67083;      -0.79940; 50.16038;80.00000;20.00000;0.49937;2
733.16199;65.67583;      -0.79889; 50.16134;80.00000;20.00000;0.49932;2
733.26501;65.68083;      -0.79868; 50.16134;80.00000;20.00000;0.49927;2
733.35797;65.68583;      -0.79950; 50.16038;80.00000;20.00000;0.49922;2
733.46997;65.69083;      -0.80062; 50.15942;80.00000;20.00000;0.49916;2
733.56097;65.69583;      -0.80085; 50.15845;80.00000;20.00000;0.49911;2
733.65997;65.70083;      -0.80064; 50.15653;80.00000;20.00000;0.49906;2
733.76398;65.70583;      -0.80073; 50.15557;80.00000;20.00000;0.49900;2
733.84601;65.71083;      -0.80050; 50.15460;80.00000;20.00000;0.49896;2
733.95203;65.71583;      -0.80015; 50.15364;80.00000;20.00000;0.49891;2
734.04999;65.72083;      -0.80023; 50.15171;80.00000;20.00000;0.49885;2
734.14801;65.72583;      -0.80061; 50.15075;80.00000;20.00000;0.49880;2
734.25000;65.73083;      -0.80085; 50.15075;80.00000;20.00000;0.49875;2
734.34302;65.73583;      -0.80107; 50.14979;80.00000;20.00000;0.49870;2
734.44800;65.74083;      -0.80160; 50.14882;80.00000;20.00000;0.49864;2
734.54901;65.74583;      -0.80213; 50.14690;80.00000;20.00000;0.49859;2
734.64398;65.75083;      -0.80266; 50.14593;80.00000;20.00000;0.49854;2
734.74298;65.75583;      -0.80318; 50.14208;80.00000;20.00000;0.49849;2
734.84802;65.76083;      -0.80298; 50.14015;80.00000;20.00000;0.49843;2
734.94397;65.76583;      -0.80291; 50.13823;80.00000;20.00000;0.49838;2
735.04602;65.77083;      -0.80300; 50.13630;80.00000;20.00000;0.49833;2
735.14301;65.77583;      -0.80323; 50.13437;80.00000;20.00000;0.49827;2
735.24500;65.78083;      -0.80332; 50.13245;80.00000;20.00000;0.49822;2
735.33899;65.78583;      -0.80399; 50.13052;80.00000;20.00000;0.49817;2
735.44202;65.79083;      -0.80437; 50.12859;80.00000;20.00000;0.49812;2
735.53601;65.79583;      -0.80445; 50.12763;80.00000;20.00000;0.49807;2
735.64502;65.80083;      -0.80484; 50.12763;80.00000;20.00000;0.49801;2
735.74500;65.80583;      -0.80389; 50.12667;80.00000;20.00000;0.49795;2
735.84302;65.81083;      -0.80412; 50.12667;80.00000;20.00000;0.49790;2
735.94000;65.81583;      -0.80494; 50.12570;80.00000;20.00000;0.49785;2
736.04901;65.82083;      -0.80592; 50.12474;80.00000;20.00000;0.49779;2
736.13800;65.82583;      -0.80659; 50.12378;80.00000;20.00000;0.49775;2
736.24298;65.83083;      -0.80653; 50.12281;80.00000;20.00000;0.49769;2
736.34198;65.83583;      -0.80691; 50.12185;80.00000;20.00000;0.49764;2
736.44397;65.84083;      -0.80685; 50.12089;80.00000;20.00000;0.49758;2
736.54303;65.84583;      -0.80620; 50.12089;80.00000;20.00000;0.49753;2
736.63501;65.85083;      -0.80598; 50.12185;80.00000;20.00000;0.49748;2
736.74103;65.85583;      -0.80622; 50.12089;80.00000;20.00000;0.49743;2
736.85101;65.86083;      -0.80632; 50.11992;80.00000;20.00000;0.49737;2
736.94397;65.86583;      -0.80654; 50.11992;80.00000;20.00000;0.49732;2
737.04797;65.87083;      -0.80678; 50.11992;80.00000;20.00000;0.49726;2
737.14697;65.87583;      -0.80849; 50.11896;80.00000;20.00000;0.49721;2
737.23602;65.88083;      -0.80887; 50.11896;80.00000;20.00000;0.49716;2
737.34100;65.88583;      -0.80836; 50.11800;80.00000;20.00000;0.49711;2
737.44800;65.89083;      -0.80816; 50.11800;80.00000;20.00000;0.49705;2
737.54303;65.89583;      -0.80780; 50.11800;80.00000;20.00000;0.49700;2
737.64801;65.90083;      -0.80819; 50.11704;80.00000;20.00000;0.49695;2
737.74298;65.90583;      -0.80842; 50.11415;80.00000;20.00000;0.49690;2
737.84198;65.91083;      -0.80850; 50.11126;80.00000;20.00000;0.49684;2
737.94202;65.91583;      -0.80814; 50.10837;80.00000;20.00000;0.49679;2
738.03900;65.92083;      -0.80808; 50.10644;80.00000;20.00000;0.49674;2
738.13702;65.92583;      -0.80816; 50.10259;80.00000;20.00000;0.49669;2
738.23602;65.93083;      -0.80854; 50.10162;80.00000;20.00000;0.49663;2
738.32898;65.93583;      -0.80833; 50.10066;80.00000;20.00000;0.49658;2
738.43201;65.94083;      -0.80783; 50.10066;80.00000;20.00000;0.49653;2
738.53601;65.94583;      -0.80747; 50.09970;80.00000;20.00000;0.49648;2
738.62903;65.95083;      -0.80740; 50.09777;80.00000;20.00000;0.49643;2
738.73297;65.95583;      -0.80794; 50.09584;80.00000;20.00000;0.49637;2
738.83600;65.96083;      -0.80817; 50.09392;80.00000;20.00000;0.49632;2
738.92200;65.96583;      -0.80840; 50.08910;80.00000;20.00000;0.49627;2
739.03400;65.97083;      -0.80864; 50.08621;80.00000;20.00000;0.49621;2
739.12799;65.97583;      -0.80872; 50.08428;80.00000;20.00000;0.49616;2
739.23401;65.98083;      -0.80911; 50.08236;80.00000;20.00000;0.49611;2
739.32501;65.98583;      -0.80904; 50.08139;80.00000;20.00000;0.49606;2
739.41998;65.99083;      -0.80898; 50.08139;80.00000;20.00000;0.49601;2
739.52502;65.99583;      -0.80936; 50.08236;80.00000;20.00000;0.49595;2
739.62500;66.00083;      -0.80945; 50.08139;80.00000;20.00000;0.49590;2
739.72400;66.00583;      -0.80939; 50.08043;80.00000;20.00000;0.49585;2
739.82202;66.01083;      -0.80977; 50.08043;80.00000;20.00000;0.49579;2
739.92297;66.01583;      -0.81015; 50.07947;80.00000;20.00000;0.49574;2
740.01801;66.02083;      -0.81023; 50.07851;80.00000;20.00000;0.49569;2
740.12799;66.02583;      -0.81063; 50.07754;80.00000;20.00000;0.49563;2
740.22699;66.03083;      -0.81041; 50.07658;80.00000;20.00000;0.49558;2
740.32202;66.03583;      -0.81020; 50.07562;80.00000;20.00000;0.49553;2
740.42102;66.04083;      -0.81029; 50.07465;80.00000;20.00000;0.49548;2
740.51898;66.04583;      -0.81082; 50.07369;80.00000;20.00000;0.49542;2
740.62701;66.05083;      -0.81121; 50.07273;80.00000;20.00000;0.49537;2
740.71899;66.05583;      -0.81218; 50.07176;80.00000;20.00000;0.49532;2
740.81500;66.06083;      -0.81256; 50.07080;80.00000;20.00000;0.49527;2
740.92401;66.06583;      -0.81250; 50.06984;80.00000;20.00000;0.49521;2
741.01099;66.07083;      -0.81273; 50.06791;80.00000;20.00000;0.49516;2
741.11902;66.07583;      -0.81282; 50.06598;80.00000;20.00000;0.49511;2
741.21600;66.08083;      -0.81216; 50.06502;80.00000;20.00000;0.49506;2
741.31500;66.08583;      -0.81166; 50.06309;80.00000;20.00000;0.49500;2
741.42798;66.09083;      -0.81190; 50.06117;80.00000;20.00000;0.49494;2
741.52502;66.09583;      -0.81184; 50.05635;80.00000;20.00000;0.49489;2
741.62097;66.10083;      -0.81177; 50.05442;80.00000;20.00000;0.49484;2
741.71399;66.10583;      -0.81185; 50.05153;80.00000;20.00000;0.49479;2
741.82202;66.11083;      -0.81210; 50.04864;80.00000;20.00000;0.49473;2
741.91803;66.11583;      -0.81233; 50.04672;80.00000;20.00000;0.49468;2
742.01501;66.12083;      -0.81226; 50.04575;80.00000;20.00000;0.49463;2
742.11102;66.12583;      -0.81190; 50.04672;80.00000;20.00000;0.49458;2
742.22302;66.13083;      -0.81185; 50.04768;80.00000;20.00000;0.49452;2
742.31500;66.13583;      -0.81193; 50.04768;80.00000;20.00000;0.49447;2
742.40900;66.14083;      -0.81216; 50.04961;80.00000;20.00000;0.49442;2
742.51001;66.14583;      -0.81240; 50.04961;80.00000;20.00000;0.49437;2
742.61102;66.15083;      -0.81278; 50.04961;80.00000;20.00000;0.49432;2
742.71600;66.15583;      -0.81287; 50.04961;80.00000;20.00000;0.49426;2
742.81403;66.16083;      -0.81251; 50.04864;80.00000;20.00000;0.49421;2
742.91101;66.16583;      -0.81260; 50.04286;80.00000;20.00000;0.49416;2
743.00800;66.17083;      -0.81283; 50.04094;80.00000;20.00000;0.49411;2
743.11902;66.17583;      -0.81278; 50.03997;80.00000;20.00000;0.49405;2
743.21198;66.18083;      -0.81256; 50.03805;80.00000;20.00000;0.49400;2
743.31000;66.18583;      -0.81250; 50.03805;80.00000;20.00000;0.49395;2
743.40802;66.19083;      -0.81273; 50.03709;80.00000;20.00000;0.49389;2
743.50897;66.19583;      -0.81327; 50.03709;80.00000;20.00000;0.49384;2
743.61499;66.20083;      -0.81396; 50.03516;80.00000;20.00000;0.49378;2
743.70801;66.20583;      -0.81404; 50.03420;80.00000;20.00000;0.49373;2
743.81201;66.21083;      -0.81428; 50.03323;80.00000;20.00000;0.49368;2
743.90100;66.21583;      -0.81421; 50.03323;80.00000;20.00000;0.49363;2
744.00098;66.22083;      -0.81400; 50.03227;80.00000;20.00000;0.49358;2
744.10901;66.22583;      -0.81454; 50.03034;80.00000;20.00000;0.49352;2
744.21198;66.23083;      -0.81463; 50.02938;80.00000;20.00000;0.49347;2
744.29999;66.23583;      -0.81455; 50.02842;80.00000;20.00000;0.49342;2
744.40802;66.24083;      -0.81435; 50.02649;80.00000;20.00000;0.49336;2
744.51202;66.24583;      -0.81444; 50.02649;80.00000;20.00000;0.49331;2
744.60400;66.25083;      -0.81452; 50.02553;80.00000;20.00000;0.49326;2
744.71002;66.25583;      -0.81462; 50.02456;80.00000;20.00000;0.49320;2
744.80902;66.26083;      -0.81500; 50.02264;80.00000;20.00000;0.49315;2
744.90302;66.26583;      -0.81508; 50.01686;80.00000;20.00000;0.49310;2
745.00598;66.27083;      -0.81517; 50.01300;80.00000;20.00000;0.49305;2
745.11298;66.27583;      -0.81527; 50.01011;80.00000;20.00000;0.49299;2
745.20599;66.28083;      -0.81565; 50.00722;80.00000;20.00000;0.49294;2
745.30499;66.28583;      -0.81573; 50.00626;80.00000;20.00000;0.49289;2
745.39899;66.29083;      -0.81447; 50.00530;80.00000;20.00000;0.49284;2
745.50098;66.29583;      -0.81471; 50.00530;80.00000;20.00000;0.49278;2
745.60699;66.30083;      -0.81466; 50.00722;80.00000;20.00000;0.49273;2
745.70001;66.30583;      -0.81518; 50.00722;80.00000;20.00000;0.49268;2
745.80103;66.31083;      -0.81572; 50.00819;80.00000;20.00000;0.49263;2
745.90997;66.31583;      -0.81611; 50.00722;80.00000;20.00000;0.49257;2
746.00702;66.32083;      -0.81635; 50.00626;80.00000;20.00000;0.49252;2
746.10602;66.32583;      -0.81673; 50.00626;80.00000;20.00000;0.49246;2
746.20300;66.33083;      -0.81667; 50.00530;80.00000;20.00000;0.49241;2
746.30402;66.33583;      -0.81646; 50.00433;80.00000;20.00000;0.49236;2
746.40100;66.34083;      -0.81669; 50.00337;80.00000;20.00000;0.49231;2
746.49799;66.34583;      -0.81648; 50.00241;80.00000;20.00000;0.49226;2
746.59698;66.35083;      -0.81657; 50.00144;80.00000;20.00000;0.49220;2
746.70001;66.35583;      -0.81681; 50.00144;80.00000;20.00000;0.49215;2
746.79303;66.36083;      -0.81704; 50.00144;80.00000;20.00000;0.49210;2
746.89502;66.36583;      -0.81728; 50.00241;80.00000;20.00000;0.49205;2
747.00403;66.37083;      -0.81737; 50.00241;80.00000;20.00000;0.49199;2
747.09601;66.37583;      -0.81760; 50.00144;80.00000;20.00000;0.49194;2
747.19000;66.38083;      -0.81724; 50.00048;80.00000;20.00000;0.49189;2
747.29303;66.38583;      -0.81733; 49.99952;80.00000;20.00000;0.49184;2
747.39301;66.39083;      -0.81712; 49.99856;80.00000;20.00000;0.49178;2
747.49701;66.39583;      -0.81736; 49.99663;80.00000;20.00000;0.49173;2
747.59601;66.40083;      -0.81745; 49.99470;80.00000;20.00000;0.49168;2
747.69897;66.40583;      -0.81769; 49.99374;80.00000;20.00000;0.49162;2
747.79303;66.41083;      -0.81747; 49.99278;80.00000;20.00000;0.49157;2
747.89502;66.41583;      -0.81756; 49.99085;80.00000;20.00000;0.49152;2
747.99298;66.42083;      -0.81825; 49.99085;80.00000;20.00000;0.49147;2
748.09399;66.42583;      -0.81893; 49.98892;80.00000;20.00000;0.49141;2
748.19397;66.43083;      -0.81947; 49.98796;80.00000;20.00000;0.49136;2
748.28900;66.43583;      -0.81970; 49.98700;80.00000;20.00000;0.49131;2
748.38300;66.44083;      -0.81994; 49.98603;80.00000;20.00000;0.49126;2
748.48999;66.44583;      -0.81988; 49.98411;80.00000;20.00000;0.49120;2
748.58502;66.45083;      -0.82056; 49.98411;80.00000;20.00000;0.49115;2
748.69299;66.45583;      -0.82096; 49.98218;80.00000;20.00000;0.49109;2
748.78998;66.46083;      -0.82119; 49.98025;80.00000;20.00000;0.49104;2
748.89697;66.46583;      -0.82099; 49.97929;80.00000;20.00000;0.49099;2
748.98798;66.47083;      -0.82092; 49.97736;80.00000;20.00000;0.49094;2
749.08301;66.47583;      -0.82041; 49.97640;80.00000;20.00000;0.49089;2
749.18903;66.48083;      -0.82110; 49.97447;80.00000;20.00000;0.49083;2
749.29401;66.48583;      -0.82149; 49.97255;80.00000;20.00000;0.49078;2
749.39099;66.49083;      -0.82143; 49.97255;80.00000;20.00000;0.49072;2
749.48798;66.49583;      -0.82211; 49.97062;80.00000;20.00000;0.49067;2
749.58600;66.50083;      -0.82265; 49.96966;80.00000;20.00000;0.49062;2
749.69397;66.50583;      -0.82304; 49.96773;80.00000;20.00000;0.49056;2
749.79199;66.51083;      -0.82298; 49.96677;80.00000;20.00000;0.49051;2
749.87701;66.51583;      -0.82321; 49.96580;80.00000;20.00000;0.49047;2
749.98798;66.52083;      -0.82286; 49.96388;80.00000;20.00000;0.49041;2
750.09302;66.52583;      -0.82280; 49.96195;80.00000;20.00000;0.49035;2
750.19299;66.53083;      -0.82319; 49.95617;80.00000;20.00000;0.49030;2
750.29199;66.53583;      -0.82417; 49.95328;80.00000;20.00000;0.49025;2
750.37903;66.54083;      -0.82575; 49.94943;80.00000;20.00000;0.49020;2
750.48602;66.54583;      -0.82675; 49.94750;80.00000;20.00000;0.49014;2
750.58398;66.55083;      -0.82713; 49.94461;80.00000;20.00000;0.49009;2
750.67700;66.55583;      -0.82692; 49.94269;80.00000;20.00000;0.49004;2
750.78198;66.56083;      -0.82701; 49.94172;80.00000;20.00000;0.48999;2
750.88300;66.56583;      -0.82680; 49.94172;80.00000;20.00000;0.48993;2
750.98199;66.57083;      -0.82629; 49.94172;80.00000;20.00000;0.48988;2
751.08099;66.57583;      -0.82623; 49.94076;80.00000;20.00000;0.48983;2
751.17401;66.58083;      -0.82601; 49.93883;80.00000;20.00000;0.48978;2
751.28198;66.58583;      -0.82611; 49.93787;80.00000;20.00000;0.48972;2
751.37701;66.59083;      -0.82634; 49.93594;80.00000;20.00000;0.48967;2
751.47601;66.59583;      -0.82703; 49.93498;80.00000;20.00000;0.48962;2
751.57800;66.60083;      -0.82712; 49.93305;80.00000;20.00000;0.48957;2
751.67798;66.60583;      -0.82706; 49.93209;80.00000;20.00000;0.48951;2
751.78003;66.61083;      -0.82730; 49.93016;80.00000;20.00000;0.48946;2
751.88202;66.61583;      -0.82709; 49.93016;80.00000;20.00000;0.48941;2
751.97198;66.62083;      -0.82687; 49.92920;80.00000;20.00000;0.48936;2
752.08099;66.62583;      -0.82727; 49.92920;80.00000;20.00000;0.48930;2
752.18103;66.63083;      -0.82796; 49.92920;80.00000;20.00000;0.48925;2
752.28802;66.63583;      -0.82851; 49.92824;80.00000;20.00000;0.48919;2
752.38000;66.64083;      -0.82859; 49.92824;80.00000;20.00000;0.48914;2
752.47498;66.64583;      -0.82853; 49.92727;80.00000;20.00000;0.48909;2
752.57703;66.65083;      -0.82877; 49.92631;80.00000;20.00000;0.48904;2
752.68103;66.65583;      -0.82901; 49.92246;80.00000;20.00000;0.48898;2
752.78900;66.66083;      -0.82956; 49.92053;80.00000;20.00000;0.48893;2
752.88202;66.66583;      -0.82994; 49.91957;80.00000;20.00000;0.48888;2
752.98102;66.67083;      -0.83018; 49.91861;80.00000;20.00000;0.48882;2
753.07202;66.67583;      -0.83087; 49.91764;80.00000;20.00000;0.48878;2
753.17798;66.68083;      -0.83111; 49.91572;80.00000;20.00000;0.48872;2
753.28003;66.68583;      -0.83105; 49.91475;80.00000;20.00000;0.48867;2
753.38202;66.69083;      -0.83115; 49.91379;80.00000;20.00000;0.48861;2
753.47998;66.69583;      -0.83184; 49.91283;80.00000;20.00000;0.48856;2
753.57703;66.70083;      -0.83237; 49.91186;80.00000;20.00000;0.48851;2
753.67603;66.70583;      -0.83291; 49.91186;80.00000;20.00000;0.48846;2
753.78198;66.71083;      -0.83361; 49.91090;80.00000;20.00000;0.48840;2
753.87903;66.71583;      -0.83385; 49.91090;80.00000;20.00000;0.48835;2
753.97900;66.72083;      -0.83394; 49.90994;80.00000;20.00000;0.48830;2
754.07800;66.72583;      -0.83373; 49.90897;80.00000;20.00000;0.48824;2
754.17700;66.73083;      -0.83382; 49.90897;80.00000;20.00000;0.48819;2
754.28900;66.73583;      -0.83437; 49.90801;80.00000;20.00000;0.48813;2
754.37799;66.74083;      -0.83490; 49.90705;80.00000;20.00000;0.48808;2
754.47198;66.74583;      -0.83529; 49.90705;80.00000;20.00000;0.48804;2
754.57300;66.75083;      -0.83508; 49.90608;80.00000;20.00000;0.48798;2
754.67200;66.75583;      -0.83517; 49.90608;80.00000;20.00000;0.48793;2
754.77100;66.76083;      -0.83601; 49.90608;80.00000;20.00000;0.48788;2
754.87402;66.76583;      -0.83656; 49.90512;80.00000;20.00000;0.48782;2
754.97101;66.77083;      -0.83650; 49.90512;80.00000;20.00000;0.48777;2
755.07703;66.77583;      -0.83644; 49.90512;80.00000;20.00000;0.48771;2
755.17603;66.78083;      -0.83638; 49.90608;80.00000;20.00000;0.48766;2
755.27899;66.78583;      -0.83678; 49.90608;80.00000;20.00000;0.48761;2
755.37201;66.79083;      -0.83701; 49.90608;80.00000;20.00000;0.48756;2
755.47198;66.79583;      -0.83740; 49.90608;80.00000;20.00000;0.48751;2
755.57501;66.80083;      -0.83719; 49.90030;80.00000;20.00000;0.48745;2
755.67200;66.80583;      -0.83743; 49.89741;80.00000;20.00000;0.48740;2
755.77698;66.81083;      -0.83798; 49.89549;80.00000;20.00000;0.48734;2
755.87097;66.81583;      -0.83777; 49.89260;80.00000;20.00000;0.48729;2
755.96399;66.82083;      -0.83800; 49.88971;80.00000;20.00000;0.48725;2
756.07001;66.82583;      -0.83795; 49.88971;80.00000;20.00000;0.48719;2
756.16998;66.83083;      -0.83758; 49.88971;80.00000;20.00000;0.48714;2
756.26300;66.83583;      -0.83737; 49.88971;80.00000;20.00000;0.48709;2
756.37701;66.84083;      -0.83732; 49.88874;80.00000;20.00000;0.48703;2
756.46600;66.84583;      -0.83725; 49.88778;80.00000;20.00000;0.48698;2
756.56500;66.85083;      -0.83779; 49.88682;80.00000;20.00000;0.48693;2
756.66400;66.85583;      -0.83803; 49.88489;80.00000;20.00000;0.48688;2
756.76898;66.86083;      -0.83858; 49.88200;80.00000;20.00000;0.48682;2
756.86700;66.86583;      -0.83928; 49.88008;80.00000;20.00000;0.48677;2
756.96002;66.87083;      -0.83936; 49.87815;80.00000;20.00000;0.48672;2
757.07397;66.87583;      -0.83962; 49.87622;80.00000;20.00000;0.48666;2
757.16602;66.88083;      -0.83985; 49.87430;80.00000;20.00000;0.48661;2
757.27002;66.88583;      -0.84025; 49.87237;80.00000;20.00000;0.48655;2
757.36401;66.89083;      -0.84049; 49.87044;80.00000;20.00000;0.48650;2
757.46002;66.89583;      -0.84042; 49.86948;80.00000;20.00000;0.48645;2
757.56403;66.90083;      -0.84082; 49.86755;80.00000;20.00000;0.48640;2
757.66901;66.90583;      -0.84137; 49.86466;80.00000;20.00000;0.48634;2
757.76398;66.91083;      -0.84191; 49.86370;80.00000;20.00000;0.48629;2
757.86499;66.91583;      -0.84230; 49.86177;80.00000;20.00000;0.48624;2
757.96198;66.92083;      -0.84179; 49.85792;80.00000;20.00000;0.48619;2
758.07202;66.92583;      -0.84189; 49.85599;80.00000;20.00000;0.48613;2
758.16199;66.93083;      -0.84242; 49.85310;80.00000;20.00000;0.48608;2
758.25800;66.93583;      -0.84312; 49.85118;80.00000;20.00000;0.48603;2
758.37097;66.94083;      -0.84383; 49.84925;80.00000;20.00000;0.48597;2
758.46301;66.94583;      -0.84421; 49.84732;80.00000;20.00000;0.48592;2
758.56097;66.95083;      -0.84476; 49.84540;80.00000;20.00000;0.48587;2
758.65601;66.95583;      -0.84439; 49.83769;80.00000;20.00000;0.48582;2
758.76099;66.96083;      -0.84449; 49.83288;80.00000;20.00000;0.48577;2
758.86401;66.96583;      -0.84504; 49.82710;80.00000;20.00000;0.48571;2
758.95898;66.97083;      -0.84543; 49.82228;80.00000;20.00000;0.48566;2
759.05603;66.97583;      -0.84567; 49.82035;80.00000;20.00000;0.48561;2
759.15601;66.98083;      -0.84576; 49.82132;80.00000;20.00000;0.48556;2
759.25897;66.98583;      -0.84555; 49.82421;80.00000;20.00000;0.48550;2
759.36401;66.99083;      -0.84565; 49.82517;80.00000;20.00000;0.48545;2
759.46002;66.99583;      -0.84619; 49.82613;80.00000;20.00000;0.48540;2
759.56500;67.00083;      -0.84659; 49.82710;80.00000;20.00000;0.48534;2
759.66199;67.00583;      -0.84668; 49.82902;80.00000;20.00000;0.48529;2
759.75598;67.01083;      -0.84707; 49.82999;80.00000;20.00000;0.48524;2
759.86200;67.01583;      -0.84747; 49.82999;80.00000;20.00000;0.48518;2
759.96198;67.02083;      -0.84832; 49.82902;80.00000;20.00000;0.48513;2
760.05701;67.02583;      -0.84917; 49.82902;80.00000;20.00000;0.48508;2
760.16400;67.03083;      -0.84957; 49.82999;80.00000;20.00000;0.48502;2
760.25702;67.03583;      -0.84996; 49.82999;80.00000;20.00000;0.48497;2
760.35498;67.04083;      -0.84974; 49.82902;80.00000;20.00000;0.48492;2
760.45300;67.04583;      -0.84984; 49.82902;80.00000;20.00000;0.48487;2
760.56598;67.05083;      -0.84979; 49.82806;80.00000;20.00000;0.48481;2
760.65900;67.05583;      -0.84927; 49.82806;80.00000;20.00000;0.48476;2
760.76398;67.06083;      -0.84921; 49.82517;80.00000;20.00000;0.48471;2
760.85602;67.06583;      -0.84945; 49.82421;80.00000;20.00000;0.48466;2
760.96301;67.07083;      -0.84955; 49.82324;80.00000;20.00000;0.48460;2
761.05603;67.07583;      -0.85100; 49.82132;80.00000;20.00000;0.48455;2
761.15900;67.08083;      -0.85216; 49.81746;80.00000;20.00000;0.48450;2
761.26801;67.08583;      -0.85302; 49.81361;80.00000;20.00000;0.48444;2
761.35797;67.09083;      -0.85341; 49.81168;80.00000;20.00000;0.48439;2
761.45697;67.09583;      -0.85335; 49.80976;80.00000;20.00000;0.48434;2
761.55499;67.10083;      -0.85389; 49.80879;80.00000;20.00000;0.48429;2
761.66199;67.10583;      -0.85399; 49.80687;80.00000;20.00000;0.48423;2
761.74902;67.11083;      -0.85392; 49.80494;80.00000;20.00000;0.48419;2
761.85999;67.11583;      -0.85357; 49.80398;80.00000;20.00000;0.48413;2
761.94702;67.12083;      -0.85320; 49.80205;80.00000;20.00000;0.48408;2
762.05499;67.12583;      -0.85421; 49.80109;80.00000;20.00000;0.48402;2
762.15100;67.13083;      -0.85490; 49.80013;80.00000;20.00000;0.48397;2
762.25201;67.13583;      -0.85515; 49.79820;80.00000;20.00000;0.48392;2
762.35303;67.14083;      -0.85479; 49.79724;80.00000;20.00000;0.48387;2
762.45801;67.14583;      -0.85534; 49.79338;80.00000;20.00000;0.48381;2
762.55402;67.15083;      -0.85452; 49.79049;80.00000;20.00000;0.48376;2
762.65302;67.15583;      -0.85416; 49.78857;80.00000;20.00000;0.48371;2
762.74902;67.16083;      -0.85440; 49.78760;80.00000;20.00000;0.48366;2
762.85303;67.16583;      -0.85495; 49.78664;80.00000;20.00000;0.48360;2
762.96002;67.17083;      -0.85551; 49.78471;80.00000;20.00000;0.48354;2
763.04797;67.17583;      -0.85635; 49.78375;80.00000;20.00000;0.48350;2
763.16101;67.18083;      -0.85676; 49.78182;80.00000;20.00000;0.48344;2
763.25598;67.18583;      -0.85685; 49.77990;80.00000;20.00000;0.48339;2
763.35303;67.19083;      -0.85725; 49.77508;80.00000;20.00000;0.48334;2
763.45099;67.19583;      -0.85855; 49.77219;80.00000;20.00000;0.48329;2
763.55200;67.20083;      -0.85910; 49.76930;80.00000;20.00000;0.48323;2
763.65100;67.20583;      -0.85905; 49.76641;80.00000;20.00000;0.48318;2
763.74799;67.21083;      -0.85929; 49.76448;80.00000;20.00000;0.48313;2
763.84100;67.21583;      -0.85938; 49.76352;80.00000;20.00000;0.48308;2
763.95099;67.22083;      -0.86009; 49.76448;80.00000;20.00000;0.48302;2
764.04401;67.22583;      -0.86078; 49.76448;80.00000;20.00000;0.48297;2
764.14801;67.23083;      -0.86164; 49.76352;80.00000;20.00000;0.48292;2
764.24799;67.23583;      -0.86235; 49.76160;80.00000;20.00000;0.48286;2
764.35101;67.24083;      -0.86275; 49.76063;80.00000;20.00000;0.48281;2
764.44800;67.24583;      -0.86284; 49.75967;80.00000;20.00000;0.48276;2
764.54700;67.25083;      -0.86278; 49.75774;80.00000;20.00000;0.48271;2
764.64099;67.25583;      -0.86211; 49.75678;80.00000;20.00000;0.48266;2
764.75299;67.26083;      -0.86252; 49.75485;80.00000;20.00000;0.48260;2
764.84497;67.26583;      -0.86382; 49.75293;80.00000;20.00000;0.48255;2
764.93903;67.27083;      -0.86407; 49.75100;80.00000;20.00000;0.48250;2
765.03998;67.27583;      -0.86416; 49.75004;80.00000;20.00000;0.48245;2
765.14301;67.28083;      -0.86411; 49.74811;80.00000;20.00000;0.48239;2
765.25403;67.28583;      -0.86452; 49.74715;80.00000;20.00000;0.48233;2
765.34302;67.29083;      -0.86506; 49.74329;80.00000;20.00000;0.48228;2
765.43799;67.29583;      -0.86591; 49.74137;80.00000;20.00000;0.48223;2
765.53998;67.30083;      -0.86753; 49.73944;80.00000;20.00000;0.48218;2
765.64600;67.30583;      -0.86839; 49.73848;80.00000;20.00000;0.48212;2
765.74103;67.31083;      -0.86894; 49.73655;80.00000;20.00000;0.48207;2
765.84302;67.31583;      -0.86950; 49.73462;80.00000;20.00000;0.48202;2
765.94501;67.32083;      -0.86990; 49.73366;80.00000;20.00000;0.48197;2
766.04498;67.32583;      -0.86969; 49.73173;80.00000;20.00000;0.48191;2
766.14001;67.33083;      -0.86963; 49.73077;80.00000;20.00000;0.48186;2
766.23798;67.33583;      -0.86957; 49.72884;80.00000;20.00000;0.48181;2
766.34100;67.34083;      -0.87028; 49.72788;80.00000;20.00000;0.48176;2
766.43701;67.34583;      -0.87174; 49.72595;80.00000;20.00000;0.48171;2
766.53802;67.35083;      -0.87275; 49.72499;80.00000;20.00000;0.48165;2
766.64001;67.35583;      -0.87331; 49.72307;80.00000;20.00000;0.48160;2
766.73798;67.36083;      -0.87340; 49.72210;80.00000;20.00000;0.48155;2
766.84399;67.36583;      -0.87381; 49.72018;80.00000;20.00000;0.48149;2
766.93701;67.37083;      -0.87420; 49.71536;80.00000;20.00000;0.48144;2
767.03699;67.37583;      -0.87552; 49.71054;80.00000;20.00000;0.48139;2
767.14502;67.38083;      -0.87578; 49.70669;80.00000;20.00000;0.48133;2
767.24103;67.38583;      -0.87602; 49.70284;80.00000;20.00000;0.48128;2
767.34100;67.39083;      -0.87642; 49.69995;80.00000;20.00000;0.48123;2
767.43903;67.39583;      -0.87759; 49.69995;80.00000;20.00000;0.48118;2
767.54303;67.40083;      -0.87830; 49.69995;80.00000;20.00000;0.48112;2
767.64301;67.40583;      -0.87885; 49.69802;80.00000;20.00000;0.48107;2
767.74103;67.41083;      -0.87880; 49.69609;80.00000;20.00000;0.48102;2
767.83197;67.41583;      -0.87888; 49.69320;80.00000;20.00000;0.48097;2
767.94098;67.42083;      -0.87884; 49.69128;80.00000;20.00000;0.48091;2
768.03998;67.42583;      -0.87893; 49.68935;80.00000;20.00000;0.48086;2
768.13397;67.43083;      -0.87948; 49.68742;80.00000;20.00000;0.48081;2
768.23700;67.43583;      -0.88050; 49.68839;80.00000;20.00000;0.48076;2
768.34802;67.44083;      -0.88152; 49.68935;80.00000;20.00000;0.48070;2
768.44202;67.44583;      -0.88223; 49.69031;80.00000;20.00000;0.48065;2
768.53900;67.45083;      -0.88263; 49.69031;80.00000;20.00000;0.48060;2
768.64001;67.45583;      -0.88318; 49.69031;80.00000;20.00000;0.48054;2
768.74103;67.46083;      -0.88374; 49.68935;80.00000;20.00000;0.48049;2
768.83600;67.46583;      -0.88414; 49.68935;80.00000;20.00000;0.48044;2
768.93201;67.47083;      -0.88438; 49.68453;80.00000;20.00000;0.48039;2
769.03497;67.47583;      -0.88494; 49.68261;80.00000;20.00000;0.48033;2
769.13300;67.48083;      -0.88534; 49.68165;80.00000;20.00000;0.48028;2
769.23499;67.48583;      -0.88590; 49.68165;80.00000;20.00000;0.48023;2
769.33197;67.49083;      -0.88615; 49.68068;80.00000;20.00000;0.48018;2
769.43701;67.49583;      -0.88702; 49.67876;80.00000;20.00000;0.48012;2
769.53900;67.50083;      -0.88773; 49.67779;80.00000;20.00000;0.48007;2
769.63898;67.50583;      -0.88844; 49.67683;80.00000;20.00000;0.48001;2
769.73297;67.51083;      -0.88869; 49.67587;80.00000;20.00000;0.47996;2
769.83698;67.51583;      -0.88971; 49.67394;80.00000;20.00000;0.47991;2
769.93701;67.52083;      -0.89026; 49.67105;80.00000;20.00000;0.47986;2
770.03400;67.52583;      -0.89051; 49.66912;80.00000;20.00000;0.47981;2
770.13000;67.53083;      -0.89106; 49.66816;80.00000;20.00000;0.47976;2
770.22803;67.53583;      -0.89177; 49.66720;80.00000;20.00000;0.47970;2
770.32800;67.54083;      -0.89218; 49.66527;80.00000;20.00000;0.47965;2
770.42200;67.54583;      -0.89288; 49.66431;80.00000;20.00000;0.47960;2
770.53101;67.55083;      -0.89314; 49.65756;80.00000;20.00000;0.47954;2
770.62299;67.55583;      -0.89385; 49.65178;80.00000;20.00000;0.47949;2
770.73700;67.56083;      -0.89503; 49.64697;80.00000;20.00000;0.47943;2
770.82898;67.56583;      -0.89589; 49.64312;80.00000;20.00000;0.47939;2
770.93500;67.57083;      -0.89584; 49.64215;80.00000;20.00000;0.47933;2
771.03497;67.57583;      -0.89594; 49.64215;80.00000;20.00000;0.47928;2
771.12799;67.58083;      -0.89588; 49.64312;80.00000;20.00000;0.47923;2
771.22998;67.58583;      -0.89613; 49.64312;80.00000;20.00000;0.47917;2
771.33502;67.59083;      -0.89746; 49.64408;80.00000;20.00000;0.47912;2
771.43103;67.59583;      -0.89787; 49.64408;80.00000;20.00000;0.47907;2
771.53302;67.60083;      -0.89858; 49.64312;80.00000;20.00000;0.47901;2
771.62903;67.60583;      -0.89883; 49.64215;80.00000;20.00000;0.47896;2
771.73297;67.61083;      -0.89924; 49.64023;80.00000;20.00000;0.47891;2
771.83301;67.61583;      -0.90087; 49.63926;80.00000;20.00000;0.47886;2
771.92700;67.62083;      -0.90173; 49.63830;80.00000;20.00000;0.47881;2
772.03302;67.62583;      -0.90184; 49.63637;80.00000;20.00000;0.47875;2
772.12701;67.63083;      -0.90193; 49.63252;80.00000;20.00000;0.47870;2
772.22803;67.63583;      -0.90234; 49.63059;80.00000;20.00000;0.47865;2
772.33899;67.64083;      -0.90291; 49.62867;80.00000;20.00000;0.47859;2
772.42999;67.64583;      -0.90438; 49.62481;80.00000;20.00000;0.47854;2
772.52899;67.65083;      -0.90525; 49.62096;80.00000;20.00000;0.47849;2
772.63202;67.65583;      -0.90628; 49.61903;80.00000;20.00000;0.47843;2
772.72900;67.66083;      -0.90637; 49.61711;80.00000;20.00000;0.47838;2
772.83099;67.66583;      -0.90694; 49.61422;80.00000;20.00000;0.47833;2
772.93201;67.67083;      -0.90796; 49.61229;80.00000;20.00000;0.47828;2
773.03302;67.67583;      -0.90775; 49.61036;80.00000;20.00000;0.47822;2
773.12299;67.68083;      -0.90769; 49.60940;80.00000;20.00000;0.47817;2
773.23499;67.68583;      -0.90749; 49.60844;80.00000;20.00000;0.47812;2
773.32898;67.69083;      -0.90774; 49.60940;80.00000;20.00000;0.47807;2
773.42700;67.69583;      -0.90784; 49.60747;80.00000;20.00000;0.47801;2
773.53003;67.70083;      -0.90856; 49.60747;80.00000;20.00000;0.47796;2
773.63098;67.70583;      -0.90912; 49.60651;80.00000;20.00000;0.47791;2
773.72601;67.71083;      -0.90937; 49.60555;80.00000;20.00000;0.47786;2
773.82599;67.71583;      -0.90993; 49.60362;80.00000;20.00000;0.47780;2
773.92603;67.72083;      -0.91096; 49.60266;80.00000;20.00000;0.47775;2
774.02899;67.72583;      -0.91168; 49.60073;80.00000;20.00000;0.47770;2
774.13000;67.73083;      -0.91208; 49.59977;80.00000;20.00000;0.47764;2
774.22699;67.73583;      -0.91218; 49.59881;80.00000;20.00000;0.47759;2
774.32501;67.74083;      -0.91213; 49.59784;80.00000;20.00000;0.47754;2
774.42700;67.74583;      -0.91315; 49.59688;80.00000;20.00000;0.47749;2
774.52100;67.75083;      -0.91402; 49.59399;80.00000;20.00000;0.47744;2
774.62201;67.75583;      -0.91412; 49.59303;80.00000;20.00000;0.47738;2
774.72498;67.76083;      -0.91407; 49.59303;80.00000;20.00000;0.47733;2
774.82397;67.76583;      -0.91463; 49.59206;80.00000;20.00000;0.47728;2
774.92401;67.77083;      -0.91566; 49.59014;80.00000;20.00000;0.47722;2
775.02301;67.77583;      -0.91607; 49.58821;80.00000;20.00000;0.47717;2
775.12598;67.78083;      -0.91602; 49.58725;80.00000;20.00000;0.47712;2
775.22101;67.78583;      -0.91580; 49.58339;80.00000;20.00000;0.47707;2
775.32098;67.79083;      -0.91591; 49.57858;80.00000;20.00000;0.47701;2
775.41699;67.79583;      -0.91631; 49.57569;80.00000;20.00000;0.47696;2
775.51501;67.80083;      -0.91764; 49.57183;80.00000;20.00000;0.47691;2
775.62097;67.80583;      -0.91852; 49.56894;80.00000;20.00000;0.47686;2
775.71899;67.81083;      -0.91908; 49.56606;80.00000;20.00000;0.47680;2
775.81897;67.81583;      -0.91980; 49.56702;80.00000;20.00000;0.47675;2
775.91498;67.82083;      -0.92052; 49.56606;80.00000;20.00000;0.47670;2
776.02100;67.82583;      -0.92124; 49.56413;80.00000;20.00000;0.47664;2
776.11499;67.83083;      -0.92211; 49.56317;80.00000;20.00000;0.47659;2
776.21301;67.83583;      -0.92344; 49.56028;80.00000;20.00000;0.47654;2
776.32202;67.84083;      -0.92494; 49.55835;80.00000;20.00000;0.47649;2
776.42798;67.84583;      -0.92536; 49.55739;80.00000;20.00000;0.47643;2
776.52301;67.85083;      -0.92530; 49.55642;80.00000;20.00000;0.47638;2
776.61401;67.85583;      -0.92570; 49.55450;80.00000;20.00000;0.47633;2
776.71198;67.86083;      -0.92565; 49.55353;80.00000;20.00000;0.47628;2
776.81097;67.86583;      -0.92606; 49.55257;80.00000;20.00000;0.47623;2
776.91602;67.87083;      -0.92632; 49.55161;80.00000;20.00000;0.47617;2
777.02002;67.87583;      -0.92766; 49.54968;80.00000;20.00000;0.47612;2
777.11798;67.88083;      -0.92838; 49.54294;80.00000;20.00000;0.47607;2
777.22400;67.88583;      -0.92849; 49.54197;80.00000;20.00000;0.47601;2
777.32501;67.89083;      -0.92921; 49.54005;80.00000;20.00000;0.47596;2
777.41803;67.89583;      -0.93085; 49.53716;80.00000;20.00000;0.47591;2
777.52197;67.90083;      -0.93127; 49.53427;80.00000;20.00000;0.47585;2
777.61603;67.90583;      -0.93168; 49.53234;80.00000;20.00000;0.47580;2
777.71198;67.91083;      -0.93208; 49.53041;80.00000;20.00000;0.47575;2
777.82202;67.91583;      -0.93282; 49.52849;80.00000;20.00000;0.47569;2
777.92999;67.92083;      -0.93277; 49.52752;80.00000;20.00000;0.47564;2
778.02100;67.92583;      -0.93256; 49.52560;80.00000;20.00000;0.47559;2
778.12000;67.93083;      -0.93282; 49.52367;80.00000;20.00000;0.47554;2
778.21802;67.93583;      -0.93353; 49.52271;80.00000;20.00000;0.47548;2
778.32098;67.94083;      -0.93472; 49.52271;80.00000;20.00000;0.47543;2
778.41498;67.94583;      -0.93559; 49.52271;80.00000;20.00000;0.47538;2
778.52002;67.95083;      -0.93617; 49.52078;80.00000;20.00000;0.47533;2
778.61499;67.95583;      -0.93704; 49.51982;80.00000;20.00000;0.47528;2
778.71503;67.96083;      -0.93761; 49.51789;80.00000;20.00000;0.47522;2
778.81403;67.96583;      -0.93833; 49.51597;80.00000;20.00000;0.47517;2
778.91998;67.97083;      -0.93875; 49.51308;80.00000;20.00000;0.47511;2
779.01599;67.97583;      -0.93931; 49.51211;80.00000;20.00000;0.47506;2
779.12000;67.98083;      -0.94004; 49.50826;80.00000;20.00000;0.47501;2
779.21503;67.98583;      -0.94060; 49.50248;80.00000;20.00000;0.47496;2
779.32098;67.99083;      -0.94056; 49.49766;80.00000;20.00000;0.47490;2
779.42200;67.99583;      -0.94082; 49.49477;80.00000;20.00000;0.47485;2
779.51501;68.00083;      -0.94154; 49.49092;80.00000;20.00000;0.47480;2
779.61700;68.00583;      -0.94211; 49.48899;80.00000;20.00000;0.47475;2
779.71802;68.01083;      -0.94345; 49.48996;80.00000;20.00000;0.47469;2
779.81000;68.01583;      -0.94432; 49.48996;80.00000;20.00000;0.47464;2
779.91602;68.02083;      -0.94443; 49.49092;80.00000;20.00000;0.47459;2
780.01703;68.02583;      -0.94454; 49.48899;80.00000;20.00000;0.47454;2
780.12097;68.03083;      -0.94511; 49.48803;80.00000;20.00000;0.47448;2
780.21698;68.03583;      -0.94599; 49.48803;80.00000;20.00000;0.47443;2
780.31500;68.04083;      -0.94625; 49.48707;80.00000;20.00000;0.47438;2
780.41602;68.04583;      -0.94713; 49.48611;80.00000;20.00000;0.47432;2
780.52002;68.05083;      -0.94801; 49.48514;80.00000;20.00000;0.47427;2
780.61603;68.05583;      -0.94858; 49.48129;80.00000;20.00000;0.47422;2
780.71997;68.06083;      -0.94900; 49.47936;80.00000;20.00000;0.47416;2
780.80902;68.06583;      -0.95002; 49.47840;80.00000;20.00000;0.47412;2
780.90802;68.07083;      -0.95075; 49.47647;80.00000;20.00000;0.47407;2
781.01703;68.07583;      -0.95117; 49.47358;80.00000;20.00000;0.47401;2
781.11603;68.08083;      -0.95159; 49.47262;80.00000;20.00000;0.47396;2
781.21698;68.08583;      -0.95216; 49.47069;80.00000;20.00000;0.47390;2
781.31299;68.09083;      -0.95211; 49.47069;80.00000;20.00000;0.47385;2
781.41803;68.09583;      -0.95222; 49.46973;80.00000;20.00000;0.47380;2
781.52100;68.10083;      -0.95326; 49.46877;80.00000;20.00000;0.47374;2
781.61499;68.10583;      -0.95460; 49.46780;80.00000;20.00000;0.47369;2
781.71997;68.11083;      -0.95518; 49.46684;80.00000;20.00000;0.47364;2
781.81897;68.11583;      -0.95621; 49.46588;80.00000;20.00000;0.47358;2
781.91400;68.12083;      -0.95724; 49.46395;80.00000;20.00000;0.47353;2
782.01599;68.12583;      -0.95766; 49.46202;80.00000;20.00000;0.47348;2
782.11499;68.13083;      -0.95777; 49.46106;80.00000;20.00000;0.47343;2
782.21198;68.13583;      -0.95849; 49.45817;80.00000;20.00000;0.47338;2
782.31598;68.14083;      -0.95891; 49.45721;80.00000;20.00000;0.47332;2
782.41998;68.14583;      -0.95965; 49.45528;80.00000;20.00000;0.47327;2
782.52301;68.15083;      -0.96069; 49.45239;80.00000;20.00000;0.47321;2
782.61700;68.15583;      -0.96110; 49.45046;80.00000;20.00000;0.47316;2
782.72101;68.16083;      -0.96168; 49.44950;80.00000;20.00000;0.47311;2
782.81702;68.16583;      -0.96209; 49.44758;80.00000;20.00000;0.47306;2
782.91998;68.17083;      -0.96298; 49.44661;80.00000;20.00000;0.47300;2
783.01801;68.17583;      -0.96355; 49.44469;80.00000;20.00000;0.47295;2
783.11798;68.18083;      -0.96428; 49.44372;80.00000;20.00000;0.47290;2
783.22699;68.18583;      -0.96455; 49.44180;80.00000;20.00000;0.47284;2
783.32397;68.19083;      -0.96450; 49.43891;80.00000;20.00000;0.47279;2
783.42297;68.19583;      -0.96476; 49.43409;80.00000;20.00000;0.47274;2
783.52002;68.20083;      -0.96502; 49.43216;80.00000;20.00000;0.47269;2
783.62201;68.20583;      -0.96544; 49.42927;80.00000;20.00000;0.47263;2
783.71899;68.21083;      -0.96648; 49.42638;80.00000;20.00000;0.47258;2
783.81598;68.21583;      -0.96799; 49.42349;80.00000;20.00000;0.47253;2
783.92200;68.22083;      -0.96997; 49.42253;80.00000;20.00000;0.47248;2
784.02100;68.22583;      -0.97023; 49.42349;80.00000;20.00000;0.47242;2
784.11499;68.23083;      -0.97064; 49.42446;80.00000;20.00000;0.47237;2
784.21600;68.23583;      -0.97153; 49.42446;80.00000;20.00000;0.47232;2
784.31702;68.24083;      -0.97257; 49.42253;80.00000;20.00000;0.47227;2
784.41602;68.24583;      -0.97299; 49.42060;80.00000;20.00000;0.47222;2
784.51898;68.25083;      -0.97404; 49.41964;80.00000;20.00000;0.47216;2
784.61499;68.25583;      -0.97492; 49.41868;80.00000;20.00000;0.47211;2
784.71600;68.26083;      -0.97441; 49.41771;80.00000;20.00000;0.47206;2
784.81897;68.26583;      -0.97468; 49.41675;80.00000;20.00000;0.47200;2
784.91602;68.27083;      -0.97494; 49.41579;80.00000;20.00000;0.47195;2
785.01898;68.27583;      -0.97520; 49.41482;80.00000;20.00000;0.47190;2
785.11798;68.28083;      -0.97562; 49.41482;80.00000;20.00000;0.47185;2
785.22101;68.28583;      -0.97605; 49.41579;80.00000;20.00000;0.47179;2
785.31799;68.29083;      -0.97724; 49.41482;80.00000;20.00000;0.47174;2
785.42603;68.29583;      -0.97845; 49.41482;80.00000;20.00000;0.47168;2
785.52100;68.30083;      -0.97871; 49.41579;80.00000;20.00000;0.47163;2
785.62402;68.30583;      -0.97898; 49.41579;80.00000;20.00000;0.47158;2
785.72699;68.31083;      -0.98018; 49.41579;80.00000;20.00000;0.47152;2
785.82703;68.31583;      -0.98170; 49.41579;80.00000;20.00000;0.47147;2
785.92102;68.32083;      -0.98164; 49.41482;80.00000;20.00000;0.47142;2
786.02802;68.32583;      -0.98176; 49.41386;80.00000;20.00000;0.47137;2
786.11902;68.33083;      -0.98217; 49.41097;80.00000;20.00000;0.47132;2
786.22101;68.33583;      -0.98244; 49.41001;80.00000;20.00000;0.47126;2
786.33099;68.34083;      -0.98303; 49.40904;80.00000;20.00000;0.47121;2
786.41699;68.34583;      -0.98390; 49.40616;80.00000;20.00000;0.47116;2
786.50800;68.35083;      -0.98432; 49.40423;80.00000;20.00000;0.47111;2
786.61798;68.35583;      -0.98491; 49.40230;80.00000;20.00000;0.47105;2
786.71899;68.36083;      -0.98502; 49.40038;80.00000;20.00000;0.47100;2
786.81897;68.36583;      -0.98544; 49.40038;80.00000;20.00000;0.47095;2
786.91803;68.37083;      -0.98633; 49.39941;80.00000;20.00000;0.47090;2
787.01599;68.37583;      -0.98691; 49.39845;80.00000;20.00000;0.47084;2
787.12097;68.38083;      -0.98718; 49.39845;80.00000;20.00000;0.47079;2
787.21100;68.38583;      -0.98759; 49.39652;80.00000;20.00000;0.47074;2
787.31500;68.39083;      -0.98817; 49.39460;80.00000;20.00000;0.47069;2
787.41199;68.39583;      -0.98890; 49.39267;80.00000;20.00000;0.47064;2
787.51300;68.40083;      -0.98917; 49.39074;80.00000;20.00000;0.47058;2
787.61902;68.40583;      -0.98960; 49.38978;80.00000;20.00000;0.47053;2
787.71997;68.41083;      -0.99128; 49.38496;80.00000;20.00000;0.47047;2
787.81799;68.41583;      -0.99185; 49.38015;80.00000;20.00000;0.47042;2
787.91901;68.42083;      -0.99087; 49.37629;80.00000;20.00000;0.47037;2
788.01898;68.42583;      -0.99083; 49.37340;80.00000;20.00000;0.47032;2
788.12097;68.43083;      -0.99141; 49.37051;80.00000;20.00000;0.47026;2
788.21399;68.43583;      -0.99214; 49.36955;80.00000;20.00000;0.47021;2
788.31799;68.44083;      -0.99241; 49.37051;80.00000;20.00000;0.47016;2
788.42499;68.44583;      -0.99456; 49.37051;80.00000;20.00000;0.47010;2
788.51801;68.45083;      -0.99576; 49.37051;80.00000;20.00000;0.47005;2
788.61700;68.45583;      -0.99618; 49.37051;80.00000;20.00000;0.47000;2
788.72498;68.46083;      -0.99599; 49.36859;80.00000;20.00000;0.46994;2
788.81500;68.46583;      -0.99547; 49.36763;80.00000;20.00000;0.46990;2
788.92200;68.47083;      -0.99684; 49.36570;80.00000;20.00000;0.46984;2
789.02502;68.47583;      -0.99679; 49.36474;80.00000;20.00000;0.46979;2
789.12097;68.48083;      -0.99612; 49.36281;80.00000;20.00000;0.46974;2
789.22400;68.48583;      -0.99623; 49.36088;80.00000;20.00000;0.46968;2
789.32001;68.49083;      -0.99587; 49.35896;80.00000;20.00000;0.46963;2
789.41498;68.49583;      -0.99582; 49.35703;80.00000;20.00000;0.46958;2
789.51501;68.50083;      -0.99625; 49.35510;80.00000;20.00000;0.46953;2
789.61700;68.50583;      -0.99714; 49.35414;80.00000;20.00000;0.46947;2
789.72101;68.51083;      -0.99789; 49.35029;80.00000;20.00000;0.46942;2
789.82300;68.51583;      -0.99863; 49.34836;80.00000;20.00000;0.46937;2
789.92401;68.52083;      -0.99874; 49.34836;80.00000;20.00000;0.46931;2
790.02698;68.52583;      -0.99917; 49.34740;80.00000;20.00000;0.46926;2
790.12903;68.53083;      -0.99944; 49.34643;80.00000;20.00000;0.46920;2
790.21997;68.53583;      -0.99939; 49.34547;80.00000;20.00000;0.46916;2
790.32397;68.54083;      -0.99950; 49.34354;80.00000;20.00000;0.46910;2
790.42102;68.54583;      -1.00008; 49.34354;80.00000;20.00000;0.46905;2
790.52600;68.55083;      -1.00067; 49.34065;80.00000;20.00000;0.46900;2
790.62402;68.55583;      -1.00141; 49.33873;80.00000;20.00000;0.46894;2
790.72498;68.56083;      -1.00215; 49.33776;80.00000;20.00000;0.46889;2
790.81799;68.56583;      -1.00288; 49.33487;80.00000;20.00000;0.46884;2
790.91901;68.57083;      -1.00362; 49.33006;80.00000;20.00000;0.46879;2
791.01703;68.57583;      -1.00373; 49.32524;80.00000;20.00000;0.46874;2
791.12299;68.58083;      -1.00416; 49.32043;80.00000;20.00000;0.46868;2
791.22900;68.58583;      -1.00460; 49.31754;80.00000;20.00000;0.46862;2
791.32098;68.59083;      -1.00470; 49.31368;80.00000;20.00000;0.46858;2
791.43103;68.59583;      -1.00514; 49.31368;80.00000;20.00000;0.46852;2
791.52399;68.60083;      -1.00540; 49.31368;80.00000;20.00000;0.46847;2
791.62799;68.60583;      -1.00615; 49.31465;80.00000;20.00000;0.46841;2
791.73102;68.61083;      -1.00658; 49.31561;80.00000;20.00000;0.46836;2
791.83002;68.61583;      -1.00700; 49.31657;80.00000;20.00000;0.46831;2
791.92297;68.62083;      -1.00711; 49.31657;80.00000;20.00000;0.46826;2
792.02698;68.62583;      -1.00927; 49.31657;80.00000;20.00000;0.46820;2
792.12299;68.63083;      -1.00937; 49.31561;80.00000;20.00000;0.46815;2
792.23297;68.63583;      -1.00934; 49.31465;80.00000;20.00000;0.46810;2
792.33002;68.64083;      -1.00992; 49.31368;80.00000;20.00000;0.46805;2
792.43201;68.64583;      -1.00973; 49.31368;80.00000;20.00000;0.46799;2
792.53198;68.65083;      -1.00968; 49.31272;80.00000;20.00000;0.46794;2
792.62201;68.65583;      -1.01104; 49.31176;80.00000;20.00000;0.46789;2
792.72498;68.66083;      -1.01179; 49.31079;80.00000;20.00000;0.46784;2
792.82703;68.66583;      -1.01175; 49.30983;80.00000;20.00000;0.46778;2
792.92700;68.67083;      -1.01170; 49.31079;80.00000;20.00000;0.46773;2
793.02899;68.67583;      -1.01182; 49.31079;80.00000;20.00000;0.46768;2
793.13300;68.68083;      -1.01194; 49.30983;80.00000;20.00000;0.46762;2
793.22900;68.68583;      -1.01220; 49.30887;80.00000;20.00000;0.46757;2
793.32300;68.69083;      -1.01247; 49.30790;80.00000;20.00000;0.46752;2
793.42902;68.69583;      -1.01227; 49.30405;80.00000;20.00000;0.46747;2
793.52502;68.70083;      -1.01286; 49.30309;80.00000;20.00000;0.46742;2
793.63000;68.70583;      -1.01313; 49.30116;80.00000;20.00000;0.46736;2
793.73401;68.71083;      -1.01309; 49.30212;80.00000;20.00000;0.46731;2
793.82898;68.71583;      -1.01304; 49.30116;80.00000;20.00000;0.46726;2
793.93799;68.72083;      -1.01333; 49.30116;80.00000;20.00000;0.46720;2
794.03302;68.72583;      -1.01422; 49.30020;80.00000;20.00000;0.46715;2
794.13202;68.73083;      -1.01402; 49.29923;80.00000;20.00000;0.46710;2
794.23499;68.73583;      -1.01367; 49.29923;80.00000;20.00000;0.46704;2
794.33698;68.74083;      -1.01378; 49.29731;80.00000;20.00000;0.46699;2
794.42999;68.74583;      -1.01436; 49.29634;80.00000;20.00000;0.46694;2

