#EXPORTTYPE:DATA ALL
#FILE:50wt10hr.ngb-ds3
#FORMAT:NETZSCH5
#FTYPE:ANSI
#IDENTITY:50wt10hr
#DECIMAL:POINT
#SEPARATOR:SEMICOLON
#MTYPE:DSC
#INSTRUMENT:NETZSCH STA 449F3
#PROJECT:copyrolysis
#DATE/TIME:17.03.2021 13:16
#CORR. FILE:correction 10kmin.ngb-bs3
#TEMPCAL:2021 CAL T 10KMIN .ngb-ts3
#SENSITIVITY:2021 CAL s 10KMIN REVISAR.ngb-ts3.ngb-es3
#LABORATORY:UNA - FCQ - AI
#OPERATOR:AD
#REMARK:
#SAMPLE:50wt10hr
#SAMPLE MASS /mg:10.4044
#MATERIAL:EMPTY
#REFERENCE:Empty
#REFERENCE MASS /mg:0
#TYPE OF CRUCIBLE:DSC/TG pan Al2O3
#SAMPLE CRUCIBLE MASS /mg:141.1766
#REFERENCE CRUCIBLE MASS /mg:140.87
#DSC RANGE /µV:5000
#TG RANGE /mg:35000
#TAU-R:---
#CORR. CODE:020
#EXO:-1
#RANGE:25°C/00:00/25°C/10,0(K/min)/800°C/
#SEGMENT:S1-2/2
#SEG. 1:25°C/00:30/25°C
#SEG. 2:25°C/10,0(K/min)/800°C

##Temp./°C;Time/min;DSC/(mW/mg);Mass/%;Gas Flow(purge2)/(ml/min);Gas Flow(protective)/(ml/min);Sensit./(uV/mW);Segment
 26.09700;  0.00000;       0.24124;100.00000;80.00000;20.00000;0.83347;1
 26.12400;  0.05000;       0.24820; 99.95194;80.00000;20.00000;0.83346;1
 26.13300;  0.10000;       0.25585; 99.91638;80.00000;20.00000;0.83345;1
 26.16200;  0.15000;       0.26272; 99.87794;80.00000;20.00000;0.83345;1
 26.18200;  0.20000;       0.26905; 99.84622;80.00000;20.00000;0.83344;1
 26.18800;  0.25000;       0.27477; 99.81354;80.00000;20.00000;0.83344;1
 26.20900;  0.30000;       0.27997; 99.77702;80.00000;20.00000;0.83343;1
 26.21400;  0.35000;       0.28375; 99.75011;80.00000;20.00000;0.83343;1
 26.22900;  0.40000;       0.28736; 99.71550;80.00000;20.00000;0.83342;1
 26.23400;  0.45000;       0.28965; 99.66841;80.00000;20.00000;0.83342;1
 26.23500;  0.50000;       0.29167; 99.64534;80.00000;20.00000;0.83342;1
 26.24900;  0.55000;       0.29325; 99.61266;80.00000;20.00000;0.83342;1
 26.27400;  0.60000;       0.29405; 99.56461;80.00000;20.00000;0.83341;1
 26.28100;  0.65000;       0.29431; 99.53770;80.00000;20.00000;0.83341;1
 26.27800;  0.70000;       0.29458; 99.50694;80.00000;20.00000;0.83341;1
 26.28700;  0.75000;       0.29423; 99.46946;80.00000;20.00000;0.83341;1
 26.30900;  0.80000;       0.29282; 99.44447;80.00000;20.00000;0.83340;1
 26.30900;  0.85000;       0.29185; 99.41179;80.00000;20.00000;0.83340;1
 26.31700;  0.90000;       0.29080; 99.37238;80.00000;20.00000;0.83340;1
 26.33600;  0.95000;       0.28930; 99.34066;80.00000;20.00000;0.83339;1
 26.32900;  1.00000;       0.28693; 99.30318;80.00000;20.00000;0.83339;1
 26.34000;  1.05000;       0.28552; 99.26858;80.00000;20.00000;0.83339;1
 26.34200;  1.10000;       0.28253; 99.23974;80.00000;20.00000;0.83339;1
 26.33500;  1.15000;       0.28103; 99.20514;80.00000;20.00000;0.83339;1
 26.35500;  1.20000;       0.27804; 99.17823;80.00000;20.00000;0.83339;1
 26.36700;  1.25000;       0.27681; 99.14651;80.00000;20.00000;0.83338;1
 26.36700;  1.30000;       0.27391; 99.11768;80.00000;20.00000;0.83338;1
 26.37600;  1.35000;       0.27154; 99.09173;80.00000;20.00000;0.83338;1
 26.37100;  1.40000;       0.26898; 99.06482;80.00000;20.00000;0.83338;1
 26.38200;  1.45000;       0.26696; 99.03406;80.00000;20.00000;0.83338;1
 26.39700;  1.50000;       0.26415; 98.98889;80.00000;20.00000;0.83337;1
 26.40200;  1.55000;       0.26186; 98.96390;80.00000;20.00000;0.83337;1
 26.40600;  1.60000;       0.25940; 98.92642;80.00000;20.00000;0.83337;1
 26.41700;  1.65000;       0.25623; 98.88316;80.00000;20.00000;0.83337;1
 26.40600;  1.70000;       0.25376; 98.85625;80.00000;20.00000;0.83337;1
 26.40300;  1.75000;       0.25104; 98.81492;80.00000;20.00000;0.83337;1
 26.43500;  1.80000;       0.24884; 98.78705;80.00000;20.00000;0.83336;1
 26.43100;  1.85000;       0.24690; 98.74765;80.00000;20.00000;0.83336;1
 26.43700;  1.90000;       0.24382; 98.72938;80.00000;20.00000;0.83336;1
 26.42900;  1.95000;       0.24101; 98.70055;80.00000;20.00000;0.83336;1
 26.43000;  2.00000;       0.23881; 98.66883;80.00000;20.00000;0.83336;1
 26.43900;  2.05000;       0.23643; 98.64769;80.00000;20.00000;0.83336;1
 26.43700;  2.10000;       0.23379; 98.63135;80.00000;20.00000;0.83336;1
 26.44400;  2.15000;       0.23089; 98.60059;80.00000;20.00000;0.83336;1
 26.45300;  2.20000;       0.22957; 98.59002;80.00000;20.00000;0.83336;1
 26.43200;  2.25000;       0.22675; 98.55926;80.00000;20.00000;0.83336;1
 26.44600;  2.30000;       0.22429; 98.54196;80.00000;20.00000;0.83336;1
 26.44400;  2.35000;       0.22227; 98.51890;80.00000;20.00000;0.83336;1
 26.43600;  2.40000;       0.22015; 98.50640;80.00000;20.00000;0.83336;1
 26.44300;  2.45000;       0.21883; 98.50160;80.00000;20.00000;0.83336;1
 26.45300;  2.50000;       0.21628; 98.47372;80.00000;20.00000;0.83336;1
 26.44200;  2.55000;       0.21364; 98.45258;80.00000;20.00000;0.83336;1
 26.45000;  2.60000;       0.21232; 98.42182;80.00000;20.00000;0.83336;1
 26.46300;  2.65000;       0.20960; 98.38722;80.00000;20.00000;0.83335;1
 26.44800;  2.70000;       0.20766; 98.35262;80.00000;20.00000;0.83336;1
 26.44800;  2.75000;       0.20572; 98.32090;80.00000;20.00000;0.83336;1
 26.45200;  2.80000;       0.20379; 98.30072;80.00000;20.00000;0.83336;1
 26.45100;  2.85000;       0.20177; 98.27765;80.00000;20.00000;0.83336;1
 26.44900;  2.90000;       0.20001; 98.25074;80.00000;20.00000;0.83336;1
 26.44800;  2.95000;       0.19877; 98.23536;80.00000;20.00000;0.83336;1
 26.45100;  3.00000;       0.19657; 98.21710;80.00000;20.00000;0.83336;1
 26.44400;  3.05000;       0.19349; 98.18923;80.00000;20.00000;0.83336;1
 26.44300;  3.10000;       0.19244; 98.16039;80.00000;20.00000;0.83336;1
 26.42800;  3.15000;       0.19156; 98.13925;80.00000;20.00000;0.83336;1
 26.44400;  3.20000;       0.18892; 98.11810;80.00000;20.00000;0.83336;1
 26.43200;  3.25000;       0.18848; 98.09408;80.00000;20.00000;0.83336;1
 26.43900;  3.30000;       0.18593; 98.07581;80.00000;20.00000;0.83336;1
 26.43200;  3.35000;       0.18417; 98.06044;80.00000;20.00000;0.83336;1
 26.41500;  3.40000;       0.18144; 98.04890;80.00000;20.00000;0.83337;1
 26.42400;  3.45000;       0.18073; 98.02487;80.00000;20.00000;0.83336;1
 26.41300;  3.50000;       0.17924; 98.00853;80.00000;20.00000;0.83337;1
 26.42400;  3.55000;       0.17686; 97.98451;80.00000;20.00000;0.83336;1
 26.42100;  3.60000;       0.17616; 97.95856;80.00000;20.00000;0.83337;1
 26.41300;  3.65000;       0.17422; 97.94029;80.00000;20.00000;0.83337;1
 26.42800;  3.70000;       0.17255; 97.92203;80.00000;20.00000;0.83336;1
 26.41600;  3.75000;       0.17141; 97.90089;80.00000;20.00000;0.83337;1
 26.41200;  3.80000;       0.16938; 97.88263;80.00000;20.00000;0.83337;1
 26.41100;  3.85000;       0.16806; 97.86533;80.00000;20.00000;0.83337;1
 26.40500;  3.90000;       0.16665; 97.84226;80.00000;20.00000;0.83337;1
 26.40800;  3.95000;       0.16472; 97.83073;80.00000;20.00000;0.83337;1
 26.39100;  4.00000;       0.16305; 97.82304;80.00000;20.00000;0.83338;1
 26.38200;  4.05000;       0.16172; 97.80285;80.00000;20.00000;0.83338;1
 26.37600;  4.10000;       0.16067; 97.78555;80.00000;20.00000;0.83338;1
 26.37000;  4.15000;       0.15935; 97.77017;80.00000;20.00000;0.83338;1
 26.37000;  4.20000;       0.15732; 97.74999;80.00000;20.00000;0.83338;1
 26.36100;  4.25000;       0.15548; 97.72116;80.00000;20.00000;0.83338;1
 26.37100;  4.30000;       0.15460; 97.71251;80.00000;20.00000;0.83338;1
 26.37600;  4.35000;       0.15310; 97.69713;80.00000;20.00000;0.83338;1
 26.36500;  4.40000;       0.15125; 97.68079;80.00000;20.00000;0.83338;1
 26.35100;  4.45000;       0.15046; 97.65868;80.00000;20.00000;0.83339;1
 26.35900;  4.50000;       0.14870; 97.64138;80.00000;20.00000;0.83338;1
 26.33800;  4.55000;       0.14738; 97.62312;80.00000;20.00000;0.83339;1
 26.34100;  4.60000;       0.14659; 97.59621;80.00000;20.00000;0.83339;1
 26.32600;  4.65000;       0.14474; 97.57795;80.00000;20.00000;0.83339;1
 26.33000;  4.70000;       0.14377; 97.55969;80.00000;20.00000;0.83339;1
 26.32600;  4.75000;       0.14245; 97.54239;80.00000;20.00000;0.83339;1
 26.30200;  4.80000;       0.14060; 97.52797;80.00000;20.00000;0.83340;1
 26.29200;  4.85000;       0.14025; 97.51547;80.00000;20.00000;0.83341;1
 26.28100;  4.90000;       0.13893; 97.50202;80.00000;20.00000;0.83341;1
 26.29700;  4.95000;       0.13744; 97.48376;80.00000;20.00000;0.83340;1
 26.28000;  5.00000;       0.13629; 97.47126;80.00000;20.00000;0.83341;1
 26.28000;  5.05000;       0.13488; 97.45685;80.00000;20.00000;0.83341;1
 26.28100;  5.10000;       0.13392; 97.43954;80.00000;20.00000;0.83341;1
 26.26800;  5.15000;       0.13233; 97.41936;80.00000;20.00000;0.83341;1
 26.26300;  5.20000;       0.13136; 97.40398;80.00000;20.00000;0.83341;1
 26.27700;  5.25000;       0.13040; 97.38764;80.00000;20.00000;0.83341;1
 26.25900;  5.30000;       0.12863; 97.37707;80.00000;20.00000;0.83342;1
 26.26300;  5.35000;       0.12784; 97.35977;80.00000;20.00000;0.83341;1
 26.24600;  5.40000;       0.12705; 97.34920;80.00000;20.00000;0.83342;1
 26.23500;  5.45000;       0.12564; 97.34439;80.00000;20.00000;0.83342;1
 26.22900;  5.50000;       0.12476; 97.32998;80.00000;20.00000;0.83342;1
 26.22500;  5.55000;       0.12379; 97.31940;80.00000;20.00000;0.83343;1
 26.24300;  5.60000;       0.12239; 97.30691;80.00000;20.00000;0.83342;1
 26.22000;  5.65000;       0.12098; 97.29538;80.00000;20.00000;0.83343;1
 26.21400;  5.70000;       0.12027; 97.28000;80.00000;20.00000;0.83343;1
 26.20100;  5.75000;       0.11957; 97.26750;80.00000;20.00000;0.83343;1
 26.20600;  5.80000;       0.11851; 97.25405;80.00000;20.00000;0.83343;1
 26.19900;  5.85000;       0.11675; 97.23482;80.00000;20.00000;0.83343;1
 26.19000;  5.90000;       0.11596; 97.22041;80.00000;20.00000;0.83344;1
 26.17900;  5.95000;       0.11499; 97.21368;80.00000;20.00000;0.83344;1
 26.18200;  6.00000;       0.11447; 97.20215;80.00000;20.00000;0.83344;1
 26.16400;  6.05000;       0.11367; 97.18965;80.00000;20.00000;0.83344;1
 26.16200;  6.10000;       0.11165; 97.18196;80.00000;20.00000;0.83345;1
 26.15200;  6.15000;       0.11086; 97.16658;80.00000;20.00000;0.83345;1
 26.14500;  6.20000;       0.10971; 97.15505;80.00000;20.00000;0.83345;1
 26.13900;  6.25000;       0.10963; 97.14448;80.00000;20.00000;0.83345;1
 26.13300;  6.30000;       0.10760; 97.13487;80.00000;20.00000;0.83345;1
 26.12200;  6.35000;       0.10663; 97.12814;80.00000;20.00000;0.83346;1
 26.11000;  6.40000;       0.10593; 97.12045;80.00000;20.00000;0.83346;1
 26.10400;  6.45000;       0.10487; 97.10795;80.00000;20.00000;0.83346;1
 26.10100;  6.50000;       0.10382; 97.09065;80.00000;20.00000;0.83346;1
 26.08900;  6.55000;       0.10355; 97.07720;80.00000;20.00000;0.83347;1
 26.07900;  6.60000;       0.10214; 97.06278;80.00000;20.00000;0.83347;1
 26.07700;  6.65000;       0.10206; 97.04836;80.00000;20.00000;0.83347;1
 26.07000;  6.70000;       0.10126; 97.03395;80.00000;20.00000;0.83347;1
 26.05500;  6.75000;       0.10012; 97.02337;80.00000;20.00000;0.83348;1
 26.04900;  6.80000; 9.985595e-002; 97.01376;80.00000;20.00000;0.83348;1
 26.05000;  6.85000; 9.827237e-002; 97.00127;80.00000;20.00000;0.83348;1
 26.04200;  6.90000; 9.800814e-002; 96.98877;80.00000;20.00000;0.83348;1
 26.04000;  6.95000; 9.730424e-002; 96.97243;80.00000;20.00000;0.83348;1
 26.02800;  7.00000; 9.589617e-002; 96.95321;80.00000;20.00000;0.83349;1
 26.01700;  7.05000; 9.554386e-002; 96.94745;80.00000;20.00000;0.83349;1
 26.00300;  7.10000; 9.501551e-002; 96.93591;80.00000;20.00000;0.83349;1
 25.99300;  7.15000; 9.351955e-002; 96.92246;80.00000;20.00000;0.83350;1
 25.99400;  7.20000; 9.237588e-002; 96.91188;80.00000;20.00000;0.83350;1
 25.99100;  7.25000; 9.237578e-002; 96.90131;80.00000;20.00000;0.83350;1
 25.98300;  7.30000; 9.140776e-002; 96.89074;80.00000;20.00000;0.83350;1
 25.98300;  7.35000; 9.070395e-002; 96.87632;80.00000;20.00000;0.83350;1
 25.98200;  7.40000; 9.026404e-002; 96.86383;80.00000;20.00000;0.83350;1
 25.96500;  7.45000; 8.938371e-002; 96.85422;80.00000;20.00000;0.83351;1
 25.96000;  7.50000; 8.876771e-002; 96.84557;80.00000;20.00000;0.83351;1
 25.95600;  7.55000; 8.823973e-002; 96.83595;80.00000;20.00000;0.83351;1
 25.93900;  7.60000; 8.753538e-002; 96.82442;80.00000;20.00000;0.83351;1
 25.93300;  7.65000; 8.700733e-002; 96.80328;80.00000;20.00000;0.83352;1
 25.92200;  7.70000; 8.674306e-002; 96.79366;80.00000;20.00000;0.83352;1
 25.90700;  7.75000; 8.524703e-002; 96.79078;80.00000;20.00000;0.83352;1
 25.90700;  7.80000; 8.471918e-002; 96.78309;80.00000;20.00000;0.83352;1
 25.90500;  7.85000; 8.463114e-002; 96.77540;80.00000;20.00000;0.83352;1
 25.88900;  7.90000; 8.313509e-002; 96.76675;80.00000;20.00000;0.83353;1
 25.88400;  7.95000; 8.339886e-002; 96.75618;80.00000;20.00000;0.83353;1
 25.86900;  8.00000; 8.216678e-002; 96.74465;80.00000;20.00000;0.83353;1
 25.87900;  8.05000; 8.199113e-002; 96.73600;80.00000;20.00000;0.83353;1
 25.86700;  8.10000; 8.146292e-002; 96.72254;80.00000;20.00000;0.83354;1
 25.85400;  8.15000; 8.075876e-002; 96.71005;80.00000;20.00000;0.83354;1
 25.86300;  8.20000; 8.023119e-002; 96.69851;80.00000;20.00000;0.83354;1
 25.84700;  8.25000; 7.952694e-002; 96.68602;80.00000;20.00000;0.83354;1
 25.83800;  8.30000; 7.882290e-002; 96.67641;80.00000;20.00000;0.83354;1
 25.84100;  8.35000; 7.855908e-002; 96.66872;80.00000;20.00000;0.83354;1
 25.82700;  8.40000; 7.759098e-002; 96.66103;80.00000;20.00000;0.83355;1
 25.79900;  8.45000; 7.697439e-002; 96.65238;80.00000;20.00000;0.83356;1
 25.81600;  8.50000; 7.715082e-002; 96.64373;80.00000;20.00000;0.83355;1
 25.80000;  8.55000; 7.635862e-002; 96.63027;80.00000;20.00000;0.83356;1
 25.78400;  8.60000; 7.503862e-002; 96.61393;80.00000;20.00000;0.83356;1
 25.78600;  8.65000; 7.521462e-002; 96.60913;80.00000;20.00000;0.83356;1
 25.75500;  8.70000; 7.424610e-002; 96.60144;80.00000;20.00000;0.83357;1
 25.77000;  8.75000; 7.398260e-002; 96.59279;80.00000;20.00000;0.83357;1
 25.77700;  8.80000; 7.354294e-002; 96.58510;80.00000;20.00000;0.83356;1
 25.73400;  8.85000; 7.239819e-002; 96.57645;80.00000;20.00000;0.83358;1
 25.75400;  8.90000; 7.195887e-002; 96.57068;80.00000;20.00000;0.83357;1
 25.73800;  8.95000; 7.160657e-002; 96.56299;80.00000;20.00000;0.83358;1
 25.71900;  9.00000; 7.169404e-002; 96.55530;80.00000;20.00000;0.83358;1
 25.71700;  9.05000; 7.090227e-002; 96.54665;80.00000;20.00000;0.83358;1
 25.70500;  9.10000; 7.037416e-002; 96.53704;80.00000;20.00000;0.83359;1
 25.71400;  9.15000; 6.949471e-002; 96.52455;80.00000;20.00000;0.83358;1
 25.68800;  9.20000; 6.861438e-002; 96.51301;80.00000;20.00000;0.83359;1
 25.70000;  9.25000; 6.887858e-002; 96.50436;80.00000;20.00000;0.83359;1
 25.69400;  9.30000; 6.799875e-002; 96.48610;80.00000;20.00000;0.83359;1
 25.67400;  9.35000; 6.720656e-002; 96.47649;80.00000;20.00000;0.83359;1
 25.65600;  9.40000; 6.711815e-002; 96.46976;80.00000;20.00000;0.83360;1
 25.66800;  9.45000; 6.676658e-002; 96.46207;80.00000;20.00000;0.83360;1
 25.66700;  9.50000; 6.641469e-002; 96.45342;80.00000;20.00000;0.83360;1
 25.65900;  9.55000; 6.562280e-002; 96.44670;80.00000;20.00000;0.83360;1
 25.64500;  9.60000; 6.483077e-002; 96.43901;80.00000;20.00000;0.83360;1
 25.63300;  9.65000; 6.518234e-002; 96.43132;80.00000;20.00000;0.83361;1
 25.62700;  9.70000; 6.421459e-002; 96.42363;80.00000;20.00000;0.83361;1
 25.61800;  9.75000; 6.386251e-002; 96.41594;80.00000;20.00000;0.83361;1
 25.59900;  9.80000; 6.395003e-002; 96.41017;80.00000;20.00000;0.83362;1
 25.59300;  9.85000; 6.377396e-002; 96.40248;80.00000;20.00000;0.83362;1
 25.60400;  9.90000; 6.219086e-002; 96.39383;80.00000;20.00000;0.83362;1
 25.59000;  9.95000; 6.245443e-002; 96.38038;80.00000;20.00000;0.83362;1
 25.58100; 10.00000; 6.166256e-002; 96.37077;80.00000;20.00000;0.83362;1
 25.58500; 10.05000; 6.183857e-002; 96.36788;80.00000;20.00000;0.83362;1
 25.58200; 10.10000; 6.034312e-002; 96.36212;80.00000;20.00000;0.83362;1
 25.57400; 10.15000; 6.043091e-002; 96.35443;80.00000;20.00000;0.83363;1
 25.55800; 10.20000; 5.990278e-002; 96.35250;80.00000;20.00000;0.83363;1
 25.53800; 10.25000; 5.937456e-002; 96.34866;80.00000;20.00000;0.83364;1
 25.53500; 10.30000; 5.937449e-002; 96.34385;80.00000;20.00000;0.83364;1
 25.52900; 10.35000; 5.875863e-002; 96.33809;80.00000;20.00000;0.83364;1
 25.53400; 10.40000; 5.805503e-002; 96.33617;80.00000;20.00000;0.83364;1
 25.52900; 10.45000; 5.840678e-002; 96.33520;80.00000;20.00000;0.83364;1
 25.51800; 10.50000; 5.796673e-002; 96.33136;80.00000;20.00000;0.83364;1
 25.50400; 10.55000; 5.717479e-002; 96.32655;80.00000;20.00000;0.83365;1
 25.50300; 10.60000; 5.647108e-002; 96.31790;80.00000;20.00000;0.83365;1
 25.50300; 10.65000; 5.567943e-002; 96.31214;80.00000;20.00000;0.83365;1
 25.48200; 10.70000; 5.506327e-002; 96.30445;80.00000;20.00000;0.83365;1
 25.47400; 10.75000; 5.559087e-002; 96.29676;80.00000;20.00000;0.83366;1
 25.48900; 10.80000; 5.471157e-002; 96.29003;80.00000;20.00000;0.83365;1
 25.47800; 10.85000; 5.400766e-002; 96.28042;80.00000;20.00000;0.83365;1
 25.47400; 10.90000; 5.427147e-002; 96.26985;80.00000;20.00000;0.83366;1
 25.45100; 10.95000; 5.365529e-002; 96.26120;80.00000;20.00000;0.83366;1
 25.46600; 11.00000; 5.339171e-002; 96.25639;80.00000;20.00000;0.83366;1
 25.44300; 11.05000; 5.312738e-002; 96.25255;80.00000;20.00000;0.83367;1
 25.41800; 11.10000; 5.339077e-002; 96.24678;80.00000;20.00000;0.83367;1
 25.42200; 11.15000; 5.321493e-002; 96.24005;80.00000;20.00000;0.83367;1
 25.41400; 11.20000; 5.233519e-002; 96.23140;80.00000;20.00000;0.83367;1
 25.40600; 11.25000; 5.224708e-002; 96.22371;80.00000;20.00000;0.83368;1
 25.40400; 11.30000; 5.110359e-002; 96.21699;80.00000;20.00000;0.83368;1
 25.39900; 11.35000; 5.119145e-002; 96.21218;80.00000;20.00000;0.83368;1
 25.39000; 11.40000; 5.083946e-002; 96.20833;80.00000;20.00000;0.83368;1
 25.39600; 11.45000; 5.039978e-002; 96.20257;80.00000;20.00000;0.83368;1
 25.38100; 11.50000; 5.031155e-002; 96.19584;80.00000;20.00000;0.83368;1
 25.37300; 11.55000; 4.969570e-002; 96.18719;80.00000;20.00000;0.83369;1
 25.35600; 11.60000; 4.951948e-002; 96.17373;80.00000;20.00000;0.83369;1
 25.36100; 11.65000; 4.925570e-002; 96.16220;80.00000;20.00000;0.83369;1
 25.34200; 11.70000; 4.934331e-002; 96.15836;80.00000;20.00000;0.83370;1
 25.34200; 11.75000; 4.828784e-002; 96.15836;80.00000;20.00000;0.83370;1
 25.34400; 11.80000; 4.828787e-002; 96.15451;80.00000;20.00000;0.83370;1
 25.34300; 11.85000; 4.819990e-002; 96.14971;80.00000;20.00000;0.83370;1
 25.31500; 11.90000; 4.775963e-002; 96.14394;80.00000;20.00000;0.83370;1
 25.31500; 11.95000; 4.758372e-002; 96.13241;80.00000;20.00000;0.83370;1
 25.31800; 12.00000; 4.749582e-002; 96.11703;80.00000;20.00000;0.83370;1
 25.30400; 12.05000; 4.731967e-002; 96.10934;80.00000;20.00000;0.83371;1
 25.29400; 12.10000; 4.679176e-002; 96.10453;80.00000;20.00000;0.83371;1
 25.29400; 12.15000; 4.600017e-002; 96.10069;80.00000;20.00000;0.83371;1
 25.27500; 12.20000; 4.670349e-002; 96.09588;80.00000;20.00000;0.83372;1
 25.27200; 12.25000; 4.617571e-002; 96.09012;80.00000;20.00000;0.83372;1
 25.27700; 12.30000; 4.599989e-002; 96.08435;80.00000;20.00000;0.83372;1
 25.27900; 12.35000; 4.643969e-002; 96.07762;80.00000;20.00000;0.83372;1
 25.24800; 12.40000; 4.591144e-002; 96.07282;80.00000;20.00000;0.83372;1
 25.23700; 12.45000; 4.547150e-002; 96.06705;80.00000;20.00000;0.83373;1
 25.25200; 12.50000; 4.617537e-002; 96.06128;80.00000;20.00000;0.83372;1
 25.23200; 12.55000; 4.547141e-002; 96.05551;80.00000;20.00000;0.83373;1
 25.22900; 12.60000; 4.520751e-002; 96.04494;80.00000;20.00000;0.83373;1
 25.21900; 12.65000; 4.520735e-002; 96.03245;80.00000;20.00000;0.83373;1
 25.19400; 12.70000; 4.450332e-002; 96.02188;80.00000;20.00000;0.83374;1
 25.18300; 12.75000; 4.441519e-002; 96.01707;80.00000;20.00000;0.83374;1
 25.20200; 12.80000; 4.459140e-002; 96.01323;80.00000;20.00000;0.83374;1
 25.18600; 12.85000; 4.415139e-002; 96.00938;80.00000;20.00000;0.83374;1
 25.19300; 12.90000; 4.397560e-002; 96.00169;80.00000;20.00000;0.83374;1
 25.19300; 12.95000; 4.344789e-002; 95.99112;80.00000;20.00000;0.83374;1
 25.17700; 13.00000; 4.379944e-002; 95.98439;80.00000;20.00000;0.83375;1
 25.16900; 13.05000; 4.344751e-002; 95.97670;80.00000;20.00000;0.83375;1
 25.15400; 13.10000; 4.318342e-002; 95.97094;80.00000;20.00000;0.83375;1
 25.15500; 13.15000; 4.239189e-002; 95.96805;80.00000;20.00000;0.83375;1
 25.15900; 13.20000; 4.230400e-002; 95.97670;80.00000;20.00000;0.83375;1
 25.14900; 13.25000; 4.221589e-002; 95.97382;80.00000;20.00000;0.83376;1
 25.14900; 13.30000; 4.168819e-002; 95.96709;80.00000;20.00000;0.83376;1
 25.13200; 13.35000; 4.195178e-002; 95.96421;80.00000;20.00000;0.83376;1
 25.14100; 13.40000; 4.168807e-002; 95.95748;80.00000;20.00000;0.83376;1
 25.13100; 13.45000; 4.124817e-002; 95.94498;80.00000;20.00000;0.83376;1
 25.11800; 13.50000; 4.089618e-002; 95.93153;80.00000;20.00000;0.83376;1
 25.11700; 13.55000; 4.045642e-002; 95.92768;80.00000;20.00000;0.83376;1
 25.11700; 13.60000; 4.072027e-002; 95.91135;80.00000;20.00000;0.83376;1
 25.10200; 13.65000; 4.001646e-002; 95.89789;80.00000;20.00000;0.83377;1
 25.09100; 13.70000; 4.045604e-002; 95.89308;80.00000;20.00000;0.83377;1
 25.08300; 13.75000; 4.001618e-002; 95.90173;80.00000;20.00000;0.83378;1
 25.08900; 13.80000; 3.975243e-002; 95.90750;80.00000;20.00000;0.83377;1
 25.07900; 13.85000; 4.010407e-002; 95.90846;80.00000;20.00000;0.83378;1
 25.06900; 13.90000; 3.966419e-002; 95.90846;80.00000;20.00000;0.83378;1
 25.06600; 13.95000; 3.904852e-002; 95.90846;80.00000;20.00000;0.83378;1
 25.08000; 14.00000; 3.896077e-002; 95.90654;80.00000;20.00000;0.83378;1
 25.05900; 14.05000; 3.887252e-002; 95.90366;80.00000;20.00000;0.83378;1
 25.05200; 14.10000; 3.843269e-002; 95.88924;80.00000;20.00000;0.83378;1
 25.05400; 14.15000; 3.869655e-002; 95.87867;80.00000;20.00000;0.83378;1
 25.03900; 14.20000; 3.790482e-002; 95.87194;80.00000;20.00000;0.83379;1
 25.05200; 14.25000; 3.843268e-002; 95.86617;80.00000;20.00000;0.83378;1
 25.02800; 14.30000; 3.825645e-002; 95.85944;80.00000;20.00000;0.83379;1
 25.03400; 14.35000; 3.728913e-002; 95.85272;80.00000;20.00000;0.83379;1
 25.03000; 14.40000; 3.737702e-002; 95.84983;80.00000;20.00000;0.83379;1
 25.01200; 14.45000; 3.640938e-002; 95.84503;80.00000;20.00000;0.83380;1
 25.00900; 14.50000; 3.720085e-002; 95.83830;80.00000;20.00000;0.83380;1
 25.01500; 14.55000; 3.676120e-002; 95.83157;80.00000;20.00000;0.83380;1
 24.99100; 14.60000; 3.676088e-002; 95.82388;80.00000;20.00000;0.83380;1
 24.99000; 14.65000; 3.658498e-002; 95.81812;80.00000;20.00000;0.83380;1
 24.99200; 14.70000; 3.579350e-002; 95.81812;80.00000;20.00000;0.83380;1
 24.96900; 14.75000; 3.614497e-002; 95.81812;80.00000;20.00000;0.83381;1
 24.97000; 14.80000; 3.561732e-002; 95.81908;80.00000;20.00000;0.83381;1
 24.97600; 14.85000; 3.535357e-002; 95.81908;80.00000;20.00000;0.83381;1
 24.97900; 14.90000; 3.561744e-002; 95.82004;80.00000;20.00000;0.83381;1
 24.96400; 14.95000; 3.579313e-002; 95.81908;80.00000;20.00000;0.83381;1
 24.94400; 15.00000; 3.500138e-002; 95.81715;80.00000;20.00000;0.83382;1
 24.95000; 15.05000; 3.403408e-002; 95.81043;80.00000;20.00000;0.83382;1
 24.93600; 15.10000; 3.412185e-002; 95.80274;80.00000;20.00000;0.83382;1
 24.93300; 15.15000; 3.385798e-002; 95.79697;80.00000;20.00000;0.83382;1
 24.93000; 15.20000; 3.350618e-002; 95.79216;80.00000;20.00000;0.83382;1
 24.93800; 15.25000; 3.359422e-002; 95.78351;80.00000;20.00000;0.83382;1
 24.93000; 15.30000; 3.341823e-002; 95.77679;80.00000;20.00000;0.83382;1
 24.91600; 15.35000; 3.245070e-002; 95.77486;80.00000;20.00000;0.83383;1
 24.90000; 15.40000; 3.332992e-002; 95.77006;80.00000;20.00000;0.83383;1
 24.89900; 15.45000; 3.350580e-002; 95.76429;80.00000;20.00000;0.83383;1
 24.89400; 15.50000; 3.271426e-002; 95.75660;80.00000;20.00000;0.83383;1
 24.88500; 15.55000; 3.209856e-002; 95.75084;80.00000;20.00000;0.83384;1
 24.88500; 15.60000; 3.201062e-002; 95.74411;80.00000;20.00000;0.83384;1
 24.87700; 15.65000; 3.245024e-002; 95.74026;80.00000;20.00000;0.83384;1
 24.87700; 15.70000; 3.201053e-002; 95.73738;80.00000;20.00000;0.83384;1
 24.87400; 15.75000; 3.157079e-002; 95.73065;80.00000;20.00000;0.83384;1
 24.87100; 15.80000; 3.060341e-002; 95.71912;80.00000;20.00000;0.83384;1
 24.86900; 15.85000; 3.095515e-002; 95.70951;80.00000;20.00000;0.83384;1
 24.86600; 15.90000; 3.033953e-002; 95.70662;80.00000;20.00000;0.83384;1
 24.85100; 15.95000; 3.086700e-002; 95.70662;80.00000;20.00000;0.83385;1
 24.85500; 16.00000; 3.069117e-002; 95.70278;80.00000;20.00000;0.83384;1
 24.82900; 16.05000; 3.095469e-002; 95.69797;80.00000;20.00000;0.83385;1
 24.83800; 16.10000; 2.998746e-002; 95.69317;80.00000;20.00000;0.83385;1
 24.82400; 16.15000; 3.042700e-002; 95.68740;80.00000;20.00000;0.83385;1
 24.82000; 16.20000; 2.981138e-002; 95.68260;80.00000;20.00000;0.83386;1
 24.81200; 16.25000; 2.945954e-002; 95.67683;80.00000;20.00000;0.83386;1
 24.79300; 16.30000; 2.954727e-002; 95.67202;80.00000;20.00000;0.83386;1
 24.80000; 16.35000; 2.866796e-002; 95.66914;80.00000;20.00000;0.83386;1
 24.79300; 16.40000; 2.919552e-002; 95.66818;80.00000;20.00000;0.83386;1
 24.78700; 16.45000; 2.928339e-002; 95.65953;80.00000;20.00000;0.83387;1
 24.78600; 16.50000; 2.884369e-002; 95.65184;80.00000;20.00000;0.83387;1
 24.78400; 16.55000; 2.884367e-002; 95.64896;80.00000;20.00000;0.83387;1
 24.78300; 16.60000; 2.875572e-002; 95.64511;80.00000;20.00000;0.83387;1
 24.77000; 16.65000; 2.866765e-002; 95.64223;80.00000;20.00000;0.83387;1
 24.76600; 16.70000; 2.875554e-002; 95.63838;80.00000;20.00000;0.83387;1
 24.76400; 16.75000; 2.840377e-002; 95.63454;80.00000;20.00000;0.83387;1
 24.75800; 16.80000; 2.849165e-002; 95.63069;80.00000;20.00000;0.83387;1
 24.76900; 16.85000; 2.796414e-002; 95.62781;80.00000;20.00000;0.83387;1
 24.76100; 16.90000; 2.805199e-002; 95.62397;80.00000;20.00000;0.83387;1
 24.75700; 16.95000; 2.796401e-002; 95.62012;80.00000;20.00000;0.83387;1
 24.74600; 17.00000; 2.734834e-002; 95.60859;80.00000;20.00000;0.83388;1
 24.74100; 17.05000; 2.682067e-002; 95.60090;80.00000;20.00000;0.83388;1
 24.73100; 17.10000; 2.638089e-002; 95.59225;80.00000;20.00000;0.83388;1
 24.73200; 17.15000; 2.796376e-002; 95.58456;80.00000;20.00000;0.83388;1
 24.72100; 17.20000; 2.690841e-002; 95.57687;80.00000;20.00000;0.83389;1
 24.71500; 17.25000; 2.690835e-002; 95.57110;80.00000;20.00000;0.83389;1
 24.70900; 17.30000; 2.717210e-002; 95.56534;80.00000;20.00000;0.83389;1
 24.72200; 17.35000; 2.690842e-002; 95.56342;80.00000;20.00000;0.83389;1
 24.70900; 17.40000; 2.620481e-002; 95.55861;80.00000;20.00000;0.83389;1
 24.68900; 17.45000; 2.664429e-002; 95.55284;80.00000;20.00000;0.83390;1
 24.69000; 17.50000; 2.646843e-002; 95.54996;80.00000;20.00000;0.83390;1
 24.68600; 17.55000; 2.611666e-002; 95.54708;80.00000;20.00000;0.83390;1
 24.70800; 17.60000; 2.602893e-002; 95.54227;80.00000;20.00000;0.83389;1
 24.68700; 17.65000; 2.594080e-002; 95.54227;80.00000;20.00000;0.83390;1
 24.66200; 17.70000; 2.558882e-002; 95.54227;80.00000;20.00000;0.83390;1
 24.66600; 17.75000; 2.497332e-002; 95.54323;80.00000;20.00000;0.83390;1
 24.67000; 17.80000; 2.620444e-002; 95.54323;80.00000;20.00000;0.83390;1
 24.65200; 17.85000; 2.558873e-002; 95.54323;80.00000;20.00000;0.83391;1
 24.65800; 17.90000; 2.488531e-002; 95.54323;80.00000;20.00000;0.83390;1
 24.66800; 17.95000; 2.541301e-002; 95.54227;80.00000;20.00000;0.83390;1
 24.64500; 18.00000; 2.470933e-002; 95.53843;80.00000;20.00000;0.83391;1
 24.64800; 18.05000; 2.488522e-002; 95.53554;80.00000;20.00000;0.83391;1
 24.62700; 18.10000; 2.532470e-002; 95.53266;80.00000;20.00000;0.83391;1
 24.63200; 18.15000; 2.479714e-002; 95.53170;80.00000;20.00000;0.83391;1
 24.62200; 18.20000; 2.523672e-002; 95.53074;80.00000;20.00000;0.83392;1
 24.61600; 18.25000; 2.444527e-002; 95.52689;80.00000;20.00000;0.83392;1
 24.61500; 18.30000; 2.470906e-002; 95.52209;80.00000;20.00000;0.83392;1
 24.61600; 18.35000; 2.523666e-002; 95.51824;80.00000;20.00000;0.83392;1
 24.60700; 18.40000; 2.506071e-002; 95.51536;80.00000;20.00000;0.83392;1
 24.60200; 18.45000; 2.479687e-002; 95.51344;80.00000;20.00000;0.83392;1
 24.62200; 18.50000; 2.418152e-002; 95.50959;80.00000;20.00000;0.83392;1
 24.61800; 18.55000; 2.479702e-002; 95.50863;80.00000;20.00000;0.83392;1
 24.60400; 18.60000; 2.453309e-002; 95.50671;80.00000;20.00000;0.83392;1
 24.61300; 18.65000; 2.470904e-002; 95.50383;80.00000;20.00000;0.83392;1
 24.59100; 18.70000; 2.506057e-002; 95.49710;80.00000;20.00000;0.83393;1
 24.59500; 18.75000; 2.462095e-002; 95.48941;80.00000;20.00000;0.83392;1
 24.59600; 18.80000; 2.356577e-002; 95.48268;80.00000;20.00000;0.83392;1
 24.59600; 18.85000; 2.418129e-002; 95.47787;80.00000;20.00000;0.83392;1
 24.58400; 18.90000; 2.330187e-002; 95.47595;80.00000;20.00000;0.83393;1
 24.56600; 18.95000; 2.347758e-002; 95.47595;80.00000;20.00000;0.83393;1
 24.57800; 19.00000; 2.444493e-002; 95.47595;80.00000;20.00000;0.83393;1
 24.57200; 19.05000; 2.374143e-002; 95.47307;80.00000;20.00000;0.83393;1
 24.57700; 19.10000; 2.426906e-002; 95.47019;80.00000;20.00000;0.83393;1
 24.56300; 19.15000; 2.374135e-002; 95.46730;80.00000;20.00000;0.83393;1
 24.56500; 19.20000; 2.312585e-002; 95.46346;80.00000;20.00000;0.83393;1
 24.56600; 19.25000; 2.330172e-002; 95.45961;80.00000;20.00000;0.83393;1
 24.56900; 19.30000; 2.356554e-002; 95.45481;80.00000;20.00000;0.83393;1
 24.55600; 19.35000; 2.426887e-002; 95.45096;80.00000;20.00000;0.83394;1
 24.54500; 19.40000; 2.409291e-002; 95.44712;80.00000;20.00000;0.83394;1
 24.55900; 19.45000; 2.347752e-002; 95.44327;80.00000;20.00000;0.83393;1
 24.54700; 19.50000; 2.321363e-002; 95.43943;80.00000;20.00000;0.83394;1
 24.54800; 19.55000; 2.418087e-002; 95.43751;80.00000;20.00000;0.83394;1
 24.54900; 19.60000; 2.356536e-002; 95.43462;80.00000;20.00000;0.83394;1
 24.52900; 19.65000; 2.321347e-002; 95.43174;80.00000;20.00000;0.83394;1
 24.52600; 19.70000; 2.330138e-002; 95.42790;80.00000;20.00000;0.83395;1
 24.53700; 19.75000; 2.303768e-002; 95.42501;80.00000;20.00000;0.83394;1
 24.54900; 19.80000; 2.330157e-002; 95.42117;80.00000;20.00000;0.83394;1
 24.53600; 19.85000; 2.365318e-002; 95.41828;80.00000;20.00000;0.83394;1
 24.54300; 19.90000; 2.382910e-002; 95.41636;80.00000;20.00000;0.83394;1
 24.52900; 19.95000; 2.312554e-002; 95.41348;80.00000;20.00000;0.83394;1
 24.51000; 20.00000; 2.312539e-002; 95.41060;80.00000;20.00000;0.83395;1
 24.51500; 20.05000; 2.277371e-002; 95.40771;80.00000;20.00000;0.83395;1
 24.52000; 20.10000; 2.277375e-002; 95.40483;80.00000;20.00000;0.83395;1
 24.51300; 20.15000; 2.303748e-002; 95.40098;80.00000;20.00000;0.83395;1
 24.48700; 20.20000; 2.312519e-002; 95.39714;80.00000;20.00000;0.83396;1
 24.49300; 20.25000; 2.382867e-002; 95.39330;80.00000;20.00000;0.83396;1
 24.51300; 20.30000; 2.259783e-002; 95.39041;80.00000;20.00000;0.83395;1
 24.48700; 20.35000; 2.277347e-002; 95.38657;80.00000;20.00000;0.83396;1
 24.49800; 20.40000; 2.259771e-002; 95.38368;80.00000;20.00000;0.83395;1
 24.48400; 20.45000; 2.250966e-002; 95.38080;80.00000;20.00000;0.83396;1
 24.47800; 20.50000; 2.312511e-002; 95.37984;80.00000;20.00000;0.83396;1
 24.48600; 20.55000; 2.259761e-002; 95.37984;80.00000;20.00000;0.83396;1
 24.47800; 20.60000; 2.294926e-002; 95.37792;80.00000;20.00000;0.83396;1
 24.48900; 20.65000; 2.242178e-002; 95.37503;80.00000;20.00000;0.83396;1
 24.48100; 20.70000; 2.233379e-002; 95.37311;80.00000;20.00000;0.83396;1
 24.48200; 20.75000; 2.171829e-002; 95.37023;80.00000;20.00000;0.83396;1
 24.49800; 20.80000; 2.224600e-002; 95.36831;80.00000;20.00000;0.83395;1
 24.49400; 20.85000; 2.207010e-002; 95.36542;80.00000;20.00000;0.83395;1
 24.47800; 20.90000; 2.250962e-002; 95.36254;80.00000;20.00000;0.83396;1
 24.49300; 20.95000; 2.198217e-002; 95.35869;80.00000;20.00000;0.83396;1
 24.47400; 21.00000; 2.189409e-002; 95.35581;80.00000;20.00000;0.83396;1
 24.47900; 21.05000; 2.163034e-002; 95.35293;80.00000;20.00000;0.83396;1
 24.47300; 21.10000; 2.163030e-002; 95.35101;80.00000;20.00000;0.83396;1
 24.48000; 21.15000; 2.180621e-002; 95.34812;80.00000;20.00000;0.83396;1
 24.49100; 21.20000; 2.163044e-002; 95.34524;80.00000;20.00000;0.83396;1
 24.47300; 21.25000; 2.198201e-002; 95.34236;80.00000;20.00000;0.83396;1
 24.48200; 21.30000; 2.171830e-002; 95.34139;80.00000;20.00000;0.83396;1
 24.47500; 21.35000; 2.198202e-002; 95.34428;80.00000;20.00000;0.83396;1
 24.47900; 21.40000; 2.154242e-002; 95.34524;80.00000;20.00000;0.83396;1
 24.47800; 21.45000; 2.180619e-002; 95.33563;80.00000;20.00000;0.83396;1
 24.47700; 21.50000; 2.101483e-002; 95.32986;80.00000;20.00000;0.83396;1
 24.48300; 21.55000; 2.083902e-002; 95.31256;80.00000;20.00000;0.83396;1
 24.48000; 21.60000; 2.083900e-002; 95.30391;80.00000;20.00000;0.83396;1
 24.45700; 21.65000; 2.127846e-002; 95.29814;80.00000;20.00000;0.83397;1
 24.47000; 21.70000; 2.163027e-002; 95.29334;80.00000;20.00000;0.83396;1
 24.45200; 21.75000; 2.101464e-002; 95.29238;80.00000;20.00000;0.83397;1
 24.45100; 21.80000; 2.119049e-002; 95.29045;80.00000;20.00000;0.83397;1
 24.44800; 21.85000; 2.075082e-002; 95.28661;80.00000;20.00000;0.83397;1
 24.44600; 21.90000; 2.163008e-002; 95.28373;80.00000;20.00000;0.83397;1
 24.46100; 21.95000; 2.092678e-002; 95.27988;80.00000;20.00000;0.83396;1
 24.47200; 22.00000; 2.083894e-002; 95.27508;80.00000;20.00000;0.83396;1
 24.47500; 22.05000; 2.048724e-002; 95.27219;80.00000;20.00000;0.83396;1
 24.47200; 22.10000; 2.092686e-002; 95.27123;80.00000;20.00000;0.83396;1
 24.46100; 22.15000; 2.110264e-002; 95.26931;80.00000;20.00000;0.83396;1
 24.46400; 22.20000; 2.066302e-002; 95.26835;80.00000;20.00000;0.83396;1
 24.46000; 22.25000; 2.110263e-002; 95.26546;80.00000;20.00000;0.83397;1
 24.45700; 22.30000; 2.083882e-002; 95.26354;80.00000;20.00000;0.83397;1
 24.44700; 22.35000; 2.048704e-002; 95.26066;80.00000;20.00000;0.83397;1
 24.45100; 22.40000; 2.101463e-002; 95.25778;80.00000;20.00000;0.83397;1
 24.46400; 22.45000; 2.083888e-002; 95.25489;80.00000;20.00000;0.83396;1
 24.45800; 22.50000; 2.136640e-002; 95.25489;80.00000;20.00000;0.83397;1
 24.45000; 22.55000; 2.075084e-002; 95.25585;80.00000;20.00000;0.83397;1
 24.45800; 22.60000; 2.013541e-002; 95.25681;80.00000;20.00000;0.83397;1
 24.45800; 22.65000; 2.075090e-002; 95.25874;80.00000;20.00000;0.83397;1
 24.46100; 22.70000; 2.119056e-002; 95.26066;80.00000;20.00000;0.83396;1
 24.47900; 22.75000; 2.057521e-002; 95.26162;80.00000;20.00000;0.83396;1
 24.47200; 22.80000; 2.119065e-002; 95.26258;80.00000;20.00000;0.83396;1
 24.47000; 22.85000; 2.022342e-002; 95.26354;80.00000;20.00000;0.83396;1
 24.47600; 22.90000; 2.022347e-002; 95.26450;80.00000;20.00000;0.83396;1
 24.47300; 22.95000; 2.057516e-002; 95.26546;80.00000;20.00000;0.83396;1
 24.47000; 23.00000; 2.013550e-002; 95.26643;80.00000;20.00000;0.83396;1
 24.48000; 23.05000; 2.066314e-002; 95.26739;80.00000;20.00000;0.83396;1
 24.46500; 23.10000; 2.048717e-002; 95.26739;80.00000;20.00000;0.83396;1
 24.48500; 23.15000; 2.004768e-002; 95.26546;80.00000;20.00000;0.83396;1
 24.47300; 23.20000; 1.995966e-002; 95.25970;80.00000;20.00000;0.83396;1
 24.47800; 23.25000; 2.022348e-002; 95.25681;80.00000;20.00000;0.83396;1
 24.47200; 23.30000; 2.031136e-002; 95.25489;80.00000;20.00000;0.83396;1
 24.46100; 23.35000; 1.995957e-002; 95.25489;80.00000;20.00000;0.83396;1
 24.47600; 23.40000; 2.039933e-002; 95.25585;80.00000;20.00000;0.83396;1
 24.47800; 23.45000; 1.952006e-002; 95.25681;80.00000;20.00000;0.83396;1
 24.47400; 23.50000; 1.978381e-002; 95.25681;80.00000;20.00000;0.83396;1
 24.46700; 23.55000; 1.995962e-002; 95.25681;80.00000;20.00000;0.83396;1
 24.47300; 23.60000; 1.978380e-002; 95.25489;80.00000;20.00000;0.83396;1
 24.46100; 23.65000; 2.039921e-002; 95.24913;80.00000;20.00000;0.83396;1
 24.47900; 23.70000; 2.022349e-002; 95.24240;80.00000;20.00000;0.83396;1
 24.48100; 23.75000; 1.969594e-002; 95.22029;80.00000;20.00000;0.83396;1
 24.48100; 23.80000; 1.960801e-002; 95.20491;80.00000;20.00000;0.83396;1
 24.48400; 23.85000; 1.934424e-002; 95.19915;80.00000;20.00000;0.83396;1
 24.48700; 23.90000; 1.978391e-002; 95.19722;80.00000;20.00000;0.83396;1
 24.48500; 23.95000; 1.978389e-002; 95.19530;80.00000;20.00000;0.83396;1
 24.48500; 24.00000; 1.978389e-002; 95.19434;80.00000;20.00000;0.83396;1
 24.48700; 24.05000; 1.855291e-002; 95.19242;80.00000;20.00000;0.83396;1
 24.49000; 24.10000; 1.908050e-002; 95.19050;80.00000;20.00000;0.83396;1
 24.49000; 24.15000; 1.978393e-002; 95.18569;80.00000;20.00000;0.83396;1
 24.49600; 24.20000; 1.864090e-002; 95.18185;80.00000;20.00000;0.83395;1
 24.48400; 24.25000; 1.872874e-002; 95.17800;80.00000;20.00000;0.83396;1
 24.48700; 24.30000; 1.837705e-002; 95.17320;80.00000;20.00000;0.83396;1
 24.48100; 24.35000; 1.837701e-002; 95.16935;80.00000;20.00000;0.83396;1
 24.49300; 24.40000; 1.864088e-002; 95.16262;80.00000;20.00000;0.83396;1
 24.49000; 24.45000; 1.872879e-002; 95.17127;80.00000;20.00000;0.83396;1
 24.51000; 24.50000; 1.864099e-002; 95.17031;80.00000;20.00000;0.83395;1
 24.51500; 24.55000; 1.925653e-002; 95.16839;80.00000;20.00000;0.83395;1
 24.51300; 24.60000; 1.828930e-002; 95.16551;80.00000;20.00000;0.83395;1
 24.49300; 24.65000; 1.828916e-002; 95.16262;80.00000;20.00000;0.83396;1
 24.50800; 24.70000; 1.784962e-002; 95.16262;80.00000;20.00000;0.83395;1
 24.51200; 24.75000; 1.820136e-002; 95.16358;80.00000;20.00000;0.83395;1
 24.50200; 24.80000; 1.846508e-002; 95.16358;80.00000;20.00000;0.83395;1
 24.50700; 24.85000; 1.802547e-002; 95.16455;80.00000;20.00000;0.83395;1
 24.52400; 24.90000; 1.767386e-002; 95.16551;80.00000;20.00000;0.83395;1
 24.51600; 24.95000; 1.732209e-002; 95.16647;80.00000;20.00000;0.83395;1
 24.51000; 25.00000; 1.784963e-002; 95.16647;80.00000;20.00000;0.83395;1
 24.53100; 25.05000; 1.749805e-002; 95.16743;80.00000;20.00000;0.83394;1
 24.53400; 25.10000; 1.828944e-002; 95.16839;80.00000;20.00000;0.83394;1
 24.52700; 25.15000; 1.697044e-002; 95.16839;80.00000;20.00000;0.83394;1
 24.53000; 25.20000; 1.670667e-002; 95.16935;80.00000;20.00000;0.83394;1
 24.52200; 25.25000; 1.723420e-002; 95.16935;80.00000;20.00000;0.83395;1
 24.52100; 25.30000; 1.679455e-002; 95.17031;80.00000;20.00000;0.83395;1
 24.51100; 25.35000; 1.653070e-002; 95.17031;80.00000;20.00000;0.83395;1
 24.52400; 25.40000; 1.679457e-002; 95.16935;80.00000;20.00000;0.83395;1
 24.51800; 25.45000; 1.714624e-002; 95.16935;80.00000;20.00000;0.83395;1
 24.52600; 25.50000; 1.670665e-002; 95.16935;80.00000;20.00000;0.83395;1
 24.53800; 25.55000; 1.600328e-002; 95.16551;80.00000;20.00000;0.83394;1
 24.52200; 25.60000; 1.679455e-002; 95.15397;80.00000;20.00000;0.83395;1
 24.53000; 25.65000; 1.644288e-002; 95.15013;80.00000;20.00000;0.83394;1
 24.54100; 25.70000; 1.661881e-002; 95.14725;80.00000;20.00000;0.83394;1
 24.53800; 25.75000; 1.565156e-002; 95.14340;80.00000;20.00000;0.83394;1
 24.54500; 25.80000; 1.617918e-002; 95.14052;80.00000;20.00000;0.83394;1
 24.53800; 25.85000; 1.600328e-002; 95.13956;80.00000;20.00000;0.83394;1
 24.53500; 25.90000; 1.591533e-002; 95.13956;80.00000;20.00000;0.83394;1
 24.54500; 25.95000; 1.565160e-002; 95.13956;80.00000;20.00000;0.83394;1
 24.56600; 26.00000; 1.547586e-002; 95.13956;80.00000;20.00000;0.83393;1
 24.55200; 26.05000; 1.653095e-002; 95.13956;80.00000;20.00000;0.83394;1
 24.55900; 26.10000; 1.688271e-002; 95.13956;80.00000;20.00000;0.83393;1
 24.56400; 26.15000; 1.626722e-002; 95.13956;80.00000;20.00000;0.83393;1
 24.57800; 26.20000; 1.635524e-002; 95.13956;80.00000;20.00000;0.83393;1
 24.55700; 26.25000; 1.635511e-002; 95.13956;80.00000;20.00000;0.83394;1
 24.56400; 26.30000; 1.635515e-002; 95.13956;80.00000;20.00000;0.83393;1
 24.56100; 26.35000; 1.468445e-002; 95.13956;80.00000;20.00000;0.83393;1
 24.56300; 26.40000; 1.538791e-002; 95.13956;80.00000;20.00000;0.83393;1
 24.56400; 26.45000; 1.547585e-002; 95.13860;80.00000;20.00000;0.83393;1
 24.57400; 26.50000; 1.547590e-002; 95.13763;80.00000;20.00000;0.83393;1
 24.57500; 26.55000; 1.530005e-002; 95.13667;80.00000;20.00000;0.83393;1
 24.56600; 26.60000; 1.565172e-002; 95.13571;80.00000;20.00000;0.83393;1
 24.57800; 26.65000; 1.512420e-002; 95.13379;80.00000;20.00000;0.83393;1
 24.56700; 26.70000; 1.494828e-002; 95.13283;80.00000;20.00000;0.83393;1
 24.59000; 26.75000; 1.521220e-002; 95.12610;80.00000;20.00000;0.83393;1
 24.58300; 26.80000; 1.503630e-002; 95.11745;80.00000;20.00000;0.83393;1
 24.58300; 26.85000; 1.530009e-002; 95.11457;80.00000;20.00000;0.83393;1
 24.59500; 26.90000; 1.459670e-002; 95.10784;80.00000;20.00000;0.83392;1
 24.58900; 26.95000; 1.468460e-002; 95.10496;80.00000;20.00000;0.83393;1
 24.59200; 27.00000; 1.538807e-002; 95.10496;80.00000;20.00000;0.83392;1
 24.60600; 27.05000; 1.433296e-002; 95.10592;80.00000;20.00000;0.83392;1
 24.58200; 27.10000; 1.415698e-002; 95.10976;80.00000;20.00000;0.83393;1
 24.59500; 27.15000; 1.512429e-002; 95.11745;80.00000;20.00000;0.83392;1
 24.60300; 27.20000; 1.433295e-002; 95.11841;80.00000;20.00000;0.83392;1
 24.59500; 27.25000; 1.494843e-002; 95.11649;80.00000;20.00000;0.83392;1
 24.60100; 27.30000; 1.450880e-002; 95.11457;80.00000;20.00000;0.83392;1
 24.60100; 27.35000; 1.512433e-002; 95.11264;80.00000;20.00000;0.83392;1
 24.60900; 27.40000; 1.433298e-002; 95.11072;80.00000;20.00000;0.83392;1
 24.61400; 27.45000; 1.494853e-002; 95.10399;80.00000;20.00000;0.83392;1
 24.59700; 27.50000; 1.512430e-002; 95.09150;80.00000;20.00000;0.83392;1
 24.61300; 27.55000; 1.477266e-002; 95.08573;80.00000;20.00000;0.83392;1
 24.61000; 27.60000; 1.468471e-002; 95.07708;80.00000;20.00000;0.83392;1
 24.60900; 27.65000; 1.477264e-002; 95.07324;80.00000;20.00000;0.83392;1
 24.61800; 27.70000; 1.371750e-002; 95.07420;80.00000;20.00000;0.83392;1
 24.62900; 27.75000; 1.459688e-002; 95.07901;80.00000;20.00000;0.83391;1
 24.62400; 27.80000; 1.477272e-002; 95.08381;80.00000;20.00000;0.83392;1
 24.62400; 27.85000; 1.433306e-002; 95.08573;80.00000;20.00000;0.83392;1
 24.62100; 27.90000; 1.494857e-002; 95.08381;80.00000;20.00000;0.83392;1
 24.62100; 27.95000; 1.450891e-002; 95.08189;80.00000;20.00000;0.83392;1
 24.62700; 28.00000; 1.547620e-002; 95.07901;80.00000;20.00000;0.83391;1
 24.63800; 28.05000; 1.442107e-002; 95.07708;80.00000;20.00000;0.83391;1
 24.64300; 28.10000; 1.468489e-002; 95.07708;80.00000;20.00000;0.83391;1
 24.65200; 28.15000; 1.450907e-002; 95.07612;80.00000;20.00000;0.83391;1
 24.65500; 28.20000; 1.503669e-002; 95.07612;80.00000;20.00000;0.83391;1
 24.65100; 28.25000; 1.459700e-002; 95.07708;80.00000;20.00000;0.83391;1
 24.65000; 28.30000; 1.398146e-002; 95.07708;80.00000;20.00000;0.83391;1
 24.64300; 28.35000; 1.362969e-002; 95.07708;80.00000;20.00000;0.83391;1
 24.64900; 28.40000; 1.406939e-002; 95.07708;80.00000;20.00000;0.83391;1
 24.62700; 28.45000; 1.380548e-002; 95.07708;80.00000;20.00000;0.83391;1
 24.64400; 28.50000; 1.450903e-002; 95.07708;80.00000;20.00000;0.83391;1
 24.65100; 28.55000; 1.433320e-002; 95.07708;80.00000;20.00000;0.83391;1
 24.64600; 28.60000; 1.371764e-002; 95.07708;80.00000;20.00000;0.83391;1
 24.64000; 28.65000; 1.354174e-002; 95.07708;80.00000;20.00000;0.83391;1
 24.64900; 28.70000; 1.398145e-002; 95.07612;80.00000;20.00000;0.83391;1
 24.66600; 28.75000; 1.354187e-002; 95.07324;80.00000;20.00000;0.83390;1
 24.66400; 28.80000; 1.362980e-002; 95.06555;80.00000;20.00000;0.83390;1
 24.66400; 28.85000; 1.354186e-002; 95.06170;80.00000;20.00000;0.83390;1
 24.67700; 28.90000; 1.345399e-002; 95.05882;80.00000;20.00000;0.83390;1
 24.66600; 28.95000; 1.345394e-002; 95.05786;80.00000;20.00000;0.83390;1
 24.66600; 29.00000; 1.319013e-002; 95.05786;80.00000;20.00000;0.83390;1
 24.66400; 29.05000; 1.292632e-002; 95.05786;80.00000;20.00000;0.83390;1
 24.66200; 29.10000; 1.327805e-002; 95.05594;80.00000;20.00000;0.83390;1
 24.67200; 29.15000; 1.319016e-002; 95.04921;80.00000;20.00000;0.83390;1
 24.67300; 29.20000; 1.336604e-002; 95.04344;80.00000;20.00000;0.83390;1
 24.67100; 29.25000; 1.327809e-002; 95.03960;80.00000;20.00000;0.83390;1
 24.69100; 29.30000; 1.283851e-002; 95.03864;80.00000;20.00000;0.83389;1
 24.68900; 29.35000; 1.275057e-002; 95.03864;80.00000;20.00000;0.83390;1
 24.68800; 29.40000; 1.231089e-002; 95.04056;80.00000;20.00000;0.83390;1
 24.69200; 29.45000; 1.292645e-002; 95.03960;80.00000;20.00000;0.83389;1
 24.68500; 29.50000; 1.327816e-002; 95.03864;80.00000;20.00000;0.83390;1
 24.70200; 29.55000; 1.327824e-002; 95.03672;80.00000;20.00000;0.83389;1
 24.70100; 29.60000; 1.354204e-002; 95.03479;80.00000;20.00000;0.83389;1
 24.69800; 29.65000; 1.301442e-002; 95.03383;80.00000;20.00000;0.83389;1
 24.70600; 29.70000; 1.257478e-002; 95.03095;80.00000;20.00000;0.83389;1
 24.71900; 29.75000; 1.319039e-002; 95.02999;80.00000;20.00000;0.83389;1
 24.72100; 29.80000; 1.319040e-002; 95.02903;80.00000;20.00000;0.83389;1
 24.71800; 29.85000; 1.292658e-002; 95.02710;80.00000;20.00000;0.83389;1
 24.71300; 29.90000; 1.310243e-002; 95.02230;80.00000;20.00000;0.83389;1
 24.70400; 29.95000; 1.239890e-002; 95.01749;80.00000;20.00000;0.83389;1
 24.72700; 29.99667; 1.239900e-002; 95.01749;80.00000;20.00000;0.83388;1
 24.72200; 30.00667; 1.275072e-002; 95.01461;80.00000;20.00000;0.83389;2
 24.72900; 30.01667; 1.292663e-002; 95.01365;80.00000;20.00000;0.83388;2
 24.71500; 30.02667; 1.266275e-002; 95.01365;80.00000;20.00000;0.83389;2
 24.69800; 30.03667; 1.195919e-002; 95.01365;80.00000;20.00000;0.83389;2
 24.71500; 30.04667; 1.187133e-002; 95.01365;80.00000;20.00000;0.83389;2
 24.73600; 30.05667; 1.222317e-002; 95.01365;80.00000;20.00000;0.83388;2
 24.72400; 30.06667; 1.275073e-002; 95.01461;80.00000;20.00000;0.83388;2
 24.72100; 30.07667; 1.310246e-002; 95.01461;80.00000;20.00000;0.83389;2
 24.72700; 30.08667; 1.266281e-002; 95.01365;80.00000;20.00000;0.83388;2
 24.72400; 30.09667; 1.213518e-002; 95.01365;80.00000;20.00000;0.83388;2
 24.72000; 30.10667; 1.239897e-002; 95.01269;80.00000;20.00000;0.83389;2
 24.72700; 30.11667; 1.231107e-002; 95.01269;80.00000;20.00000;0.83388;2
 24.71300; 30.12667; 1.204720e-002; 95.01173;80.00000;20.00000;0.83389;2
 24.73800; 30.13667; 1.143175e-002; 95.01269;80.00000;20.00000;0.83388;2
 24.72000; 30.14667; 1.204723e-002; 95.01076;80.00000;20.00000;0.83389;2
 24.72900; 30.15667; 1.248695e-002; 95.00788;80.00000;20.00000;0.83388;2
 24.73500; 30.16667; 1.239904e-002; 95.00500;80.00000;20.00000;0.83388;2
 24.72000; 30.17667; 1.239897e-002; 95.00211;80.00000;20.00000;0.83389;2
 24.72300; 30.18667; 1.275073e-002; 94.99923;80.00000;20.00000;0.83389;2
 24.72700; 30.19667; 1.204726e-002; 94.99731;80.00000;20.00000;0.83388;2
 24.73000; 30.20667; 1.213521e-002; 94.99539;80.00000;20.00000;0.83388;2
 24.73100; 30.21667; 1.187140e-002; 94.99250;80.00000;20.00000;0.83388;2
 24.73100; 30.22667; 1.213521e-002; 94.98866;80.00000;20.00000;0.83388;2
 24.73800; 30.23667; 1.143175e-002; 94.98289;80.00000;20.00000;0.83388;2
 24.74000; 30.24667; 1.055239e-002; 94.98001;80.00000;20.00000;0.83388;2
 24.73700; 30.25667; 1.072826e-002; 94.97713;80.00000;20.00000;0.83388;2
 24.73200; 30.26667; 1.099205e-002; 94.97424;80.00000;20.00000;0.83388;2
 24.74500; 30.27667; 1.116797e-002; 94.97232;80.00000;20.00000;0.83388;2
 24.74100; 30.28667; 1.134383e-002; 94.97232;80.00000;20.00000;0.83388;2
 24.74100; 30.29667; 1.108002e-002; 94.97136;80.00000;20.00000;0.83388;2
 24.76800; 30.30667; 1.072838e-002; 94.97040;80.00000;20.00000;0.83387;2
 24.75000; 30.31667; 1.072831e-002; 94.96944;80.00000;20.00000;0.83388;2
 24.75500; 30.32667; 1.055245e-002; 94.96847;80.00000;20.00000;0.83388;2
 24.75300; 30.33667; 1.055245e-002; 94.96751;80.00000;20.00000;0.83388;2
 24.75900; 30.34667; 1.046453e-002; 94.96751;80.00000;20.00000;0.83387;2
 24.77300; 30.35667; 1.028871e-002; 94.96751;80.00000;20.00000;0.83387;2
 24.76600; 30.36667; 9.848995e-003; 94.96751;80.00000;20.00000;0.83387;2
 24.78200; 30.37667; 1.028874e-002; 94.96751;80.00000;20.00000;0.83387;2
 24.77800; 30.38667; 1.011285e-002; 94.96751;80.00000;20.00000;0.83387;2
 24.78400; 30.39667; 9.233492e-003; 94.96655;80.00000;20.00000;0.83387;2
 24.77800; 30.40667; 8.793784e-003; 94.96655;80.00000;20.00000;0.83387;2
 24.79300; 30.41667; 8.354138e-003; 94.96463;80.00000;20.00000;0.83386;2
 24.80800; 30.42667; 8.530062e-003; 94.96367;80.00000;20.00000;0.83386;2
 24.81600; 30.43667; 7.914514e-003; 94.96271;80.00000;20.00000;0.83386;2
 24.81000; 30.44667; 7.386863e-003; 94.96367;80.00000;20.00000;0.83386;2
 24.81100; 30.45667; 6.859233e-003; 94.96367;80.00000;20.00000;0.83386;2
 24.81600; 30.46667; 5.540160e-003; 94.96463;80.00000;20.00000;0.83386;2
 24.82700; 30.47667; 5.540182e-003; 94.96463;80.00000;20.00000;0.83385;2
 24.83300; 30.48667; 5.804014e-003; 94.96463;80.00000;20.00000;0.83385;2
 24.84300; 30.49667; 5.628155e-003; 94.96559;80.00000;20.00000;0.83385;2
 24.86300; 30.50667; 5.188494e-003; 94.96655;80.00000;20.00000;0.83384;2
 24.85400; 30.51667; 5.276416e-003; 94.96847;80.00000;20.00000;0.83385;2
 24.88200; 30.52667; 5.716176e-003; 94.96944;80.00000;20.00000;0.83384;2
 24.89000; 30.53667; 5.452369e-003; 94.97136;80.00000;20.00000;0.83383;2
 24.88800; 30.54667; 4.660891e-003; 94.97136;80.00000;20.00000;0.83383;2
 24.90000; 30.55667; 4.133261e-003; 94.97136;80.00000;20.00000;0.83383;2
 24.90000; 30.56667; 3.517669e-003; 94.97328;80.00000;20.00000;0.83383;2
 24.92700; 30.57667; 3.253876e-003; 94.97424;80.00000;20.00000;0.83382;2
 24.93300; 30.58667; 2.902112e-003; 94.97616;80.00000;20.00000;0.83382;2
 24.95100; 30.59667; 2.462414e-003; 94.97713;80.00000;20.00000;0.83382;2
 24.95700; 30.60667; 2.022702e-003; 94.97809;80.00000;20.00000;0.83381;2
 24.97400; 30.61667; 1.582994e-003; 94.97905;80.00000;20.00000;0.83381;2
 24.98100; 30.62667; 1.143276e-003; 94.97809;80.00000;20.00000;0.83381;2
 24.98900; 30.63667; 6.156121e-004; 94.97809;80.00000;20.00000;0.83380;2
 25.00000; 30.64667; 1.758899e-004; 94.96944;80.00000;20.00000;0.83380;2
 25.01400; 30.65667;-3.517816e-004; 94.96367;80.00000;20.00000;0.83380;2
 25.02000; 30.66667;-1.231238e-003; 94.95982;80.00000;20.00000;0.83379;2
 25.04100; 30.67667;-1.407140e-003; 94.96655;80.00000;20.00000;0.83379;2
 25.06600; 30.68667;-1.846889e-003; 94.97136;80.00000;20.00000;0.83378;2
 25.06800; 30.69667;-2.286625e-003; 94.96175;80.00000;20.00000;0.83378;2
 25.09000; 30.70667;-2.550489e-003; 94.95502;80.00000;20.00000;0.83377;2
 25.11700; 30.71667;-2.814360e-003; 94.95406;80.00000;20.00000;0.83376;2
 25.13200; 30.72667;-4.309512e-003; 94.94733;80.00000;20.00000;0.83376;2
 25.14500; 30.73667;-5.364928e-003; 94.94541;80.00000;20.00000;0.83376;2
 25.17100; 30.74667;-4.925227e-003; 94.94829;80.00000;20.00000;0.83375;2
 25.19200; 30.75667;-5.892727e-003; 94.95790;80.00000;20.00000;0.83374;2
 25.20200; 30.76667;-6.508409e-003; 94.95310;80.00000;20.00000;0.83374;2
 25.22100; 30.77667;-7.124119e-003; 94.94925;80.00000;20.00000;0.83373;2
 25.24300; 30.78667;-7.563940e-003; 94.95406;80.00000;20.00000;0.83373;2
 25.26100; 30.79667;-8.091710e-003; 94.95790;80.00000;20.00000;0.83372;2
 25.28400; 30.80667;-9.059273e-003; 94.95502;80.00000;20.00000;0.83371;2
 25.31100; 30.81667;-9.763003e-003; 94.95117;80.00000;20.00000;0.83371;2
 25.32900; 30.82667;-9.938979e-003; 94.94349;80.00000;20.00000;0.83370;2
 25.36000; 30.83667;-1.029092e-002; 94.94637;80.00000;20.00000;0.83369;2
 25.38600; 30.84667;-1.090672e-002; 94.95117;80.00000;20.00000;0.83368;2
 25.38000; 30.85667;-1.222605e-002; 94.95021;80.00000;20.00000;0.83368;2
 25.40700; 30.86667;-1.310575e-002; 94.95982;80.00000;20.00000;0.83368;2
 25.44300; 30.87667;-1.389756e-002; 94.95598;80.00000;20.00000;0.83367;2
 25.48700; 30.88667;-1.477739e-002; 94.95117;80.00000;20.00000;0.83365;2
 25.50100; 30.89667;-1.521727e-002; 94.95694;80.00000;20.00000;0.83365;2
 25.52400; 30.90667;-1.548129e-002; 94.94637;80.00000;20.00000;0.83364;2
 25.55000; 30.91667;-1.618514e-002; 94.94925;80.00000;20.00000;0.83363;2
 25.58700; 30.92667;-1.671314e-002; 94.96367;80.00000;20.00000;0.83362;2
 25.61900; 30.93667;-1.741706e-002; 94.96367;80.00000;20.00000;0.83361;2
 25.63400; 30.94667;-1.785698e-002; 94.95886;80.00000;20.00000;0.83361;2
 25.65500; 30.95667;-1.838491e-002; 94.96655;80.00000;20.00000;0.83360;2
 25.69300; 30.96667;-1.900094e-002; 94.96847;80.00000;20.00000;0.83359;2
 25.73200; 30.97667;-1.944105e-002; 94.96751;80.00000;20.00000;0.83358;2
 25.75600; 30.98667;-2.049686e-002; 94.97520;80.00000;20.00000;0.83357;2
 25.79300; 30.99667;-2.164075e-002; 94.97809;80.00000;20.00000;0.83356;2
 25.80900; 31.00667;-2.260856e-002; 94.97328;80.00000;20.00000;0.83355;2
 25.83600; 31.01667;-2.348851e-002; 94.98578;80.00000;20.00000;0.83355;2
 25.88200; 31.02667;-2.366485e-002; 94.98193;80.00000;20.00000;0.83353;2
 25.91000; 31.03667;-2.428091e-002; 94.98866;80.00000;20.00000;0.83352;2
 25.93800; 31.04667;-2.551282e-002; 94.99250;80.00000;20.00000;0.83351;2
 25.97200; 31.05667;-2.595302e-002; 94.97809;80.00000;20.00000;0.83350;2
 26.00800; 31.06667;-2.674516e-002; 94.96847;80.00000;20.00000;0.83349;2
 26.04700; 31.07667;-2.744937e-002; 94.98385;80.00000;20.00000;0.83348;2
 26.07700; 31.08667;-2.868139e-002; 94.98289;80.00000;20.00000;0.83347;2
 26.11700; 31.09667;-2.964960e-002; 94.97136;80.00000;20.00000;0.83346;2
 26.15900; 31.10667;-3.070585e-002; 94.96751;80.00000;20.00000;0.83345;2
 26.18700; 31.11667;-3.141003e-002; 94.97232;80.00000;20.00000;0.83344;2
 26.22100; 31.12667;-3.211430e-002; 94.97136;80.00000;20.00000;0.83343;2
 26.25700; 31.13667;-3.264263e-002; 94.96463;80.00000;20.00000;0.83342;2
 26.29100; 31.14667;-3.273103e-002; 94.97616;80.00000;20.00000;0.83341;2
 26.34300; 31.15667;-3.299562e-002; 94.96655;80.00000;20.00000;0.83339;2
 26.37000; 31.16667;-3.396383e-002; 94.95598;80.00000;20.00000;0.83338;2
 26.41400; 31.17667;-3.510826e-002; 94.96751;80.00000;20.00000;0.83337;2
 26.46900; 31.18667;-3.546094e-002; 94.96655;80.00000;20.00000;0.83335;2
 26.50100; 31.19667;-3.572533e-002; 94.96175;80.00000;20.00000;0.83334;2
 26.54700; 31.20667;-3.704586e-002; 94.95406;80.00000;20.00000;0.83333;2
 26.59100; 31.21667;-3.739845e-002; 94.95310;80.00000;20.00000;0.83331;2
 26.64200; 31.22667;-3.810313e-002; 94.94637;80.00000;20.00000;0.83330;2
 26.68300; 31.23667;-3.854370e-002; 94.95021;80.00000;20.00000;0.83329;2
 26.72200; 31.24667;-3.942426e-002; 94.94637;80.00000;20.00000;0.83327;2
 26.77400; 31.25667;-4.092106e-002; 94.93772;80.00000;20.00000;0.83326;2
 26.81900; 31.26667;-4.109774e-002; 94.93291;80.00000;20.00000;0.83324;2
 26.85800; 31.27667;-4.136235e-002; 94.92715;80.00000;20.00000;0.83323;2
 26.90600; 31.28667;-4.180311e-002; 94.92811;80.00000;20.00000;0.83322;2
 26.94300; 31.29667;-4.224372e-002; 94.92619;80.00000;20.00000;0.83321;2
 26.99500; 31.30667;-4.286060e-002; 94.93099;80.00000;20.00000;0.83319;2
 27.04200; 31.31667;-4.374145e-002; 94.92042;80.00000;20.00000;0.83318;2
 27.09000; 31.32667;-4.418229e-002; 94.91081;80.00000;20.00000;0.83316;2
 27.14700; 31.33667;-4.488733e-002; 94.92522;80.00000;20.00000;0.83314;2
 27.19200; 31.34667;-4.629633e-002; 94.92715;80.00000;20.00000;0.83313;2
 27.22700; 31.35667;-4.735313e-002; 94.93003;80.00000;20.00000;0.83312;2
 27.28700; 31.36667;-4.770626e-002; 94.93772;80.00000;20.00000;0.83310;2
 27.34800; 31.37667;-4.744327e-002; 94.93772;80.00000;20.00000;0.83308;2
 27.38800; 31.38667;-4.814814e-002; 94.93964;80.00000;20.00000;0.83307;2
 27.42500; 31.39667;-4.938113e-002; 94.93772;80.00000;20.00000;0.83306;2
 27.48900; 31.40667;-4.991045e-002; 94.92715;80.00000;20.00000;0.83304;2
 27.53900; 31.41667;-5.087967e-002; 94.92811;80.00000;20.00000;0.83302;2
 27.59200; 31.42667;-5.176095e-002; 94.93387;80.00000;20.00000;0.83301;2
 27.65200; 31.43667;-5.237832e-002; 94.92715;80.00000;20.00000;0.83299;2
 27.70400; 31.44667;-5.237932e-002; 94.92522;80.00000;20.00000;0.83297;2
 27.75700; 31.45667;-5.264445e-002; 94.92522;80.00000;20.00000;0.83296;2
 27.80900; 31.46667;-5.317368e-002; 94.91850;80.00000;20.00000;0.83294;2
 27.87400; 31.47667;-5.317496e-002; 94.91273;80.00000;20.00000;0.83292;2
 27.92400; 31.48667;-5.370418e-002; 94.91561;80.00000;20.00000;0.83290;2
 27.97300; 31.49667;-5.484968e-002; 94.92042;80.00000;20.00000;0.83289;2
 28.04500; 31.50667;-5.564354e-002; 94.91177;80.00000;20.00000;0.83287;2
 28.08900; 31.51667;-5.564445e-002; 94.90600;80.00000;20.00000;0.83285;2
 28.16400; 31.52667;-5.564599e-002; 94.90504;80.00000;20.00000;0.83283;2
 28.21200; 31.53667;-5.599917e-002; 94.90312;80.00000;20.00000;0.83282;2
 28.27900; 31.54667;-5.661692e-002; 94.89927;80.00000;20.00000;0.83279;2
 28.33200; 31.55667;-5.697025e-002; 94.88870;80.00000;20.00000;0.83278;2
 28.38100; 31.56667;-5.749960e-002; 94.88966;80.00000;20.00000;0.83276;2
 28.44700; 31.57667;-5.785324e-002; 94.87717;80.00000;20.00000;0.83274;2
 28.51000; 31.58667;-5.759041e-002; 94.89158;80.00000;20.00000;0.83272;2
 28.56200; 31.59667;-5.803183e-002; 94.87813;80.00000;20.00000;0.83271;2
 28.62600; 31.60667;-5.882577e-002; 94.87140;80.00000;20.00000;0.83269;2
 28.67400; 31.61667;-5.961939e-002; 94.87813;80.00000;20.00000;0.83267;2
 28.75700; 31.62667;-5.944509e-002; 94.87332;80.00000;20.00000;0.83265;2
 28.80200; 31.63667;-5.909381e-002; 94.87140;80.00000;20.00000;0.83263;2
 28.85700; 31.64667;-5.962344e-002; 94.86852;80.00000;20.00000;0.83262;2
 28.92700; 31.65667;-5.944884e-002; 94.86563;80.00000;20.00000;0.83259;2
 29.00200; 31.66667;-5.936242e-002; 94.86756;80.00000;20.00000;0.83257;2
 29.05800; 31.67667;-5.980403e-002; 94.87140;80.00000;20.00000;0.83255;2
 29.12000; 31.68667;-5.901270e-002; 94.87332;80.00000;20.00000;0.83253;2
 29.18000; 31.69667;-5.971866e-002; 94.87621;80.00000;20.00000;0.83252;2
 29.23600; 31.70667;-5.971991e-002; 94.87621;80.00000;20.00000;0.83250;2
 29.31900; 31.71667;-5.954558e-002; 94.88005;80.00000;20.00000;0.83247;2
 29.36700; 31.72667;-6.051559e-002; 94.88678;80.00000;20.00000;0.83246;2
 29.43500; 31.73667;-6.069330e-002; 94.89735;80.00000;20.00000;0.83244;2
 29.51700; 31.74667;-6.025469e-002; 94.89831;80.00000;20.00000;0.83241;2
 29.56200; 31.75667;-5.937477e-002; 94.90023;80.00000;20.00000;0.83240;2
 29.63400; 31.76667;-5.981684e-002; 94.90120;80.00000;20.00000;0.83238;2
 29.70400; 31.77667;-5.990650e-002; 94.89927;80.00000;20.00000;0.83235;2
 29.76100; 31.78667;-5.981967e-002; 94.89639;80.00000;20.00000;0.83234;2
 29.81800; 31.79667;-5.990903e-002; 94.91081;80.00000;20.00000;0.83232;2
 29.88400; 31.80667;-5.991051e-002; 94.91850;80.00000;20.00000;0.83230;2
 29.95700; 31.81667;-6.026456e-002; 94.91369;80.00000;20.00000;0.83228;2
 30.02400; 31.82667;-6.035418e-002; 94.91081;80.00000;20.00000;0.83226;2
 30.07700; 31.83667;-6.035537e-002; 94.91369;80.00000;20.00000;0.83224;2
 30.14600; 31.84667;-5.982824e-002; 94.91561;80.00000;20.00000;0.83222;2
 30.22300; 31.85667;-6.000619e-002; 94.91561;80.00000;20.00000;0.83219;2
 30.29000; 31.86667;-6.027204e-002; 94.91081;80.00000;20.00000;0.83217;2
 30.35400; 31.87667;-6.018536e-002; 94.90792;80.00000;20.00000;0.83215;2
 30.42700; 31.88667;-5.930578e-002; 94.91465;80.00000;20.00000;0.83213;2
 30.48700; 31.89667;-5.913087e-002; 94.92330;80.00000;20.00000;0.83211;2
 30.55700; 31.90667;-5.913241e-002; 94.91561;80.00000;20.00000;0.83209;2
 30.64800; 31.91667;-5.913441e-002; 94.89735;80.00000;20.00000;0.83206;2
 30.70300; 31.92667;-5.834246e-002; 94.88966;80.00000;20.00000;0.83204;2
 30.79000; 31.93667;-5.807995e-002; 94.89927;80.00000;20.00000;0.83202;2
 30.85100; 31.94667;-5.852195e-002; 94.90216;80.00000;20.00000;0.83200;2
 30.91300; 31.95667;-5.781821e-002; 94.89831;80.00000;20.00000;0.83198;2
 30.99400; 31.96667;-5.746739e-002; 94.89543;80.00000;20.00000;0.83195;2
 31.06300; 31.97667;-5.738073e-002; 94.89351;80.00000;20.00000;0.83193;2
 31.11700; 31.98667;-5.729375e-002; 94.88582;80.00000;20.00000;0.83192;2
 31.19600; 31.99667;-5.720729e-002; 94.88005;80.00000;20.00000;0.83189;2
 31.26200; 32.00667;-5.720871e-002; 94.88966;80.00000;20.00000;0.83187;2
 31.34700; 32.01667;-5.712238e-002; 94.89927;80.00000;20.00000;0.83184;2
 31.40400; 32.02667;-5.712359e-002; 94.89927;80.00000;20.00000;0.83183;2
 31.47600; 32.03667;-5.686067e-002; 94.89062;80.00000;20.00000;0.83180;2
 31.55800; 32.04667;-5.642161e-002; 94.88966;80.00000;20.00000;0.83178;2
 31.62000; 32.05667;-5.598212e-002; 94.89447;80.00000;20.00000;0.83176;2
 31.69800; 32.06667;-5.545478e-002; 94.89447;80.00000;20.00000;0.83173;2
 31.77500; 32.07667;-5.528005e-002; 94.89255;80.00000;20.00000;0.83171;2
 31.83700; 32.08667;-5.510500e-002; 94.88870;80.00000;20.00000;0.83169;2
 31.91300; 32.09667;-5.466571e-002; 94.88966;80.00000;20.00000;0.83167;2
 31.97300; 32.10667;-5.422608e-002; 94.89639;80.00000;20.00000;0.83165;2
 32.06100; 32.11667;-5.413969e-002; 94.90312;80.00000;20.00000;0.83162;2
 32.13300; 32.12667;-5.414116e-002; 94.90504;80.00000;20.00000;0.83160;2
 32.19700; 32.13667;-5.378974e-002; 94.90023;80.00000;20.00000;0.83158;2
 32.26900; 32.14667;-5.308573e-002; 94.89447;80.00000;20.00000;0.83156;2
 32.36000; 32.15667;-5.264662e-002; 94.89158;80.00000;20.00000;0.83153;2
 32.41600; 32.16667;-5.247135e-002; 94.88966;80.00000;20.00000;0.83151;2
 32.48700; 32.17667;-5.309008e-002; 94.89639;80.00000;20.00000;0.83149;2
 32.58700; 32.18667;-5.229834e-002; 94.90408;80.00000;20.00000;0.83146;2
 32.64800; 32.19667;-5.203495e-002; 94.91177;80.00000;20.00000;0.83144;2
 32.72000; 32.20667;-5.203636e-002; 94.91369;80.00000;20.00000;0.83142;2
 32.79600; 32.21667;-5.045025e-002; 94.91369;80.00000;20.00000;0.83139;2
 32.88600; 32.22667;-4.948173e-002; 94.91657;80.00000;20.00000;0.83136;2
 32.94600; 32.23667;-4.939464e-002; 94.91850;80.00000;20.00000;0.83135;2
 33.03800; 32.24667;-4.948456e-002; 94.91850;80.00000;20.00000;0.83132;2
 33.10500; 32.25667;-4.975044e-002; 94.91946;80.00000;20.00000;0.83130;2
 33.17800; 32.26667;-4.939896e-002; 94.91946;80.00000;20.00000;0.83127;2
 33.24500; 32.27667;-4.887091e-002; 94.92522;80.00000;20.00000;0.83125;2
 33.31600; 32.28667;-4.869579e-002; 94.93003;80.00000;20.00000;0.83123;2
 33.40500; 32.29667;-4.869742e-002; 94.92715;80.00000;20.00000;0.83120;2
 33.47500; 32.30667;-4.887515e-002; 94.92522;80.00000;20.00000;0.83118;2
 33.56200; 32.31667;-4.896498e-002; 94.92619;80.00000;20.00000;0.83115;2
 33.62600; 32.32667;-4.799566e-002; 94.92715;80.00000;20.00000;0.83113;2
 33.68800; 32.33667;-4.773209e-002; 94.92522;80.00000;20.00000;0.83111;2
 33.77300; 32.34667;-4.799832e-002; 94.91177;80.00000;20.00000;0.83109;2
 33.85300; 32.35667;-4.685272e-002; 94.90600;80.00000;20.00000;0.83106;2
 33.93100; 32.36667;-4.667763e-002; 94.90696;80.00000;20.00000;0.83104;2
 34.01300; 32.37667;-4.623787e-002; 94.91081;80.00000;20.00000;0.83101;2
 34.09300; 32.38667;-4.641576e-002; 94.90792;80.00000;20.00000;0.83099;2
 34.17100; 32.39667;-4.650537e-002; 94.90696;80.00000;20.00000;0.83096;2
 34.24400; 32.40667;-4.535943e-002; 94.90792;80.00000;20.00000;0.83094;2
 34.32200; 32.41667;-4.491952e-002; 94.90600;80.00000;20.00000;0.83091;2
 34.40300; 32.42667;-4.456788e-002; 94.90312;80.00000;20.00000;0.83089;2
 34.47700; 32.43667;-4.439261e-002; 94.89831;80.00000;20.00000;0.83087;2
 34.56300; 32.44667;-4.439405e-002; 94.89639;80.00000;20.00000;0.83084;2
 34.63600; 32.45667;-4.386571e-002; 94.89735;80.00000;20.00000;0.83082;2
 34.71500; 32.46667;-4.324918e-002; 94.89639;80.00000;20.00000;0.83079;2
 34.78900; 32.47667;-4.289733e-002; 94.89447;80.00000;20.00000;0.83077;2
 34.86200; 32.48667;-4.281025e-002; 94.89255;80.00000;20.00000;0.83074;2
 34.94500; 32.49667;-4.298813e-002; 94.88197;80.00000;20.00000;0.83072;2
 35.02400; 32.50667;-4.290115e-002; 94.87525;80.00000;20.00000;0.83069;2
 35.10100; 32.51667;-4.290240e-002; 94.87717;80.00000;20.00000;0.83067;2
 35.18200; 32.52667;-4.228576e-002; 94.87909;80.00000;20.00000;0.83064;2
 35.25500; 32.53667;-4.184552e-002; 94.87813;80.00000;20.00000;0.83062;2
 35.33500; 32.54667;-4.219993e-002; 94.87525;80.00000;20.00000;0.83060;2
 35.42100; 32.55667;-4.123015e-002; 94.87909;80.00000;20.00000;0.83057;2
 35.49400; 32.56667;-4.123129e-002; 94.88101;80.00000;20.00000;0.83054;2
 35.58000; 32.57667;-4.079117e-002; 94.88390;80.00000;20.00000;0.83052;2
 35.65100; 32.58667;-4.123375e-002; 94.88293;80.00000;20.00000;0.83050;2
 35.73800; 32.59667;-4.150000e-002; 94.87909;80.00000;20.00000;0.83047;2
 35.81100; 32.60667;-4.114796e-002; 94.87525;80.00000;20.00000;0.83044;2
 35.90200; 32.61667;-4.123768e-002; 94.87428;80.00000;20.00000;0.83042;2
 35.97200; 32.62667;-4.026741e-002; 94.87621;80.00000;20.00000;0.83039;2
 36.05000; 32.63667;-3.929722e-002; 94.87621;80.00000;20.00000;0.83037;2
 36.14600; 32.64667;-3.947528e-002; 94.87621;80.00000;20.00000;0.83034;2
 36.21200; 32.65667;-3.929964e-002; 94.87717;80.00000;20.00000;0.83032;2
 36.28500; 32.66667;-3.947737e-002; 94.87813;80.00000;20.00000;0.83030;2
 36.38800; 32.67667;-3.930227e-002; 94.87717;80.00000;20.00000;0.83026;2
 36.46000; 32.68667;-3.877341e-002; 94.87717;80.00000;20.00000;0.83024;2
 36.54400; 32.69667;-3.886298e-002; 94.87717;80.00000;20.00000;0.83021;2
 36.61000; 32.70667;-3.886396e-002; 94.87813;80.00000;20.00000;0.83019;2
 36.69400; 32.71667;-3.886520e-002; 94.87813;80.00000;20.00000;0.83017;2
 36.77900; 32.72667;-3.868979e-002; 94.87813;80.00000;20.00000;0.83014;2
 36.84000; 32.73667;-3.860236e-002; 94.87813;80.00000;20.00000;0.83012;2
 36.93600; 32.74667;-3.833876e-002; 94.87236;80.00000;20.00000;0.83009;2
 37.03200; 32.75667;-3.878187e-002; 94.86852;80.00000;20.00000;0.83006;2
 37.10600; 32.76667;-3.851793e-002; 94.86563;80.00000;20.00000;0.83004;2
 37.19600; 32.77667;-3.860760e-002; 94.86659;80.00000;20.00000;0.83001;2
 37.27600; 32.78667;-3.807869e-002; 94.86852;80.00000;20.00000;0.82998;2
 37.34700; 32.79667;-3.763796e-002; 94.86852;80.00000;20.00000;0.82996;2
 37.43100; 32.80667;-3.763916e-002; 94.86756;80.00000;20.00000;0.82993;2
 37.51900; 32.81667;-3.808222e-002; 94.86659;80.00000;20.00000;0.82990;2
 37.59700; 32.82667;-3.790663e-002; 94.86467;80.00000;20.00000;0.82988;2
 37.68500; 32.83667;-3.817300e-002; 94.86563;80.00000;20.00000;0.82985;2
 37.77700; 32.84667;-3.764414e-002; 94.86563;80.00000;20.00000;0.82982;2
 37.84300; 32.85667;-3.737998e-002; 94.86563;80.00000;20.00000;0.82980;2
 37.93300; 32.86667;-3.746964e-002; 94.86563;80.00000;20.00000;0.82977;2
 38.01600; 32.87667;-3.817783e-002; 94.86275;80.00000;20.00000;0.82975;2
 38.11500; 32.88667;-3.817928e-002; 94.86179;80.00000;20.00000;0.82972;2
 38.17900; 32.89667;-3.835697e-002; 94.85891;80.00000;20.00000;0.82970;2
 38.24700; 32.90667;-3.853474e-002; 94.85506;80.00000;20.00000;0.82967;2
 38.34200; 32.91667;-3.827098e-002; 94.85410;80.00000;20.00000;0.82964;2
 38.42600; 32.92667;-3.880255e-002; 94.85314;80.00000;20.00000;0.82962;2
 38.51800; 32.93667;-3.880391e-002; 94.85602;80.00000;20.00000;0.82959;2
 38.58700; 32.94667;-3.889333e-002; 94.85794;80.00000;20.00000;0.82957;2
 38.67300; 32.95667;-3.862943e-002; 94.85987;80.00000;20.00000;0.82954;2
 38.76500; 32.96667;-3.924959e-002; 94.86275;80.00000;20.00000;0.82951;2
 38.85000; 32.97667;-3.916247e-002; 94.86275;80.00000;20.00000;0.82948;2
 38.93200; 32.98667;-3.951732e-002; 94.85987;80.00000;20.00000;0.82946;2
 39.02000; 32.99667;-3.907661e-002; 94.85794;80.00000;20.00000;0.82943;2
 39.09400; 33.00667;-3.890090e-002; 94.85794;80.00000;20.00000;0.82940;2
 39.19000; 33.01667;-3.916758e-002; 94.85698;80.00000;20.00000;0.82937;2
 39.27200; 33.02667;-3.934565e-002; 94.85602;80.00000;20.00000;0.82935;2
 39.35000; 33.03667;-3.925841e-002; 94.85506;80.00000;20.00000;0.82932;2
 39.43600; 33.04667;-3.952498e-002; 94.85410;80.00000;20.00000;0.82929;2
 39.52900; 33.05667;-3.961481e-002; 94.85026;80.00000;20.00000;0.82927;2
 39.60700; 33.06667;-3.988129e-002; 94.84353;80.00000;20.00000;0.82924;2
 39.69900; 33.07667;-3.997114e-002; 94.83776;80.00000;20.00000;0.82921;2
 39.77900; 33.08667;-4.014924e-002; 94.83392;80.00000;20.00000;0.82919;2
 39.86900; 33.09667;-4.032750e-002; 94.83296;80.00000;20.00000;0.82916;2
 39.96500; 33.10667;-4.050588e-002; 94.83007;80.00000;20.00000;0.82913;2
 40.04100; 33.11667;-4.086083e-002; 94.82719;80.00000;20.00000;0.82910;2
 40.13000; 33.12667;-4.112757e-002; 94.82431;80.00000;20.00000;0.82907;2
 40.21900; 33.13667;-4.157123e-002; 94.82334;80.00000;20.00000;0.82904;2
 40.30200; 33.14667;-4.166102e-002; 94.82527;80.00000;20.00000;0.82902;2
 40.39400; 33.15667;-4.183940e-002; 94.82431;80.00000;20.00000;0.82899;2
 40.45900; 33.16667;-4.210583e-002; 94.81854;80.00000;20.00000;0.82897;2
 40.57400; 33.17667;-4.255000e-002; 94.81469;80.00000;20.00000;0.82893;2
 40.65700; 33.18667;-4.308215e-002; 94.81277;80.00000;20.00000;0.82890;2
 40.73100; 33.19667;-4.281798e-002; 94.81373;80.00000;20.00000;0.82888;2
 40.83700; 33.20667;-4.308515e-002; 94.81181;80.00000;20.00000;0.82885;2
 40.91600; 33.21667;-4.370578e-002; 94.81181;80.00000;20.00000;0.82882;2
 41.01300; 33.22667;-4.406132e-002; 94.81085;80.00000;20.00000;0.82879;2
 41.10600; 33.23667;-4.388594e-002; 94.80893;80.00000;20.00000;0.82876;2
 41.19900; 33.24667;-4.397601e-002; 94.80700;80.00000;20.00000;0.82873;2
 41.28600; 33.25667;-4.468538e-002; 94.80700;80.00000;20.00000;0.82870;2
 41.36000; 33.26667;-4.486363e-002; 94.80412;80.00000;20.00000;0.82868;2
 41.45300; 33.27667;-4.513072e-002; 94.80316;80.00000;20.00000;0.82865;2
 41.54200; 33.28667;-4.557475e-002; 94.80220;80.00000;20.00000;0.82862;2
 41.63500; 33.29667;-4.593039e-002; 94.79932;80.00000;20.00000;0.82859;2
 41.72900; 33.30667;-4.637456e-002; 94.79451;80.00000;20.00000;0.82856;2
 41.82100; 33.31667;-4.664173e-002; 94.79163;80.00000;20.00000;0.82853;2
 41.91200; 33.32667;-4.743994e-002; 94.78778;80.00000;20.00000;0.82850;2
 41.99200; 33.33667;-4.726439e-002; 94.78970;80.00000;20.00000;0.82848;2
 42.08500; 33.34667;-4.779718e-002; 94.79067;80.00000;20.00000;0.82845;2
 42.17300; 33.35667;-4.877249e-002; 94.79355;80.00000;20.00000;0.82842;2
 42.26900; 33.36667;-4.859727e-002; 94.79259;80.00000;20.00000;0.82839;2
 42.34700; 33.37667;-4.912987e-002; 94.79259;80.00000;20.00000;0.82836;2
 42.45400; 33.38667;-4.939749e-002; 94.79163;80.00000;20.00000;0.82833;2
 42.54200; 33.39667;-4.957624e-002; 94.79067;80.00000;20.00000;0.82830;2
 42.62600; 33.40667;-4.993198e-002; 94.78970;80.00000;20.00000;0.82827;2
 42.72600; 33.41667;-5.028807e-002; 94.78874;80.00000;20.00000;0.82824;2
 42.81500; 33.42667;-5.055542e-002; 94.78970;80.00000;20.00000;0.82821;2
 42.90600; 33.43667;-5.153117e-002; 94.79163;80.00000;20.00000;0.82818;2
 43.00100; 33.44667;-5.171016e-002; 94.79355;80.00000;20.00000;0.82815;2
 43.10000; 33.45667;-5.180070e-002; 94.79547;80.00000;20.00000;0.82812;2
 43.18600; 33.46667;-5.215664e-002; 94.79643;80.00000;20.00000;0.82809;2
 43.29000; 33.47667;-5.260153e-002; 94.79643;80.00000;20.00000;0.82806;2
 43.38100; 33.48667;-5.304618e-002; 94.79643;80.00000;20.00000;0.82803;2
 43.48100; 33.49667;-5.366818e-002; 94.79259;80.00000;20.00000;0.82800;2
 43.56000; 33.50667;-5.393552e-002; 94.78874;80.00000;20.00000;0.82797;2
 43.63600; 33.51667;-5.429139e-002; 94.78682;80.00000;20.00000;0.82795;2
 43.74900; 33.52667;-5.473663e-002; 94.78490;80.00000;20.00000;0.82791;2
 43.84500; 33.53667;-5.482726e-002; 94.78490;80.00000;20.00000;0.82788;2
 43.92500; 33.54667;-5.606904e-002; 94.78394;80.00000;20.00000;0.82785;2
 44.02500; 33.55667;-5.686845e-002; 94.78394;80.00000;20.00000;0.82782;2
 44.12200; 33.56667;-5.660486e-002; 94.78298;80.00000;20.00000;0.82779;2
 44.21600; 33.57667;-5.704987e-002; 94.78105;80.00000;20.00000;0.82776;2
 44.31200; 33.58667;-5.740637e-002; 94.77817;80.00000;20.00000;0.82773;2
 44.41700; 33.59667;-5.794028e-002; 94.77625;80.00000;20.00000;0.82769;2
 44.51000; 33.60667;-5.847398e-002; 94.77337;80.00000;20.00000;0.82766;2
 44.59600; 33.61667;-5.900754e-002; 94.76952;80.00000;20.00000;0.82764;2
 44.69100; 33.62667;-5.900974e-002; 94.76471;80.00000;20.00000;0.82761;2
 44.78600; 33.63667;-5.927775e-002; 94.75799;80.00000;20.00000;0.82758;2
 44.88500; 33.64667;-5.998892e-002; 94.75318;80.00000;20.00000;0.82754;2
 44.98100; 33.65667;-6.052286e-002; 94.75222;80.00000;20.00000;0.82751;2
 45.09200; 33.66667;-6.087996e-002; 94.75222;80.00000;20.00000;0.82748;2
 45.18400; 33.67667;-6.105939e-002; 94.75222;80.00000;20.00000;0.82745;2
 45.26700; 33.68667;-6.159312e-002; 94.75126;80.00000;20.00000;0.82742;2
 45.37500; 33.69667;-6.203886e-002; 94.75126;80.00000;20.00000;0.82738;2
 45.46600; 33.70667;-6.266149e-002; 94.75222;80.00000;20.00000;0.82735;2
 45.56200; 33.71667;-6.328428e-002; 94.75126;80.00000;20.00000;0.82732;2
 45.66400; 33.72667;-6.302091e-002; 94.75222;80.00000;20.00000;0.82729;2
 45.75600; 33.73667;-6.382094e-002; 94.75318;80.00000;20.00000;0.82726;2
 45.85600; 33.74667;-6.400073e-002; 94.75222;80.00000;20.00000;0.82723;2
 45.95900; 33.75667;-6.426927e-002; 94.75318;80.00000;20.00000;0.82719;2
 46.04800; 33.76667;-6.462611e-002; 94.75222;80.00000;20.00000;0.82717;2
 46.15200; 33.77667;-6.533799e-002; 94.75222;80.00000;20.00000;0.82713;2
 46.25700; 33.78667;-6.542934e-002; 94.75222;80.00000;20.00000;0.82710;2
 46.34200; 33.79667;-6.622947e-002; 94.75222;80.00000;20.00000;0.82707;2
 46.45700; 33.80667;-6.685313e-002; 94.75126;80.00000;20.00000;0.82703;2
 46.53900; 33.81667;-6.765330e-002; 94.75030;80.00000;20.00000;0.82701;2
 46.65900; 33.82667;-6.827720e-002; 94.75030;80.00000;20.00000;0.82697;2
 46.75100; 33.83667;-6.872305e-002; 94.74838;80.00000;20.00000;0.82694;2
 46.84600; 33.84667;-6.881429e-002; 94.74645;80.00000;20.00000;0.82691;2
 46.94200; 33.85667;-6.961503e-002; 94.74453;80.00000;20.00000;0.82687;2
 47.04900; 33.86667;-7.032745e-002; 94.74453;80.00000;20.00000;0.82684;2
 47.14300; 33.87667;-6.970924e-002; 94.74549;80.00000;20.00000;0.82681;2
 47.25000; 33.88667;-7.068779e-002; 94.74453;80.00000;20.00000;0.82677;2
 47.34400; 33.89667;-7.086780e-002; 94.74453;80.00000;20.00000;0.82674;2
 47.43800; 33.90667;-7.122523e-002; 94.74357;80.00000;20.00000;0.82671;2
 47.56100; 33.91667;-7.149480e-002; 94.74261;80.00000;20.00000;0.82667;2
 47.64500; 33.92667;-7.229553e-002; 94.74069;80.00000;20.00000;0.82665;2
 47.74700; 33.93667;-7.220973e-002; 94.73876;80.00000;20.00000;0.82661;2
 47.86200; 33.94667;-7.274529e-002; 94.73396;80.00000;20.00000;0.82657;2
 47.95100; 33.95667;-7.345759e-002; 94.72819;80.00000;20.00000;0.82655;2
 48.05000; 33.96667;-7.399279e-002; 94.72627;80.00000;20.00000;0.82651;2
 48.16600; 33.97667;-7.443981e-002; 94.72723;80.00000;20.00000;0.82648;2
 48.26400; 33.98667;-7.470887e-002; 94.72819;80.00000;20.00000;0.82644;2
 48.35100; 33.99667;-7.488891e-002; 94.72627;80.00000;20.00000;0.82641;2
 48.45900; 34.00667;-7.524705e-002; 94.72435;80.00000;20.00000;0.82638;2
 48.57000; 34.01667;-7.560531e-002; 94.72146;80.00000;20.00000;0.82634;2
 48.67500; 34.02667;-7.569721e-002; 94.71858;80.00000;20.00000;0.82631;2
 48.76500; 34.03667;-7.632112e-002; 94.71474;80.00000;20.00000;0.82628;2
 48.87300; 34.04667;-7.667938e-002; 94.71089;80.00000;20.00000;0.82624;2
 48.98000; 34.05667;-7.650513e-002; 94.70801;80.00000;20.00000;0.82621;2
 49.09800; 34.06667;-7.704126e-002; 94.70320;80.00000;20.00000;0.82617;2
 49.18900; 34.07667;-7.748785e-002; 94.70032;80.00000;20.00000;0.82614;2
 49.28100; 34.08667;-7.784573e-002; 94.69744;80.00000;20.00000;0.82611;2
 49.38900; 34.09667;-7.820414e-002; 94.69647;80.00000;20.00000;0.82607;2
 49.50500; 34.10667;-7.829652e-002; 94.69551;80.00000;20.00000;0.82604;2
 49.60500; 34.11667;-7.847717e-002; 94.69359;80.00000;20.00000;0.82600;2
 49.70400; 34.12667;-7.892416e-002; 94.69263;80.00000;20.00000;0.82597;2
 49.81300; 34.13667;-7.919392e-002; 94.69263;80.00000;20.00000;0.82594;2
 49.91600; 34.14667;-7.946353e-002; 94.69167;80.00000;20.00000;0.82590;2
 50.01800; 34.15667;-8.008828e-002; 94.69071;80.00000;20.00000;0.82587;2
 50.12500; 34.16667;-8.000290e-002; 94.68782;80.00000;20.00000;0.82583;2
 50.22900; 34.17667;-8.053900e-002; 94.68686;80.00000;20.00000;0.82580;2
 50.33500; 34.18667;-8.089760e-002; 94.68494;80.00000;20.00000;0.82576;2
 50.43000; 34.19667;-8.098947e-002; 94.68494;80.00000;20.00000;0.82573;2
 50.53400; 34.20667;-8.161448e-002; 94.68398;80.00000;20.00000;0.82570;2
 50.65000; 34.21667;-8.241757e-002; 94.68302;80.00000;20.00000;0.82566;2
 50.74700; 34.22667;-8.224311e-002; 94.68206;80.00000;20.00000;0.82563;2
 50.84400; 34.23667;-8.224630e-002; 94.68014;80.00000;20.00000;0.82560;2
 50.94800; 34.24667;-8.260500e-002; 94.67917;80.00000;20.00000;0.82556;2
 51.05200; 34.25667;-8.287492e-002; 94.67437;80.00000;20.00000;0.82553;2
 51.16300; 34.26667;-8.270093e-002; 94.66956;80.00000;20.00000;0.82549;2
 51.26800; 34.27667;-8.270440e-002; 94.66476;80.00000;20.00000;0.82546;2
 51.38100; 34.28667;-8.279697e-002; 94.66091;80.00000;20.00000;0.82542;2
 51.49800; 34.29667;-8.297853e-002; 94.65899;80.00000;20.00000;0.82538;2
 51.60800; 34.30667;-8.342641e-002; 94.65899;80.00000;20.00000;0.82534;2
 51.71300; 34.31667;-8.342991e-002; 94.65707;80.00000;20.00000;0.82531;2
 51.80600; 34.32667;-8.387728e-002; 94.65515;80.00000;20.00000;0.82528;2
 51.92900; 34.33667;-8.459227e-002; 94.65418;80.00000;20.00000;0.82524;2
 52.02300; 34.34667;-8.486204e-002; 94.65130;80.00000;20.00000;0.82521;2
 52.14300; 34.35667;-8.504385e-002; 94.65034;80.00000;20.00000;0.82517;2
 52.24700; 34.36667;-8.513627e-002; 94.64842;80.00000;20.00000;0.82513;2
 52.34200; 34.37667;-8.540613e-002; 94.64842;80.00000;20.00000;0.82510;2
 52.45700; 34.38667;-8.532119e-002; 94.64842;80.00000;20.00000;0.82506;2
 52.56000; 34.39667;-8.541359e-002; 94.64842;80.00000;20.00000;0.82503;2
 52.67400; 34.40667;-8.577304e-002; 94.64746;80.00000;20.00000;0.82499;2
 52.77800; 34.41667;-8.595439e-002; 94.64650;80.00000;20.00000;0.82496;2
 52.89200; 34.42667;-8.578054e-002; 94.64553;80.00000;20.00000;0.82492;2
 52.99600; 34.43667;-8.578412e-002; 94.64265;80.00000;20.00000;0.82489;2
 53.10200; 34.44667;-8.605448e-002; 94.64169;80.00000;20.00000;0.82485;2
 53.20600; 34.45667;-8.650259e-002; 94.63688;80.00000;20.00000;0.82482;2
 53.32800; 34.46667;-8.677356e-002; 94.63496;80.00000;20.00000;0.82478;2
 53.43300; 34.47667;-8.713286e-002; 94.62920;80.00000;20.00000;0.82474;2
 53.54100; 34.48667;-8.686991e-002; 94.62343;80.00000;20.00000;0.82470;2
 53.65000; 34.49667;-8.669588e-002; 94.62055;80.00000;20.00000;0.82467;2
 53.74700; 34.50667;-8.643250e-002; 94.61766;80.00000;20.00000;0.82464;2
 53.86900; 34.51667;-8.652567e-002; 94.61382;80.00000;20.00000;0.82460;2
 53.98200; 34.52667;-8.670747e-002; 94.60997;80.00000;20.00000;0.82456;2
 54.08600; 34.53667;-8.671110e-002; 94.60613;80.00000;20.00000;0.82452;2
 54.20100; 34.54667;-8.680406e-002; 94.60324;80.00000;20.00000;0.82449;2
 54.28900; 34.55667;-8.645138e-002; 94.60132;80.00000;20.00000;0.82446;2
 54.40600; 34.56667;-8.672230e-002; 94.59844;80.00000;20.00000;0.82442;2
 54.50700; 34.57667;-8.699268e-002; 94.59748;80.00000;20.00000;0.82438;2
 54.62600; 34.58667;-8.735267e-002; 94.59556;80.00000;20.00000;0.82434;2
 54.75100; 34.59667;-8.762396e-002; 94.59363;80.00000;20.00000;0.82430;2
 54.85600; 34.60667;-8.744976e-002; 94.59171;80.00000;20.00000;0.82427;2
 54.94900; 34.61667;-8.763097e-002; 94.59075;80.00000;20.00000;0.82424;2
 55.06700; 34.62667;-8.781309e-002; 94.59075;80.00000;20.00000;0.82420;2
 55.18900; 34.63667;-8.781742e-002; 94.58883;80.00000;20.00000;0.82416;2
 55.27200; 34.64667;-8.737549e-002; 94.58594;80.00000;20.00000;0.82413;2
 55.39000; 34.65667;-8.720170e-002; 94.58402;80.00000;20.00000;0.82409;2
 55.49700; 34.66667;-8.720548e-002; 94.58114;80.00000;20.00000;0.82405;2
 55.61300; 34.67667;-8.729856e-002; 94.57826;80.00000;20.00000;0.82401;2
 55.72700; 34.68667;-8.774755e-002; 94.57345;80.00000;20.00000;0.82398;2
 55.83300; 34.69667;-8.784032e-002; 94.56961;80.00000;20.00000;0.82394;2
 55.93800; 34.70667;-8.802207e-002; 94.56576;80.00000;20.00000;0.82391;2
 56.05900; 34.71667;-8.758136e-002; 94.56288;80.00000;20.00000;0.82387;2
 56.16500; 34.72667;-8.847522e-002; 94.56384;80.00000;20.00000;0.82383;2
 56.28300; 34.73667;-8.936960e-002; 94.56288;80.00000;20.00000;0.82379;2
 56.39300; 34.74667;-8.910653e-002; 94.56288;80.00000;20.00000;0.82375;2
 56.49600; 34.75667;-8.893222e-002; 94.56192;80.00000;20.00000;0.82372;2
 56.60900; 34.76667;-8.866922e-002; 94.55999;80.00000;20.00000;0.82368;2
 56.72800; 34.77667;-8.876254e-002; 94.55807;80.00000;20.00000;0.82364;2
 56.83500; 34.78667;-8.814317e-002; 94.55615;80.00000;20.00000;0.82361;2
 56.94200; 34.79667;-8.796893e-002; 94.55327;80.00000;20.00000;0.82357;2
 57.04500; 34.80667;-8.850686e-002; 94.55134;80.00000;20.00000;0.82354;2
 57.14700; 34.81667;-8.877767e-002; 94.54654;80.00000;20.00000;0.82350;2
 57.26600; 34.82667;-8.922721e-002; 94.54365;80.00000;20.00000;0.82346;2
 57.37600; 34.83667;-8.878594e-002; 94.54077;80.00000;20.00000;0.82343;2
 57.48700; 34.84667;-8.887901e-002; 94.53789;80.00000;20.00000;0.82339;2
 57.61600; 34.85667;-8.861650e-002; 94.53404;80.00000;20.00000;0.82334;2
 57.71100; 34.86667;-8.826367e-002; 94.53116;80.00000;20.00000;0.82331;2
 57.81200; 34.87667;-8.835637e-002; 94.52828;80.00000;20.00000;0.82328;2
 57.93800; 34.88667;-8.836091e-002; 94.52732;80.00000;20.00000;0.82324;2
 58.04900; 34.89667;-8.836492e-002; 94.52635;80.00000;20.00000;0.82320;2
 58.15200; 34.90667;-8.836863e-002; 94.52539;80.00000;20.00000;0.82316;2
 58.26000; 34.91667;-8.819435e-002; 94.52539;80.00000;20.00000;0.82313;2
 58.38500; 34.92667;-8.810977e-002; 94.52539;80.00000;20.00000;0.82309;2
 58.49100; 34.93667;-8.846996e-002; 94.52443;80.00000;20.00000;0.82305;2
 58.58000; 34.94667;-8.900776e-002; 94.52251;80.00000;20.00000;0.82302;2
 58.72000; 34.95667;-8.865644e-002; 94.52155;80.00000;20.00000;0.82297;2
 58.82500; 34.96667;-8.794741e-002; 94.52059;80.00000;20.00000;0.82294;2
 58.93900; 34.97667;-8.848617e-002; 94.51867;80.00000;20.00000;0.82290;2
 59.05200; 34.98667;-8.822292e-002; 94.51770;80.00000;20.00000;0.82286;2
 59.16700; 34.99667;-8.804884e-002; 94.51578;80.00000;20.00000;0.82282;2
 59.27500; 35.00667;-8.787448e-002; 94.51386;80.00000;20.00000;0.82279;2
 59.40400; 35.01667;-8.796826e-002; 94.51001;80.00000;20.00000;0.82274;2
 59.49500; 35.02667;-8.797154e-002; 94.50617;80.00000;20.00000;0.82271;2
 59.62300; 35.03667;-8.842183e-002; 94.50329;80.00000;20.00000;0.82267;2
 59.72800; 35.04667;-8.851478e-002; 94.50040;80.00000;20.00000;0.82263;2
 59.82600; 35.05667;-8.834005e-002; 94.49848;80.00000;20.00000;0.82260;2
 59.94800; 35.06667;-8.843361e-002; 94.49656;80.00000;20.00000;0.82256;2
 60.05100; 35.07667;-8.888310e-002; 94.49656;80.00000;20.00000;0.82253;2
 60.17400; 35.08667;-8.888759e-002; 94.49464;80.00000;20.00000;0.82248;2
 60.28900; 35.09667;-8.898095e-002; 94.49464;80.00000;20.00000;0.82244;2
 60.39900; 35.10667;-8.934164e-002; 94.49368;80.00000;20.00000;0.82241;2
 60.50100; 35.11667;-8.952372e-002; 94.49368;80.00000;20.00000;0.82237;2
 60.63000; 35.12667;-8.979597e-002; 94.49271;80.00000;20.00000;0.82233;2
 60.74700; 35.13667;-8.971112e-002; 94.49175;80.00000;20.00000;0.82229;2
 60.85700; 35.14667;-8.962600e-002; 94.49079;80.00000;20.00000;0.82225;2
 60.95700; 35.15667;-8.971888e-002; 94.48983;80.00000;20.00000;0.82222;2
 61.08000; 35.16667;-8.954505e-002; 94.48791;80.00000;20.00000;0.82218;2
 61.19100; 35.17667;-8.972752e-002; 94.48599;80.00000;20.00000;0.82214;2
 61.29500; 35.18667;-8.955298e-002; 94.48214;80.00000;20.00000;0.82210;2
 61.42200; 35.19667;-8.982527e-002; 94.48022;80.00000;20.00000;0.82206;2
 61.54300; 35.20667;-8.991895e-002; 94.47638;80.00000;20.00000;0.82202;2
 61.65500; 35.21667;-8.929864e-002; 94.47445;80.00000;20.00000;0.82198;2
 61.75600; 35.22667;-8.965922e-002; 94.47253;80.00000;20.00000;0.82195;2
 61.87000; 35.23667;-8.984187e-002; 94.47061;80.00000;20.00000;0.82191;2
 61.97000; 35.24667;-8.984558e-002; 94.46869;80.00000;20.00000;0.82188;2
 62.10000; 35.25667;-8.967196e-002; 94.46773;80.00000;20.00000;0.82183;2
 62.20700; 35.26667;-8.976515e-002; 94.46676;80.00000;20.00000;0.82179;2
 62.32400; 35.27667;-9.003719e-002; 94.46388;80.00000;20.00000;0.82176;2
 62.44100; 35.28667;-8.986307e-002; 94.46100;80.00000;20.00000;0.82172;2
 62.54400; 35.29667;-8.968841e-002; 94.45811;80.00000;20.00000;0.82168;2
 62.66300; 35.30667;-9.076379e-002; 94.45427;80.00000;20.00000;0.82164;2
 62.77300; 35.31667;-9.067866e-002; 94.45139;80.00000;20.00000;0.82160;2
 62.88200; 35.32667;-9.032575e-002; 94.44946;80.00000;20.00000;0.82157;2
 62.99900; 35.33667;-9.050864e-002; 94.44658;80.00000;20.00000;0.82153;2
 63.11000; 35.34667;-9.069133e-002; 94.44370;80.00000;20.00000;0.82149;2
 63.22500; 35.35667;-9.060638e-002; 94.44081;80.00000;20.00000;0.82145;2
 63.33400; 35.36667;-9.087829e-002; 94.43889;80.00000;20.00000;0.82141;2
 63.45400; 35.37667;-9.115064e-002; 94.43793;80.00000;20.00000;0.82137;2
 63.57600; 35.38667;-9.124453e-002; 94.43505;80.00000;20.00000;0.82133;2
 63.68400; 35.39667;-9.178433e-002; 94.43312;80.00000;20.00000;0.82129;2
 63.78900; 35.40667;-9.098474e-002; 94.43120;80.00000;20.00000;0.82126;2
 63.92300; 35.41667;-9.170415e-002; 94.43024;80.00000;20.00000;0.82121;2
 64.01500; 35.42667;-9.268991e-002; 94.42832;80.00000;20.00000;0.82118;2
 64.12000; 35.43667;-9.287256e-002; 94.42640;80.00000;20.00000;0.82114;2
 64.25300; 35.44667;-9.296700e-002; 94.42544;80.00000;20.00000;0.82110;2
 64.36600; 35.45667;-9.306068e-002; 94.42351;80.00000;20.00000;0.82106;2
 64.47200; 35.46667;-9.315409e-002; 94.42159;80.00000;20.00000;0.82102;2
 64.58800; 35.47667;-9.351586e-002; 94.41967;80.00000;20.00000;0.82098;2
 64.70300; 35.48667;-9.316306e-002; 94.41775;80.00000;20.00000;0.82094;2
 64.82300; 35.49667;-9.307838e-002; 94.41390;80.00000;20.00000;0.82090;2
 64.93400; 35.50667;-9.379733e-002; 94.41006;80.00000;20.00000;0.82087;2
 65.04800; 35.51667;-9.398046e-002; 94.40717;80.00000;20.00000;0.82083;2
 65.15600; 35.52667;-9.461007e-002; 94.40429;80.00000;20.00000;0.82079;2
 65.26500; 35.53667;-9.488239e-002; 94.40141;80.00000;20.00000;0.82075;2
 65.39400; 35.54667;-9.524488e-002; 94.39948;80.00000;20.00000;0.82071;2
 65.49100; 35.55667;-9.507005e-002; 94.39660;80.00000;20.00000;0.82067;2
 65.61200; 35.56667;-9.525356e-002; 94.39372;80.00000;20.00000;0.82063;2
 65.72700; 35.57667;-9.552620e-002; 94.38891;80.00000;20.00000;0.82059;2
 65.83700; 35.58667;-9.570932e-002; 94.38507;80.00000;20.00000;0.82056;2
 65.95300; 35.59667;-9.669702e-002; 94.38122;80.00000;20.00000;0.82052;2
 66.06300; 35.60667;-9.670147e-002; 94.37834;80.00000;20.00000;0.82048;2
 66.18500; 35.61667;-9.724266e-002; 94.37353;80.00000;20.00000;0.82044;2
 66.29800; 35.62667;-9.751541e-002; 94.37065;80.00000;20.00000;0.82040;2
 66.40900; 35.63667;-9.769871e-002; 94.36777;80.00000;20.00000;0.82036;2
 66.53500; 35.64667;-9.761447e-002; 94.36392;80.00000;20.00000;0.82032;2
 66.63000; 35.65667;-9.761836e-002; 94.36104;80.00000;20.00000;0.82028;2
 66.75400; 35.66667;-9.798102e-002; 94.35720;80.00000;20.00000;0.82024;2
 66.87500; 35.67667;-9.798598e-002; 94.35527;80.00000;20.00000;0.82020;2
 66.98800; 35.68667;-9.825885e-002; 94.35335;80.00000;20.00000;0.82016;2
 67.09800; 35.69667;-9.871044e-002; 94.35143;80.00000;20.00000;0.82012;2
 67.22400; 35.70667;-9.880507e-002; 94.34854;80.00000;20.00000;0.82008;2
 67.32600; 35.71667;-9.889871e-002; 94.34662;80.00000;20.00000;0.82004;2
 67.44300; 35.72667;-9.935070e-002; 94.34470;80.00000;20.00000;0.82000;2
 67.57200; 35.73667;-9.998209e-002; 94.34278;80.00000;20.00000;0.81996;2
 67.67400; 35.74667;      -0.10043; 94.34086;80.00000;20.00000;0.81993;2
 67.77400; 35.75667;      -0.10088; 94.33701;80.00000;20.00000;0.81989;2
 67.88100; 35.76667;      -0.10116; 94.33413;80.00000;20.00000;0.81985;2
 68.00200; 35.77667;      -0.10143; 94.33028;80.00000;20.00000;0.81981;2
 68.12400; 35.78667;      -0.10188; 94.32452;80.00000;20.00000;0.81977;2
 68.24400; 35.79667;      -0.10225; 94.32067;80.00000;20.00000;0.81973;2
 68.36200; 35.80667;      -0.10234; 94.31587;80.00000;20.00000;0.81969;2
 68.47000; 35.81667;      -0.10387; 94.31106;80.00000;20.00000;0.81965;2
 68.58100; 35.82667;      -0.10396; 94.30626;80.00000;20.00000;0.81961;2
 68.69900; 35.83667;      -0.10415; 94.30145;80.00000;20.00000;0.81957;2
 68.81600; 35.84667;      -0.10388; 94.29664;80.00000;20.00000;0.81953;2
 68.92400; 35.85667;      -0.10442; 94.29280;80.00000;20.00000;0.81949;2
 69.03500; 35.86667;      -0.10479; 94.28992;80.00000;20.00000;0.81946;2
 69.15900; 35.87667;      -0.10515; 94.28703;80.00000;20.00000;0.81941;2
 69.27100; 35.88667;      -0.10569; 94.28511;80.00000;20.00000;0.81937;2
 69.38800; 35.89667;      -0.10686; 94.28223;80.00000;20.00000;0.81933;2
 69.50900; 35.90667;      -0.10785; 94.28127;80.00000;20.00000;0.81929;2
 69.61600; 35.91667;      -0.10777; 94.27838;80.00000;20.00000;0.81925;2
 69.74500; 35.92667;      -0.10858; 94.27646;80.00000;20.00000;0.81921;2
 69.84800; 35.93667;      -0.10984; 94.27358;80.00000;20.00000;0.81917;2
 69.97400; 35.94667;      -0.11020; 94.27069;80.00000;20.00000;0.81913;2
 70.07900; 35.95667;      -0.11065; 94.26685;80.00000;20.00000;0.81909;2
 70.18600; 35.96667;      -0.11066; 94.26204;80.00000;20.00000;0.81906;2
 70.31400; 35.97667;      -0.11102; 94.25628;80.00000;20.00000;0.81901;2
 70.43300; 35.98667;      -0.11138; 94.25147;80.00000;20.00000;0.81897;2
 70.55100; 35.99667;      -0.11220; 94.24570;80.00000;20.00000;0.81893;2
 70.66900; 36.00667;      -0.11274; 94.23994;80.00000;20.00000;0.81889;2
 70.77300; 36.01667;      -0.11283; 94.23609;80.00000;20.00000;0.81885;2
 70.88900; 36.02667;      -0.11320; 94.23225;80.00000;20.00000;0.81881;2
 71.01800; 36.03667;      -0.11419; 94.23033;80.00000;20.00000;0.81877;2
 71.12600; 36.04667;      -0.11482; 94.22840;80.00000;20.00000;0.81873;2
 71.23700; 36.05667;      -0.11483; 94.22552;80.00000;20.00000;0.81869;2
 71.34900; 36.06667;      -0.11501; 94.22456;80.00000;20.00000;0.81865;2
 71.47000; 36.07667;      -0.11573; 94.22264;80.00000;20.00000;0.81861;2
 71.58200; 36.08667;      -0.11663; 94.22264;80.00000;20.00000;0.81857;2
 71.69500; 36.09667;      -0.11816; 94.22168;80.00000;20.00000;0.81853;2
 71.81100; 36.10667;      -0.11862; 94.21975;80.00000;20.00000;0.81849;2
 71.92600; 36.11667;      -0.11952; 94.21783;80.00000;20.00000;0.81845;2
 72.05000; 36.12667;      -0.11970; 94.21591;80.00000;20.00000;0.81841;2
 72.15600; 36.13667;      -0.11989; 94.21399;80.00000;20.00000;0.81837;2
 72.27200; 36.14667;      -0.12016; 94.21206;80.00000;20.00000;0.81833;2
 72.39200; 36.15667;      -0.12053; 94.21014;80.00000;20.00000;0.81829;2
 72.50800; 36.16667;      -0.12107; 94.20726;80.00000;20.00000;0.81825;2
 72.63400; 36.17667;      -0.12117; 94.20534;80.00000;20.00000;0.81821;2
 72.73800; 36.18667;      -0.12234; 94.19957;80.00000;20.00000;0.81817;2
 72.85400; 36.19667;      -0.12279; 94.19572;80.00000;20.00000;0.81813;2
 72.96500; 36.20667;      -0.12343; 94.19188;80.00000;20.00000;0.81809;2
 73.09800; 36.21667;      -0.12424; 94.18611;80.00000;20.00000;0.81804;2
 73.20100; 36.22667;      -0.12424; 94.18131;80.00000;20.00000;0.81801;2
 73.31400; 36.23667;      -0.12595; 94.17746;80.00000;20.00000;0.81797;2
 73.42200; 36.24667;      -0.12560; 94.17362;80.00000;20.00000;0.81793;2
 73.54200; 36.25667;      -0.12615; 94.16881;80.00000;20.00000;0.81789;2
 73.66500; 36.26667;      -0.12741; 94.16497;80.00000;20.00000;0.81785;2
 73.77800; 36.27667;      -0.12750; 94.16112;80.00000;20.00000;0.81781;2
 73.90600; 36.28667;      -0.12823; 94.15824;80.00000;20.00000;0.81776;2
 74.01600; 36.29667;      -0.12922; 94.15536;80.00000;20.00000;0.81772;2
 74.11900; 36.30667;      -0.13030; 94.15247;80.00000;20.00000;0.81769;2
 74.25000; 36.31667;      -0.13058; 94.14959;80.00000;20.00000;0.81764;2
 74.36300; 36.32667;      -0.13085; 94.14863;80.00000;20.00000;0.81760;2
 74.46600; 36.33667;      -0.13158; 94.14767;80.00000;20.00000;0.81757;2
 74.59000; 36.34667;      -0.13203; 94.14575;80.00000;20.00000;0.81752;2
 74.70700; 36.35667;      -0.13294; 94.14575;80.00000;20.00000;0.81748;2
 74.82700; 36.36667;      -0.13357; 94.14575;80.00000;20.00000;0.81744;2
 74.93400; 36.37667;      -0.13421; 94.14478;80.00000;20.00000;0.81740;2
 75.06400; 36.38667;      -0.13502; 94.14478;80.00000;20.00000;0.81736;2
 75.16700; 36.39667;      -0.13583; 94.14478;80.00000;20.00000;0.81732;2
 75.30000; 36.40667;      -0.13656; 94.14478;80.00000;20.00000;0.81727;2
 75.41800; 36.41667;      -0.13692; 94.14478;80.00000;20.00000;0.81723;2
 75.51800; 36.42667;      -0.13747; 94.14382;80.00000;20.00000;0.81720;2
 75.65600; 36.43667;      -0.13846; 94.14382;80.00000;20.00000;0.81715;2
 75.75200; 36.44667;      -0.13991; 94.14286;80.00000;20.00000;0.81712;2
 75.86800; 36.45667;      -0.14108; 94.14190;80.00000;20.00000;0.81707;2
 75.99500; 36.46667;      -0.14109; 94.14094;80.00000;20.00000;0.81703;2
 76.10400; 36.47667;      -0.14136; 94.13902;80.00000;20.00000;0.81699;2
 76.23600; 36.48667;      -0.14209; 94.13902;80.00000;20.00000;0.81694;2
 76.32700; 36.49667;      -0.14290; 94.13710;80.00000;20.00000;0.81691;2
 76.46300; 36.50667;      -0.14444; 94.13517;80.00000;20.00000;0.81687;2
 76.58800; 36.51667;      -0.14400; 94.13421;80.00000;20.00000;0.81682;2
 76.69300; 36.52667;      -0.14553; 94.13133;80.00000;20.00000;0.81678;2
 76.80900; 36.53667;      -0.14625; 94.12652;80.00000;20.00000;0.81674;2
 76.92900; 36.54667;      -0.14680; 94.12460;80.00000;20.00000;0.81670;2
 77.04800; 36.55667;      -0.14726; 94.12076;80.00000;20.00000;0.81666;2
 77.16500; 36.56667;      -0.14834; 94.11787;80.00000;20.00000;0.81662;2
 77.27600; 36.57667;      -0.14880; 94.11307;80.00000;20.00000;0.81658;2
 77.39200; 36.58667;      -0.14979; 94.10922;80.00000;20.00000;0.81654;2
 77.50300; 36.59667;      -0.15052; 94.10538;80.00000;20.00000;0.81650;2
 77.61700; 36.60667;      -0.15116; 94.10153;80.00000;20.00000;0.81646;2
 77.73200; 36.61667;      -0.15125; 94.09577;80.00000;20.00000;0.81642;2
 77.84700; 36.62667;      -0.15234; 94.09096;80.00000;20.00000;0.81638;2
 77.96600; 36.63667;      -0.15360; 94.08712;80.00000;20.00000;0.81634;2
 78.08900; 36.64667;      -0.15388; 94.08423;80.00000;20.00000;0.81629;2
 78.20500; 36.65667;      -0.15488; 94.08135;80.00000;20.00000;0.81625;2
 78.31700; 36.66667;      -0.15551; 94.07943;80.00000;20.00000;0.81621;2
 78.44300; 36.67667;      -0.15606; 94.07558;80.00000;20.00000;0.81617;2
 78.57500; 36.68667;      -0.15697; 94.07174;80.00000;20.00000;0.81612;2
 78.67700; 36.69667;      -0.15805; 94.06789;80.00000;20.00000;0.81608;2
 78.78000; 36.70667;      -0.15896; 94.06405;80.00000;20.00000;0.81605;2
 78.89900; 36.71667;      -0.15906; 94.06021;80.00000;20.00000;0.81601;2
 79.02500; 36.72667;      -0.15978; 94.05636;80.00000;20.00000;0.81596;2
 79.14300; 36.73667;      -0.16042; 94.05252;80.00000;20.00000;0.81592;2
 79.24600; 36.74667;      -0.16088; 94.04963;80.00000;20.00000;0.81588;2
 79.38000; 36.75667;      -0.16152; 94.04675;80.00000;20.00000;0.81583;2
 79.49300; 36.76667;      -0.16278; 94.04483;80.00000;20.00000;0.81579;2
 79.61700; 36.77667;      -0.16387; 94.04194;80.00000;20.00000;0.81575;2
 79.71900; 36.78667;      -0.16487; 94.04002;80.00000;20.00000;0.81571;2
 79.84300; 36.79667;      -0.16551; 94.03906;80.00000;20.00000;0.81567;2
 79.96700; 36.80667;      -0.16614; 94.03618;80.00000;20.00000;0.81563;2
 80.08200; 36.81667;      -0.16750; 94.03522;80.00000;20.00000;0.81559;2
 80.19300; 36.82667;      -0.16859; 94.03233;80.00000;20.00000;0.81555;2
 80.30900; 36.83667;      -0.16860; 94.02945;80.00000;20.00000;0.81551;2
 80.44400; 36.84667;      -0.16888; 94.02753;80.00000;20.00000;0.81546;2
 80.54500; 36.85667;      -0.16960; 94.02464;80.00000;20.00000;0.81542;2
 80.65500; 36.86667;      -0.17015; 94.02176;80.00000;20.00000;0.81538;2
 80.77900; 36.87667;      -0.17115; 94.01984;80.00000;20.00000;0.81534;2
 80.91600; 36.88667;      -0.17278; 94.01407;80.00000;20.00000;0.81529;2
 81.02500; 36.89667;      -0.17306; 94.01023;80.00000;20.00000;0.81525;2
 81.14900; 36.90667;      -0.17397; 94.00542;80.00000;20.00000;0.81521;2
 81.24900; 36.91667;      -0.17469; 94.00062;80.00000;20.00000;0.81517;2
 81.37300; 36.92667;      -0.17551; 93.99581;80.00000;20.00000;0.81513;2
 81.49100; 36.93667;      -0.17579; 93.99100;80.00000;20.00000;0.81509;2
 81.59900; 36.94667;      -0.17661; 93.98812;80.00000;20.00000;0.81505;2
 81.72000; 36.95667;      -0.17743; 93.98524;80.00000;20.00000;0.81500;2
 81.85100; 36.96667;      -0.17870; 93.98331;80.00000;20.00000;0.81496;2
 81.96500; 36.97667;      -0.17934; 93.98043;80.00000;20.00000;0.81492;2
 82.08500; 36.98667;      -0.18016; 93.97947;80.00000;20.00000;0.81487;2
 82.19200; 36.99667;      -0.18106; 93.97659;80.00000;20.00000;0.81484;2
 82.32000; 37.00667;      -0.18224; 93.97563;80.00000;20.00000;0.81479;2
 82.43200; 37.01667;      -0.18234; 93.97274;80.00000;20.00000;0.81475;2
 82.54100; 37.02667;      -0.18361; 93.97082;80.00000;20.00000;0.81471;2
 82.66900; 37.03667;      -0.18452; 93.96794;80.00000;20.00000;0.81466;2
 82.78400; 37.04667;      -0.18534; 93.96505;80.00000;20.00000;0.81462;2
 82.89600; 37.05667;      -0.18589; 93.96217;80.00000;20.00000;0.81458;2
 83.02400; 37.06667;      -0.18626; 93.96121;80.00000;20.00000;0.81454;2
 83.13400; 37.07667;      -0.18717; 93.95833;80.00000;20.00000;0.81450;2
 83.25000; 37.08667;      -0.18844; 93.95544;80.00000;20.00000;0.81446;2
 83.37600; 37.09667;      -0.18926; 93.95448;80.00000;20.00000;0.81441;2
 83.49000; 37.10667;      -0.18963; 93.95160;80.00000;20.00000;0.81437;2
 83.60900; 37.11667;      -0.19054; 93.94968;80.00000;20.00000;0.81433;2
 83.70900; 37.12667;      -0.19118; 93.94775;80.00000;20.00000;0.81429;2
 83.83800; 37.13667;      -0.19254; 93.94583;80.00000;20.00000;0.81425;2
 83.95000; 37.14667;      -0.19390; 93.94295;80.00000;20.00000;0.81421;2
 84.07800; 37.15667;      -0.19526; 93.94102;80.00000;20.00000;0.81416;2
 84.18500; 37.16667;      -0.19617; 93.93814;80.00000;20.00000;0.81412;2
 84.30200; 37.17667;      -0.19645; 93.93622;80.00000;20.00000;0.81408;2
 84.42400; 37.18667;      -0.19664; 93.93334;80.00000;20.00000;0.81404;2
 84.54600; 37.19667;      -0.19756; 93.93045;80.00000;20.00000;0.81399;2
 84.66100; 37.20667;      -0.19874; 93.92853;80.00000;20.00000;0.81395;2
 84.77000; 37.21667;      -0.19911; 93.92565;80.00000;20.00000;0.81391;2
 84.89900; 37.22667;      -0.19975; 93.92372;80.00000;20.00000;0.81387;2
 85.00900; 37.23667;      -0.20093; 93.91892;80.00000;20.00000;0.81383;2
 85.13600; 37.24667;      -0.20166; 93.91507;80.00000;20.00000;0.81378;2
 85.25500; 37.25667;      -0.20266; 93.91123;80.00000;20.00000;0.81374;2
 85.37000; 37.26667;      -0.20376; 93.90739;80.00000;20.00000;0.81370;2
 85.48700; 37.27667;      -0.20431; 93.90354;80.00000;20.00000;0.81366;2
 85.61400; 37.28667;      -0.20486; 93.89970;80.00000;20.00000;0.81361;2
 85.71300; 37.29667;      -0.20550; 93.89585;80.00000;20.00000;0.81357;2
 85.84000; 37.30667;      -0.20650; 93.89297;80.00000;20.00000;0.81353;2
 85.95100; 37.31667;      -0.20750; 93.89105;80.00000;20.00000;0.81349;2
 86.07500; 37.32667;      -0.20842; 93.88816;80.00000;20.00000;0.81344;2
 86.19300; 37.33667;      -0.20933; 93.88624;80.00000;20.00000;0.81340;2
 86.30400; 37.34667;      -0.21042; 93.88336;80.00000;20.00000;0.81336;2
 86.42600; 37.35667;      -0.21097; 93.88240;80.00000;20.00000;0.81332;2
 86.53400; 37.36667;      -0.21189; 93.88047;80.00000;20.00000;0.81328;2
 86.66500; 37.37667;      -0.21298; 93.87951;80.00000;20.00000;0.81323;2
 86.78100; 37.38667;      -0.21353; 93.87759;80.00000;20.00000;0.81319;2
 86.89900; 37.39667;      -0.21426; 93.87567;80.00000;20.00000;0.81315;2
 87.02600; 37.40667;      -0.21527; 93.87471;80.00000;20.00000;0.81310;2
 87.13200; 37.41667;      -0.21636; 93.87278;80.00000;20.00000;0.81306;2
 87.24400; 37.42667;      -0.21655; 93.87086;80.00000;20.00000;0.81302;2
 87.36200; 37.43667;      -0.21801; 93.86990;80.00000;20.00000;0.81298;2
 87.47900; 37.44667;      -0.21847; 93.86798;80.00000;20.00000;0.81294;2
 87.59600; 37.45667;      -0.21893; 93.86606;80.00000;20.00000;0.81290;2
 87.72300; 37.46667;      -0.21958; 93.86510;80.00000;20.00000;0.81285;2
 87.83000; 37.47667;      -0.22031; 93.86317;80.00000;20.00000;0.81281;2
 87.93800; 37.48667;      -0.22149; 93.86125;80.00000;20.00000;0.81277;2
 88.05400; 37.49667;      -0.22249; 93.85933;80.00000;20.00000;0.81273;2
 88.18500; 37.50667;      -0.22350; 93.85837;80.00000;20.00000;0.81268;2
 88.31300; 37.51667;      -0.22460; 93.85645;80.00000;20.00000;0.81264;2
 88.43300; 37.52667;      -0.22524; 93.85260;80.00000;20.00000;0.81259;2
 88.54900; 37.53667;      -0.22660; 93.84972;80.00000;20.00000;0.81255;2
 88.66200; 37.54667;      -0.22725; 93.84780;80.00000;20.00000;0.81251;2
 88.78500; 37.55667;      -0.22834; 93.84491;80.00000;20.00000;0.81247;2
 88.89100; 37.56667;      -0.22890; 93.84203;80.00000;20.00000;0.81243;2
 89.02000; 37.57667;      -0.22945; 93.84011;80.00000;20.00000;0.81238;2
 89.12800; 37.58667;      -0.23045; 93.83818;80.00000;20.00000;0.81234;2
 89.24600; 37.59667;      -0.23128; 93.83626;80.00000;20.00000;0.81230;2
 89.36600; 37.60667;      -0.23247; 93.83338;80.00000;20.00000;0.81225;2
 89.48400; 37.61667;      -0.23356; 93.82953;80.00000;20.00000;0.81221;2
 89.60600; 37.62667;      -0.23502; 93.82569;80.00000;20.00000;0.81217;2
 89.71800; 37.63667;      -0.23584; 93.82184;80.00000;20.00000;0.81213;2
 89.82800; 37.64667;      -0.23594; 93.81800;80.00000;20.00000;0.81209;2
 89.95300; 37.65667;      -0.23641; 93.81416;80.00000;20.00000;0.81204;2
 90.07500; 37.66667;      -0.23778; 93.81031;80.00000;20.00000;0.81200;2
 90.18900; 37.67667;      -0.23869; 93.80743;80.00000;20.00000;0.81196;2
 90.30500; 37.68667;      -0.24024; 93.80358;80.00000;20.00000;0.81191;2
 90.40900; 37.69667;      -0.24025; 93.79974;80.00000;20.00000;0.81188;2
 90.52800; 37.70667;      -0.24081; 93.79686;80.00000;20.00000;0.81183;2
 90.65500; 37.71667;      -0.24254; 93.79397;80.00000;20.00000;0.81179;2
 90.77800; 37.72667;      -0.24408; 93.79109;80.00000;20.00000;0.81174;2
 90.88600; 37.73667;      -0.24437; 93.78820;80.00000;20.00000;0.81170;2
 91.00200; 37.74667;      -0.24601; 93.78628;80.00000;20.00000;0.81166;2
 91.10900; 37.75667;      -0.24656; 93.78340;80.00000;20.00000;0.81162;2
 91.23700; 37.76667;      -0.24712; 93.78148;80.00000;20.00000;0.81157;2
 91.35600; 37.77667;      -0.24849; 93.77955;80.00000;20.00000;0.81153;2
 91.46600; 37.78667;      -0.24913; 93.77859;80.00000;20.00000;0.81149;2
 91.59700; 37.79667;      -0.24987; 93.77667;80.00000;20.00000;0.81144;2
 91.70500; 37.80667;      -0.25069; 93.77571;80.00000;20.00000;0.81140;2
 91.84300; 37.81667;      -0.25179; 93.77379;80.00000;20.00000;0.81135;2
 91.95300; 37.82667;      -0.25208; 93.77379;80.00000;20.00000;0.81131;2
 92.06700; 37.83667;      -0.25299; 93.77187;80.00000;20.00000;0.81127;2
 92.19200; 37.84667;      -0.25319; 93.77090;80.00000;20.00000;0.81123;2
 92.29300; 37.85667;      -0.25465; 93.76898;80.00000;20.00000;0.81119;2
 92.41700; 37.86667;      -0.25602; 93.76802;80.00000;20.00000;0.81114;2
 92.52600; 37.87667;      -0.25711; 93.76706;80.00000;20.00000;0.81110;2
 92.63700; 37.88667;      -0.25839; 93.76418;80.00000;20.00000;0.81106;2
 92.76200; 37.89667;      -0.25913; 93.76322;80.00000;20.00000;0.81102;2
 92.88500; 37.90667;      -0.26005; 93.76129;80.00000;20.00000;0.81097;2
 93.00300; 37.91667;      -0.26133; 93.75937;80.00000;20.00000;0.81093;2
 93.12800; 37.92667;      -0.26216; 93.75745;80.00000;20.00000;0.81088;2
 93.24800; 37.93667;      -0.26308; 93.75553;80.00000;20.00000;0.81084;2
 93.36000; 37.94667;      -0.26399; 93.75264;80.00000;20.00000;0.81080;2
 93.48000; 37.95667;      -0.26500; 93.75072;80.00000;20.00000;0.81076;2
 93.58600; 37.96667;      -0.26574; 93.74592;80.00000;20.00000;0.81072;2
 93.70300; 37.97667;      -0.26648; 93.74111;80.00000;20.00000;0.81067;2
 93.82300; 37.98667;      -0.26758; 93.73534;80.00000;20.00000;0.81063;2
 93.95100; 37.99667;      -0.26832; 93.73054;80.00000;20.00000;0.81058;2
 94.06700; 38.00667;      -0.26933; 93.72669;80.00000;20.00000;0.81054;2
 94.17900; 38.01667;      -0.27070; 93.72285;80.00000;20.00000;0.81050;2
 94.30300; 38.02667;      -0.27153; 93.71996;80.00000;20.00000;0.81045;2
 94.40700; 38.03667;      -0.27326; 93.71708;80.00000;20.00000;0.81042;2
 94.52300; 38.04667;      -0.27381; 93.71420;80.00000;20.00000;0.81037;2
 94.65000; 38.05667;      -0.27428; 93.71131;80.00000;20.00000;0.81033;2
 94.77100; 38.06667;      -0.27484; 93.70747;80.00000;20.00000;0.81028;2
 94.88200; 38.07667;      -0.27694; 93.70459;80.00000;20.00000;0.81024;2
 94.99900; 38.08667;      -0.27758; 93.70266;80.00000;20.00000;0.81020;2
 95.10900; 38.09667;      -0.27832; 93.69978;80.00000;20.00000;0.81016;2
 95.22700; 38.10667;      -0.27951; 93.69882;80.00000;20.00000;0.81012;2
 95.35200; 38.11667;      -0.28034; 93.69786;80.00000;20.00000;0.81007;2
 95.46700; 38.12667;      -0.28181; 93.69786;80.00000;20.00000;0.81003;2
 95.58100; 38.13667;      -0.28291; 93.69594;80.00000;20.00000;0.80999;2
 95.69300; 38.14667;      -0.28410; 93.69594;80.00000;20.00000;0.80994;2
 95.81300; 38.15667;      -0.28502; 93.69498;80.00000;20.00000;0.80990;2
 95.92900; 38.16667;      -0.28558; 93.69209;80.00000;20.00000;0.80986;2
 96.05500; 38.17667;      -0.28578; 93.69113;80.00000;20.00000;0.80981;2
 96.16400; 38.18667;      -0.28652; 93.68921;80.00000;20.00000;0.80977;2
 96.28200; 38.19667;      -0.28843; 93.68825;80.00000;20.00000;0.80973;2
 96.39600; 38.20667;      -0.28944; 93.68536;80.00000;20.00000;0.80969;2
 96.50300; 38.21667;      -0.29082; 93.68440;80.00000;20.00000;0.80965;2
 96.64000; 38.22667;      -0.29120; 93.68248;80.00000;20.00000;0.80960;2
 96.75000; 38.23667;      -0.29185; 93.67960;80.00000;20.00000;0.80955;2
 96.86400; 38.24667;      -0.29322; 93.67864;80.00000;20.00000;0.80951;2
 96.98700; 38.25667;      -0.29414; 93.67671;80.00000;20.00000;0.80947;2
 97.10800; 38.26667;      -0.29506; 93.67479;80.00000;20.00000;0.80942;2
 97.21100; 38.27667;      -0.29653; 93.67383;80.00000;20.00000;0.80938;2
 97.33000; 38.28667;      -0.29790; 93.67383;80.00000;20.00000;0.80934;2
 97.42700; 38.29667;      -0.29846; 93.67191;80.00000;20.00000;0.80931;2
 97.57000; 38.30667;      -0.29920; 93.67191;80.00000;20.00000;0.80925;2
 97.68000; 38.31667;      -0.29985; 93.67095;80.00000;20.00000;0.80921;2
 97.78200; 38.32667;      -0.30086; 93.66999;80.00000;20.00000;0.80917;2
 97.90600; 38.33667;      -0.30269; 93.66806;80.00000;20.00000;0.80913;2
 98.03500; 38.34667;      -0.30389; 93.66710;80.00000;20.00000;0.80908;2
 98.13200; 38.35667;      -0.30463; 93.66518;80.00000;20.00000;0.80904;2
 98.27000; 38.36667;      -0.30537; 93.66326;80.00000;20.00000;0.80899;2
 98.38100; 38.37667;      -0.30611; 93.66230;80.00000;20.00000;0.80895;2
 98.50100; 38.38667;      -0.30731; 93.66134;80.00000;20.00000;0.80891;2
 98.60800; 38.39667;      -0.30832; 93.65845;80.00000;20.00000;0.80887;2
 98.73000; 38.40667;      -0.30943; 93.65749;80.00000;20.00000;0.80882;2
 98.84600; 38.41667;      -0.31008; 93.65653;80.00000;20.00000;0.80878;2
 98.97000; 38.42667;      -0.31082; 93.65461;80.00000;20.00000;0.80873;2
 99.08100; 38.43667;      -0.31201; 93.65269;80.00000;20.00000;0.80869;2
 99.20800; 38.44667;      -0.31303; 93.65172;80.00000;20.00000;0.80865;2
 99.31200; 38.45667;      -0.31459; 93.64980;80.00000;20.00000;0.80861;2
 99.42900; 38.46667;      -0.31533; 93.64884;80.00000;20.00000;0.80856;2
 99.54400; 38.47667;      -0.31616; 93.64884;80.00000;20.00000;0.80852;2
 99.65300; 38.48667;      -0.31708; 93.64788;80.00000;20.00000;0.80848;2
 99.75900; 38.49667;      -0.31810; 93.64596;80.00000;20.00000;0.80844;2
 99.88500; 38.50667;      -0.31929; 93.64596;80.00000;20.00000;0.80840;2
100.00600; 38.51667;      -0.32104; 93.64500;80.00000;20.00000;0.80835;2
100.12900; 38.52667;      -0.32242; 93.64307;80.00000;20.00000;0.80830;2
100.22900; 38.53667;      -0.32388; 93.64211;80.00000;20.00000;0.80827;2
100.36200; 38.54667;      -0.32481; 93.64115;80.00000;20.00000;0.80822;2
100.47600; 38.55667;      -0.32555; 93.63923;80.00000;20.00000;0.80818;2
100.58700; 38.56667;      -0.32666; 93.63731;80.00000;20.00000;0.80813;2
100.70500; 38.57667;      -0.32749; 93.63635;80.00000;20.00000;0.80809;2
100.81700; 38.58667;      -0.32814; 93.63442;80.00000;20.00000;0.80805;2
100.93300; 38.59667;      -0.32916; 93.63346;80.00000;20.00000;0.80801;2
101.04400; 38.60667;      -0.33036; 93.63154;80.00000;20.00000;0.80796;2
101.16400; 38.61667;      -0.33164; 93.62866;80.00000;20.00000;0.80792;2
101.28200; 38.62667;      -0.33293; 93.62673;80.00000;20.00000;0.80788;2
101.40100; 38.63667;      -0.33413; 93.62385;80.00000;20.00000;0.80783;2
101.51200; 38.64667;      -0.33406; 93.62193;80.00000;20.00000;0.80779;2
101.62600; 38.65667;      -0.33580; 93.62001;80.00000;20.00000;0.80775;2
101.74900; 38.66667;      -0.33646; 93.61616;80.00000;20.00000;0.80770;2
101.85500; 38.67667;      -0.33683; 93.61328;80.00000;20.00000;0.80766;2
101.99000; 38.68667;      -0.33858; 93.60943;80.00000;20.00000;0.80761;2
102.09600; 38.69667;      -0.33951; 93.60751;80.00000;20.00000;0.80757;2
102.22200; 38.70667;      -0.34061; 93.60559;80.00000;20.00000;0.80753;2
102.33100; 38.71667;      -0.34181; 93.60175;80.00000;20.00000;0.80749;2
102.43500; 38.72667;      -0.34310; 93.60078;80.00000;20.00000;0.80745;2
102.56300; 38.73667;      -0.34421; 93.59982;80.00000;20.00000;0.80740;2
102.68500; 38.74667;      -0.34505; 93.59886;80.00000;20.00000;0.80735;2
102.78700; 38.75667;      -0.34552; 93.59790;80.00000;20.00000;0.80732;2
102.90700; 38.76667;      -0.34663; 93.59694;80.00000;20.00000;0.80727;2
103.01800; 38.77667;      -0.34774; 93.59694;80.00000;20.00000;0.80723;2
103.12400; 38.78667;      -0.34939; 93.59598;80.00000;20.00000;0.80719;2
103.25000; 38.79667;      -0.35095; 93.59502;80.00000;20.00000;0.80714;2
103.36800; 38.80667;      -0.35143; 93.59310;80.00000;20.00000;0.80710;2
103.49000; 38.81667;      -0.35172; 93.59021;80.00000;20.00000;0.80705;2
103.60600; 38.82667;      -0.35374; 93.58829;80.00000;20.00000;0.80701;2
103.71000; 38.83667;      -0.35439; 93.58637;80.00000;20.00000;0.80697;2
103.82900; 38.84667;      -0.35559; 93.58348;80.00000;20.00000;0.80693;2
103.94100; 38.85667;      -0.35706; 93.58156;80.00000;20.00000;0.80688;2
104.06200; 38.86667;      -0.35736; 93.58060;80.00000;20.00000;0.80684;2
104.17600; 38.87667;      -0.35874; 93.57964;80.00000;20.00000;0.80680;2
104.28400; 38.88667;      -0.35976; 93.57868;80.00000;20.00000;0.80676;2
104.40700; 38.89667;      -0.36123; 93.57868;80.00000;20.00000;0.80671;2
104.51700; 38.90667;      -0.36225; 93.57868;80.00000;20.00000;0.80667;2
104.63400; 38.91667;      -0.36272; 93.57772;80.00000;20.00000;0.80662;2
104.75300; 38.92667;      -0.36292; 93.57772;80.00000;20.00000;0.80658;2
104.87000; 38.93667;      -0.36413; 93.57772;80.00000;20.00000;0.80654;2
104.97800; 38.94667;      -0.36533; 93.57772;80.00000;20.00000;0.80650;2
105.08600; 38.95667;      -0.36680; 93.57676;80.00000;20.00000;0.80645;2
105.21500; 38.96667;      -0.36782; 93.57579;80.00000;20.00000;0.80641;2
105.32500; 38.97667;      -0.36893; 93.57579;80.00000;20.00000;0.80637;2
105.45100; 38.98667;      -0.36932; 93.57483;80.00000;20.00000;0.80632;2
105.55500; 38.99667;      -0.37061; 93.57387;80.00000;20.00000;0.80628;2
105.66100; 39.00667;      -0.37145; 93.57291;80.00000;20.00000;0.80624;2
105.79300; 39.01667;      -0.37274; 93.57195;80.00000;20.00000;0.80619;2
105.90500; 39.02667;      -0.37413; 93.57099;80.00000;20.00000;0.80615;2
106.02000; 39.03667;      -0.37578; 93.57003;80.00000;20.00000;0.80610;2
106.13900; 39.04667;      -0.37735; 93.57003;80.00000;20.00000;0.80606;2
106.25200; 39.05667;      -0.37773; 93.56811;80.00000;20.00000;0.80602;2
106.36400; 39.06667;      -0.37885; 93.56714;80.00000;20.00000;0.80597;2
106.48400; 39.07667;      -0.37996; 93.56618;80.00000;20.00000;0.80593;2
106.58500; 39.08667;      -0.38107; 93.56618;80.00000;20.00000;0.80589;2
106.71100; 39.09667;      -0.38182; 93.56426;80.00000;20.00000;0.80584;2
106.82900; 39.10667;      -0.38275; 93.56234;80.00000;20.00000;0.80580;2
106.94700; 39.11667;      -0.38377; 93.56042;80.00000;20.00000;0.80576;2
107.05000; 39.12667;      -0.38434; 93.55946;80.00000;20.00000;0.80572;2
107.16200; 39.13667;      -0.38518; 93.55849;80.00000;20.00000;0.80567;2
107.28300; 39.14667;      -0.38629; 93.55657;80.00000;20.00000;0.80563;2
107.39100; 39.15667;      -0.38731; 93.55561;80.00000;20.00000;0.80559;2
107.50900; 39.16667;      -0.38797; 93.55561;80.00000;20.00000;0.80554;2
107.63000; 39.17667;      -0.39018; 93.55369;80.00000;20.00000;0.80550;2
107.75900; 39.18667;      -0.39066; 93.55177;80.00000;20.00000;0.80545;2
107.86100; 39.19667;      -0.39104; 93.54792;80.00000;20.00000;0.80541;2
107.97400; 39.20667;      -0.39224; 93.54504;80.00000;20.00000;0.80537;2
108.09300; 39.21667;      -0.39345; 93.54119;80.00000;20.00000;0.80532;2
108.19600; 39.22667;      -0.39420; 93.53831;80.00000;20.00000;0.80528;2
108.30200; 39.23667;      -0.39522; 93.53447;80.00000;20.00000;0.80524;2
108.42500; 39.24667;      -0.39633; 93.53062;80.00000;20.00000;0.80520;2
108.54500; 39.25667;      -0.39799; 93.52774;80.00000;20.00000;0.80515;2
108.65800; 39.26667;      -0.39947; 93.52485;80.00000;20.00000;0.80511;2
108.76800; 39.27667;      -0.40013; 93.52197;80.00000;20.00000;0.80507;2
108.88200; 39.28667;      -0.40079; 93.51909;80.00000;20.00000;0.80502;2
109.00600; 39.29667;      -0.40154; 93.51620;80.00000;20.00000;0.80498;2
109.11300; 39.30667;      -0.40293; 93.51428;80.00000;20.00000;0.80494;2
109.23600; 39.31667;      -0.40341; 93.51236;80.00000;20.00000;0.80489;2
109.34200; 39.32667;      -0.40425; 93.51044;80.00000;20.00000;0.80485;2
109.46100; 39.33667;      -0.40573; 93.50755;80.00000;20.00000;0.80481;2
109.57900; 39.34667;      -0.40730; 93.50467;80.00000;20.00000;0.80476;2
109.69500; 39.35667;      -0.40814; 93.50275;80.00000;20.00000;0.80472;2
109.80200; 39.36667;      -0.40871; 93.50083;80.00000;20.00000;0.80468;2
109.92000; 39.37667;      -0.40973; 93.49698;80.00000;20.00000;0.80463;2
110.02900; 39.38667;      -0.41094; 93.49410;80.00000;20.00000;0.80459;2
110.14800; 39.39667;      -0.41197; 93.48929;80.00000;20.00000;0.80455;2
110.25800; 39.40667;      -0.41335; 93.48449;80.00000;20.00000;0.80450;2
110.36800; 39.41667;      -0.41429; 93.47968;80.00000;20.00000;0.80446;2
110.48500; 39.42667;      -0.41513; 93.47488;80.00000;20.00000;0.80442;2
110.60800; 39.43667;      -0.41597; 93.47103;80.00000;20.00000;0.80437;2
110.72100; 39.44667;      -0.41709; 93.46526;80.00000;20.00000;0.80433;2
110.84200; 39.45667;      -0.41766; 93.46238;80.00000;20.00000;0.80428;2
110.94500; 39.46667;      -0.41896; 93.45854;80.00000;20.00000;0.80424;2
111.06600; 39.47667;      -0.42044; 93.45661;80.00000;20.00000;0.80420;2
111.16300; 39.48667;      -0.42137; 93.45565;80.00000;20.00000;0.80416;2
111.28300; 39.49667;      -0.42176; 93.45469;80.00000;20.00000;0.80411;2
111.39700; 39.50667;      -0.42297; 93.45373;80.00000;20.00000;0.80407;2
111.51000; 39.51667;      -0.42390; 93.45277;80.00000;20.00000;0.80403;2
111.62700; 39.52667;      -0.42484; 93.45277;80.00000;20.00000;0.80398;2
111.74300; 39.53667;      -0.42623; 93.45277;80.00000;20.00000;0.80394;2
111.86000; 39.54667;      -0.42771; 93.45277;80.00000;20.00000;0.80390;2
111.97000; 39.55667;      -0.42828; 93.45277;80.00000;20.00000;0.80385;2
112.08500; 39.56667;      -0.42849; 93.45277;80.00000;20.00000;0.80381;2
112.18800; 39.57667;      -0.42961; 93.45277;80.00000;20.00000;0.80377;2
112.30500; 39.58667;      -0.43072; 93.45277;80.00000;20.00000;0.80373;2
112.42500; 39.59667;      -0.43139; 93.45661;80.00000;20.00000;0.80368;2
112.54000; 39.60667;      -0.43287; 93.46046;80.00000;20.00000;0.80364;2
112.65400; 39.61667;      -0.43435; 93.46430;80.00000;20.00000;0.80359;2
112.76700; 39.62667;      -0.43492; 93.46623;80.00000;20.00000;0.80355;2
112.88300; 39.63667;      -0.43623; 93.46815;80.00000;20.00000;0.80351;2
112.98300; 39.64667;      -0.43716; 93.47007;80.00000;20.00000;0.80347;2
113.10600; 39.65667;      -0.43801; 93.47007;80.00000;20.00000;0.80342;2
113.20900; 39.66667;      -0.43775; 93.47103;80.00000;20.00000;0.80338;2
113.32500; 39.67667;      -0.43896; 93.47103;80.00000;20.00000;0.80334;2
113.43600; 39.68667;      -0.43999; 93.47103;80.00000;20.00000;0.80330;2
113.56000; 39.69667;      -0.44075; 93.47007;80.00000;20.00000;0.80325;2
113.66300; 39.70667;      -0.44278; 93.47103;80.00000;20.00000;0.80321;2
113.78000; 39.71667;      -0.44344; 93.47103;80.00000;20.00000;0.80316;2
113.89400; 39.72667;      -0.44420; 93.47103;80.00000;20.00000;0.80312;2
114.01000; 39.73667;      -0.44532; 93.47103;80.00000;20.00000;0.80308;2
114.13000; 39.74667;      -0.44644; 93.47007;80.00000;20.00000;0.80303;2
114.25000; 39.75667;      -0.44756; 93.47007;80.00000;20.00000;0.80298;2
114.35300; 39.76667;      -0.44895; 93.46815;80.00000;20.00000;0.80294;2
114.45800; 39.77667;      -0.45016; 93.46719;80.00000;20.00000;0.80290;2
114.57300; 39.78667;      -0.45110; 93.46623;80.00000;20.00000;0.80286;2
114.69100; 39.79667;      -0.45176; 93.46526;80.00000;20.00000;0.80282;2
114.80700; 39.80667;      -0.45215; 93.46430;80.00000;20.00000;0.80277;2
114.91500; 39.81667;      -0.45291; 93.46334;80.00000;20.00000;0.80273;2
115.03000; 39.82667;      -0.45412; 93.46238;80.00000;20.00000;0.80269;2
115.13700; 39.83667;      -0.45551; 93.46238;80.00000;20.00000;0.80265;2
115.27200; 39.84667;      -0.45627; 93.45854;80.00000;20.00000;0.80259;2
115.37300; 39.85667;      -0.45694; 93.45373;80.00000;20.00000;0.80255;2
115.48100; 39.86667;      -0.45806; 93.44989;80.00000;20.00000;0.80251;2
115.59200; 39.87667;      -0.45927; 93.44604;80.00000;20.00000;0.80247;2
115.71100; 39.88667;      -0.45929; 93.44124;80.00000;20.00000;0.80243;2
115.82400; 39.89667;      -0.46060; 93.43931;80.00000;20.00000;0.80238;2
115.93900; 39.90667;      -0.46163; 93.43643;80.00000;20.00000;0.80234;2
116.05000; 39.91667;      -0.46284; 93.43451;80.00000;20.00000;0.80230;2
116.16200; 39.92667;      -0.46378; 93.43259;80.00000;20.00000;0.80225;2
116.28200; 39.93667;      -0.46481; 93.43066;80.00000;20.00000;0.80221;2
116.38000; 39.94667;      -0.46602; 93.42874;80.00000;20.00000;0.80217;2
116.49900; 39.95667;      -0.46751; 93.42682;80.00000;20.00000;0.80212;2
116.60700; 39.96667;      -0.46799; 93.42490;80.00000;20.00000;0.80208;2
116.72900; 39.97667;      -0.46857; 93.42201;80.00000;20.00000;0.80203;2
116.83700; 39.98667;      -0.46969; 93.42105;80.00000;20.00000;0.80199;2
116.96000; 39.99667;      -0.47036; 93.41913;80.00000;20.00000;0.80195;2
117.07200; 40.00667;      -0.47185; 93.41721;80.00000;20.00000;0.80190;2
117.17900; 40.01667;      -0.47306; 93.41529;80.00000;20.00000;0.80186;2
117.29700; 40.02667;      -0.47409; 93.41336;80.00000;20.00000;0.80182;2
117.40900; 40.03667;      -0.47366; 93.41240;80.00000;20.00000;0.80177;2
117.51000; 40.04667;      -0.47551; 93.40952;80.00000;20.00000;0.80173;2
117.62800; 40.05667;      -0.47636; 93.40760;80.00000;20.00000;0.80169;2
117.74700; 40.06667;      -0.47795; 93.40567;80.00000;20.00000;0.80164;2
117.85800; 40.07667;      -0.47879; 93.40375;80.00000;20.00000;0.80160;2
117.96500; 40.08667;      -0.47955; 93.40279;80.00000;20.00000;0.80156;2
118.07400; 40.09667;      -0.48058; 93.39991;80.00000;20.00000;0.80152;2
118.18800; 40.10667;      -0.47997; 93.39799;80.00000;20.00000;0.80147;2
118.31600; 40.11667;      -0.48192; 93.39799;80.00000;20.00000;0.80142;2
118.43000; 40.12667;      -0.48350; 93.39702;80.00000;20.00000;0.80138;2
118.53400; 40.13667;      -0.48407; 93.39606;80.00000;20.00000;0.80134;2
118.63300; 40.14667;      -0.48446; 93.39510;80.00000;20.00000;0.80130;2
118.76100; 40.15667;      -0.48541; 93.39510;80.00000;20.00000;0.80125;2
118.87500; 40.16667;      -0.48644; 93.39510;80.00000;20.00000;0.80121;2
118.99300; 40.17667;      -0.48830; 93.39414;80.00000;20.00000;0.80116;2
119.09200; 40.18667;      -0.48878; 93.39318;80.00000;20.00000;0.80113;2
119.21100; 40.19667;      -0.48945; 93.39318;80.00000;20.00000;0.80108;2
119.33000; 40.20667;      -0.49039; 93.39222;80.00000;20.00000;0.80103;2
119.43100; 40.21667;      -0.49097; 93.39126;80.00000;20.00000;0.80099;2
119.54300; 40.22667;      -0.49246; 93.39030;80.00000;20.00000;0.80095;2
119.65700; 40.23667;      -0.49358; 93.38934;80.00000;20.00000;0.80091;2
119.77100; 40.24667;      -0.49443; 93.38837;80.00000;20.00000;0.80086;2
119.87700; 40.25667;      -0.49446; 93.38741;80.00000;20.00000;0.80082;2
119.99100; 40.26667;      -0.49531; 93.38741;80.00000;20.00000;0.80078;2
120.11500; 40.27667;      -0.49681; 93.38645;80.00000;20.00000;0.80073;2
120.22500; 40.28667;      -0.49766; 93.38549;80.00000;20.00000;0.80069;2
120.33100; 40.29667;      -0.49777; 93.38453;80.00000;20.00000;0.80065;2
120.44500; 40.30667;      -0.49853; 93.38357;80.00000;20.00000;0.80060;2
120.55800; 40.31667;      -0.49975; 93.38261;80.00000;20.00000;0.80056;2
120.67200; 40.32667;      -0.50152; 93.38165;80.00000;20.00000;0.80051;2
120.79200; 40.33667;      -0.50237; 93.38165;80.00000;20.00000;0.80047;2
120.89400; 40.34667;      -0.50377; 93.38069;80.00000;20.00000;0.80043;2
121.00400; 40.35667;      -0.50389; 93.38069;80.00000;20.00000;0.80039;2
121.11400; 40.36667;      -0.50483; 93.37972;80.00000;20.00000;0.80034;2
121.22200; 40.37667;      -0.50660; 93.37972;80.00000;20.00000;0.80030;2
121.34600; 40.38667;      -0.50755; 93.37876;80.00000;20.00000;0.80025;2
121.46100; 40.39667;      -0.50849; 93.37876;80.00000;20.00000;0.80021;2
121.56900; 40.40667;      -0.50925; 93.37780;80.00000;20.00000;0.80017;2
121.68000; 40.41667;      -0.51029; 93.37780;80.00000;20.00000;0.80012;2
121.79000; 40.42667;      -0.51123; 93.37684;80.00000;20.00000;0.80008;2
121.90800; 40.43667;      -0.51181; 93.37588;80.00000;20.00000;0.80004;2
122.01700; 40.44667;      -0.51285; 93.37396;80.00000;20.00000;0.79999;2
122.11600; 40.45667;      -0.51379; 93.37300;80.00000;20.00000;0.79995;2
122.23900; 40.46667;      -0.51473; 93.37203;80.00000;20.00000;0.79991;2
122.34600; 40.47667;      -0.51531; 93.37011;80.00000;20.00000;0.79987;2
122.44600; 40.48667;      -0.51634; 93.36915;80.00000;20.00000;0.79983;2
122.56600; 40.49667;      -0.51628; 93.36819;80.00000;20.00000;0.79978;2
122.68500; 40.50667;      -0.51695; 93.36723;80.00000;20.00000;0.79973;2
122.78700; 40.51667;      -0.51781; 93.36627;80.00000;20.00000;0.79969;2
122.90300; 40.52667;      -0.51894; 93.36435;80.00000;20.00000;0.79965;2
123.02200; 40.53667;      -0.52062; 93.36338;80.00000;20.00000;0.79960;2
123.13000; 40.54667;      -0.52147; 93.36242;80.00000;20.00000;0.79956;2
123.24200; 40.55667;      -0.52278; 93.36146;80.00000;20.00000;0.79952;2
123.36500; 40.56667;      -0.52382; 93.36050;80.00000;20.00000;0.79947;2
123.46900; 40.57667;      -0.52513; 93.36050;80.00000;20.00000;0.79943;2
123.58500; 40.58667;      -0.52654; 93.35954;80.00000;20.00000;0.79938;2
123.69500; 40.59667;      -0.52712; 93.35858;80.00000;20.00000;0.79934;2
123.79900; 40.60667;      -0.52733; 93.35858;80.00000;20.00000;0.79930;2
123.91300; 40.61667;      -0.52662; 93.35858;80.00000;20.00000;0.79926;2
124.02800; 40.62667;      -0.52812; 93.35858;80.00000;20.00000;0.79921;2
124.14600; 40.63667;      -0.52916; 93.35762;80.00000;20.00000;0.79917;2
124.26200; 40.64667;      -0.53038; 93.35762;80.00000;20.00000;0.79912;2
124.36400; 40.65667;      -0.53188; 93.35762;80.00000;20.00000;0.79908;2
124.47100; 40.66667;      -0.53392; 93.35666;80.00000;20.00000;0.79904;2
124.57700; 40.67667;      -0.53469; 93.35666;80.00000;20.00000;0.79900;2
124.69900; 40.68667;      -0.53463; 93.35666;80.00000;20.00000;0.79895;2
124.80200; 40.69667;      -0.53529; 93.35570;80.00000;20.00000;0.79891;2
124.91600; 40.70667;      -0.53624; 93.35570;80.00000;20.00000;0.79887;2
125.03100; 40.71667;      -0.53765; 93.35570;80.00000;20.00000;0.79882;2
125.15100; 40.72667;      -0.53851; 93.35473;80.00000;20.00000;0.79877;2
125.25300; 40.73667;      -0.53973; 93.35473;80.00000;20.00000;0.79873;2
125.37100; 40.74667;      -0.53967; 93.35473;80.00000;20.00000;0.79869;2
125.48100; 40.75667;      -0.54015; 93.35377;80.00000;20.00000;0.79864;2
125.59300; 40.76667;      -0.54110; 93.35281;80.00000;20.00000;0.79860;2
125.71600; 40.77667;      -0.54343; 93.35281;80.00000;20.00000;0.79855;2
125.82000; 40.78667;      -0.54346; 93.35281;80.00000;20.00000;0.79851;2
125.93100; 40.79667;      -0.54376; 93.35089;80.00000;20.00000;0.79847;2
126.03800; 40.80667;      -0.54416; 93.35089;80.00000;20.00000;0.79843;2
126.14500; 40.81667;      -0.54511; 93.35089;80.00000;20.00000;0.79839;2
126.27700; 40.82667;      -0.54606; 93.34897;80.00000;20.00000;0.79833;2
126.37600; 40.83667;      -0.54746; 93.34897;80.00000;20.00000;0.79830;2
126.48700; 40.84667;      -0.54887; 93.34897;80.00000;20.00000;0.79825;2
126.59100; 40.85667;      -0.54973; 93.34705;80.00000;20.00000;0.79821;2
126.71300; 40.86667;      -0.55049; 93.34705;80.00000;20.00000;0.79816;2
126.81700; 40.87667;      -0.55153; 93.34608;80.00000;20.00000;0.79812;2
126.93600; 40.88667;      -0.55212; 93.34608;80.00000;20.00000;0.79808;2
127.04200; 40.89667;      -0.55279; 93.34512;80.00000;20.00000;0.79803;2
127.15100; 40.90667;      -0.55282; 93.34416;80.00000;20.00000;0.79799;2
127.26300; 40.91667;      -0.55414; 93.34416;80.00000;20.00000;0.79795;2
127.38500; 40.92667;      -0.55564; 93.34320;80.00000;20.00000;0.79790;2
127.47300; 40.93667;      -0.55585; 93.34224;80.00000;20.00000;0.79787;2
127.60300; 40.94667;      -0.55708; 93.34224;80.00000;20.00000;0.79781;2
127.71900; 40.95667;      -0.55876; 93.34128;80.00000;20.00000;0.79777;2
127.82500; 40.96667;      -0.55944; 93.34032;80.00000;20.00000;0.79773;2
127.93100; 40.97667;      -0.55965; 93.34032;80.00000;20.00000;0.79769;2
128.04500; 40.98667;      -0.56014; 93.33936;80.00000;20.00000;0.79764;2
128.16000; 40.99667;      -0.56137; 93.33840;80.00000;20.00000;0.79760;2
128.26900; 41.00667;      -0.56222; 93.33840;80.00000;20.00000;0.79755;2
128.37900; 41.01667;      -0.56317; 93.33840;80.00000;20.00000;0.79751;2
128.49400; 41.02667;      -0.56385; 93.33647;80.00000;20.00000;0.79747;2
128.59000; 41.03667;      -0.56489; 93.33647;80.00000;20.00000;0.79743;2
128.70900; 41.04667;      -0.56575; 93.33647;80.00000;20.00000;0.79738;2
128.83000; 41.05667;      -0.56679; 93.33551;80.00000;20.00000;0.79733;2
128.92900; 41.06667;      -0.56820; 93.33551;80.00000;20.00000;0.79729;2
129.04100; 41.07667;      -0.56888; 93.33551;80.00000;20.00000;0.79725;2
129.16000; 41.08667;      -0.56873; 93.33455;80.00000;20.00000;0.79720;2
129.27000; 41.09667;      -0.57004; 93.33455;80.00000;20.00000;0.79716;2
129.39101; 41.10667;      -0.57127; 93.33455;80.00000;20.00000;0.79711;2
129.49800; 41.11667;      -0.57241; 93.33359;80.00000;20.00000;0.79707;2
129.61501; 41.12667;      -0.57281; 93.33359;80.00000;20.00000;0.79702;2
129.71001; 41.13667;      -0.57311; 93.33359;80.00000;20.00000;0.79699;2
129.82700; 41.14667;      -0.57370; 93.33359;80.00000;20.00000;0.79694;2
129.92900; 41.15667;      -0.57446; 93.33263;80.00000;20.00000;0.79690;2
130.03400; 41.16667;      -0.57578; 93.33263;80.00000;20.00000;0.79686;2
130.14500; 41.17667;      -0.57646; 93.33263;80.00000;20.00000;0.79682;2
130.25500; 41.18667;      -0.57713; 93.33167;80.00000;20.00000;0.79677;2
130.37399; 41.19667;      -0.57855; 93.33167;80.00000;20.00000;0.79673;2
130.48599; 41.20667;      -0.57959; 93.33167;80.00000;20.00000;0.79668;2
130.59100; 41.21667;      -0.58036; 93.33167;80.00000;20.00000;0.79664;2
130.70599; 41.22667;      -0.58140; 93.33167;80.00000;20.00000;0.79659;2
130.81599; 41.23667;      -0.58116; 93.33071;80.00000;20.00000;0.79655;2
130.92799; 41.24667;      -0.58184; 93.33071;80.00000;20.00000;0.79651;2
131.04201; 41.25667;      -0.58261; 93.32975;80.00000;20.00000;0.79646;2
131.14700; 41.26667;      -0.58365; 93.32782;80.00000;20.00000;0.79642;2
131.25600; 41.27667;      -0.58497; 93.32686;80.00000;20.00000;0.79638;2
131.37500; 41.28667;      -0.58556; 93.32494;80.00000;20.00000;0.79633;2
131.48900; 41.29667;      -0.58679; 93.32302;80.00000;20.00000;0.79629;2
131.59700; 41.30667;      -0.58774; 93.32206;80.00000;20.00000;0.79624;2
131.70799; 41.31667;      -0.58842; 93.32109;80.00000;20.00000;0.79620;2
131.81200; 41.32667;      -0.58863; 93.32013;80.00000;20.00000;0.79616;2
131.92999; 41.33667;      -0.58903; 93.31917;80.00000;20.00000;0.79611;2
132.03400; 41.34667;      -0.59008; 93.31821;80.00000;20.00000;0.79607;2
132.15700; 41.35667;      -0.59113; 93.31725;80.00000;20.00000;0.79602;2
132.25500; 41.36667;      -0.59208; 93.31629;80.00000;20.00000;0.79598;2
132.37100; 41.37667;      -0.59248; 93.31533;80.00000;20.00000;0.79594;2
132.48399; 41.38667;      -0.59343; 93.31437;80.00000;20.00000;0.79589;2
132.59300; 41.39667;      -0.59439; 93.31437;80.00000;20.00000;0.79585;2
132.70599; 41.40667;      -0.59562; 93.31437;80.00000;20.00000;0.79580;2
132.82201; 41.41667;      -0.59685; 93.31341;80.00000;20.00000;0.79576;2
132.92599; 41.42667;      -0.59799; 93.31341;80.00000;20.00000;0.79572;2
133.03900; 41.43667;      -0.59913; 93.31341;80.00000;20.00000;0.79567;2
133.14799; 41.44667;      -0.59953; 93.31341;80.00000;20.00000;0.79563;2
133.25999; 41.45667;      -0.59984; 93.31341;80.00000;20.00000;0.79559;2
133.36700; 41.46667;      -0.59996; 93.31244;80.00000;20.00000;0.79554;2
133.48300; 41.47667;      -0.60092; 93.31244;80.00000;20.00000;0.79550;2
133.58600; 41.48667;      -0.60196; 93.31148;80.00000;20.00000;0.79546;2
133.71001; 41.49667;      -0.60320; 93.31148;80.00000;20.00000;0.79541;2
133.80400; 41.50667;      -0.60360; 93.31052;80.00000;20.00000;0.79537;2
133.91299; 41.51667;      -0.60446; 93.31052;80.00000;20.00000;0.79533;2
134.03000; 41.52667;      -0.60569; 93.30956;80.00000;20.00000;0.79528;2
134.15100; 41.53667;      -0.60665; 93.30956;80.00000;20.00000;0.79523;2
134.25700; 41.54667;      -0.60733; 93.30860;80.00000;20.00000;0.79519;2
134.36900; 41.55667;      -0.60792; 93.30860;80.00000;20.00000;0.79515;2
134.46201; 41.56667;      -0.60877; 93.30764;80.00000;20.00000;0.79511;2
134.57300; 41.57667;      -0.60936; 93.30668;80.00000;20.00000;0.79506;2
134.68900; 41.58667;      -0.60995; 93.30668;80.00000;20.00000;0.79502;2
134.80200; 41.59667;      -0.61054; 93.30572;80.00000;20.00000;0.79497;2
134.91701; 41.60667;      -0.61168; 93.30572;80.00000;20.00000;0.79493;2
135.01401; 41.61667;      -0.61319; 93.30476;80.00000;20.00000;0.79489;2
135.13400; 41.62667;      -0.61331; 93.30476;80.00000;20.00000;0.79484;2
135.24699; 41.63667;      -0.61307; 93.30476;80.00000;20.00000;0.79480;2
135.36099; 41.64667;      -0.61486; 93.30379;80.00000;20.00000;0.79475;2
135.47301; 41.65667;      -0.61609; 93.30379;80.00000;20.00000;0.79471;2
135.57201; 41.66667;      -0.61622; 93.30379;80.00000;20.00000;0.79467;2
135.68800; 41.67667;      -0.61690; 93.30379;80.00000;20.00000;0.79462;2
135.80400; 41.68667;      -0.61869; 93.30283;80.00000;20.00000;0.79458;2
135.91499; 41.69667;      -0.62002; 93.30283;80.00000;20.00000;0.79453;2
136.03500; 41.70667;      -0.62005; 93.30283;80.00000;20.00000;0.79448;2
136.13699; 41.71667;      -0.61981; 93.30187;80.00000;20.00000;0.79444;2
136.24300; 41.72667;      -0.62104; 93.30187;80.00000;20.00000;0.79440;2
136.35500; 41.73667;      -0.62163; 93.30091;80.00000;20.00000;0.79436;2
136.45900; 41.74667;      -0.62258; 93.30091;80.00000;20.00000;0.79431;2
136.57001; 41.75667;      -0.62354; 93.29995;80.00000;20.00000;0.79427;2
136.68100; 41.76667;      -0.62450; 93.29995;80.00000;20.00000;0.79423;2
136.79601; 41.77667;      -0.62537; 93.29995;80.00000;20.00000;0.79418;2
136.90700; 41.78667;      -0.62623; 93.29899;80.00000;20.00000;0.79414;2
137.00700; 41.79667;      -0.62719; 93.29899;80.00000;20.00000;0.79410;2
137.11501; 41.80667;      -0.62833; 93.29803;80.00000;20.00000;0.79405;2
137.22301; 41.81667;      -0.62910; 93.29803;80.00000;20.00000;0.79401;2
137.34500; 41.82667;      -0.62970; 93.29611;80.00000;20.00000;0.79396;2
137.45500; 41.83667;      -0.63010; 93.29611;80.00000;20.00000;0.79392;2
137.57700; 41.84667;      -0.63097; 93.29514;80.00000;20.00000;0.79387;2
137.68201; 41.85667;      -0.63174; 93.29514;80.00000;20.00000;0.79383;2
137.79601; 41.86667;      -0.63363; 93.29418;80.00000;20.00000;0.79378;2
137.90800; 41.87667;      -0.63459; 93.29418;80.00000;20.00000;0.79374;2
138.01401; 41.88667;      -0.63499; 93.29322;80.00000;20.00000;0.79369;2
138.11800; 41.89667;      -0.63576; 93.29226;80.00000;20.00000;0.79365;2
138.23500; 41.90667;      -0.63635; 93.29226;80.00000;20.00000;0.79361;2
138.34100; 41.91667;      -0.63731; 93.29226;80.00000;20.00000;0.79356;2
138.45399; 41.92667;      -0.63836; 93.29226;80.00000;20.00000;0.79352;2
138.55901; 41.93667;      -0.63914; 93.29226;80.00000;20.00000;0.79348;2
138.66400; 41.94667;      -0.63991; 93.29226;80.00000;20.00000;0.79343;2
138.77499; 41.95667;      -0.64032; 93.29130;80.00000;20.00000;0.79339;2
138.88699; 41.96667;      -0.64063; 93.29130;80.00000;20.00000;0.79335;2
138.99300; 41.97667;      -0.64140; 93.29130;80.00000;20.00000;0.79330;2
139.10800; 41.98667;      -0.64246; 93.29130;80.00000;20.00000;0.79326;2
139.21700; 41.99667;      -0.64295; 93.29130;80.00000;20.00000;0.79321;2
139.32500; 42.00667;      -0.64364; 93.29034;80.00000;20.00000;0.79317;2
139.43900; 42.01667;      -0.64414; 93.28938;80.00000;20.00000;0.79312;2
139.55701; 42.02667;      -0.64538; 93.28938;80.00000;20.00000;0.79308;2
139.66100; 42.03667;      -0.64606; 93.28938;80.00000;20.00000;0.79304;2
139.76700; 42.04667;      -0.64729; 93.28842;80.00000;20.00000;0.79299;2
139.88200; 42.05667;      -0.64890; 93.28842;80.00000;20.00000;0.79295;2
139.99100; 42.06667;      -0.64885; 93.28842;80.00000;20.00000;0.79290;2
140.09599; 42.07667;      -0.64962; 93.28649;80.00000;20.00000;0.79286;2
140.20100; 42.08667;      -0.65058; 93.28649;80.00000;20.00000;0.79282;2
140.30901; 42.09667;      -0.65136; 93.28649;80.00000;20.00000;0.79278;2
140.42500; 42.10667;      -0.65186; 93.28553;80.00000;20.00000;0.79273;2
140.52200; 42.11667;      -0.65217; 93.28553;80.00000;20.00000;0.79269;2
140.64301; 42.12667;      -0.65332; 93.28553;80.00000;20.00000;0.79264;2
140.76700; 42.13667;      -0.65475; 93.28553;80.00000;20.00000;0.79259;2
140.85699; 42.14667;      -0.65542; 93.28361;80.00000;20.00000;0.79256;2
140.97000; 42.15667;      -0.65620; 93.28361;80.00000;20.00000;0.79251;2
141.08701; 42.16667;      -0.65717; 93.28361;80.00000;20.00000;0.79246;2
141.19000; 42.17667;      -0.65711; 93.28265;80.00000;20.00000;0.79242;2
141.30800; 42.18667;      -0.65881; 93.28265;80.00000;20.00000;0.79237;2
141.40800; 42.19667;      -0.65940; 93.28265;80.00000;20.00000;0.79233;2
141.51601; 42.20667;      -0.65999; 93.28073;80.00000;20.00000;0.79229;2
141.62900; 42.21667;      -0.66151; 93.28073;80.00000;20.00000;0.79225;2
141.74500; 42.22667;      -0.66183; 93.27977;80.00000;20.00000;0.79220;2
141.85100; 42.23667;      -0.66177; 93.27881;80.00000;20.00000;0.79216;2
141.96600; 42.24667;      -0.66246; 93.27881;80.00000;20.00000;0.79211;2
142.07700; 42.25667;      -0.66370; 93.27784;80.00000;20.00000;0.79207;2
142.17300; 42.26667;      -0.66493; 93.27688;80.00000;20.00000;0.79203;2
142.28300; 42.27667;      -0.66599; 93.27592;80.00000;20.00000;0.79198;2
142.39000; 42.28667;      -0.66649; 93.27496;80.00000;20.00000;0.79194;2
142.49400; 42.29667;      -0.66745; 93.27496;80.00000;20.00000;0.79190;2
142.61900; 42.30667;      -0.66768; 93.27496;80.00000;20.00000;0.79185;2
142.71600; 42.31667;      -0.66799; 93.27400;80.00000;20.00000;0.79181;2
142.82899; 42.32667;      -0.66932; 93.27400;80.00000;20.00000;0.79176;2
142.93600; 42.33667;      -0.67029; 93.27208;80.00000;20.00000;0.79172;2
143.04201; 42.34667;      -0.67097; 93.27208;80.00000;20.00000;0.79168;2
143.16499; 42.35667;      -0.67194; 93.27208;80.00000;20.00000;0.79163;2
143.26300; 42.36667;      -0.67225; 93.27112;80.00000;20.00000;0.79159;2
143.36501; 42.37667;      -0.67377; 93.27112;80.00000;20.00000;0.79155;2
143.47200; 42.38667;      -0.67436; 93.27015;80.00000;20.00000;0.79150;2
143.58800; 42.39667;      -0.67486; 93.26919;80.00000;20.00000;0.79146;2
143.70000; 42.40667;      -0.67518; 93.26919;80.00000;20.00000;0.79141;2
143.82201; 42.41667;      -0.67596; 93.26823;80.00000;20.00000;0.79136;2
143.91901; 42.42667;      -0.67702; 93.26823;80.00000;20.00000;0.79132;2
144.02800; 42.43667;      -0.67835; 93.26727;80.00000;20.00000;0.79128;2
144.14000; 42.44667;      -0.67959; 93.26727;80.00000;20.00000;0.79123;2
144.23900; 42.45667;      -0.68046; 93.26727;80.00000;20.00000;0.79119;2
144.36000; 42.46667;      -0.68125; 93.26535;80.00000;20.00000;0.79115;2
144.46500; 42.47667;      -0.68175; 93.26535;80.00000;20.00000;0.79110;2
144.56599; 42.48667;      -0.68271; 93.26535;80.00000;20.00000;0.79106;2
144.68600; 42.49667;      -0.68321; 93.26439;80.00000;20.00000;0.79101;2
144.77200; 42.50667;      -0.68417; 93.26439;80.00000;20.00000;0.79098;2
144.89301; 42.51667;      -0.68523; 93.26439;80.00000;20.00000;0.79093;2
145.00500; 42.52667;      -0.68546; 93.26343;80.00000;20.00000;0.79088;2
145.11400; 42.53667;      -0.68596; 93.26343;80.00000;20.00000;0.79084;2
145.23801; 42.54667;      -0.68730; 93.26343;80.00000;20.00000;0.79079;2
145.33099; 42.55667;      -0.68826; 93.26343;80.00000;20.00000;0.79075;2
145.45300; 42.56667;      -0.68942; 93.26343;80.00000;20.00000;0.79070;2
145.55701; 42.57667;      -0.69010; 93.26343;80.00000;20.00000;0.79066;2
145.66800; 42.58667;      -0.69088; 93.26247;80.00000;20.00000;0.79062;2
145.76700; 42.59667;      -0.69175; 93.26247;80.00000;20.00000;0.79058;2
145.88000; 42.60667;      -0.69272; 93.26247;80.00000;20.00000;0.79053;2
145.99200; 42.61667;      -0.69332; 93.26247;80.00000;20.00000;0.79049;2
146.11000; 42.62667;      -0.69382; 93.26247;80.00000;20.00000;0.79044;2
146.21201; 42.63667;      -0.69405; 93.26247;80.00000;20.00000;0.79040;2
146.31300; 42.64667;      -0.69538; 93.26247;80.00000;20.00000;0.79036;2
146.41800; 42.65667;      -0.69588; 93.26150;80.00000;20.00000;0.79031;2
146.53700; 42.66667;      -0.69667; 93.26150;80.00000;20.00000;0.79026;2
146.64999; 42.67667;      -0.69736; 93.26150;80.00000;20.00000;0.79022;2
146.76199; 42.68667;      -0.69740; 93.26247;80.00000;20.00000;0.79017;2
146.87399; 42.69667;      -0.69883; 93.26439;80.00000;20.00000;0.79013;2
146.97900; 42.70667;      -0.69979; 93.26631;80.00000;20.00000;0.79009;2
147.09100; 42.71667;      -0.70086; 93.26727;80.00000;20.00000;0.79004;2
147.18800; 42.72667;      -0.70191; 93.26823;80.00000;20.00000;0.79000;2
147.30499; 42.73667;      -0.70270; 93.26919;80.00000;20.00000;0.78995;2
147.39999; 42.74667;      -0.70347; 93.27015;80.00000;20.00000;0.78991;2
147.50101; 42.75667;      -0.70425; 93.27015;80.00000;20.00000;0.78987;2
147.63300; 42.76667;      -0.70532; 93.27015;80.00000;20.00000;0.78982;2
147.72301; 42.77667;      -0.70563; 93.27112;80.00000;20.00000;0.78978;2
147.82899; 42.78667;      -0.70679; 93.27112;80.00000;20.00000;0.78974;2
147.95599; 42.79667;      -0.70711; 93.27112;80.00000;20.00000;0.78969;2
148.04900; 42.80667;      -0.70798; 93.27208;80.00000;20.00000;0.78965;2
148.16299; 42.81667;      -0.70858; 93.27400;80.00000;20.00000;0.78960;2
148.27100; 42.82667;      -0.70880; 93.27592;80.00000;20.00000;0.78956;2
148.39301; 42.83667;      -0.71024; 93.27784;80.00000;20.00000;0.78951;2
148.47900; 42.84667;      -0.71092; 93.27881;80.00000;20.00000;0.78948;2
148.60899; 42.85667;      -0.71199; 93.28073;80.00000;20.00000;0.78942;2
148.71500; 42.86667;      -0.71333; 93.28169;80.00000;20.00000;0.78938;2
148.80499; 42.87667;      -0.71411; 93.28265;80.00000;20.00000;0.78934;2
148.92900; 42.88667;      -0.71425; 93.28361;80.00000;20.00000;0.78929;2
149.02699; 42.89667;      -0.71456; 93.28457;80.00000;20.00000;0.78925;2
149.15100; 42.90667;      -0.71582; 93.28553;80.00000;20.00000;0.78920;2
149.24699; 42.91667;      -0.71697; 93.28649;80.00000;20.00000;0.78916;2
149.34300; 42.92667;      -0.71765; 93.28746;80.00000;20.00000;0.78912;2
149.45500; 42.93667;      -0.71825; 93.28746;80.00000;20.00000;0.78908;2
149.57700; 42.94667;      -0.71867; 93.28842;80.00000;20.00000;0.78903;2
149.68401; 42.95667;      -0.71926; 93.28842;80.00000;20.00000;0.78899;2
149.77901; 42.96667;      -0.71995; 93.28842;80.00000;20.00000;0.78895;2
149.89700; 42.97667;      -0.72074; 93.28842;80.00000;20.00000;0.78890;2
150.00900; 42.98667;      -0.72162; 93.28842;80.00000;20.00000;0.78885;2
150.11400; 42.99667;      -0.72277; 93.28649;80.00000;20.00000;0.78881;2
150.22200; 43.00667;      -0.72393; 93.28361;80.00000;20.00000;0.78877;2
150.32201; 43.01667;      -0.72480; 93.27977;80.00000;20.00000;0.78873;2
150.41701; 43.02667;      -0.72614; 93.27784;80.00000;20.00000;0.78869;2
150.54300; 43.03667;      -0.72693; 93.27496;80.00000;20.00000;0.78864;2
150.65900; 43.04667;      -0.72660; 93.27208;80.00000;20.00000;0.78859;2
150.76300; 43.05667;      -0.72711; 93.27015;80.00000;20.00000;0.78855;2
150.87601; 43.06667;      -0.72780; 93.26919;80.00000;20.00000;0.78850;2
150.97400; 43.07667;      -0.72895; 93.26823;80.00000;20.00000;0.78846;2
151.09500; 43.08667;      -0.72983; 93.26631;80.00000;20.00000;0.78841;2
151.19099; 43.09667;      -0.73173; 93.26535;80.00000;20.00000;0.78837;2
151.29900; 43.10667;      -0.73140; 93.26343;80.00000;20.00000;0.78833;2
151.41901; 43.11667;      -0.73172; 93.26247;80.00000;20.00000;0.78828;2
151.52800; 43.12667;      -0.73242; 93.26150;80.00000;20.00000;0.78823;2
151.62399; 43.13667;      -0.73301; 93.26054;80.00000;20.00000;0.78819;2
151.73100; 43.14667;      -0.73482; 93.25958;80.00000;20.00000;0.78815;2
151.84399; 43.15667;      -0.73551; 93.25862;80.00000;20.00000;0.78810;2
151.95000; 43.16667;      -0.73574; 93.25766;80.00000;20.00000;0.78806;2
152.05901; 43.17667;      -0.73699; 93.25574;80.00000;20.00000;0.78802;2
152.16299; 43.18667;      -0.73750; 93.25478;80.00000;20.00000;0.78797;2
152.26900; 43.19667;      -0.73810; 93.25382;80.00000;20.00000;0.78793;2
152.39700; 43.20667;      -0.73889; 93.25285;80.00000;20.00000;0.78788;2
152.49100; 43.21667;      -0.73976; 93.25285;80.00000;20.00000;0.78784;2
152.60600; 43.22667;      -0.74037; 93.25189;80.00000;20.00000;0.78779;2
152.70700; 43.23667;      -0.74134; 93.25189;80.00000;20.00000;0.78775;2
152.81400; 43.24667;      -0.74222; 93.25093;80.00000;20.00000;0.78771;2
152.93100; 43.25667;      -0.74319; 93.25093;80.00000;20.00000;0.78766;2
153.02600; 43.26667;      -0.74435; 93.25093;80.00000;20.00000;0.78762;2
153.13400; 43.27667;      -0.74504; 93.24997;80.00000;20.00000;0.78758;2
153.25600; 43.28667;      -0.74565; 93.24901;80.00000;20.00000;0.78753;2
153.36099; 43.29667;      -0.74587; 93.24901;80.00000;20.00000;0.78748;2
153.45799; 43.30667;      -0.74665; 93.24805;80.00000;20.00000;0.78744;2
153.57600; 43.31667;      -0.74791; 93.24613;80.00000;20.00000;0.78739;2
153.67000; 43.32667;      -0.74832; 93.24613;80.00000;20.00000;0.78736;2
153.78700; 43.33667;      -0.74883; 93.24517;80.00000;20.00000;0.78731;2
153.89400; 43.34667;      -0.75008; 93.24420;80.00000;20.00000;0.78726;2
153.99500; 43.35667;      -0.75096; 93.24324;80.00000;20.00000;0.78722;2
154.10201; 43.36667;      -0.75147; 93.24228;80.00000;20.00000;0.78718;2
154.22099; 43.37667;      -0.75235; 93.24228;80.00000;20.00000;0.78713;2
154.32100; 43.38667;      -0.75323; 93.24036;80.00000;20.00000;0.78709;2
154.43401; 43.39667;      -0.75393; 93.23940;80.00000;20.00000;0.78704;2
154.54201; 43.40667;      -0.75481; 93.23844;80.00000;20.00000;0.78700;2
154.64799; 43.41667;      -0.75560; 93.23748;80.00000;20.00000;0.78695;2
154.75101; 43.42667;      -0.75601; 93.23748;80.00000;20.00000;0.78691;2
154.86501; 43.43667;      -0.75662; 93.23652;80.00000;20.00000;0.78687;2
154.97701; 43.44667;      -0.75778; 93.23555;80.00000;20.00000;0.78682;2
155.07001; 43.45667;      -0.75856; 93.23363;80.00000;20.00000;0.78678;2
155.17599; 43.46667;      -0.75925; 93.23267;80.00000;20.00000;0.78674;2
155.28000; 43.47667;      -0.75995; 93.23267;80.00000;20.00000;0.78670;2
155.39500; 43.48667;      -0.76037; 93.23171;80.00000;20.00000;0.78665;2
155.48801; 43.49667;      -0.76152; 93.22979;80.00000;20.00000;0.78661;2
155.61301; 43.50667;      -0.76250; 93.22883;80.00000;20.00000;0.78656;2
155.72099; 43.51667;      -0.76348; 93.22883;80.00000;20.00000;0.78651;2
155.82700; 43.52667;      -0.76390; 93.22787;80.00000;20.00000;0.78647;2
155.93100; 43.53667;      -0.76478; 93.22690;80.00000;20.00000;0.78643;2
156.04700; 43.54667;      -0.76613; 93.22690;80.00000;20.00000;0.78638;2
156.13300; 43.55667;      -0.76691; 93.22594;80.00000;20.00000;0.78634;2
156.24600; 43.56667;      -0.76761; 93.22594;80.00000;20.00000;0.78630;2
156.36200; 43.57667;      -0.76803; 93.22594;80.00000;20.00000;0.78625;2
156.45000; 43.58667;      -0.76899; 93.22594;80.00000;20.00000;0.78621;2
156.56799; 43.59667;      -0.76951; 93.22402;80.00000;20.00000;0.78617;2
156.67400; 43.60667;      -0.77067; 93.22210;80.00000;20.00000;0.78612;2
156.78600; 43.61667;      -0.77174; 93.22018;80.00000;20.00000;0.78608;2
156.89301; 43.62667;      -0.77281; 93.21825;80.00000;20.00000;0.78603;2
156.99699; 43.63667;      -0.77332; 93.21729;80.00000;20.00000;0.78599;2
157.09900; 43.64667;      -0.77364; 93.21537;80.00000;20.00000;0.78595;2
157.21100; 43.65667;      -0.77490; 93.21441;80.00000;20.00000;0.78590;2
157.32401; 43.66667;      -0.77504; 93.21345;80.00000;20.00000;0.78585;2
157.41600; 43.67667;      -0.77620; 93.21249;80.00000;20.00000;0.78582;2
157.53700; 43.68667;      -0.77643; 93.21153;80.00000;20.00000;0.78577;2
157.63699; 43.69667;      -0.77713; 93.21056;80.00000;20.00000;0.78572;2
157.75000; 43.70667;      -0.77857; 93.20960;80.00000;20.00000;0.78568;2
157.84900; 43.71667;      -0.77955; 93.20864;80.00000;20.00000;0.78564;2
157.96201; 43.72667;      -0.78062; 93.20864;80.00000;20.00000;0.78559;2
158.06000; 43.73667;      -0.78131; 93.20960;80.00000;20.00000;0.78555;2
158.18600; 43.74667;      -0.78220; 93.21056;80.00000;20.00000;0.78550;2
158.28999; 43.75667;      -0.78318; 93.21345;80.00000;20.00000;0.78545;2
158.38400; 43.76667;      -0.78462; 93.21633;80.00000;20.00000;0.78542;2
158.50301; 43.77667;      -0.78514; 93.21825;80.00000;20.00000;0.78537;2
158.61000; 43.78667;      -0.78527; 93.22018;80.00000;20.00000;0.78532;2
158.70599; 43.79667;      -0.78634; 93.22114;80.00000;20.00000;0.78528;2
158.82201; 43.80667;      -0.78704; 93.22210;80.00000;20.00000;0.78523;2
158.92700; 43.81667;      -0.78793; 93.22210;80.00000;20.00000;0.78519;2
159.02400; 43.82667;      -0.78918; 93.22306;80.00000;20.00000;0.78515;2
159.13200; 43.83667;      -0.79035; 93.22306;80.00000;20.00000;0.78511;2
159.24200; 43.84667;      -0.79151; 93.22306;80.00000;20.00000;0.78506;2
159.35100; 43.85667;      -0.79175; 93.22402;80.00000;20.00000;0.78502;2
159.45900; 43.86667;      -0.79207; 93.22402;80.00000;20.00000;0.78497;2
159.55600; 43.87667;      -0.79286; 93.22402;80.00000;20.00000;0.78493;2
159.67999; 43.88667;      -0.79366; 93.22402;80.00000;20.00000;0.78488;2
159.77000; 43.89667;      -0.79491; 93.22498;80.00000;20.00000;0.78484;2
159.89600; 43.90667;      -0.79562; 93.22498;80.00000;20.00000;0.78479;2
159.98300; 43.91667;      -0.79584; 93.22498;80.00000;20.00000;0.78475;2
160.09900; 43.92667;      -0.79664; 93.22498;80.00000;20.00000;0.78471;2
160.19600; 43.93667;      -0.79771; 93.22594;80.00000;20.00000;0.78467;2
160.31300; 43.94667;      -0.79888; 93.22690;80.00000;20.00000;0.78462;2
160.41200; 43.95667;      -0.79976; 93.22787;80.00000;20.00000;0.78458;2
160.53500; 43.96667;      -0.80093; 93.22979;80.00000;20.00000;0.78453;2
160.63100; 43.97667;      -0.80191; 93.23075;80.00000;20.00000;0.78449;2
160.73700; 43.98667;      -0.80298; 93.23171;80.00000;20.00000;0.78444;2
160.83701; 43.99667;      -0.80265; 93.23459;80.00000;20.00000;0.78440;2
160.94800; 44.00667;      -0.80363; 93.23748;80.00000;20.00000;0.78435;2
161.06500; 44.01667;      -0.80462; 93.24036;80.00000;20.00000;0.78431;2
161.16100; 44.02667;      -0.80559; 93.24228;80.00000;20.00000;0.78427;2
161.26401; 44.03667;      -0.80657; 93.24517;80.00000;20.00000;0.78422;2
161.38200; 44.04667;      -0.80690; 93.24709;80.00000;20.00000;0.78417;2
161.48399; 44.05667;      -0.80882; 93.24805;80.00000;20.00000;0.78413;2
161.58400; 44.06667;      -0.80914; 93.24901;80.00000;20.00000;0.78409;2
161.70100; 44.07667;      -0.81013; 93.24997;80.00000;20.00000;0.78404;2
161.79800; 44.08667;      -0.81148; 93.24997;80.00000;20.00000;0.78400;2
161.91499; 44.09667;      -0.81199; 93.25093;80.00000;20.00000;0.78395;2
162.02499; 44.10667;      -0.81298; 93.25093;80.00000;20.00000;0.78391;2
162.12601; 44.11667;      -0.81368; 93.25093;80.00000;20.00000;0.78387;2
162.23199; 44.12667;      -0.81419; 93.25093;80.00000;20.00000;0.78382;2
162.33600; 44.13667;      -0.81508; 93.25093;80.00000;20.00000;0.78378;2
162.43201; 44.14667;      -0.81624; 93.25093;80.00000;20.00000;0.78374;2
162.53500; 44.15667;      -0.81778; 93.25093;80.00000;20.00000;0.78370;2
162.64799; 44.16667;      -0.81839; 93.25093;80.00000;20.00000;0.78365;2
162.75500; 44.17667;      -0.81909; 93.25093;80.00000;20.00000;0.78360;2
162.86700; 44.18667;      -0.82027; 93.24901;80.00000;20.00000;0.78356;2
162.97099; 44.19667;      -0.82059; 93.24613;80.00000;20.00000;0.78351;2
163.07401; 44.20667;      -0.82167; 93.24324;80.00000;20.00000;0.78347;2
163.17999; 44.21667;      -0.82284; 93.24036;80.00000;20.00000;0.78343;2
163.29100; 44.22667;      -0.82401; 93.23748;80.00000;20.00000;0.78338;2
163.39700; 44.23667;      -0.82490; 93.23555;80.00000;20.00000;0.78334;2
163.49899; 44.24667;      -0.82578; 93.23459;80.00000;20.00000;0.78329;2
163.61400; 44.25667;      -0.82677; 93.23267;80.00000;20.00000;0.78325;2
163.71001; 44.26667;      -0.82747; 93.23171;80.00000;20.00000;0.78321;2
163.81400; 44.27667;      -0.82751; 93.23075;80.00000;20.00000;0.78316;2
163.92400; 44.28667;      -0.82822; 93.22979;80.00000;20.00000;0.78312;2
164.03500; 44.29667;      -0.82911; 93.22883;80.00000;20.00000;0.78307;2
164.12900; 44.30667;      -0.82990; 93.22594;80.00000;20.00000;0.78303;2
164.24001; 44.31667;      -0.83079; 93.22498;80.00000;20.00000;0.78299;2
164.34500; 44.32667;      -0.83177; 93.22402;80.00000;20.00000;0.78294;2
164.45000; 44.33667;      -0.83210; 93.22210;80.00000;20.00000;0.78290;2
164.55299; 44.34667;      -0.83262; 93.22114;80.00000;20.00000;0.78285;2
164.64999; 44.35667;      -0.83369; 93.21729;80.00000;20.00000;0.78281;2
164.77299; 44.36667;      -0.83515; 93.21345;80.00000;20.00000;0.78276;2
164.86600; 44.37667;      -0.83632; 93.20960;80.00000;20.00000;0.78272;2
164.97600; 44.38667;      -0.83758; 93.20480;80.00000;20.00000;0.78268;2
165.08099; 44.39667;      -0.83866; 93.20288;80.00000;20.00000;0.78263;2
165.18800; 44.40667;      -0.83946; 93.19903;80.00000;20.00000;0.78259;2
165.29401; 44.41667;      -0.84016; 93.19615;80.00000;20.00000;0.78255;2
165.39999; 44.42667;      -0.84077; 93.19326;80.00000;20.00000;0.78250;2
165.49699; 44.43667;      -0.84184; 93.19038;80.00000;20.00000;0.78246;2
165.61700; 44.44667;      -0.84265; 93.18846;80.00000;20.00000;0.78241;2
165.72301; 44.45667;      -0.84345; 93.18558;80.00000;20.00000;0.78237;2
165.82600; 44.46667;      -0.84424; 93.18365;80.00000;20.00000;0.78232;2
165.93401; 44.47667;      -0.84485; 93.18077;80.00000;20.00000;0.78228;2
166.03300; 44.48667;      -0.84527; 93.17885;80.00000;20.00000;0.78224;2
166.14900; 44.49667;      -0.84636; 93.17693;80.00000;20.00000;0.78219;2
166.25101; 44.50667;      -0.84790; 93.17500;80.00000;20.00000;0.78215;2
166.34200; 44.51667;      -0.84907; 93.17308;80.00000;20.00000;0.78211;2
166.45300; 44.52667;      -0.84987; 93.17116;80.00000;20.00000;0.78206;2
166.56599; 44.53667;      -0.85105; 93.16924;80.00000;20.00000;0.78201;2
166.67000; 44.54667;      -0.85138; 93.16731;80.00000;20.00000;0.78197;2
166.77200; 44.55667;      -0.85217; 93.16539;80.00000;20.00000;0.78193;2
166.86800; 44.56667;      -0.85334; 93.16347;80.00000;20.00000;0.78189;2
166.98100; 44.57667;      -0.85424; 93.16251;80.00000;20.00000;0.78184;2
167.08000; 44.58667;      -0.85466; 93.16155;80.00000;20.00000;0.78180;2
167.18900; 44.59667;      -0.85565; 93.16059;80.00000;20.00000;0.78175;2
167.29500; 44.60667;      -0.85682; 93.16059;80.00000;20.00000;0.78171;2
167.40700; 44.61667;      -0.85790; 93.16059;80.00000;20.00000;0.78166;2
167.50301; 44.62667;      -0.85860; 93.16155;80.00000;20.00000;0.78162;2
167.61200; 44.63667;      -0.85940; 93.16347;80.00000;20.00000;0.78158;2
167.72400; 44.64667;      -0.85964; 93.16731;80.00000;20.00000;0.78153;2
167.82300; 44.65667;      -0.86091; 93.16924;80.00000;20.00000;0.78149;2
167.93900; 44.66667;      -0.86218; 93.17212;80.00000;20.00000;0.78144;2
168.03500; 44.67667;      -0.86298; 93.17308;80.00000;20.00000;0.78140;2
168.14799; 44.68667;      -0.86378; 93.17500;80.00000;20.00000;0.78135;2
168.24800; 44.69667;      -0.86467; 93.17596;80.00000;20.00000;0.78131;2
168.35100; 44.70667;      -0.86519; 93.17693;80.00000;20.00000;0.78127;2
168.45100; 44.71667;      -0.86608; 93.17693;80.00000;20.00000;0.78122;2
168.56200; 44.72667;      -0.86585; 93.17789;80.00000;20.00000;0.78118;2
168.68500; 44.73667;      -0.86807; 93.17885;80.00000;20.00000;0.78113;2
168.76700; 44.74667;      -0.86904; 93.17885;80.00000;20.00000;0.78109;2
168.87700; 44.75667;      -0.87041; 93.17981;80.00000;20.00000;0.78105;2
168.98599; 44.76667;      -0.87046; 93.18077;80.00000;20.00000;0.78100;2
169.08600; 44.77667;      -0.87079; 93.18077;80.00000;20.00000;0.78096;2
169.18800; 44.78667;      -0.87178; 93.18173;80.00000;20.00000;0.78091;2
169.31300; 44.79667;      -0.87305; 93.18173;80.00000;20.00000;0.78086;2
169.41200; 44.80667;      -0.87357; 93.18269;80.00000;20.00000;0.78082;2
169.51801; 44.81667;      -0.87456; 93.18269;80.00000;20.00000;0.78078;2
169.61200; 44.82667;      -0.87564; 93.18365;80.00000;20.00000;0.78074;2
169.72600; 44.83667;      -0.87701; 93.18365;80.00000;20.00000;0.78069;2
169.82600; 44.84667;      -0.87790; 93.18365;80.00000;20.00000;0.78065;2
169.93300; 44.85667;      -0.87926; 93.18365;80.00000;20.00000;0.78060;2
170.04500; 44.86667;      -0.87960; 93.18365;80.00000;20.00000;0.78055;2
170.14999; 44.87667;      -0.87956; 93.18365;80.00000;20.00000;0.78051;2
170.24500; 44.88667;      -0.88026; 93.18269;80.00000;20.00000;0.78047;2
170.35600; 44.89667;      -0.88069; 93.17981;80.00000;20.00000;0.78042;2
170.46700; 44.90667;      -0.88290; 93.17596;80.00000;20.00000;0.78038;2
170.56599; 44.91667;      -0.88389; 93.17404;80.00000;20.00000;0.78034;2
170.67500; 44.92667;      -0.88422; 93.17116;80.00000;20.00000;0.78029;2
170.76900; 44.93667;      -0.88530; 93.16924;80.00000;20.00000;0.78025;2
170.88200; 44.94667;      -0.88611; 93.16827;80.00000;20.00000;0.78020;2
170.98000; 44.95667;      -0.88709; 93.16731;80.00000;20.00000;0.78016;2
171.09200; 44.96667;      -0.88809; 93.16539;80.00000;20.00000;0.78011;2
171.19701; 44.97667;      -0.88889; 93.16443;80.00000;20.00000;0.78007;2
171.30200; 44.98667;      -0.88979; 93.16443;80.00000;20.00000;0.78003;2
171.40601; 44.99667;      -0.89059; 93.16347;80.00000;20.00000;0.77998;2
171.52000; 45.00667;      -0.89111; 93.16251;80.00000;20.00000;0.77993;2
171.61400; 45.01667;      -0.89182; 93.16155;80.00000;20.00000;0.77989;2
171.72400; 45.02667;      -0.89234; 93.16059;80.00000;20.00000;0.77985;2
171.83000; 45.03667;      -0.89361; 93.16059;80.00000;20.00000;0.77980;2
171.93401; 45.04667;      -0.89441; 93.15962;80.00000;20.00000;0.77976;2
172.03700; 45.05667;      -0.89578; 93.15770;80.00000;20.00000;0.77972;2
172.14101; 45.06667;      -0.89677; 93.15482;80.00000;20.00000;0.77967;2
172.23399; 45.07667;      -0.89672; 93.15290;80.00000;20.00000;0.77963;2
172.35100; 45.08667;      -0.89800; 93.15097;80.00000;20.00000;0.77958;2
172.46500; 45.09667;      -0.89909; 93.14905;80.00000;20.00000;0.77953;2
172.56400; 45.10667;      -0.89952; 93.14713;80.00000;20.00000;0.77949;2
172.66800; 45.11667;      -0.90023; 93.14617;80.00000;20.00000;0.77945;2
172.77400; 45.12667;      -0.90122; 93.14521;80.00000;20.00000;0.77940;2
172.88800; 45.13667;      -0.90250; 93.14329;80.00000;20.00000;0.77936;2
172.99200; 45.14667;      -0.90387; 93.14232;80.00000;20.00000;0.77931;2
173.10600; 45.15667;      -0.90439; 93.14232;80.00000;20.00000;0.77926;2
173.19901; 45.16667;      -0.90453; 93.14232;80.00000;20.00000;0.77922;2
173.30299; 45.17667;      -0.90505; 93.14329;80.00000;20.00000;0.77918;2
173.40199; 45.18667;      -0.90595; 93.14329;80.00000;20.00000;0.77914;2
173.50800; 45.19667;      -0.90732; 93.14425;80.00000;20.00000;0.77909;2
173.61301; 45.20667;      -0.90859; 93.14425;80.00000;20.00000;0.77905;2
173.72400; 45.21667;      -0.90912; 93.14232;80.00000;20.00000;0.77900;2
173.82500; 45.22667;      -0.90945; 93.14232;80.00000;20.00000;0.77896;2
173.93800; 45.23667;      -0.91045; 93.14232;80.00000;20.00000;0.77891;2
174.04401; 45.24667;      -0.91135; 93.14136;80.00000;20.00000;0.77887;2
174.15199; 45.25667;      -0.91216; 93.14232;80.00000;20.00000;0.77882;2
174.25400; 45.26667;      -0.91305; 93.14136;80.00000;20.00000;0.77878;2
174.35800; 45.27667;      -0.91348; 93.14136;80.00000;20.00000;0.77873;2
174.45900; 45.28667;      -0.91353; 93.14136;80.00000;20.00000;0.77869;2
174.57001; 45.29667;      -0.91425; 93.14136;80.00000;20.00000;0.77864;2
174.67000; 45.30667;      -0.91533; 93.14136;80.00000;20.00000;0.77860;2
174.77299; 45.31667;      -0.91633; 93.14232;80.00000;20.00000;0.77856;2
174.88300; 45.32667;      -0.91704; 93.14232;80.00000;20.00000;0.77851;2
174.97701; 45.33667;      -0.91850; 93.14232;80.00000;20.00000;0.77847;2
175.08501; 45.34667;      -0.91921; 93.14232;80.00000;20.00000;0.77843;2
175.19400; 45.35667;      -0.91946; 93.14232;80.00000;20.00000;0.77838;2
175.29300; 45.36667;      -0.92054; 93.14232;80.00000;20.00000;0.77834;2
175.40300; 45.37667;      -0.92248; 93.14232;80.00000;20.00000;0.77829;2
175.51601; 45.38667;      -0.92282; 93.14232;80.00000;20.00000;0.77824;2
175.61000; 45.39667;      -0.92315; 93.14232;80.00000;20.00000;0.77820;2
175.72400; 45.40667;      -0.92387; 93.14329;80.00000;20.00000;0.77816;2
175.82300; 45.41667;      -0.92458; 93.14329;80.00000;20.00000;0.77811;2
175.92300; 45.42667;      -0.92585; 93.14232;80.00000;20.00000;0.77807;2
176.03500; 45.43667;      -0.92572; 93.14232;80.00000;20.00000;0.77802;2
176.13300; 45.44667;      -0.92747; 93.14136;80.00000;20.00000;0.77798;2
176.24300; 45.45667;      -0.92828; 93.14136;80.00000;20.00000;0.77794;2
176.34700; 45.46667;      -0.92861; 93.14040;80.00000;20.00000;0.77789;2
176.45300; 45.47667;      -0.92923; 93.14040;80.00000;20.00000;0.77785;2
176.55701; 45.48667;      -0.93004; 93.14040;80.00000;20.00000;0.77780;2
176.65800; 45.49667;      -0.93103; 93.14040;80.00000;20.00000;0.77776;2
176.75999; 45.50667;      -0.93193; 93.13944;80.00000;20.00000;0.77772;2
176.86600; 45.51667;      -0.93265; 93.13944;80.00000;20.00000;0.77767;2
176.97501; 45.52667;      -0.93327; 93.13848;80.00000;20.00000;0.77763;2
177.08299; 45.53667;      -0.93417; 93.13752;80.00000;20.00000;0.77758;2
177.19000; 45.54667;      -0.93526; 93.13752;80.00000;20.00000;0.77753;2
177.28900; 45.55667;      -0.93626; 93.13656;80.00000;20.00000;0.77749;2
177.39000; 45.56667;      -0.93725; 93.13752;80.00000;20.00000;0.77745;2
177.50200; 45.57667;      -0.93835; 93.13656;80.00000;20.00000;0.77740;2
177.60201; 45.58667;      -0.93878; 93.13656;80.00000;20.00000;0.77736;2
177.71201; 45.59667;      -0.93912; 93.13560;80.00000;20.00000;0.77731;2
177.80701; 45.60667;      -0.94011; 93.13464;80.00000;20.00000;0.77727;2
177.92101; 45.61667;      -0.94111; 93.13464;80.00000;20.00000;0.77722;2
178.01801; 45.62667;      -0.94050; 93.13367;80.00000;20.00000;0.77718;2
178.12700; 45.63667;      -0.94216; 93.13367;80.00000;20.00000;0.77714;2
178.23100; 45.64667;      -0.94297; 93.13271;80.00000;20.00000;0.77709;2
178.33299; 45.65667;      -0.94387; 93.13271;80.00000;20.00000;0.77705;2
178.42999; 45.66667;      -0.94430; 93.13271;80.00000;20.00000;0.77701;2
178.53300; 45.67667;      -0.94482; 93.13175;80.00000;20.00000;0.77696;2
178.64500; 45.68667;      -0.94630; 93.13175;80.00000;20.00000;0.77691;2
178.75301; 45.69667;      -0.94796; 93.13079;80.00000;20.00000;0.77687;2
178.84599; 45.70667;      -0.94857; 93.13079;80.00000;20.00000;0.77683;2
178.95300; 45.71667;      -0.94901; 93.12983;80.00000;20.00000;0.77678;2
179.06300; 45.72667;      -0.94982; 93.12887;80.00000;20.00000;0.77674;2
179.16499; 45.73667;      -0.95034; 93.12983;80.00000;20.00000;0.77669;2
179.27200; 45.74667;      -0.95115; 93.12887;80.00000;20.00000;0.77665;2
179.38400; 45.75667;      -0.95254; 93.12791;80.00000;20.00000;0.77660;2
179.48199; 45.76667;      -0.95344; 93.12791;80.00000;20.00000;0.77656;2
179.57800; 45.77667;      -0.95481; 93.12695;80.00000;20.00000;0.77652;2
179.68700; 45.78667;      -0.95515; 93.12599;80.00000;20.00000;0.77647;2
179.78500; 45.79667;      -0.95463; 93.12599;80.00000;20.00000;0.77643;2
179.89700; 45.80667;      -0.95583; 93.12502;80.00000;20.00000;0.77638;2
180.00000; 45.81667;      -0.95739; 93.12406;80.00000;20.00000;0.77634;2
180.10201; 45.82667;      -0.95858; 93.12502;80.00000;20.00000;0.77629;2
180.20799; 45.83667;      -0.95958; 93.12406;80.00000;20.00000;0.77625;2
180.31400; 45.84667;      -0.96020; 93.12406;80.00000;20.00000;0.77620;2
180.42599; 45.85667;      -0.96073; 93.12310;80.00000;20.00000;0.77616;2
180.52200; 45.86667;      -0.96163; 93.12214;80.00000;20.00000;0.77611;2
180.63300; 45.87667;      -0.96188; 93.12214;80.00000;20.00000;0.77607;2
180.74100; 45.88667;      -0.96288; 93.12118;80.00000;20.00000;0.77602;2
180.84100; 45.89667;      -0.96398; 93.12118;80.00000;20.00000;0.77598;2
180.94800; 45.90667;      -0.96536; 93.12118;80.00000;20.00000;0.77593;2
181.04500; 45.91667;      -0.96635; 93.12022;80.00000;20.00000;0.77589;2
181.14999; 45.92667;      -0.96716; 93.11926;80.00000;20.00000;0.77585;2
181.26300; 45.93667;      -0.96798; 93.11733;80.00000;20.00000;0.77580;2
181.35600; 45.94667;      -0.96860; 93.11445;80.00000;20.00000;0.77576;2
181.45100; 45.95667;      -0.96941; 93.11061;80.00000;20.00000;0.77572;2
181.55901; 45.96667;      -0.96975; 93.10772;80.00000;20.00000;0.77567;2
181.66800; 45.97667;      -0.97094; 93.10580;80.00000;20.00000;0.77562;2
181.77600; 45.98667;      -0.97138; 93.10292;80.00000;20.00000;0.77558;2
181.88901; 45.99667;      -0.97229; 93.09907;80.00000;20.00000;0.77553;2
181.98399; 46.00667;      -0.97357; 93.09523;80.00000;20.00000;0.77549;2
182.08099; 46.01667;      -0.97438; 93.09138;80.00000;20.00000;0.77545;2
182.18401; 46.02667;      -0.97471; 93.08850;80.00000;20.00000;0.77540;2
182.29601; 46.03667;      -0.97553; 93.08466;80.00000;20.00000;0.77536;2
182.40500; 46.04667;      -0.97663; 93.08177;80.00000;20.00000;0.77531;2
182.49699; 46.05667;      -0.97772; 93.07889;80.00000;20.00000;0.77527;2
182.61099; 46.06667;      -0.97778; 93.07601;80.00000;20.00000;0.77522;2
182.72099; 46.07667;      -0.97888; 93.07120;80.00000;20.00000;0.77517;2
182.82401; 46.08667;      -0.97969; 93.06736;80.00000;20.00000;0.77513;2
182.91200; 46.09667;      -0.98059; 93.06159;80.00000;20.00000;0.77509;2
183.02699; 46.10667;      -0.98217; 93.05678;80.00000;20.00000;0.77504;2
183.12900; 46.11667;      -0.98346; 93.05198;80.00000;20.00000;0.77500;2
183.22400; 46.12667;      -0.98455; 93.04813;80.00000;20.00000;0.77496;2
183.32800; 46.13667;      -0.98470; 93.04429;80.00000;20.00000;0.77491;2
183.44800; 46.14667;      -0.98514; 93.04044;80.00000;20.00000;0.77486;2
183.54601; 46.15667;      -0.98567; 93.03756;80.00000;20.00000;0.77482;2
183.64600; 46.16667;      -0.98620; 93.03468;80.00000;20.00000;0.77478;2
183.74800; 46.17667;      -0.98710; 93.03372;80.00000;20.00000;0.77473;2
183.86000; 46.18667;      -0.98811; 93.03276;80.00000;20.00000;0.77469;2
183.96600; 46.19667;      -0.98921; 93.03083;80.00000;20.00000;0.77464;2
184.07800; 46.20667;      -0.98975; 93.02987;80.00000;20.00000;0.77459;2
184.16901; 46.21667;      -0.99074; 93.02891;80.00000;20.00000;0.77455;2
184.27901; 46.22667;      -0.99260; 93.02795;80.00000;20.00000;0.77451;2
184.38600; 46.23667;      -0.99361; 93.02891;80.00000;20.00000;0.77446;2
184.48000; 46.24667;      -0.99413; 93.03083;80.00000;20.00000;0.77442;2
184.58501; 46.25667;      -0.99400; 93.03372;80.00000;20.00000;0.77437;2
184.68500; 46.26667;      -0.99415; 93.03660;80.00000;20.00000;0.77433;2
184.78500; 46.27667;      -0.99544; 93.04141;80.00000;20.00000;0.77429;2
184.89500; 46.28667;      -0.99616; 93.04429;80.00000;20.00000;0.77424;2
184.99899; 46.29667;      -0.99726; 93.04813;80.00000;20.00000;0.77420;2
185.11301; 46.30667;      -0.99874; 93.05006;80.00000;20.00000;0.77415;2
185.21300; 46.31667;      -1.00003; 93.05198;80.00000;20.00000;0.77410;2
185.31300; 46.32667;      -1.00103; 93.05294;80.00000;20.00000;0.77406;2
185.42000; 46.33667;      -1.00176; 93.05486;80.00000;20.00000;0.77402;2
185.51900; 46.34667;      -1.00181; 93.05486;80.00000;20.00000;0.77397;2
185.62300; 46.35667;      -1.00348; 93.05582;80.00000;20.00000;0.77393;2
185.74600; 46.36667;      -1.00421; 93.05486;80.00000;20.00000;0.77388;2
185.83501; 46.37667;      -1.00445; 93.05390;80.00000;20.00000;0.77384;2
185.93700; 46.38667;      -1.00603; 93.05390;80.00000;20.00000;0.77379;2
186.04300; 46.39667;      -1.00675; 93.05294;80.00000;20.00000;0.77375;2
186.15100; 46.40667;      -1.00728; 93.05198;80.00000;20.00000;0.77370;2
186.26100; 46.41667;      -1.00753; 93.05102;80.00000;20.00000;0.77365;2
186.36301; 46.42667;      -1.00844; 93.05102;80.00000;20.00000;0.77361;2
186.46201; 46.43667;      -1.00973; 93.05006;80.00000;20.00000;0.77357;2
186.56799; 46.44667;      -1.01055; 93.05006;80.00000;20.00000;0.77352;2
186.67300; 46.45667;      -1.01194; 93.04909;80.00000;20.00000;0.77348;2
186.77600; 46.46667;      -1.01332; 93.04717;80.00000;20.00000;0.77343;2
186.88600; 46.47667;      -1.01357; 93.04621;80.00000;20.00000;0.77339;2
186.97900; 46.48667;      -1.01372; 93.04429;80.00000;20.00000;0.77335;2
187.09500; 46.49667;      -1.01454; 93.04333;80.00000;20.00000;0.77330;2
187.18700; 46.50667;      -1.01564; 93.04141;80.00000;20.00000;0.77326;2
187.30200; 46.51667;      -1.01580; 93.03852;80.00000;20.00000;0.77321;2
187.41000; 46.52667;      -1.01728; 93.03660;80.00000;20.00000;0.77316;2
187.50101; 46.53667;      -1.01819; 93.03468;80.00000;20.00000;0.77312;2
187.61501; 46.54667;      -1.01920; 93.03372;80.00000;20.00000;0.77307;2
187.71100; 46.55667;      -1.02020; 93.03179;80.00000;20.00000;0.77303;2
187.82300; 46.56667;      -1.02103; 93.03083;80.00000;20.00000;0.77298;2
187.92599; 46.57667;      -1.02251; 93.02891;80.00000;20.00000;0.77294;2
188.03101; 46.58667;      -1.02352; 93.02699;80.00000;20.00000;0.77289;2
188.12801; 46.59667;      -1.02414; 93.02603;80.00000;20.00000;0.77285;2
188.22900; 46.60667;      -1.02524; 93.02411;80.00000;20.00000;0.77281;2
188.32401; 46.61667;      -1.02596; 93.02218;80.00000;20.00000;0.77277;2
188.42900; 46.62667;      -1.02612; 93.02122;80.00000;20.00000;0.77272;2
188.53700; 46.63667;      -1.02646; 93.01930;80.00000;20.00000;0.77267;2
188.63800; 46.64667;      -1.02776; 93.01738;80.00000;20.00000;0.77263;2
188.75700; 46.65667;      -1.02868; 93.01642;80.00000;20.00000;0.77258;2
188.84801; 46.66667;      -1.02987; 93.01449;80.00000;20.00000;0.77254;2
188.96100; 46.67667;      -1.03069; 93.01257;80.00000;20.00000;0.77249;2
189.06200; 46.68667;      -1.03104; 93.01161;80.00000;20.00000;0.77245;2
189.16499; 46.69667;      -1.03186; 93.00680;80.00000;20.00000;0.77240;2
189.27200; 46.70667;      -1.03363; 93.00200;80.00000;20.00000;0.77236;2
189.36501; 46.71667;      -1.03349; 92.99815;80.00000;20.00000;0.77232;2
189.47800; 46.72667;      -1.03365; 92.99335;80.00000;20.00000;0.77227;2
189.58800; 46.73667;      -1.03438; 92.98950;80.00000;20.00000;0.77222;2
189.68300; 46.74667;      -1.03576; 92.98662;80.00000;20.00000;0.77218;2
189.78999; 46.75667;      -1.03678; 92.98278;80.00000;20.00000;0.77213;2
189.89200; 46.76667;      -1.03807; 92.97989;80.00000;20.00000;0.77209;2
189.99899; 46.77667;      -1.03918; 92.97509;80.00000;20.00000;0.77204;2
190.09801; 46.78667;      -1.03952; 92.97124;80.00000;20.00000;0.77200;2
190.20500; 46.79667;      -1.04053; 92.96644;80.00000;20.00000;0.77195;2
190.30299; 46.80667;      -1.04163; 92.96163;80.00000;20.00000;0.77191;2
190.41499; 46.81667;      -1.04255; 92.95779;80.00000;20.00000;0.77186;2
190.51199; 46.82667;      -1.04309; 92.95298;80.00000;20.00000;0.77182;2
190.61700; 46.83667;      -1.04372; 92.95106;80.00000;20.00000;0.77177;2
190.71001; 46.84667;      -1.04510; 92.94818;80.00000;20.00000;0.77173;2
190.83000; 46.85667;      -1.04622; 92.94625;80.00000;20.00000;0.77168;2
190.93500; 46.86667;      -1.04656; 92.94433;80.00000;20.00000;0.77164;2
191.03600; 46.87667;      -1.04729; 92.94241;80.00000;20.00000;0.77159;2
191.13300; 46.88667;      -1.04868; 92.93953;80.00000;20.00000;0.77155;2
191.24100; 46.89667;      -1.04979; 92.93760;80.00000;20.00000;0.77150;2
191.34200; 46.90667;      -1.04994; 92.93472;80.00000;20.00000;0.77146;2
191.44501; 46.91667;      -1.05019; 92.93088;80.00000;20.00000;0.77142;2
191.55499; 46.92667;      -1.05178; 92.92895;80.00000;20.00000;0.77137;2
191.64799; 46.93667;      -1.05174; 92.92607;80.00000;20.00000;0.77133;2
191.76401; 46.94667;      -1.05247; 92.92415;80.00000;20.00000;0.77128;2
191.86301; 46.95667;      -1.05358; 92.92223;80.00000;20.00000;0.77123;2
191.97400; 46.96667;      -1.05554; 92.91934;80.00000;20.00000;0.77119;2
192.07401; 46.97667;      -1.05598; 92.91742;80.00000;20.00000;0.77114;2
192.16000; 46.98667;      -1.05727; 92.91454;80.00000;20.00000;0.77111;2
192.28400; 46.99667;      -1.05829; 92.91261;80.00000;20.00000;0.77105;2
192.38100; 47.00667;      -1.05949; 92.91069;80.00000;20.00000;0.77101;2
192.48801; 47.01667;      -1.05956; 92.90396;80.00000;20.00000;0.77096;2
192.58099; 47.02667;      -1.06018; 92.90012;80.00000;20.00000;0.77092;2
192.69400; 47.03667;      -1.06130; 92.89627;80.00000;20.00000;0.77087;2
192.79601; 47.04667;      -1.06221; 92.89147;80.00000;20.00000;0.77083;2
192.88699; 47.05667;      -1.06322; 92.88762;80.00000;20.00000;0.77079;2
193.00301; 47.06667;      -1.06443; 92.88378;80.00000;20.00000;0.77074;2
193.09599; 47.07667;      -1.06477; 92.88186;80.00000;20.00000;0.77070;2
193.20799; 47.08667;      -1.06522; 92.87994;80.00000;20.00000;0.77065;2
193.30800; 47.09667;      -1.06623; 92.87705;80.00000;20.00000;0.77061;2
193.41400; 47.10667;      -1.06744; 92.87513;80.00000;20.00000;0.77056;2
193.52000; 47.11667;      -1.06855; 92.87225;80.00000;20.00000;0.77052;2
193.61301; 47.12667;      -1.06927; 92.86936;80.00000;20.00000;0.77047;2
193.73399; 47.13667;      -1.06944; 92.86840;80.00000;20.00000;0.77042;2
193.83000; 47.14667;      -1.07054; 92.86840;80.00000;20.00000;0.77038;2
193.93600; 47.15667;      -1.07185; 92.86840;80.00000;20.00000;0.77033;2
194.04700; 47.16667;      -1.07258; 92.86648;80.00000;20.00000;0.77029;2
194.14500; 47.17667;      -1.07369; 92.86552;80.00000;20.00000;0.77024;2
194.24001; 47.18667;      -1.07403; 92.86456;80.00000;20.00000;0.77020;2
194.34399; 47.19667;      -1.07543; 92.86264;80.00000;20.00000;0.77016;2
194.45399; 47.20667;      -1.07549; 92.85975;80.00000;20.00000;0.77011;2
194.55499; 47.21667;      -1.07641; 92.85783;80.00000;20.00000;0.77007;2
194.66499; 47.22667;      -1.07762; 92.85495;80.00000;20.00000;0.77002;2
194.75500; 47.23667;      -1.07929; 92.85302;80.00000;20.00000;0.76998;2
194.86501; 47.24667;      -1.08050; 92.85014;80.00000;20.00000;0.76993;2
194.96800; 47.25667;      -1.08066; 92.84726;80.00000;20.00000;0.76989;2
195.07100; 47.26667;      -1.08130; 92.84437;80.00000;20.00000;0.76984;2
195.18600; 47.27667;      -1.08203; 92.84245;80.00000;20.00000;0.76979;2
195.28999; 47.28667;      -1.08334; 92.83957;80.00000;20.00000;0.76975;2
195.38200; 47.29667;      -1.08415; 92.83668;80.00000;20.00000;0.76971;2
195.48100; 47.30667;      -1.08488; 92.83380;80.00000;20.00000;0.76966;2
195.59200; 47.31667;      -1.08562; 92.83092;80.00000;20.00000;0.76961;2
195.68401; 47.32667;      -1.08672; 92.82996;80.00000;20.00000;0.76957;2
195.80299; 47.33667;      -1.08765; 92.82707;80.00000;20.00000;0.76952;2
195.90601; 47.34667;      -1.08762; 92.82515;80.00000;20.00000;0.76948;2
195.99100; 47.35667;      -1.08901; 92.82419;80.00000;20.00000;0.76944;2
196.11301; 47.36667;      -1.08994; 92.82419;80.00000;20.00000;0.76939;2
196.21100; 47.37667;      -1.09095; 92.82323;80.00000;20.00000;0.76934;2
196.32100; 47.38667;      -1.09178; 92.82131;80.00000;20.00000;0.76930;2
196.41901; 47.39667;      -1.09289; 92.82035;80.00000;20.00000;0.76925;2
196.51401; 47.40667;      -1.09391; 92.81938;80.00000;20.00000;0.76921;2
196.61501; 47.41667;      -1.09425; 92.81554;80.00000;20.00000;0.76917;2
196.73000; 47.42667;      -1.09471; 92.81170;80.00000;20.00000;0.76912;2
196.82700; 47.43667;      -1.09582; 92.80785;80.00000;20.00000;0.76908;2
196.93300; 47.44667;      -1.09684; 92.80497;80.00000;20.00000;0.76903;2
197.03700; 47.45667;      -1.09804; 92.80208;80.00000;20.00000;0.76898;2
197.13901; 47.46667;      -1.09878; 92.79824;80.00000;20.00000;0.76894;2
197.24800; 47.47667;      -1.09923; 92.79632;80.00000;20.00000;0.76889;2
197.34100; 47.48667;      -1.10005; 92.79439;80.00000;20.00000;0.76885;2
197.44701; 47.49667;      -1.10040; 92.79439;80.00000;20.00000;0.76880;2
197.55000; 47.50667;      -1.10046; 92.79343;80.00000;20.00000;0.76876;2
197.65100; 47.51667;      -1.10243; 92.79247;80.00000;20.00000;0.76872;2
197.75101; 47.52667;      -1.10364; 92.79055;80.00000;20.00000;0.76867;2
197.85100; 47.53667;      -1.10447; 92.78863;80.00000;20.00000;0.76863;2
197.96201; 47.54667;      -1.10511; 92.78767;80.00000;20.00000;0.76858;2
198.06799; 47.55667;      -1.10594; 92.78574;80.00000;20.00000;0.76853;2
198.17500; 47.56667;      -1.10677; 92.78382;80.00000;20.00000;0.76849;2
198.26601; 47.57667;      -1.10730; 92.78094;80.00000;20.00000;0.76845;2
198.38000; 47.58667;      -1.10804; 92.77806;80.00000;20.00000;0.76840;2
198.49400; 47.59667;      -1.10917; 92.77517;80.00000;20.00000;0.76835;2
198.58701; 47.60667;      -1.10961; 92.77325;80.00000;20.00000;0.76831;2
198.69200; 47.61667;      -1.11053; 92.77037;80.00000;20.00000;0.76826;2
198.79601; 47.62667;      -1.11165; 92.76748;80.00000;20.00000;0.76821;2
198.89600; 47.63667;      -1.11352; 92.76460;80.00000;20.00000;0.76817;2
198.99400; 47.64667;      -1.11464; 92.76172;80.00000;20.00000;0.76813;2
199.09500; 47.65667;      -1.11508; 92.75883;80.00000;20.00000;0.76808;2
199.20200; 47.66667;      -1.11601; 92.75595;80.00000;20.00000;0.76804;2
199.31300; 47.67667;      -1.11618; 92.75307;80.00000;20.00000;0.76799;2
199.40401; 47.68667;      -1.11728; 92.74826;80.00000;20.00000;0.76795;2
199.52000; 47.69667;      -1.11765; 92.74538;80.00000;20.00000;0.76790;2
199.62601; 47.70667;      -1.11886; 92.74153;80.00000;20.00000;0.76785;2
199.72400; 47.71667;      -1.12026; 92.73865;80.00000;20.00000;0.76781;2
199.82800; 47.72667;      -1.12099; 92.73577;80.00000;20.00000;0.76776;2
199.91701; 47.73667;      -1.12201; 92.73384;80.00000;20.00000;0.76772;2
200.02499; 47.74667;      -1.12322; 92.73096;80.00000;20.00000;0.76768;2
200.13800; 47.75667;      -1.12415; 92.72712;80.00000;20.00000;0.76763;2
200.23399; 47.76667;      -1.12460; 92.72423;80.00000;20.00000;0.76759;2
200.34700; 47.77667;      -1.12524; 92.72135;80.00000;20.00000;0.76754;2
200.44200; 47.78667;      -1.12635; 92.71750;80.00000;20.00000;0.76749;2
200.54900; 47.79667;      -1.12757; 92.71366;80.00000;20.00000;0.76745;2
200.65199; 47.80667;      -1.12869; 92.70982;80.00000;20.00000;0.76740;2
200.75200; 47.81667;      -1.12933; 92.70789;80.00000;20.00000;0.76736;2
200.86099; 47.82667;      -1.12978; 92.70501;80.00000;20.00000;0.76731;2
200.96800; 47.83667;      -1.13052; 92.70213;80.00000;20.00000;0.76726;2
201.07001; 47.84667;      -1.13154; 92.70020;80.00000;20.00000;0.76722;2
201.16600; 47.85667;      -1.13275; 92.69732;80.00000;20.00000;0.76718;2
201.26300; 47.86667;      -1.13338; 92.69444;80.00000;20.00000;0.76713;2
201.37500; 47.87667;      -1.13422; 92.69155;80.00000;20.00000;0.76708;2
201.47301; 47.88667;      -1.13476; 92.68867;80.00000;20.00000;0.76704;2
201.56700; 47.89667;      -1.13530; 92.68579;80.00000;20.00000;0.76700;2
201.68201; 47.90667;      -1.13595; 92.68386;80.00000;20.00000;0.76695;2
201.79100; 47.91667;      -1.13793; 92.67521;80.00000;20.00000;0.76690;2
201.88600; 47.92667;      -1.13857; 92.66849;80.00000;20.00000;0.76686;2
201.99500; 47.93667;      -1.13960; 92.66176;80.00000;20.00000;0.76681;2
202.09000; 47.94667;      -1.14071; 92.65791;80.00000;20.00000;0.76677;2
202.19600; 47.95667;      -1.14202; 92.65599;80.00000;20.00000;0.76672;2
202.29601; 47.96667;      -1.14324; 92.65215;80.00000;20.00000;0.76668;2
202.39799; 47.97667;      -1.14397; 92.64926;80.00000;20.00000;0.76664;2
202.49899; 47.98667;      -1.14519; 92.64542;80.00000;20.00000;0.76659;2
202.60300; 47.99667;      -1.14621; 92.64157;80.00000;20.00000;0.76655;2
202.70700; 48.00667;      -1.14618; 92.63869;80.00000;20.00000;0.76650;2
202.79900; 48.01667;      -1.14663; 92.63485;80.00000;20.00000;0.76646;2
202.91000; 48.02667;      -1.14804; 92.63100;80.00000;20.00000;0.76641;2
203.01100; 48.03667;      -1.14925; 92.62812;80.00000;20.00000;0.76637;2
203.12000; 48.04667;      -1.15047; 92.62427;80.00000;20.00000;0.76632;2
203.22099; 48.05667;      -1.15150; 92.62043;80.00000;20.00000;0.76627;2
203.31599; 48.06667;      -1.15280; 92.61659;80.00000;20.00000;0.76623;2
203.42999; 48.07667;      -1.15355; 92.61274;80.00000;20.00000;0.76618;2
203.53700; 48.08667;      -1.15391; 92.60890;80.00000;20.00000;0.76613;2
203.64101; 48.09667;      -1.15541; 92.60217;80.00000;20.00000;0.76609;2
203.74001; 48.10667;      -1.15510; 92.59736;80.00000;20.00000;0.76605;2
203.83200; 48.11667;      -1.15592; 92.59256;80.00000;20.00000;0.76600;2
203.93300; 48.12667;      -1.15676; 92.58871;80.00000;20.00000;0.76596;2
204.04401; 48.13667;      -1.15827; 92.58391;80.00000;20.00000;0.76591;2
204.14301; 48.14667;      -1.15967; 92.57910;80.00000;20.00000;0.76587;2
204.25500; 48.15667;      -1.16023; 92.57526;80.00000;20.00000;0.76582;2
204.34700; 48.16667;      -1.16163; 92.57141;80.00000;20.00000;0.76578;2
204.45500; 48.17667;      -1.16275; 92.56661;80.00000;20.00000;0.76573;2
204.56000; 48.18667;      -1.16254; 92.56276;80.00000;20.00000;0.76568;2
204.66100; 48.19667;      -1.16327; 92.55892;80.00000;20.00000;0.76564;2
204.77100; 48.20667;      -1.16402; 92.55123;80.00000;20.00000;0.76559;2
204.86800; 48.21667;      -1.16514; 92.54162;80.00000;20.00000;0.76555;2
204.97000; 48.22667;      -1.16683; 92.53297;80.00000;20.00000;0.76550;2
205.07201; 48.23667;      -1.16776; 92.53104;80.00000;20.00000;0.76546;2
205.17300; 48.24667;      -1.16793; 92.52912;80.00000;20.00000;0.76541;2
205.27699; 48.25667;      -1.16915; 92.52720;80.00000;20.00000;0.76537;2
205.37700; 48.26667;      -1.16989; 92.52336;80.00000;20.00000;0.76532;2
205.47701; 48.27667;      -1.17082; 92.52047;80.00000;20.00000;0.76528;2
205.58200; 48.28667;      -1.17175; 92.51663;80.00000;20.00000;0.76523;2
205.68600; 48.29667;      -1.17259; 92.51278;80.00000;20.00000;0.76519;2
205.79201; 48.30667;      -1.17342; 92.50702;80.00000;20.00000;0.76514;2
205.89400; 48.31667;      -1.17397; 92.50221;80.00000;20.00000;0.76510;2
205.99200; 48.32667;      -1.17471; 92.49837;80.00000;20.00000;0.76505;2
206.09900; 48.33667;      -1.17574; 92.49356;80.00000;20.00000;0.76501;2
206.20500; 48.34667;      -1.17696; 92.48972;80.00000;20.00000;0.76496;2
206.31000; 48.35667;      -1.17866; 92.48683;80.00000;20.00000;0.76491;2
206.40500; 48.36667;      -1.17959; 92.48299;80.00000;20.00000;0.76487;2
206.50600; 48.37667;      -1.18024; 92.47818;80.00000;20.00000;0.76483;2
206.62601; 48.38667;      -1.18166; 92.47242;80.00000;20.00000;0.76477;2
206.71201; 48.39667;      -1.18220; 92.46857;80.00000;20.00000;0.76473;2
206.82899; 48.40667;      -1.18257; 92.46280;80.00000;20.00000;0.76468;2
206.91800; 48.41667;      -1.18320; 92.45800;80.00000;20.00000;0.76464;2
207.01900; 48.42667;      -1.18442; 92.45415;80.00000;20.00000;0.76460;2
207.11700; 48.43667;      -1.18564; 92.45031;80.00000;20.00000;0.76456;2
207.23199; 48.44667;      -1.18668; 92.44646;80.00000;20.00000;0.76450;2
207.31599; 48.45667;      -1.18664; 92.44358;80.00000;20.00000;0.76447;2
207.43700; 48.46667;      -1.18720; 92.43974;80.00000;20.00000;0.76441;2
207.53200; 48.47667;      -1.18899; 92.43685;80.00000;20.00000;0.76437;2
207.63000; 48.48667;      -1.18983; 92.43397;80.00000;20.00000;0.76433;2
207.73900; 48.49667;      -1.19115; 92.43109;80.00000;20.00000;0.76428;2
207.84000; 48.50667;      -1.19189; 92.42628;80.00000;20.00000;0.76424;2
207.94701; 48.51667;      -1.19312; 92.42244;80.00000;20.00000;0.76419;2
208.04300; 48.52667;      -1.19338; 92.41859;80.00000;20.00000;0.76415;2
208.14999; 48.53667;      -1.19489; 92.41571;80.00000;20.00000;0.76410;2
208.25101; 48.54667;      -1.19573; 92.41186;80.00000;20.00000;0.76405;2
208.35300; 48.55667;      -1.19589; 92.40418;80.00000;20.00000;0.76401;2
208.46001; 48.56667;      -1.19741; 92.39745;80.00000;20.00000;0.76396;2
208.55099; 48.57667;      -1.19882; 92.39072;80.00000;20.00000;0.76392;2
208.65700; 48.58667;      -1.19956; 92.38687;80.00000;20.00000;0.76387;2
208.75301; 48.59667;      -1.20020; 92.38399;80.00000;20.00000;0.76383;2
208.87100; 48.60667;      -1.20153; 92.37919;80.00000;20.00000;0.76378;2
208.97099; 48.61667;      -1.20295; 92.37054;80.00000;20.00000;0.76374;2
209.06300; 48.62667;      -1.20378; 92.36573;80.00000;20.00000;0.76369;2
209.17300; 48.63667;      -1.20491; 92.36092;80.00000;20.00000;0.76365;2
209.27200; 48.64667;      -1.20604; 92.35708;80.00000;20.00000;0.76360;2
209.37801; 48.65667;      -1.20698; 92.35227;80.00000;20.00000;0.76355;2
209.47701; 48.66667;      -1.20772; 92.34843;80.00000;20.00000;0.76351;2
209.58600; 48.67667;      -1.20847; 92.34362;80.00000;20.00000;0.76346;2
209.68201; 48.68667;      -1.20844; 92.33786;80.00000;20.00000;0.76342;2
209.78300; 48.69667;      -1.20928; 92.33305;80.00000;20.00000;0.76338;2
209.89301; 48.70667;      -1.21051; 92.32825;80.00000;20.00000;0.76333;2
209.99100; 48.71667;      -1.21154; 92.32344;80.00000;20.00000;0.76328;2
210.10699; 48.72667;      -1.21200; 92.32056;80.00000;20.00000;0.76323;2
210.19000; 48.73667;      -1.21331; 92.31575;80.00000;20.00000;0.76319;2
210.29300; 48.74667;      -1.21396; 92.31191;80.00000;20.00000;0.76315;2
210.39500; 48.75667;      -1.21538; 92.30326;80.00000;20.00000;0.76310;2
210.50600; 48.76667;      -1.21690; 92.29653;80.00000;20.00000;0.76305;2
210.61099; 48.77667;      -1.21707; 92.28980;80.00000;20.00000;0.76301;2
210.71500; 48.78667;      -1.21772; 92.28788;80.00000;20.00000;0.76296;2
210.80499; 48.79667;      -1.21846; 92.28499;80.00000;20.00000;0.76292;2
210.91299; 48.80667;      -1.21940; 92.28019;80.00000;20.00000;0.76287;2
211.02299; 48.81667;      -1.22005; 92.27538;80.00000;20.00000;0.76283;2
211.10899; 48.82667;      -1.22184; 92.27058;80.00000;20.00000;0.76279;2
211.22301; 48.83667;      -1.22346; 92.26577;80.00000;20.00000;0.76274;2
211.31599; 48.84667;      -1.22468; 92.26193;80.00000;20.00000;0.76270;2
211.42799; 48.85667;      -1.22505; 92.25712;80.00000;20.00000;0.76265;2
211.52100; 48.86667;      -1.22531; 92.25232;80.00000;20.00000;0.76260;2
211.62900; 48.87667;      -1.22644; 92.24559;80.00000;20.00000;0.76256;2
211.72800; 48.88667;      -1.22719; 92.23982;80.00000;20.00000;0.76251;2
211.83800; 48.89667;      -1.22794; 92.23213;80.00000;20.00000;0.76246;2
211.93900; 48.90667;      -1.22888; 92.22733;80.00000;20.00000;0.76242;2
212.02699; 48.91667;      -1.22981; 92.22252;80.00000;20.00000;0.76238;2
212.12700; 48.92667;      -1.23017; 92.21387;80.00000;20.00000;0.76233;2
212.23199; 48.93667;      -1.23188; 92.20618;80.00000;20.00000;0.76229;2
212.33701; 48.94667;      -1.23330; 92.19945;80.00000;20.00000;0.76224;2
212.44099; 48.95667;      -1.23395; 92.18792;80.00000;20.00000;0.76219;2
212.54700; 48.96667;      -1.23509; 92.17639;80.00000;20.00000;0.76215;2
212.65100; 48.97667;      -1.23612; 92.17254;80.00000;20.00000;0.76210;2
212.73399; 48.98667;      -1.23724; 92.16870;80.00000;20.00000;0.76206;2
212.86301; 48.99667;      -1.23820; 92.16197;80.00000;20.00000;0.76201;2
212.94901; 49.00667;      -1.23836; 92.15620;80.00000;20.00000;0.76197;2
213.05499; 49.01667;      -1.23988; 92.15140;80.00000;20.00000;0.76192;2
213.14900; 49.02667;      -1.24033; 92.14563;80.00000;20.00000;0.76188;2
213.25900; 49.03667;      -1.24061; 92.13794;80.00000;20.00000;0.76183;2
213.35500; 49.04667;      -1.24135; 92.13217;80.00000;20.00000;0.76179;2
213.46899; 49.05667;      -1.24239; 92.12545;80.00000;20.00000;0.76174;2
213.55400; 49.06667;      -1.24371; 92.12064;80.00000;20.00000;0.76170;2
213.66901; 49.07667;      -1.24504; 92.11680;80.00000;20.00000;0.76165;2
213.77100; 49.08667;      -1.24637; 92.11199;80.00000;20.00000;0.76160;2
213.86301; 49.09667;      -1.24769; 92.10911;80.00000;20.00000;0.76156;2
213.96100; 49.10667;      -1.24843; 92.10526;80.00000;20.00000;0.76152;2
214.06900; 49.11667;      -1.24870; 92.10046;80.00000;20.00000;0.76147;2
214.17799; 49.12667;      -1.25100; 92.08892;80.00000;20.00000;0.76142;2
214.27800; 49.13667;      -1.25155; 92.08123;80.00000;20.00000;0.76138;2
214.38800; 49.14667;      -1.25183; 92.07547;80.00000;20.00000;0.76133;2
214.49001; 49.15667;      -1.25258; 92.07547;80.00000;20.00000;0.76128;2
214.58501; 49.16667;      -1.25351; 92.07066;80.00000;20.00000;0.76124;2
214.69299; 49.17667;      -1.25533; 92.06490;80.00000;20.00000;0.76119;2
214.78400; 49.18667;      -1.25539; 92.06009;80.00000;20.00000;0.76115;2
214.88699; 49.19667;      -1.25614; 92.05625;80.00000;20.00000;0.76111;2
215.00101; 49.20667;      -1.25864; 92.05528;80.00000;20.00000;0.76105;2
215.09801; 49.21667;      -1.25948; 92.05048;80.00000;20.00000;0.76101;2
215.19200; 49.22667;      -1.25897; 92.04087;80.00000;20.00000;0.76097;2
215.30299; 49.23667;      -1.26002; 92.03510;80.00000;20.00000;0.76092;2
215.40300; 49.24667;      -1.26028; 92.02933;80.00000;20.00000;0.76088;2
215.50301; 49.25667;      -1.26171; 92.02453;80.00000;20.00000;0.76083;2
215.59500; 49.26667;      -1.26312; 92.01972;80.00000;20.00000;0.76079;2
215.70700; 49.27667;      -1.26417; 92.01588;80.00000;20.00000;0.76074;2
215.81700; 49.28667;      -1.26483; 92.01203;80.00000;20.00000;0.76069;2
215.90199; 49.29667;      -1.26518; 92.00723;80.00000;20.00000;0.76065;2
216.00800; 49.30667;      -1.26651; 92.00242;80.00000;20.00000;0.76061;2
216.10800; 49.31667;      -1.26775; 91.99473;80.00000;20.00000;0.76056;2
216.21700; 49.32667;      -1.26918; 91.98416;80.00000;20.00000;0.76051;2
216.31100; 49.33667;      -1.26954; 91.97455;80.00000;20.00000;0.76047;2
216.41100; 49.34667;      -1.27106; 91.97263;80.00000;20.00000;0.76042;2
216.52100; 49.35667;      -1.27210; 91.97167;80.00000;20.00000;0.76038;2
216.62300; 49.36667;      -1.27228; 91.96782;80.00000;20.00000;0.76033;2
216.72701; 49.37667;      -1.27293; 91.95725;80.00000;20.00000;0.76028;2
216.82800; 49.38667;      -1.27465; 91.95052;80.00000;20.00000;0.76024;2
216.92400; 49.39667;      -1.27588; 91.94475;80.00000;20.00000;0.76020;2
217.03000; 49.40667;      -1.27663; 91.93899;80.00000;20.00000;0.76015;2
217.13000; 49.41667;      -1.27623; 91.93322;80.00000;20.00000;0.76010;2
217.23500; 49.42667;      -1.27698; 91.92745;80.00000;20.00000;0.76006;2
217.33400; 49.43667;      -1.27783; 91.91880;80.00000;20.00000;0.76001;2
217.44000; 49.44667;      -1.28003; 91.90246;80.00000;20.00000;0.75996;2
217.53200; 49.45667;      -1.28183; 91.89670;80.00000;20.00000;0.75992;2
217.63800; 49.46667;      -1.28230; 91.89862;80.00000;20.00000;0.75988;2
217.73900; 49.47667;      -1.28305; 91.89381;80.00000;20.00000;0.75983;2
217.83800; 49.48667;      -1.28274; 91.88516;80.00000;20.00000;0.75979;2
217.94400; 49.49667;      -1.28408; 91.87844;80.00000;20.00000;0.75974;2
218.04700; 49.50667;      -1.28580; 91.87075;80.00000;20.00000;0.75969;2
218.14600; 49.51667;      -1.28693; 91.86114;80.00000;20.00000;0.75965;2
218.24600; 49.52667;      -1.28826; 91.84960;80.00000;20.00000;0.75960;2
218.34801; 49.53667;      -1.28931; 91.84384;80.00000;20.00000;0.75956;2
218.44600; 49.54667;      -1.29006; 91.84384;80.00000;20.00000;0.75951;2
218.55800; 49.55667;      -1.29082; 91.83903;80.00000;20.00000;0.75946;2
218.65601; 49.56667;      -1.29176; 91.82653;80.00000;20.00000;0.75942;2
218.76900; 49.57667;      -1.29301; 91.81404;80.00000;20.00000;0.75937;2
218.86400; 49.58667;      -1.29385; 91.79962;80.00000;20.00000;0.75933;2
218.96700; 49.59667;      -1.29490; 91.79674;80.00000;20.00000;0.75928;2
219.07001; 49.60667;      -1.29555; 91.79578;80.00000;20.00000;0.75923;2
219.16499; 49.61667;      -1.29678; 91.78905;80.00000;20.00000;0.75919;2
219.26601; 49.62667;      -1.29821; 91.78328;80.00000;20.00000;0.75915;2
219.37300; 49.63667;      -1.29955; 91.77752;80.00000;20.00000;0.75910;2
219.47800; 49.64667;      -1.30050; 91.77079;80.00000;20.00000;0.75905;2
219.57401; 49.65667;      -1.30145; 91.76310;80.00000;20.00000;0.75901;2
219.68300; 49.66667;      -1.30250; 91.75829;80.00000;20.00000;0.75896;2
219.78300; 49.67667;      -1.30354; 91.75157;80.00000;20.00000;0.75892;2
219.88300; 49.68667;      -1.30420; 91.74388;80.00000;20.00000;0.75887;2
219.98599; 49.69667;      -1.30505; 91.73523;80.00000;20.00000;0.75882;2
220.07800; 49.70667;      -1.30609; 91.72658;80.00000;20.00000;0.75878;2
220.19400; 49.71667;      -1.30637; 91.71408;80.00000;20.00000;0.75873;2
220.28900; 49.72667;      -1.30760; 91.70063;80.00000;20.00000;0.75869;2
220.39799; 49.73667;      -1.30856; 91.69390;80.00000;20.00000;0.75864;2
220.49400; 49.74667;      -1.30940; 91.69102;80.00000;20.00000;0.75860;2
220.59300; 49.75667;      -1.30958; 91.68140;80.00000;20.00000;0.75855;2
220.70500; 49.76667;      -1.31073; 91.66987;80.00000;20.00000;0.75850;2
220.78999; 49.77667;      -1.31244; 91.65930;80.00000;20.00000;0.75846;2
220.89200; 49.78667;      -1.31358; 91.65065;80.00000;20.00000;0.75842;2
220.98399; 49.79667;      -1.31501; 91.63815;80.00000;20.00000;0.75838;2
221.09900; 49.80667;      -1.31626; 91.62950;80.00000;20.00000;0.75832;2
221.19901; 49.81667;      -1.31672; 91.62566;80.00000;20.00000;0.75828;2
221.29300; 49.82667;      -1.31786; 91.61412;80.00000;20.00000;0.75824;2
221.40300; 49.83667;      -1.31910; 91.60451;80.00000;20.00000;0.75819;2
221.49800; 49.84667;      -1.31966; 91.60067;80.00000;20.00000;0.75815;2
221.60400; 49.85667;      -1.32042; 91.59202;80.00000;20.00000;0.75810;2
221.71700; 49.86667;      -1.32167; 91.58337;80.00000;20.00000;0.75805;2
221.81000; 49.87667;      -1.32290; 91.57568;80.00000;20.00000;0.75800;2
221.91100; 49.88667;      -1.32385; 91.56607;80.00000;20.00000;0.75796;2
222.00999; 49.89667;      -1.32519; 91.55357;80.00000;20.00000;0.75791;2
222.11200; 49.90667;      -1.32614; 91.54492;80.00000;20.00000;0.75787;2
222.21600; 49.91667;      -1.32709; 91.54300;80.00000;20.00000;0.75782;2
222.32700; 49.92667;      -1.32767; 91.53627;80.00000;20.00000;0.75777;2
222.42400; 49.93667;      -1.32890; 91.52282;80.00000;20.00000;0.75773;2
222.53000; 49.94667;      -1.32995; 91.51801;80.00000;20.00000;0.75768;2
222.61800; 49.95667;      -1.33119; 91.51128;80.00000;20.00000;0.75764;2
222.72501; 49.96667;      -1.33156; 91.50552;80.00000;20.00000;0.75759;2
222.82800; 49.97667;      -1.33232; 91.49302;80.00000;20.00000;0.75755;2
222.93401; 49.98667;      -1.33386; 91.47764;80.00000;20.00000;0.75750;2
223.02299; 49.99667;      -1.33422; 91.47284;80.00000;20.00000;0.75746;2
223.13400; 50.00667;      -1.33624; 91.46996;80.00000;20.00000;0.75741;2
223.23801; 50.01667;      -1.33700; 91.46323;80.00000;20.00000;0.75736;2
223.33800; 50.02667;      -1.33756; 91.45554;80.00000;20.00000;0.75732;2
223.43201; 50.03667;      -1.33841; 91.44881;80.00000;20.00000;0.75727;2
223.53500; 50.04667;      -1.34024; 91.43728;80.00000;20.00000;0.75723;2
223.63200; 50.05667;      -1.34148; 91.42574;80.00000;20.00000;0.75718;2
223.73900; 50.06667;      -1.34234; 91.41036;80.00000;20.00000;0.75714;2
223.84399; 50.07667;      -1.34320; 91.40556;80.00000;20.00000;0.75709;2
223.94099; 50.08667;      -1.34434; 91.39979;80.00000;20.00000;0.75705;2
224.05000; 50.09667;      -1.34462; 91.39210;80.00000;20.00000;0.75700;2
224.15100; 50.10667;      -1.34567; 91.38345;80.00000;20.00000;0.75695;2
224.24899; 50.11667;      -1.34701; 91.37288;80.00000;20.00000;0.75691;2
224.35800; 50.12667;      -1.34797; 91.36231;80.00000;20.00000;0.75686;2
224.46500; 50.13667;      -1.34922; 91.35270;80.00000;20.00000;0.75681;2
224.56100; 50.14667;      -1.35026; 91.33828;80.00000;20.00000;0.75677;2
224.66400; 50.15667;      -1.35112; 91.32867;80.00000;20.00000;0.75672;2
224.75700; 50.16667;      -1.35217; 91.32771;80.00000;20.00000;0.75668;2
224.85400; 50.17667;      -1.35234; 91.32098;80.00000;20.00000;0.75663;2
224.95599; 50.18667;      -1.35320; 91.30945;80.00000;20.00000;0.75659;2
225.07201; 50.19667;      -1.35455; 91.29503;80.00000;20.00000;0.75654;2
225.16200; 50.20667;      -1.35598; 91.28157;80.00000;20.00000;0.75649;2
225.25999; 50.21667;      -1.35713; 91.28061;80.00000;20.00000;0.75645;2
225.36600; 50.22667;      -1.35809; 91.27965;80.00000;20.00000;0.75640;2
225.47301; 50.23667;      -1.35885; 91.27388;80.00000;20.00000;0.75635;2
225.57800; 50.24667;      -1.35991; 91.26139;80.00000;20.00000;0.75631;2
225.67500; 50.25667;      -1.36115; 91.25274;80.00000;20.00000;0.75626;2
225.76801; 50.26667;      -1.36200; 91.24601;80.00000;20.00000;0.75622;2
225.88100; 50.27667;      -1.36277; 91.23832;80.00000;20.00000;0.75617;2
225.98199; 50.28667;      -1.36382; 91.23063;80.00000;20.00000;0.75612;2
226.08299; 50.29667;      -1.36487; 91.22006;80.00000;20.00000;0.75608;2
226.18500; 50.30667;      -1.36583; 91.20564;80.00000;20.00000;0.75603;2
226.28101; 50.31667;      -1.36668; 91.19507;80.00000;20.00000;0.75599;2
226.37700; 50.32667;      -1.36705; 91.19411;80.00000;20.00000;0.75595;2
226.48399; 50.33667;      -1.36850; 91.18546;80.00000;20.00000;0.75590;2
226.58600; 50.34667;      -1.36936; 91.17200;80.00000;20.00000;0.75585;2
226.70200; 50.35667;      -1.37013; 91.16239;80.00000;20.00000;0.75580;2
226.79100; 50.36667;      -1.37108; 91.15663;80.00000;20.00000;0.75576;2
226.89700; 50.37667;      -1.37252; 91.14413;80.00000;20.00000;0.75571;2
227.00200; 50.38667;      -1.37397; 91.12971;80.00000;20.00000;0.75566;2
227.09500; 50.39667;      -1.37346; 91.12491;80.00000;20.00000;0.75562;2
227.20700; 50.40667;      -1.37472; 91.11145;80.00000;20.00000;0.75557;2
227.30000; 50.41667;      -1.37654; 91.10280;80.00000;20.00000;0.75553;2
227.39900; 50.42667;      -1.37760; 91.09319;80.00000;20.00000;0.75548;2
227.50200; 50.43667;      -1.37749; 91.07301;80.00000;20.00000;0.75544;2
227.59801; 50.44667;      -1.37844; 91.06916;80.00000;20.00000;0.75539;2
227.69800; 50.45667;      -1.37940; 91.06147;80.00000;20.00000;0.75535;2
227.80499; 50.46667;      -1.38065; 91.05378;80.00000;20.00000;0.75530;2
227.89999; 50.47667;      -1.38170; 91.04610;80.00000;20.00000;0.75526;2
228.00700; 50.48667;      -1.38324; 91.03937;80.00000;20.00000;0.75521;2
228.11600; 50.49667;      -1.38401; 91.02207;80.00000;20.00000;0.75516;2
228.20300; 50.50667;      -1.38506; 91.01438;80.00000;20.00000;0.75512;2
228.31100; 50.51667;      -1.38554; 91.01342;80.00000;20.00000;0.75507;2
228.40300; 50.52667;      -1.38610; 91.00092;80.00000;20.00000;0.75503;2
228.51300; 50.53667;      -1.38726; 90.99035;80.00000;20.00000;0.75498;2
228.62300; 50.54667;      -1.38842; 90.98074;80.00000;20.00000;0.75493;2
228.72200; 50.55667;      -1.38937; 90.96728;80.00000;20.00000;0.75489;2
228.81200; 50.56667;      -1.39013; 90.95671;80.00000;20.00000;0.75484;2
228.91701; 50.57667;      -1.39090; 90.94710;80.00000;20.00000;0.75480;2
229.01700; 50.58667;      -1.39176; 90.93749;80.00000;20.00000;0.75475;2
229.11800; 50.59667;      -1.39252; 90.92499;80.00000;20.00000;0.75471;2
229.21400; 50.60667;      -1.39328; 90.90673;80.00000;20.00000;0.75466;2
229.33000; 50.61667;      -1.39523; 90.90289;80.00000;20.00000;0.75461;2
229.42999; 50.62667;      -1.39609; 90.89520;80.00000;20.00000;0.75456;2
229.53500; 50.63667;      -1.39724; 90.88559;80.00000;20.00000;0.75452;2
229.63100; 50.64667;      -1.39859; 90.88174;80.00000;20.00000;0.75447;2
229.73199; 50.65667;      -1.39935; 90.87117;80.00000;20.00000;0.75443;2
229.83701; 50.66667;      -1.40032; 90.85195;80.00000;20.00000;0.75438;2
229.93700; 50.67667;      -1.40060; 90.84522;80.00000;20.00000;0.75433;2
230.02400; 50.68667;      -1.40135; 90.84426;80.00000;20.00000;0.75430;2
230.14000; 50.69667;      -1.40232; 90.83753;80.00000;20.00000;0.75424;2
230.24899; 50.70667;      -1.40368; 90.82600;80.00000;20.00000;0.75419;2
230.34399; 50.71667;      -1.40444; 90.81542;80.00000;20.00000;0.75415;2
230.44099; 50.72667;      -1.40598; 90.80774;80.00000;20.00000;0.75411;2
230.54800; 50.73667;      -1.40753; 90.79620;80.00000;20.00000;0.75406;2
230.64900; 50.74667;      -1.40830; 90.77313;80.00000;20.00000;0.75401;2
230.75200; 50.75667;      -1.40848; 90.76929;80.00000;20.00000;0.75396;2
230.85201; 50.76667;      -1.40944; 90.75776;80.00000;20.00000;0.75392;2
230.95300; 50.77667;      -1.41060; 90.74142;80.00000;20.00000;0.75387;2
231.05400; 50.78667;      -1.41234; 90.72412;80.00000;20.00000;0.75383;2
231.14101; 50.79667;      -1.41290; 90.72219;80.00000;20.00000;0.75379;2
231.25400; 50.80667;      -1.41367; 90.71643;80.00000;20.00000;0.75374;2
231.34700; 50.81667;      -1.41463; 90.70586;80.00000;20.00000;0.75369;2
231.46201; 50.82667;      -1.41541; 90.69528;80.00000;20.00000;0.75364;2
231.55600; 50.83667;      -1.41656; 90.68663;80.00000;20.00000;0.75360;2
231.66299; 50.84667;      -1.41733; 90.67510;80.00000;20.00000;0.75355;2
231.75900; 50.85667;      -1.41800; 90.66068;80.00000;20.00000;0.75351;2
231.86600; 50.86667;      -1.41906; 90.65588;80.00000;20.00000;0.75346;2
231.96800; 50.87667;      -1.42002; 90.65011;80.00000;20.00000;0.75341;2
232.06300; 50.88667;      -1.42088; 90.63473;80.00000;20.00000;0.75337;2
232.17799; 50.89667;      -1.42186; 90.62896;80.00000;20.00000;0.75332;2
232.28300; 50.90667;      -1.42283; 90.61839;80.00000;20.00000;0.75327;2
232.37199; 50.91667;      -1.42378; 90.60398;80.00000;20.00000;0.75323;2
232.47800; 50.92667;      -1.42494; 90.59821;80.00000;20.00000;0.75318;2
232.57300; 50.93667;      -1.42600; 90.58956;80.00000;20.00000;0.75314;2
232.67799; 50.94667;      -1.42686; 90.57995;80.00000;20.00000;0.75309;2
232.78200; 50.95667;      -1.42793; 90.56649;80.00000;20.00000;0.75304;2
232.87900; 50.96667;      -1.42821; 90.55207;80.00000;20.00000;0.75300;2
232.97701; 50.97667;      -1.42975; 90.53381;80.00000;20.00000;0.75295;2
233.08501; 50.98667;      -1.43082; 90.53093;80.00000;20.00000;0.75290;2
233.17999; 50.99667;      -1.43207; 90.51940;80.00000;20.00000;0.75286;2
233.28900; 51.00667;      -1.43304; 90.50882;80.00000;20.00000;0.75281;2
233.39200; 51.01667;      -1.43401; 90.49537;80.00000;20.00000;0.75276;2
233.48199; 51.02667;      -1.43477; 90.47711;80.00000;20.00000;0.75272;2
233.58800; 51.03667;      -1.43593; 90.47422;80.00000;20.00000;0.75268;2
233.69200; 51.04667;      -1.43690; 90.46173;80.00000;20.00000;0.75263;2
233.79100; 51.05667;      -1.43747; 90.44731;80.00000;20.00000;0.75258;2
233.89500; 51.06667;      -1.43766; 90.43001;80.00000;20.00000;0.75254;2
233.99500; 51.07667;      -1.43911; 90.42424;80.00000;20.00000;0.75249;2
234.09300; 51.08667;      -1.44037; 90.41079;80.00000;20.00000;0.75245;2
234.19000; 51.09667;      -1.44104; 90.39253;80.00000;20.00000;0.75240;2
234.29800; 51.10667;      -1.44210; 90.38003;80.00000;20.00000;0.75235;2
234.40700; 51.11667;      -1.44298; 90.37234;80.00000;20.00000;0.75230;2
234.49500; 51.12667;      -1.44423; 90.35985;80.00000;20.00000;0.75226;2
234.60400; 51.13667;      -1.44481; 90.33966;80.00000;20.00000;0.75221;2
234.70000; 51.14667;      -1.44548; 90.33294;80.00000;20.00000;0.75217;2
234.80400; 51.15667;      -1.44557; 90.32621;80.00000;20.00000;0.75212;2
234.90401; 51.16667;      -1.44712; 90.30218;80.00000;20.00000;0.75208;2
234.99699; 51.17667;      -1.44837; 90.29545;80.00000;20.00000;0.75203;2
235.10201; 51.18667;      -1.44924; 90.28969;80.00000;20.00000;0.75199;2
235.19701; 51.19667;      -1.45001; 90.27527;80.00000;20.00000;0.75194;2
235.29800; 51.20667;      -1.45088; 90.25508;80.00000;20.00000;0.75190;2
235.40700; 51.21667;      -1.45214; 90.24643;80.00000;20.00000;0.75185;2
235.50500; 51.22667;      -1.45272; 90.23490;80.00000;20.00000;0.75180;2
235.60100; 51.23667;      -1.45358; 90.21568;80.00000;20.00000;0.75176;2
235.70599; 51.24667;      -1.45446; 90.20414;80.00000;20.00000;0.75171;2
235.80701; 51.25667;      -1.45552; 90.19453;80.00000;20.00000;0.75166;2
235.91100; 51.26667;      -1.45659; 90.18012;80.00000;20.00000;0.75162;2
236.01100; 51.27667;      -1.45707; 90.16282;80.00000;20.00000;0.75157;2
236.11301; 51.28667;      -1.45823; 90.15320;80.00000;20.00000;0.75152;2
236.23000; 51.29667;      -1.45912; 90.14263;80.00000;20.00000;0.75147;2
236.32100; 51.30667;      -1.46017; 90.12725;80.00000;20.00000;0.75143;2
236.42599; 51.31667;      -1.46095; 90.11188;80.00000;20.00000;0.75138;2
236.52400; 51.32667;      -1.46182; 90.10034;80.00000;20.00000;0.75134;2
236.61800; 51.33667;      -1.46327; 90.08112;80.00000;20.00000;0.75129;2
236.71800; 51.34667;      -1.46404; 90.07535;80.00000;20.00000;0.75125;2
236.82401; 51.35667;      -1.46404; 90.05517;80.00000;20.00000;0.75120;2
236.91100; 51.36667;      -1.46480; 90.03979;80.00000;20.00000;0.75116;2
237.00900; 51.37667;      -1.46615; 90.03402;80.00000;20.00000;0.75111;2
237.12300; 51.38667;      -1.46782; 90.02057;80.00000;20.00000;0.75106;2
237.23700; 51.39667;      -1.46860; 90.00135;80.00000;20.00000;0.75101;2
237.33299; 51.40667;      -1.46996; 89.99173;80.00000;20.00000;0.75097;2
237.43300; 51.41667;      -1.47014; 89.98116;80.00000;20.00000;0.75092;2
237.52299; 51.42667;      -1.47061; 89.96674;80.00000;20.00000;0.75088;2
237.64000; 51.43667;      -1.47140; 89.94944;80.00000;20.00000;0.75083;2
237.73100; 51.44667;      -1.47275; 89.93791;80.00000;20.00000;0.75078;2
237.83099; 51.45667;      -1.47343; 89.92253;80.00000;20.00000;0.75074;2
237.92900; 51.46667;      -1.47352; 89.90715;80.00000;20.00000;0.75069;2
238.03999; 51.47667;      -1.47459; 89.90427;80.00000;20.00000;0.75064;2
238.14000; 51.48667;      -1.47586; 89.88505;80.00000;20.00000;0.75060;2
238.25000; 51.49667;      -1.47644; 89.86775;80.00000;20.00000;0.75055;2
238.34000; 51.50667;      -1.47770; 89.85814;80.00000;20.00000;0.75051;2
238.43800; 51.51667;      -1.47798; 89.85045;80.00000;20.00000;0.75046;2
238.54700; 51.52667;      -1.47857; 89.83219;80.00000;20.00000;0.75041;2
238.65300; 51.53667;      -1.47906; 89.81777;80.00000;20.00000;0.75036;2
238.74699; 51.54667;      -1.48002; 89.80431;80.00000;20.00000;0.75032;2
238.83600; 51.55667;      -1.48137; 89.78894;80.00000;20.00000;0.75028;2
238.94400; 51.56667;      -1.48352; 89.77548;80.00000;20.00000;0.75023;2
239.04100; 51.57667;      -1.48380; 89.75818;80.00000;20.00000;0.75019;2
239.13499; 51.58667;      -1.48487; 89.75241;80.00000;20.00000;0.75014;2
239.25101; 51.59667;      -1.48536; 89.73223;80.00000;20.00000;0.75009;2
239.35001; 51.60667;      -1.48633; 89.71685;80.00000;20.00000;0.75004;2
239.44800; 51.61667;      -1.48779; 89.71397;80.00000;20.00000;0.75000;2
239.54900; 51.62667;      -1.48896; 89.69474;80.00000;20.00000;0.74995;2
239.64500; 51.63667;      -1.48963; 89.67744;80.00000;20.00000;0.74991;2
239.74600; 51.64667;      -1.49041; 89.66879;80.00000;20.00000;0.74986;2
239.85400; 51.65667;      -1.49051; 89.66014;80.00000;20.00000;0.74981;2
239.96201; 51.66667;      -1.49041; 89.63515;80.00000;20.00000;0.74976;2
240.05400; 51.67667;      -1.49245; 89.62074;80.00000;20.00000;0.74972;2
240.15199; 51.68667;      -1.49313; 89.60824;80.00000;20.00000;0.74968;2
240.24899; 51.69667;      -1.49341; 89.59190;80.00000;20.00000;0.74963;2
240.36800; 51.70667;      -1.49420; 89.57364;80.00000;20.00000;0.74958;2
240.46001; 51.71667;      -1.49585; 89.55538;80.00000;20.00000;0.74953;2
240.56599; 51.72667;      -1.49732; 89.54577;80.00000;20.00000;0.74949;2
240.66600; 51.73667;      -1.49780; 89.52366;80.00000;20.00000;0.74944;2
240.76801; 51.74667;      -1.49760; 89.49963;80.00000;20.00000;0.74939;2
240.86400; 51.75667;      -1.49828; 89.49098;80.00000;20.00000;0.74935;2
240.96800; 51.76667;      -1.49945; 89.47272;80.00000;20.00000;0.74930;2
241.06000; 51.77667;      -1.50051; 89.45062;80.00000;20.00000;0.74926;2
241.16400; 51.78667;      -1.50237; 89.43524;80.00000;20.00000;0.74921;2
241.27100; 51.79667;      -1.50315; 89.41217;80.00000;20.00000;0.74916;2
241.36400; 51.80667;      -1.50432; 89.39679;80.00000;20.00000;0.74912;2
241.47400; 51.81667;      -1.50510; 89.37373;80.00000;20.00000;0.74907;2
241.58200; 51.82667;      -1.50510; 89.35835;80.00000;20.00000;0.74902;2
241.67700; 51.83667;      -1.50558; 89.33432;80.00000;20.00000;0.74898;2
241.77600; 51.84667;      -1.50665; 89.32375;80.00000;20.00000;0.74893;2
241.87801; 51.85667;      -1.50871; 89.30549;80.00000;20.00000;0.74888;2
241.98000; 51.86667;      -1.50919; 89.29107;80.00000;20.00000;0.74884;2
242.08099; 51.87667;      -1.50938; 89.26704;80.00000;20.00000;0.74879;2
242.19600; 51.88667;      -1.51018; 89.25647;80.00000;20.00000;0.74874;2
242.28500; 51.89667;      -1.51143; 89.24301;80.00000;20.00000;0.74870;2
242.38300; 51.90667;      -1.51192; 89.21898;80.00000;20.00000;0.74865;2
242.48000; 51.91667;      -1.51279; 89.20937;80.00000;20.00000;0.74861;2
242.58600; 51.92667;      -1.51397; 89.19592;80.00000;20.00000;0.74856;2
242.68500; 51.93667;      -1.51455; 89.17766;80.00000;20.00000;0.74851;2
242.79201; 51.94667;      -1.51524; 89.16228;80.00000;20.00000;0.74846;2
242.89200; 51.95667;      -1.51641; 89.14594;80.00000;20.00000;0.74842;2
242.99200; 51.96667;      -1.51777; 89.12864;80.00000;20.00000;0.74837;2
243.08701; 51.97667;      -1.51786; 89.11422;80.00000;20.00000;0.74833;2
243.19200; 51.98667;      -1.51865; 89.09500;80.00000;20.00000;0.74828;2
243.29601; 51.99667;      -1.51972; 89.07674;80.00000;20.00000;0.74823;2
243.39600; 52.00667;      -1.52089; 89.06713;80.00000;20.00000;0.74819;2
243.49800; 52.01667;      -1.52168; 89.04886;80.00000;20.00000;0.74814;2
243.58900; 52.02667;      -1.52245; 89.02868;80.00000;20.00000;0.74810;2
243.69600; 52.03667;      -1.52323; 89.02484;80.00000;20.00000;0.74805;2
243.78799; 52.04667;      -1.52410; 89.01042;80.00000;20.00000;0.74801;2
243.89799; 52.05667;      -1.52499; 88.99600;80.00000;20.00000;0.74796;2
243.99600; 52.06667;      -1.52577; 88.97870;80.00000;20.00000;0.74791;2
244.08900; 52.07667;      -1.52546; 88.97005;80.00000;20.00000;0.74787;2
244.20000; 52.08667;      -1.52606; 88.95852;80.00000;20.00000;0.74782;2
244.29300; 52.09667;      -1.52781; 88.94314;80.00000;20.00000;0.74777;2
244.41400; 52.10667;      -1.52842; 88.92776;80.00000;20.00000;0.74772;2
244.49699; 52.11667;      -1.52869; 88.91527;80.00000;20.00000;0.74768;2
244.60300; 52.12667;      -1.53056; 88.89701;80.00000;20.00000;0.74763;2
244.70399; 52.13667;      -1.53154; 88.88643;80.00000;20.00000;0.74758;2
244.80400; 52.14667;      -1.53202; 88.87105;80.00000;20.00000;0.74754;2
244.90800; 52.15667;      -1.53281; 88.85279;80.00000;20.00000;0.74749;2
245.00301; 52.16667;      -1.53407; 88.82876;80.00000;20.00000;0.74745;2
245.11900; 52.17667;      -1.53438; 88.81819;80.00000;20.00000;0.74739;2
245.20500; 52.18667;      -1.53495; 88.79993;80.00000;20.00000;0.74735;2
245.30800; 52.19667;      -1.53534; 88.78551;80.00000;20.00000;0.74731;2
245.40100; 52.20667;      -1.53612; 88.75572;80.00000;20.00000;0.74726;2
245.50800; 52.21667;      -1.53720; 88.75187;80.00000;20.00000;0.74721;2
245.61800; 52.22667;      -1.53858; 88.73073;80.00000;20.00000;0.74716;2
245.71800; 52.23667;      -1.53936; 88.70958;80.00000;20.00000;0.74712;2
245.81300; 52.24667;      -1.54004; 88.69228;80.00000;20.00000;0.74707;2
245.91701; 52.25667;      -1.54112; 88.67114;80.00000;20.00000;0.74703;2
246.00900; 52.26667;      -1.54209; 88.65384;80.00000;20.00000;0.74698;2
246.11099; 52.27667;      -1.54258; 88.63269;80.00000;20.00000;0.74694;2
246.21300; 52.28667;      -1.54376; 88.61924;80.00000;20.00000;0.74689;2
246.32100; 52.29667;      -1.54494; 88.59617;80.00000;20.00000;0.74684;2
246.42200; 52.30667;      -1.54583; 88.58079;80.00000;20.00000;0.74679;2
246.51700; 52.31667;      -1.54670; 88.56445;80.00000;20.00000;0.74675;2
246.62801; 52.32667;      -1.54730; 88.53754;80.00000;20.00000;0.74670;2
246.71899; 52.33667;      -1.54758; 88.52985;80.00000;20.00000;0.74666;2
246.83299; 52.34667;      -1.54858; 88.51159;80.00000;20.00000;0.74660;2
246.92400; 52.35667;      -1.54945; 88.49717;80.00000;20.00000;0.74656;2
247.01100; 52.36667;      -1.54973; 88.47122;80.00000;20.00000;0.74652;2
247.12900; 52.37667;      -1.55053; 88.46353;80.00000;20.00000;0.74647;2
247.23199; 52.38667;      -1.55161; 88.44912;80.00000;20.00000;0.74642;2
247.33299; 52.39667;      -1.55230; 88.42413;80.00000;20.00000;0.74637;2
247.42700; 52.40667;      -1.55258; 88.40875;80.00000;20.00000;0.74633;2
247.52699; 52.41667;      -1.55327; 88.38568;80.00000;20.00000;0.74628;2
247.62300; 52.42667;      -1.55513; 88.36838;80.00000;20.00000;0.74624;2
247.72200; 52.43667;      -1.55640; 88.34724;80.00000;20.00000;0.74619;2
247.83400; 52.44667;      -1.55740; 88.32802;80.00000;20.00000;0.74614;2
247.92799; 52.45667;      -1.55798; 88.30591;80.00000;20.00000;0.74610;2
248.03999; 52.46667;      -1.55819; 88.28188;80.00000;20.00000;0.74605;2
248.13200; 52.47667;      -1.55867; 88.26074;80.00000;20.00000;0.74600;2
248.23100; 52.48667;      -1.55916; 88.24632;80.00000;20.00000;0.74596;2
248.34000; 52.49667;      -1.55985; 88.22325;80.00000;20.00000;0.74591;2
248.42999; 52.50667;      -1.56151; 88.20883;80.00000;20.00000;0.74587;2
248.53200; 52.51667;      -1.56161; 88.18673;80.00000;20.00000;0.74582;2
248.62700; 52.52667;      -1.56239; 88.16751;80.00000;20.00000;0.74577;2
248.74200; 52.53667;      -1.56319; 88.14732;80.00000;20.00000;0.74572;2
248.84000; 52.54667;      -1.56456; 88.12426;80.00000;20.00000;0.74568;2
248.93300; 52.55667;      -1.56554; 88.10407;80.00000;20.00000;0.74563;2
249.04601; 52.56667;      -1.56584; 88.08485;80.00000;20.00000;0.74558;2
249.13600; 52.57667;      -1.56662; 88.06370;80.00000;20.00000;0.74554;2
249.23500; 52.58667;      -1.56691; 88.03775;80.00000;20.00000;0.74549;2
249.32899; 52.59667;      -1.56760; 88.03103;80.00000;20.00000;0.74545;2
249.44400; 52.60667;      -1.56879; 88.00123;80.00000;20.00000;0.74540;2
249.54100; 52.61667;      -1.56957; 87.99258;80.00000;20.00000;0.74535;2
249.63200; 52.62667;      -1.57025; 87.97240;80.00000;20.00000;0.74531;2
249.74500; 52.63667;      -1.57115; 87.95029;80.00000;20.00000;0.74526;2
249.84200; 52.64667;      -1.57193; 87.93395;80.00000;20.00000;0.74521;2
249.94901; 52.65667;      -1.57332; 87.91281;80.00000;20.00000;0.74516;2
250.05000; 52.66667;      -1.57420; 87.89647;80.00000;20.00000;0.74512;2
250.14400; 52.67667;      -1.57518; 87.87436;80.00000;20.00000;0.74507;2
250.25101; 52.68667;      -1.57578; 87.84745;80.00000;20.00000;0.74502;2
250.34500; 52.69667;      -1.57666; 87.83688;80.00000;20.00000;0.74498;2
250.44800; 52.70667;      -1.57754; 87.80997;80.00000;20.00000;0.74493;2
250.54500; 52.71667;      -1.57843; 87.79266;80.00000;20.00000;0.74489;2
250.65601; 52.72667;      -1.57913; 87.77536;80.00000;20.00000;0.74484;2
250.74500; 52.73667;      -1.57912; 87.74653;80.00000;20.00000;0.74479;2
250.84500; 52.74667;      -1.57980; 87.72250;80.00000;20.00000;0.74475;2
250.94701; 52.75667;      -1.58109; 87.71577;80.00000;20.00000;0.74470;2
251.04201; 52.76667;      -1.58128; 87.68598;80.00000;20.00000;0.74466;2
251.15401; 52.77667;      -1.58228; 87.67733;80.00000;20.00000;0.74461;2
251.24800; 52.78667;      -1.58335; 87.65522;80.00000;20.00000;0.74456;2
251.35201; 52.79667;      -1.58385; 87.62639;80.00000;20.00000;0.74451;2
251.45300; 52.80667;      -1.58484; 87.61582;80.00000;20.00000;0.74447;2
251.54900; 52.81667;      -1.58631; 87.58794;80.00000;20.00000;0.74442;2
251.64999; 52.82667;      -1.58730; 87.56488;80.00000;20.00000;0.74438;2
251.74500; 52.83667;      -1.58837; 87.54950;80.00000;20.00000;0.74433;2
251.85500; 52.84667;      -1.58878; 87.52643;80.00000;20.00000;0.74428;2
251.94701; 52.85667;      -1.58887; 87.50336;80.00000;20.00000;0.74424;2
252.04201; 52.86667;      -1.59005; 87.48895;80.00000;20.00000;0.74419;2
252.14900; 52.87667;      -1.59065; 87.46780;80.00000;20.00000;0.74414;2
252.25600; 52.88667;      -1.59154; 87.44858;80.00000;20.00000;0.74409;2
252.35800; 52.89667;      -1.59213; 87.42647;80.00000;20.00000;0.74405;2
252.45399; 52.90667;      -1.59361; 87.40341;80.00000;20.00000;0.74400;2
252.55200; 52.91667;      -1.59420; 87.38899;80.00000;20.00000;0.74396;2
252.64900; 52.92667;      -1.59499; 87.36112;80.00000;20.00000;0.74391;2
252.75200; 52.93667;      -1.59607; 87.34189;80.00000;20.00000;0.74386;2
252.86700; 52.94667;      -1.59708; 87.32267;80.00000;20.00000;0.74381;2
252.96400; 52.95667;      -1.59786; 87.29480;80.00000;20.00000;0.74377;2
253.05800; 52.96667;      -1.59825; 87.28038;80.00000;20.00000;0.74372;2
253.15300; 52.97667;      -1.59855; 87.25731;80.00000;20.00000;0.74368;2
253.24600; 52.98667;      -1.59962; 87.23809;80.00000;20.00000;0.74363;2
253.35899; 52.99667;      -1.60072; 87.21791;80.00000;20.00000;0.74358;2
253.46001; 53.00667;      -1.60201; 87.19484;80.00000;20.00000;0.74354;2
253.55499; 53.01667;      -1.60240; 87.17273;80.00000;20.00000;0.74349;2
253.65700; 53.02667;      -1.60240; 87.15255;80.00000;20.00000;0.74344;2
253.75301; 53.03667;      -1.60279; 87.13237;80.00000;20.00000;0.74340;2
253.86200; 53.04667;      -1.60438; 87.10930;80.00000;20.00000;0.74335;2
253.95700; 53.05667;      -1.60566; 87.08719;80.00000;20.00000;0.74330;2
254.05400; 53.06667;      -1.60655; 87.06701;80.00000;20.00000;0.74326;2
254.15800; 53.07667;      -1.60754; 87.04683;80.00000;20.00000;0.74321;2
254.26801; 53.08667;      -1.60864; 87.02472;80.00000;20.00000;0.74316;2
254.36400; 53.09667;      -1.60864; 87.00934;80.00000;20.00000;0.74312;2
254.46899; 53.10667;      -1.61042; 86.98628;80.00000;20.00000;0.74307;2
254.56900; 53.11667;      -1.61170; 86.96417;80.00000;20.00000;0.74302;2
254.65900; 53.12667;      -1.61209; 86.94399;80.00000;20.00000;0.74298;2
254.76500; 53.13667;      -1.61200; 86.92476;80.00000;20.00000;0.74293;2
254.87199; 53.14667;      -1.61290; 86.90170;80.00000;20.00000;0.74288;2
254.96201; 53.15667;      -1.61319; 86.87959;80.00000;20.00000;0.74284;2
255.06900; 53.16667;      -1.61487; 86.85941;80.00000;20.00000;0.74279;2
255.16600; 53.17667;      -1.61645; 86.84018;80.00000;20.00000;0.74274;2
255.26199; 53.18667;      -1.61754; 86.81423;80.00000;20.00000;0.74270;2
255.36501; 53.19667;      -1.61823; 86.79020;80.00000;20.00000;0.74265;2
255.47099; 53.20667;      -1.62101; 86.77483;80.00000;20.00000;0.74260;2
255.56900; 53.21667;      -1.62130; 86.74119;80.00000;20.00000;0.74256;2
255.67300; 53.22667;      -1.62161; 86.72292;80.00000;20.00000;0.74251;2
255.77200; 53.23667;      -1.62181; 86.70659;80.00000;20.00000;0.74246;2
255.86400; 53.24667;      -1.62239; 86.68256;80.00000;20.00000;0.74242;2
255.97701; 53.25667;      -1.62330; 86.65853;80.00000;20.00000;0.74237;2
256.06601; 53.26667;      -1.62418; 86.63738;80.00000;20.00000;0.74232;2
256.17200; 53.27667;      -1.62557; 86.61047;80.00000;20.00000;0.74227;2
256.27499; 53.28667;      -1.62667; 86.59029;80.00000;20.00000;0.74223;2
256.36899; 53.29667;      -1.62775; 86.57107;80.00000;20.00000;0.74218;2
256.47400; 53.30667;      -1.62845; 86.54223;80.00000;20.00000;0.74213;2
256.57501; 53.31667;      -1.62826; 86.52301;80.00000;20.00000;0.74209;2
256.67300; 53.32667;      -1.62875; 86.49514;80.00000;20.00000;0.74204;2
256.77802; 53.33667;      -1.63014; 86.47591;80.00000;20.00000;0.74199;2
256.87799; 53.34667;      -1.63153; 86.44708;80.00000;20.00000;0.74195;2
256.97400; 53.35667;      -1.63203; 86.42882;80.00000;20.00000;0.74190;2
257.07800; 53.36667;      -1.63243; 86.40671;80.00000;20.00000;0.74185;2
257.17001; 53.37667;      -1.63361; 86.38076;80.00000;20.00000;0.74181;2
257.27600; 53.38667;      -1.63392; 86.35962;80.00000;20.00000;0.74176;2
257.37900; 53.39667;      -1.63462; 86.33367;80.00000;20.00000;0.74171;2
257.47800; 53.40667;      -1.63551; 86.31156;80.00000;20.00000;0.74167;2
257.57901; 53.41667;      -1.63660; 86.28657;80.00000;20.00000;0.74162;2
257.68301; 53.42667;      -1.63730; 86.25774;80.00000;20.00000;0.74157;2
257.77701; 53.43667;      -1.63690; 86.23851;80.00000;20.00000;0.74153;2
257.88000; 53.44667;      -1.63800; 86.21833;80.00000;20.00000;0.74148;2
257.97400; 53.45667;      -1.63899; 86.19430;80.00000;20.00000;0.74143;2
258.07901; 53.46667;      -1.64028; 86.16739;80.00000;20.00000;0.74139;2
258.17099; 53.47667;      -1.64136; 86.15009;80.00000;20.00000;0.74134;2
258.27301; 53.48667;      -1.64236; 86.12318;80.00000;20.00000;0.74130;2
258.37601; 53.49667;      -1.64276; 86.10492;80.00000;20.00000;0.74125;2
258.48700; 53.50667;      -1.64327; 86.07704;80.00000;20.00000;0.74120;2
258.57901; 53.51667;      -1.64347; 86.05109;80.00000;20.00000;0.74115;2
258.67999; 53.52667;      -1.64466; 86.03091;80.00000;20.00000;0.74111;2
258.79099; 53.53667;      -1.64616; 86.00304;80.00000;20.00000;0.74105;2
258.87500; 53.54667;      -1.64645; 85.98093;80.00000;20.00000;0.74101;2
258.98199; 53.55667;      -1.64755; 85.95786;80.00000;20.00000;0.74096;2
259.08899; 53.56667;      -1.64815; 85.93768;80.00000;20.00000;0.74091;2
259.18799; 53.57667;      -1.64865; 85.91077;80.00000;20.00000;0.74087;2
259.28400; 53.58667;      -1.64934; 85.89058;80.00000;20.00000;0.74082;2
259.38901; 53.59667;      -1.64975; 85.86271;80.00000;20.00000;0.74077;2
259.49100; 53.60667;      -1.65095; 85.84061;80.00000;20.00000;0.74073;2
259.59000; 53.61667;      -1.65194; 85.81562;80.00000;20.00000;0.74068;2
259.69101; 53.62667;      -1.65264; 85.79351;80.00000;20.00000;0.74063;2
259.79800; 53.63667;      -1.65265; 85.76852;80.00000;20.00000;0.74058;2
259.88599; 53.64667;      -1.65363; 85.74065;80.00000;20.00000;0.74054;2
259.98700; 53.65667;      -1.65414; 85.71950;80.00000;20.00000;0.74050;2
260.09900; 53.66667;      -1.65524; 85.69355;80.00000;20.00000;0.74044;2
260.19400; 53.67667;      -1.65653; 85.66760;80.00000;20.00000;0.74040;2
260.30399; 53.68667;      -1.65764; 85.63781;80.00000;20.00000;0.74035;2
260.39401; 53.69667;      -1.65823; 85.61378;80.00000;20.00000;0.74031;2
260.49799; 53.70667;      -1.65933; 85.58783;80.00000;20.00000;0.74026;2
260.59601; 53.71667;      -1.66072; 85.56092;80.00000;20.00000;0.74021;2
260.69000; 53.72667;      -1.66151; 85.53208;80.00000;20.00000;0.74017;2
260.80600; 53.73667;      -1.66123; 85.49748;80.00000;20.00000;0.74011;2
260.90201; 53.74667;      -1.66173; 85.46192;80.00000;20.00000;0.74007;2
260.99701; 53.75667;      -1.66203; 85.42732;80.00000;20.00000;0.74002;2
261.10800; 53.76667;      -1.66294; 85.38887;80.00000;20.00000;0.73997;2
261.20499; 53.77667;      -1.66324; 85.34947;80.00000;20.00000;0.73993;2
261.29800; 53.78667;      -1.66453; 85.30814;80.00000;20.00000;0.73988;2
261.39600; 53.79667;      -1.66562; 85.27258;80.00000;20.00000;0.73984;2
261.50400; 53.80667;      -1.66593; 85.23125;80.00000;20.00000;0.73979;2
261.60599; 53.81667;      -1.66634; 85.19280;80.00000;20.00000;0.73974;2
261.70200; 53.82667;      -1.66683; 85.16109;80.00000;20.00000;0.73969;2
261.81299; 53.83667;      -1.66764; 85.13033;80.00000;20.00000;0.73964;2
261.91199; 53.84667;      -1.66874; 85.10726;80.00000;20.00000;0.73960;2
262.00299; 53.85667;      -1.66904; 85.08035;80.00000;20.00000;0.73955;2
262.10101; 53.86667;      -1.66993; 85.06113;80.00000;20.00000;0.73951;2
262.19299; 53.87667;      -1.67072; 85.03710;80.00000;20.00000;0.73946;2
262.29599; 53.88667;      -1.67093; 85.01403;80.00000;20.00000;0.73942;2
262.40302; 53.89667;      -1.67204; 84.99865;80.00000;20.00000;0.73937;2
262.50201; 53.90667;      -1.67284; 84.97463;80.00000;20.00000;0.73932;2
262.60400; 53.91667;      -1.67384; 84.95348;80.00000;20.00000;0.73927;2
262.71301; 53.92667;      -1.67445; 84.93330;80.00000;20.00000;0.73922;2
262.80801; 53.93667;      -1.67514; 84.91504;80.00000;20.00000;0.73918;2
262.90701; 53.94667;      -1.67565; 84.89293;80.00000;20.00000;0.73913;2
263.01300; 53.95667;      -1.67635; 84.87563;80.00000;20.00000;0.73908;2
263.10400; 53.96667;      -1.67804; 84.85352;80.00000;20.00000;0.73904;2
263.21701; 53.97667;      -1.67875; 84.83334;80.00000;20.00000;0.73898;2
263.30600; 53.98667;      -1.67934; 84.80451;80.00000;20.00000;0.73894;2
263.41199; 53.99667;      -1.67975; 84.78432;80.00000;20.00000;0.73889;2
263.51099; 54.00667;      -1.68006; 84.76414;80.00000;20.00000;0.73885;2
263.60901; 54.01667;      -1.68086; 84.73530;80.00000;20.00000;0.73880;2
263.70801; 54.02667;      -1.68086; 84.71512;80.00000;20.00000;0.73875;2
263.81799; 54.03667;      -1.68168; 84.69109;80.00000;20.00000;0.73870;2
263.90500; 54.04667;      -1.68227; 84.66706;80.00000;20.00000;0.73866;2
264.01501; 54.05667;      -1.68288; 84.64111;80.00000;20.00000;0.73861;2
264.11499; 54.06667;      -1.68408; 84.61709;80.00000;20.00000;0.73856;2
264.21899; 54.07667;      -1.68498; 84.58825;80.00000;20.00000;0.73851;2
264.30701; 54.08667;      -1.68567; 84.56134;80.00000;20.00000;0.73847;2
264.40701; 54.09667;      -1.68628; 84.53058;80.00000;20.00000;0.73843;2
264.50699; 54.10667;      -1.68768; 84.50559;80.00000;20.00000;0.73838;2
264.60501; 54.11667;      -1.68848; 84.48445;80.00000;20.00000;0.73833;2
264.71301; 54.12667;      -1.68998; 84.45850;80.00000;20.00000;0.73828;2
264.81601; 54.13667;      -1.69029; 84.43255;80.00000;20.00000;0.73823;2
264.91199; 54.14667;      -1.69079; 84.39891;80.00000;20.00000;0.73819;2
265.01599; 54.15667;      -1.69160; 84.37392;80.00000;20.00000;0.73814;2
265.11499; 54.16667;      -1.69280; 84.34701;80.00000;20.00000;0.73809;2
265.21701; 54.17667;      -1.69360; 84.32010;80.00000;20.00000;0.73805;2
265.31500; 54.18667;      -1.69460; 84.27781;80.00000;20.00000;0.73800;2
265.41599; 54.19667;      -1.69541; 84.25954;80.00000;20.00000;0.73795;2
265.51001; 54.20667;      -1.69621; 84.22206;80.00000;20.00000;0.73791;2
265.60901; 54.21667;      -1.69731; 84.19226;80.00000;20.00000;0.73786;2
265.71100; 54.22667;      -1.69821; 84.16439;80.00000;20.00000;0.73781;2
265.81400; 54.23667;      -1.69872; 84.13460;80.00000;20.00000;0.73777;2
265.91101; 54.24667;      -1.69843; 84.10576;80.00000;20.00000;0.73772;2
266.01001; 54.25667;      -1.69883; 84.07308;80.00000;20.00000;0.73767;2
266.10699; 54.26667;      -1.70023; 84.04521;80.00000;20.00000;0.73763;2
266.21600; 54.27667;      -1.70094; 84.01157;80.00000;20.00000;0.73758;2
266.30701; 54.28667;      -1.70164; 83.98466;80.00000;20.00000;0.73753;2
266.41599; 54.29667;      -1.70325; 83.95967;80.00000;20.00000;0.73748;2
266.51999; 54.30667;      -1.70436; 83.93372;80.00000;20.00000;0.73743;2
266.60101; 54.31667;      -1.70454; 83.90873;80.00000;20.00000;0.73740;2
266.71301; 54.32667;      -1.70576; 83.88278;80.00000;20.00000;0.73734;2
266.81299; 54.33667;      -1.70696; 83.86067;80.00000;20.00000;0.73730;2
266.91400; 54.34667;      -1.70777; 83.83568;80.00000;20.00000;0.73725;2
267.02100; 54.35667;      -1.70858; 83.82223;80.00000;20.00000;0.73720;2
267.11301; 54.36667;      -1.70968; 83.79051;80.00000;20.00000;0.73716;2
267.21701; 54.37667;      -1.71068; 83.77609;80.00000;20.00000;0.73711;2
267.31799; 54.38667;      -1.71139; 83.75111;80.00000;20.00000;0.73706;2
267.41199; 54.39667;      -1.71189; 83.72323;80.00000;20.00000;0.73702;2
267.51099; 54.40667;      -1.71240; 83.70401;80.00000;20.00000;0.73697;2
267.60999; 54.41667;      -1.71380; 83.67614;80.00000;20.00000;0.73692;2
267.71799; 54.42667;      -1.71471; 83.65788;80.00000;20.00000;0.73687;2
267.81500; 54.43667;      -1.71591; 83.63673;80.00000;20.00000;0.73683;2
267.91800; 54.44667;      -1.71682; 83.61174;80.00000;20.00000;0.73678;2
268.02100; 54.45667;      -1.71793; 83.58964;80.00000;20.00000;0.73673;2
268.11899; 54.46667;      -1.71904; 83.56465;80.00000;20.00000;0.73668;2
268.21899; 54.47667;      -1.71924; 83.53677;80.00000;20.00000;0.73664;2
268.32199; 54.48667;      -1.72025; 83.51467;80.00000;20.00000;0.73659;2
268.42700; 54.49667;      -1.72097; 83.49064;80.00000;20.00000;0.73654;2
268.51999; 54.50667;      -1.72226; 83.46757;80.00000;20.00000;0.73649;2
268.61899; 54.51667;      -1.72317; 83.44354;80.00000;20.00000;0.73645;2
268.71600; 54.52667;      -1.72407; 83.41567;80.00000;20.00000;0.73640;2
268.81100; 54.53667;      -1.72507; 83.39068;80.00000;20.00000;0.73636;2
268.91800; 54.54667;      -1.72559; 83.36761;80.00000;20.00000;0.73631;2
269.01199; 54.55667;      -1.72679; 83.33782;80.00000;20.00000;0.73626;2
269.10599; 54.56667;      -1.72749; 83.31283;80.00000;20.00000;0.73622;2
269.20599; 54.57667;      -1.72850; 83.28496;80.00000;20.00000;0.73617;2
269.32599; 54.58667;      -1.72953; 83.25708;80.00000;20.00000;0.73612;2
269.41101; 54.59667;      -1.73042; 83.23113;80.00000;20.00000;0.73607;2
269.51001; 54.60667;      -1.73182; 83.20038;80.00000;20.00000;0.73603;2
269.60999; 54.61667;      -1.73263; 83.18212;80.00000;20.00000;0.73598;2
269.71100; 54.62667;      -1.73364; 83.15616;80.00000;20.00000;0.73593;2
269.81400; 54.63667;      -1.73415; 83.12637;80.00000;20.00000;0.73589;2
269.91101; 54.64667;      -1.73516; 83.10138;80.00000;20.00000;0.73584;2
270.00500; 54.65667;      -1.73626; 83.07639;80.00000;20.00000;0.73580;2
270.10699; 54.66667;      -1.73797; 83.03314;80.00000;20.00000;0.73575;2
270.22000; 54.67667;      -1.73899; 83.00911;80.00000;20.00000;0.73569;2
270.31201; 54.68667;      -1.73949; 82.97643;80.00000;20.00000;0.73565;2
270.39999; 54.69667;      -1.74039; 82.94760;80.00000;20.00000;0.73561;2
270.51099; 54.70667;      -1.74111; 82.92742;80.00000;20.00000;0.73556;2
270.60699; 54.71667;      -1.74151; 82.89954;80.00000;20.00000;0.73551;2
270.70599; 54.72667;      -1.74252; 82.87263;80.00000;20.00000;0.73546;2
270.81601; 54.73667;      -1.74294; 82.84764;80.00000;20.00000;0.73541;2
270.91000; 54.74667;      -1.74405; 82.81977;80.00000;20.00000;0.73537;2
271.00500; 54.75667;      -1.74535; 82.79190;80.00000;20.00000;0.73532;2
271.10300; 54.76667;      -1.74646; 82.76210;80.00000;20.00000;0.73528;2
271.21100; 54.77667;      -1.74797; 82.73038;80.00000;20.00000;0.73523;2
271.31000; 54.78667;      -1.74848; 82.69867;80.00000;20.00000;0.73518;2
271.40701; 54.79667;      -1.75019; 82.65734;80.00000;20.00000;0.73513;2
271.50400; 54.80667;      -1.75109; 82.62946;80.00000;20.00000;0.73509;2
271.61099; 54.81667;      -1.75281; 82.59582;80.00000;20.00000;0.73504;2
271.70801; 54.82667;      -1.75392; 82.56891;80.00000;20.00000;0.73499;2
271.80399; 54.83667;      -1.75443; 82.53912;80.00000;20.00000;0.73495;2
271.90201; 54.84667;      -1.75503; 82.51317;80.00000;20.00000;0.73490;2
272.01401; 54.85667;      -1.75616; 82.48914;80.00000;20.00000;0.73485;2
272.11600; 54.86667;      -1.75657; 82.46415;80.00000;20.00000;0.73480;2
272.22699; 54.87667;      -1.75889; 82.44108;80.00000;20.00000;0.73475;2
272.32501; 54.88667;      -1.75940; 82.41705;80.00000;20.00000;0.73470;2
272.42599; 54.89667;      -1.76062; 82.38918;80.00000;20.00000;0.73465;2
272.52100; 54.90667;      -1.76192; 82.36996;80.00000;20.00000;0.73461;2
272.61801; 54.91667;      -1.76273; 82.35074;80.00000;20.00000;0.73456;2
272.71600; 54.92667;      -1.76384; 82.32286;80.00000;20.00000;0.73452;2
272.81500; 54.93667;      -1.76485; 82.30364;80.00000;20.00000;0.73447;2
272.92001; 54.94667;      -1.76627; 82.27673;80.00000;20.00000;0.73442;2
273.01501; 54.95667;      -1.76817; 82.24790;80.00000;20.00000;0.73438;2
273.11499; 54.96667;      -1.76839; 82.22963;80.00000;20.00000;0.73433;2
273.21701; 54.97667;      -1.76860; 82.20464;80.00000;20.00000;0.73428;2
273.30801; 54.98667;      -1.76911; 82.18254;80.00000;20.00000;0.73424;2
273.41800; 54.99667;      -1.77013; 82.15082;80.00000;20.00000;0.73418;2
273.51599; 55.00667;      -1.77144; 82.12583;80.00000;20.00000;0.73414;2
273.62201; 55.01667;      -1.77206; 82.10180;80.00000;20.00000;0.73409;2
273.71399; 55.02667;      -1.77416; 82.07874;80.00000;20.00000;0.73404;2
273.82599; 55.03667;      -1.77409; 82.05471;80.00000;20.00000;0.73399;2
273.92001; 55.04667;      -1.77520; 82.02299;80.00000;20.00000;0.73395;2
274.01801; 55.05667;      -1.77661; 82.00377;80.00000;20.00000;0.73390;2
274.12299; 55.06667;      -1.77803; 81.96052;80.00000;20.00000;0.73385;2
274.22000; 55.07667;      -1.77904; 81.93745;80.00000;20.00000;0.73381;2
274.32599; 55.08667;      -1.78016; 81.90862;80.00000;20.00000;0.73376;2
274.42599; 55.09667;      -1.78107; 81.87882;80.00000;20.00000;0.73371;2
274.52600; 55.10667;      -1.78179; 81.85095;80.00000;20.00000;0.73366;2
274.61600; 55.11667;      -1.78229; 81.81346;80.00000;20.00000;0.73362;2
274.72299; 55.12667;      -1.78301; 81.78944;80.00000;20.00000;0.73357;2
274.82501; 55.13667;      -1.78473; 81.75868;80.00000;20.00000;0.73352;2
274.92401; 55.14667;      -1.78554; 81.72408;80.00000;20.00000;0.73347;2
275.02301; 55.15667;      -1.78606; 81.69140;80.00000;20.00000;0.73343;2
275.13199; 55.16667;      -1.78718; 81.65968;80.00000;20.00000;0.73337;2
275.21500; 55.17667;      -1.78838; 81.62797;80.00000;20.00000;0.73333;2
275.31201; 55.18667;      -1.78959; 81.59529;80.00000;20.00000;0.73329;2
275.42300; 55.19667;      -1.79082; 81.56837;80.00000;20.00000;0.73324;2
275.52600; 55.20667;      -1.79194; 81.54627;80.00000;20.00000;0.73319;2
275.61801; 55.21667;      -1.79145; 81.52032;80.00000;20.00000;0.73314;2
275.72299; 55.22667;      -1.79217; 81.49821;80.00000;20.00000;0.73309;2
275.82599; 55.23667;      -1.79419; 81.47418;80.00000;20.00000;0.73305;2
275.93600; 55.24667;      -1.79441; 81.45304;80.00000;20.00000;0.73299;2
276.02802; 55.25667;      -1.79512; 81.42613;80.00000;20.00000;0.73295;2
276.13300; 55.26667;      -1.79614; 81.40018;80.00000;20.00000;0.73290;2
276.23099; 55.27667;      -1.79786; 81.37615;80.00000;20.00000;0.73285;2
276.33099; 55.28667;      -1.79908; 81.34347;80.00000;20.00000;0.73281;2
276.42300; 55.29667;      -1.79938; 81.31848;80.00000;20.00000;0.73276;2
276.52100; 55.30667;      -1.79980; 81.29541;80.00000;20.00000;0.73272;2
276.62399; 55.31667;      -1.80062; 81.27042;80.00000;20.00000;0.73267;2
276.72800; 55.32667;      -1.80184; 81.24159;80.00000;20.00000;0.73262;2
276.83401; 55.33667;      -1.80216; 81.21948;80.00000;20.00000;0.73257;2
276.92001; 55.34667;      -1.80276; 81.19546;80.00000;20.00000;0.73253;2
277.01599; 55.35667;      -1.80398; 81.17431;80.00000;20.00000;0.73248;2
277.12701; 55.36667;      -1.80521; 81.14740;80.00000;20.00000;0.73243;2
277.22900; 55.37667;      -1.80683; 81.13298;80.00000;20.00000;0.73238;2
277.33499; 55.38667;      -1.80715; 81.10703;80.00000;20.00000;0.73233;2
277.43799; 55.39667;      -1.80757; 81.08493;80.00000;20.00000;0.73228;2
277.54001; 55.40667;      -1.80859; 81.06090;80.00000;20.00000;0.73223;2
277.63199; 55.41667;      -1.80950; 81.03975;80.00000;20.00000;0.73219;2
277.73901; 55.42667;      -1.81083; 81.02053;80.00000;20.00000;0.73214;2
277.82401; 55.43667;      -1.81143; 80.99842;80.00000;20.00000;0.73210;2
277.94400; 55.44667;      -1.81207; 80.97247;80.00000;20.00000;0.73204;2
278.04001; 55.45667;      -1.81289; 80.94941;80.00000;20.00000;0.73200;2
278.12701; 55.46667;      -1.81369; 80.92826;80.00000;20.00000;0.73196;2
278.23300; 55.47667;      -1.81522; 80.90231;80.00000;20.00000;0.73190;2
278.34000; 55.48667;      -1.81554; 80.87636;80.00000;20.00000;0.73185;2
278.43600; 55.49667;      -1.81686; 80.85041;80.00000;20.00000;0.73181;2
278.52802; 55.50667;      -1.81797; 80.82350;80.00000;20.00000;0.73176;2
278.63199; 55.51667;      -1.81829; 80.79947;80.00000;20.00000;0.73172;2
278.74100; 55.52667;      -1.81862; 80.77256;80.00000;20.00000;0.73166;2
278.84299; 55.53667;      -1.81995; 80.74949;80.00000;20.00000;0.73162;2
278.92801; 55.54667;      -1.82115; 80.72258;80.00000;20.00000;0.73158;2
279.02899; 55.55667;      -1.82157; 80.69374;80.00000;20.00000;0.73153;2
279.14200; 55.56667;      -1.82371; 80.66779;80.00000;20.00000;0.73147;2
279.23099; 55.57667;      -1.82431; 80.64088;80.00000;20.00000;0.73143;2
279.33099; 55.58667;      -1.82403; 80.61493;80.00000;20.00000;0.73138;2
279.44199; 55.59667;      -1.82446; 80.58610;80.00000;20.00000;0.73133;2
279.54099; 55.60667;      -1.82508; 80.54573;80.00000;20.00000;0.73128;2
279.63501; 55.61667;      -1.82670; 80.51594;80.00000;20.00000;0.73124;2
279.74100; 55.62667;      -1.82672; 80.48999;80.00000;20.00000;0.73119;2
279.84000; 55.63667;      -1.82855; 80.45923;80.00000;20.00000;0.73114;2
279.93301; 55.64667;      -1.82906; 80.44097;80.00000;20.00000;0.73110;2
280.02399; 55.65667;      -1.82916; 80.40733;80.00000;20.00000;0.73105;2
280.13101; 55.66667;      -1.83030; 80.38714;80.00000;20.00000;0.73100;2
280.22299; 55.67667;      -1.83111; 80.34966;80.00000;20.00000;0.73096;2
280.32599; 55.68667;      -1.83243; 80.32371;80.00000;20.00000;0.73091;2
280.43201; 55.69667;      -1.83286; 80.29872;80.00000;20.00000;0.73086;2
280.53101; 55.70667;      -1.83358; 80.26892;80.00000;20.00000;0.73081;2
280.64099; 55.71667;      -1.83451; 80.24297;80.00000;20.00000;0.73076;2
280.73199; 55.72667;      -1.83583; 80.21702;80.00000;20.00000;0.73072;2
280.83401; 55.73667;      -1.83605; 80.18915;80.00000;20.00000;0.73067;2
280.93301; 55.74667;      -1.83607; 80.16512;80.00000;20.00000;0.73062;2
281.03900; 55.75667;      -1.83770; 80.14109;80.00000;20.00000;0.73057;2
281.13501; 55.76667;      -1.83912; 80.11610;80.00000;20.00000;0.73053;2
281.23099; 55.77667;      -1.84054; 80.09304;80.00000;20.00000;0.73048;2
281.33401; 55.78667;      -1.84086; 80.06613;80.00000;20.00000;0.73043;2
281.42899; 55.79667;      -1.84098; 80.03633;80.00000;20.00000;0.73039;2
281.53699; 55.80667;      -1.84181; 80.01134;80.00000;20.00000;0.73034;2
281.62900; 55.81667;      -1.84292; 79.98731;80.00000;20.00000;0.73029;2
281.72699; 55.82667;      -1.84395; 79.96232;80.00000;20.00000;0.73025;2
281.83301; 55.83667;      -1.84478; 79.93061;80.00000;20.00000;0.73019;2
281.92300; 55.84667;      -1.84619; 79.90850;80.00000;20.00000;0.73015;2
282.03400; 55.85667;      -1.84622; 79.87390;80.00000;20.00000;0.73010;2
282.13101; 55.86667;      -1.84724; 79.84507;80.00000;20.00000;0.73005;2
282.23099; 55.87667;      -1.84777; 79.81431;80.00000;20.00000;0.73001;2
282.33301; 55.88667;      -1.84879; 79.78740;80.00000;20.00000;0.72996;2
282.42099; 55.89667;      -1.84980; 79.76241;80.00000;20.00000;0.72991;2
282.52200; 55.90667;      -1.85103; 79.73357;80.00000;20.00000;0.72987;2
282.62701; 55.91667;      -1.85206; 79.69897;80.00000;20.00000;0.72982;2
282.72900; 55.92667;      -1.85289; 79.68456;80.00000;20.00000;0.72977;2
282.82599; 55.93667;      -1.85381; 79.65572;80.00000;20.00000;0.72972;2
282.91901; 55.94667;      -1.85493; 79.63169;80.00000;20.00000;0.72968;2
283.01999; 55.95667;      -1.85535; 79.60670;80.00000;20.00000;0.72963;2
283.12799; 55.96667;      -1.85659; 79.57787;80.00000;20.00000;0.72958;2
283.22299; 55.97667;      -1.85730; 79.54904;80.00000;20.00000;0.72953;2
283.33301; 55.98667;      -1.85804; 79.52020;80.00000;20.00000;0.72948;2
283.42200; 55.99667;      -1.85855; 79.49617;80.00000;20.00000;0.72944;2
283.50699; 56.00667;      -1.85936; 79.47215;80.00000;20.00000;0.72940;2
283.62900; 56.01667;      -1.86011; 79.44620;80.00000;20.00000;0.72934;2
283.71500; 56.02667;      -1.86132; 79.43755;80.00000;20.00000;0.72930;2
283.81500; 56.03667;      -1.86235; 79.40967;80.00000;20.00000;0.72925;2
283.92099; 56.04667;      -1.86358; 79.38564;80.00000;20.00000;0.72920;2
284.00201; 56.05667;      -1.86428; 79.36546;80.00000;20.00000;0.72916;2
284.12399; 56.06667;      -1.86514; 79.34528;80.00000;20.00000;0.72910;2
284.22699; 56.07667;      -1.86607; 79.32029;80.00000;20.00000;0.72905;2
284.32800; 56.08667;      -1.86730; 79.30491;80.00000;20.00000;0.72901;2
284.42899; 56.09667;      -1.86863; 79.27896;80.00000;20.00000;0.72896;2
284.51599; 56.10667;      -1.86954; 79.25878;80.00000;20.00000;0.72892;2
284.62500; 56.11667;      -1.87068; 79.23571;80.00000;20.00000;0.72887;2
284.71399; 56.12667;      -1.87129; 79.21264;80.00000;20.00000;0.72882;2
284.81799; 56.13667;      -1.87283; 79.18573;80.00000;20.00000;0.72877;2
284.92300; 56.14667;      -1.87316; 79.15882;80.00000;20.00000;0.72872;2
285.02200; 56.15667;      -1.87378; 79.15209;80.00000;20.00000;0.72868;2
285.11301; 56.16667;      -1.87450; 79.11749;80.00000;20.00000;0.72863;2
285.21899; 56.17667;      -1.87593; 79.09730;80.00000;20.00000;0.72858;2
285.31299; 56.18667;      -1.87716; 79.07135;80.00000;20.00000;0.72854;2
285.42200; 56.19667;      -1.87880; 79.04925;80.00000;20.00000;0.72848;2
285.52399; 56.20667;      -1.87903; 79.02522;80.00000;20.00000;0.72844;2
285.61499; 56.21667;      -1.87984; 79.00408;80.00000;20.00000;0.72839;2
285.71899; 56.22667;      -1.88128; 78.97716;80.00000;20.00000;0.72834;2
285.82001; 56.23667;      -1.88181; 78.95602;80.00000;20.00000;0.72830;2
285.91101; 56.24667;      -1.88222; 78.92718;80.00000;20.00000;0.72825;2
286.02100; 56.25667;      -1.88266; 78.90508;80.00000;20.00000;0.72820;2
286.11801; 56.26667;      -1.88379; 78.87913;80.00000;20.00000;0.72815;2
286.22000; 56.27667;      -1.88562; 78.85222;80.00000;20.00000;0.72810;2
286.31799; 56.28667;      -1.88645; 78.82530;80.00000;20.00000;0.72806;2
286.42200; 56.29667;      -1.88759; 78.79935;80.00000;20.00000;0.72801;2
286.52301; 56.30667;      -1.88882; 78.77148;80.00000;20.00000;0.72796;2
286.60999; 56.31667;      -1.88993; 78.74553;80.00000;20.00000;0.72792;2
286.72101; 56.32667;      -1.89037; 78.71862;80.00000;20.00000;0.72786;2
286.81100; 56.33667;      -1.89180; 78.69844;80.00000;20.00000;0.72782;2
286.91599; 56.34667;      -1.89303; 78.68017;80.00000;20.00000;0.72777;2
287.02301; 56.35667;      -1.89417; 78.65711;80.00000;20.00000;0.72772;2
287.11700; 56.36667;      -1.89449; 78.63981;80.00000;20.00000;0.72768;2
287.21600; 56.37667;      -1.89552; 78.61386;80.00000;20.00000;0.72763;2
287.32199; 56.38667;      -1.89596; 78.59079;80.00000;20.00000;0.72758;2
287.42700; 56.39667;      -1.89659; 78.56580;80.00000;20.00000;0.72753;2
287.51501; 56.40667;      -1.89771; 78.53793;80.00000;20.00000;0.72749;2
287.61600; 56.41667;      -1.89945; 78.51101;80.00000;20.00000;0.72744;2
287.71100; 56.42667;      -1.90058; 78.49083;80.00000;20.00000;0.72739;2
287.81900; 56.43667;      -1.90111; 78.47641;80.00000;20.00000;0.72734;2
287.91800; 56.44667;      -1.90214; 78.45431;80.00000;20.00000;0.72729;2
288.01901; 56.45667;      -1.90338; 78.42836;80.00000;20.00000;0.72724;2
288.12799; 56.46667;      -1.90463; 78.41682;80.00000;20.00000;0.72719;2
288.21799; 56.47667;      -1.90534; 78.39280;80.00000;20.00000;0.72715;2
288.32501; 56.48667;      -1.90598; 78.37165;80.00000;20.00000;0.72710;2
288.41699; 56.49667;      -1.90700; 78.34666;80.00000;20.00000;0.72705;2
288.52100; 56.50667;      -1.90824; 78.31879;80.00000;20.00000;0.72700;2
288.60501; 56.51667;      -1.90906; 78.30053;80.00000;20.00000;0.72696;2
288.72101; 56.52667;      -1.91041; 78.27265;80.00000;20.00000;0.72691;2
288.81000; 56.53667;      -1.91103; 78.25439;80.00000;20.00000;0.72687;2
288.91501; 56.54667;      -1.91106; 78.22652;80.00000;20.00000;0.72682;2
289.01099; 56.55667;      -1.91269; 78.19961;80.00000;20.00000;0.72677;2
289.11600; 56.56667;      -1.91303; 78.17942;80.00000;20.00000;0.72672;2
289.21301; 56.57667;      -1.91416; 78.16116;80.00000;20.00000;0.72667;2
289.31400; 56.58667;      -1.91499; 78.13233;80.00000;20.00000;0.72663;2
289.42099; 56.59667;      -1.91594; 78.10638;80.00000;20.00000;0.72657;2
289.51199; 56.60667;      -1.91706; 78.08235;80.00000;20.00000;0.72653;2
289.62201; 56.61667;      -1.91831; 78.05736;80.00000;20.00000;0.72648;2
289.71100; 56.62667;      -1.91913; 78.03237;80.00000;20.00000;0.72644;2
289.82001; 56.63667;      -1.91987; 78.01411;80.00000;20.00000;0.72638;2
289.91000; 56.64667;      -1.92049; 77.99489;80.00000;20.00000;0.72634;2
290.02100; 56.65667;      -1.92124; 77.97470;80.00000;20.00000;0.72629;2
290.11499; 56.66667;      -1.92236; 77.96029;80.00000;20.00000;0.72624;2
290.22101; 56.67667;      -1.92401; 77.92953;80.00000;20.00000;0.72619;2
290.31900; 56.68667;      -1.92464; 77.91127;80.00000;20.00000;0.72614;2
290.42300; 56.69667;      -1.92579; 77.89205;80.00000;20.00000;0.72609;2
290.51300; 56.70667;      -1.92752; 77.86417;80.00000;20.00000;0.72605;2
290.61200; 56.71667;      -1.92865; 77.84495;80.00000;20.00000;0.72600;2
290.70700; 56.72667;      -1.92948; 77.81708;80.00000;20.00000;0.72596;2
290.81400; 56.73667;      -1.93032; 77.79882;80.00000;20.00000;0.72591;2
290.92401; 56.74667;      -1.93127; 77.77863;80.00000;20.00000;0.72585;2
291.01999; 56.75667;      -1.93220; 77.75172;80.00000;20.00000;0.72581;2
291.10501; 56.76667;      -1.93241; 77.72289;80.00000;20.00000;0.72577;2
291.21301; 56.77667;      -1.93225; 77.70462;80.00000;20.00000;0.72572;2
291.30801; 56.78667;      -1.93358; 77.67579;80.00000;20.00000;0.72567;2
291.41199; 56.79667;      -1.93452; 77.65657;80.00000;20.00000;0.72562;2
291.52301; 56.80667;      -1.93567; 77.63638;80.00000;20.00000;0.72557;2
291.61200; 56.81667;      -1.93660; 77.60851;80.00000;20.00000;0.72553;2
291.72101; 56.82667;      -1.93734; 77.58929;80.00000;20.00000;0.72547;2
291.81299; 56.83667;      -1.93746; 77.56238;80.00000;20.00000;0.72543;2
291.90900; 56.84667;      -1.93829; 77.54027;80.00000;20.00000;0.72538;2
292.01901; 56.85667;      -1.93904; 77.51432;80.00000;20.00000;0.72533;2
292.10800; 56.86667;      -1.93956; 77.48933;80.00000;20.00000;0.72529;2
292.20499; 56.87667;      -1.94089; 77.46434;80.00000;20.00000;0.72524;2
292.31100; 56.88667;      -1.94164; 77.43551;80.00000;20.00000;0.72519;2
292.41400; 56.89667;      -1.94308; 77.41629;80.00000;20.00000;0.72514;2
292.50699; 56.90667;      -1.94351; 77.39706;80.00000;20.00000;0.72510;2
292.60199; 56.91667;      -1.94434; 77.36919;80.00000;20.00000;0.72505;2
292.70700; 56.92667;      -1.94548; 77.35862;80.00000;20.00000;0.72500;2
292.81000; 56.93667;      -1.94653; 77.33074;80.00000;20.00000;0.72495;2
292.91400; 56.94667;      -1.94716; 77.30672;80.00000;20.00000;0.72490;2
293.02301; 56.95667;      -1.94781; 77.29230;80.00000;20.00000;0.72485;2
293.11301; 56.96667;      -1.94904; 77.26443;80.00000;20.00000;0.72481;2
293.20599; 56.97667;      -1.95128; 77.24424;80.00000;20.00000;0.72476;2
293.31201; 56.98667;      -1.95112; 77.21733;80.00000;20.00000;0.72471;2
293.40900; 56.99667;      -1.95134; 77.19715;80.00000;20.00000;0.72466;2
293.51099; 57.00667;      -1.95198; 77.17408;80.00000;20.00000;0.72461;2
293.61301; 57.01667;      -1.95323; 77.15101;80.00000;20.00000;0.72457;2
293.71399; 57.02667;      -1.95447; 77.12698;80.00000;20.00000;0.72452;2
293.81100; 57.03667;      -1.95591; 77.10488;80.00000;20.00000;0.72447;2
293.90201; 57.04667;      -1.95583; 77.08181;80.00000;20.00000;0.72443;2
294.00000; 57.05667;      -1.95606; 77.06067;80.00000;20.00000;0.72438;2
294.09900; 57.06667;      -1.95730; 77.04144;80.00000;20.00000;0.72433;2
294.20300; 57.07667;      -1.95754; 77.01357;80.00000;20.00000;0.72428;2
294.31400; 57.08667;      -1.95900; 76.99531;80.00000;20.00000;0.72423;2
294.39301; 57.09667;      -1.96001; 76.96744;80.00000;20.00000;0.72419;2
294.50201; 57.10667;      -1.96106; 76.94149;80.00000;20.00000;0.72414;2
294.60300; 57.11667;      -1.96190; 76.92515;80.00000;20.00000;0.72409;2
294.70200; 57.12667;      -1.96264; 76.90400;80.00000;20.00000;0.72404;2
294.79700; 57.13667;      -1.96388; 76.88093;80.00000;20.00000;0.72400;2
294.89899; 57.14667;      -1.96431; 76.86460;80.00000;20.00000;0.72395;2
295.00101; 57.15667;      -1.96536; 76.83192;80.00000;20.00000;0.72390;2
295.10599; 57.16667;      -1.96631; 76.81366;80.00000;20.00000;0.72385;2
295.20099; 57.17667;      -1.96663; 76.78674;80.00000;20.00000;0.72380;2
295.30099; 57.18667;      -1.96727; 76.76656;80.00000;20.00000;0.72375;2
295.39200; 57.19667;      -1.96830; 76.74734;80.00000;20.00000;0.72371;2
295.50101; 57.20667;      -1.96935; 76.71850;80.00000;20.00000;0.72366;2
295.60001; 57.21667;      -1.97090; 76.69255;80.00000;20.00000;0.72361;2
295.71201; 57.22667;      -1.97237; 76.67141;80.00000;20.00000;0.72356;2
295.79199; 57.23667;      -1.97338; 76.64450;80.00000;20.00000;0.72352;2
295.89899; 57.24667;      -1.97363; 76.62335;80.00000;20.00000;0.72347;2
296.00601; 57.25667;      -1.97397; 76.60413;80.00000;20.00000;0.72342;2
296.10300; 57.26667;      -1.97541; 76.58202;80.00000;20.00000;0.72337;2
296.20401; 57.27667;      -1.97595; 76.55799;80.00000;20.00000;0.72332;2
296.29501; 57.28667;      -1.97688; 76.53685;80.00000;20.00000;0.72328;2
296.39301; 57.29667;      -1.97772; 76.51763;80.00000;20.00000;0.72323;2
296.49799; 57.30667;      -1.97806; 76.49552;80.00000;20.00000;0.72318;2
296.59201; 57.31667;      -1.97829; 76.47149;80.00000;20.00000;0.72313;2
296.69800; 57.32667;      -1.97914; 76.45035;80.00000;20.00000;0.72308;2
296.80499; 57.33667;      -1.98039; 76.42344;80.00000;20.00000;0.72303;2
296.89099; 57.34667;      -1.98091; 76.40229;80.00000;20.00000;0.72299;2
296.99399; 57.35667;      -1.98166; 76.38307;80.00000;20.00000;0.72294;2
297.09299; 57.36667;      -1.98189; 76.36096;80.00000;20.00000;0.72289;2
297.19699; 57.37667;      -1.98436; 76.33693;80.00000;20.00000;0.72284;2
297.29501; 57.38667;      -1.98449; 76.31579;80.00000;20.00000;0.72280;2
297.38300; 57.39667;      -1.98582; 76.28696;80.00000;20.00000;0.72275;2
297.50101; 57.40667;      -1.98669; 76.27927;80.00000;20.00000;0.72270;2
297.58499; 57.41667;      -1.98781; 76.24851;80.00000;20.00000;0.72266;2
297.69199; 57.42667;      -1.98897; 76.22640;80.00000;20.00000;0.72260;2
297.78699; 57.43667;      -1.98859; 76.20045;80.00000;20.00000;0.72256;2
297.88599; 57.44667;      -1.99024; 76.17162;80.00000;20.00000;0.72251;2
298.00101; 57.45667;      -1.99202; 76.15240;80.00000;20.00000;0.72246;2
298.09100; 57.46667;      -1.99224; 76.12356;80.00000;20.00000;0.72241;2
298.18600; 57.47667;      -1.99298; 76.10434;80.00000;20.00000;0.72237;2
298.29199; 57.48667;      -1.99423; 76.08223;80.00000;20.00000;0.72232;2
298.39801; 57.49667;      -1.99468; 76.05821;80.00000;20.00000;0.72226;2
298.49200; 57.50667;      -1.99501; 76.03706;80.00000;20.00000;0.72222;2
298.59201; 57.51667;      -1.99646; 76.02264;80.00000;20.00000;0.72217;2
298.69101; 57.52667;      -1.99669; 75.99958;80.00000;20.00000;0.72212;2
298.78799; 57.53667;      -1.99804; 75.97939;80.00000;20.00000;0.72208;2
298.88599; 57.54667;      -1.99898; 75.95056;80.00000;20.00000;0.72203;2
298.98801; 57.55667;      -2.00044; 75.93134;80.00000;20.00000;0.72198;2
299.08200; 57.56667;      -2.00118; 75.90250;80.00000;20.00000;0.72194;2
299.19299; 57.57667;      -2.00193; 75.88328;80.00000;20.00000;0.72188;2
299.29300; 57.58667;      -2.00298; 75.85445;80.00000;20.00000;0.72183;2
299.38800; 57.59667;      -2.00290; 75.83811;80.00000;20.00000;0.72179;2
299.48300; 57.60667;      -2.00364; 75.81408;80.00000;20.00000;0.72174;2
299.58701; 57.61667;      -2.00419; 75.78621;80.00000;20.00000;0.72169;2
299.68201; 57.62667;      -2.00462; 75.76410;80.00000;20.00000;0.72165;2
299.78900; 57.63667;      -2.00669; 75.74392;80.00000;20.00000;0.72159;2
299.88199; 57.64667;      -2.00743; 75.72469;80.00000;20.00000;0.72155;2
299.97800; 57.65667;      -2.00715; 75.70259;80.00000;20.00000;0.72150;2
300.07101; 57.66667;      -2.00900; 75.67664;80.00000;20.00000;0.72146;2
300.18500; 57.67667;      -2.01007; 75.66222;80.00000;20.00000;0.72140;2
300.28601; 57.68667;      -2.01041; 75.63819;80.00000;20.00000;0.72136;2
300.38300; 57.69667;      -2.01115; 75.61897;80.00000;20.00000;0.72131;2
300.48199; 57.70667;      -2.01260; 75.59879;80.00000;20.00000;0.72126;2
300.57700; 57.71667;      -2.01355; 75.57572;80.00000;20.00000;0.72121;2
300.67599; 57.72667;      -2.01470; 75.55265;80.00000;20.00000;0.72117;2
300.77301; 57.73667;      -2.01554; 75.53343;80.00000;20.00000;0.72112;2
300.88699; 57.74667;      -2.01610; 75.51324;80.00000;20.00000;0.72107;2
300.98199; 57.75667;      -2.01602; 75.48537;80.00000;20.00000;0.72102;2
301.09500; 57.76667;      -2.01770; 75.46519;80.00000;20.00000;0.72096;2
301.17801; 57.77667;      -2.01842; 75.44212;80.00000;20.00000;0.72092;2
301.27200; 57.78667;      -2.01865; 75.41905;80.00000;20.00000;0.72088;2
301.37601; 57.79667;      -2.02042; 75.39983;80.00000;20.00000;0.72083;2
301.47699; 57.80667;      -2.02147; 75.37965;80.00000;20.00000;0.72078;2
301.58099; 57.81667;      -2.02233; 75.35658;80.00000;20.00000;0.72073;2
301.68100; 57.82667;      -2.02338; 75.33351;80.00000;20.00000;0.72068;2
301.78500; 57.83667;      -2.02403; 75.31333;80.00000;20.00000;0.72063;2
301.87701; 57.84667;      -2.02476; 75.28450;80.00000;20.00000;0.72059;2
301.96899; 57.85667;      -2.02560; 75.26527;80.00000;20.00000;0.72054;2
302.07199; 57.86667;      -2.02716; 75.23740;80.00000;20.00000;0.72049;2
302.17599; 57.87667;      -2.02761; 75.21818;80.00000;20.00000;0.72044;2
302.27600; 57.88667;      -2.02815; 75.19799;80.00000;20.00000;0.72039;2
302.37399; 57.89667;      -2.02849; 75.17012;80.00000;20.00000;0.72035;2
302.46899; 57.90667;      -2.03035; 75.14129;80.00000;20.00000;0.72030;2
302.57700; 57.91667;      -2.03040; 75.12687;80.00000;20.00000;0.72025;2
302.67099; 57.92667;      -2.03134; 75.09515;80.00000;20.00000;0.72020;2
302.76599; 57.93667;      -2.03289; 75.07497;80.00000;20.00000;0.72016;2
302.87500; 57.94667;      -2.03325; 75.05478;80.00000;20.00000;0.72011;2
302.97299; 57.95667;      -2.03379; 75.03172;80.00000;20.00000;0.72006;2
303.07501; 57.96667;      -2.03474; 75.00769;80.00000;20.00000;0.72001;2
303.18100; 57.97667;      -2.03529; 74.98366;80.00000;20.00000;0.71996;2
303.26999; 57.98667;      -2.03623; 74.96059;80.00000;20.00000;0.71991;2
303.36899; 57.99667;      -2.03759; 74.94137;80.00000;20.00000;0.71987;2
303.46701; 58.00667;      -2.03854; 74.91254;80.00000;20.00000;0.71982;2
303.57599; 58.01667;      -2.03940; 74.89331;80.00000;20.00000;0.71977;2
303.67099; 58.02667;      -2.03932; 74.86448;80.00000;20.00000;0.71972;2
303.76801; 58.03667;      -2.04017; 74.84526;80.00000;20.00000;0.71967;2
303.86700; 58.04667;      -2.04122; 74.82507;80.00000;20.00000;0.71963;2
303.97400; 58.05667;      -2.04259; 74.79816;80.00000;20.00000;0.71957;2
304.06601; 58.06667;      -2.04333; 74.77798;80.00000;20.00000;0.71953;2
304.17200; 58.07667;      -2.04368; 74.75011;80.00000;20.00000;0.71948;2
304.26501; 58.08667;      -2.04442; 74.72704;80.00000;20.00000;0.71943;2
304.36801; 58.09667;      -2.04558; 74.70397;80.00000;20.00000;0.71938;2
304.46600; 58.10667;      -2.04755; 74.68090;80.00000;20.00000;0.71934;2
304.56900; 58.11667;      -2.04892; 74.65591;80.00000;20.00000;0.71929;2
304.66699; 58.12667;      -2.04864; 74.64246;80.00000;20.00000;0.71924;2
304.76999; 58.13667;      -2.04919; 74.61074;80.00000;20.00000;0.71919;2
304.86301; 58.14667;      -2.05024; 74.59440;80.00000;20.00000;0.71914;2
304.96399; 58.15667;      -2.05130; 74.57326;80.00000;20.00000;0.71910;2
305.05600; 58.16667;      -2.05163; 74.54635;80.00000;20.00000;0.71905;2
305.16800; 58.17667;      -2.05300; 74.52520;80.00000;20.00000;0.71900;2
305.25800; 58.18667;      -2.05343; 74.49925;80.00000;20.00000;0.71895;2
305.35300; 58.19667;      -2.05336; 74.47811;80.00000;20.00000;0.71891;2
305.46201; 58.20667;      -2.05433; 74.45888;80.00000;20.00000;0.71885;2
305.55499; 58.21667;      -2.05517; 74.43005;80.00000;20.00000;0.71881;2
305.66599; 58.22667;      -2.05584; 74.40314;80.00000;20.00000;0.71876;2
305.75900; 58.23667;      -2.05729; 74.38295;80.00000;20.00000;0.71871;2
305.86099; 58.24667;      -2.05825; 74.35604;80.00000;20.00000;0.71866;2
305.95801; 58.25667;      -2.05899; 74.33586;80.00000;20.00000;0.71861;2
306.05899; 58.26667;      -2.06005; 74.31664;80.00000;20.00000;0.71857;2
306.15399; 58.27667;      -2.06090; 74.29453;80.00000;20.00000;0.71852;2
306.25699; 58.28667;      -2.06176; 74.27050;80.00000;20.00000;0.71847;2
306.35199; 58.29667;      -2.06220; 74.25032;80.00000;20.00000;0.71842;2
306.45700; 58.30667;      -2.06306; 74.22148;80.00000;20.00000;0.71837;2
306.55099; 58.31667;      -2.06380; 74.20803;80.00000;20.00000;0.71833;2
306.64499; 58.32667;      -2.06373; 74.17535;80.00000;20.00000;0.71828;2
306.75201; 58.33667;      -2.06530; 74.15420;80.00000;20.00000;0.71823;2
306.84900; 58.34667;      -2.06595; 74.12825;80.00000;20.00000;0.71818;2
306.94699; 58.35667;      -2.06629; 74.10711;80.00000;20.00000;0.71814;2
307.05399; 58.36667;      -2.06756; 74.08789;80.00000;20.00000;0.71808;2
307.15302; 58.37667;      -2.06893; 74.05905;80.00000;20.00000;0.71804;2
307.25400; 58.38667;      -2.06927; 74.04079;80.00000;20.00000;0.71799;2
307.34698; 58.39667;      -2.06940; 74.01965;80.00000;20.00000;0.71794;2
307.45401; 58.40667;      -2.07088; 73.99562;80.00000;20.00000;0.71789;2
307.54001; 58.41667;      -2.07182; 73.97543;80.00000;20.00000;0.71785;2
307.64999; 58.42667;      -2.07320; 73.95044;80.00000;20.00000;0.71780;2
307.75101; 58.43667;      -2.07354; 73.92930;80.00000;20.00000;0.71775;2
307.85101; 58.44667;      -2.07409; 73.90431;80.00000;20.00000;0.71770;2
307.95599; 58.45667;      -2.07424; 73.88316;80.00000;20.00000;0.71765;2
308.05801; 58.46667;      -2.07479; 73.86010;80.00000;20.00000;0.71760;2
308.16101; 58.47667;      -2.07626; 73.83991;80.00000;20.00000;0.71755;2
308.24301; 58.48667;      -2.07740; 73.81300;80.00000;20.00000;0.71751;2
308.34299; 58.49667;      -2.07805; 73.79955;80.00000;20.00000;0.71746;2
308.44000; 58.50667;      -2.07931; 73.77456;80.00000;20.00000;0.71741;2
308.54901; 58.51667;      -2.08028; 73.75245;80.00000;20.00000;0.71736;2
308.64899; 58.52667;      -2.08144; 73.72746;80.00000;20.00000;0.71731;2
308.75500; 58.53667;      -2.08170; 73.70536;80.00000;20.00000;0.71726;2
308.84500; 58.54667;      -2.08193; 73.68037;80.00000;20.00000;0.71722;2
308.94601; 58.55667;      -2.08299; 73.66787;80.00000;20.00000;0.71717;2
309.03799; 58.56667;      -2.08414; 73.64577;80.00000;20.00000;0.71712;2
309.14700; 58.57667;      -2.08460; 73.61693;80.00000;20.00000;0.71707;2
309.25101; 58.58667;      -2.08546; 73.60059;80.00000;20.00000;0.71702;2
309.35400; 58.59667;      -2.08612; 73.58137;80.00000;20.00000;0.71697;2
309.45001; 58.60667;      -2.08738; 73.55350;80.00000;20.00000;0.71692;2
309.55200; 58.61667;      -2.08793; 73.52370;80.00000;20.00000;0.71687;2
309.64301; 58.62667;      -2.08847; 73.50448;80.00000;20.00000;0.71683;2
309.73999; 58.63667;      -2.08871; 73.47949;80.00000;20.00000;0.71678;2
309.84299; 58.64667;      -2.08916; 73.44777;80.00000;20.00000;0.71673;2
309.94199; 58.65667;      -2.09002; 73.41702;80.00000;20.00000;0.71668;2
310.04199; 58.66667;      -2.09108; 73.37473;80.00000;20.00000;0.71663;2
310.14001; 58.67667;      -2.09194; 73.36223;80.00000;20.00000;0.71659;2
310.24701; 58.68667;      -2.09301; 73.33628;80.00000;20.00000;0.71654;2
310.33899; 58.69667;      -2.09304; 73.31321;80.00000;20.00000;0.71649;2
310.43900; 58.70667;      -2.09410; 73.29880;80.00000;20.00000;0.71644;2
310.54401; 58.71667;      -2.09497; 73.29111;80.00000;20.00000;0.71639;2
310.64499; 58.72667;      -2.09501; 73.27765;80.00000;20.00000;0.71634;2
310.74500; 58.73667;      -2.09638; 73.24978;80.00000;20.00000;0.71629;2
310.84000; 58.74667;      -2.09713; 73.22671;80.00000;20.00000;0.71625;2
310.93399; 58.75667;      -2.09757; 73.20653;80.00000;20.00000;0.71620;2
311.04099; 58.76667;      -2.09823; 73.17769;80.00000;20.00000;0.71615;2
311.13699; 58.77667;      -2.09898; 73.16328;80.00000;20.00000;0.71610;2
311.24100; 58.78667;      -2.09985; 73.13925;80.00000;20.00000;0.71605;2
311.34500; 58.79667;      -2.10041; 73.11522;80.00000;20.00000;0.71600;2
311.43201; 58.80667;      -2.10125; 73.09984;80.00000;20.00000;0.71596;2
311.53601; 58.81667;      -2.10181; 73.07197;80.00000;20.00000;0.71591;2
311.62900; 58.82667;      -2.10245; 73.05275;80.00000;20.00000;0.71586;2
311.73099; 58.83667;      -2.10270; 73.03449;80.00000;20.00000;0.71581;2
311.82999; 58.84667;      -2.10376; 73.00565;80.00000;20.00000;0.71577;2
311.94299; 58.85667;      -2.10423; 72.99123;80.00000;20.00000;0.71571;2
312.03400; 58.86667;      -2.10508; 72.96721;80.00000;20.00000;0.71567;2
312.12500; 58.87667;      -2.10592; 72.94318;80.00000;20.00000;0.71562;2
312.23300; 58.88667;      -2.10680; 72.92011;80.00000;20.00000;0.71557;2
312.33701; 58.89667;      -2.10777; 72.89608;80.00000;20.00000;0.71552;2
312.43600; 58.90667;      -2.10842; 72.87302;80.00000;20.00000;0.71547;2
312.54001; 58.91667;      -2.10898; 72.85283;80.00000;20.00000;0.71542;2
312.63501; 58.92667;      -2.10911; 72.82496;80.00000;20.00000;0.71538;2
312.72800; 58.93667;      -2.11027; 72.80574;80.00000;20.00000;0.71533;2
312.82501; 58.94667;      -2.11174; 72.77690;80.00000;20.00000;0.71528;2
312.92801; 58.95667;      -2.11261; 72.76441;80.00000;20.00000;0.71523;2
313.03201; 58.96667;      -2.11296; 72.75480;80.00000;20.00000;0.71518;2
313.13300; 58.97667;      -2.11332; 72.73365;80.00000;20.00000;0.71513;2
313.23199; 58.98667;      -2.11387; 72.71058;80.00000;20.00000;0.71509;2
313.32599; 58.99667;      -2.11503; 72.68367;80.00000;20.00000;0.71504;2
313.42499; 59.00667;      -2.11599; 72.65868;80.00000;20.00000;0.71499;2
313.52701; 59.01667;      -2.11706; 72.61735;80.00000;20.00000;0.71494;2
313.63199; 59.02667;      -2.11844; 72.58275;80.00000;20.00000;0.71489;2
313.73001; 59.03667;      -2.11920; 72.55584;80.00000;20.00000;0.71484;2
313.82501; 59.04667;      -2.11954; 72.52605;80.00000;20.00000;0.71480;2
313.93301; 59.05667;      -2.11949; 72.49817;80.00000;20.00000;0.71474;2
314.02301; 59.06667;      -2.12034; 72.47222;80.00000;20.00000;0.71470;2
314.12601; 59.07667;      -2.12121; 72.43666;80.00000;20.00000;0.71465;2
314.21701; 59.08667;      -2.12196; 72.41071;80.00000;20.00000;0.71461;2
314.32401; 59.09667;      -2.12273; 72.38284;80.00000;20.00000;0.71455;2
314.42200; 59.10667;      -2.12379; 72.35400;80.00000;20.00000;0.71451;2
314.52600; 59.11667;      -2.12456; 72.32613;80.00000;20.00000;0.71446;2
314.62900; 59.12667;      -2.12522; 72.30403;80.00000;20.00000;0.71441;2
314.72400; 59.13667;      -2.12638; 72.28000;80.00000;20.00000;0.71436;2
314.81799; 59.14667;      -2.12703; 72.25116;80.00000;20.00000;0.71431;2
314.92300; 59.15667;      -2.12801; 72.23386;80.00000;20.00000;0.71426;2
315.01901; 59.16667;      -2.12866; 72.20503;80.00000;20.00000;0.71422;2
315.11600; 59.17667;      -2.12931; 72.18004;80.00000;20.00000;0.71417;2
315.22400; 59.18667;      -2.13019; 72.15601;80.00000;20.00000;0.71412;2
315.31900; 59.19667;      -2.13125; 72.13198;80.00000;20.00000;0.71407;2
315.41901; 59.20667;      -2.13191; 72.11180;80.00000;20.00000;0.71402;2
315.51099; 59.21667;      -2.13297; 72.09258;80.00000;20.00000;0.71398;2
315.61401; 59.22667;      -2.13343; 72.07143;80.00000;20.00000;0.71393;2
315.71500; 59.23667;      -2.13419; 72.04836;80.00000;20.00000;0.71388;2
315.82001; 59.24667;      -2.13465; 72.03395;80.00000;20.00000;0.71383;2
315.90799; 59.25667;      -2.13488; 72.00896;80.00000;20.00000;0.71378;2
316.01099; 59.26667;      -2.13585; 71.98685;80.00000;20.00000;0.71373;2
316.11801; 59.27667;      -2.13652; 71.96378;80.00000;20.00000;0.71368;2
316.21100; 59.28667;      -2.13738; 71.94264;80.00000;20.00000;0.71363;2
316.31601; 59.29667;      -2.13887; 71.92342;80.00000;20.00000;0.71358;2
316.40900; 59.30667;      -2.14003; 71.90131;80.00000;20.00000;0.71354;2
316.51199; 59.31667;      -2.14049; 71.87536;80.00000;20.00000;0.71349;2
316.62000; 59.32667;      -2.14147; 71.85325;80.00000;20.00000;0.71344;2
316.70801; 59.33667;      -2.14201; 71.82730;80.00000;20.00000;0.71339;2
316.80801; 59.34667;      -2.14298; 71.80520;80.00000;20.00000;0.71334;2
316.90100; 59.35667;      -2.14373; 71.77925;80.00000;20.00000;0.71330;2
317.00400; 59.36667;      -2.14460; 71.75714;80.00000;20.00000;0.71325;2
317.11200; 59.37667;      -2.14610; 71.73311;80.00000;20.00000;0.71320;2
317.20700; 59.38667;      -2.14593; 71.71197;80.00000;20.00000;0.71315;2
317.30399; 59.39667;      -2.14586; 71.68506;80.00000;20.00000;0.71310;2
317.39899; 59.40667;      -2.14724; 71.66391;80.00000;20.00000;0.71306;2
317.50699; 59.41667;      -2.14822; 71.64469;80.00000;20.00000;0.71300;2
317.60400; 59.42667;      -2.14898; 71.61585;80.00000;20.00000;0.71296;2
317.70200; 59.43667;      -2.14995; 71.59279;80.00000;20.00000;0.71291;2
317.80301; 59.44667;      -2.15112; 71.56780;80.00000;20.00000;0.71286;2
317.90500; 59.45667;      -2.15055; 71.53704;80.00000;20.00000;0.71281;2
318.00000; 59.46667;      -2.15090; 71.50821;80.00000;20.00000;0.71276;2
318.09698; 59.47667;      -2.15197; 71.47937;80.00000;20.00000;0.71272;2
318.20801; 59.48667;      -2.15285; 71.45054;80.00000;20.00000;0.71266;2
318.30200; 59.49667;      -2.15433; 71.42171;80.00000;20.00000;0.71262;2
318.41000; 59.50667;      -2.15480; 71.39287;80.00000;20.00000;0.71256;2
318.50500; 59.51667;      -2.15483; 71.36404;80.00000;20.00000;0.71252;2
318.60999; 59.52667;      -2.15561; 71.33520;80.00000;20.00000;0.71246;2
318.69400; 59.53667;      -2.15594; 71.30541;80.00000;20.00000;0.71242;2
318.80701; 59.54667;      -2.15744; 71.27369;80.00000;20.00000;0.71237;2
318.90601; 59.55667;      -2.15790; 71.24582;80.00000;20.00000;0.71232;2
319.00201; 59.56667;      -2.15907; 71.21795;80.00000;20.00000;0.71227;2
319.10501; 59.57667;      -2.15943; 71.18815;80.00000;20.00000;0.71222;2
319.20599; 59.58667;      -2.15988; 71.15932;80.00000;20.00000;0.71217;2
319.29099; 59.59667;      -2.16073; 71.13048;80.00000;20.00000;0.71213;2
319.39999; 59.60667;      -2.16069; 71.10165;80.00000;20.00000;0.71208;2
319.49100; 59.61667;      -2.16164; 71.07762;80.00000;20.00000;0.71203;2
319.60300; 59.62667;      -2.16243; 71.05359;80.00000;20.00000;0.71198;2
319.70200; 59.63667;      -2.16268; 71.02188;80.00000;20.00000;0.71193;2
319.80399; 59.64667;      -2.16376; 70.99689;80.00000;20.00000;0.71188;2
319.88400; 59.65667;      -2.16429; 70.97478;80.00000;20.00000;0.71184;2
319.99301; 59.66667;      -2.16496; 70.95171;80.00000;20.00000;0.71179;2
320.08600; 59.67667;      -2.16490; 70.92961;80.00000;20.00000;0.71174;2
320.18399; 59.68667;      -2.16515; 70.90462;80.00000;20.00000;0.71170;2
320.29199; 59.69667;      -2.16592; 70.87867;80.00000;20.00000;0.71164;2
320.39401; 59.70667;      -2.16731; 70.85272;80.00000;20.00000;0.71159;2
320.48599; 59.71667;      -2.16786; 70.82484;80.00000;20.00000;0.71155;2
320.58401; 59.72667;      -2.16842; 70.79697;80.00000;20.00000;0.71150;2
320.68900; 59.73667;      -2.16940; 70.76045;80.00000;20.00000;0.71145;2
320.78400; 59.74667;      -2.17047; 70.73642;80.00000;20.00000;0.71140;2
320.89499; 59.75667;      -2.17012; 70.69509;80.00000;20.00000;0.71135;2
320.98599; 59.76667;      -2.17046; 70.66722;80.00000;20.00000;0.71130;2
321.08701; 59.77667;      -2.17061; 70.63262;80.00000;20.00000;0.71126;2
321.18900; 59.78667;      -2.17138; 70.59129;80.00000;20.00000;0.71121;2
321.28299; 59.79667;      -2.17204; 70.56342;80.00000;20.00000;0.71116;2
321.38599; 59.80667;      -2.17312; 70.53843;80.00000;20.00000;0.71111;2
321.48099; 59.81667;      -2.17398; 70.50767;80.00000;20.00000;0.71106;2
321.59201; 59.82667;      -2.17456; 70.48172;80.00000;20.00000;0.71101;2
321.68301; 59.83667;      -2.17491; 70.45289;80.00000;20.00000;0.71096;2
321.79300; 59.84667;      -2.17590; 70.42790;80.00000;20.00000;0.71091;2
321.88400; 59.85667;      -2.17727; 70.40387;80.00000;20.00000;0.71087;2
321.98300; 59.86667;      -2.17762; 70.38561;80.00000;20.00000;0.71082;2
322.09000; 59.87667;      -2.17799; 70.36927;80.00000;20.00000;0.71076;2
322.18301; 59.88667;      -2.17875; 70.34716;80.00000;20.00000;0.71072;2
322.28500; 59.89667;      -2.17952; 70.30775;80.00000;20.00000;0.71067;2
322.39099; 59.90667;      -2.17958; 70.27508;80.00000;20.00000;0.71062;2
322.48300; 59.91667;      -2.17961; 70.22221;80.00000;20.00000;0.71057;2
322.58600; 59.92667;      -2.18131; 70.17992;80.00000;20.00000;0.71052;2
322.68500; 59.93667;      -2.18167; 70.15397;80.00000;20.00000;0.71047;2
322.77899; 59.94667;      -2.18191; 70.13475;80.00000;20.00000;0.71043;2
322.88400; 59.95667;      -2.18135; 70.10976;80.00000;20.00000;0.71038;2
322.98001; 59.96667;      -2.18273; 70.10592;80.00000;20.00000;0.71033;2
323.08301; 59.97667;      -2.18371; 70.08766;80.00000;20.00000;0.71028;2
323.17700; 59.98667;      -2.18416; 70.05882;80.00000;20.00000;0.71023;2
323.27100; 59.99667;      -2.18503; 70.03479;80.00000;20.00000;0.71019;2
323.38300; 60.00667;      -2.18613; 70.01076;80.00000;20.00000;0.71013;2
323.48001; 60.01667;      -2.18627; 69.98193;80.00000;20.00000;0.71008;2
323.57800; 60.02667;      -2.18632; 69.95310;80.00000;20.00000;0.71004;2
323.67099; 60.03667;      -2.18687; 69.92330;80.00000;20.00000;0.70999;2
323.78101; 60.04667;      -2.18817; 69.89062;80.00000;20.00000;0.70994;2
323.86899; 60.05667;      -2.18851; 69.84737;80.00000;20.00000;0.70989;2
323.96899; 60.06667;      -2.18804; 69.81373;80.00000;20.00000;0.70985;2
324.08099; 60.07667;      -2.18842; 69.77144;80.00000;20.00000;0.70979;2
324.17200; 60.08667;      -2.18928; 69.73396;80.00000;20.00000;0.70975;2
324.27100; 60.09667;      -2.18964; 69.69455;80.00000;20.00000;0.70970;2
324.36499; 60.10667;      -2.19071; 69.65803;80.00000;20.00000;0.70965;2
324.47501; 60.11667;      -2.19108; 69.62343;80.00000;20.00000;0.70960;2
324.56601; 60.12667;      -2.19111; 69.58787;80.00000;20.00000;0.70955;2
324.67200; 60.13667;      -2.19148; 69.55230;80.00000;20.00000;0.70950;2
324.77100; 60.14667;      -2.19297; 69.52443;80.00000;20.00000;0.70945;2
324.86700; 60.15667;      -2.19384; 69.48503;80.00000;20.00000;0.70941;2
324.97400; 60.16667;      -2.19421; 69.45811;80.00000;20.00000;0.70935;2
325.07101; 60.17667;      -2.19405; 69.42928;80.00000;20.00000;0.70931;2
325.17099; 60.18667;      -2.19441; 69.40141;80.00000;20.00000;0.70926;2
325.27301; 60.19667;      -2.19611; 69.37257;80.00000;20.00000;0.70921;2
325.36499; 60.20667;      -2.19636; 69.34374;80.00000;20.00000;0.70916;2
325.47198; 60.21667;      -2.19704; 69.31779;80.00000;20.00000;0.70911;2
325.56601; 60.22667;      -2.19801; 69.29376;80.00000;20.00000;0.70906;2
325.66501; 60.23667;      -2.19826; 69.27069;80.00000;20.00000;0.70901;2
325.77100; 60.24667;      -2.19832; 69.23801;80.00000;20.00000;0.70896;2
325.86600; 60.25667;      -2.19888; 69.21399;80.00000;20.00000;0.70892;2
325.96100; 60.26667;      -2.19933; 69.18035;80.00000;20.00000;0.70887;2
326.06299; 60.27667;      -2.20031; 69.15440;80.00000;20.00000;0.70882;2
326.16400; 60.28667;      -2.20098; 69.11595;80.00000;20.00000;0.70877;2
326.25699; 60.29667;      -2.20185; 69.08616;80.00000;20.00000;0.70872;2
326.36700; 60.30667;      -2.20191; 69.05732;80.00000;20.00000;0.70867;2
326.45999; 60.31667;      -2.20247; 69.02080;80.00000;20.00000;0.70863;2
326.55899; 60.32667;      -2.20355; 68.98235;80.00000;20.00000;0.70858;2
326.65201; 60.33667;      -2.20369; 68.94583;80.00000;20.00000;0.70853;2
326.76501; 60.34667;      -2.20407; 68.90739;80.00000;20.00000;0.70848;2
326.85999; 60.35667;      -2.20505; 68.86894;80.00000;20.00000;0.70843;2
326.95200; 60.36667;      -2.20560; 68.83049;80.00000;20.00000;0.70838;2
327.05600; 60.37667;      -2.20555; 68.79205;80.00000;20.00000;0.70833;2
327.16199; 60.38667;      -2.20592; 68.76706;80.00000;20.00000;0.70828;2
327.25299; 60.39667;      -2.20678; 68.73438;80.00000;20.00000;0.70824;2
327.35999; 60.40667;      -2.20778; 68.70555;80.00000;20.00000;0.70818;2
327.45700; 60.41667;      -2.20844; 68.67191;80.00000;20.00000;0.70814;2
327.55399; 60.42667;      -2.20911; 68.63731;80.00000;20.00000;0.70809;2
327.66101; 60.43667;      -2.21010; 68.60367;80.00000;20.00000;0.70804;2
327.75699; 60.44667;      -2.21066; 68.56522;80.00000;20.00000;0.70799;2
327.85300; 60.45667;      -2.21091; 68.52582;80.00000;20.00000;0.70794;2
327.95801; 60.46667;      -2.21170; 68.49506;80.00000;20.00000;0.70789;2
328.06201; 60.47667;      -2.21186; 68.46046;80.00000;20.00000;0.70784;2
328.14600; 60.48667;      -2.21209; 68.42201;80.00000;20.00000;0.70780;2
328.25699; 60.49667;      -2.21298; 68.39222;80.00000;20.00000;0.70774;2
328.35699; 60.50667;      -2.21314; 68.35473;80.00000;20.00000;0.70769;2
328.45001; 60.51667;      -2.21400; 68.31821;80.00000;20.00000;0.70765;2
328.55701; 60.52667;      -2.21427; 68.27688;80.00000;20.00000;0.70760;2
328.65399; 60.53667;      -2.21484; 68.23555;80.00000;20.00000;0.70755;2
328.74100; 60.54667;      -2.21590; 68.20384;80.00000;20.00000;0.70751;2
328.84500; 60.55667;      -2.21668; 68.16251;80.00000;20.00000;0.70746;2
328.95001; 60.56667;      -2.21705; 68.13175;80.00000;20.00000;0.70740;2
329.05200; 60.57667;      -2.21763; 68.09619;80.00000;20.00000;0.70735;2
329.14999; 60.58667;      -2.21715; 68.05582;80.00000;20.00000;0.70731;2
329.25400; 60.59667;      -2.21794; 68.02699;80.00000;20.00000;0.70725;2
329.35199; 60.60667;      -2.21912; 67.99431;80.00000;20.00000;0.70721;2
329.44901; 60.61667;      -2.21948; 67.96067;80.00000;20.00000;0.70716;2
329.54599; 60.62667;      -2.21942; 67.92607;80.00000;20.00000;0.70711;2
329.64700; 60.63667;      -2.21979; 67.88474;80.00000;20.00000;0.70706;2
329.75299; 60.64667;      -2.22047; 67.84726;80.00000;20.00000;0.70701;2
329.85101; 60.65667;      -2.22135; 67.81362;80.00000;20.00000;0.70696;2
329.94501; 60.66667;      -2.22159; 67.77517;80.00000;20.00000;0.70691;2
330.04800; 60.67667;      -2.22165; 67.74249;80.00000;20.00000;0.70686;2
330.14200; 60.68667;      -2.22159; 67.70789;80.00000;20.00000;0.70682;2
330.24200; 60.69667;      -2.22195; 67.67041;80.00000;20.00000;0.70677;2
330.34601; 60.70667;      -2.22252; 67.63869;80.00000;20.00000;0.70672;2
330.44501; 60.71667;      -2.22340; 67.60217;80.00000;20.00000;0.70667;2
330.54999; 60.72667;      -2.22450; 67.56468;80.00000;20.00000;0.70662;2
330.64301; 60.73667;      -2.22454; 67.52528;80.00000;20.00000;0.70657;2
330.74399; 60.74667;      -2.22542; 67.48972;80.00000;20.00000;0.70652;2
330.83499; 60.75667;      -2.22577; 67.45704;80.00000;20.00000;0.70648;2
330.93701; 60.76667;      -2.22603; 67.41859;80.00000;20.00000;0.70643;2
331.03900; 60.77667;      -2.22640; 67.37630;80.00000;20.00000;0.70638;2
331.13901; 60.78667;      -2.22666; 67.34362;80.00000;20.00000;0.70633;2
331.23599; 60.79667;      -2.22670; 67.30518;80.00000;20.00000;0.70628;2
331.34601; 60.80667;      -2.22687; 67.26769;80.00000;20.00000;0.70623;2
331.42899; 60.81667;      -2.22742; 67.22540;80.00000;20.00000;0.70619;2
331.53799; 60.82667;      -2.22842; 67.18696;80.00000;20.00000;0.70613;2
331.63199; 60.83667;      -2.22825; 67.15332;80.00000;20.00000;0.70609;2
331.73700; 60.84667;      -2.22883; 67.11007;80.00000;20.00000;0.70603;2
331.83099; 60.85667;      -2.22950; 67.07258;80.00000;20.00000;0.70599;2
331.93799; 60.86667;      -2.23018; 67.03414;80.00000;20.00000;0.70594;2
332.03299; 60.87667;      -2.23075; 66.99281;80.00000;20.00000;0.70589;2
332.13901; 60.88667;      -2.23029; 66.94668;80.00000;20.00000;0.70584;2
332.23001; 60.89667;      -2.23043; 66.90343;80.00000;20.00000;0.70579;2
332.33401; 60.90667;      -2.23121; 66.86498;80.00000;20.00000;0.70574;2
332.43500; 60.91667;      -2.23127; 66.82461;80.00000;20.00000;0.70569;2
332.53699; 60.92667;      -2.23205; 66.77752;80.00000;20.00000;0.70564;2
332.63901; 60.93667;      -2.23231; 66.73427;80.00000;20.00000;0.70559;2
332.73499; 60.94667;      -2.23246; 66.69198;80.00000;20.00000;0.70554;2
332.82599; 60.95667;      -2.23302; 66.64873;80.00000;20.00000;0.70550;2
332.93301; 60.96667;      -2.23350; 66.60067;80.00000;20.00000;0.70545;2
333.02499; 60.97667;      -2.23437; 66.55453;80.00000;20.00000;0.70540;2
333.12500; 60.98667;      -2.23432; 66.51513;80.00000;20.00000;0.70535;2
333.23001; 60.99667;      -2.23406; 66.47380;80.00000;20.00000;0.70530;2
333.32599; 61.00667;      -2.23463; 66.41902;80.00000;20.00000;0.70525;2
333.42499; 61.01667;      -2.23499; 66.37673;80.00000;20.00000;0.70520;2
333.52600; 61.02667;      -2.23598; 66.33924;80.00000;20.00000;0.70515;2
333.63400; 61.03667;      -2.23646; 66.29022;80.00000;20.00000;0.70510;2
333.72601; 61.04667;      -2.23661; 66.24889;80.00000;20.00000;0.70506;2
333.83200; 61.05667;      -2.23687; 66.20276;80.00000;20.00000;0.70500;2
333.92999; 61.06667;      -2.23713; 66.16335;80.00000;20.00000;0.70496;2
334.03201; 61.07667;      -2.23781; 66.12491;80.00000;20.00000;0.70490;2
334.12100; 61.08667;      -2.23889; 66.08262;80.00000;20.00000;0.70486;2
334.22299; 61.09667;      -2.23863; 66.03360;80.00000;20.00000;0.70481;2
334.33301; 61.10667;      -2.23891; 65.99804;80.00000;20.00000;0.70476;2
334.42300; 61.11667;      -2.24019; 65.95479;80.00000;20.00000;0.70471;2
334.52600; 61.12667;      -2.24035; 65.91154;80.00000;20.00000;0.70466;2
334.62100; 61.13667;      -2.24029; 65.86925;80.00000;20.00000;0.70461;2
334.72800; 61.14667;      -2.24098; 65.82600;80.00000;20.00000;0.70456;2
334.81799; 61.15667;      -2.24081; 65.78563;80.00000;20.00000;0.70452;2
334.91299; 61.16667;      -2.24106; 65.74046;80.00000;20.00000;0.70447;2
335.01901; 61.17667;      -2.24154; 65.69913;80.00000;20.00000;0.70442;2
335.12100; 61.18667;      -2.24201; 65.65203;80.00000;20.00000;0.70437;2
335.21301; 61.19667;      -2.24216; 65.61263;80.00000;20.00000;0.70432;2
335.31400; 61.20667;      -2.24284; 65.56649;80.00000;20.00000;0.70427;2
335.41800; 61.21667;      -2.24279; 65.51843;80.00000;20.00000;0.70422;2
335.51599; 61.22667;      -2.24326; 65.47230;80.00000;20.00000;0.70417;2
335.61899; 61.23667;      -2.24404; 65.43385;80.00000;20.00000;0.70412;2
335.71701; 61.24667;      -2.24493; 65.38484;80.00000;20.00000;0.70407;2
335.80801; 61.25667;      -2.24507; 65.33774;80.00000;20.00000;0.70403;2
335.91800; 61.26667;      -2.24545; 65.29065;80.00000;20.00000;0.70398;2
336.01401; 61.27667;      -2.24623; 65.24259;80.00000;20.00000;0.70393;2
336.12299; 61.28667;      -2.24640; 65.19357;80.00000;20.00000;0.70387;2
336.21600; 61.29667;      -2.24602; 65.14648;80.00000;20.00000;0.70383;2
336.31299; 61.30667;      -2.24628; 65.09842;80.00000;20.00000;0.70378;2
336.42001; 61.31667;      -2.24697; 65.05325;80.00000;20.00000;0.70373;2
336.51801; 61.32667;      -2.24744; 65.00519;80.00000;20.00000;0.70368;2
336.60199; 61.33667;      -2.24809; 64.95713;80.00000;20.00000;0.70364;2
336.71500; 61.34667;      -2.24858; 64.90908;80.00000;20.00000;0.70358;2
336.80701; 61.35667;      -2.24998; 64.86679;80.00000;20.00000;0.70354;2
336.91501; 61.36667;      -2.25015; 64.81873;80.00000;20.00000;0.70348;2
337.01300; 61.37667;      -2.25020; 64.77067;80.00000;20.00000;0.70344;2
337.10400; 61.38667;      -2.25055; 64.72646;80.00000;20.00000;0.70339;2
337.20801; 61.39667;      -2.25071; 64.68417;80.00000;20.00000;0.70334;2
337.29901; 61.40667;      -2.25075; 64.62939;80.00000;20.00000;0.70329;2
337.40701; 61.41667;      -2.25113; 64.58325;80.00000;20.00000;0.70324;2
337.50000; 61.42667;      -2.25170; 64.53424;80.00000;20.00000;0.70320;2
337.60400; 61.43667;      -2.25228; 64.49195;80.00000;20.00000;0.70314;2
337.70300; 61.44667;      -2.25306; 64.44389;80.00000;20.00000;0.70310;2
337.79999; 61.45667;      -2.25311; 64.39583;80.00000;20.00000;0.70305;2
337.89899; 61.46667;      -2.25327; 64.34874;80.00000;20.00000;0.70300;2
338.00601; 61.47667;      -2.25364; 64.30356;80.00000;20.00000;0.70295;2
338.10999; 61.48667;      -2.25412; 64.25455;80.00000;20.00000;0.70289;2
338.19101; 61.49667;      -2.25446; 64.21322;80.00000;20.00000;0.70285;2
338.30200; 61.50667;      -2.25526; 64.16612;80.00000;20.00000;0.70280;2
338.39700; 61.51667;      -2.25541; 64.11710;80.00000;20.00000;0.70275;2
338.50900; 61.52667;      -2.25580; 64.05751;80.00000;20.00000;0.70270;2
338.59900; 61.53667;      -2.25730; 64.01234;80.00000;20.00000;0.70265;2
338.69299; 61.54667;      -2.25797; 63.97197;80.00000;20.00000;0.70261;2
338.79401; 61.55667;      -2.25781; 63.92488;80.00000;20.00000;0.70256;2
338.89999; 61.56667;      -2.25861; 63.88355;80.00000;20.00000;0.70251;2
338.99500; 61.57667;      -2.25970; 63.83549;80.00000;20.00000;0.70246;2
339.08899; 61.58667;      -2.25964; 63.78744;80.00000;20.00000;0.70241;2
339.20499; 61.59667;      -2.26055; 63.74611;80.00000;20.00000;0.70235;2
339.29099; 61.60667;      -2.26059; 63.69517;80.00000;20.00000;0.70231;2
339.40900; 61.61667;      -2.26098; 63.64711;80.00000;20.00000;0.70225;2
339.48901; 61.62667;      -2.26247; 63.60002;80.00000;20.00000;0.70221;2
339.60599; 61.63667;      -2.26349; 63.55196;80.00000;20.00000;0.70216;2
339.69299; 61.64667;      -2.26384; 63.50390;80.00000;20.00000;0.70211;2
339.79300; 61.65667;      -2.26452; 63.45585;80.00000;20.00000;0.70206;2
339.89200; 61.66667;      -2.26551; 63.40875;80.00000;20.00000;0.70202;2
339.98499; 61.67667;      -2.26597; 63.36069;80.00000;20.00000;0.70197;2
340.09299; 61.68667;      -2.26646; 63.31840;80.00000;20.00000;0.70192;2
340.18900; 61.69667;      -2.26692; 63.26554;80.00000;20.00000;0.70187;2
340.29999; 61.70667;      -2.26742; 63.21941;80.00000;20.00000;0.70181;2
340.39600; 61.71667;      -2.26809; 63.17808;80.00000;20.00000;0.70177;2
340.48801; 61.72667;      -2.26907; 63.13098;80.00000;20.00000;0.70172;2
340.58200; 61.73667;      -2.27006; 63.08293;80.00000;20.00000;0.70167;2
340.69299; 61.74667;      -2.27034; 63.03583;80.00000;20.00000;0.70162;2
340.78299; 61.75667;      -2.27080; 62.99258;80.00000;20.00000;0.70158;2
340.87900; 61.76667;      -2.27033; 62.94933;80.00000;20.00000;0.70153;2
340.98901; 61.77667;      -2.27123; 62.90127;80.00000;20.00000;0.70147;2
341.09399; 61.78667;      -2.27224; 62.85418;80.00000;20.00000;0.70142;2
341.18701; 61.79667;      -2.27260; 62.81669;80.00000;20.00000;0.70138;2
341.28799; 61.80667;      -2.27422; 62.76768;80.00000;20.00000;0.70133;2
341.38101; 61.81667;      -2.27521; 62.71962;80.00000;20.00000;0.70128;2
341.48401; 61.82667;      -2.27569; 62.67252;80.00000;20.00000;0.70123;2
341.57501; 61.83667;      -2.27646; 62.62735;80.00000;20.00000;0.70118;2
341.68399; 61.84667;      -2.27695; 62.57641;80.00000;20.00000;0.70113;2
341.78101; 61.85667;      -2.27763; 62.52451;80.00000;20.00000;0.70108;2
341.88400; 61.86667;      -2.27800; 62.47645;80.00000;20.00000;0.70103;2
341.98099; 61.87667;      -2.27879; 62.43320;80.00000;20.00000;0.70098;2
342.08301; 61.88667;      -2.27926; 62.38514;80.00000;20.00000;0.70093;2
342.17499; 61.89667;      -2.28014; 62.34285;80.00000;20.00000;0.70089;2
342.27499; 61.90667;      -2.28145; 62.29576;80.00000;20.00000;0.70084;2
342.37900; 61.91667;      -2.28235; 62.25155;80.00000;20.00000;0.70079;2
342.47299; 61.92667;      -2.28303; 62.20926;80.00000;20.00000;0.70074;2
342.57501; 61.93667;      -2.28361; 62.16216;80.00000;20.00000;0.70069;2
342.67401; 61.94667;      -2.28430; 62.11891;80.00000;20.00000;0.70064;2
342.77499; 61.95667;      -2.28456; 62.07566;80.00000;20.00000;0.70059;2
342.87701; 61.96667;      -2.28609; 62.03049;80.00000;20.00000;0.70054;2
342.97299; 61.97667;      -2.28635; 61.98435;80.00000;20.00000;0.70049;2
343.07501; 61.98667;      -2.28683; 61.92861;80.00000;20.00000;0.70044;2
343.17001; 61.99667;      -2.28708; 61.88920;80.00000;20.00000;0.70039;2
343.27301; 62.00667;      -2.28809; 61.83826;80.00000;20.00000;0.70034;2
343.37000; 62.01667;      -2.28961; 61.79405;80.00000;20.00000;0.70030;2
343.47501; 62.02667;      -2.29093; 61.74791;80.00000;20.00000;0.70024;2
343.57300; 62.03667;      -2.29203; 61.69986;80.00000;20.00000;0.70020;2
343.67401; 62.04667;      -2.29282; 61.65757;80.00000;20.00000;0.70015;2
343.76801; 62.05667;      -2.29423; 61.61432;80.00000;20.00000;0.70010;2
343.86099; 62.06667;      -2.29532; 61.57203;80.00000;20.00000;0.70005;2
343.96201; 62.07667;      -2.29591; 61.52493;80.00000;20.00000;0.70000;2
344.06601; 62.08667;      -2.29744; 61.48553;80.00000;20.00000;0.69995;2
344.16199; 62.09667;      -2.29738; 61.44035;80.00000;20.00000;0.69990;2
344.26999; 62.10667;      -2.29840; 61.39422;80.00000;20.00000;0.69985;2
344.36099; 62.11667;      -2.29959; 61.35289;80.00000;20.00000;0.69981;2
344.46399; 62.12667;      -2.29934; 61.31348;80.00000;20.00000;0.69975;2
344.56000; 62.13667;      -2.30013; 61.27023;80.00000;20.00000;0.69971;2
344.66000; 62.14667;      -2.30207; 61.22794;80.00000;20.00000;0.69966;2
344.76099; 62.15667;      -2.30360; 61.18661;80.00000;20.00000;0.69961;2
344.85901; 62.16667;      -2.30449; 61.14336;80.00000;20.00000;0.69956;2
344.96301; 62.17667;      -2.30561; 61.09723;80.00000;20.00000;0.69951;2
345.05701; 62.18667;      -2.30660; 61.05590;80.00000;20.00000;0.69946;2
345.16199; 62.19667;      -2.30771; 61.00977;80.00000;20.00000;0.69941;2
345.26300; 62.20667;      -2.30914; 60.96940;80.00000;20.00000;0.69936;2
345.35901; 62.21667;      -2.30971; 60.92422;80.00000;20.00000;0.69931;2
345.45700; 62.22667;      -2.31061; 60.87809;80.00000;20.00000;0.69926;2
345.55701; 62.23667;      -2.31171; 60.84061;80.00000;20.00000;0.69921;2
345.65302; 62.24667;      -2.31303; 60.79928;80.00000;20.00000;0.69917;2
345.75500; 62.25667;      -2.31403; 60.76468;80.00000;20.00000;0.69912;2
345.85999; 62.26667;      -2.31588; 60.71566;80.00000;20.00000;0.69906;2
345.95801; 62.27667;      -2.31709; 60.67914;80.00000;20.00000;0.69901;2
346.05399; 62.28667;      -2.31830; 60.63973;80.00000;20.00000;0.69897;2
346.14999; 62.29667;      -2.31972; 60.60128;80.00000;20.00000;0.69892;2
346.25101; 62.30667;      -2.32030; 60.56188;80.00000;20.00000;0.69887;2
346.35001; 62.31667;      -2.32141; 60.52535;80.00000;20.00000;0.69882;2
346.44699; 62.32667;      -2.32272; 60.48691;80.00000;20.00000;0.69877;2
346.54800; 62.33667;      -2.32278; 60.44750;80.00000;20.00000;0.69872;2
346.64499; 62.34667;      -2.32452; 60.41867;80.00000;20.00000;0.69867;2
346.74200; 62.35667;      -2.32636; 60.38215;80.00000;20.00000;0.69863;2
346.84201; 62.36667;      -2.32705; 60.34370;80.00000;20.00000;0.69858;2
346.93799; 62.37667;      -2.32805; 60.30429;80.00000;20.00000;0.69853;2
347.04700; 62.38667;      -2.32970; 60.26681;80.00000;20.00000;0.69848;2
347.14899; 62.39667;      -2.33091; 60.23029;80.00000;20.00000;0.69842;2
347.23999; 62.40667;      -2.33180; 60.19569;80.00000;20.00000;0.69838;2
347.33600; 62.41667;      -2.33217; 60.15724;80.00000;20.00000;0.69833;2
347.44199; 62.42667;      -2.33339; 60.12072;80.00000;20.00000;0.69828;2
347.54099; 62.43667;      -2.33492; 60.08996;80.00000;20.00000;0.69823;2
347.64499; 62.44667;      -2.33615; 60.05440;80.00000;20.00000;0.69818;2
347.74100; 62.45667;      -2.33704; 60.01884;80.00000;20.00000;0.69813;2
347.83401; 62.46667;      -2.33856; 59.98232;80.00000;20.00000;0.69808;2
347.94101; 62.47667;      -2.33989; 59.94579;80.00000;20.00000;0.69803;2
348.03400; 62.48667;      -2.34099; 59.91407;80.00000;20.00000;0.69799;2
348.13901; 62.49667;      -2.34264; 59.86602;80.00000;20.00000;0.69793;2
348.23199; 62.50667;      -2.34385; 59.83046;80.00000;20.00000;0.69789;2
348.33499; 62.51667;      -2.34528; 59.79586;80.00000;20.00000;0.69784;2
348.43399; 62.52667;      -2.34618; 59.76606;80.00000;20.00000;0.69779;2
348.54001; 62.53667;      -2.34720; 59.72858;80.00000;20.00000;0.69773;2
348.63000; 62.54667;      -2.34850; 59.68629;80.00000;20.00000;0.69769;2
348.72501; 62.55667;      -2.34856; 59.65361;80.00000;20.00000;0.69764;2
348.83301; 62.56667;      -2.35031; 59.62189;80.00000;20.00000;0.69759;2
348.93301; 62.57667;      -2.35195; 59.59210;80.00000;20.00000;0.69754;2
349.03699; 62.58667;      -2.35307; 59.55461;80.00000;20.00000;0.69749;2
349.13101; 62.59667;      -2.35502; 59.51809;80.00000;20.00000;0.69744;2
349.23401; 62.60667;      -2.35540; 59.48349;80.00000;20.00000;0.69739;2
349.34399; 62.61667;      -2.35537; 59.44985;80.00000;20.00000;0.69734;2
349.43301; 62.62667;      -2.35573; 59.41621;80.00000;20.00000;0.69729;2
349.54199; 62.63667;      -2.35707; 59.38641;80.00000;20.00000;0.69724;2
349.63000; 62.64667;      -2.35859; 59.35950;80.00000;20.00000;0.69719;2
349.72699; 62.65667;      -2.35949; 59.32010;80.00000;20.00000;0.69715;2
349.82700; 62.66667;      -2.36081; 59.30183;80.00000;20.00000;0.69710;2
349.92899; 62.67667;      -2.36214; 59.27396;80.00000;20.00000;0.69705;2
350.03500; 62.68667;      -2.36337; 59.25089;80.00000;20.00000;0.69699;2
350.14200; 62.69667;      -2.36408; 59.21822;80.00000;20.00000;0.69694;2
350.22900; 62.70667;      -2.36496; 59.19515;80.00000;20.00000;0.69690;2
350.32999; 62.71667;      -2.36618; 59.16728;80.00000;20.00000;0.69685;2
350.42700; 62.72667;      -2.36761; 59.13940;80.00000;20.00000;0.69680;2
350.52301; 62.73667;      -2.36924; 59.11057;80.00000;20.00000;0.69675;2
350.62299; 62.74667;      -2.36994; 59.08270;80.00000;20.00000;0.69670;2
350.73599; 62.75667;      -2.37118; 59.05290;80.00000;20.00000;0.69664;2
350.82999; 62.76667;      -2.37271; 59.02695;80.00000;20.00000;0.69660;2
350.91901; 62.77667;      -2.37391; 58.99716;80.00000;20.00000;0.69655;2
351.03201; 62.78667;      -2.37411; 58.97024;80.00000;20.00000;0.69650;2
351.12399; 62.79667;      -2.37563; 58.93756;80.00000;20.00000;0.69645;2
351.21899; 62.80667;      -2.37642; 58.91065;80.00000;20.00000;0.69640;2
351.31601; 62.81667;      -2.37606; 58.87701;80.00000;20.00000;0.69636;2
351.41599; 62.82667;      -2.37686; 58.84241;80.00000;20.00000;0.69631;2
351.51401; 62.83667;      -2.37861; 58.82992;80.00000;20.00000;0.69626;2
351.61899; 62.84667;      -2.37984; 58.79436;80.00000;20.00000;0.69621;2
351.71301; 62.85667;      -2.38105; 58.77033;80.00000;20.00000;0.69616;2
351.81201; 62.86667;      -2.38217; 58.73669;80.00000;20.00000;0.69611;2
351.90799; 62.87667;      -2.38275; 58.71170;80.00000;20.00000;0.69606;2
352.01001; 62.88667;      -2.38419; 58.66941;80.00000;20.00000;0.69601;2
352.10999; 62.89667;      -2.38541; 58.64923;80.00000;20.00000;0.69596;2
352.21600; 62.90667;      -2.38675; 58.61366;80.00000;20.00000;0.69591;2
352.30701; 62.91667;      -2.38807; 58.58291;80.00000;20.00000;0.69586;2
352.40701; 62.92667;      -2.38982; 58.55888;80.00000;20.00000;0.69581;2
352.50800; 62.93667;      -2.38999; 58.52524;80.00000;20.00000;0.69576;2
352.60501; 62.94667;      -2.39079; 58.50121;80.00000;20.00000;0.69572;2
352.71100; 62.95667;      -2.39234; 58.47430;80.00000;20.00000;0.69566;2
352.81201; 62.96667;      -2.39325; 58.44931;80.00000;20.00000;0.69561;2
352.91101; 62.97667;      -2.39426; 58.42432;80.00000;20.00000;0.69556;2
353.00900; 62.98667;      -2.39591; 58.40029;80.00000;20.00000;0.69552;2
353.11301; 62.99667;      -2.39693; 58.37050;80.00000;20.00000;0.69546;2
353.21100; 63.00667;      -2.39763; 58.34551;80.00000;20.00000;0.69542;2
353.29599; 63.01667;      -2.39893; 58.32436;80.00000;20.00000;0.69537;2
353.40399; 63.02667;      -2.40028; 58.30995;80.00000;20.00000;0.69532;2
353.50500; 63.03667;      -2.40150; 58.28400;80.00000;20.00000;0.69527;2
353.60599; 63.04667;      -2.40242; 58.26189;80.00000;20.00000;0.69522;2
353.70099; 63.05667;      -2.40385; 58.24267;80.00000;20.00000;0.69517;2
353.80801; 63.06667;      -2.40445; 58.22633;80.00000;20.00000;0.69512;2
353.89099; 63.07667;      -2.40544; 58.20518;80.00000;20.00000;0.69508;2
353.99799; 63.08667;      -2.40668; 58.18115;80.00000;20.00000;0.69502;2
354.09799; 63.09667;      -2.40759; 58.16097;80.00000;20.00000;0.69497;2
354.19601; 63.10667;      -2.40871; 58.13790;80.00000;20.00000;0.69493;2
354.29901; 63.11667;      -2.40941; 58.11868;80.00000;20.00000;0.69487;2
354.40100; 63.12667;      -2.41033; 58.10042;80.00000;20.00000;0.69482;2
354.49799; 63.13667;      -2.41155; 58.07255;80.00000;20.00000;0.69478;2
354.60501; 63.14667;      -2.41279; 58.05428;80.00000;20.00000;0.69472;2
354.69601; 63.15667;      -2.41400; 58.03218;80.00000;20.00000;0.69468;2
354.79401; 63.16667;      -2.41481; 58.01488;80.00000;20.00000;0.69463;2
354.89200; 63.17667;      -2.41540; 57.98989;80.00000;20.00000;0.69458;2
354.99399; 63.18667;      -2.41642; 57.97163;80.00000;20.00000;0.69453;2
355.08801; 63.19667;      -2.41743; 57.94952;80.00000;20.00000;0.69448;2
355.19699; 63.20667;      -2.41878; 57.94664;80.00000;20.00000;0.69443;2
355.28900; 63.21667;      -2.41999; 57.92261;80.00000;20.00000;0.69438;2
355.39700; 63.22667;      -2.42081; 57.90531;80.00000;20.00000;0.69433;2
355.49799; 63.23667;      -2.42152; 57.88032;80.00000;20.00000;0.69428;2
355.59201; 63.24667;      -2.42263; 57.83707;80.00000;20.00000;0.69423;2
355.68799; 63.25667;      -2.42354; 57.79862;80.00000;20.00000;0.69418;2
355.78201; 63.26667;      -2.42412; 57.77556;80.00000;20.00000;0.69414;2
355.88300; 63.27667;      -2.42546; 57.74864;80.00000;20.00000;0.69409;2
355.98300; 63.28667;      -2.42690; 57.72750;80.00000;20.00000;0.69404;2
356.08200; 63.29667;      -2.42771; 57.71116;80.00000;20.00000;0.69399;2
356.18399; 63.30667;      -2.42852; 57.70155;80.00000;20.00000;0.69394;2
356.28101; 63.31667;      -2.42869; 57.68425;80.00000;20.00000;0.69389;2
356.37500; 63.32667;      -2.42959; 57.65830;80.00000;20.00000;0.69384;2
356.48199; 63.33667;      -2.43126; 57.63139;80.00000;20.00000;0.69379;2
356.57599; 63.34667;      -2.43269; 57.62466;80.00000;20.00000;0.69374;2
356.67801; 63.35667;      -2.43393; 57.59582;80.00000;20.00000;0.69369;2
356.78000; 63.36667;      -2.43527; 57.57564;80.00000;20.00000;0.69364;2
356.87601; 63.37667;      -2.43649; 57.55642;80.00000;20.00000;0.69359;2
356.97800; 63.38667;      -2.43752; 57.53527;80.00000;20.00000;0.69354;2
357.07101; 63.39667;      -2.43831; 57.51125;80.00000;20.00000;0.69349;2
357.17899; 63.40667;      -2.43924; 57.49106;80.00000;20.00000;0.69344;2
357.27399; 63.41667;      -2.44004; 57.47184;80.00000;20.00000;0.69339;2
357.38199; 63.42667;      -2.44023; 57.45069;80.00000;20.00000;0.69334;2
357.47198; 63.43667;      -2.44113; 57.42474;80.00000;20.00000;0.69329;2
357.57001; 63.44667;      -2.44342; 57.41802;80.00000;20.00000;0.69325;2
357.67200; 63.45667;      -2.44434; 57.38822;80.00000;20.00000;0.69320;2
357.77301; 63.46667;      -2.44462; 57.38053;80.00000;20.00000;0.69314;2
357.87000; 63.47667;      -2.44543; 57.35939;80.00000;20.00000;0.69310;2
357.96399; 63.48667;      -2.44718; 57.33536;80.00000;20.00000;0.69305;2
358.07199; 63.49667;      -2.44769; 57.32382;80.00000;20.00000;0.69300;2
358.16800; 63.50667;      -2.44817; 57.29691;80.00000;20.00000;0.69295;2
358.26199; 63.51667;      -2.44961; 57.27961;80.00000;20.00000;0.69290;2
358.37399; 63.52667;      -2.45065; 57.26135;80.00000;20.00000;0.69285;2
358.47101; 63.53667;      -2.45178; 57.24405;80.00000;20.00000;0.69280;2
358.57300; 63.54667;      -2.45238; 57.22291;80.00000;20.00000;0.69275;2
358.67001; 63.55667;      -2.45340; 57.20368;80.00000;20.00000;0.69270;2
358.76801; 63.56667;      -2.45463; 57.17485;80.00000;20.00000;0.69265;2
358.85699; 63.57667;      -2.45584; 57.16428;80.00000;20.00000;0.69260;2
358.96500; 63.58667;      -2.45656; 57.13640;80.00000;20.00000;0.69255;2
359.06799; 63.59667;      -2.45717; 57.12583;80.00000;20.00000;0.69250;2
359.15799; 63.60667;      -2.45807; 57.10757;80.00000;20.00000;0.69245;2
359.26999; 63.61667;      -2.45901; 57.08354;80.00000;20.00000;0.69240;2
359.36200; 63.62667;      -2.45960; 57.06912;80.00000;20.00000;0.69235;2
359.45401; 63.63667;      -2.46018; 57.04990;80.00000;20.00000;0.69231;2
359.55499; 63.64667;      -2.46057; 57.02972;80.00000;20.00000;0.69226;2
359.65500; 63.65667;      -2.46171; 57.00473;80.00000;20.00000;0.69221;2
359.75601; 63.66667;      -2.46263; 56.99608;80.00000;20.00000;0.69216;2
359.85101; 63.67667;      -2.46354; 56.97301;80.00000;20.00000;0.69211;2
359.96799; 63.68667;      -2.46438; 56.95379;80.00000;20.00000;0.69205;2
360.06201; 63.69667;      -2.46529; 56.94033;80.00000;20.00000;0.69200;2
360.14700; 63.70667;      -2.46608; 56.92495;80.00000;20.00000;0.69196;2
360.25400; 63.71667;      -2.46669; 56.90862;80.00000;20.00000;0.69191;2
360.35800; 63.72667;      -2.46762; 56.89516;80.00000;20.00000;0.69186;2
360.44800; 63.73667;      -2.46894; 56.87690;80.00000;20.00000;0.69181;2
360.55200; 63.74667;      -2.46892; 56.86056;80.00000;20.00000;0.69176;2
360.65399; 63.75667;      -2.47016; 56.84710;80.00000;20.00000;0.69171;2
360.74701; 63.76667;      -2.47117; 56.82884;80.00000;20.00000;0.69166;2
360.84799; 63.77667;      -2.47231; 56.81250;80.00000;20.00000;0.69161;2
360.94299; 63.78667;      -2.47290; 56.79905;80.00000;20.00000;0.69156;2
361.05399; 63.79667;      -2.47331; 56.78559;80.00000;20.00000;0.69151;2
361.14499; 63.80667;      -2.47517; 56.77213;80.00000;20.00000;0.69146;2
361.24301; 63.81667;      -2.47598; 56.75387;80.00000;20.00000;0.69141;2
361.33701; 63.82667;      -2.47647; 56.74138;80.00000;20.00000;0.69137;2
361.44699; 63.83667;      -2.47719; 56.72023;80.00000;20.00000;0.69131;2
361.54800; 63.84667;      -2.47801; 56.71254;80.00000;20.00000;0.69126;2
361.63501; 63.85667;      -2.47870; 56.69428;80.00000;20.00000;0.69122;2
361.73901; 63.86667;      -2.47931; 56.68083;80.00000;20.00000;0.69117;2
361.84399; 63.87667;      -2.48013; 56.66257;80.00000;20.00000;0.69111;2
361.94199; 63.88667;      -2.48137; 56.65103;80.00000;20.00000;0.69107;2
362.04300; 63.89667;      -2.48240; 56.63854;80.00000;20.00000;0.69102;2
362.14499; 63.90667;      -2.48396; 56.62028;80.00000;20.00000;0.69096;2
362.24301; 63.91667;      -2.48456; 56.60778;80.00000;20.00000;0.69092;2
362.35199; 63.92667;      -2.48444; 56.59913;80.00000;20.00000;0.69086;2
362.43900; 63.93667;      -2.48534; 56.57606;80.00000;20.00000;0.69082;2
362.54001; 63.94667;      -2.48647; 56.56453;80.00000;20.00000;0.69077;2
362.63300; 63.95667;      -2.48717; 56.55011;80.00000;20.00000;0.69072;2
362.74301; 63.96667;      -2.48811; 56.53666;80.00000;20.00000;0.69067;2
362.83401; 63.97667;      -2.48934; 56.51359;80.00000;20.00000;0.69062;2
362.93500; 63.98667;      -2.48984; 56.49917;80.00000;20.00000;0.69057;2
363.03299; 63.99667;      -2.49118; 56.48572;80.00000;20.00000;0.69052;2
363.14001; 64.00667;      -2.49191; 56.46746;80.00000;20.00000;0.69047;2
363.23401; 64.01667;      -2.49261; 56.45592;80.00000;20.00000;0.69042;2
363.33499; 64.02667;      -2.49396; 56.44439;80.00000;20.00000;0.69037;2
363.42999; 64.03667;      -2.49434; 56.42421;80.00000;20.00000;0.69032;2
363.53900; 64.04667;      -2.49401; 56.40787;80.00000;20.00000;0.69027;2
363.63699; 64.05667;      -2.49440; 56.39441;80.00000;20.00000;0.69022;2
363.72601; 64.06667;      -2.49509; 56.37615;80.00000;20.00000;0.69018;2
363.83401; 64.07667;      -2.49666; 56.35981;80.00000;20.00000;0.69012;2
363.93600; 64.08667;      -2.49802; 56.34635;80.00000;20.00000;0.69007;2
364.03101; 64.09667;      -2.49883; 56.32905;80.00000;20.00000;0.69002;2
364.13400; 64.10667;      -2.49923; 56.31656;80.00000;20.00000;0.68997;2
364.22699; 64.11667;      -2.49918; 56.29830;80.00000;20.00000;0.68992;2
364.33200; 64.12667;      -2.49990; 56.28100;80.00000;20.00000;0.68987;2
364.42300; 64.13667;      -2.50092; 56.26850;80.00000;20.00000;0.68983;2
364.51700; 64.14667;      -2.50173; 56.25505;80.00000;20.00000;0.68978;2
364.61600; 64.15667;      -2.50286; 56.24159;80.00000;20.00000;0.68973;2
364.72198; 64.16667;      -2.50305; 56.21468;80.00000;20.00000;0.68968;2
364.81601; 64.17667;      -2.50354; 56.20411;80.00000;20.00000;0.68963;2
364.91501; 64.18667;      -2.50532; 56.18681;80.00000;20.00000;0.68958;2
365.02100; 64.19667;      -2.50562; 56.16086;80.00000;20.00000;0.68953;2
365.11700; 64.20667;      -2.50547; 56.15605;80.00000;20.00000;0.68948;2
365.21899; 64.21667;      -2.50630; 56.13971;80.00000;20.00000;0.68943;2
365.31799; 64.22667;      -2.50786; 56.11280;80.00000;20.00000;0.68938;2
365.41699; 64.23667;      -2.50825; 56.10799;80.00000;20.00000;0.68933;2
365.51401; 64.24667;      -2.50907; 56.09165;80.00000;20.00000;0.68928;2
365.61700; 64.25667;      -2.50957; 56.07724;80.00000;20.00000;0.68923;2
365.72000; 64.26667;      -2.51029; 56.05994;80.00000;20.00000;0.68918;2
365.81601; 64.27667;      -2.51132; 56.05032;80.00000;20.00000;0.68913;2
365.91699; 64.28667;      -2.51182; 56.03783;80.00000;20.00000;0.68908;2
366.02399; 64.29667;      -2.51191; 56.01572;80.00000;20.00000;0.68903;2
366.10699; 64.30667;      -2.51281; 56.01188;80.00000;20.00000;0.68899;2
366.21899; 64.31667;      -2.51344; 55.99554;80.00000;20.00000;0.68893;2
366.31699; 64.32667;      -2.51468; 55.98112;80.00000;20.00000;0.68888;2
366.40302; 64.33667;      -2.51516; 55.96382;80.00000;20.00000;0.68884;2
366.50601; 64.34667;      -2.51588; 55.95421;80.00000;20.00000;0.68879;2
366.61200; 64.35667;      -2.51671; 55.94364;80.00000;20.00000;0.68873;2
366.71399; 64.36667;      -2.51668; 55.92922;80.00000;20.00000;0.68868;2
366.81500; 64.37667;      -2.51708; 55.91192;80.00000;20.00000;0.68863;2
366.91299; 64.38667;      -2.51758; 55.89943;80.00000;20.00000;0.68858;2
367.01001; 64.39667;      -2.51872; 55.88405;80.00000;20.00000;0.68853;2
367.08899; 64.40667;      -2.51907; 55.86867;80.00000;20.00000;0.68849;2
367.19699; 64.41667;      -2.51927; 55.86579;80.00000;20.00000;0.68844;2
367.30099; 64.42667;      -2.51925; 55.84656;80.00000;20.00000;0.68839;2
367.39600; 64.43667;      -2.52049; 55.82926;80.00000;20.00000;0.68834;2
367.49301; 64.44667;      -2.52056; 55.81965;80.00000;20.00000;0.68829;2
367.59399; 64.45667;      -2.52160; 55.80812;80.00000;20.00000;0.68824;2
367.70200; 64.46667;      -2.52211; 55.78890;80.00000;20.00000;0.68819;2
367.79300; 64.47667;      -2.52281; 55.78217;80.00000;20.00000;0.68814;2
367.88300; 64.48667;      -2.52330; 55.77544;80.00000;20.00000;0.68810;2
367.98801; 64.49667;      -2.52413; 55.76102;80.00000;20.00000;0.68804;2
368.08600; 64.50667;      -2.52495; 55.74757;80.00000;20.00000;0.68800;2
368.19199; 64.51667;      -2.52600; 55.73411;80.00000;20.00000;0.68794;2
368.28799; 64.52667;      -2.52724; 55.72354;80.00000;20.00000;0.68789;2
368.38501; 64.53667;      -2.52720; 55.70624;80.00000;20.00000;0.68785;2
368.47299; 64.54667;      -2.52854; 55.70240;80.00000;20.00000;0.68780;2
368.60001; 64.55667;      -2.52941; 55.68990;80.00000;20.00000;0.68774;2
368.68500; 64.56667;      -2.52978; 55.67260;80.00000;20.00000;0.68770;2
368.78799; 64.57667;      -2.53114; 55.66299;80.00000;20.00000;0.68764;2
368.88699; 64.58667;      -2.53154; 55.64569;80.00000;20.00000;0.68759;2
368.98300; 64.59667;      -2.53161; 55.63415;80.00000;20.00000;0.68755;2
369.08301; 64.60667;      -2.53329; 55.63031;80.00000;20.00000;0.68750;2
369.18600; 64.61667;      -2.53433; 55.61782;80.00000;20.00000;0.68744;2
369.28500; 64.62667;      -2.53473; 55.60052;80.00000;20.00000;0.68740;2
369.38300; 64.63667;      -2.53576; 55.58802;80.00000;20.00000;0.68735;2
369.48499; 64.64667;      -2.53552; 55.58514;80.00000;20.00000;0.68730;2
369.57901; 64.65667;      -2.53527; 55.57168;80.00000;20.00000;0.68725;2
369.68799; 64.66667;      -2.53569; 55.55342;80.00000;20.00000;0.68719;2
369.78299; 64.67667;      -2.53725; 55.54285;80.00000;20.00000;0.68715;2
369.88000; 64.68667;      -2.53860; 55.53227;80.00000;20.00000;0.68710;2
369.97299; 64.69667;      -2.53899; 55.51786;80.00000;20.00000;0.68705;2
370.07599; 64.70667;      -2.53971; 55.49960;80.00000;20.00000;0.68700;2
370.18399; 64.71667;      -2.54077; 55.49287;80.00000;20.00000;0.68695;2
370.28500; 64.72667;      -2.54138; 55.47557;80.00000;20.00000;0.68689;2
370.38699; 64.73667;      -2.54200; 55.44577;80.00000;20.00000;0.68684;2
370.47699; 64.74667;      -2.54259; 55.43616;80.00000;20.00000;0.68680;2
370.59000; 64.75667;      -2.54344; 55.42847;80.00000;20.00000;0.68674;2
370.68201; 64.76667;      -2.54414; 55.41598;80.00000;20.00000;0.68670;2
370.77399; 64.77667;      -2.54485; 55.39579;80.00000;20.00000;0.68665;2
370.88199; 64.78667;      -2.54494; 55.38907;80.00000;20.00000;0.68660;2
370.97299; 64.79667;      -2.54618; 55.39003;80.00000;20.00000;0.68655;2
371.07599; 64.80667;      -2.54691; 55.37753;80.00000;20.00000;0.68650;2
371.17099; 64.81667;      -2.54740; 55.36215;80.00000;20.00000;0.68645;2
371.26801; 64.82667;      -2.54822; 55.34870;80.00000;20.00000;0.68640;2
371.37601; 64.83667;      -2.54885; 55.33140;80.00000;20.00000;0.68635;2
371.47198; 64.84667;      -2.54924; 55.31986;80.00000;20.00000;0.68630;2
371.57300; 64.85667;      -2.54965; 55.30833;80.00000;20.00000;0.68625;2
371.68301; 64.86667;      -2.55060; 55.29007;80.00000;20.00000;0.68619;2
371.76501; 64.87667;      -2.55139; 55.27757;80.00000;20.00000;0.68615;2
371.86899; 64.88667;      -2.55169; 55.26412;80.00000;20.00000;0.68610;2
371.97299; 64.89667;      -2.55199; 55.25547;80.00000;20.00000;0.68605;2
372.07001; 64.90667;      -2.55324; 55.23240;80.00000;20.00000;0.68600;2
372.17200; 64.91667;      -2.55418; 55.22279;80.00000;20.00000;0.68595;2
372.26999; 64.92667;      -2.55437; 55.21606;80.00000;20.00000;0.68590;2
372.36099; 64.93667;      -2.55507; 55.19684;80.00000;20.00000;0.68585;2
372.46201; 64.94667;      -2.55569; 55.17666;80.00000;20.00000;0.68580;2
372.56201; 64.95667;      -2.55609; 55.17089;80.00000;20.00000;0.68575;2
372.67200; 64.96667;      -2.55704; 55.14974;80.00000;20.00000;0.68570;2
372.76901; 64.97667;      -2.55754; 55.13725;80.00000;20.00000;0.68565;2
372.85901; 64.98667;      -2.55867; 55.12668;80.00000;20.00000;0.68560;2
372.96399; 64.99667;      -2.55866; 55.11514;80.00000;20.00000;0.68555;2
373.06400; 65.00667;      -2.55884; 55.10169;80.00000;20.00000;0.68550;2
373.16599; 65.01667;      -2.56064; 55.08439;80.00000;20.00000;0.68545;2
373.25500; 65.02667;      -2.56091; 55.07574;80.00000;20.00000;0.68541;2
373.35699; 65.03667;      -2.56153; 55.06709;80.00000;20.00000;0.68535;2
373.45901; 65.04667;      -2.56290; 55.05075;80.00000;20.00000;0.68530;2
373.55899; 65.05667;      -2.56362; 55.03537;80.00000;20.00000;0.68525;2
373.65399; 65.06667;      -2.56402; 55.02672;80.00000;20.00000;0.68521;2
373.75500; 65.07667;      -2.56442; 55.01422;80.00000;20.00000;0.68516;2
373.85199; 65.08667;      -2.56503; 54.99885;80.00000;20.00000;0.68511;2
373.95200; 65.09667;      -2.56629; 54.98539;80.00000;20.00000;0.68506;2
374.04901; 65.10667;      -2.56658; 54.97674;80.00000;20.00000;0.68501;2
374.14499; 65.11667;      -2.56772; 54.96232;80.00000;20.00000;0.68496;2
374.23999; 65.12667;      -2.56854; 54.94502;80.00000;20.00000;0.68491;2
374.34799; 65.13667;      -2.56917; 54.93541;80.00000;20.00000;0.68486;2
374.44299; 65.14667;      -2.57032; 54.91619;80.00000;20.00000;0.68481;2
374.54999; 65.15667;      -2.57084; 54.90658;80.00000;20.00000;0.68476;2
374.64899; 65.16667;      -2.57145; 54.89601;80.00000;20.00000;0.68471;2
374.74399; 65.17667;      -2.57238; 54.88159;80.00000;20.00000;0.68466;2
374.84399; 65.18667;      -2.57279; 54.86237;80.00000;20.00000;0.68461;2
374.95599; 65.19667;      -2.57332; 54.85660;80.00000;20.00000;0.68455;2
375.04700; 65.20667;      -2.57413; 54.84314;80.00000;20.00000;0.68451;2
375.14301; 65.21667;      -2.57528; 54.82680;80.00000;20.00000;0.68446;2
375.23999; 65.22667;      -2.57503; 54.81239;80.00000;20.00000;0.68441;2
375.35199; 65.23667;      -2.57610; 54.80566;80.00000;20.00000;0.68435;2
375.44101; 65.24667;      -2.57734; 54.78259;80.00000;20.00000;0.68431;2
375.54099; 65.25667;      -2.57785; 54.77394;80.00000;20.00000;0.68426;2
375.64001; 65.26667;      -2.57804; 54.76337;80.00000;20.00000;0.68421;2
375.73901; 65.27667;      -2.57898; 54.74895;80.00000;20.00000;0.68416;2
375.84500; 65.28667;      -2.58014; 54.73069;80.00000;20.00000;0.68411;2
375.94000; 65.29667;      -2.58075; 54.72685;80.00000;20.00000;0.68406;2
376.03900; 65.30667;      -2.58169; 54.71435;80.00000;20.00000;0.68401;2
376.13400; 65.31667;      -2.58251; 54.69321;80.00000;20.00000;0.68396;2
376.24200; 65.32667;      -2.58368; 54.68936;80.00000;20.00000;0.68391;2
376.33401; 65.33667;      -2.58525; 54.67975;80.00000;20.00000;0.68386;2
376.43900; 65.34667;      -2.58534; 54.66533;80.00000;20.00000;0.68381;2
376.53601; 65.35667;      -2.58585; 54.64611;80.00000;20.00000;0.68376;2
376.63400; 65.36667;      -2.58646; 54.64227;80.00000;20.00000;0.68371;2
376.72800; 65.37667;      -2.58643; 54.63073;80.00000;20.00000;0.68366;2
376.83099; 65.38667;      -2.58641; 54.60863;80.00000;20.00000;0.68361;2
376.93500; 65.39667;      -2.58650; 54.60478;80.00000;20.00000;0.68356;2
377.02701; 65.40667;      -2.58721; 54.59613;80.00000;20.00000;0.68351;2
377.13300; 65.41667;      -2.58838; 54.58075;80.00000;20.00000;0.68346;2
377.22601; 65.42667;      -2.58866; 54.56345;80.00000;20.00000;0.68341;2
377.32800; 65.43667;      -2.58918; 54.55576;80.00000;20.00000;0.68336;2
377.42599; 65.44667;      -2.59011; 54.54423;80.00000;20.00000;0.68331;2
377.52200; 65.45667;      -2.59062; 54.52020;80.00000;20.00000;0.68326;2
377.63101; 65.46667;      -2.59104; 54.51155;80.00000;20.00000;0.68321;2
377.71500; 65.47667;      -2.59142; 54.50963;80.00000;20.00000;0.68317;2
377.82800; 65.48667;      -2.59238; 54.49329;80.00000;20.00000;0.68311;2
377.92300; 65.49667;      -2.59299; 54.46734;80.00000;20.00000;0.68306;2
378.02802; 65.50667;      -2.59384; 54.46446;80.00000;20.00000;0.68301;2
378.12201; 65.51667;      -2.59402; 54.45773;80.00000;20.00000;0.68296;2
378.22400; 65.52667;      -2.59432; 54.44331;80.00000;20.00000;0.68291;2
378.33499; 65.53667;      -2.59496; 54.42313;80.00000;20.00000;0.68286;2
378.41501; 65.54667;      -2.59586; 54.41448;80.00000;20.00000;0.68282;2
378.52200; 65.55667;      -2.59639; 54.39429;80.00000;20.00000;0.68276;2
378.62399; 65.56667;      -2.59755; 54.38661;80.00000;20.00000;0.68271;2
378.73099; 65.57667;      -2.59819; 54.37507;80.00000;20.00000;0.68266;2
378.81900; 65.58667;      -2.59889; 54.36450;80.00000;20.00000;0.68261;2
378.91599; 65.59667;      -2.59940; 54.35104;80.00000;20.00000;0.68256;2
379.01001; 65.60667;      -2.59926; 54.33470;80.00000;20.00000;0.68252;2
379.11200; 65.61667;      -2.59978; 54.32702;80.00000;20.00000;0.68247;2
379.21799; 65.62667;      -2.60019; 54.31740;80.00000;20.00000;0.68241;2
379.31900; 65.63667;      -2.60060; 54.30395;80.00000;20.00000;0.68236;2
379.41400; 65.64667;      -2.60068; 54.28569;80.00000;20.00000;0.68231;2
379.51199; 65.65667;      -2.60140; 54.28376;80.00000;20.00000;0.68226;2
379.61401; 65.66667;      -2.60170; 54.27127;80.00000;20.00000;0.68221;2
379.71201; 65.67667;      -2.60254; 54.26166;80.00000;20.00000;0.68216;2
379.81400; 65.68667;      -2.60306; 54.23859;80.00000;20.00000;0.68211;2
379.90701; 65.69667;      -2.60356; 54.23090;80.00000;20.00000;0.68207;2
380.00699; 65.70667;      -2.60450; 54.22802;80.00000;20.00000;0.68202;2
380.10901; 65.71667;      -2.60480; 54.20784;80.00000;20.00000;0.68196;2
380.20801; 65.72667;      -2.60564; 54.19630;80.00000;20.00000;0.68191;2
380.30301; 65.73667;      -2.60582; 54.18957;80.00000;20.00000;0.68187;2
380.39899; 65.74667;      -2.60633; 54.17708;80.00000;20.00000;0.68182;2
380.50000; 65.75667;      -2.60717; 54.15690;80.00000;20.00000;0.68177;2
380.60400; 65.76667;      -2.60801; 54.15017;80.00000;20.00000;0.68172;2
380.70499; 65.77667;      -2.60853; 54.13863;80.00000;20.00000;0.68166;2
380.80399; 65.78667;      -2.60947; 54.12518;80.00000;20.00000;0.68162;2
380.89301; 65.79667;      -2.61040; 54.10788;80.00000;20.00000;0.68157;2
381.00800; 65.80667;      -2.61084; 54.10403;80.00000;20.00000;0.68151;2
381.09698; 65.81667;      -2.61133; 54.08481;80.00000;20.00000;0.68147;2
381.19601; 65.82667;      -2.61141; 54.07328;80.00000;20.00000;0.68142;2
381.29501; 65.83667;      -2.61160; 54.06751;80.00000;20.00000;0.68137;2
381.39200; 65.84667;      -2.61168; 54.05598;80.00000;20.00000;0.68132;2
381.49500; 65.85667;      -2.61285; 54.04829;80.00000;20.00000;0.68127;2
381.59000; 65.86667;      -2.61390; 54.03003;80.00000;20.00000;0.68122;2
381.69601; 65.87667;      -2.61507; 54.02426;80.00000;20.00000;0.68117;2
381.79099; 65.88667;      -2.61611; 54.00984;80.00000;20.00000;0.68112;2
381.89301; 65.89667;      -2.61642; 53.99158;80.00000;20.00000;0.68107;2
381.99799; 65.90667;      -2.61630; 53.98774;80.00000;20.00000;0.68101;2
382.09000; 65.91667;      -2.61745; 53.97812;80.00000;20.00000;0.68097;2
382.19000; 65.92667;      -2.61828; 53.96659;80.00000;20.00000;0.68092;2
382.29001; 65.93667;      -2.61880; 53.94449;80.00000;20.00000;0.68087;2
382.39001; 65.94667;      -2.61921; 53.93007;80.00000;20.00000;0.68082;2
382.49600; 65.95667;      -2.61963; 53.92046;80.00000;20.00000;0.68076;2
382.58301; 65.96667;      -2.62034; 53.90123;80.00000;20.00000;0.68072;2
382.68201; 65.97667;      -2.62118; 53.89258;80.00000;20.00000;0.68067;2
382.78201; 65.98667;      -2.62169; 53.88009;80.00000;20.00000;0.68062;2
382.89099; 65.99667;      -2.62266; 53.85798;80.00000;20.00000;0.68057;2
382.98999; 66.00667;      -2.62339; 53.85222;80.00000;20.00000;0.68052;2
383.08499; 66.01667;      -2.62454; 53.84068;80.00000;20.00000;0.68047;2
383.17999; 66.02667;      -2.62473; 53.82915;80.00000;20.00000;0.68042;2
383.28699; 66.03667;      -2.62504; 53.80608;80.00000;20.00000;0.68037;2
383.38800; 66.04667;      -2.62567; 53.79359;80.00000;20.00000;0.68032;2
383.48599; 66.05667;      -2.62651; 53.78013;80.00000;20.00000;0.68027;2
383.58701; 66.06667;      -2.62724; 53.76475;80.00000;20.00000;0.68021;2
383.68301; 66.07667;      -2.62797; 53.74938;80.00000;20.00000;0.68017;2
383.78900; 66.08667;      -2.62871; 53.74265;80.00000;20.00000;0.68011;2
383.88501; 66.09667;      -2.62944; 53.72919;80.00000;20.00000;0.68006;2
383.97000; 66.10667;      -2.62971; 53.70997;80.00000;20.00000;0.68002;2
384.08401; 66.11667;      -2.62994; 53.69747;80.00000;20.00000;0.67996;2
384.17499; 66.12667;      -2.63087; 53.68402;80.00000;20.00000;0.67992;2
384.27701; 66.13667;      -2.63225; 53.66864;80.00000;20.00000;0.67987;2
384.37601; 66.14667;      -2.63299; 53.65230;80.00000;20.00000;0.67982;2
384.47900; 66.15667;      -2.63297; 53.64077;80.00000;20.00000;0.67977;2
384.57300; 66.16667;      -2.63305; 53.62731;80.00000;20.00000;0.67972;2
384.67999; 66.17667;      -2.63423; 53.60809;80.00000;20.00000;0.67966;2
384.77100; 66.18667;      -2.63548; 53.60232;80.00000;20.00000;0.67962;2
384.87399; 66.19667;      -2.63612; 53.58214;80.00000;20.00000;0.67957;2
384.97101; 66.20667;      -2.63620; 53.56868;80.00000;20.00000;0.67952;2
385.06900; 66.21667;      -2.63725; 53.55330;80.00000;20.00000;0.67947;2
385.17001; 66.22667;      -2.63788; 53.53985;80.00000;20.00000;0.67942;2
385.27499; 66.23667;      -2.63830; 53.52159;80.00000;20.00000;0.67936;2
385.37100; 66.24667;      -2.63838; 53.51582;80.00000;20.00000;0.67932;2
385.47198; 66.25667;      -2.63890; 53.49564;80.00000;20.00000;0.67927;2
385.57300; 66.26667;      -2.63986; 53.48026;80.00000;20.00000;0.67921;2
385.67599; 66.27667;      -2.64049; 53.47737;80.00000;20.00000;0.67916;2
385.77600; 66.28667;      -2.64155; 53.45815;80.00000;20.00000;0.67911;2
385.86700; 66.29667;      -2.64216; 53.44085;80.00000;20.00000;0.67907;2
385.96301; 66.30667;      -2.64278; 53.43124;80.00000;20.00000;0.67902;2
386.06299; 66.31667;      -2.64298; 53.42067;80.00000;20.00000;0.67897;2
386.17200; 66.32667;      -2.64276; 53.40433;80.00000;20.00000;0.67891;2
386.26199; 66.33667;      -2.64293; 53.38991;80.00000;20.00000;0.67887;2
386.36700; 66.34667;      -2.64433; 53.37742;80.00000;20.00000;0.67881;2
386.47501; 66.35667;      -2.64497; 53.36012;80.00000;20.00000;0.67876;2
386.57101; 66.36667;      -2.64538; 53.33897;80.00000;20.00000;0.67871;2
386.66800; 66.37667;      -2.64589; 53.33417;80.00000;20.00000;0.67866;2
386.76700; 66.38667;      -2.64728; 53.30533;80.00000;20.00000;0.67861;2
386.86499; 66.39667;      -2.64801; 53.29957;80.00000;20.00000;0.67856;2
386.96100; 66.40667;      -2.64798; 53.29380;80.00000;20.00000;0.67852;2
387.06299; 66.41667;      -2.64786; 53.27746;80.00000;20.00000;0.67846;2
387.15500; 66.42667;      -2.64804; 53.26593;80.00000;20.00000;0.67842;2
387.26300; 66.43667;      -2.64825; 53.24766;80.00000;20.00000;0.67836;2
387.35999; 66.44667;      -2.64920; 53.23901;80.00000;20.00000;0.67831;2
387.45099; 66.45667;      -2.64970; 53.22364;80.00000;20.00000;0.67827;2
387.55301; 66.46667;      -2.65001; 53.20826;80.00000;20.00000;0.67822;2
387.66101; 66.47667;      -2.65076; 53.19865;80.00000;20.00000;0.67816;2
387.75500; 66.48667;      -2.65138; 53.18807;80.00000;20.00000;0.67812;2
387.85901; 66.49667;      -2.65224; 53.17462;80.00000;20.00000;0.67806;2
387.94699; 66.50667;      -2.65219; 53.15636;80.00000;20.00000;0.67802;2
388.05701; 66.51667;      -2.65187; 53.14771;80.00000;20.00000;0.67796;2
388.14999; 66.52667;      -2.65249; 53.13906;80.00000;20.00000;0.67792;2
388.24799; 66.53667;      -2.65354; 53.11887;80.00000;20.00000;0.67787;2
388.34698; 66.54667;      -2.65406; 53.11022;80.00000;20.00000;0.67782;2
388.45300; 66.55667;      -2.65460; 53.10157;80.00000;20.00000;0.67776;2
388.54800; 66.56667;      -2.65522; 53.08139;80.00000;20.00000;0.67772;2
388.65399; 66.57667;      -2.65478; 53.07370;80.00000;20.00000;0.67766;2
388.74701; 66.58667;      -2.65594; 53.06409;80.00000;20.00000;0.67761;2
388.85101; 66.59667;      -2.65777; 53.04390;80.00000;20.00000;0.67756;2
388.95200; 66.60667;      -2.65764; 53.03814;80.00000;20.00000;0.67751;2
389.04599; 66.61667;      -2.65750; 53.03045;80.00000;20.00000;0.67746;2
389.14801; 66.62667;      -2.65781; 53.00738;80.00000;20.00000;0.67741;2
389.25400; 66.63667;      -2.65846; 53.00065;80.00000;20.00000;0.67736;2
389.34601; 66.64667;      -2.65918; 52.99585;80.00000;20.00000;0.67731;2
389.44901; 66.65667;      -2.65971; 52.98335;80.00000;20.00000;0.67726;2
389.54599; 66.66667;      -2.65979; 52.97470;80.00000;20.00000;0.67721;2
389.63901; 66.67667;      -2.66008; 52.95644;80.00000;20.00000;0.67717;2
389.74200; 66.68667;      -2.66061; 52.94971;80.00000;20.00000;0.67711;2
389.83200; 66.69667;      -2.66047; 52.93818;80.00000;20.00000;0.67707;2
389.93900; 66.70667;      -2.66079; 52.92472;80.00000;20.00000;0.67701;2
390.05301; 66.71667;      -2.66155; 52.90935;80.00000;20.00000;0.67696;2
390.13400; 66.72667;      -2.66193; 52.89589;80.00000;20.00000;0.67692;2
390.23499; 66.73667;      -2.66224; 52.88340;80.00000;20.00000;0.67686;2
390.33701; 66.74667;      -2.66309; 52.86706;80.00000;20.00000;0.67681;2
390.44199; 66.75667;      -2.66417; 52.86321;80.00000;20.00000;0.67676;2
390.53201; 66.76667;      -2.66446; 52.84783;80.00000;20.00000;0.67671;2
390.63400; 66.77667;      -2.66553; 52.83534;80.00000;20.00000;0.67666;2
390.73599; 66.78667;      -2.66573; 52.82669;80.00000;20.00000;0.67661;2
390.83600; 66.79667;      -2.66690; 52.81419;80.00000;20.00000;0.67656;2
390.93301; 66.80667;      -2.66688; 52.80170;80.00000;20.00000;0.67651;2
391.02100; 66.81667;      -2.66662; 52.78920;80.00000;20.00000;0.67647;2
391.12701; 66.82667;      -2.66705; 52.77767;80.00000;20.00000;0.67641;2
391.22800; 66.83667;      -2.66855; 52.76614;80.00000;20.00000;0.67636;2
391.33200; 66.84667;      -2.66919; 52.74980;80.00000;20.00000;0.67631;2
391.43100; 66.85667;      -2.66939; 52.74019;80.00000;20.00000;0.67626;2
391.53500; 66.86667;      -2.67014; 52.72673;80.00000;20.00000;0.67621;2
391.62399; 66.87667;      -2.67031; 52.71135;80.00000;20.00000;0.67616;2
391.72699; 66.88667;      -2.67095; 52.69886;80.00000;20.00000;0.67611;2
391.82999; 66.89667;      -2.67159; 52.68444;80.00000;20.00000;0.67606;2
391.92801; 66.90667;      -2.67222; 52.67195;80.00000;20.00000;0.67601;2
392.02499; 66.91667;      -2.67361; 52.65657;80.00000;20.00000;0.67596;2
392.12100; 66.92667;      -2.67380; 52.63927;80.00000;20.00000;0.67591;2
392.22800; 66.93667;      -2.67401; 52.62677;80.00000;20.00000;0.67586;2
392.32599; 66.94667;      -2.67410; 52.60851;80.00000;20.00000;0.67581;2
392.42099; 66.95667;      -2.67451; 52.60274;80.00000;20.00000;0.67576;2
392.52200; 66.96667;      -2.67515; 52.58256;80.00000;20.00000;0.67571;2
392.62100; 66.97667;      -2.67589; 52.56718;80.00000;20.00000;0.67566;2
392.72800; 66.98667;      -2.67610; 52.56334;80.00000;20.00000;0.67561;2
392.82199; 66.99667;      -2.67672; 52.54123;80.00000;20.00000;0.67556;2
392.92099; 67.00667;      -2.67714; 52.52682;80.00000;20.00000;0.67551;2
393.01300; 67.01667;      -2.67765; 52.51720;80.00000;20.00000;0.67546;2
393.10699; 67.02667;      -2.67838; 52.50279;80.00000;20.00000;0.67541;2
393.21399; 67.03667;      -2.67946; 52.48549;80.00000;20.00000;0.67536;2
393.32501; 67.04667;      -2.68012; 52.45665;80.00000;20.00000;0.67530;2
393.42099; 67.05667;      -2.68020; 52.44320;80.00000;20.00000;0.67526;2
393.51300; 67.06667;      -2.68049; 52.40764;80.00000;20.00000;0.67521;2
393.61401; 67.07667;      -2.68059; 52.38168;80.00000;20.00000;0.67516;2
393.70999; 67.08667;      -2.68122; 52.35862;80.00000;20.00000;0.67511;2
393.80399; 67.09667;      -2.68119; 52.34516;80.00000;20.00000;0.67506;2
393.91400; 67.10667;      -2.68184; 52.32690;80.00000;20.00000;0.67501;2
394.02200; 67.11667;      -2.68325; 52.31441;80.00000;20.00000;0.67495;2
394.10001; 67.12667;      -2.68406; 52.30191;80.00000;20.00000;0.67491;2
394.20801; 67.13667;      -2.68374; 52.29230;80.00000;20.00000;0.67486;2
394.31201; 67.14667;      -2.68416; 52.27212;80.00000;20.00000;0.67481;2
394.40201; 67.15667;      -2.68456; 52.25962;80.00000;20.00000;0.67476;2
394.51801; 67.16667;      -2.68479; 52.24809;80.00000;20.00000;0.67470;2
394.60901; 67.17667;      -2.68509; 52.23655;80.00000;20.00000;0.67466;2
394.70499; 67.18667;      -2.68528; 52.21349;80.00000;20.00000;0.67461;2
394.81299; 67.19667;      -2.68560; 52.19907;80.00000;20.00000;0.67455;2
394.90701; 67.20667;      -2.68503; 52.18946;80.00000;20.00000;0.67451;2
395.00201; 67.21667;      -2.68642; 52.17120;80.00000;20.00000;0.67446;2
395.10501; 67.22667;      -2.68663; 52.15582;80.00000;20.00000;0.67441;2
395.20300; 67.23667;      -2.68715; 52.14236;80.00000;20.00000;0.67436;2
395.29800; 67.24667;      -2.68734; 52.12698;80.00000;20.00000;0.67431;2
395.39801; 67.25667;      -2.68809; 52.11257;80.00000;20.00000;0.67426;2
395.49899; 67.26667;      -2.68927; 52.09719;80.00000;20.00000;0.67421;2
395.60199; 67.27667;      -2.68969; 52.09527;80.00000;20.00000;0.67415;2
395.69199; 67.28667;      -2.68988; 52.08566;80.00000;20.00000;0.67411;2
395.79501; 67.29667;      -2.69052; 52.06836;80.00000;20.00000;0.67406;2
395.89401; 67.30667;      -2.69094; 52.06163;80.00000;20.00000;0.67401;2
395.99500; 67.31667;      -2.69136; 52.05009;80.00000;20.00000;0.67396;2
396.10001; 67.32667;      -2.69157; 52.03664;80.00000;20.00000;0.67390;2
396.19800; 67.33667;      -2.69177; 52.02126;80.00000;20.00000;0.67385;2
396.30600; 67.34667;      -2.69220; 52.01069;80.00000;20.00000;0.67380;2
396.40302; 67.35667;      -2.69349; 51.99531;80.00000;20.00000;0.67375;2
396.49799; 67.36667;      -2.69401; 51.98281;80.00000;20.00000;0.67370;2
396.59299; 67.37667;      -2.69431; 51.96648;80.00000;20.00000;0.67365;2
396.69000; 67.38667;      -2.69418; 51.95398;80.00000;20.00000;0.67360;2
396.78799; 67.39667;      -2.69470; 51.93476;80.00000;20.00000;0.67355;2
396.88800; 67.40667;      -2.69490; 51.91746;80.00000;20.00000;0.67350;2
396.99600; 67.41667;      -2.69556; 51.90881;80.00000;20.00000;0.67345;2
397.08600; 67.42667;      -2.69552; 51.89151;80.00000;20.00000;0.67340;2
397.19400; 67.43667;      -2.69705; 51.87709;80.00000;20.00000;0.67335;2
397.29099; 67.44667;      -2.69735; 51.84730;80.00000;20.00000;0.67330;2
397.38599; 67.45667;      -2.69765; 51.84633;80.00000;20.00000;0.67325;2
397.49399; 67.46667;      -2.69787; 51.82903;80.00000;20.00000;0.67320;2
397.59100; 67.47667;      -2.69785; 51.81558;80.00000;20.00000;0.67315;2
397.68799; 67.48667;      -2.69859; 51.79828;80.00000;20.00000;0.67310;2
397.78101; 67.49667;      -2.69889; 51.79155;80.00000;20.00000;0.67305;2
397.88501; 67.50667;      -2.69932; 51.78002;80.00000;20.00000;0.67300;2
397.98300; 67.51667;      -2.69963; 51.76560;80.00000;20.00000;0.67295;2
398.08099; 67.52667;      -2.69983; 51.74830;80.00000;20.00000;0.67290;2
398.18500; 67.53667;      -2.70080; 51.74638;80.00000;20.00000;0.67285;2
398.29001; 67.54667;      -2.70156; 51.73004;80.00000;20.00000;0.67279;2
398.38000; 67.55667;      -2.70185; 51.71370;80.00000;20.00000;0.67275;2
398.48599; 67.56667;      -2.70228; 51.70505;80.00000;20.00000;0.67270;2
398.58801; 67.57667;      -2.70271; 51.68198;80.00000;20.00000;0.67264;2
398.69299; 67.58667;      -2.70325; 51.67141;80.00000;20.00000;0.67259;2
398.79300; 67.59667;      -2.70400; 51.65795;80.00000;20.00000;0.67254;2
398.88901; 67.60667;      -2.70419; 51.64354;80.00000;20.00000;0.67249;2
398.99600; 67.61667;      -2.70474; 51.63008;80.00000;20.00000;0.67244;2
399.08701; 67.62667;      -2.70514; 51.61278;80.00000;20.00000;0.67239;2
399.18799; 67.63667;      -2.70546; 51.60125;80.00000;20.00000;0.67234;2
399.28299; 67.64667;      -2.70543; 51.58779;80.00000;20.00000;0.67229;2
399.39099; 67.65667;      -2.70576; 51.57433;80.00000;20.00000;0.67224;2
399.48499; 67.66667;      -2.70584; 51.55607;80.00000;20.00000;0.67219;2
399.59100; 67.67667;      -2.70650; 51.54166;80.00000;20.00000;0.67214;2
399.68100; 67.68667;      -2.70690; 51.52820;80.00000;20.00000;0.67209;2
399.77802; 67.69667;      -2.70710; 51.51090;80.00000;20.00000;0.67204;2
399.88699; 67.70667;      -2.70721; 51.49840;80.00000;20.00000;0.67199;2
399.98499; 67.71667;      -2.70719; 51.48207;80.00000;20.00000;0.67194;2
400.08200; 67.72667;      -2.70750; 51.46476;80.00000;20.00000;0.67189;2
400.18399; 67.73667;      -2.70792; 51.45227;80.00000;20.00000;0.67184;2
400.28299; 67.74667;      -2.70791; 51.43497;80.00000;20.00000;0.67179;2
400.37100; 67.75667;      -2.70809; 51.41094;80.00000;20.00000;0.67174;2
400.48499; 67.76667;      -2.70887; 51.40133;80.00000;20.00000;0.67168;2
400.57501; 67.77667;      -2.70861; 51.38499;80.00000;20.00000;0.67164;2
400.67899; 67.78667;      -2.70839; 51.36673;80.00000;20.00000;0.67159;2
400.77600; 67.79667;      -2.70859; 51.35231;80.00000;20.00000;0.67154;2
400.87399; 67.80667;      -2.70835; 51.34174;80.00000;20.00000;0.67149;2
400.97800; 67.81667;      -2.70889; 51.31867;80.00000;20.00000;0.67143;2
401.07199; 67.82667;      -2.70908; 51.30906;80.00000;20.00000;0.67139;2
401.17700; 67.83667;      -2.70984; 51.29561;80.00000;20.00000;0.67133;2
401.26599; 67.84667;      -2.71035; 51.27254;80.00000;20.00000;0.67129;2
401.36899; 67.85667;      -2.71034; 51.26293;80.00000;20.00000;0.67124;2
401.46701; 67.86667;      -2.71043; 51.24947;80.00000;20.00000;0.67119;2
401.56500; 67.87667;      -2.71053; 51.23602;80.00000;20.00000;0.67114;2
401.67300; 67.88667;      -2.71053; 51.21679;80.00000;20.00000;0.67108;2
401.76599; 67.89667;      -2.71170; 51.19853;80.00000;20.00000;0.67104;2
401.87000; 67.90667;      -2.71290; 51.19276;80.00000;20.00000;0.67098;2
401.96701; 67.91667;      -2.71266; 51.17546;80.00000;20.00000;0.67093;2
402.06201; 67.92667;      -2.71264; 51.15624;80.00000;20.00000;0.67089;2
402.16299; 67.93667;      -2.71295; 51.14567;80.00000;20.00000;0.67083;2
402.26801; 67.94667;      -2.71317; 51.13125;80.00000;20.00000;0.67078;2
402.36700; 67.95667;      -2.71381; 51.11491;80.00000;20.00000;0.67073;2
402.45700; 67.96667;      -2.71399; 51.10530;80.00000;20.00000;0.67069;2
402.56601; 67.97667;      -2.71432; 51.08896;80.00000;20.00000;0.67063;2
402.66400; 67.98667;      -2.71474; 51.07358;80.00000;20.00000;0.67058;2
402.76199; 67.99667;      -2.71451; 51.05532;80.00000;20.00000;0.67053;2
402.85199; 68.00667;      -2.71458; 51.04187;80.00000;20.00000;0.67049;2
402.95599; 68.01667;      -2.71622; 51.02361;80.00000;20.00000;0.67043;2
403.05600; 68.02667;      -2.71609; 51.00150;80.00000;20.00000;0.67038;2
403.16599; 68.03667;      -2.71643; 50.98900;80.00000;20.00000;0.67033;2
403.25601; 68.04667;      -2.71651; 50.97939;80.00000;20.00000;0.67028;2
403.35999; 68.05667;      -2.71639; 50.96690;80.00000;20.00000;0.67023;2
403.46100; 68.06667;      -2.71693; 50.95537;80.00000;20.00000;0.67018;2
403.56100; 68.07667;      -2.71757; 50.94095;80.00000;20.00000;0.67013;2
403.66400; 68.08667;      -2.71844; 50.93422;80.00000;20.00000;0.67007;2
403.75601; 68.09667;      -2.71841; 50.91884;80.00000;20.00000;0.67003;2
403.85199; 68.10667;      -2.71904; 50.91211;80.00000;20.00000;0.66998;2
403.95401; 68.11667;      -2.71969; 50.90539;80.00000;20.00000;0.66993;2
404.05701; 68.12667;      -2.72012; 50.89001;80.00000;20.00000;0.66987;2
404.15302; 68.13667;      -2.72152; 50.88040;80.00000;20.00000;0.66983;2
404.25500; 68.14667;      -2.72140; 50.87079;80.00000;20.00000;0.66977;2
404.35001; 68.15667;      -2.72149; 50.85829;80.00000;20.00000;0.66973;2
404.45300; 68.16667;      -2.72170; 50.84483;80.00000;20.00000;0.66967;2
404.54999; 68.17667;      -2.72168; 50.83522;80.00000;20.00000;0.66963;2
404.65500; 68.18667;      -2.72267; 50.82850;80.00000;20.00000;0.66957;2
404.75000; 68.19667;      -2.72242; 50.80062;80.00000;20.00000;0.66952;2
404.84399; 68.20667;      -2.72338; 50.79389;80.00000;20.00000;0.66948;2
404.94800; 68.21667;      -2.72448; 50.78140;80.00000;20.00000;0.66942;2
405.04901; 68.22667;      -2.72501; 50.76506;80.00000;20.00000;0.66937;2
405.15601; 68.23667;      -2.72501; 50.75064;80.00000;20.00000;0.66932;2
405.25299; 68.24667;      -2.72543; 50.73334;80.00000;20.00000;0.66927;2
405.35001; 68.25667;      -2.72542; 50.71700;80.00000;20.00000;0.66922;2
405.44901; 68.26667;      -2.72562; 50.70355;80.00000;20.00000;0.66917;2
405.53900; 68.27667;      -2.72668; 50.69009;80.00000;20.00000;0.66912;2
405.64401; 68.28667;      -2.72723; 50.67471;80.00000;20.00000;0.66907;2
405.74500; 68.29667;      -2.72809; 50.66126;80.00000;20.00000;0.66902;2
405.84100; 68.30667;      -2.72862; 50.64492;80.00000;20.00000;0.66897;2
405.94601; 68.31667;      -2.72961; 50.63242;80.00000;20.00000;0.66892;2
406.04099; 68.32667;      -2.72958; 50.61705;80.00000;20.00000;0.66887;2
406.14700; 68.33667;      -2.72980; 50.60359;80.00000;20.00000;0.66882;2
406.24600; 68.34667;      -2.73056; 50.58437;80.00000;20.00000;0.66877;2
406.34299; 68.35667;      -2.73043; 50.56995;80.00000;20.00000;0.66872;2
406.43799; 68.36667;      -2.73030; 50.55265;80.00000;20.00000;0.66867;2
406.53601; 68.37667;      -2.73094; 50.54112;80.00000;20.00000;0.66862;2
406.63400; 68.38667;      -2.73070; 50.52574;80.00000;20.00000;0.66857;2
406.73499; 68.39667;      -2.73157; 50.50652;80.00000;20.00000;0.66852;2
406.83801; 68.40667;      -2.73178; 50.49210;80.00000;20.00000;0.66847;2
406.93399; 68.41667;      -2.73220; 50.46423;80.00000;20.00000;0.66842;2
407.03601; 68.42667;      -2.73307; 50.44597;80.00000;20.00000;0.66836;2
407.13101; 68.43667;      -2.73327; 50.42098;80.00000;20.00000;0.66832;2
407.23901; 68.44667;      -2.73327; 50.41809;80.00000;20.00000;0.66826;2
407.33401; 68.45667;      -2.73336; 50.41136;80.00000;20.00000;0.66821;2
407.43500; 68.46667;      -2.73445; 50.40175;80.00000;20.00000;0.66816;2
407.53601; 68.47667;      -2.73477; 50.40175;80.00000;20.00000;0.66811;2
407.63300; 68.48667;      -2.73552; 50.38926;80.00000;20.00000;0.66806;2
407.72900; 68.49667;      -2.73594; 50.36331;80.00000;20.00000;0.66801;2
407.83099; 68.50667;      -2.73648; 50.35466;80.00000;20.00000;0.66796;2
407.93100; 68.51667;      -2.73668; 50.33159;80.00000;20.00000;0.66791;2
408.03299; 68.52667;      -2.73690; 50.31525;80.00000;20.00000;0.66786;2
408.13599; 68.53667;      -2.73689; 50.30372;80.00000;20.00000;0.66781;2
408.23499; 68.54667;      -2.73754; 50.28546;80.00000;20.00000;0.66776;2
408.32999; 68.55667;      -2.73784; 50.27392;80.00000;20.00000;0.66771;2
408.42599; 68.56667;      -2.73837; 50.26335;80.00000;20.00000;0.66766;2
408.53299; 68.57667;      -2.73882; 50.23548;80.00000;20.00000;0.66761;2
408.62399; 68.58667;      -2.73922; 50.22490;80.00000;20.00000;0.66756;2
408.72800; 68.59667;      -2.73977; 50.21145;80.00000;20.00000;0.66751;2
408.83401; 68.60667;      -2.73966; 50.19703;80.00000;20.00000;0.66745;2
408.92599; 68.61667;      -2.73963; 50.18358;80.00000;20.00000;0.66741;2
409.03101; 68.62667;      -2.73974; 50.16531;80.00000;20.00000;0.66735;2
409.13101; 68.63667;      -2.74061; 50.15378;80.00000;20.00000;0.66730;2
409.22699; 68.64667;      -2.74092; 50.13936;80.00000;20.00000;0.66725;2
409.32501; 68.65667;      -2.74112; 50.12591;80.00000;20.00000;0.66720;2
409.42599; 68.66667;      -2.74133; 50.10669;80.00000;20.00000;0.66715;2
409.52899; 68.67667;      -2.74188; 50.09131;80.00000;20.00000;0.66710;2
409.62701; 68.68667;      -2.74230; 50.07208;80.00000;20.00000;0.66705;2
409.73401; 68.69667;      -2.74275; 50.05286;80.00000;20.00000;0.66700;2
409.82199; 68.70667;      -2.74304; 50.03941;80.00000;20.00000;0.66695;2
409.92099; 68.71667;      -2.74369; 50.02307;80.00000;20.00000;0.66690;2
410.02301; 68.72667;      -2.74412; 49.99808;80.00000;20.00000;0.66685;2
410.12500; 68.73667;      -2.74466; 49.99423;80.00000;20.00000;0.66680;2
410.21399; 68.74667;      -2.74485; 49.97789;80.00000;20.00000;0.66675;2
410.31601; 68.75667;      -2.74528; 49.95675;80.00000;20.00000;0.66670;2
410.41901; 68.76667;      -2.74506; 49.94329;80.00000;20.00000;0.66665;2
410.51801; 68.77667;      -2.74493; 49.92503;80.00000;20.00000;0.66660;2
410.61401; 68.78667;      -2.74480; 49.91350;80.00000;20.00000;0.66655;2
410.72299; 68.79667;      -2.74503; 49.89908;80.00000;20.00000;0.66649;2
410.81500; 68.80667;      -2.74556; 49.88563;80.00000;20.00000;0.66645;2
410.91699; 68.81667;      -2.74676; 49.86736;80.00000;20.00000;0.66640;2
411.01099; 68.82667;      -2.74762; 49.85583;80.00000;20.00000;0.66635;2
411.11301; 68.83667;      -2.74783; 49.84334;80.00000;20.00000;0.66630;2
411.22000; 68.84667;      -2.74695; 49.82027;80.00000;20.00000;0.66624;2
411.31500; 68.85667;      -2.74693; 49.81162;80.00000;20.00000;0.66619;2
411.41599; 68.86667;      -2.74736; 49.79720;80.00000;20.00000;0.66614;2
411.51801; 68.87667;      -2.74736; 49.78375;80.00000;20.00000;0.66609;2
411.61401; 68.88667;      -2.74734; 49.76356;80.00000;20.00000;0.66604;2
411.70599; 68.89667;      -2.74764; 49.74914;80.00000;20.00000;0.66599;2
411.80301; 68.90667;      -2.74828; 49.73569;80.00000;20.00000;0.66595;2
411.90900; 68.91667;      -2.74884; 49.71358;80.00000;20.00000;0.66589;2
412.00500; 68.92667;      -2.74926; 49.69917;80.00000;20.00000;0.66584;2
412.10101; 68.93667;      -2.74946; 49.68475;80.00000;20.00000;0.66579;2
412.20901; 68.94667;      -2.74947; 49.66841;80.00000;20.00000;0.66574;2
412.30801; 68.95667;      -2.74956; 49.65688;80.00000;20.00000;0.66569;2
412.40399; 68.96667;      -2.74954; 49.64342;80.00000;20.00000;0.66564;2
412.51099; 68.97667;      -2.75021; 49.62612;80.00000;20.00000;0.66559;2
412.60001; 68.98667;      -2.75095; 49.61555;80.00000;20.00000;0.66554;2
412.70801; 68.99667;      -2.75139; 49.60305;80.00000;20.00000;0.66549;2
412.79999; 69.00667;      -2.75192; 49.58575;80.00000;20.00000;0.66544;2
412.90399; 69.01667;      -2.75181; 49.57422;80.00000;20.00000;0.66539;2
413.00601; 69.02667;      -2.75213; 49.55980;80.00000;20.00000;0.66533;2
413.09799; 69.03667;      -2.75276; 49.54538;80.00000;20.00000;0.66529;2
413.20499; 69.04667;      -2.75288; 49.53289;80.00000;20.00000;0.66523;2
413.30701; 69.05667;      -2.75320; 49.52040;80.00000;20.00000;0.66518;2
413.41101; 69.06667;      -2.75342; 49.50309;80.00000;20.00000;0.66513;2
413.50900; 69.07667;      -2.75319; 49.48964;80.00000;20.00000;0.66508;2
413.60800; 69.08667;      -2.75329; 49.47522;80.00000;20.00000;0.66503;2
413.71100; 69.09667;      -2.75361; 49.45312;80.00000;20.00000;0.66498;2
413.80499; 69.10667;      -2.75381; 49.44447;80.00000;20.00000;0.66493;2
413.89301; 69.11667;      -2.75389; 49.42140;80.00000;20.00000;0.66488;2
414.00201; 69.12667;      -2.75434; 49.40794;80.00000;20.00000;0.66483;2
414.10199; 69.13667;      -2.75477; 49.39160;80.00000;20.00000;0.66478;2
414.20300; 69.14667;      -2.75465; 49.37623;80.00000;20.00000;0.66473;2
414.30301; 69.15667;      -2.75453; 49.35604;80.00000;20.00000;0.66468;2
414.40100; 69.16667;      -2.75496; 49.34162;80.00000;20.00000;0.66463;2
414.49799; 69.17667;      -2.75516; 49.33297;80.00000;20.00000;0.66458;2
414.60199; 69.18667;      -2.75593; 49.31567;80.00000;20.00000;0.66452;2
414.69699; 69.19667;      -2.75635; 49.29741;80.00000;20.00000;0.66448;2
414.79700; 69.20667;      -2.75634; 49.28396;80.00000;20.00000;0.66442;2
414.89600; 69.21667;      -2.75611; 49.26666;80.00000;20.00000;0.66437;2
414.99500; 69.22667;      -2.75588; 49.25224;80.00000;20.00000;0.66432;2
415.10001; 69.23667;      -2.75610; 49.23398;80.00000;20.00000;0.66427;2
415.19299; 69.24667;      -2.75607; 49.21860;80.00000;20.00000;0.66422;2
415.29599; 69.25667;      -2.75684; 49.20418;80.00000;20.00000;0.66417;2
415.39001; 69.26667;      -2.75660; 49.18688;80.00000;20.00000;0.66412;2
415.48999; 69.27667;      -2.75670; 49.17150;80.00000;20.00000;0.66407;2
415.58899; 69.28667;      -2.75669; 49.15805;80.00000;20.00000;0.66402;2
415.69400; 69.29667;      -2.75669; 49.14171;80.00000;20.00000;0.66397;2
415.79401; 69.30667;      -2.75701; 49.12921;80.00000;20.00000;0.66392;2
415.89700; 69.31667;      -2.75723; 49.11672;80.00000;20.00000;0.66387;2
416.00000; 69.32667;      -2.75744; 49.10134;80.00000;20.00000;0.66381;2
416.07501; 69.33667;      -2.75749; 49.09365;80.00000;20.00000;0.66377;2
416.19101; 69.34667;      -2.75785; 49.08116;80.00000;20.00000;0.66372;2
416.29099; 69.35667;      -2.75762; 49.06482;80.00000;20.00000;0.66366;2
416.38501; 69.36667;      -2.75715; 49.04944;80.00000;20.00000;0.66362;2
416.49100; 69.37667;      -2.75705; 49.03598;80.00000;20.00000;0.66356;2
416.58899; 69.38667;      -2.75803; 49.02253;80.00000;20.00000;0.66351;2
416.68301; 69.39667;      -2.75800; 49.00811;80.00000;20.00000;0.66347;2
416.79401; 69.40667;      -2.75780; 48.99273;80.00000;20.00000;0.66341;2
416.88599; 69.41667;      -2.75799; 48.98024;80.00000;20.00000;0.66336;2
416.98199; 69.42667;      -2.75819; 48.96294;80.00000;20.00000;0.66331;2
417.08899; 69.43667;      -2.75787; 48.95044;80.00000;20.00000;0.66326;2
417.17899; 69.44667;      -2.75773; 48.93603;80.00000;20.00000;0.66321;2
417.28299; 69.45667;      -2.75761; 48.91296;80.00000;20.00000;0.66316;2
417.38300; 69.46667;      -2.75727; 48.90623;80.00000;20.00000;0.66311;2
417.48099; 69.47667;      -2.75781; 48.89374;80.00000;20.00000;0.66306;2
417.58200; 69.48667;      -2.75814; 48.86875;80.00000;20.00000;0.66301;2
417.68399; 69.49667;      -2.75868; 48.86586;80.00000;20.00000;0.66296;2
417.78400; 69.50667;      -2.75856; 48.85433;80.00000;20.00000;0.66291;2
417.88101; 69.51667;      -2.75855; 48.83126;80.00000;20.00000;0.66286;2
417.97501; 69.52667;      -2.75886; 48.82165;80.00000;20.00000;0.66281;2
418.07599; 69.53667;      -2.75940; 48.80916;80.00000;20.00000;0.66276;2
418.17401; 69.54667;      -2.75950; 48.78609;80.00000;20.00000;0.66271;2
418.28000; 69.55667;      -2.75873; 48.77648;80.00000;20.00000;0.66265;2
418.38000; 69.56667;      -2.75949; 48.76398;80.00000;20.00000;0.66260;2
418.47699; 69.57667;      -2.75970; 48.74957;80.00000;20.00000;0.66255;2
418.57700; 69.58667;      -2.75925; 48.73707;80.00000;20.00000;0.66250;2
418.66400; 69.59667;      -2.75899; 48.71881;80.00000;20.00000;0.66246;2
418.77200; 69.60667;      -2.75889; 48.70728;80.00000;20.00000;0.66240;2
418.87900; 69.61667;      -2.75889; 48.69286;80.00000;20.00000;0.66235;2
418.97800; 69.62667;      -2.75877; 48.67940;80.00000;20.00000;0.66230;2
419.07001; 69.63667;      -2.75930; 48.66018;80.00000;20.00000;0.66225;2
419.17499; 69.64667;      -2.75974; 48.64480;80.00000;20.00000;0.66220;2
419.27600; 69.65667;      -2.76006; 48.62750;80.00000;20.00000;0.66215;2
419.37601; 69.66667;      -2.76039; 48.62462;80.00000;20.00000;0.66210;2
419.47101; 69.67667;      -2.76037; 48.60636;80.00000;20.00000;0.66205;2
419.57001; 69.68667;      -2.76091; 48.59002;80.00000;20.00000;0.66200;2
419.66699; 69.69667;      -2.76067; 48.57752;80.00000;20.00000;0.66195;2
419.76300; 69.70667;      -2.76132; 48.57368;80.00000;20.00000;0.66190;2
419.85699; 69.71667;      -2.76174; 48.55350;80.00000;20.00000;0.66185;2
419.96600; 69.72667;      -2.76208; 48.53908;80.00000;20.00000;0.66180;2
420.06601; 69.73667;      -2.76163; 48.52274;80.00000;20.00000;0.66174;2
420.16199; 69.74667;      -2.76172; 48.50160;80.00000;20.00000;0.66170;2
420.26401; 69.75667;      -2.76161; 48.48237;80.00000;20.00000;0.66164;2
420.36200; 69.76667;      -2.76193; 48.46892;80.00000;20.00000;0.66159;2
420.45999; 69.77667;      -2.76236; 48.45450;80.00000;20.00000;0.66154;2
420.55701; 69.78667;      -2.76278; 48.44104;80.00000;20.00000;0.66149;2
420.66400; 69.79667;      -2.76246; 48.42278;80.00000;20.00000;0.66144;2
420.76401; 69.80667;      -2.76334; 48.40837;80.00000;20.00000;0.66139;2
420.85999; 69.81667;      -2.76332; 48.38914;80.00000;20.00000;0.66134;2
420.96100; 69.82667;      -2.76464; 48.37088;80.00000;20.00000;0.66129;2
421.05600; 69.83667;      -2.76507; 48.35743;80.00000;20.00000;0.66124;2
421.14700; 69.84667;      -2.76493; 48.34301;80.00000;20.00000;0.66119;2
421.25800; 69.85667;      -2.76461; 48.32667;80.00000;20.00000;0.66114;2
421.34399; 69.86667;      -2.76457; 48.31321;80.00000;20.00000;0.66109;2
421.45801; 69.87667;      -2.76492; 48.30456;80.00000;20.00000;0.66104;2
421.55301; 69.88667;      -2.76535; 48.27765;80.00000;20.00000;0.66099;2
421.66501; 69.89667;      -2.76525; 48.27669;80.00000;20.00000;0.66093;2
421.75400; 69.90667;      -2.76578; 48.26516;80.00000;20.00000;0.66089;2
421.86600; 69.91667;      -2.76601; 48.24882;80.00000;20.00000;0.66083;2
421.94901; 69.92667;      -2.76564; 48.22671;80.00000;20.00000;0.66079;2
422.05701; 69.93667;      -2.76576; 48.22575;80.00000;20.00000;0.66073;2
422.15100; 69.94667;      -2.76651; 48.20557;80.00000;20.00000;0.66068;2
422.24399; 69.95667;      -2.76638; 48.18346;80.00000;20.00000;0.66064;2
422.36099; 69.96667;      -2.76663; 48.17481;80.00000;20.00000;0.66058;2
422.45401; 69.97667;      -2.76749; 48.15847;80.00000;20.00000;0.66053;2
422.55099; 69.98667;      -2.76770; 48.14694;80.00000;20.00000;0.66048;2
422.64899; 69.99667;      -2.76713; 48.12964;80.00000;20.00000;0.66043;2
422.74799; 70.00667;      -2.76734; 48.11426;80.00000;20.00000;0.66038;2
422.84900; 70.01667;      -2.76778; 48.09888;80.00000;20.00000;0.66033;2
422.94901; 70.02667;      -2.76777; 48.07678;80.00000;20.00000;0.66028;2
423.05301; 70.03667;      -2.76810; 48.06716;80.00000;20.00000;0.66022;2
423.15100; 70.04667;      -2.76853; 48.04986;80.00000;20.00000;0.66017;2
423.24500; 70.05667;      -2.76873; 48.02487;80.00000;20.00000;0.66013;2
423.34100; 70.06667;      -2.76927; 48.01719;80.00000;20.00000;0.66008;2
423.45001; 70.07667;      -2.76962; 47.99796;80.00000;20.00000;0.66002;2
423.54401; 70.08667;      -2.76948; 47.98162;80.00000;20.00000;0.65997;2
423.63699; 70.09667;      -2.77035; 47.96528;80.00000;20.00000;0.65993;2
423.74701; 70.10667;      -2.77047; 47.95567;80.00000;20.00000;0.65987;2
423.84399; 70.11667;      -2.77024; 47.92972;80.00000;20.00000;0.65982;2
423.94901; 70.12667;      -2.76935; 47.92107;80.00000;20.00000;0.65977;2
424.04300; 70.13667;      -2.77011; 47.90281;80.00000;20.00000;0.65972;2
424.13800; 70.14667;      -2.77064; 47.88743;80.00000;20.00000;0.65967;2
424.24100; 70.15667;      -2.77075; 47.86148;80.00000;20.00000;0.65962;2
424.34299; 70.16667;      -2.77041; 47.85475;80.00000;20.00000;0.65957;2
424.43301; 70.17667;      -2.77072; 47.83265;80.00000;20.00000;0.65952;2
424.53601; 70.18667;      -2.77083; 47.81823;80.00000;20.00000;0.65947;2
424.64099; 70.19667;      -2.77105; 47.80958;80.00000;20.00000;0.65942;2
424.73801; 70.20667;      -2.77115; 47.78459;80.00000;20.00000;0.65937;2
424.83499; 70.21667;      -2.77180; 47.77017;80.00000;20.00000;0.65932;2
424.94199; 70.22667;      -2.77170; 47.76152;80.00000;20.00000;0.65926;2
425.03601; 70.23667;      -2.77168; 47.74326;80.00000;20.00000;0.65921;2
425.13501; 70.24667;      -2.77200; 47.71731;80.00000;20.00000;0.65916;2
425.23300; 70.25667;      -2.77254; 47.70962;80.00000;20.00000;0.65911;2
425.33701; 70.26667;      -2.77288; 47.69521;80.00000;20.00000;0.65906;2
425.42300; 70.27667;      -2.77284; 47.68175;80.00000;20.00000;0.65902;2
425.52802; 70.28667;      -2.77273; 47.65964;80.00000;20.00000;0.65896;2
425.63199; 70.29667;      -2.77262; 47.64811;80.00000;20.00000;0.65891;2
425.73700; 70.30667;      -2.77273; 47.63946;80.00000;20.00000;0.65886;2
425.83801; 70.31667;      -2.77295; 47.62504;80.00000;20.00000;0.65881;2
425.92599; 70.32667;      -2.77347; 47.60967;80.00000;20.00000;0.65876;2
426.03400; 70.33667;      -2.77359; 47.60390;80.00000;20.00000;0.65871;2
426.12900; 70.34667;      -2.77413; 47.58948;80.00000;20.00000;0.65866;2
426.23001; 70.35667;      -2.77446; 47.56545;80.00000;20.00000;0.65861;2
426.32599; 70.36667;      -2.77444; 47.56257;80.00000;20.00000;0.65856;2
426.42401; 70.37667;      -2.77454; 47.55007;80.00000;20.00000;0.65851;2
426.52399; 70.38667;      -2.77464; 47.53181;80.00000;20.00000;0.65846;2
426.63101; 70.39667;      -2.77432; 47.52509;80.00000;20.00000;0.65840;2
426.73099; 70.40667;      -2.77420; 47.51932;80.00000;20.00000;0.65835;2
426.82901; 70.41667;      -2.77419; 47.50490;80.00000;20.00000;0.65830;2
426.92899; 70.42667;      -2.77485; 47.48568;80.00000;20.00000;0.65825;2
427.02499; 70.43667;      -2.77539; 47.47895;80.00000;20.00000;0.65820;2
427.12000; 70.44667;      -2.77537; 47.47703;80.00000;20.00000;0.65815;2
427.22198; 70.45667;      -2.77514; 47.46261;80.00000;20.00000;0.65810;2
427.32401; 70.46667;      -2.77592; 47.44531;80.00000;20.00000;0.65805;2
427.42599; 70.47667;      -2.77636; 47.43282;80.00000;20.00000;0.65800;2
427.52200; 70.48667;      -2.77634; 47.42993;80.00000;20.00000;0.65795;2
427.62399; 70.49667;      -2.77612; 47.40879;80.00000;20.00000;0.65790;2
427.71899; 70.50667;      -2.77588; 47.39629;80.00000;20.00000;0.65785;2
427.82101; 70.51667;      -2.77632; 47.39245;80.00000;20.00000;0.65779;2
427.91901; 70.52667;      -2.77620; 47.37419;80.00000;20.00000;0.65774;2
428.01300; 70.53667;      -2.77617; 47.35689;80.00000;20.00000;0.65770;2
428.11499; 70.54667;      -2.77651; 47.35016;80.00000;20.00000;0.65764;2
428.22000; 70.55667;      -2.77695; 47.33863;80.00000;20.00000;0.65759;2
428.31900; 70.56667;      -2.77694; 47.32229;80.00000;20.00000;0.65754;2
428.41101; 70.57667;      -2.77703; 47.30595;80.00000;20.00000;0.65749;2
428.51801; 70.58667;      -2.77693; 47.30306;80.00000;20.00000;0.65744;2
428.61801; 70.59667;      -2.77681; 47.28769;80.00000;20.00000;0.65739;2
428.71899; 70.60667;      -2.77691; 47.26846;80.00000;20.00000;0.65734;2
428.81299; 70.61667;      -2.77600; 47.26654;80.00000;20.00000;0.65729;2
428.91199; 70.62667;      -2.77543; 47.25405;80.00000;20.00000;0.65724;2
429.01099; 70.63667;      -2.77553; 47.24059;80.00000;20.00000;0.65719;2
429.11600; 70.64667;      -2.77587; 47.22233;80.00000;20.00000;0.65713;2
429.20999; 70.65667;      -2.77630; 47.22041;80.00000;20.00000;0.65709;2
429.31100; 70.66667;      -2.77629; 47.20791;80.00000;20.00000;0.65703;2
429.40500; 70.67667;      -2.77638; 47.19253;80.00000;20.00000;0.65699;2
429.50900; 70.68667;      -2.77638; 47.17716;80.00000;20.00000;0.65693;2
429.60800; 70.69667;      -2.77615; 47.16658;80.00000;20.00000;0.65688;2
429.70599; 70.70667;      -2.77614; 47.14832;80.00000;20.00000;0.65683;2
429.80301; 70.71667;      -2.77657; 47.13487;80.00000;20.00000;0.65678;2
429.91800; 70.72667;      -2.77660; 47.12141;80.00000;20.00000;0.65673;2
430.00500; 70.73667;      -2.77667; 47.10699;80.00000;20.00000;0.65668;2
430.10699; 70.74667;      -2.77689; 47.08777;80.00000;20.00000;0.65663;2
430.20499; 70.75667;      -2.77722; 47.07528;80.00000;20.00000;0.65658;2
430.31000; 70.76667;      -2.77677; 47.06470;80.00000;20.00000;0.65653;2
430.40302; 70.77667;      -2.77686; 47.04548;80.00000;20.00000;0.65648;2
430.49799; 70.78667;      -2.77651; 47.03299;80.00000;20.00000;0.65643;2
430.60101; 70.79667;      -2.77639; 47.02145;80.00000;20.00000;0.65638;2
430.70499; 70.80667;      -2.77617; 47.00511;80.00000;20.00000;0.65632;2
430.81299; 70.81667;      -2.77652; 46.98877;80.00000;20.00000;0.65627;2
430.89700; 70.82667;      -2.77647; 46.98108;80.00000;20.00000;0.65623;2
431.00500; 70.83667;      -2.77727; 46.96186;80.00000;20.00000;0.65617;2
431.10199; 70.84667;      -2.77759; 46.94745;80.00000;20.00000;0.65612;2
431.19901; 70.85667;      -2.77701; 46.93207;80.00000;20.00000;0.65607;2
431.29999; 70.86667;      -2.77690; 46.91188;80.00000;20.00000;0.65602;2
431.39001; 70.87667;      -2.77687; 46.90227;80.00000;20.00000;0.65597;2
431.48999; 70.88667;      -2.77664; 46.89170;80.00000;20.00000;0.65592;2
431.60001; 70.89667;      -2.77766; 46.87344;80.00000;20.00000;0.65587;2
431.70099; 70.90667;      -2.77765; 46.86190;80.00000;20.00000;0.65582;2
431.80301; 70.91667;      -2.77810; 46.84364;80.00000;20.00000;0.65576;2
431.89600; 70.92667;      -2.77807; 46.82923;80.00000;20.00000;0.65572;2
431.98999; 70.93667;      -2.77772; 46.82058;80.00000;20.00000;0.65567;2
432.09299; 70.94667;      -2.77760; 46.80424;80.00000;20.00000;0.65562;2
432.18500; 70.95667;      -2.77747; 46.78694;80.00000;20.00000;0.65557;2
432.28799; 70.96667;      -2.77825; 46.78117;80.00000;20.00000;0.65552;2
432.39600; 70.97667;      -2.77815; 46.76291;80.00000;20.00000;0.65546;2
432.49899; 70.98667;      -2.77848; 46.74849;80.00000;20.00000;0.65541;2
432.58801; 70.99667;      -2.77879; 46.73119;80.00000;20.00000;0.65536;2
432.68100; 71.00667;      -2.77921; 46.71773;80.00000;20.00000;0.65532;2
432.78400; 71.01667;      -2.77899; 46.70332;80.00000;20.00000;0.65526;2
432.88800; 71.02667;      -2.77910; 46.68410;80.00000;20.00000;0.65521;2
432.98300; 71.03667;      -2.77863; 46.66968;80.00000;20.00000;0.65516;2
433.08099; 71.04667;      -2.77896; 46.65814;80.00000;20.00000;0.65511;2
433.17999; 71.05667;      -2.77884; 46.64373;80.00000;20.00000;0.65506;2
433.27600; 71.06667;      -2.77860; 46.62931;80.00000;20.00000;0.65501;2
433.38699; 71.07667;      -2.77873; 46.61201;80.00000;20.00000;0.65496;2
433.48099; 71.08667;      -2.77983; 46.60048;80.00000;20.00000;0.65491;2
433.58099; 71.09667;      -2.78004; 46.57837;80.00000;20.00000;0.65486;2
433.68100; 71.10667;      -2.78003; 46.56588;80.00000;20.00000;0.65481;2
433.78299; 71.11667;      -2.78059; 46.55723;80.00000;20.00000;0.65475;2
433.88000; 71.12667;      -2.78058; 46.53128;80.00000;20.00000;0.65470;2
433.97000; 71.13667;      -2.78032; 46.52551;80.00000;20.00000;0.65466;2
434.07999; 71.14667;      -2.78023; 46.51494;80.00000;20.00000;0.65460;2
434.18100; 71.15667;      -2.78045; 46.49956;80.00000;20.00000;0.65455;2
434.27399; 71.16667;      -2.78031; 46.48514;80.00000;20.00000;0.65450;2
434.37500; 71.17667;      -2.78087; 46.46784;80.00000;20.00000;0.65445;2
434.47699; 71.18667;      -2.78154; 46.45631;80.00000;20.00000;0.65440;2
434.57999; 71.19667;      -2.78131; 46.43420;80.00000;20.00000;0.65435;2
434.66901; 71.20667;      -2.78162; 46.41978;80.00000;20.00000;0.65430;2
434.76901; 71.21667;      -2.78183; 46.41978;80.00000;20.00000;0.65425;2
434.87000; 71.22667;      -2.78172; 46.41306;80.00000;20.00000;0.65420;2
434.96899; 71.23667;      -2.78204; 46.40441;80.00000;20.00000;0.65415;2
435.06900; 71.24667;      -2.78282; 46.38903;80.00000;20.00000;0.65410;2
435.16299; 71.25667;      -2.78336; 46.36404;80.00000;20.00000;0.65405;2
435.26300; 71.26667;      -2.78347; 46.32752;80.00000;20.00000;0.65400;2
435.37299; 71.27667;      -2.78382; 46.30637;80.00000;20.00000;0.65394;2
435.46201; 71.28667;      -2.78412; 46.28907;80.00000;20.00000;0.65390;2
435.56601; 71.29667;      -2.78446; 46.27465;80.00000;20.00000;0.65384;2
435.66501; 71.30667;      -2.78445; 46.26120;80.00000;20.00000;0.65379;2
435.76300; 71.31667;      -2.78433; 46.26120;80.00000;20.00000;0.65374;2
435.86899; 71.32667;      -2.78501; 46.26312;80.00000;20.00000;0.65369;2
435.95599; 71.33667;      -2.78554; 46.24486;80.00000;20.00000;0.65364;2
436.06699; 71.34667;      -2.78533; 46.23909;80.00000;20.00000;0.65359;2
436.16101; 71.35667;      -2.78553; 46.22275;80.00000;20.00000;0.65354;2
436.25601; 71.36667;      -2.78585; 46.21122;80.00000;20.00000;0.65349;2
436.36200; 71.37667;      -2.78664; 46.20833;80.00000;20.00000;0.65344;2
436.46100; 71.38667;      -2.78652; 46.19584;80.00000;20.00000;0.65339;2
436.55899; 71.39667;      -2.78550; 46.18815;80.00000;20.00000;0.65334;2
436.64999; 71.40667;      -2.78626; 46.17181;80.00000;20.00000;0.65329;2
436.75601; 71.41667;      -2.78660; 46.16028;80.00000;20.00000;0.65324;2
436.86801; 71.42667;      -2.78752; 46.15836;80.00000;20.00000;0.65318;2
436.97000; 71.43667;      -2.78819; 46.14490;80.00000;20.00000;0.65313;2
437.05801; 71.44667;      -2.78782; 46.11703;80.00000;20.00000;0.65308;2
437.15201; 71.45667;      -2.78803; 46.10165;80.00000;20.00000;0.65303;2
437.26099; 71.46667;      -2.78827; 46.09492;80.00000;20.00000;0.65298;2
437.35699; 71.47667;      -2.78848; 46.08723;80.00000;20.00000;0.65293;2
437.45499; 71.48667;      -2.78858; 46.07474;80.00000;20.00000;0.65288;2
437.54700; 71.49667;      -2.78833; 46.05744;80.00000;20.00000;0.65283;2
437.65201; 71.50667;      -2.78822; 46.05648;80.00000;20.00000;0.65278;2
437.75000; 71.51667;      -2.78855; 46.05744;80.00000;20.00000;0.65273;2
437.86301; 71.52667;      -2.78846; 46.05359;80.00000;20.00000;0.65267;2
437.95300; 71.53667;      -2.78854; 46.03821;80.00000;20.00000;0.65262;2
438.05600; 71.54667;      -2.78933; 46.03053;80.00000;20.00000;0.65257;2
438.15701; 71.55667;      -2.78977; 46.01130;80.00000;20.00000;0.65252;2
438.25299; 71.56667;      -2.78942; 46.00554;80.00000;20.00000;0.65247;2
438.34500; 71.57667;      -2.78906; 45.99977;80.00000;20.00000;0.65242;2
438.45401; 71.58667;      -2.78862; 45.98631;80.00000;20.00000;0.65237;2
438.55301; 71.59667;      -2.78906; 45.97766;80.00000;20.00000;0.65232;2
438.65601; 71.60667;      -2.78940; 45.95844;80.00000;20.00000;0.65226;2
438.76001; 71.61667;      -2.78997; 45.95267;80.00000;20.00000;0.65221;2
438.86499; 71.62667;      -2.78986; 45.94210;80.00000;20.00000;0.65216;2
438.95401; 71.63667;      -2.78994; 45.92672;80.00000;20.00000;0.65211;2
439.04401; 71.64667;      -2.78969; 45.91231;80.00000;20.00000;0.65207;2
439.15100; 71.65667;      -2.78947; 45.90366;80.00000;20.00000;0.65201;2
439.24100; 71.66667;      -2.78978; 45.88924;80.00000;20.00000;0.65197;2
439.34299; 71.67667;      -2.78944; 45.86425;80.00000;20.00000;0.65191;2
439.45001; 71.68667;      -2.79001; 45.86041;80.00000;20.00000;0.65186;2
439.53799; 71.69667;      -2.79009; 45.84407;80.00000;20.00000;0.65181;2
439.64301; 71.70667;      -2.79032; 45.82388;80.00000;20.00000;0.65176;2
439.74100; 71.71667;      -2.78975; 45.81427;80.00000;20.00000;0.65171;2
439.84100; 71.72667;      -2.78963; 45.80082;80.00000;20.00000;0.65166;2
439.93701; 71.73667;      -2.78962; 45.78544;80.00000;20.00000;0.65161;2
440.03799; 71.74667;      -2.78950; 45.76910;80.00000;20.00000;0.65156;2
440.13400; 71.75667;      -2.78926; 45.75756;80.00000;20.00000;0.65151;2
440.23700; 71.76667;      -2.78960; 45.74219;80.00000;20.00000;0.65146;2
440.33099; 71.77667;      -2.79003; 45.72777;80.00000;20.00000;0.65141;2
440.43799; 71.78667;      -2.79026; 45.71239;80.00000;20.00000;0.65135;2
440.52701; 71.79667;      -2.79079; 45.69894;80.00000;20.00000;0.65131;2
440.63400; 71.80667;      -2.79125; 45.67779;80.00000;20.00000;0.65125;2
440.73599; 71.81667;      -2.79193; 45.67010;80.00000;20.00000;0.65120;2
440.83401; 71.82667;      -2.79158; 45.66241;80.00000;20.00000;0.65115;2
440.92999; 71.83667;      -2.79224; 45.63934;80.00000;20.00000;0.65110;2
441.04001; 71.84667;      -2.79271; 45.63262;80.00000;20.00000;0.65105;2
441.13699; 71.85667;      -2.79281; 45.62301;80.00000;20.00000;0.65100;2
441.23300; 71.86667;      -2.79257; 45.61243;80.00000;20.00000;0.65095;2
441.32401; 71.87667;      -2.79232; 45.59706;80.00000;20.00000;0.65090;2
441.43100; 71.88667;      -2.79278; 45.58264;80.00000;20.00000;0.65085;2
441.52802; 71.89667;      -2.79333; 45.57591;80.00000;20.00000;0.65080;2
441.62500; 71.90667;      -2.79354; 45.56534;80.00000;20.00000;0.65075;2
441.73199; 71.91667;      -2.79366; 45.54804;80.00000;20.00000;0.65069;2
441.82999; 71.92667;      -2.79388; 45.54612;80.00000;20.00000;0.65064;2
441.92700; 71.93667;      -2.79386; 45.53843;80.00000;20.00000;0.65059;2
442.03699; 71.94667;      -2.79411; 45.52305;80.00000;20.00000;0.65054;2
442.13400; 71.95667;      -2.79454; 45.50959;80.00000;20.00000;0.65049;2
442.22699; 71.96667;      -2.79464; 45.49710;80.00000;20.00000;0.65044;2
442.32401; 71.97667;      -2.79440; 45.48845;80.00000;20.00000;0.65039;2
442.42499; 71.98667;      -2.79473; 45.47499;80.00000;20.00000;0.65034;2
442.52600; 71.99667;      -2.79484; 45.45769;80.00000;20.00000;0.65029;2
442.62100; 72.00667;      -2.79505; 45.44904;80.00000;20.00000;0.65024;2
442.72800; 72.01667;      -2.79506; 45.44039;80.00000;20.00000;0.65018;2
442.82999; 72.02667;      -2.79517; 45.42213;80.00000;20.00000;0.65013;2
442.92899; 72.03667;      -2.79550; 45.41348;80.00000;20.00000;0.65008;2
443.02399; 72.04667;      -2.79571; 45.40483;80.00000;20.00000;0.65003;2
443.12701; 72.05667;      -2.79582; 45.38657;80.00000;20.00000;0.64998;2
443.22198; 72.06667;      -2.79626; 45.37792;80.00000;20.00000;0.64993;2
443.32800; 72.07667;      -2.79683; 45.37311;80.00000;20.00000;0.64988;2
443.41901; 72.08667;      -2.79692; 45.35966;80.00000;20.00000;0.64983;2
443.53000; 72.09667;      -2.79682; 45.34139;80.00000;20.00000;0.64977;2
443.62299; 72.10667;      -2.79624; 45.33274;80.00000;20.00000;0.64973;2
443.72501; 72.11667;      -2.79612; 45.32794;80.00000;20.00000;0.64967;2
443.82999; 72.12667;      -2.79557; 45.31448;80.00000;20.00000;0.64962;2
443.92999; 72.13667;      -2.79624; 45.30487;80.00000;20.00000;0.64957;2
444.02100; 72.14667;      -2.79644; 45.28565;80.00000;20.00000;0.64952;2
444.11200; 72.15667;      -2.79630; 45.27604;80.00000;20.00000;0.64948;2
444.20999; 72.16667;      -2.79561; 45.27123;80.00000;20.00000;0.64943;2
444.32300; 72.17667;      -2.79496; 45.25585;80.00000;20.00000;0.64937;2
444.41501; 72.18667;      -2.79527; 45.24048;80.00000;20.00000;0.64932;2
444.51099; 72.19667;      -2.79605; 45.22414;80.00000;20.00000;0.64927;2
444.62100; 72.20667;      -2.79652; 45.21549;80.00000;20.00000;0.64922;2
444.70999; 72.21667;      -2.79615; 45.20203;80.00000;20.00000;0.64917;2
444.82300; 72.22667;      -2.79651; 45.18665;80.00000;20.00000;0.64911;2
444.91800; 72.23667;      -2.79593; 45.17320;80.00000;20.00000;0.64906;2
445.01099; 72.24667;      -2.79602; 45.16358;80.00000;20.00000;0.64902;2
445.11499; 72.25667;      -2.79681; 45.14821;80.00000;20.00000;0.64896;2
445.21100; 72.26667;      -2.79691; 45.13283;80.00000;20.00000;0.64891;2
445.31201; 72.27667;      -2.79714; 45.12995;80.00000;20.00000;0.64886;2
445.40701; 72.28667;      -2.79802; 45.11649;80.00000;20.00000;0.64881;2
445.51801; 72.29667;      -2.79827; 45.10111;80.00000;20.00000;0.64876;2
445.60999; 72.30667;      -2.79847; 45.08381;80.00000;20.00000;0.64871;2
445.70700; 72.31667;      -2.79857; 45.07420;80.00000;20.00000;0.64866;2
445.81000; 72.32667;      -2.79903; 45.06747;80.00000;20.00000;0.64861;2
445.90601; 72.33667;      -2.79912; 45.05594;80.00000;20.00000;0.64856;2
446.00400; 72.34667;      -2.79911; 45.03575;80.00000;20.00000;0.64851;2
446.10599; 72.35667;      -2.79866; 45.02614;80.00000;20.00000;0.64846;2
446.21201; 72.36667;      -2.79856; 45.02326;80.00000;20.00000;0.64840;2
446.30399; 72.37667;      -2.79842; 45.00884;80.00000;20.00000;0.64835;2
446.40500; 72.38667;      -2.79842; 44.99058;80.00000;20.00000;0.64830;2
446.50500; 72.39667;      -2.79943; 44.97809;80.00000;20.00000;0.64825;2
446.60101; 72.40667;      -2.80021; 44.97424;80.00000;20.00000;0.64820;2
446.70001; 72.41667;      -2.80031; 44.96079;80.00000;20.00000;0.64815;2
446.80301; 72.42667;      -2.80031; 44.95117;80.00000;20.00000;0.64810;2
446.90399; 72.43667;      -2.80076; 44.94156;80.00000;20.00000;0.64805;2
447.00699; 72.44667;      -2.80133; 44.93003;80.00000;20.00000;0.64799;2
447.10599; 72.45667;      -2.80132; 44.91561;80.00000;20.00000;0.64794;2
447.20099; 72.46667;      -2.80187; 44.90985;80.00000;20.00000;0.64790;2
447.30801; 72.47667;      -2.80155; 44.89735;80.00000;20.00000;0.64784;2
447.40201; 72.48667;      -2.80153; 44.88678;80.00000;20.00000;0.64779;2
447.49100; 72.49667;      -2.80138; 44.87332;80.00000;20.00000;0.64775;2
447.59799; 72.50667;      -2.80230; 44.85506;80.00000;20.00000;0.64769;2
447.69800; 72.51667;      -2.80252; 44.85218;80.00000;20.00000;0.64764;2
447.79700; 72.52667;      -2.80251; 44.83968;80.00000;20.00000;0.64759;2
447.89499; 72.53667;      -2.80250; 44.82527;80.00000;20.00000;0.64754;2
447.98599; 72.54667;      -2.80248; 44.80700;80.00000;20.00000;0.64749;2
448.08499; 72.55667;      -2.80304; 44.80412;80.00000;20.00000;0.64744;2
448.18900; 72.56667;      -2.80259; 44.79163;80.00000;20.00000;0.64739;2
448.28400; 72.57667;      -2.80280; 44.78105;80.00000;20.00000;0.64734;2
448.39099; 72.58667;      -2.80315; 44.76760;80.00000;20.00000;0.64729;2
448.49600; 72.59667;      -2.80327; 44.74934;80.00000;20.00000;0.64723;2
448.59201; 72.60667;      -2.80360; 44.74645;80.00000;20.00000;0.64718;2
448.69800; 72.61667;      -2.80394; 44.73780;80.00000;20.00000;0.64713;2
448.79199; 72.62667;      -2.80495; 44.72819;80.00000;20.00000;0.64708;2
448.88501; 72.63667;      -2.80504; 44.71474;80.00000;20.00000;0.64703;2
448.99399; 72.64667;      -2.80494; 44.70512;80.00000;20.00000;0.64698;2
449.08801; 72.65667;      -2.80492; 44.70128;80.00000;20.00000;0.64693;2
449.19000; 72.66667;      -2.80481; 44.68398;80.00000;20.00000;0.64688;2
449.28299; 72.67667;      -2.80490; 44.68206;80.00000;20.00000;0.64683;2
449.38599; 72.68667;      -2.80513; 44.68590;80.00000;20.00000;0.64678;2
449.48700; 72.69667;      -2.80592; 44.68302;80.00000;20.00000;0.64673;2
449.59000; 72.70667;      -2.80615; 44.68014;80.00000;20.00000;0.64667;2
449.69199; 72.71667;      -2.80638; 44.67245;80.00000;20.00000;0.64662;2
449.79199; 72.72667;      -2.80637; 44.65995;80.00000;20.00000;0.64657;2
449.88501; 72.73667;      -2.80658; 44.65130;80.00000;20.00000;0.64652;2
449.98700; 72.74667;      -2.80624; 44.63977;80.00000;20.00000;0.64647;2
450.08401; 72.75667;      -2.80623; 44.62727;80.00000;20.00000;0.64642;2
450.18799; 72.76667;      -2.80691; 44.62247;80.00000;20.00000;0.64637;2
450.28699; 72.77667;      -2.80747; 44.61382;80.00000;20.00000;0.64632;2
450.38199; 72.78667;      -2.80689; 44.60324;80.00000;20.00000;0.64627;2
450.48401; 72.79667;      -2.80700; 44.58498;80.00000;20.00000;0.64622;2
450.58701; 72.80667;      -2.80769; 44.57922;80.00000;20.00000;0.64616;2
450.68500; 72.81667;      -2.80836; 44.57153;80.00000;20.00000;0.64611;2
450.77701; 72.82667;      -2.80811; 44.56192;80.00000;20.00000;0.64607;2
450.88599; 72.83667;      -2.80790; 44.55038;80.00000;20.00000;0.64601;2
450.97601; 72.84667;      -2.80810; 44.53789;80.00000;20.00000;0.64596;2
451.08701; 72.85667;      -2.80869; 44.52539;80.00000;20.00000;0.64591;2
451.18500; 72.86667;      -2.80800; 44.50617;80.00000;20.00000;0.64586;2
451.28201; 72.87667;      -2.80798; 44.50233;80.00000;20.00000;0.64581;2
451.37601; 72.88667;      -2.80888; 44.49271;80.00000;20.00000;0.64576;2
451.47501; 72.89667;      -2.80910; 44.48022;80.00000;20.00000;0.64571;2
451.57800; 72.90667;      -2.80921; 44.47061;80.00000;20.00000;0.64566;2
451.66299; 72.91667;      -2.80895; 44.45619;80.00000;20.00000;0.64561;2
451.76300; 72.92667;      -2.80883; 44.44562;80.00000;20.00000;0.64556;2
451.87000; 72.93667;      -2.80850; 44.43985;80.00000;20.00000;0.64551;2
451.96600; 72.94667;      -2.80803; 44.42544;80.00000;20.00000;0.64546;2
452.07300; 72.95667;      -2.80816; 44.41582;80.00000;20.00000;0.64540;2
452.17300; 72.96667;      -2.80940; 44.39660;80.00000;20.00000;0.64535;2
452.26700; 72.97667;      -2.80972; 44.38699;80.00000;20.00000;0.64530;2
452.36499; 72.98667;      -2.80983; 44.37738;80.00000;20.00000;0.64525;2
452.47198; 72.99667;      -2.80984; 44.35816;80.00000;20.00000;0.64520;2
452.56500; 73.00667;      -2.81016; 44.34854;80.00000;20.00000;0.64515;2
452.67801; 73.01667;      -2.81053; 44.34374;80.00000;20.00000;0.64509;2
452.76700; 73.02667;      -2.81130; 44.33028;80.00000;20.00000;0.64505;2
452.87000; 73.03667;      -2.81107; 44.32067;80.00000;20.00000;0.64499;2
452.96301; 73.04667;      -2.81185; 44.30241;80.00000;20.00000;0.64495;2
453.06400; 73.05667;      -2.81230; 44.29280;80.00000;20.00000;0.64489;2
453.16800; 73.06667;      -2.81253; 44.28895;80.00000;20.00000;0.64484;2
453.25900; 73.07667;      -2.81285; 44.27838;80.00000;20.00000;0.64479;2
453.36801; 73.08667;      -2.81332; 44.26973;80.00000;20.00000;0.64474;2
453.46799; 73.09667;      -2.81377; 44.25435;80.00000;20.00000;0.64469;2
453.56000; 73.10667;      -2.81409; 44.23898;80.00000;20.00000;0.64464;2
453.65601; 73.11667;      -2.81396; 44.23898;80.00000;20.00000;0.64459;2
453.76001; 73.12667;      -2.81454; 44.23225;80.00000;20.00000;0.64454;2
453.86600; 73.13667;      -2.81455; 44.22456;80.00000;20.00000;0.64448;2
453.95499; 73.14667;      -2.81452; 44.21687;80.00000;20.00000;0.64444;2
454.07001; 73.15667;      -2.81443; 44.20053;80.00000;20.00000;0.64438;2
454.16699; 73.16667;      -2.81454; 44.18707;80.00000;20.00000;0.64433;2
454.26901; 73.17667;      -2.81454; 44.18419;80.00000;20.00000;0.64428;2
454.36801; 73.18667;      -2.81521; 44.17842;80.00000;20.00000;0.64423;2
454.45401; 73.19667;      -2.81564; 44.16977;80.00000;20.00000;0.64418;2
454.55899; 73.20667;      -2.81621; 44.16305;80.00000;20.00000;0.64413;2
454.66400; 73.21667;      -2.81622; 44.15247;80.00000;20.00000;0.64407;2
454.76501; 73.22667;      -2.81588; 44.14286;80.00000;20.00000;0.64402;2
454.85599; 73.23667;      -2.81540; 44.13517;80.00000;20.00000;0.64398;2
454.95700; 73.24667;      -2.81539; 44.12941;80.00000;20.00000;0.64392;2
455.05801; 73.25667;      -2.81528; 44.11499;80.00000;20.00000;0.64387;2
455.15900; 73.26667;      -2.81573; 44.10442;80.00000;20.00000;0.64382;2
455.25800; 73.27667;      -2.81630; 44.10153;80.00000;20.00000;0.64377;2
455.35400; 73.28667;      -2.81594; 44.09384;80.00000;20.00000;0.64372;2
455.46301; 73.29667;      -2.81664; 44.08423;80.00000;20.00000;0.64367;2
455.55099; 73.30667;      -2.81638; 44.07751;80.00000;20.00000;0.64362;2
455.65100; 73.31667;      -2.81638; 44.06501;80.00000;20.00000;0.64357;2
455.75900; 73.32667;      -2.81617; 44.05156;80.00000;20.00000;0.64351;2
455.85400; 73.33667;      -2.81638; 44.04579;80.00000;20.00000;0.64346;2
455.95200; 73.34667;      -2.81660; 44.03522;80.00000;20.00000;0.64341;2
456.05600; 73.35667;      -2.81683; 44.02753;80.00000;20.00000;0.64336;2
456.15201; 73.36667;      -2.81728; 44.02176;80.00000;20.00000;0.64331;2
456.24799; 73.37667;      -2.81886; 44.01023;80.00000;20.00000;0.64326;2
456.35699; 73.38667;      -2.81876; 44.00062;80.00000;20.00000;0.64321;2
456.44601; 73.39667;      -2.81851; 43.99100;80.00000;20.00000;0.64316;2
456.55499; 73.40667;      -2.81852; 43.97851;80.00000;20.00000;0.64311;2
456.64600; 73.41667;      -2.81918; 43.96601;80.00000;20.00000;0.64306;2
456.74701; 73.42667;      -2.81873; 43.95640;80.00000;20.00000;0.64301;2
456.84799; 73.43667;      -2.81918; 43.94679;80.00000;20.00000;0.64296;2
456.94901; 73.44667;      -2.81964; 43.93526;80.00000;20.00000;0.64290;2
457.04401; 73.45667;      -2.81962; 43.92084;80.00000;20.00000;0.64286;2
457.14401; 73.46667;      -2.82019; 43.91507;80.00000;20.00000;0.64280;2
457.24899; 73.47667;      -2.82020; 43.90258;80.00000;20.00000;0.64275;2
457.34500; 73.48667;      -2.81961; 43.89297;80.00000;20.00000;0.64270;2
457.43301; 73.49667;      -2.81981; 43.88624;80.00000;20.00000;0.64266;2
457.53900; 73.50667;      -2.82051; 43.86510;80.00000;20.00000;0.64260;2
457.64099; 73.51667;      -2.82074; 43.85933;80.00000;20.00000;0.64255;2
457.73801; 73.52667;      -2.82095; 43.85260;80.00000;20.00000;0.64250;2
457.84698; 73.53667;      -2.82188; 43.84299;80.00000;20.00000;0.64244;2
457.95099; 73.54667;      -2.82212; 43.83338;80.00000;20.00000;0.64239;2
458.05099; 73.55667;      -2.82246; 43.82665;80.00000;20.00000;0.64234;2
458.13800; 73.56667;      -2.82300; 43.82088;80.00000;20.00000;0.64229;2
458.24399; 73.57667;      -2.82289; 43.81319;80.00000;20.00000;0.64224;2
458.34500; 73.58667;      -2.82312; 43.80358;80.00000;20.00000;0.64219;2
458.44199; 73.59667;      -2.82265; 43.80166;80.00000;20.00000;0.64214;2
458.54199; 73.60667;      -2.82334; 43.79205;80.00000;20.00000;0.64209;2
458.63501; 73.61667;      -2.82332; 43.78628;80.00000;20.00000;0.64204;2
458.74399; 73.62667;      -2.82402; 43.78244;80.00000;20.00000;0.64198;2
458.83801; 73.63667;      -2.82503; 43.76322;80.00000;20.00000;0.64194;2
458.93799; 73.64667;      -2.82480; 43.75841;80.00000;20.00000;0.64188;2
459.03500; 73.65667;      -2.82502; 43.75649;80.00000;20.00000;0.64183;2
459.13501; 73.66667;      -2.82524; 43.74688;80.00000;20.00000;0.64178;2
459.23401; 73.67667;      -2.82478; 43.73727;80.00000;20.00000;0.64173;2
459.33401; 73.68667;      -2.82501; 43.72765;80.00000;20.00000;0.64168;2
459.43600; 73.69667;      -2.82558; 43.71900;80.00000;20.00000;0.64163;2
459.53500; 73.70667;      -2.82558; 43.70459;80.00000;20.00000;0.64158;2
459.64700; 73.71667;      -2.82480; 43.69690;80.00000;20.00000;0.64152;2
459.72400; 73.72667;      -2.82463; 43.68729;80.00000;20.00000;0.64148;2
459.83899; 73.73667;      -2.82478; 43.67767;80.00000;20.00000;0.64142;2
459.93600; 73.74667;      -2.82557; 43.66999;80.00000;20.00000;0.64137;2
460.02899; 73.75667;      -2.82543; 43.66326;80.00000;20.00000;0.64133;2
460.12799; 73.76667;      -2.82611; 43.64692;80.00000;20.00000;0.64127;2
460.23401; 73.77667;      -2.82681; 43.63731;80.00000;20.00000;0.64122;2
460.33301; 73.78667;      -2.82726; 43.62866;80.00000;20.00000;0.64117;2
460.42499; 73.79667;      -2.82770; 43.61905;80.00000;20.00000;0.64112;2
460.52899; 73.80667;      -2.82805; 43.61232;80.00000;20.00000;0.64107;2
460.62601; 73.81667;      -2.82850; 43.59598;80.00000;20.00000;0.64102;2
460.72900; 73.82667;      -2.82850; 43.58060;80.00000;20.00000;0.64097;2
460.83401; 73.83667;      -2.82840; 43.57964;80.00000;20.00000;0.64091;2
460.92001; 73.84667;      -2.82859; 43.57291;80.00000;20.00000;0.64087;2
461.02802; 73.85667;      -2.82987; 43.56426;80.00000;20.00000;0.64081;2
461.12299; 73.86667;      -2.83008; 43.55946;80.00000;20.00000;0.64076;2
461.22400; 73.87667;      -2.82974; 43.54984;80.00000;20.00000;0.64071;2
461.32101; 73.88667;      -2.82973; 43.54023;80.00000;20.00000;0.64066;2
461.42300; 73.89667;      -2.83042; 43.53254;80.00000;20.00000;0.64061;2
461.53000; 73.90667;      -2.83032; 43.52582;80.00000;20.00000;0.64056;2
461.62900; 73.91667;      -2.83066; 43.51620;80.00000;20.00000;0.64050;2
461.72101; 73.92667;      -2.83086; 43.50563;80.00000;20.00000;0.64046;2
461.82300; 73.93667;      -2.83167; 43.49122;80.00000;20.00000;0.64041;2
461.92401; 73.94667;      -2.83190; 43.48449;80.00000;20.00000;0.64035;2
462.02301; 73.95667;      -2.83178; 43.48353;80.00000;20.00000;0.64030;2
462.11700; 73.96667;      -2.83165; 43.47488;80.00000;20.00000;0.64025;2
462.22198; 73.97667;      -2.83131; 43.46623;80.00000;20.00000;0.64020;2
462.32501; 73.98667;      -2.83189; 43.45854;80.00000;20.00000;0.64015;2
462.42200; 73.99667;      -2.83245; 43.44700;80.00000;20.00000;0.64010;2
462.51801; 74.00667;      -2.83347; 43.43259;80.00000;20.00000;0.64005;2
462.61899; 74.01667;      -2.83393; 43.43066;80.00000;20.00000;0.64000;2
462.72000; 74.02667;      -2.83439; 43.42682;80.00000;20.00000;0.63995;2
462.82101; 74.03667;      -2.83428; 43.41625;80.00000;20.00000;0.63989;2
462.91800; 74.04667;      -2.83415; 43.40856;80.00000;20.00000;0.63984;2
463.01401; 74.05667;      -2.83414; 43.40279;80.00000;20.00000;0.63979;2
463.11600; 74.06667;      -2.83426; 43.38934;80.00000;20.00000;0.63974;2
463.20901; 74.07667;      -2.83413; 43.37972;80.00000;20.00000;0.63969;2
463.32001; 74.08667;      -2.83461; 43.37780;80.00000;20.00000;0.63964;2
463.40799; 74.09667;      -2.83446; 43.37203;80.00000;20.00000;0.63959;2
463.51801; 74.10667;      -2.83448; 43.36531;80.00000;20.00000;0.63954;2
463.61499; 74.11667;      -2.83448; 43.36050;80.00000;20.00000;0.63949;2
463.71301; 74.12667;      -2.83493; 43.34993;80.00000;20.00000;0.63944;2
463.81100; 74.13667;      -2.83549; 43.34128;80.00000;20.00000;0.63939;2
463.91699; 74.14667;      -2.83585; 43.32494;80.00000;20.00000;0.63933;2
464.01300; 74.15667;      -2.83572; 43.31917;80.00000;20.00000;0.63928;2
464.11600; 74.16667;      -2.83527; 43.31821;80.00000;20.00000;0.63923;2
464.21301; 74.17667;      -2.83584; 43.31244;80.00000;20.00000;0.63918;2
464.31201; 74.18667;      -2.83618; 43.30476;80.00000;20.00000;0.63913;2
464.40799; 74.19667;      -2.83651; 43.29611;80.00000;20.00000;0.63908;2
464.51001; 74.20667;      -2.83663; 43.28457;80.00000;20.00000;0.63903;2
464.61401; 74.21667;      -2.83652; 43.27977;80.00000;20.00000;0.63897;2
464.70999; 74.22667;      -2.83674; 43.27592;80.00000;20.00000;0.63892;2
464.81299; 74.23667;      -2.83640; 43.25958;80.00000;20.00000;0.63887;2
464.91800; 74.24667;      -2.83664; 43.24805;80.00000;20.00000;0.63882;2
465.01901; 74.25667;      -2.83710; 43.24805;80.00000;20.00000;0.63877;2
465.11600; 74.26667;      -2.83766; 43.24228;80.00000;20.00000;0.63872;2
465.21500; 74.27667;      -2.83777; 43.23267;80.00000;20.00000;0.63867;2
465.31799; 74.28667;      -2.83778; 43.22498;80.00000;20.00000;0.63861;2
465.41599; 74.29667;      -2.83789; 43.21633;80.00000;20.00000;0.63856;2
465.51501; 74.30667;      -2.83777; 43.20960;80.00000;20.00000;0.63851;2
465.60999; 74.31667;      -2.83787; 43.19519;80.00000;20.00000;0.63846;2
465.71500; 74.32667;      -2.83788; 43.18173;80.00000;20.00000;0.63841;2
465.80899; 74.33667;      -2.83798; 43.18077;80.00000;20.00000;0.63836;2
465.91299; 74.34667;      -2.83810; 43.17885;80.00000;20.00000;0.63831;2
466.01300; 74.35667;      -2.83799; 43.16827;80.00000;20.00000;0.63826;2
466.11401; 74.36667;      -2.83776; 43.15866;80.00000;20.00000;0.63820;2
466.20499; 74.37667;      -2.83773; 43.15194;80.00000;20.00000;0.63816;2
466.30899; 74.38667;      -2.83774; 43.14329;80.00000;20.00000;0.63810;2
466.41000; 74.39667;      -2.83648; 43.13079;80.00000;20.00000;0.63805;2
466.50601; 74.40667;      -2.83670; 43.12310;80.00000;20.00000;0.63800;2
466.60999; 74.41667;      -2.83647; 43.12022;80.00000;20.00000;0.63795;2
466.71301; 74.42667;      -2.83671; 43.11349;80.00000;20.00000;0.63790;2
466.81100; 74.43667;      -2.83693; 43.10484;80.00000;20.00000;0.63785;2
466.89899; 74.44667;      -2.83736; 43.09715;80.00000;20.00000;0.63780;2
467.00201; 74.45667;      -2.83725; 43.08658;80.00000;20.00000;0.63775;2
467.10400; 74.46667;      -2.83726; 43.07505;80.00000;20.00000;0.63770;2
467.20300; 74.47667;      -2.83737; 43.06063;80.00000;20.00000;0.63765;2
467.30099; 74.48667;      -2.83759; 43.05582;80.00000;20.00000;0.63760;2
467.39899; 74.49667;      -2.83747; 43.05486;80.00000;20.00000;0.63755;2
467.50299; 74.50667;      -2.83748; 43.05006;80.00000;20.00000;0.63749;2
467.60101; 74.51667;      -2.83747; 43.03756;80.00000;20.00000;0.63744;2
467.69601; 74.52667;      -2.83780; 43.02987;80.00000;20.00000;0.63739;2
467.79901; 74.53667;      -2.83792; 43.02411;80.00000;20.00000;0.63734;2
467.89700; 74.54667;      -2.83815; 43.01930;80.00000;20.00000;0.63729;2
468.00201; 74.55667;      -2.83850; 43.01065;80.00000;20.00000;0.63724;2
468.09799; 74.56667;      -2.83895; 42.99912;80.00000;20.00000;0.63719;2
468.20099; 74.57667;      -2.83884; 42.99335;80.00000;20.00000;0.63713;2
468.29800; 74.58667;      -2.83906; 42.99239;80.00000;20.00000;0.63708;2
468.40302; 74.59667;      -2.83896; 42.98758;80.00000;20.00000;0.63703;2
468.49200; 74.60667;      -2.83893; 42.97989;80.00000;20.00000;0.63698;2
468.60001; 74.61667;      -2.83895; 42.97605;80.00000;20.00000;0.63693;2
468.69101; 74.62667;      -2.83927; 42.97028;80.00000;20.00000;0.63688;2
468.79401; 74.63667;      -2.83997; 42.95394;80.00000;20.00000;0.63683;2
468.89499; 74.64667;      -2.84020; 42.94529;80.00000;20.00000;0.63678;2
468.99100; 74.65667;      -2.84042; 42.94529;80.00000;20.00000;0.63673;2
469.09900; 74.66667;      -2.84055; 42.93953;80.00000;20.00000;0.63667;2
469.18701; 74.67667;      -2.84098; 42.93376;80.00000;20.00000;0.63663;2
469.29700; 74.68667;      -2.84100; 42.92415;80.00000;20.00000;0.63657;2
469.38300; 74.69667;      -2.84097; 42.91358;80.00000;20.00000;0.63653;2
469.48300; 74.70667;      -2.84143; 42.90781;80.00000;20.00000;0.63648;2
469.59500; 74.71667;      -2.84226; 42.90685;80.00000;20.00000;0.63642;2
469.69101; 74.72667;      -2.84271; 42.90396;80.00000;20.00000;0.63637;2
469.78101; 74.73667;      -2.84246; 42.89339;80.00000;20.00000;0.63632;2
469.88501; 74.74667;      -2.84212; 42.87321;80.00000;20.00000;0.63627;2
469.98300; 74.75667;      -2.84189; 42.85879;80.00000;20.00000;0.63622;2
470.08099; 74.76667;      -2.84211; 42.83957;80.00000;20.00000;0.63617;2
470.17899; 74.77667;      -2.84222; 42.83284;80.00000;20.00000;0.63612;2
470.29001; 74.78667;      -2.84178; 42.82323;80.00000;20.00000;0.63606;2
470.38699; 74.79667;      -2.84189; 42.81746;80.00000;20.00000;0.63601;2
470.48401; 74.80667;      -2.84257; 42.81746;80.00000;20.00000;0.63596;2
470.57800; 74.81667;      -2.84314; 42.81746;80.00000;20.00000;0.63591;2
470.68201; 74.82667;      -2.84337; 42.80977;80.00000;20.00000;0.63586;2
470.78500; 74.83667;      -2.84384; 42.79824;80.00000;20.00000;0.63581;2
470.88400; 74.84667;      -2.84430; 42.78767;80.00000;20.00000;0.63576;2
470.98599; 74.85667;      -2.84442; 42.78286;80.00000;20.00000;0.63570;2
471.07700; 74.86667;      -2.84509; 42.77037;80.00000;20.00000;0.63566;2
471.17801; 74.87667;      -2.84521; 42.75691;80.00000;20.00000;0.63561;2
471.28101; 74.88667;      -2.84590; 42.75499;80.00000;20.00000;0.63555;2
471.37299; 74.89667;      -2.84635; 42.75403;80.00000;20.00000;0.63551;2
471.48099; 74.90667;      -2.84694; 42.74634;80.00000;20.00000;0.63545;2
471.58200; 74.91667;      -2.84752; 42.73577;80.00000;20.00000;0.63540;2
471.67700; 74.92667;      -2.84843; 42.72904;80.00000;20.00000;0.63535;2
471.77600; 74.93667;      -2.84820; 42.72327;80.00000;20.00000;0.63530;2
471.88199; 74.94667;      -2.84763; 42.71943;80.00000;20.00000;0.63524;2
471.97000; 74.95667;      -2.84795; 42.70309;80.00000;20.00000;0.63520;2
472.07199; 74.96667;      -2.84818; 42.69155;80.00000;20.00000;0.63515;2
472.17700; 74.97667;      -2.84889; 42.69155;80.00000;20.00000;0.63509;2
472.27200; 74.98667;      -2.84864; 42.68579;80.00000;20.00000;0.63504;2
472.36899; 74.99667;      -2.84852; 42.67906;80.00000;20.00000;0.63499;2
472.47400; 75.00667;      -2.84853; 42.67329;80.00000;20.00000;0.63494;2
472.56699; 75.01667;      -2.84886; 42.66560;80.00000;20.00000;0.63489;2
472.67899; 75.02667;      -2.84981; 42.65888;80.00000;20.00000;0.63484;2
472.77301; 75.03667;      -2.85015; 42.65311;80.00000;20.00000;0.63479;2
472.88000; 75.04667;      -2.85005; 42.64734;80.00000;20.00000;0.63473;2
472.97299; 75.05667;      -2.84980; 42.63677;80.00000;20.00000;0.63468;2
473.06601; 75.06667;      -2.84990; 42.62812;80.00000;20.00000;0.63464;2
473.17300; 75.07667;      -2.85003; 42.62812;80.00000;20.00000;0.63458;2
473.27100; 75.08667;      -2.85014; 42.62331;80.00000;20.00000;0.63453;2
473.37201; 75.09667;      -2.85141; 42.61755;80.00000;20.00000;0.63448;2
473.46799; 75.10667;      -2.85175; 42.61466;80.00000;20.00000;0.63443;2
473.57300; 75.11667;      -2.85188; 42.60697;80.00000;20.00000;0.63438;2
473.66599; 75.12667;      -2.85140; 42.59832;80.00000;20.00000;0.63433;2
473.76901; 75.13667;      -2.85140; 42.58391;80.00000;20.00000;0.63428;2
473.88199; 75.14667;      -2.85155; 42.57333;80.00000;20.00000;0.63422;2
473.97101; 75.15667;      -2.85129; 42.57333;80.00000;20.00000;0.63417;2
474.07199; 75.16667;      -2.85164; 42.56853;80.00000;20.00000;0.63412;2
474.16901; 75.17667;      -2.85221; 42.56084;80.00000;20.00000;0.63407;2
474.26599; 75.18667;      -2.85209; 42.55507;80.00000;20.00000;0.63402;2
474.37201; 75.19667;      -2.85210; 42.54738;80.00000;20.00000;0.63397;2
474.47101; 75.20667;      -2.85221; 42.53873;80.00000;20.00000;0.63392;2
474.56799; 75.21667;      -2.85279; 42.53297;80.00000;20.00000;0.63387;2
474.66299; 75.22667;      -2.85335; 42.52720;80.00000;20.00000;0.63382;2
474.76599; 75.23667;      -2.85347; 42.51855;80.00000;20.00000;0.63376;2
474.86600; 75.24667;      -2.85313; 42.51086;80.00000;20.00000;0.63371;2
474.96500; 75.25667;      -2.85359; 42.49837;80.00000;20.00000;0.63366;2
475.06400; 75.26667;      -2.85359; 42.48875;80.00000;20.00000;0.63361;2
475.16901; 75.27667;      -2.85371; 42.48875;80.00000;20.00000;0.63356;2
475.26501; 75.28667;      -2.85382; 42.48587;80.00000;20.00000;0.63351;2
475.35300; 75.29667;      -2.85344; 42.48010;80.00000;20.00000;0.63346;2
475.47000; 75.30667;      -2.85337; 42.47434;80.00000;20.00000;0.63340;2
475.56201; 75.31667;      -2.85277; 42.46473;80.00000;20.00000;0.63335;2
475.65500; 75.32667;      -2.85298; 42.45608;80.00000;20.00000;0.63331;2
475.75800; 75.33667;      -2.85322; 42.44935;80.00000;20.00000;0.63325;2
475.85999; 75.34667;      -2.85369; 42.43685;80.00000;20.00000;0.63320;2
475.95099; 75.35667;      -2.85367; 42.42532;80.00000;20.00000;0.63316;2
476.05899; 75.36667;      -2.85369; 42.42148;80.00000;20.00000;0.63310;2
476.15399; 75.37667;      -2.85402; 42.41667;80.00000;20.00000;0.63305;2
476.25900; 75.38667;      -2.85496; 42.40898;80.00000;20.00000;0.63300;2
476.36401; 75.39667;      -2.85486; 42.40321;80.00000;20.00000;0.63294;2
476.45300; 75.40667;      -2.85472; 42.40033;80.00000;20.00000;0.63290;2
476.56000; 75.41667;      -2.85508; 42.38976;80.00000;20.00000;0.63284;2
476.65799; 75.42667;      -2.85519; 42.38015;80.00000;20.00000;0.63279;2
476.75601; 75.43667;      -2.85611; 42.37342;80.00000;20.00000;0.63274;2
476.85501; 75.44667;      -2.85658; 42.36573;80.00000;20.00000;0.63269;2
476.95300; 75.45667;      -2.85599; 42.35900;80.00000;20.00000;0.63264;2
477.04800; 75.46667;      -2.85621; 42.34651;80.00000;20.00000;0.63259;2
477.14899; 75.47667;      -2.85691; 42.33593;80.00000;20.00000;0.63254;2
477.24701; 75.48667;      -2.85702; 42.33401;80.00000;20.00000;0.63249;2
477.35300; 75.49667;      -2.85715; 42.32728;80.00000;20.00000;0.63244;2
477.46201; 75.50667;      -2.85764; 42.32056;80.00000;20.00000;0.63238;2
477.54999; 75.51667;      -2.85865; 42.31575;80.00000;20.00000;0.63233;2
477.66199; 75.52667;      -2.85880; 42.30902;80.00000;20.00000;0.63228;2
477.75400; 75.53667;      -2.85924; 42.29653;80.00000;20.00000;0.63223;2
477.85300; 75.54667;      -2.85912; 42.28307;80.00000;20.00000;0.63218;2
477.95401; 75.55667;      -2.85901; 42.26962;80.00000;20.00000;0.63213;2
478.05399; 75.56667;      -2.85924; 42.26866;80.00000;20.00000;0.63208;2
478.16400; 75.57667;      -2.85880; 42.26385;80.00000;20.00000;0.63202;2
478.25800; 75.58667;      -2.85856; 42.25712;80.00000;20.00000;0.63197;2
478.35599; 75.59667;      -2.85902; 42.25039;80.00000;20.00000;0.63192;2
478.45099; 75.60667;      -2.85982; 42.24463;80.00000;20.00000;0.63187;2
478.54901; 75.61667;      -2.85993; 42.23790;80.00000;20.00000;0.63182;2
478.64899; 75.62667;      -2.85970; 42.23405;80.00000;20.00000;0.63177;2
478.75000; 75.63667;      -2.85982; 42.23021;80.00000;20.00000;0.63172;2
478.85300; 75.64667;      -2.86064; 42.22348;80.00000;20.00000;0.63166;2
478.94699; 75.65667;      -2.86016; 42.21387;80.00000;20.00000;0.63162;2
479.05200; 75.66667;      -2.86052; 42.20138;80.00000;20.00000;0.63156;2
479.15100; 75.67667;      -2.86075; 42.19849;80.00000;20.00000;0.63151;2
479.26001; 75.68667;      -2.86042; 42.20042;80.00000;20.00000;0.63146;2
479.34900; 75.69667;      -2.86040; 42.19849;80.00000;20.00000;0.63141;2
479.44901; 75.70667;      -2.86086; 42.19561;80.00000;20.00000;0.63136;2
479.54700; 75.71667;      -2.86097; 42.19080;80.00000;20.00000;0.63131;2
479.64999; 75.72667;      -2.86121; 42.18504;80.00000;20.00000;0.63126;2
479.75000; 75.73667;      -2.86040; 42.17831;80.00000;20.00000;0.63120;2
479.85001; 75.74667;      -2.86028; 42.17350;80.00000;20.00000;0.63115;2
479.95200; 75.75667;      -2.86052; 42.17254;80.00000;20.00000;0.63110;2
480.04700; 75.76667;      -2.86098; 42.16870;80.00000;20.00000;0.63105;2
480.15302; 75.77667;      -2.86180; 42.16197;80.00000;20.00000;0.63100;2
480.25299; 75.78667;      -2.86227; 42.15428;80.00000;20.00000;0.63095;2
480.35101; 75.79667;      -2.86285; 42.14563;80.00000;20.00000;0.63090;2
480.44299; 75.80667;      -2.86260; 42.14179;80.00000;20.00000;0.63085;2
480.54300; 75.81667;      -2.86248; 42.14371;80.00000;20.00000;0.63080;2
480.64700; 75.82667;      -2.86237; 42.14179;80.00000;20.00000;0.63074;2
480.75000; 75.83667;      -2.86227; 42.13794;80.00000;20.00000;0.63069;2
480.85001; 75.84667;      -2.86227; 42.13314;80.00000;20.00000;0.63064;2
480.94299; 75.85667;      -2.86213; 42.12449;80.00000;20.00000;0.63059;2
481.05099; 75.86667;      -2.86239; 42.11680;80.00000;20.00000;0.63054;2
481.14899; 75.87667;      -2.86250; 42.10911;80.00000;20.00000;0.63049;2
481.24899; 75.88667;      -2.86273; 42.10334;80.00000;20.00000;0.63043;2
481.34698; 75.89667;      -2.86238; 42.09661;80.00000;20.00000;0.63038;2
481.44101; 75.90667;      -2.86202; 42.08892;80.00000;20.00000;0.63034;2
481.54700; 75.91667;      -2.86250; 42.07835;80.00000;20.00000;0.63028;2
481.64001; 75.92667;      -2.86201; 42.06682;80.00000;20.00000;0.63023;2
481.74899; 75.93667;      -2.86250; 42.06105;80.00000;20.00000;0.63018;2
481.84500; 75.94667;      -2.86238; 42.06105;80.00000;20.00000;0.63013;2
481.94101; 75.95667;      -2.86202; 42.05625;80.00000;20.00000;0.63008;2
482.04599; 75.96667;      -2.86191; 42.05048;80.00000;20.00000;0.63002;2
482.14401; 75.97667;      -2.86203; 42.04375;80.00000;20.00000;0.62997;2
482.24701; 75.98667;      -2.86215; 42.03606;80.00000;20.00000;0.62992;2
482.33801; 75.99667;      -2.86225; 42.02164;80.00000;20.00000;0.62987;2
482.44299; 76.00667;      -2.86226; 42.00915;80.00000;20.00000;0.62982;2
482.54599; 76.01667;      -2.86238; 42.00338;80.00000;20.00000;0.62977;2
482.64200; 76.02667;      -2.86272; 42.00242;80.00000;20.00000;0.62972;2
482.73700; 76.03667;      -2.86260; 41.99569;80.00000;20.00000;0.62967;2
482.84601; 76.04667;      -2.86285; 41.98993;80.00000;20.00000;0.62961;2
482.93900; 76.05667;      -2.86319; 41.98320;80.00000;20.00000;0.62957;2
483.03799; 76.06667;      -2.86377; 41.97647;80.00000;20.00000;0.62951;2
483.14301; 76.07667;      -2.86413; 41.96878;80.00000;20.00000;0.62946;2
483.24799; 76.08667;      -2.86332; 41.96302;80.00000;20.00000;0.62941;2
483.34799; 76.09667;      -2.86402; 41.95437;80.00000;20.00000;0.62936;2
483.44501; 76.10667;      -2.86437; 41.94379;80.00000;20.00000;0.62931;2
483.54001; 76.11667;      -2.86436; 41.93226;80.00000;20.00000;0.62926;2
483.63699; 76.12667;      -2.86447; 41.92649;80.00000;20.00000;0.62921;2
483.73499; 76.13667;      -2.86493; 41.92649;80.00000;20.00000;0.62916;2
483.82901; 76.14667;      -2.86550; 41.92361;80.00000;20.00000;0.62911;2
483.92599; 76.15667;      -2.86596; 41.91592;80.00000;20.00000;0.62906;2
484.03299; 76.16667;      -2.86563; 41.90727;80.00000;20.00000;0.62900;2
484.13199; 76.17667;      -2.86574; 41.90150;80.00000;20.00000;0.62895;2
484.23199; 76.18667;      -2.86574; 41.89574;80.00000;20.00000;0.62890;2
484.33301; 76.19667;      -2.86598; 41.88997;80.00000;20.00000;0.62885;2
484.43301; 76.20667;      -2.86586; 41.88420;80.00000;20.00000;0.62880;2
484.53000; 76.21667;      -2.86644; 41.87844;80.00000;20.00000;0.62875;2
484.63699; 76.22667;      -2.86623; 41.86210;80.00000;20.00000;0.62869;2
484.73700; 76.23667;      -2.86634; 41.85056;80.00000;20.00000;0.62864;2
484.83301; 76.24667;      -2.86669; 41.84960;80.00000;20.00000;0.62859;2
484.93201; 76.25667;      -2.86668; 41.84864;80.00000;20.00000;0.62854;2
485.03799; 76.26667;      -2.86658; 41.84287;80.00000;20.00000;0.62849;2
485.14301; 76.27667;      -2.86683; 41.83711;80.00000;20.00000;0.62843;2
485.24200; 76.28667;      -2.86718; 41.82846;80.00000;20.00000;0.62838;2
485.33401; 76.29667;      -2.86774; 41.82077;80.00000;20.00000;0.62833;2
485.43799; 76.30667;      -2.86857; 41.81212;80.00000;20.00000;0.62828;2
485.53201; 76.31667;      -2.86844; 41.80635;80.00000;20.00000;0.62823;2
485.62601; 76.32667;      -2.86831; 41.80058;80.00000;20.00000;0.62818;2
485.73599; 76.33667;      -2.86775; 41.79674;80.00000;20.00000;0.62813;2
485.83600; 76.34667;      -2.86705; 41.79193;80.00000;20.00000;0.62808;2
485.92700; 76.35667;      -2.86715; 41.77848;80.00000;20.00000;0.62803;2
486.02899; 76.36667;      -2.86762; 41.76694;80.00000;20.00000;0.62798;2
486.12701; 76.37667;      -2.86820; 41.76310;80.00000;20.00000;0.62793;2
486.23199; 76.38667;      -2.86775; 41.76214;80.00000;20.00000;0.62787;2
486.32300; 76.39667;      -2.86715; 41.75733;80.00000;20.00000;0.62783;2
486.42999; 76.40667;      -2.86693; 41.75157;80.00000;20.00000;0.62777;2
486.51801; 76.41667;      -2.86725; 41.74580;80.00000;20.00000;0.62773;2
486.62500; 76.42667;      -2.86762; 41.74003;80.00000;20.00000;0.62767;2
486.72000; 76.43667;      -2.86761; 41.73042;80.00000;20.00000;0.62762;2
486.82700; 76.44667;      -2.86798; 41.72369;80.00000;20.00000;0.62757;2
486.91501; 76.45667;      -2.86842; 41.71985;80.00000;20.00000;0.62752;2
487.02301; 76.46667;      -2.86867; 41.71504;80.00000;20.00000;0.62747;2
487.12100; 76.47667;      -2.86820; 41.70639;80.00000;20.00000;0.62742;2
487.22699; 76.48667;      -2.86833; 41.69582;80.00000;20.00000;0.62736;2
487.32199; 76.49667;      -2.86891; 41.68717;80.00000;20.00000;0.62731;2
487.42099; 76.50667;      -2.86902; 41.68621;80.00000;20.00000;0.62726;2
487.52399; 76.51667;      -2.86891; 41.68237;80.00000;20.00000;0.62721;2
487.61099; 76.52667;      -2.86889; 41.67660;80.00000;20.00000;0.62716;2
487.71799; 76.53667;      -2.86984; 41.67083;80.00000;20.00000;0.62711;2
487.81201; 76.54667;      -2.86959; 41.66699;80.00000;20.00000;0.62706;2
487.91000; 76.55667;      -2.86994; 41.66410;80.00000;20.00000;0.62701;2
488.01901; 76.56667;      -2.87008; 41.65545;80.00000;20.00000;0.62695;2
488.11801; 76.57667;      -2.87020; 41.64776;80.00000;20.00000;0.62690;2
488.22900; 76.58667;      -2.86999; 41.64200;80.00000;20.00000;0.62685;2
488.33200; 76.59667;      -2.87023; 41.63623;80.00000;20.00000;0.62679;2
488.41800; 76.60667;      -2.87043; 41.63143;80.00000;20.00000;0.62675;2
488.52200; 76.61667;      -2.87033; 41.62566;80.00000;20.00000;0.62670;2
488.62601; 76.62667;      -2.87092; 41.61893;80.00000;20.00000;0.62664;2
488.71701; 76.63667;      -2.87114; 41.60163;80.00000;20.00000;0.62660;2
488.81699; 76.64667;      -2.87090; 41.59490;80.00000;20.00000;0.62654;2
488.92300; 76.65667;      -2.86987; 41.59779;80.00000;20.00000;0.62649;2
489.01999; 76.66667;      -2.86998; 41.59971;80.00000;20.00000;0.62644;2
489.11401; 76.67667;      -2.87102; 41.59779;80.00000;20.00000;0.62639;2
489.22501; 76.68667;      -2.86976; 41.59490;80.00000;20.00000;0.62633;2
489.32101; 76.69667;      -2.86975; 41.59298;80.00000;20.00000;0.62629;2
489.41400; 76.70667;      -2.86974; 41.59010;80.00000;20.00000;0.62624;2
489.51300; 76.71667;      -2.87009; 41.58337;80.00000;20.00000;0.62619;2
489.61801; 76.72667;      -2.86986; 41.57760;80.00000;20.00000;0.62613;2
489.72000; 76.73667;      -2.86987; 41.57568;80.00000;20.00000;0.62608;2
489.81100; 76.74667;      -2.86962; 41.57183;80.00000;20.00000;0.62603;2
489.92200; 76.75667;      -2.87035; 41.56799;80.00000;20.00000;0.62598;2
490.01199; 76.76667;      -2.87079; 41.56511;80.00000;20.00000;0.62593;2
490.10699; 76.77667;      -2.87031; 41.55934;80.00000;20.00000;0.62588;2
490.20999; 76.78667;      -2.86950; 41.55453;80.00000;20.00000;0.62583;2
490.30399; 76.79667;      -2.86937; 41.54492;80.00000;20.00000;0.62578;2
490.41101; 76.80667;      -2.86939; 41.53627;80.00000;20.00000;0.62573;2
490.51501; 76.81667;      -2.86928; 41.53243;80.00000;20.00000;0.62567;2
490.61099; 76.82667;      -2.86975; 41.53243;80.00000;20.00000;0.62562;2
490.71399; 76.83667;      -2.86964; 41.52762;80.00000;20.00000;0.62557;2
490.81699; 76.84667;      -2.87000; 41.52282;80.00000;20.00000;0.62552;2
490.90900; 76.85667;      -2.87033; 41.51897;80.00000;20.00000;0.62547;2
491.00699; 76.86667;      -2.86998; 41.51609;80.00000;20.00000;0.62542;2
491.11099; 76.87667;      -2.86975; 41.51224;80.00000;20.00000;0.62537;2
491.20599; 76.88667;      -2.86986; 41.50744;80.00000;20.00000;0.62532;2
491.30499; 76.89667;      -2.87033; 41.50359;80.00000;20.00000;0.62527;2
491.40100; 76.90667;      -2.87008; 41.50071;80.00000;20.00000;0.62522;2
491.51001; 76.91667;      -2.86999; 41.49783;80.00000;20.00000;0.62516;2
491.59698; 76.92667;      -2.86973; 41.49494;80.00000;20.00000;0.62512;2
491.70700; 76.93667;      -2.86963; 41.49014;80.00000;20.00000;0.62506;2
491.81299; 76.94667;      -2.86977; 41.48726;80.00000;20.00000;0.62500;2
491.90399; 76.95667;      -2.86986; 41.47861;80.00000;20.00000;0.62496;2
491.99600; 76.96667;      -2.87008; 41.47092;80.00000;20.00000;0.62491;2
492.10199; 76.97667;      -2.86986; 41.46515;80.00000;20.00000;0.62486;2
492.20001; 76.98667;      -2.87068; 41.46419;80.00000;20.00000;0.62481;2
492.29700; 76.99667;      -2.87044; 41.46515;80.00000;20.00000;0.62476;2
492.39600; 77.00667;      -2.87020; 41.46227;80.00000;20.00000;0.62470;2
492.51001; 77.01667;      -2.87012; 41.45842;80.00000;20.00000;0.62465;2
492.60501; 77.02667;      -2.87023; 41.45362;80.00000;20.00000;0.62460;2
492.69901; 77.03667;      -2.87104; 41.44689;80.00000;20.00000;0.62455;2
492.79300; 77.04667;      -2.87114; 41.44112;80.00000;20.00000;0.62450;2
492.89899; 77.05667;      -2.87128; 41.43632;80.00000;20.00000;0.62445;2
493.00601; 77.06667;      -2.87118; 41.43055;80.00000;20.00000;0.62439;2
493.09900; 77.07667;      -2.87116; 41.42767;80.00000;20.00000;0.62434;2
493.19800; 77.08667;      -2.87093; 41.42286;80.00000;20.00000;0.62429;2
493.29999; 77.09667;      -2.87140; 41.41229;80.00000;20.00000;0.62424;2
493.39200; 77.10667;      -2.87150; 41.40556;80.00000;20.00000;0.62419;2
493.48901; 77.11667;      -2.87208; 41.39979;80.00000;20.00000;0.62414;2
493.59000; 77.12667;      -2.87244; 41.39403;80.00000;20.00000;0.62409;2
493.69800; 77.13667;      -2.87270; 41.38826;80.00000;20.00000;0.62404;2
493.79501; 77.14667;      -2.87234; 41.38249;80.00000;20.00000;0.62399;2
493.90100; 77.15667;      -2.87353; 41.36808;80.00000;20.00000;0.62393;2
493.99100; 77.16667;      -2.87398; 41.35462;80.00000;20.00000;0.62388;2
494.09900; 77.17667;      -2.87259; 41.35077;80.00000;20.00000;0.62383;2
494.19601; 77.18667;      -2.87329; 41.34885;80.00000;20.00000;0.62378;2
494.29901; 77.19667;      -2.87400; 41.34212;80.00000;20.00000;0.62373;2
494.39700; 77.20667;      -2.87412; 41.33636;80.00000;20.00000;0.62368;2
494.49200; 77.21667;      -2.87434; 41.33059;80.00000;20.00000;0.62363;2
494.60101; 77.22667;      -2.87472; 41.32771;80.00000;20.00000;0.62357;2
494.69199; 77.23667;      -2.87529; 41.31906;80.00000;20.00000;0.62352;2
494.79401; 77.24667;      -2.87494; 41.31041;80.00000;20.00000;0.62347;2
494.89899; 77.25667;      -2.87484; 41.30560;80.00000;20.00000;0.62342;2
495.00101; 77.26667;      -2.87508; 41.30080;80.00000;20.00000;0.62337;2
495.08899; 77.27667;      -2.87458; 41.29695;80.00000;20.00000;0.62332;2
495.18799; 77.28667;      -2.87399; 41.29311;80.00000;20.00000;0.62327;2
495.29001; 77.29667;      -2.87412; 41.27773;80.00000;20.00000;0.62322;2
495.39401; 77.30667;      -2.87436; 41.26812;80.00000;20.00000;0.62316;2
495.49301; 77.31667;      -2.87460; 41.26908;80.00000;20.00000;0.62311;2
495.58701; 77.32667;      -2.87506; 41.27196;80.00000;20.00000;0.62306;2
495.69901; 77.33667;      -2.87556; 41.27100;80.00000;20.00000;0.62301;2
495.79099; 77.34667;      -2.87589; 41.26523;80.00000;20.00000;0.62296;2
495.89499; 77.35667;      -2.87591; 41.26235;80.00000;20.00000;0.62291;2
495.98401; 77.36667;      -2.87612; 41.25851;80.00000;20.00000;0.62286;2
496.09100; 77.37667;      -2.87578; 41.25562;80.00000;20.00000;0.62280;2
496.19400; 77.38667;      -2.87591; 41.25178;80.00000;20.00000;0.62275;2
496.29300; 77.39667;      -2.87591; 41.24889;80.00000;20.00000;0.62270;2
496.38699; 77.40667;      -2.87637; 41.24697;80.00000;20.00000;0.62265;2
496.48700; 77.41667;      -2.87660; 41.24313;80.00000;20.00000;0.62260;2
496.58801; 77.42667;      -2.87720; 41.23159;80.00000;20.00000;0.62255;2
496.69101; 77.43667;      -2.87685; 41.22294;80.00000;20.00000;0.62250;2
496.79001; 77.44667;      -2.87709; 41.22006;80.00000;20.00000;0.62245;2
496.89099; 77.45667;      -2.87733; 41.22102;80.00000;20.00000;0.62239;2
496.99600; 77.46667;      -2.87793; 41.21718;80.00000;20.00000;0.62234;2
497.09000; 77.47667;      -2.87851; 41.21237;80.00000;20.00000;0.62229;2
497.18500; 77.48667;      -2.87862; 41.20660;80.00000;20.00000;0.62224;2
497.29199; 77.49667;      -2.87887; 41.20276;80.00000;20.00000;0.62219;2
497.39001; 77.50667;      -2.87863; 41.19988;80.00000;20.00000;0.62214;2
497.48999; 77.51667;      -2.87864; 41.19603;80.00000;20.00000;0.62209;2
497.58600; 77.52667;      -2.87851; 41.18930;80.00000;20.00000;0.62204;2
497.68799; 77.53667;      -2.87911; 41.18065;80.00000;20.00000;0.62198;2
497.78601; 77.54667;      -2.87887; 41.16912;80.00000;20.00000;0.62193;2
497.89200; 77.55667;      -2.87924; 41.16143;80.00000;20.00000;0.62188;2
497.98401; 77.56667;      -2.87910; 41.16143;80.00000;20.00000;0.62183;2
498.08301; 77.57667;      -2.87910; 41.16239;80.00000;20.00000;0.62178;2
498.19199; 77.58667;      -2.87901; 41.15951;80.00000;20.00000;0.62172;2
498.28201; 77.59667;      -2.87922; 41.15470;80.00000;20.00000;0.62168;2
498.38800; 77.60667;      -2.87971; 41.14509;80.00000;20.00000;0.62162;2
498.49301; 77.61667;      -2.87973; 41.14029;80.00000;20.00000;0.62157;2
498.58200; 77.62667;      -2.87947; 41.13740;80.00000;20.00000;0.62152;2
498.68301; 77.63667;      -2.87971; 41.13356;80.00000;20.00000;0.62147;2
498.79199; 77.64667;      -2.87950; 41.12971;80.00000;20.00000;0.62142;2
498.88599; 77.65667;      -2.87996; 41.12587;80.00000;20.00000;0.62137;2
498.98901; 77.66667;      -2.88020; 41.12203;80.00000;20.00000;0.62131;2
499.08600; 77.67667;      -2.87984; 41.11722;80.00000;20.00000;0.62126;2
499.18201; 77.68667;      -2.87936; 41.11338;80.00000;20.00000;0.62121;2
499.28900; 77.69667;      -2.88009; 41.10857;80.00000;20.00000;0.62116;2
499.38699; 77.70667;      -2.87973; 41.10376;80.00000;20.00000;0.62111;2
499.48001; 77.71667;      -2.87996; 41.09511;80.00000;20.00000;0.62106;2
499.58099; 77.72667;      -2.88079; 41.08839;80.00000;20.00000;0.62101;2
499.67801; 77.73667;      -2.88066; 41.08070;80.00000;20.00000;0.62096;2
499.78601; 77.74667;      -2.88021; 41.07974;80.00000;20.00000;0.62090;2
499.88101; 77.75667;      -2.88009; 41.07974;80.00000;20.00000;0.62086;2
499.98401; 77.76667;      -2.87974; 41.07877;80.00000;20.00000;0.62080;2
500.08899; 77.77667;      -2.87999; 41.07685;80.00000;20.00000;0.62075;2
500.18500; 77.78667;      -2.88010; 41.06820;80.00000;20.00000;0.62070;2
500.28699; 77.79667;      -2.88011; 41.06340;80.00000;20.00000;0.62065;2
500.39401; 77.80667;      -2.88096; 41.06051;80.00000;20.00000;0.62059;2
500.48801; 77.81667;      -2.88153; 41.05667;80.00000;20.00000;0.62054;2
500.58200; 77.82667;      -2.88140; 41.05378;80.00000;20.00000;0.62049;2
500.68600; 77.83667;      -2.88094; 41.05186;80.00000;20.00000;0.62044;2
500.78900; 77.84667;      -2.88060; 41.04898;80.00000;20.00000;0.62039;2
500.88101; 77.85667;      -2.88058; 41.04513;80.00000;20.00000;0.62034;2
500.98700; 77.86667;      -2.88013; 41.04225;80.00000;20.00000;0.62029;2
501.07599; 77.87667;      -2.87975; 41.03648;80.00000;20.00000;0.62024;2
501.17700; 77.88667;      -2.88011; 41.03264;80.00000;20.00000;0.62019;2
501.28500; 77.89667;      -2.88025; 41.02303;80.00000;20.00000;0.62013;2
501.37900; 77.90667;      -2.87976; 41.01438;80.00000;20.00000;0.62009;2
501.47501; 77.91667;      -2.87952; 41.01053;80.00000;20.00000;0.62004;2
501.57101; 77.92667;      -2.87892; 41.00861;80.00000;20.00000;0.61999;2
501.67999; 77.93667;      -2.87930; 41.00957;80.00000;20.00000;0.61993;2
501.77600; 77.94667;      -2.87965; 41.00669;80.00000;20.00000;0.61988;2
501.86600; 77.95667;      -2.87939; 41.00381;80.00000;20.00000;0.61983;2
501.97900; 77.96667;      -2.87883; 40.99996;80.00000;20.00000;0.61978;2
502.08600; 77.97667;      -2.87861; 40.99516;80.00000;20.00000;0.61972;2
502.17700; 77.98667;      -2.87883; 40.99035;80.00000;20.00000;0.61967;2
502.27399; 77.99667;      -2.87965; 40.98651;80.00000;20.00000;0.61962;2
502.36899; 78.00667;      -2.88000; 40.98170;80.00000;20.00000;0.61958;2
502.47000; 78.01667;      -2.87977; 40.97786;80.00000;20.00000;0.61952;2
502.57199; 78.02667;      -2.87871; 40.97593;80.00000;20.00000;0.61947;2
502.67599; 78.03667;      -2.87884; 40.96921;80.00000;20.00000;0.61942;2
502.77600; 78.04667;      -2.87920; 40.96152;80.00000;20.00000;0.61937;2
502.88101; 78.05667;      -2.87921; 40.95671;80.00000;20.00000;0.61931;2
502.97101; 78.06667;      -2.87931; 40.95287;80.00000;20.00000;0.61927;2
503.07501; 78.07667;      -2.87932; 40.94806;80.00000;20.00000;0.61921;2
503.17401; 78.08667;      -2.87920; 40.94422;80.00000;20.00000;0.61916;2
503.27399; 78.09667;      -2.87920; 40.93941;80.00000;20.00000;0.61911;2
503.36899; 78.10667;      -2.88002; 40.93557;80.00000;20.00000;0.61906;2
503.47101; 78.11667;      -2.87979; 40.92403;80.00000;20.00000;0.61901;2
503.56799; 78.12667;      -2.87943; 40.91346;80.00000;20.00000;0.61896;2
503.67200; 78.13667;      -2.87980; 40.90865;80.00000;20.00000;0.61891;2
503.76599; 78.14667;      -2.88026; 40.90769;80.00000;20.00000;0.61886;2
503.86499; 78.15667;      -2.88002; 40.90577;80.00000;20.00000;0.61881;2
503.97198; 78.16667;      -2.88052; 40.90096;80.00000;20.00000;0.61875;2
504.07401; 78.17667;      -2.88088; 40.89616;80.00000;20.00000;0.61870;2
504.16400; 78.18667;      -2.88086; 40.89231;80.00000;20.00000;0.61865;2
504.26199; 78.19667;      -2.88062; 40.89039;80.00000;20.00000;0.61860;2
504.36200; 78.20667;      -2.88050; 40.88559;80.00000;20.00000;0.61855;2
504.46600; 78.21667;      -2.88016; 40.87790;80.00000;20.00000;0.61850;2
504.57199; 78.22667;      -2.88006; 40.87309;80.00000;20.00000;0.61844;2
504.67401; 78.23667;      -2.87947; 40.86829;80.00000;20.00000;0.61839;2
504.75699; 78.24667;      -2.87967; 40.86348;80.00000;20.00000;0.61835;2
504.86099; 78.25667;      -2.87992; 40.86060;80.00000;20.00000;0.61829;2
504.96701; 78.26667;      -2.88065; 40.85579;80.00000;20.00000;0.61824;2
505.05701; 78.27667;      -2.88098; 40.85099;80.00000;20.00000;0.61819;2
505.16000; 78.28667;      -2.88111; 40.84810;80.00000;20.00000;0.61814;2
505.25601; 78.29667;      -2.88087; 40.84426;80.00000;20.00000;0.61809;2
505.35400; 78.30667;      -2.88110; 40.83849;80.00000;20.00000;0.61804;2
505.45401; 78.31667;      -2.88110; 40.82888;80.00000;20.00000;0.61799;2
505.55600; 78.32667;      -2.88111; 40.82215;80.00000;20.00000;0.61794;2
505.66101; 78.33667;      -2.88113; 40.82311;80.00000;20.00000;0.61788;2
505.76001; 78.34667;      -2.88148; 40.82407;80.00000;20.00000;0.61783;2
505.85901; 78.35667;      -2.88148; 40.82215;80.00000;20.00000;0.61778;2
505.95999; 78.36667;      -2.88113; 40.81831;80.00000;20.00000;0.61773;2
506.06100; 78.37667;      -2.88197; 40.81446;80.00000;20.00000;0.61768;2
506.15701; 78.38667;      -2.88220; 40.81062;80.00000;20.00000;0.61763;2
506.26199; 78.39667;      -2.88221; 40.80677;80.00000;20.00000;0.61757;2
506.35199; 78.40667;      -2.88207; 40.80293;80.00000;20.00000;0.61753;2
506.45599; 78.41667;      -2.88220; 40.79620;80.00000;20.00000;0.61747;2
506.55301; 78.42667;      -2.88232; 40.79236;80.00000;20.00000;0.61742;2
506.65601; 78.43667;      -2.88268; 40.78659;80.00000;20.00000;0.61737;2
506.75601; 78.44667;      -2.88304; 40.78082;80.00000;20.00000;0.61732;2
506.85999; 78.45667;      -2.88294; 40.77890;80.00000;20.00000;0.61727;2
506.95999; 78.46667;      -2.88234; 40.77506;80.00000;20.00000;0.61721;2
507.06000; 78.47667;      -2.88247; 40.76833;80.00000;20.00000;0.61716;2
507.15701; 78.48667;      -2.88211; 40.76064;80.00000;20.00000;0.61711;2
507.25699; 78.49667;      -2.88187; 40.75295;80.00000;20.00000;0.61706;2
507.35199; 78.50667;      -2.88210; 40.75007;80.00000;20.00000;0.61701;2
507.45999; 78.51667;      -2.88236; 40.75007;80.00000;20.00000;0.61696;2
507.55399; 78.52667;      -2.88235; 40.74526;80.00000;20.00000;0.61691;2
507.66299; 78.53667;      -2.88201; 40.74046;80.00000;20.00000;0.61685;2
507.76401; 78.54667;      -2.88202; 40.73565;80.00000;20.00000;0.61680;2
507.85901; 78.55667;      -2.88201; 40.73181;80.00000;20.00000;0.61675;2
507.95099; 78.56667;      -2.88128; 40.72988;80.00000;20.00000;0.61670;2
508.05301; 78.57667;      -2.88081; 40.72604;80.00000;20.00000;0.61665;2
508.15601; 78.58667;      -2.88058; 40.72219;80.00000;20.00000;0.61660;2
508.25500; 78.59667;      -2.88070; 40.71835;80.00000;20.00000;0.61655;2
508.36099; 78.60667;      -2.88108; 40.71547;80.00000;20.00000;0.61649;2
508.44800; 78.61667;      -2.88200; 40.71162;80.00000;20.00000;0.61645;2
508.55600; 78.62667;      -2.88154; 40.70778;80.00000;20.00000;0.61639;2
508.65100; 78.63667;      -2.88094; 40.69817;80.00000;20.00000;0.61634;2
508.75299; 78.64667;      -2.88047; 40.69528;80.00000;20.00000;0.61629;2
508.85599; 78.65667;      -2.88024; 40.69336;80.00000;20.00000;0.61624;2
508.95801; 78.66667;      -2.88061; 40.69048;80.00000;20.00000;0.61619;2
509.05399; 78.67667;      -2.88072; 40.68855;80.00000;20.00000;0.61614;2
509.14999; 78.68667;      -2.88047; 40.68663;80.00000;20.00000;0.61609;2
509.26099; 78.69667;      -2.88050; 40.68279;80.00000;20.00000;0.61603;2
509.35800; 78.70667;      -2.88026; 40.67990;80.00000;20.00000;0.61598;2
509.45599; 78.71667;      -2.88038; 40.67414;80.00000;20.00000;0.61593;2
509.55801; 78.72667;      -2.88003; 40.66645;80.00000;20.00000;0.61588;2
509.65100; 78.73667;      -2.87989; 40.65876;80.00000;20.00000;0.61583;2
509.75000; 78.74667;      -2.88001; 40.65588;80.00000;20.00000;0.61578;2
509.85599; 78.75667;      -2.88003; 40.65492;80.00000;20.00000;0.61572;2
509.95200; 78.76667;      -2.87871; 40.65299;80.00000;20.00000;0.61568;2
510.06299; 78.77667;      -2.87910; 40.65011;80.00000;20.00000;0.61562;2
510.15302; 78.78667;      -2.87955; 40.64627;80.00000;20.00000;0.61557;2
510.25400; 78.79667;      -2.87980; 40.64242;80.00000;20.00000;0.61552;2
510.35199; 78.80667;      -2.88003; 40.63858;80.00000;20.00000;0.61547;2
510.45700; 78.81667;      -2.87850; 40.63377;80.00000;20.00000;0.61542;2
510.55301; 78.82667;      -2.87837; 40.62993;80.00000;20.00000;0.61537;2
510.64801; 78.83667;      -2.87872; 40.62416;80.00000;20.00000;0.61532;2
510.75699; 78.84667;      -2.87850; 40.61935;80.00000;20.00000;0.61526;2
510.85199; 78.85667;      -2.87897; 40.61551;80.00000;20.00000;0.61521;2
510.95599; 78.86667;      -2.87875; 40.61166;80.00000;20.00000;0.61516;2
511.05701; 78.87667;      -2.87815; 40.60782;80.00000;20.00000;0.61511;2
511.14499; 78.88667;      -2.87813; 40.60205;80.00000;20.00000;0.61506;2
511.25400; 78.89667;      -2.87767; 40.59725;80.00000;20.00000;0.61501;2
511.35599; 78.90667;      -2.87744; 40.59244;80.00000;20.00000;0.61495;2
511.45499; 78.91667;      -2.87732; 40.58764;80.00000;20.00000;0.61490;2
511.54999; 78.92667;      -2.87719; 40.58379;80.00000;20.00000;0.61485;2
511.65201; 78.93667;      -2.87649; 40.58187;80.00000;20.00000;0.61480;2
511.74500; 78.94667;      -2.87647; 40.57706;80.00000;20.00000;0.61475;2
511.85001; 78.95667;      -2.87756; 40.57322;80.00000;20.00000;0.61470;2
511.95300; 78.96667;      -2.87745; 40.56745;80.00000;20.00000;0.61465;2
512.04797; 78.97667;      -2.87768; 40.55496;80.00000;20.00000;0.61460;2
512.15100; 78.98667;      -2.87757; 40.54631;80.00000;20.00000;0.61454;2
512.24902; 78.99667;      -2.87745; 40.54535;80.00000;20.00000;0.61449;2
512.34497; 79.00667;      -2.87672; 40.54342;80.00000;20.00000;0.61444;2
512.45001; 79.01667;      -2.87614; 40.54054;80.00000;20.00000;0.61439;2
512.55701; 79.02667;      -2.87508; 40.53670;80.00000;20.00000;0.61433;2
512.64600; 79.03667;      -2.87470; 40.53477;80.00000;20.00000;0.61429;2
512.73901; 79.04667;      -2.87540; 40.53093;80.00000;20.00000;0.61424;2
512.83899; 79.05667;      -2.87624; 40.52901;80.00000;20.00000;0.61419;2
512.94299; 79.06667;      -2.87649; 40.52612;80.00000;20.00000;0.61414;2
513.04797; 79.07667;      -2.87651; 40.52324;80.00000;20.00000;0.61408;2
513.14203; 79.08667;      -2.87626; 40.52036;80.00000;20.00000;0.61403;2
513.23499; 79.09667;      -2.87517; 40.51747;80.00000;20.00000;0.61399;2
513.34497; 79.10667;      -2.87543; 40.51363;80.00000;20.00000;0.61393;2
513.44702; 79.11667;      -2.87568; 40.51075;80.00000;20.00000;0.61388;2
513.53900; 79.12667;      -2.87602; 40.50594;80.00000;20.00000;0.61383;2
513.65698; 79.13667;      -2.87618; 40.49921;80.00000;20.00000;0.61377;2
513.75000; 79.14667;      -2.87629; 40.49537;80.00000;20.00000;0.61372;2
513.83600; 79.15667;      -2.87673; 40.49152;80.00000;20.00000;0.61368;2
513.94397; 79.16667;      -2.87652; 40.48768;80.00000;20.00000;0.61362;2
514.04797; 79.17667;      -2.87653; 40.48479;80.00000;20.00000;0.61357;2
514.14697; 79.18667;      -2.87653; 40.48191;80.00000;20.00000;0.61352;2
514.24103; 79.19667;      -2.87699; 40.47903;80.00000;20.00000;0.61347;2
514.34302; 79.20667;      -2.87652; 40.47230;80.00000;20.00000;0.61342;2
514.44397; 79.21667;      -2.87677; 40.46749;80.00000;20.00000;0.61336;2
514.54401; 79.22667;      -2.87653; 40.46365;80.00000;20.00000;0.61331;2
514.64899; 79.23667;      -2.87678; 40.46557;80.00000;20.00000;0.61326;2
514.74298; 79.24667;      -2.87605; 40.46557;80.00000;20.00000;0.61321;2
514.84399; 79.25667;      -2.87594; 40.46269;80.00000;20.00000;0.61316;2
514.95001; 79.26667;      -2.87679; 40.45981;80.00000;20.00000;0.61310;2
515.04303; 79.27667;      -2.87714; 40.45692;80.00000;20.00000;0.61306;2
515.14301; 79.28667;      -2.87702; 40.45212;80.00000;20.00000;0.61300;2
515.24597; 79.29667;      -2.87727; 40.44635;80.00000;20.00000;0.61295;2
515.35400; 79.30667;      -2.87741; 40.44347;80.00000;20.00000;0.61290;2
515.44202; 79.31667;      -2.87714; 40.43962;80.00000;20.00000;0.61285;2
515.54901; 79.32667;      -2.87728; 40.43482;80.00000;20.00000;0.61280;2
515.64099; 79.33667;      -2.87762; 40.43097;80.00000;20.00000;0.61275;2
515.74701; 79.34667;      -2.87800; 40.42328;80.00000;20.00000;0.61269;2
515.83801; 79.35667;      -2.87750; 40.41848;80.00000;20.00000;0.61265;2
515.93298; 79.36667;      -2.87629; 40.41559;80.00000;20.00000;0.61260;2
516.04303; 79.37667;      -2.87644; 40.41271;80.00000;20.00000;0.61254;2
516.14001; 79.38667;      -2.87667; 40.40983;80.00000;20.00000;0.61249;2
516.24402; 79.39667;      -2.87716; 40.40598;80.00000;20.00000;0.61244;2
516.34601; 79.40667;      -2.87705; 40.40118;80.00000;20.00000;0.61239;2
516.43402; 79.41667;      -2.87679; 40.38964;80.00000;20.00000;0.61234;2
516.53998; 79.42667;      -2.87692; 40.38099;80.00000;20.00000;0.61229;2
516.64697; 79.43667;      -2.87706; 40.37715;80.00000;20.00000;0.61223;2
516.74500; 79.44667;      -2.87706; 40.37619;80.00000;20.00000;0.61218;2
516.84198; 79.45667;      -2.87741; 40.37523;80.00000;20.00000;0.61213;2
516.94299; 79.46667;      -2.87694; 40.37330;80.00000;20.00000;0.61208;2
517.04901; 79.47667;      -2.87600; 40.36946;80.00000;20.00000;0.61202;2
517.14099; 79.48667;      -2.87586; 40.36561;80.00000;20.00000;0.61198;2
517.24200; 79.49667;      -2.87562; 40.36177;80.00000;20.00000;0.61192;2
517.33600; 79.50667;      -2.87549; 40.35793;80.00000;20.00000;0.61188;2
517.44397; 79.51667;      -2.87563; 40.35408;80.00000;20.00000;0.61182;2
517.54102; 79.52667;      -2.87551; 40.35024;80.00000;20.00000;0.61177;2
517.63501; 79.53667;      -2.87430; 40.34639;80.00000;20.00000;0.61172;2
517.73901; 79.54667;      -2.87431; 40.34159;80.00000;20.00000;0.61167;2
517.83398; 79.55667;      -2.87430; 40.33774;80.00000;20.00000;0.61162;2
517.94299; 79.56667;      -2.87432; 40.33486;80.00000;20.00000;0.61156;2
518.04102; 79.57667;      -2.87432; 40.33101;80.00000;20.00000;0.61151;2
518.13599; 79.58667;      -2.87347; 40.32813;80.00000;20.00000;0.61146;2
518.23798; 79.59667;      -2.87408; 40.32332;80.00000;20.00000;0.61141;2
518.34003; 79.60667;      -2.87408; 40.31948;80.00000;20.00000;0.61136;2
518.43799; 79.61667;      -2.87372; 40.30891;80.00000;20.00000;0.61131;2
518.53802; 79.62667;      -2.87324; 40.30026;80.00000;20.00000;0.61126;2
518.63599; 79.63667;      -2.87384; 40.29353;80.00000;20.00000;0.61121;2
518.73798; 79.64667;      -2.87409; 40.29257;80.00000;20.00000;0.61116;2
518.83698; 79.65667;      -2.87397; 40.29257;80.00000;20.00000;0.61110;2
518.94098; 79.66667;      -2.87386; 40.28969;80.00000;20.00000;0.61105;2
519.02301; 79.67667;      -2.87178; 40.28680;80.00000;20.00000;0.61101;2
519.13702; 79.68667;      -2.87145; 40.28296;80.00000;20.00000;0.61095;2
519.23999; 79.69667;      -2.87206; 40.28007;80.00000;20.00000;0.61090;2
519.33502; 79.70667;      -2.87169; 40.27623;80.00000;20.00000;0.61085;2
519.43402; 79.71667;      -2.87169; 40.27142;80.00000;20.00000;0.61080;2
519.53400; 79.72667;      -2.87133; 40.26373;80.00000;20.00000;0.61075;2
519.64502; 79.73667;      -2.87124; 40.25989;80.00000;20.00000;0.61069;2
519.72498; 79.74667;      -2.87059; 40.25605;80.00000;20.00000;0.61065;2
519.83502; 79.75667;      -2.87098; 40.25220;80.00000;20.00000;0.61059;2
519.92999; 79.76667;      -2.87121; 40.24740;80.00000;20.00000;0.61054;2
520.03400; 79.77667;      -2.87158; 40.24451;80.00000;20.00000;0.61049;2
520.12299; 79.78667;      -2.87167; 40.23971;80.00000;20.00000;0.61044;2
520.22803; 79.79667;      -2.87193; 40.23490;80.00000;20.00000;0.61039;2
520.33301; 79.80667;      -2.87134; 40.23106;80.00000;20.00000;0.61033;2
520.43597; 79.81667;      -2.87075; 40.22625;80.00000;20.00000;0.61028;2
520.52698; 79.82667;      -2.87109; 40.22337;80.00000;20.00000;0.61023;2
520.62903; 79.83667;      -2.87062; 40.21952;80.00000;20.00000;0.61018;2
520.72498; 79.84667;      -2.87013; 40.21664;80.00000;20.00000;0.61013;2
520.83398; 79.85667;      -2.87003; 40.20895;80.00000;20.00000;0.61008;2
520.92499; 79.86667;      -2.86989; 40.20126;80.00000;20.00000;0.61003;2
521.02698; 79.87667;      -2.86966; 40.19357;80.00000;20.00000;0.60998;2
521.12799; 79.88667;      -2.86966; 40.19261;80.00000;20.00000;0.60993;2
521.23499; 79.89667;      -2.87016; 40.19165;80.00000;20.00000;0.60987;2
521.33002; 79.90667;      -2.87039; 40.18973;80.00000;20.00000;0.60982;2
521.43799; 79.91667;      -2.87041; 40.18588;80.00000;20.00000;0.60977;2
521.53497; 79.92667;      -2.87017; 40.18204;80.00000;20.00000;0.60972;2
521.63300; 79.93667;      -2.87016; 40.17819;80.00000;20.00000;0.60967;2
521.73102; 79.94667;      -2.87004; 40.17627;80.00000;20.00000;0.60962;2
521.83301; 79.95667;      -2.86932; 40.17435;80.00000;20.00000;0.60956;2
521.93103; 79.96667;      -2.86908; 40.17050;80.00000;20.00000;0.60951;2
522.03998; 79.97667;      -2.86802; 40.16762;80.00000;20.00000;0.60946;2
522.13098; 79.98667;      -2.86788; 40.16474;80.00000;20.00000;0.60941;2
522.23700; 79.99667;      -2.86838; 40.16089;80.00000;20.00000;0.60935;2
522.33502; 80.00667;      -2.86837; 40.15897;80.00000;20.00000;0.60930;2
522.43298; 80.01667;      -2.86861; 40.15705;80.00000;20.00000;0.60925;2
522.52802; 80.02667;      -2.86836; 40.15320;80.00000;20.00000;0.60921;2
522.62799; 80.03667;      -2.86824; 40.15032;80.00000;20.00000;0.60915;2
522.72601; 80.04667;      -2.86788; 40.14840;80.00000;20.00000;0.60910;2
522.83099; 80.05667;      -2.86753; 40.14552;80.00000;20.00000;0.60905;2
522.93103; 80.06667;      -2.86717; 40.14071;80.00000;20.00000;0.60900;2
523.02502; 80.07667;      -2.86679; 40.13783;80.00000;20.00000;0.60895;2
523.12903; 80.08667;      -2.86656; 40.13302;80.00000;20.00000;0.60890;2
523.22498; 80.09667;      -2.86656; 40.12821;80.00000;20.00000;0.60885;2
523.33099; 80.10667;      -2.86645; 40.12149;80.00000;20.00000;0.60879;2
523.42798; 80.11667;      -2.86608; 40.11476;80.00000;20.00000;0.60874;2
523.53400; 80.12667;      -2.86538; 40.10803;80.00000;20.00000;0.60869;2
523.62799; 80.13667;      -2.86560; 40.10707;80.00000;20.00000;0.60864;2
523.72400; 80.14667;      -2.86608; 40.10419;80.00000;20.00000;0.60859;2
523.83002; 80.15667;      -2.86621; 40.09842;80.00000;20.00000;0.60854;2
523.92401; 80.16667;      -2.86596; 40.08977;80.00000;20.00000;0.60849;2
524.02002; 80.17667;      -2.86595; 40.08400;80.00000;20.00000;0.60844;2
524.12598; 80.18667;      -2.86536; 40.08016;80.00000;20.00000;0.60838;2
524.23102; 80.19667;      -2.86550; 40.07631;80.00000;20.00000;0.60833;2
524.32599; 80.20667;      -2.86597; 40.07343;80.00000;20.00000;0.60828;2
524.42102; 80.21667;      -2.86596; 40.07055;80.00000;20.00000;0.60823;2
524.52502; 80.22667;      -2.86585; 40.06670;80.00000;20.00000;0.60818;2
524.62000; 80.23667;      -2.86524; 40.06478;80.00000;20.00000;0.60813;2
524.72101; 80.24667;      -2.86500; 40.06094;80.00000;20.00000;0.60808;2
524.82300; 80.25667;      -2.86537; 40.05036;80.00000;20.00000;0.60802;2
524.92401; 80.26667;      -2.86609; 40.04364;80.00000;20.00000;0.60797;2
525.02399; 80.27667;      -2.86597; 40.03595;80.00000;20.00000;0.60792;2
525.12598; 80.28667;      -2.86598; 40.03499;80.00000;20.00000;0.60787;2
525.22400; 80.29667;      -2.86694; 40.03402;80.00000;20.00000;0.60782;2
525.32001; 80.30667;      -2.86633; 40.03402;80.00000;20.00000;0.60777;2
525.42499; 80.31667;      -2.86634; 40.03306;80.00000;20.00000;0.60771;2
525.52502; 80.32667;      -2.86659; 40.03306;80.00000;20.00000;0.60766;2
525.61902; 80.33667;      -2.86681; 40.03114;80.00000;20.00000;0.60762;2
525.72101; 80.34667;      -2.86706; 40.02826;80.00000;20.00000;0.60756;2
525.81897; 80.35667;      -2.86718; 40.02634;80.00000;20.00000;0.60751;2
525.92999; 80.36667;      -2.86757; 40.02441;80.00000;20.00000;0.60746;2
526.02301; 80.37667;      -2.86683; 40.02249;80.00000;20.00000;0.60741;2
526.12201; 80.38667;      -2.86550; 40.02057;80.00000;20.00000;0.60736;2
526.22998; 80.39667;      -2.86564; 40.01672;80.00000;20.00000;0.60730;2
526.32098; 80.40667;      -2.86562; 40.01384;80.00000;20.00000;0.60725;2
526.42200; 80.41667;      -2.86647; 40.01096;80.00000;20.00000;0.60720;2
526.51801; 80.42667;      -2.86646; 40.00903;80.00000;20.00000;0.60715;2
526.61902; 80.43667;      -2.86586; 40.01000;80.00000;20.00000;0.60710;2
526.72601; 80.44667;      -2.86636; 40.01000;80.00000;20.00000;0.60705;2
526.82501; 80.45667;      -2.86636; 40.01192;80.00000;20.00000;0.60699;2
526.92102; 80.46667;      -2.86599; 40.01288;80.00000;20.00000;0.60695;2
527.02698; 80.47667;      -2.86528; 40.01288;80.00000;20.00000;0.60689;2
527.12201; 80.48667;      -2.86479; 40.01288;80.00000;20.00000;0.60684;2
527.22302; 80.49667;      -2.86491; 40.01000;80.00000;20.00000;0.60679;2
527.31702; 80.50667;      -2.86454; 40.01000;80.00000;20.00000;0.60674;2
527.42102; 80.51667;      -2.86479; 40.00903;80.00000;20.00000;0.60669;2
527.52802; 80.52667;      -2.86481; 40.00711;80.00000;20.00000;0.60663;2
527.63000; 80.53667;      -2.86493; 40.00519;80.00000;20.00000;0.60658;2
527.72601; 80.54667;      -2.86444; 40.00327;80.00000;20.00000;0.60653;2
527.82202; 80.55667;      -2.86395; 40.00135;80.00000;20.00000;0.60648;2
527.92401; 80.56667;      -2.86383; 39.99846;80.00000;20.00000;0.60643;2
528.02600; 80.57667;      -2.86432; 39.99654;80.00000;20.00000;0.60638;2
528.12201; 80.58667;      -2.86432; 39.99270;80.00000;20.00000;0.60633;2
528.21600; 80.59667;      -2.86346; 39.98885;80.00000;20.00000;0.60628;2
528.31500; 80.60667;      -2.86261; 39.98597;80.00000;20.00000;0.60623;2
528.41901; 80.61667;      -2.86262; 39.98212;80.00000;20.00000;0.60617;2
528.51898; 80.62667;      -2.86262; 39.97347;80.00000;20.00000;0.60612;2
528.63098; 80.63667;      -2.86180; 39.96674;80.00000;20.00000;0.60607;2
528.72699; 80.64667;      -2.86143; 39.96002;80.00000;20.00000;0.60602;2
528.82397; 80.65667;      -2.86142; 39.95809;80.00000;20.00000;0.60597;2
528.91699; 80.66667;      -2.86153; 39.95521;80.00000;20.00000;0.60592;2
529.02600; 80.67667;      -2.86167; 39.95137;80.00000;20.00000;0.60586;2
529.11902; 80.68667;      -2.86129; 39.94752;80.00000;20.00000;0.60581;2
529.21399; 80.69667;      -2.86068; 39.94368;80.00000;20.00000;0.60577;2
529.32800; 80.70667;      -2.86059; 39.94079;80.00000;20.00000;0.60571;2
529.41699; 80.71667;      -2.86032; 39.93503;80.00000;20.00000;0.60566;2
529.50897; 80.72667;      -2.86030; 39.93118;80.00000;20.00000;0.60561;2
529.61700; 80.73667;      -2.86020; 39.92734;80.00000;20.00000;0.60556;2
529.71997; 80.74667;      -2.86070; 39.92253;80.00000;20.00000;0.60551;2
529.81702; 80.75667;      -2.85839; 39.91965;80.00000;20.00000;0.60546;2
529.91998; 80.76667;      -2.85876; 39.91677;80.00000;20.00000;0.60540;2
530.01898; 80.77667;      -2.85936; 39.91388;80.00000;20.00000;0.60535;2
530.11102; 80.78667;      -2.85922; 39.90908;80.00000;20.00000;0.60530;2
530.22400; 80.79667;      -2.85901; 39.90427;80.00000;20.00000;0.60525;2
530.31799; 80.80667;      -2.85888; 39.90235;80.00000;20.00000;0.60520;2
530.42102; 80.81667;      -2.85901; 39.89850;80.00000;20.00000;0.60515;2
530.51898; 80.82667;      -2.85864; 39.89466;80.00000;20.00000;0.60509;2
530.62000; 80.83667;      -2.85792; 39.89274;80.00000;20.00000;0.60504;2
530.71399; 80.84667;      -2.85802; 39.89082;80.00000;20.00000;0.60499;2
530.81897; 80.85667;      -2.85804; 39.88793;80.00000;20.00000;0.60494;2
530.92297; 80.86667;      -2.85853; 39.88601;80.00000;20.00000;0.60489;2
531.01898; 80.87667;      -2.85816; 39.88409;80.00000;20.00000;0.60484;2
531.11401; 80.88667;      -2.85790; 39.88217;80.00000;20.00000;0.60479;2
531.21301; 80.89667;      -2.85742; 39.87928;80.00000;20.00000;0.60474;2
531.31598; 80.90667;      -2.85718; 39.87544;80.00000;20.00000;0.60468;2
531.42499; 80.91667;      -2.85745; 39.87159;80.00000;20.00000;0.60463;2
531.52197; 80.92667;      -2.85683; 39.86775;80.00000;20.00000;0.60458;2
531.62000; 80.93667;      -2.85659; 39.86390;80.00000;20.00000;0.60453;2
531.72400; 80.94667;      -2.85514; 39.85910;80.00000;20.00000;0.60447;2
531.82300; 80.95667;      -2.85502; 39.85429;80.00000;20.00000;0.60442;2
531.91498; 80.96667;      -2.85488; 39.84853;80.00000;20.00000;0.60438;2
532.02600; 80.97667;      -2.85503; 39.84372;80.00000;20.00000;0.60432;2
532.11798; 80.98667;      -2.85452; 39.84276;80.00000;20.00000;0.60427;2
532.21802; 80.99667;      -2.85404; 39.84276;80.00000;20.00000;0.60422;2
532.31500; 81.00667;      -2.85439; 39.84276;80.00000;20.00000;0.60417;2
532.42200; 81.01667;      -2.85429; 39.84180;80.00000;20.00000;0.60412;2
532.51501; 81.02667;      -2.85379; 39.83988;80.00000;20.00000;0.60407;2
532.62000; 81.03667;      -2.85283; 39.83891;80.00000;20.00000;0.60401;2
532.72198; 81.04667;      -2.85283; 39.83699;80.00000;20.00000;0.60396;2
532.82397; 81.05667;      -2.85235; 39.83507;80.00000;20.00000;0.60391;2
532.92200; 81.06667;      -2.85259; 39.82930;80.00000;20.00000;0.60386;2
533.01898; 81.07667;      -2.85234; 39.82546;80.00000;20.00000;0.60381;2
533.12299; 81.08667;      -2.85186; 39.82258;80.00000;20.00000;0.60376;2
533.21899; 81.09667;      -2.85234; 39.81873;80.00000;20.00000;0.60371;2
533.31201; 81.10667;      -2.85257; 39.81489;80.00000;20.00000;0.60366;2
533.41400; 81.11667;      -2.85196; 39.81104;80.00000;20.00000;0.60361;2
533.52197; 81.12667;      -2.85113; 39.80816;80.00000;20.00000;0.60355;2
533.61902; 81.13667;      -2.85125; 39.80431;80.00000;20.00000;0.60350;2
533.71698; 81.14667;      -2.85136; 39.79662;80.00000;20.00000;0.60345;2
533.80603; 81.15667;      -2.85085; 39.79278;80.00000;20.00000;0.60340;2
533.90601; 81.16667;      -2.85134; 39.78990;80.00000;20.00000;0.60335;2
534.01398; 81.17667;      -2.85123; 39.78701;80.00000;20.00000;0.60330;2
534.12000; 81.18667;      -2.84979; 39.78317;80.00000;20.00000;0.60324;2
534.20599; 81.19667;      -2.84976; 39.78029;80.00000;20.00000;0.60320;2
534.32001; 81.20667;      -2.85015; 39.77644;80.00000;20.00000;0.60314;2
534.41302; 81.21667;      -2.84989; 39.77356;80.00000;20.00000;0.60309;2
534.51202; 81.22667;      -2.84977; 39.77164;80.00000;20.00000;0.60304;2
534.61298; 81.23667;      -2.84941; 39.76779;80.00000;20.00000;0.60299;2
534.71802; 81.24667;      -2.84905; 39.76010;80.00000;20.00000;0.60294;2
534.81000; 81.25667;      -2.84879; 39.75337;80.00000;20.00000;0.60289;2
534.91199; 81.26667;      -2.84807; 39.74665;80.00000;20.00000;0.60284;2
535.01099; 81.27667;      -2.84806; 39.74472;80.00000;20.00000;0.60278;2
535.11102; 81.28667;      -2.84879; 39.74376;80.00000;20.00000;0.60273;2
535.21002; 81.29667;      -2.84916; 39.74376;80.00000;20.00000;0.60268;2
535.31403; 81.30667;      -2.84831; 39.74376;80.00000;20.00000;0.60263;2
535.41498; 81.31667;      -2.84734; 39.74280;80.00000;20.00000;0.60258;2
535.51300; 81.32667;      -2.84795; 39.73992;80.00000;20.00000;0.60253;2
535.60999; 81.33667;      -2.84794; 39.73800;80.00000;20.00000;0.60248;2
535.71198; 81.34667;      -2.84733; 39.73703;80.00000;20.00000;0.60242;2
535.81702; 81.35667;      -2.84747; 39.73511;80.00000;20.00000;0.60237;2
535.91699; 81.36667;      -2.84674; 39.73127;80.00000;20.00000;0.60232;2
536.02100; 81.37667;      -2.84809; 39.72838;80.00000;20.00000;0.60226;2
536.11603; 81.38667;      -2.84783; 39.72550;80.00000;20.00000;0.60222;2
536.21802; 81.39667;      -2.84735; 39.72358;80.00000;20.00000;0.60216;2
536.31201; 81.40667;      -2.84709; 39.72166;80.00000;20.00000;0.60212;2
536.41302; 81.41667;      -2.84624; 39.71877;80.00000;20.00000;0.60206;2
536.51398; 81.42667;      -2.84600; 39.71589;80.00000;20.00000;0.60201;2
536.61298; 81.43667;      -2.84526; 39.71301;80.00000;20.00000;0.60196;2
536.71301; 81.44667;      -2.84502; 39.70916;80.00000;20.00000;0.60191;2
536.80902; 81.45667;      -2.84464; 39.70532;80.00000;20.00000;0.60186;2
536.90399; 81.46667;      -2.84512; 39.70339;80.00000;20.00000;0.60181;2
537.01599; 81.47667;      -2.84502; 39.69859;80.00000;20.00000;0.60175;2
537.11102; 81.48667;      -2.84416; 39.69571;80.00000;20.00000;0.60170;2
537.20898; 81.49667;      -2.84330; 39.69282;80.00000;20.00000;0.60165;2
537.31799; 81.50667;      -2.84308; 39.69090;80.00000;20.00000;0.60160;2
537.40997; 81.51667;      -2.84281; 39.68706;80.00000;20.00000;0.60155;2
537.51099; 81.52667;      -2.84281; 39.68513;80.00000;20.00000;0.60150;2
537.61401; 81.53667;      -2.84258; 39.68129;80.00000;20.00000;0.60145;2
537.70697; 81.54667;      -2.84207; 39.67552;80.00000;20.00000;0.60140;2
537.80402; 81.55667;      -2.84121; 39.67072;80.00000;20.00000;0.60135;2
537.91498; 81.56667;      -2.84136; 39.66591;80.00000;20.00000;0.60129;2
538.00800; 81.57667;      -2.84170; 39.66399;80.00000;20.00000;0.60124;2
538.10999; 81.58667;      -2.84147; 39.66303;80.00000;20.00000;0.60119;2
538.21100; 81.59667;      -2.84134; 39.66110;80.00000;20.00000;0.60114;2
538.31000; 81.60667;      -2.84085; 39.65822;80.00000;20.00000;0.60109;2
538.40399; 81.61667;      -2.84072; 39.65630;80.00000;20.00000;0.60104;2
538.50598; 81.62667;      -2.84145; 39.65245;80.00000;20.00000;0.60099;2
538.60699; 81.63667;      -2.84145; 39.64861;80.00000;20.00000;0.60094;2
538.70203; 81.64667;      -2.84144; 39.64669;80.00000;20.00000;0.60089;2
538.80200; 81.65667;      -2.84132; 39.64380;80.00000;20.00000;0.60083;2
538.91101; 81.66667;      -2.84036; 39.64092;80.00000;20.00000;0.60078;2
539.00598; 81.67667;      -2.83998; 39.63515;80.00000;20.00000;0.60073;2
539.10901; 81.68667;      -2.83999; 39.63131;80.00000;20.00000;0.60068;2
539.20801; 81.69667;      -2.83974; 39.62747;80.00000;20.00000;0.60063;2
539.31201; 81.70667;      -2.83975; 39.62266;80.00000;20.00000;0.60057;2
539.40802; 81.71667;      -2.83986; 39.61978;80.00000;20.00000;0.60052;2
539.50201; 81.72667;      -2.83960; 39.61689;80.00000;20.00000;0.60047;2
539.60303; 81.73667;      -2.83948; 39.61497;80.00000;20.00000;0.60042;2
539.70099; 81.74667;      -2.83972; 39.61113;80.00000;20.00000;0.60037;2
539.80298; 81.75667;      -2.83911; 39.61016;80.00000;20.00000;0.60032;2
539.90399; 81.76667;      -2.83887; 39.60920;80.00000;20.00000;0.60027;2
540.00098; 81.77667;      -2.83886; 39.60824;80.00000;20.00000;0.60022;2
540.10498; 81.78667;      -2.83862; 39.60728;80.00000;20.00000;0.60016;2
540.21002; 81.79667;      -2.83900; 39.60536;80.00000;20.00000;0.60011;2
540.31000; 81.80667;      -2.83827; 39.60440;80.00000;20.00000;0.60006;2
540.40698; 81.81667;      -2.83789; 39.60248;80.00000;20.00000;0.60001;2
540.51001; 81.82667;      -2.83717; 39.60055;80.00000;20.00000;0.59996;2
540.60699; 81.83667;      -2.83679; 39.59383;80.00000;20.00000;0.59991;2
540.70203; 81.84667;      -2.83739; 39.58998;80.00000;20.00000;0.59986;2
540.80499; 81.85667;      -2.83642; 39.58518;80.00000;20.00000;0.59980;2
540.90503; 81.86667;      -2.83654; 39.58133;80.00000;20.00000;0.59975;2
540.99597; 81.87667;      -2.83627; 39.58133;80.00000;20.00000;0.59971;2
541.10999; 81.88667;      -2.83655; 39.58133;80.00000;20.00000;0.59965;2
541.20697; 81.89667;      -2.83544; 39.58229;80.00000;20.00000;0.59960;2
541.30902; 81.90667;      -2.83532; 39.58229;80.00000;20.00000;0.59955;2
541.40002; 81.91667;      -2.83554; 39.58325;80.00000;20.00000;0.59950;2
541.50500; 81.92667;      -2.83641; 39.58229;80.00000;20.00000;0.59944;2
541.59601; 81.93667;      -2.83638; 39.58133;80.00000;20.00000;0.59940;2
541.70300; 81.94667;      -2.83579; 39.58037;80.00000;20.00000;0.59934;2
541.80499; 81.95667;      -2.83542; 39.57845;80.00000;20.00000;0.59929;2
541.89899; 81.96667;      -2.83504; 39.57460;80.00000;20.00000;0.59924;2
541.99597; 81.97667;      -2.83503; 39.56980;80.00000;20.00000;0.59919;2
542.10797; 81.98667;      -2.83530; 39.56595;80.00000;20.00000;0.59913;2
542.20801; 81.99667;      -2.83506; 39.56307;80.00000;20.00000;0.59908;2
542.30701; 82.00667;      -2.83505; 39.55922;80.00000;20.00000;0.59903;2
542.40100; 82.01667;      -2.83491; 39.55634;80.00000;20.00000;0.59898;2
542.50598; 82.02667;      -2.83444; 39.55250;80.00000;20.00000;0.59893;2
542.60901; 82.03667;      -2.83456; 39.54961;80.00000;20.00000;0.59888;2
542.70801; 82.04667;      -2.83456; 39.54769;80.00000;20.00000;0.59883;2
542.80798; 82.05667;      -2.83468; 39.53712;80.00000;20.00000;0.59878;2
542.89697; 82.06667;      -2.83343; 39.53039;80.00000;20.00000;0.59873;2
543.00500; 82.07667;      -2.83332; 39.52366;80.00000;20.00000;0.59867;2
543.10400; 82.08667;      -2.83332; 39.51982;80.00000;20.00000;0.59862;2
543.19897; 82.09667;      -2.83257; 39.51694;80.00000;20.00000;0.59857;2
543.30200; 82.10667;      -2.83209; 39.51597;80.00000;20.00000;0.59852;2
543.40100; 82.11667;      -2.83122; 39.51597;80.00000;20.00000;0.59847;2
543.49200; 82.12667;      -2.83108; 39.51501;80.00000;20.00000;0.59842;2
543.59998; 82.13667;      -2.83122; 39.51405;80.00000;20.00000;0.59837;2
543.70099; 82.14667;      -2.83097; 39.51405;80.00000;20.00000;0.59832;2
543.80103; 82.15667;      -2.83048; 39.50732;80.00000;20.00000;0.59826;2
543.89801; 82.16667;      -2.82998; 39.49867;80.00000;20.00000;0.59821;2
544.00098; 82.17667;      -2.82999; 39.48618;80.00000;20.00000;0.59816;2
544.10498; 82.18667;      -2.83061; 39.48041;80.00000;20.00000;0.59811;2
544.19397; 82.19667;      -2.83046; 39.47753;80.00000;20.00000;0.59806;2
544.29797; 82.20667;      -2.83083; 39.47561;80.00000;20.00000;0.59801;2
544.39899; 82.21667;      -2.83083; 39.47368;80.00000;20.00000;0.59796;2
544.50598; 82.22667;      -2.83023; 39.47176;80.00000;20.00000;0.59790;2
544.59802; 82.23667;      -2.83009; 39.46888;80.00000;20.00000;0.59785;2
544.69598; 82.24667;      -2.82935; 39.46600;80.00000;20.00000;0.59780;2
544.79999; 82.25667;      -2.82862; 39.46215;80.00000;20.00000;0.59775;2
544.90100; 82.26667;      -2.82936; 39.45927;80.00000;20.00000;0.59770;2
545.00500; 82.27667;      -2.82936; 39.45638;80.00000;20.00000;0.59765;2
545.09802; 82.28667;      -2.82971; 39.45350;80.00000;20.00000;0.59760;2
545.19702; 82.29667;      -2.82897; 39.45158;80.00000;20.00000;0.59755;2
545.30200; 82.30667;      -2.82874; 39.44869;80.00000;20.00000;0.59749;2
545.40302; 82.31667;      -2.82837; 39.44581;80.00000;20.00000;0.59744;2
545.49799; 82.32667;      -2.82811; 39.44004;80.00000;20.00000;0.59739;2
545.60498; 82.33667;      -2.82776; 39.43716;80.00000;20.00000;0.59734;2
545.70099; 82.34667;      -2.82774; 39.43428;80.00000;20.00000;0.59729;2
545.80798; 82.35667;      -2.82800; 39.43043;80.00000;20.00000;0.59723;2
545.89801; 82.36667;      -2.82798; 39.42659;80.00000;20.00000;0.59719;2
545.99402; 82.37667;      -2.82723; 39.42467;80.00000;20.00000;0.59714;2
546.10797; 82.38667;      -2.82714; 39.42178;80.00000;20.00000;0.59708;2
546.21600; 82.39667;      -2.82666; 39.41794;80.00000;20.00000;0.59702;2
546.31000; 82.40667;      -2.82652; 39.41602;80.00000;20.00000;0.59697;2
546.40997; 82.41667;      -2.82615; 39.41506;80.00000;20.00000;0.59692;2
546.50299; 82.42667;      -2.82540; 39.41217;80.00000;20.00000;0.59688;2
546.61102; 82.43667;      -2.82578; 39.41121;80.00000;20.00000;0.59682;2
546.70398; 82.44667;      -2.82552; 39.40833;80.00000;20.00000;0.59677;2
546.80499; 82.45667;      -2.82564; 39.40544;80.00000;20.00000;0.59672;2
546.90900; 82.46667;      -2.82491; 39.40352;80.00000;20.00000;0.59667;2
547.00897; 82.47667;      -2.82466; 39.39775;80.00000;20.00000;0.59662;2
547.10699; 82.48667;      -2.82342; 39.39295;80.00000;20.00000;0.59657;2
547.21100; 82.49667;      -2.82183; 39.38718;80.00000;20.00000;0.59651;2
547.31702; 82.50667;      -2.82185; 39.37949;80.00000;20.00000;0.59646;2
547.40698; 82.51667;      -2.82219; 39.37373;80.00000;20.00000;0.59641;2
547.50098; 82.52667;      -2.82143; 39.37084;80.00000;20.00000;0.59636;2
547.59900; 82.53667;      -2.82093; 39.36892;80.00000;20.00000;0.59631;2
547.70099; 82.54667;      -2.82106; 39.36796;80.00000;20.00000;0.59626;2
547.80103; 82.55667;      -2.82056; 39.36796;80.00000;20.00000;0.59621;2
547.89899; 82.56667;      -2.82006; 39.36700;80.00000;20.00000;0.59616;2
548.00299; 82.57667;      -2.81896; 39.36796;80.00000;20.00000;0.59610;2
548.10199; 82.58667;      -2.81773; 39.36315;80.00000;20.00000;0.59605;2
548.20203; 82.59667;      -2.81846; 39.35739;80.00000;20.00000;0.59600;2
548.30200; 82.60667;      -2.81907; 39.35835;80.00000;20.00000;0.59595;2
548.40002; 82.61667;      -2.81882; 39.35931;80.00000;20.00000;0.59590;2
548.50500; 82.62667;      -2.81760; 39.36219;80.00000;20.00000;0.59585;2
548.60303; 82.63667;      -2.81747; 39.36412;80.00000;20.00000;0.59580;2
548.70697; 82.64667;      -2.81649; 39.36604;80.00000;20.00000;0.59574;2
548.80298; 82.65667;      -2.81599; 39.36892;80.00000;20.00000;0.59569;2
548.90601; 82.66667;      -2.81550; 39.36988;80.00000;20.00000;0.59564;2
549.00299; 82.67667;      -2.81512; 39.37084;80.00000;20.00000;0.59559;2
549.09601; 82.68667;      -2.81497; 39.36892;80.00000;20.00000;0.59554;2
549.19800; 82.69667;      -2.81485; 39.36604;80.00000;20.00000;0.59549;2
549.30603; 82.70667;      -2.81536; 39.36219;80.00000;20.00000;0.59544;2
549.41101; 82.71667;      -2.81488; 39.35931;80.00000;20.00000;0.59538;2
549.51099; 82.72667;      -2.81475; 39.35739;80.00000;20.00000;0.59533;2
549.61200; 82.73667;      -2.81475; 39.35354;80.00000;20.00000;0.59528;2
549.70398; 82.74667;      -2.81411; 39.34874;80.00000;20.00000;0.59523;2
549.80603; 82.75667;      -2.81387; 39.34297;80.00000;20.00000;0.59518;2
549.89899; 82.76667;      -2.81335; 39.33528;80.00000;20.00000;0.59513;2
550.00598; 82.77667;      -2.81337; 39.32759;80.00000;20.00000;0.59508;2
550.10797; 82.78667;      -2.81189; 39.32567;80.00000;20.00000;0.59502;2
550.20203; 82.79667;      -2.81051; 39.32375;80.00000;20.00000;0.59497;2
550.31598; 82.80667;      -2.81153; 39.32279;80.00000;20.00000;0.59492;2
550.39899; 82.81667;      -2.81099; 39.32086;80.00000;20.00000;0.59487;2
550.50299; 82.82667;      -2.81051; 39.31894;80.00000;20.00000;0.59482;2
550.59802; 82.83667;      -2.81049; 39.31606;80.00000;20.00000;0.59477;2
550.69598; 82.84667;      -2.81048; 39.31318;80.00000;20.00000;0.59472;2
550.80499; 82.85667;      -2.81050; 39.31221;80.00000;20.00000;0.59466;2
550.90601; 82.86667;      -2.81037; 39.31125;80.00000;20.00000;0.59461;2
551.00000; 82.87667;      -2.80962; 39.31029;80.00000;20.00000;0.59456;2
551.10199; 82.88667;      -2.80900; 39.30933;80.00000;20.00000;0.59451;2
551.20300; 82.89667;      -2.80888; 39.30645;80.00000;20.00000;0.59446;2
551.30200; 82.90667;      -2.80825; 39.30453;80.00000;20.00000;0.59441;2
551.40997; 82.91667;      -2.80753; 39.30164;80.00000;20.00000;0.59435;2
551.50598; 82.92667;      -2.80727; 39.29684;80.00000;20.00000;0.59430;2
551.60602; 82.93667;      -2.80689; 39.29299;80.00000;20.00000;0.59425;2
551.70599; 82.94667;      -2.80639; 39.28722;80.00000;20.00000;0.59420;2
551.81000; 82.95667;      -2.80578; 39.28146;80.00000;20.00000;0.59415;2
551.89899; 82.96667;      -2.80612; 39.27665;80.00000;20.00000;0.59410;2
552.00403; 82.97667;      -2.80625; 39.27281;80.00000;20.00000;0.59405;2
552.10999; 82.98667;      -2.80651; 39.26992;80.00000;20.00000;0.59399;2
552.21198; 82.99667;      -2.80602; 39.26704;80.00000;20.00000;0.59394;2
552.30402; 83.00667;      -2.80600; 39.26320;80.00000;20.00000;0.59389;2
552.41101; 83.01667;      -2.80576; 39.26031;80.00000;20.00000;0.59384;2
552.50403; 83.02667;      -2.80488; 39.25839;80.00000;20.00000;0.59379;2
552.61298; 83.03667;      -2.80440; 39.25551;80.00000;20.00000;0.59374;2
552.71600; 83.04667;      -2.80453; 39.25455;80.00000;20.00000;0.59368;2
552.79303; 83.05667;      -2.80348; 39.25262;80.00000;20.00000;0.59364;2
552.90198; 83.06667;      -2.80300; 39.25070;80.00000;20.00000;0.59359;2
553.00702; 83.07667;      -2.80288; 39.24686;80.00000;20.00000;0.59353;2
553.10303; 83.08667;      -2.80250; 39.24686;80.00000;20.00000;0.59348;2
553.20697; 83.09667;      -2.80226; 39.24301;80.00000;20.00000;0.59343;2
553.30402; 83.10667;      -2.80138; 39.23917;80.00000;20.00000;0.59338;2
553.41199; 83.11667;      -2.80102; 39.23532;80.00000;20.00000;0.59333;2
553.50702; 83.12667;      -2.80138; 39.23244;80.00000;20.00000;0.59328;2
553.60602; 83.13667;      -2.80137; 39.23340;80.00000;20.00000;0.59323;2
553.71100; 83.14667;      -2.80051; 39.23340;80.00000;20.00000;0.59317;2
553.81000; 83.15667;      -2.80014; 39.23148;80.00000;20.00000;0.59312;2
553.90601; 83.16667;      -2.80000; 39.23052;80.00000;20.00000;0.59307;2
554.00897; 83.17667;      -2.79938; 39.22860;80.00000;20.00000;0.59302;2
554.10498; 83.18667;      -2.79900; 39.22667;80.00000;20.00000;0.59297;2
554.20099; 83.19667;      -2.79886; 39.22379;80.00000;20.00000;0.59292;2
554.31201; 83.20667;      -2.79913; 39.22283;80.00000;20.00000;0.59286;2
554.41101; 83.21667;      -2.79900; 39.21995;80.00000;20.00000;0.59281;2
554.50598; 83.22667;      -2.79774; 39.21898;80.00000;20.00000;0.59276;2
554.60602; 83.23667;      -2.79774; 39.21610;80.00000;20.00000;0.59271;2
554.70697; 83.24667;      -2.79786; 39.21418;80.00000;20.00000;0.59266;2
554.79999; 83.25667;      -2.79709; 39.21226;80.00000;20.00000;0.59261;2
554.90002; 83.26667;      -2.79672; 39.21130;80.00000;20.00000;0.59256;2
555.00897; 83.27667;      -2.79723; 39.21033;80.00000;20.00000;0.59250;2
555.10699; 83.28667;      -2.79673; 39.20553;80.00000;20.00000;0.59245;2
555.20801; 83.29667;      -2.79586; 39.20168;80.00000;20.00000;0.59240;2
555.29797; 83.30667;      -2.79496; 39.19976;80.00000;20.00000;0.59236;2
555.40503; 83.31667;      -2.79510; 39.19784;80.00000;20.00000;0.59230;2
555.50201; 83.32667;      -2.79484; 39.19688;80.00000;20.00000;0.59225;2
555.59900; 83.33667;      -2.79445; 39.19399;80.00000;20.00000;0.59220;2
555.70801; 83.34667;      -2.79397; 39.19303;80.00000;20.00000;0.59215;2
555.80298; 83.35667;      -2.79383; 39.19015;80.00000;20.00000;0.59210;2
555.90503; 83.36667;      -2.79259; 39.18823;80.00000;20.00000;0.59204;2
556.00800; 83.37667;      -2.79272; 39.18534;80.00000;20.00000;0.59199;2
556.10797; 83.38667;      -2.79333; 39.18438;80.00000;20.00000;0.59194;2
556.20801; 83.39667;      -2.79258; 39.18246;80.00000;20.00000;0.59189;2
556.31000; 83.40667;      -2.79234; 39.18054;80.00000;20.00000;0.59184;2
556.40698; 83.41667;      -2.79183; 39.17573;80.00000;20.00000;0.59179;2
556.50702; 83.42667;      -2.79195; 39.17189;80.00000;20.00000;0.59174;2
556.60498; 83.43667;      -2.79144; 39.16901;80.00000;20.00000;0.59168;2
556.70801; 83.44667;      -2.78946; 39.16708;80.00000;20.00000;0.59163;2
556.80701; 83.45667;      -2.78933; 39.16516;80.00000;20.00000;0.59158;2
556.90503; 83.46667;      -2.78981; 39.16228;80.00000;20.00000;0.59153;2
557.00702; 83.47667;      -2.79031; 39.15939;80.00000;20.00000;0.59148;2
557.10901; 83.48667;      -2.79043; 39.15747;80.00000;20.00000;0.59143;2
557.20203; 83.49667;      -2.78966; 39.15363;80.00000;20.00000;0.59138;2
557.30701; 83.50667;      -2.78979; 39.14978;80.00000;20.00000;0.59132;2
557.40302; 83.51667;      -2.78854; 39.14594;80.00000;20.00000;0.59127;2
557.50702; 83.52667;      -2.78805; 39.14209;80.00000;20.00000;0.59122;2
557.60999; 83.53667;      -2.78755; 39.13825;80.00000;20.00000;0.59117;2
557.71198; 83.54667;      -2.78718; 39.13440;80.00000;20.00000;0.59112;2
557.81097; 83.55667;      -2.78655; 39.13344;80.00000;20.00000;0.59107;2
557.90698; 83.56667;      -2.78629; 39.13056;80.00000;20.00000;0.59102;2
558.00702; 83.57667;      -2.78640; 39.12768;80.00000;20.00000;0.59096;2
558.10797; 83.58667;      -2.78566; 39.12479;80.00000;20.00000;0.59091;2
558.20801; 83.59667;      -2.78577; 39.12191;80.00000;20.00000;0.59086;2
558.31000; 83.60667;      -2.78565; 39.11903;80.00000;20.00000;0.59081;2
558.41101; 83.61667;      -2.78527; 39.11422;80.00000;20.00000;0.59076;2
558.50702; 83.62667;      -2.78426; 39.10942;80.00000;20.00000;0.59071;2
558.59802; 83.63667;      -2.78324; 39.10557;80.00000;20.00000;0.59066;2
558.70697; 83.64667;      -2.78202; 39.10173;80.00000;20.00000;0.59061;2
558.80103; 83.65667;      -2.78175; 39.09788;80.00000;20.00000;0.59056;2
558.89899; 83.66667;      -2.78174; 39.09308;80.00000;20.00000;0.59051;2
559.00702; 83.67667;      -2.78212; 39.09115;80.00000;20.00000;0.59045;2
559.10400; 83.68667;      -2.78099; 39.08827;80.00000;20.00000;0.59040;2
559.20599; 83.69667;      -2.78099; 39.08635;80.00000;20.00000;0.59035;2
559.30603; 83.70667;      -2.78086; 39.08346;80.00000;20.00000;0.59030;2
559.41101; 83.71667;      -2.78136; 39.08058;80.00000;20.00000;0.59024;2
559.50098; 83.72667;      -2.77984; 39.07962;80.00000;20.00000;0.59020;2
559.59601; 83.73667;      -2.77982; 39.07866;80.00000;20.00000;0.59015;2
559.70898; 83.74667;      -2.77922; 39.07770;80.00000;20.00000;0.59009;2
559.81500; 83.75667;      -2.77923; 39.07578;80.00000;20.00000;0.59004;2
559.90802; 83.76667;      -2.77784; 39.07481;80.00000;20.00000;0.58999;2
560.00800; 83.77667;      -2.77796; 39.07289;80.00000;20.00000;0.58994;2
560.11102; 83.78667;      -2.77783; 39.07193;80.00000;20.00000;0.58988;2
560.20599; 83.79667;      -2.77682; 39.07289;80.00000;20.00000;0.58984;2
560.30701; 83.80667;      -2.77694; 39.07193;80.00000;20.00000;0.58978;2
560.40503; 83.81667;      -2.77705; 39.07193;80.00000;20.00000;0.58973;2
560.51001; 83.82667;      -2.77594; 39.07097;80.00000;20.00000;0.58968;2
560.59802; 83.83667;      -2.77578; 39.07097;80.00000;20.00000;0.58963;2
560.70300; 83.84667;      -2.77479; 39.07001;80.00000;20.00000;0.58958;2
560.79498; 83.85667;      -2.77489; 39.07001;80.00000;20.00000;0.58953;2
560.89899; 83.86667;      -2.77526; 39.06905;80.00000;20.00000;0.58948;2
561.00702; 83.87667;      -2.77366; 39.06713;80.00000;20.00000;0.58942;2
561.10400; 83.88667;      -2.77377; 39.06616;80.00000;20.00000;0.58937;2
561.20203; 83.89667;      -2.77326; 39.06520;80.00000;20.00000;0.58932;2
561.30103; 83.90667;      -2.77399; 39.06328;80.00000;20.00000;0.58927;2
561.40399; 83.91667;      -2.77424; 39.06328;80.00000;20.00000;0.58922;2
561.50299; 83.92667;      -2.77311; 39.06136;80.00000;20.00000;0.58917;2
561.60303; 83.93667;      -2.77311; 39.06040;80.00000;20.00000;0.58912;2
561.70398; 83.94667;      -2.77310; 39.05848;80.00000;20.00000;0.58907;2
561.78998; 83.95667;      -2.77318; 39.05175;80.00000;20.00000;0.58902;2
561.91101; 83.96667;      -2.77298; 39.04694;80.00000;20.00000;0.58896;2
562.00800; 83.97667;      -2.77247; 39.04021;80.00000;20.00000;0.58891;2
562.10303; 83.98667;      -2.77195; 39.03637;80.00000;20.00000;0.58886;2
562.20398; 83.99667;      -2.77157; 39.03445;80.00000;20.00000;0.58881;2
562.30798; 84.00667;      -2.77120; 39.03252;80.00000;20.00000;0.58876;2
562.40503; 84.01667;      -2.77143; 39.03060;80.00000;20.00000;0.58871;2
562.50403; 84.02667;      -2.77117; 39.02868;80.00000;20.00000;0.58866;2
562.59399; 84.03667;      -2.77015; 39.02676;80.00000;20.00000;0.58861;2
562.70203; 84.04667;      -2.76916; 39.02387;80.00000;20.00000;0.58855;2
562.80200; 84.05667;      -2.76878; 39.02195;80.00000;20.00000;0.58850;2
562.90198; 84.06667;      -2.76890; 39.01907;80.00000;20.00000;0.58845;2
563.00702; 84.07667;      -2.76828; 39.01619;80.00000;20.00000;0.58840;2
563.10999; 84.08667;      -2.76840; 39.01330;80.00000;20.00000;0.58834;2
563.21100; 84.09667;      -2.76902; 39.01042;80.00000;20.00000;0.58829;2
563.31097; 84.10667;      -2.76839; 39.00850;80.00000;20.00000;0.58824;2
563.40997; 84.11667;      -2.76813; 39.00561;80.00000;20.00000;0.58819;2
563.51099; 84.12667;      -2.76788; 39.00273;80.00000;20.00000;0.58814;2
563.60699; 84.13667;      -2.76798; 38.99985;80.00000;20.00000;0.58809;2
563.71802; 84.14667;      -2.76775; 38.99696;80.00000;20.00000;0.58803;2
563.81299; 84.15667;      -2.76748; 38.99312;80.00000;20.00000;0.58798;2
563.91101; 84.16667;      -2.76672; 38.99023;80.00000;20.00000;0.58793;2
564.01501; 84.17667;      -2.76622; 38.98639;80.00000;20.00000;0.58788;2
564.10999; 84.18667;      -2.76583; 38.98062;80.00000;20.00000;0.58783;2
564.21802; 84.19667;      -2.76572; 38.97678;80.00000;20.00000;0.58778;2
564.31500; 84.20667;      -2.76533; 38.97293;80.00000;20.00000;0.58773;2
564.40997; 84.21667;      -2.76418; 38.96909;80.00000;20.00000;0.58768;2
564.51898; 84.22667;      -2.76370; 38.96621;80.00000;20.00000;0.58762;2
564.60999; 84.23667;      -2.76192; 38.96140;80.00000;20.00000;0.58757;2
564.71100; 84.24667;      -2.76129; 38.95756;80.00000;20.00000;0.58752;2
564.81201; 84.25667;      -2.76154; 38.95371;80.00000;20.00000;0.58747;2
564.91498; 84.26667;      -2.76166; 38.95179;80.00000;20.00000;0.58742;2
565.01501; 84.27667;      -2.76078; 38.94891;80.00000;20.00000;0.58737;2
565.10602; 84.28667;      -2.76025; 38.94602;80.00000;20.00000;0.58732;2
565.20099; 84.29667;      -2.75973; 38.94218;80.00000;20.00000;0.58727;2
565.31000; 84.30667;      -2.76036; 38.93929;80.00000;20.00000;0.58722;2
565.40997; 84.31667;      -2.75973; 38.93545;80.00000;20.00000;0.58716;2
565.50098; 84.32667;      -2.75970; 38.93353;80.00000;20.00000;0.58712;2
565.60199; 84.33667;      -2.75770; 38.93161;80.00000;20.00000;0.58707;2
565.70801; 84.34667;      -2.75770; 38.92488;80.00000;20.00000;0.58701;2
565.80798; 84.35667;      -2.75807; 38.91815;80.00000;20.00000;0.58696;2
565.90802; 84.36667;      -2.75806; 38.91334;80.00000;20.00000;0.58691;2
566.00702; 84.37667;      -2.75792; 38.91142;80.00000;20.00000;0.58686;2
566.10999; 84.38667;      -2.75767; 38.91046;80.00000;20.00000;0.58680;2
566.20001; 84.39667;      -2.75739; 38.90854;80.00000;20.00000;0.58676;2
566.30798; 84.40667;      -2.75753; 38.90662;80.00000;20.00000;0.58670;2
566.41498; 84.41667;      -2.75828; 38.90469;80.00000;20.00000;0.58665;2
566.50702; 84.42667;      -2.75788; 38.90181;80.00000;20.00000;0.58660;2
566.61499; 84.43667;      -2.75727; 38.89989;80.00000;20.00000;0.58655;2
566.71002; 84.44667;      -2.75737; 38.89701;80.00000;20.00000;0.58650;2
566.81500; 84.45667;      -2.75725; 38.89412;80.00000;20.00000;0.58644;2
566.91302; 84.46667;      -2.75673; 38.89220;80.00000;20.00000;0.58639;2
567.00201; 84.47667;      -2.75720; 38.88932;80.00000;20.00000;0.58635;2
567.11102; 84.48667;      -2.75784; 38.88643;80.00000;20.00000;0.58629;2
567.20898; 84.49667;      -2.75632; 38.88355;80.00000;20.00000;0.58624;2
567.30798; 84.50667;      -2.75569; 38.88355;80.00000;20.00000;0.58619;2
567.40302; 84.51667;      -2.75592; 38.88163;80.00000;20.00000;0.58614;2
567.50897; 84.52667;      -2.75592; 38.87970;80.00000;20.00000;0.58609;2
567.60901; 84.53667;      -2.75566; 38.87778;80.00000;20.00000;0.58604;2
567.71198; 84.54667;      -2.75566; 38.87202;80.00000;20.00000;0.58598;2
567.81299; 84.55667;      -2.75553; 38.86913;80.00000;20.00000;0.58593;2
567.91602; 84.56667;      -2.75590; 38.86721;80.00000;20.00000;0.58588;2
568.01898; 84.57667;      -2.75653; 38.86337;80.00000;20.00000;0.58582;2
568.11499; 84.58667;      -2.75651; 38.86048;80.00000;20.00000;0.58578;2
568.21802; 84.59667;      -2.75588; 38.85856;80.00000;20.00000;0.58572;2
568.31897; 84.60667;      -2.75512; 38.85760;80.00000;20.00000;0.58567;2
568.42200; 84.61667;      -2.75412; 38.85664;80.00000;20.00000;0.58562;2
568.51703; 84.62667;      -2.75397; 38.85375;80.00000;20.00000;0.58557;2
568.61798; 84.63667;      -2.75321; 38.85183;80.00000;20.00000;0.58552;2
568.72400; 84.64667;      -2.75360; 38.85087;80.00000;20.00000;0.58546;2
568.81799; 84.65667;      -2.75332; 38.85087;80.00000;20.00000;0.58541;2
568.91803; 84.66667;      -2.75256; 38.85087;80.00000;20.00000;0.58536;2
569.02301; 84.67667;      -2.75219; 38.85087;80.00000;20.00000;0.58531;2
569.11902; 84.68667;      -2.75142; 38.84895;80.00000;20.00000;0.58526;2
569.22198; 84.69667;      -2.75066; 38.84799;80.00000;20.00000;0.58521;2
569.32397; 84.70667;      -2.75041; 38.84607;80.00000;20.00000;0.58516;2
569.42499; 84.71667;      -2.75028; 38.84414;80.00000;20.00000;0.58510;2
569.52002; 84.72667;      -2.75038; 38.84222;80.00000;20.00000;0.58505;2
569.62500; 84.73667;      -2.74938; 38.84030;80.00000;20.00000;0.58500;2
569.72101; 84.74667;      -2.74949; 38.83645;80.00000;20.00000;0.58495;2
569.82397; 84.75667;      -2.74861; 38.83453;80.00000;20.00000;0.58490;2
569.92102; 84.76667;      -2.74821; 38.83357;80.00000;20.00000;0.58485;2
570.02301; 84.77667;      -2.74771; 38.83165;80.00000;20.00000;0.58480;2
570.12000; 84.78667;      -2.74581; 38.82973;80.00000;20.00000;0.58475;2
570.22198; 84.79667;      -2.74530; 38.82780;80.00000;20.00000;0.58469;2
570.32501; 84.80667;      -2.74480; 38.82492;80.00000;20.00000;0.58464;2
570.42401; 84.81667;      -2.74391; 38.82300;80.00000;20.00000;0.58459;2
570.52502; 84.82667;      -2.74365; 38.82011;80.00000;20.00000;0.58454;2
570.61798; 84.83667;      -2.74249; 38.81435;80.00000;20.00000;0.58449;2
570.72198; 84.84667;      -2.74237; 38.80954;80.00000;20.00000;0.58444;2
570.82397; 84.85667;      -2.74211; 38.80378;80.00000;20.00000;0.58439;2
570.92102; 84.86667;      -2.74247; 38.79801;80.00000;20.00000;0.58434;2
571.02698; 84.87667;      -2.74034; 38.79609;80.00000;20.00000;0.58428;2
571.12097; 84.88667;      -2.73956; 38.79416;80.00000;20.00000;0.58423;2
571.21899; 84.89667;      -2.73879; 38.79032;80.00000;20.00000;0.58418;2
571.32001; 84.90667;      -2.73904; 38.78840;80.00000;20.00000;0.58413;2
571.42297; 84.91667;      -2.73840; 38.78455;80.00000;20.00000;0.58408;2
571.52002; 84.92667;      -2.73801; 38.78263;80.00000;20.00000;0.58403;2
571.62201; 84.93667;      -2.73775; 38.77879;80.00000;20.00000;0.58398;2
571.72198; 84.94667;      -2.73774; 38.77686;80.00000;20.00000;0.58392;2
571.82098; 84.95667;      -2.73723; 38.77398;80.00000;20.00000;0.58387;2
571.91602; 84.96667;      -2.73683; 38.76917;80.00000;20.00000;0.58383;2
572.01599; 84.97667;      -2.73694; 38.76341;80.00000;20.00000;0.58377;2
572.12500; 84.98667;      -2.73607; 38.76149;80.00000;20.00000;0.58372;2
572.22699; 84.99667;      -2.73531; 38.75956;80.00000;20.00000;0.58367;2
572.32098; 85.00667;      -2.73403; 38.75668;80.00000;20.00000;0.58362;2
572.42102; 85.01667;      -2.73478; 38.75476;80.00000;20.00000;0.58357;2
572.52301; 85.02667;      -2.73515; 38.75380;80.00000;20.00000;0.58351;2
572.62097; 85.03667;      -2.73438; 38.75284;80.00000;20.00000;0.58346;2
572.72998; 85.04667;      -2.73414; 38.75187;80.00000;20.00000;0.58341;2
572.82300; 85.05667;      -2.73348; 38.75187;80.00000;20.00000;0.58336;2
572.91498; 85.06667;      -2.73320; 38.75091;80.00000;20.00000;0.58331;2
573.01398; 85.07667;      -2.73230; 38.74995;80.00000;20.00000;0.58326;2
573.10498; 85.08667;      -2.73227; 38.75091;80.00000;20.00000;0.58322;2
573.21698; 85.09667;      -2.73103; 38.74995;80.00000;20.00000;0.58316;2
573.32001; 85.10667;      -2.73153; 38.74899;80.00000;20.00000;0.58311;2
573.40900; 85.11667;      -2.73099; 38.74995;80.00000;20.00000;0.58306;2
573.51202; 85.12667;      -2.73061; 38.75091;80.00000;20.00000;0.58301;2
573.62000; 85.13667;      -2.73062; 38.75380;80.00000;20.00000;0.58295;2
573.71399; 85.14667;      -2.73034; 38.75572;80.00000;20.00000;0.58290;2
573.81403; 85.15667;      -2.73020; 38.75668;80.00000;20.00000;0.58285;2
573.91302; 85.16667;      -2.72994; 38.75380;80.00000;20.00000;0.58280;2
574.01202; 85.17667;      -2.72980; 38.74995;80.00000;20.00000;0.58275;2
574.12402; 85.18667;      -2.73007; 38.74515;80.00000;20.00000;0.58269;2
574.21997; 85.19667;      -2.73042; 38.74130;80.00000;20.00000;0.58264;2
574.32599; 85.20667;      -2.72980; 38.73938;80.00000;20.00000;0.58259;2
574.41998; 85.21667;      -2.72927; 38.73746;80.00000;20.00000;0.58254;2
574.52197; 85.22667;      -2.72926; 38.73746;80.00000;20.00000;0.58249;2
574.62097; 85.23667;      -2.72887; 38.73650;80.00000;20.00000;0.58244;2
574.71399; 85.24667;      -2.72960; 38.73650;80.00000;20.00000;0.58239;2
574.83099; 85.25667;      -2.73013; 38.73553;80.00000;20.00000;0.58233;2
574.91602; 85.26667;      -2.73008; 38.73361;80.00000;20.00000;0.58229;2
575.02698; 85.27667;      -2.72947; 38.73169;80.00000;20.00000;0.58223;2
575.13098; 85.28667;      -2.72921; 38.72977;80.00000;20.00000;0.58218;2
575.22699; 85.29667;      -2.72844; 38.72785;80.00000;20.00000;0.58213;2
575.32599; 85.30667;      -2.72930; 38.72592;80.00000;20.00000;0.58208;2
575.42603; 85.31667;      -2.72942; 38.72400;80.00000;20.00000;0.58203;2
575.52399; 85.32667;      -2.72789; 38.72112;80.00000;20.00000;0.58197;2
575.62000; 85.33667;      -2.72749; 38.71823;80.00000;20.00000;0.58193;2
575.71997; 85.34667;      -2.72748; 38.71535;80.00000;20.00000;0.58187;2
575.82800; 85.35667;      -2.72723; 38.71247;80.00000;20.00000;0.58182;2
575.92401; 85.36667;      -2.72734; 38.71055;80.00000;20.00000;0.58177;2
576.03497; 85.37667;      -2.72761; 38.70670;80.00000;20.00000;0.58171;2
576.12598; 85.38667;      -2.72694; 38.70093;80.00000;20.00000;0.58167;2
576.22601; 85.39667;      -2.72693; 38.69709;80.00000;20.00000;0.58161;2
576.32800; 85.40667;      -2.72642; 38.69325;80.00000;20.00000;0.58156;2
576.41998; 85.41667;      -2.72664; 38.68748;80.00000;20.00000;0.58152;2
576.51801; 85.42667;      -2.72612; 38.68363;80.00000;20.00000;0.58147;2
576.61700; 85.43667;      -2.72573; 38.67979;80.00000;20.00000;0.58141;2
576.72803; 85.44667;      -2.72435; 38.67787;80.00000;20.00000;0.58136;2
576.83002; 85.45667;      -2.72409; 38.67498;80.00000;20.00000;0.58131;2
576.91901; 85.46667;      -2.72368; 38.67306;80.00000;20.00000;0.58126;2
577.02502; 85.47667;      -2.72393; 38.67018;80.00000;20.00000;0.58121;2
577.12402; 85.48667;      -2.72430; 38.66729;80.00000;20.00000;0.58115;2
577.23102; 85.49667;      -2.72468; 38.66441;80.00000;20.00000;0.58110;2
577.31598; 85.50667;      -2.72362; 38.66249;80.00000;20.00000;0.58106;2
577.42200; 85.51667;      -2.72375; 38.65961;80.00000;20.00000;0.58100;2
577.52600; 85.52667;      -2.72274; 38.65672;80.00000;20.00000;0.58095;2
577.61700; 85.53667;      -2.72283; 38.65384;80.00000;20.00000;0.58090;2
577.71997; 85.54667;      -2.72320; 38.65096;80.00000;20.00000;0.58085;2
577.83502; 85.55667;      -2.72335; 38.64807;80.00000;20.00000;0.58079;2
577.92297; 85.56667;      -2.72256; 38.64519;80.00000;20.00000;0.58074;2
578.02002; 85.57667;      -2.72279; 38.64134;80.00000;20.00000;0.58070;2
578.11401; 85.58667;      -2.72276; 38.63750;80.00000;20.00000;0.58065;2
578.22198; 85.59667;      -2.72239; 38.63365;80.00000;20.00000;0.58059;2
578.32202; 85.60667;      -2.72225; 38.62693;80.00000;20.00000;0.58054;2
578.41400; 85.61667;      -2.72197; 38.62020;80.00000;20.00000;0.58049;2
578.52002; 85.62667;      -2.72159; 38.61347;80.00000;20.00000;0.58044;2
578.62201; 85.63667;      -2.72158; 38.60963;80.00000;20.00000;0.58039;2
578.71997; 85.64667;      -2.72232; 38.60674;80.00000;20.00000;0.58034;2
578.81799; 85.65667;      -2.72243; 38.60482;80.00000;20.00000;0.58029;2
578.91699; 85.66667;      -2.72305; 38.60098;80.00000;20.00000;0.58024;2
579.01599; 85.67667;      -2.72291; 38.59809;80.00000;20.00000;0.58018;2
579.12799; 85.68667;      -2.72255; 38.59521;80.00000;20.00000;0.58013;2
579.21600; 85.69667;      -2.72187; 38.59137;80.00000;20.00000;0.58008;2
579.32800; 85.70667;      -2.72227; 38.58752;80.00000;20.00000;0.58002;2
579.43103; 85.71667;      -2.72277; 38.58560;80.00000;20.00000;0.57997;2
579.51599; 85.72667;      -2.72247; 38.58560;80.00000;20.00000;0.57993;2
579.62402; 85.73667;      -2.72222; 38.58368;80.00000;20.00000;0.57987;2
579.71802; 85.74667;      -2.72169; 38.58079;80.00000;20.00000;0.57982;2
579.82599; 85.75667;      -2.72157; 38.57887;80.00000;20.00000;0.57977;2
579.91901; 85.76667;      -2.72230; 38.57791;80.00000;20.00000;0.57972;2
580.02100; 85.77667;      -2.72179; 38.57503;80.00000;20.00000;0.57967;2
580.12097; 85.78667;      -2.72140; 38.57214;80.00000;20.00000;0.57962;2
580.22400; 85.79667;      -2.72202; 38.57118;80.00000;20.00000;0.57957;2
580.32501; 85.80667;      -2.72189; 38.56734;80.00000;20.00000;0.57951;2
580.42102; 85.81667;      -2.72237; 38.56541;80.00000;20.00000;0.57946;2
580.53198; 85.82667;      -2.72213; 38.56349;80.00000;20.00000;0.57941;2
580.62402; 85.83667;      -2.72121; 38.55676;80.00000;20.00000;0.57936;2
580.72498; 85.84667;      -2.72133; 38.55388;80.00000;20.00000;0.57931;2
580.82501; 85.85667;      -2.72157; 38.55004;80.00000;20.00000;0.57926;2
580.93103; 85.86667;      -2.71993; 38.54619;80.00000;20.00000;0.57920;2
581.01703; 85.87667;      -2.72013; 38.54427;80.00000;20.00000;0.57916;2
581.12097; 85.88667;      -2.72089; 38.54043;80.00000;20.00000;0.57911;2
581.22699; 85.89667;      -2.71937; 38.53658;80.00000;20.00000;0.57905;2
581.32300; 85.90667;      -2.71897; 38.53370;80.00000;20.00000;0.57900;2
581.42902; 85.91667;      -2.71859; 38.53081;80.00000;20.00000;0.57895;2
581.52399; 85.92667;      -2.71832; 38.52793;80.00000;20.00000;0.57890;2
581.63098; 85.93667;      -2.71908; 38.52505;80.00000;20.00000;0.57884;2
581.72400; 85.94667;      -2.71892; 38.52216;80.00000;20.00000;0.57880;2
581.83099; 85.95667;      -2.71842; 38.52024;80.00000;20.00000;0.57874;2
581.92700; 85.96667;      -2.71814; 38.51832;80.00000;20.00000;0.57869;2
582.02002; 85.97667;      -2.71799; 38.51928;80.00000;20.00000;0.57865;2
582.12299; 85.98667;      -2.71773; 38.51832;80.00000;20.00000;0.57859;2
582.22498; 85.99667;      -2.71759; 38.51928;80.00000;20.00000;0.57854;2
582.32898; 86.00667;      -2.71746; 38.51736;80.00000;20.00000;0.57849;2
582.42798; 86.01667;      -2.71745; 38.51640;80.00000;20.00000;0.57844;2
582.53101; 86.02667;      -2.71668; 38.51351;80.00000;20.00000;0.57838;2
582.62598; 86.03667;      -2.71564; 38.51159;80.00000;20.00000;0.57833;2
582.72900; 86.04667;      -2.71500; 38.50967;80.00000;20.00000;0.57828;2
582.82703; 86.05667;      -2.71486; 38.50486;80.00000;20.00000;0.57823;2
582.92700; 86.06667;      -2.71485; 38.50006;80.00000;20.00000;0.57818;2
583.02502; 86.07667;      -2.71445; 38.49621;80.00000;20.00000;0.57813;2
583.12903; 86.08667;      -2.71483; 38.49045;80.00000;20.00000;0.57808;2
583.21997; 86.09667;      -2.71466; 38.48852;80.00000;20.00000;0.57803;2
583.32001; 86.10667;      -2.71490; 38.48756;80.00000;20.00000;0.57798;2
583.42297; 86.11667;      -2.71388; 38.48852;80.00000;20.00000;0.57793;2
583.52899; 86.12667;      -2.71338; 38.48949;80.00000;20.00000;0.57787;2
583.62201; 86.13667;      -2.71322; 38.49141;80.00000;20.00000;0.57782;2
583.72699; 86.14667;      -2.71246; 38.49333;80.00000;20.00000;0.57777;2
583.81702; 86.15667;      -2.71178; 38.49333;80.00000;20.00000;0.57772;2
583.92902; 86.16667;      -2.71205; 38.49333;80.00000;20.00000;0.57767;2
584.02600; 86.17667;      -2.71241; 38.49333;80.00000;20.00000;0.57762;2
584.12500; 86.18667;      -2.71253; 38.49237;80.00000;20.00000;0.57757;2
584.22601; 86.19667;      -2.71277; 38.49237;80.00000;20.00000;0.57751;2
584.32898; 86.20667;      -2.71365; 38.48852;80.00000;20.00000;0.57746;2
584.41901; 86.21667;      -2.71374; 38.48660;80.00000;20.00000;0.57742;2
584.52002; 86.22667;      -2.71297; 38.48468;80.00000;20.00000;0.57736;2
584.63000; 86.23667;      -2.71273; 38.48276;80.00000;20.00000;0.57731;2
584.72198; 86.24667;      -2.71257; 38.48084;80.00000;20.00000;0.57726;2
584.82001; 86.25667;      -2.71242; 38.47987;80.00000;20.00000;0.57721;2
584.92297; 86.26667;      -2.71152; 38.47603;80.00000;20.00000;0.57716;2
585.02802; 86.27667;      -2.71203; 38.47507;80.00000;20.00000;0.57710;2
585.12000; 86.28667;      -2.71187; 38.47315;80.00000;20.00000;0.57706;2
585.22900; 86.29667;      -2.71213; 38.47026;80.00000;20.00000;0.57700;2
585.32800; 86.30667;      -2.71174; 38.46930;80.00000;20.00000;0.57695;2
585.42798; 86.31667;      -2.71160; 38.46642;80.00000;20.00000;0.57690;2
585.52600; 86.32667;      -2.71158; 38.46450;80.00000;20.00000;0.57685;2
585.62000; 86.33667;      -2.71168; 38.46257;80.00000;20.00000;0.57680;2
585.71698; 86.34667;      -2.71204; 38.46065;80.00000;20.00000;0.57675;2
585.81702; 86.35667;      -2.71228; 38.45777;80.00000;20.00000;0.57670;2
585.91901; 86.36667;      -2.71189; 38.45681;80.00000;20.00000;0.57665;2
586.02301; 86.37667;      -2.71214; 38.45392;80.00000;20.00000;0.57659;2
586.11798; 86.38667;      -2.71237; 38.45296;80.00000;20.00000;0.57655;2
586.21301; 86.39667;      -2.71272; 38.45104;80.00000;20.00000;0.57650;2
586.31702; 86.40667;      -2.71158; 38.45008;80.00000;20.00000;0.57644;2
586.42902; 86.41667;      -2.71185; 38.44527;80.00000;20.00000;0.57639;2
586.53003; 86.42667;      -2.71298; 38.44143;80.00000;20.00000;0.57633;2
586.62799; 86.43667;      -2.71245; 38.43758;80.00000;20.00000;0.57628;2
586.72101; 86.44667;      -2.71293; 38.43662;80.00000;20.00000;0.57624;2
586.82300; 86.45667;      -2.71254; 38.43278;80.00000;20.00000;0.57618;2
586.92297; 86.46667;      -2.71215; 38.42990;80.00000;20.00000;0.57613;2
587.02502; 86.47667;      -2.71150; 38.42701;80.00000;20.00000;0.57608;2
587.13098; 86.48667;      -2.71176; 38.42413;80.00000;20.00000;0.57603;2
587.21698; 86.49667;      -2.71171; 38.42124;80.00000;20.00000;0.57598;2
587.32001; 86.50667;      -2.71221; 38.41836;80.00000;20.00000;0.57593;2
587.43701; 86.51667;      -2.71211; 38.41163;80.00000;20.00000;0.57587;2
587.52899; 86.52667;      -2.71170; 38.40587;80.00000;20.00000;0.57582;2
587.62201; 86.53667;      -2.71141; 38.40106;80.00000;20.00000;0.57578;2
587.72498; 86.54667;      -2.71141; 38.39626;80.00000;20.00000;0.57572;2
587.83099; 86.55667;      -2.71166; 38.39529;80.00000;20.00000;0.57567;2
587.92499; 86.56667;      -2.71189; 38.39337;80.00000;20.00000;0.57562;2
588.02698; 86.57667;      -2.71111; 38.39145;80.00000;20.00000;0.57557;2
588.13000; 86.58667;      -2.71149; 38.38953;80.00000;20.00000;0.57552;2
588.23401; 86.59667;      -2.71136; 38.38953;80.00000;20.00000;0.57546;2
588.32800; 86.60667;      -2.71057; 38.38953;80.00000;20.00000;0.57541;2
588.42700; 86.61667;      -2.71042; 38.38953;80.00000;20.00000;0.57536;2
588.51801; 86.62667;      -2.71090; 38.38857;80.00000;20.00000;0.57532;2
588.63202; 86.63667;      -2.71079; 38.39049;80.00000;20.00000;0.57526;2
588.72400; 86.64667;      -2.71063; 38.38953;80.00000;20.00000;0.57521;2
588.81403; 86.65667;      -2.71097; 38.38857;80.00000;20.00000;0.57517;2
588.91803; 86.66667;      -2.71097; 38.38761;80.00000;20.00000;0.57511;2
589.02197; 86.67667;      -2.71122; 38.38664;80.00000;20.00000;0.57506;2
589.12903; 86.68667;      -2.71084; 38.38568;80.00000;20.00000;0.57500;2
589.21997; 86.69667;      -2.71093; 38.38376;80.00000;20.00000;0.57496;2
589.32703; 86.70667;      -2.71119; 38.38376;80.00000;20.00000;0.57490;2
589.42798; 86.71667;      -2.71156; 38.38280;80.00000;20.00000;0.57485;2
589.50800; 86.72667;      -2.71150; 38.38088;80.00000;20.00000;0.57481;2
589.61798; 86.73667;      -2.71189; 38.37992;80.00000;20.00000;0.57475;2
589.71399; 86.74667;      -2.71200; 38.37511;80.00000;20.00000;0.57470;2
589.82300; 86.75667;      -2.71239; 38.37223;80.00000;20.00000;0.57465;2
589.92200; 86.76667;      -2.71288; 38.37030;80.00000;20.00000;0.57460;2
590.02100; 86.77667;      -2.71351; 38.36838;80.00000;20.00000;0.57455;2
590.13000; 86.78667;      -2.71173; 38.36646;80.00000;20.00000;0.57449;2
590.21802; 86.79667;      -2.71258; 38.36454;80.00000;20.00000;0.57445;2
590.32202; 86.80667;      -2.71257; 38.36262;80.00000;20.00000;0.57439;2
590.42401; 86.81667;      -2.71282; 38.36069;80.00000;20.00000;0.57434;2
590.53400; 86.82667;      -2.71322; 38.35973;80.00000;20.00000;0.57428;2
590.62402; 86.83667;      -2.71356; 38.35781;80.00000;20.00000;0.57424;2
590.72699; 86.84667;      -2.71381; 38.35589;80.00000;20.00000;0.57419;2
590.82300; 86.85667;      -2.71417; 38.35397;80.00000;20.00000;0.57414;2
590.91998; 86.86667;      -2.71415; 38.35204;80.00000;20.00000;0.57409;2
591.03302; 86.87667;      -2.71455; 38.35012;80.00000;20.00000;0.57403;2
591.13397; 86.88667;      -2.71364; 38.34820;80.00000;20.00000;0.57398;2
591.23297; 86.89667;      -2.71286; 38.34532;80.00000;20.00000;0.57393;2
591.33398; 86.90667;      -2.71362; 38.34339;80.00000;20.00000;0.57388;2
591.43701; 86.91667;      -2.71387; 38.34051;80.00000;20.00000;0.57382;2
591.53198; 86.92667;      -2.71346; 38.33859;80.00000;20.00000;0.57377;2
591.63300; 86.93667;      -2.71306; 38.33667;80.00000;20.00000;0.57372;2
591.72601; 86.94667;      -2.71367; 38.33378;80.00000;20.00000;0.57367;2
591.82501; 86.95667;      -2.71391; 38.33186;80.00000;20.00000;0.57362;2
591.92603; 86.96667;      -2.71313; 38.32994;80.00000;20.00000;0.57357;2
592.02802; 86.97667;      -2.71376; 38.32321;80.00000;20.00000;0.57352;2
592.12299; 86.98667;      -2.71412; 38.31840;80.00000;20.00000;0.57347;2
592.22302; 86.99667;      -2.71398; 38.31360;80.00000;20.00000;0.57342;2
592.32501; 87.00667;      -2.71346; 38.30879;80.00000;20.00000;0.57337;2
592.42603; 87.01667;      -2.71307; 38.30783;80.00000;20.00000;0.57332;2
592.52301; 87.02667;      -2.71330; 38.30783;80.00000;20.00000;0.57327;2
592.62701; 87.03667;      -2.71291; 38.30879;80.00000;20.00000;0.57321;2
592.71399; 87.04667;      -2.71274; 38.30879;80.00000;20.00000;0.57317;2
592.81403; 87.05667;      -2.71324; 38.30879;80.00000;20.00000;0.57312;2
592.92700; 87.06667;      -2.71351; 38.30687;80.00000;20.00000;0.57306;2
593.02399; 87.07667;      -2.71375; 38.30687;80.00000;20.00000;0.57301;2
593.12701; 87.08667;      -2.71464; 38.30495;80.00000;20.00000;0.57296;2
593.22803; 87.09667;      -2.71526; 38.30495;80.00000;20.00000;0.57291;2
593.32098; 87.10667;      -2.71587; 38.30206;80.00000;20.00000;0.57286;2
593.41699; 87.11667;      -2.71624; 38.30014;80.00000;20.00000;0.57281;2
593.51801; 87.12667;      -2.71674; 38.29918;80.00000;20.00000;0.57276;2
593.62799; 87.13667;      -2.71700; 38.29726;80.00000;20.00000;0.57270;2
593.72400; 87.14667;      -2.71685; 38.29534;80.00000;20.00000;0.57265;2
593.82898; 87.15667;      -2.71723; 38.29341;80.00000;20.00000;0.57260;2
593.92603; 87.16667;      -2.71824; 38.29149;80.00000;20.00000;0.57255;2
594.03198; 87.17667;      -2.71837; 38.29053;80.00000;20.00000;0.57249;2
594.11499; 87.18667;      -2.71857; 38.28861;80.00000;20.00000;0.57245;2
594.22998; 87.19667;      -2.71923; 38.28669;80.00000;20.00000;0.57239;2
594.32703; 87.20667;      -2.71985; 38.28573;80.00000;20.00000;0.57234;2
594.42102; 87.21667;      -2.72008; 38.28380;80.00000;20.00000;0.57230;2
594.52002; 87.22667;      -2.72020; 38.27996;80.00000;20.00000;0.57225;2
594.62299; 87.23667;      -2.72096; 38.27900;80.00000;20.00000;0.57219;2
594.72302; 87.24667;      -2.72095; 38.27708;80.00000;20.00000;0.57214;2
594.81897; 87.25667;      -2.72067; 38.27611;80.00000;20.00000;0.57209;2
594.92401; 87.26667;      -2.72092; 38.27515;80.00000;20.00000;0.57204;2
595.02002; 87.27667;      -2.72116; 38.27323;80.00000;20.00000;0.57199;2
595.12299; 87.28667;      -2.72128; 38.27131;80.00000;20.00000;0.57194;2
595.21899; 87.29667;      -2.72113; 38.27131;80.00000;20.00000;0.57189;2
595.31702; 87.30667;      -2.72111; 38.27035;80.00000;20.00000;0.57184;2
595.41302; 87.31667;      -2.72134; 38.26842;80.00000;20.00000;0.57179;2
595.52899; 87.32667;      -2.72188; 38.26746;80.00000;20.00000;0.57173;2
595.61401; 87.33667;      -2.72183; 38.26746;80.00000;20.00000;0.57169;2
595.72101; 87.34667;      -2.72209; 38.26554;80.00000;20.00000;0.57163;2
595.81403; 87.35667;      -2.72258; 38.26554;80.00000;20.00000;0.57158;2
595.92200; 87.36667;      -2.72335; 38.26458;80.00000;20.00000;0.57153;2
596.01599; 87.37667;      -2.72358; 38.26362;80.00000;20.00000;0.57148;2
596.12402; 87.38667;      -2.72397; 38.26170;80.00000;20.00000;0.57142;2
596.22302; 87.39667;      -2.72460; 38.25977;80.00000;20.00000;0.57137;2
596.31598; 87.40667;      -2.72483; 38.25689;80.00000;20.00000;0.57133;2
596.42200; 87.41667;      -2.72508; 38.25401;80.00000;20.00000;0.57127;2
596.52399; 87.42667;      -2.72520; 38.25112;80.00000;20.00000;0.57122;2
596.62097; 87.43667;      -2.72531; 38.24824;80.00000;20.00000;0.57117;2
596.71802; 87.44667;      -2.72581; 38.24536;80.00000;20.00000;0.57112;2
596.82202; 87.45667;      -2.72632; 38.24151;80.00000;20.00000;0.57107;2
596.91998; 87.46667;      -2.72643; 38.23959;80.00000;20.00000;0.57102;2
597.02197; 87.47667;      -2.72681; 38.23575;80.00000;20.00000;0.57097;2
597.11798; 87.48667;      -2.72704; 38.23286;80.00000;20.00000;0.57092;2
597.21997; 87.49667;      -2.72716; 38.22998;80.00000;20.00000;0.57086;2
597.32397; 87.50667;      -2.72754; 38.22614;80.00000;20.00000;0.57081;2
597.41400; 87.51667;      -2.72802; 38.21941;80.00000;20.00000;0.57077;2
597.51703; 87.52667;      -2.72879; 38.21460;80.00000;20.00000;0.57071;2
597.62500; 87.53667;      -2.72879; 38.21076;80.00000;20.00000;0.57066;2
597.72101; 87.54667;      -2.72903; 38.20691;80.00000;20.00000;0.57061;2
597.82397; 87.55667;      -2.72928; 38.20595;80.00000;20.00000;0.57056;2
597.92297; 87.56667;      -2.72927; 38.20403;80.00000;20.00000;0.57050;2
598.02802; 87.57667;      -2.72914; 38.20307;80.00000;20.00000;0.57045;2
598.11902; 87.58667;      -2.72949; 38.20018;80.00000;20.00000;0.57040;2
598.21899; 87.59667;      -2.72896; 38.19730;80.00000;20.00000;0.57035;2
598.31500; 87.60667;      -2.72907; 38.19538;80.00000;20.00000;0.57030;2
598.42700; 87.61667;      -2.72960; 38.19346;80.00000;20.00000;0.57025;2
598.52100; 87.62667;      -2.72996; 38.19057;80.00000;20.00000;0.57020;2
598.62000; 87.63667;      -2.73007; 38.19057;80.00000;20.00000;0.57015;2
598.71503; 87.64667;      -2.73056; 38.19057;80.00000;20.00000;0.57010;2
598.82397; 87.65667;      -2.73031; 38.19057;80.00000;20.00000;0.57004;2
598.91602; 87.66667;      -2.73080; 38.18961;80.00000;20.00000;0.57000;2
599.02502; 87.67667;      -2.73158; 38.18865;80.00000;20.00000;0.56994;2
599.11603; 87.68667;      -2.73167; 38.18769;80.00000;20.00000;0.56989;2
599.22101; 87.69667;      -2.73129; 38.18673;80.00000;20.00000;0.56984;2
599.31299; 87.70667;      -2.73190; 38.18577;80.00000;20.00000;0.56979;2
599.41498; 87.71667;      -2.73253; 38.18385;80.00000;20.00000;0.56974;2
599.51801; 87.72667;      -2.73227; 38.18096;80.00000;20.00000;0.56969;2
599.61298; 87.73667;      -2.73225; 38.17904;80.00000;20.00000;0.56964;2
599.70801; 87.74667;      -2.73196; 38.17712;80.00000;20.00000;0.56959;2
599.82098; 87.75667;      -2.73250; 38.17423;80.00000;20.00000;0.56953;2
599.91699; 87.76667;      -2.73338; 38.17231;80.00000;20.00000;0.56949;2
600.01300; 87.77667;      -2.73323; 38.16943;80.00000;20.00000;0.56944;2
600.11401; 87.78667;      -2.73322; 38.16751;80.00000;20.00000;0.56938;2
600.21399; 87.79667;      -2.73462; 38.16558;80.00000;20.00000;0.56933;2
600.31201; 87.80667;      -2.73525; 38.16366;80.00000;20.00000;0.56928;2
600.42200; 87.81667;      -2.73513; 38.15693;80.00000;20.00000;0.56923;2
600.52197; 87.82667;      -2.73602; 38.15213;80.00000;20.00000;0.56918;2
600.62000; 87.83667;      -2.73626; 38.14924;80.00000;20.00000;0.56913;2
600.71698; 87.84667;      -2.73650; 38.14636;80.00000;20.00000;0.56908;2
600.81598; 87.85667;      -2.73700; 38.14348;80.00000;20.00000;0.56903;2
600.90900; 87.86667;      -2.73736; 38.13963;80.00000;20.00000;0.56898;2
601.01398; 87.87667;      -2.73710; 38.13963;80.00000;20.00000;0.56892;2
601.10999; 87.88667;      -2.73760; 38.13771;80.00000;20.00000;0.56888;2
601.21600; 87.89667;      -2.73824; 38.13675;80.00000;20.00000;0.56882;2
601.31000; 87.90667;      -2.73796; 38.13387;80.00000;20.00000;0.56877;2
601.41803; 87.91667;      -2.73848; 38.13291;80.00000;20.00000;0.56872;2
601.52600; 87.92667;      -2.73901; 38.13098;80.00000;20.00000;0.56866;2
601.61603; 87.93667;      -2.73871; 38.12810;80.00000;20.00000;0.56862;2
601.72198; 87.94667;      -2.73923; 38.12618;80.00000;20.00000;0.56856;2
601.81097; 87.95667;      -2.73932; 38.12522;80.00000;20.00000;0.56852;2
601.92200; 87.96667;      -2.73985; 38.12233;80.00000;20.00000;0.56846;2
602.01599; 87.97667;      -2.73983; 38.12041;80.00000;20.00000;0.56841;2
602.11902; 87.98667;      -2.74047; 38.11945;80.00000;20.00000;0.56836;2
602.22101; 87.99667;      -2.74201; 38.11849;80.00000;20.00000;0.56831;2
602.31500; 88.00667;      -2.74147; 38.11753;80.00000;20.00000;0.56826;2
602.41699; 88.01667;      -2.74133; 38.11657;80.00000;20.00000;0.56821;2
602.51801; 88.02667;      -2.74158; 38.11560;80.00000;20.00000;0.56816;2
602.61700; 88.03667;      -2.74144; 38.11368;80.00000;20.00000;0.56811;2
602.71100; 88.04667;      -2.74128; 38.11176;80.00000;20.00000;0.56806;2
602.82202; 88.05667;      -2.74130; 38.10984;80.00000;20.00000;0.56800;2
602.91803; 88.06667;      -2.74153; 38.10695;80.00000;20.00000;0.56795;2
603.02197; 88.07667;      -2.74179; 38.10311;80.00000;20.00000;0.56790;2
603.11298; 88.08667;      -2.74214; 38.09830;80.00000;20.00000;0.56785;2
603.21198; 88.09667;      -2.74239; 38.09350;80.00000;20.00000;0.56780;2
603.31299; 88.10667;      -2.74238; 38.08869;80.00000;20.00000;0.56775;2
603.41998; 88.11667;      -2.74239; 38.08485;80.00000;20.00000;0.56770;2
603.51099; 88.12667;      -2.74300; 38.08197;80.00000;20.00000;0.56765;2
603.61401; 88.13667;      -2.74364; 38.08100;80.00000;20.00000;0.56760;2
603.71301; 88.14667;      -2.74376; 38.07908;80.00000;20.00000;0.56755;2
603.81299; 88.15667;      -2.74439; 38.07620;80.00000;20.00000;0.56749;2
603.92297; 88.16667;      -2.74492; 38.07428;80.00000;20.00000;0.56744;2
604.00702; 88.17667;      -2.74500; 38.07139;80.00000;20.00000;0.56740;2
604.11798; 88.18667;      -2.74605; 38.06851;80.00000;20.00000;0.56734;2
604.20697; 88.19667;      -2.74666; 38.06563;80.00000;20.00000;0.56729;2
604.30798; 88.20667;      -2.74652; 38.06370;80.00000;20.00000;0.56724;2
604.40698; 88.21667;      -2.74715; 38.06274;80.00000;20.00000;0.56719;2
604.49799; 88.22667;      -2.74763; 38.06082;80.00000;20.00000;0.56714;2
604.60498; 88.23667;      -2.74764; 38.06082;80.00000;20.00000;0.56709;2
604.71600; 88.24667;      -2.74882; 38.06082;80.00000;20.00000;0.56703;2
604.81500; 88.25667;      -2.74945; 38.05890;80.00000;20.00000;0.56698;2
604.90503; 88.26667;      -2.74929; 38.05794;80.00000;20.00000;0.56694;2
605.00897; 88.27667;      -2.74968; 38.05698;80.00000;20.00000;0.56688;2
605.10699; 88.28667;      -2.75005; 38.05505;80.00000;20.00000;0.56683;2
605.21503; 88.29667;      -2.75148; 38.05313;80.00000;20.00000;0.56678;2
605.31201; 88.30667;      -2.75198; 38.05217;80.00000;20.00000;0.56673;2
605.41199; 88.31667;      -2.75300; 38.05025;80.00000;20.00000;0.56668;2
605.51398; 88.32667;      -2.75326; 38.05025;80.00000;20.00000;0.56663;2
605.61401; 88.33667;      -2.75351; 38.05025;80.00000;20.00000;0.56657;2
605.70898; 88.34667;      -2.75504; 38.05025;80.00000;20.00000;0.56653;2
605.80298; 88.35667;      -2.75566; 38.05121;80.00000;20.00000;0.56648;2
605.91498; 88.36667;      -2.75619; 38.05025;80.00000;20.00000;0.56642;2
606.01202; 88.37667;      -2.75669; 38.05025;80.00000;20.00000;0.56637;2
606.11700; 88.38667;      -2.75773; 38.05025;80.00000;20.00000;0.56632;2
606.21802; 88.39667;      -2.75837; 38.04929;80.00000;20.00000;0.56627;2
606.30701; 88.40667;      -2.75924; 38.04929;80.00000;20.00000;0.56622;2
606.40802; 88.41667;      -2.75949; 38.04736;80.00000;20.00000;0.56617;2
606.51001; 88.42667;      -2.75975; 38.04640;80.00000;20.00000;0.56612;2
606.61499; 88.43667;      -2.76053; 38.04448;80.00000;20.00000;0.56606;2
606.70801; 88.44667;      -2.76154; 38.03968;80.00000;20.00000;0.56602;2
606.81299; 88.45667;      -2.76193; 38.03679;80.00000;20.00000;0.56596;2
606.90802; 88.46667;      -2.76268; 38.03295;80.00000;20.00000;0.56591;2
607.01703; 88.47667;      -2.76295; 38.03199;80.00000;20.00000;0.56586;2
607.11102; 88.48667;      -2.76228; 38.02910;80.00000;20.00000;0.56581;2
607.21002; 88.49667;      -2.76292; 38.02526;80.00000;20.00000;0.56576;2
607.30902; 88.50667;      -2.76368; 38.02334;80.00000;20.00000;0.56571;2
607.41498; 88.51667;      -2.76459; 38.02045;80.00000;20.00000;0.56565;2
607.50897; 88.52667;      -2.76496; 38.01853;80.00000;20.00000;0.56561;2
607.61200; 88.53667;      -2.76522; 38.01469;80.00000;20.00000;0.56555;2
607.70697; 88.54667;      -2.76558; 38.01180;80.00000;20.00000;0.56551;2
607.82001; 88.55667;      -2.76651; 38.00892;80.00000;20.00000;0.56545;2
607.90399; 88.56667;      -2.76633; 38.00604;80.00000;20.00000;0.56540;2
608.01398; 88.57667;      -2.76700; 38.00219;80.00000;20.00000;0.56535;2
608.11102; 88.58667;      -2.76724; 37.99931;80.00000;20.00000;0.56530;2
608.21002; 88.59667;      -2.76749; 37.99835;80.00000;20.00000;0.56525;2
608.30798; 88.60667;      -2.76812; 37.99546;80.00000;20.00000;0.56520;2
608.40802; 88.61667;      -2.76863; 37.99162;80.00000;20.00000;0.56515;2
608.51099; 88.62667;      -2.76876; 37.98777;80.00000;20.00000;0.56509;2
608.61298; 88.63667;      -2.76901; 37.98489;80.00000;20.00000;0.56504;2
608.71503; 88.64667;      -2.76875; 37.98105;80.00000;20.00000;0.56499;2
608.81403; 88.65667;      -2.76952; 37.98009;80.00000;20.00000;0.56494;2
608.90802; 88.66667;      -2.77014; 37.97912;80.00000;20.00000;0.56489;2
609.02002; 88.67667;      -2.77081; 37.97912;80.00000;20.00000;0.56483;2
609.12000; 88.68667;      -2.77184; 37.97816;80.00000;20.00000;0.56478;2
609.21301; 88.69667;      -2.77259; 37.97720;80.00000;20.00000;0.56474;2
609.31500; 88.70667;      -2.77298; 37.97624;80.00000;20.00000;0.56468;2
609.40900; 88.71667;      -2.77373; 37.97528;80.00000;20.00000;0.56464;2
609.51099; 88.72667;      -2.77425; 37.97432;80.00000;20.00000;0.56458;2
609.60797; 88.73667;      -2.77410; 37.97336;80.00000;20.00000;0.56453;2
609.71100; 88.74667;      -2.77488; 37.97144;80.00000;20.00000;0.56448;2
609.81000; 88.75667;      -2.77591; 37.96951;80.00000;20.00000;0.56443;2
609.91302; 88.76667;      -2.77643; 37.96759;80.00000;20.00000;0.56438;2
610.01202; 88.77667;      -2.77629; 37.96567;80.00000;20.00000;0.56433;2
610.10602; 88.78667;      -2.77678; 37.96278;80.00000;20.00000;0.56428;2
610.20001; 88.79667;      -2.77767; 37.96182;80.00000;20.00000;0.56423;2
610.31201; 88.80667;      -2.77782; 37.95894;80.00000;20.00000;0.56418;2
610.39600; 88.81667;      -2.77855; 37.95606;80.00000;20.00000;0.56413;2
610.50702; 88.82667;      -2.77987; 37.95413;80.00000;20.00000;0.56408;2
610.60498; 88.83667;      -2.78025; 37.95125;80.00000;20.00000;0.56403;2
610.70599; 88.84667;      -2.78102; 37.94933;80.00000;20.00000;0.56397;2
610.80499; 88.85667;      -2.78179; 37.94645;80.00000;20.00000;0.56392;2
610.90399; 88.86667;      -2.78295; 37.94356;80.00000;20.00000;0.56387;2
611.00598; 88.87667;      -2.78282; 37.94260;80.00000;20.00000;0.56382;2
611.10999; 88.88667;      -2.78334; 37.93972;80.00000;20.00000;0.56377;2
611.19299; 88.89667;      -2.78459; 37.93780;80.00000;20.00000;0.56373;2
611.31403; 88.90667;      -2.78567; 37.93587;80.00000;20.00000;0.56366;2
611.40100; 88.91667;      -2.78550; 37.93491;80.00000;20.00000;0.56362;2
611.50598; 88.92667;      -2.78577; 37.93299;80.00000;20.00000;0.56357;2
611.60797; 88.93667;      -2.78681; 37.93203;80.00000;20.00000;0.56351;2
611.70300; 88.94667;      -2.78731; 37.93011;80.00000;20.00000;0.56347;2
611.80298; 88.95667;      -2.78808; 37.92915;80.00000;20.00000;0.56341;2
611.91101; 88.96667;      -2.78835; 37.92818;80.00000;20.00000;0.56336;2
612.00598; 88.97667;      -2.78911; 37.92530;80.00000;20.00000;0.56331;2
612.10303; 88.98667;      -2.78962; 37.92530;80.00000;20.00000;0.56326;2
612.21002; 88.99667;      -2.79028; 37.92626;80.00000;20.00000;0.56321;2
612.29401; 89.00667;      -2.79101; 37.92722;80.00000;20.00000;0.56316;2
612.40399; 89.01667;      -2.79155; 37.92722;80.00000;20.00000;0.56311;2
612.50897; 89.02667;      -2.79312; 37.92626;80.00000;20.00000;0.56305;2
612.60699; 89.03667;      -2.79246; 37.92530;80.00000;20.00000;0.56300;2
612.70898; 89.04667;      -2.79245; 37.92434;80.00000;20.00000;0.56295;2
612.80798; 89.05667;      -2.79362; 37.92338;80.00000;20.00000;0.56290;2
612.90802; 89.06667;      -2.79426; 37.92242;80.00000;20.00000;0.56285;2
613.00598; 89.07667;      -2.79438; 37.92242;80.00000;20.00000;0.56280;2
613.11102; 89.08667;      -2.79477; 37.92050;80.00000;20.00000;0.56275;2
613.20502; 89.09667;      -2.79605; 37.92050;80.00000;20.00000;0.56270;2
613.30298; 89.10667;      -2.79643; 37.91953;80.00000;20.00000;0.56265;2
613.40198; 89.11667;      -2.79721; 37.91857;80.00000;20.00000;0.56260;2
613.49500; 89.12667;      -2.79718; 37.91761;80.00000;20.00000;0.56255;2
613.60199; 89.13667;      -2.79719; 37.91665;80.00000;20.00000;0.56250;2
613.70300; 89.14667;      -2.79732; 37.91569;80.00000;20.00000;0.56245;2
613.80200; 89.15667;      -2.79770; 37.91473;80.00000;20.00000;0.56239;2
613.90198; 89.16667;      -2.79847; 37.91377;80.00000;20.00000;0.56234;2
614.01099; 89.17667;      -2.79875; 37.91377;80.00000;20.00000;0.56229;2
614.10498; 89.18667;      -2.79964; 37.91281;80.00000;20.00000;0.56224;2
614.21399; 89.19667;      -2.80044; 37.91088;80.00000;20.00000;0.56218;2
614.30798; 89.20667;      -2.80094; 37.90992;80.00000;20.00000;0.56214;2
614.40997; 89.21667;      -2.80133; 37.90992;80.00000;20.00000;0.56208;2
614.50598; 89.22667;      -2.80210; 37.90608;80.00000;20.00000;0.56204;2
614.60797; 89.23667;      -2.80209; 37.90223;80.00000;20.00000;0.56198;2
614.70599; 89.24667;      -2.80234; 37.89743;80.00000;20.00000;0.56193;2
614.80402; 89.25667;      -2.80298; 37.89454;80.00000;20.00000;0.56188;2
614.90900; 89.26667;      -2.80312; 37.89166;80.00000;20.00000;0.56183;2
615.01300; 89.27667;      -2.80378; 37.88974;80.00000;20.00000;0.56178;2
615.10303; 89.28667;      -2.80466; 37.88974;80.00000;20.00000;0.56173;2
615.21399; 89.29667;      -2.80520; 37.88878;80.00000;20.00000;0.56167;2
615.31000; 89.30667;      -2.80558; 37.88878;80.00000;20.00000;0.56163;2
615.40802; 89.31667;      -2.80557; 37.88686;80.00000;20.00000;0.56158;2
615.50800; 89.32667;      -2.80595; 37.88493;80.00000;20.00000;0.56152;2
615.60602; 89.33667;      -2.80607; 37.88301;80.00000;20.00000;0.56147;2
615.70502; 89.34667;      -2.80724; 37.88205;80.00000;20.00000;0.56142;2
615.80402; 89.35667;      -2.80710; 37.87917;80.00000;20.00000;0.56137;2
615.90002; 89.36667;      -2.80721; 37.87532;80.00000;20.00000;0.56132;2
616.01501; 89.37667;      -2.80724; 37.87244;80.00000;20.00000;0.56127;2
616.10699; 89.38667;      -2.80787; 37.86859;80.00000;20.00000;0.56122;2
616.20300; 89.39667;      -2.80812; 37.86571;80.00000;20.00000;0.56117;2
616.29901; 89.40667;      -2.80875; 37.86091;80.00000;20.00000;0.56112;2
616.40399; 89.41667;      -2.80954; 37.85706;80.00000;20.00000;0.56107;2
616.49799; 89.42667;      -2.81031; 37.85418;80.00000;20.00000;0.56102;2
616.59802; 89.43667;      -2.81108; 37.85225;80.00000;20.00000;0.56097;2
616.69897; 89.44667;      -2.81200; 37.84937;80.00000;20.00000;0.56092;2
616.79999; 89.45667;      -2.81304; 37.84745;80.00000;20.00000;0.56087;2
616.90399; 89.46667;      -2.81331; 37.84457;80.00000;20.00000;0.56081;2
617.00500; 89.47667;      -2.81409; 37.84360;80.00000;20.00000;0.56076;2
617.10797; 89.48667;      -2.81513; 37.84168;80.00000;20.00000;0.56071;2
617.19897; 89.49667;      -2.81628; 37.84072;80.00000;20.00000;0.56066;2
617.30798; 89.50667;      -2.81813; 37.83784;80.00000;20.00000;0.56061;2
617.40399; 89.51667;      -2.81864; 37.83688;80.00000;20.00000;0.56056;2
617.51801; 89.52667;      -2.81906; 37.83495;80.00000;20.00000;0.56050;2
617.60699; 89.53667;      -2.81955; 37.83207;80.00000;20.00000;0.56045;2
617.71198; 89.54667;      -2.81969; 37.83111;80.00000;20.00000;0.56040;2
617.80499; 89.55667;      -2.81928; 37.83015;80.00000;20.00000;0.56035;2
617.90198; 89.56667;      -2.81939; 37.82919;80.00000;20.00000;0.56030;2
618.00702; 89.57667;      -2.82084; 37.82727;80.00000;20.00000;0.56025;2
618.10699; 89.58667;      -2.82267; 37.82727;80.00000;20.00000;0.56020;2
618.21002; 89.59667;      -2.82372; 37.82630;80.00000;20.00000;0.56015;2
618.30298; 89.60667;      -2.82435; 37.82534;80.00000;20.00000;0.56010;2
618.40399; 89.61667;      -2.82540; 37.82246;80.00000;20.00000;0.56005;2
618.50598; 89.62667;      -2.82644; 37.82150;80.00000;20.00000;0.56000;2
618.60498; 89.63667;      -2.82591; 37.81958;80.00000;20.00000;0.55995;2
618.70300; 89.64667;      -2.82643; 37.81862;80.00000;20.00000;0.55990;2
618.80499; 89.65667;      -2.82708; 37.81573;80.00000;20.00000;0.55984;2
618.90198; 89.66667;      -2.82733; 37.81477;80.00000;20.00000;0.55979;2
619.00098; 89.67667;      -2.82811; 37.81285;80.00000;20.00000;0.55974;2
619.10101; 89.68667;      -2.82876; 37.80804;80.00000;20.00000;0.55969;2
619.20398; 89.69667;      -2.82981; 37.80420;80.00000;20.00000;0.55964;2
619.29700; 89.70667;      -2.83097; 37.79939;80.00000;20.00000;0.55959;2
619.39899; 89.71667;      -2.83189; 37.79555;80.00000;20.00000;0.55954;2
619.50403; 89.72667;      -2.83268; 37.79170;80.00000;20.00000;0.55949;2
619.59601; 89.73667;      -2.83331; 37.78882;80.00000;20.00000;0.55944;2
619.70801; 89.74667;      -2.83386; 37.78786;80.00000;20.00000;0.55938;2
619.80603; 89.75667;      -2.83386; 37.78594;80.00000;20.00000;0.55933;2
619.90900; 89.76667;      -2.83530; 37.78401;80.00000;20.00000;0.55928;2
620.01001; 89.77667;      -2.83556; 37.78113;80.00000;20.00000;0.55923;2
620.10797; 89.78667;      -2.83621; 37.77921;80.00000;20.00000;0.55918;2
620.20398; 89.79667;      -2.83711; 37.77633;80.00000;20.00000;0.55913;2
620.31500; 89.80667;      -2.83792; 37.77440;80.00000;20.00000;0.55907;2
620.41101; 89.81667;      -2.83870; 37.77152;80.00000;20.00000;0.55903;2
620.50598; 89.82667;      -2.83921; 37.76864;80.00000;20.00000;0.55898;2
620.60699; 89.83667;      -2.83999; 37.76768;80.00000;20.00000;0.55893;2
620.70502; 89.84667;      -2.83998; 37.76671;80.00000;20.00000;0.55888;2
620.79700; 89.85667;      -2.83970; 37.76383;80.00000;20.00000;0.55883;2
620.90997; 89.86667;      -2.84025; 37.76287;80.00000;20.00000;0.55877;2
621.00299; 89.87667;      -2.84089; 37.75999;80.00000;20.00000;0.55872;2
621.09802; 89.88667;      -2.84113; 37.75806;80.00000;20.00000;0.55868;2
621.20398; 89.89667;      -2.84141; 37.75710;80.00000;20.00000;0.55862;2
621.30200; 89.90667;      -2.84179; 37.75422;80.00000;20.00000;0.55857;2
621.40698; 89.91667;      -2.84233; 37.75326;80.00000;20.00000;0.55852;2
621.50098; 89.92667;      -2.84323; 37.75134;80.00000;20.00000;0.55847;2
621.59601; 89.93667;      -2.84374; 37.74941;80.00000;20.00000;0.55842;2
621.70697; 89.94667;      -2.84416; 37.74941;80.00000;20.00000;0.55836;2
621.79999; 89.95667;      -2.84361; 37.74941;80.00000;20.00000;0.55832;2
621.90698; 89.96667;      -2.84375; 37.74941;80.00000;20.00000;0.55826;2
622.00000; 89.97667;      -2.84465; 37.74749;80.00000;20.00000;0.55822;2
622.10199; 89.98667;      -2.84544; 37.74749;80.00000;20.00000;0.55816;2
622.20898; 89.99667;      -2.84612; 37.74557;80.00000;20.00000;0.55811;2
622.30103; 90.00667;      -2.84767; 37.74461;80.00000;20.00000;0.55806;2
622.40100; 90.01667;      -2.84859; 37.74365;80.00000;20.00000;0.55801;2
622.50098; 90.02667;      -2.84885; 37.74172;80.00000;20.00000;0.55796;2
622.60901; 90.03667;      -2.84926; 37.74076;80.00000;20.00000;0.55791;2
622.70502; 90.04667;      -2.84977; 37.73884;80.00000;20.00000;0.55786;2
622.80402; 90.05667;      -2.85069; 37.73788;80.00000;20.00000;0.55781;2
622.90601; 90.06667;      -2.85135; 37.73692;80.00000;20.00000;0.55775;2
623.01001; 90.07667;      -2.85385; 37.73596;80.00000;20.00000;0.55770;2
623.09998; 90.08667;      -2.85448; 37.73596;80.00000;20.00000;0.55766;2
623.21100; 90.09667;      -2.85451; 37.73500;80.00000;20.00000;0.55760;2
623.29901; 90.10667;      -2.85355; 37.73307;80.00000;20.00000;0.55755;2
623.40302; 90.11667;      -2.85369; 37.73307;80.00000;20.00000;0.55750;2
623.50702; 90.12667;      -2.85409; 37.73019;80.00000;20.00000;0.55745;2
623.59698; 90.13667;      -2.85472; 37.72731;80.00000;20.00000;0.55740;2
623.70300; 90.14667;      -2.85553; 37.72539;80.00000;20.00000;0.55735;2
623.80402; 90.15667;      -2.85632; 37.72346;80.00000;20.00000;0.55730;2
623.90100; 90.16667;      -2.85644; 37.72058;80.00000;20.00000;0.55725;2
624.00201; 90.17667;      -2.85762; 37.71962;80.00000;20.00000;0.55720;2
624.09900; 90.18667;      -2.85893; 37.71866;80.00000;20.00000;0.55715;2
624.20697; 90.19667;      -2.85934; 37.71674;80.00000;20.00000;0.55709;2
624.30103; 90.20667;      -2.86077; 37.71481;80.00000;20.00000;0.55704;2
624.40198; 90.21667;      -2.86183; 37.71193;80.00000;20.00000;0.55699;2
624.51001; 90.22667;      -2.86251; 37.70905;80.00000;20.00000;0.55694;2
624.60101; 90.23667;      -2.86340; 37.70616;80.00000;20.00000;0.55689;2
624.70203; 90.24667;      -2.86367; 37.70328;80.00000;20.00000;0.55684;2
624.79602; 90.25667;      -2.86497; 37.70136;80.00000;20.00000;0.55679;2
624.90698; 90.26667;      -2.86605; 37.69943;80.00000;20.00000;0.55674;2
625.00403; 90.27667;      -2.86630; 37.69751;80.00000;20.00000;0.55669;2
625.10797; 90.28667;      -2.86644; 37.69559;80.00000;20.00000;0.55663;2
625.19702; 90.29667;      -2.86681; 37.69367;80.00000;20.00000;0.55659;2
625.30798; 90.30667;      -2.86776; 37.69078;80.00000;20.00000;0.55653;2
625.41302; 90.31667;      -2.86803; 37.68886;80.00000;20.00000;0.55648;2
625.50299; 90.32667;      -2.86906; 37.68598;80.00000;20.00000;0.55643;2
625.60498; 90.33667;      -2.87012; 37.68406;80.00000;20.00000;0.55638;2
625.70599; 90.34667;      -2.87038; 37.68117;80.00000;20.00000;0.55633;2
625.80499; 90.35667;      -2.87157; 37.67925;80.00000;20.00000;0.55628;2
625.90601; 90.36667;      -2.87157; 37.67637;80.00000;20.00000;0.55623;2
626.00299; 90.37667;      -2.87209; 37.66964;80.00000;20.00000;0.55618;2
626.09698; 90.38667;      -2.87299; 37.66387;80.00000;20.00000;0.55613;2
626.19702; 90.39667;      -2.87365; 37.65811;80.00000;20.00000;0.55608;2
626.30798; 90.40667;      -2.87394; 37.65426;80.00000;20.00000;0.55602;2
626.40399; 90.41667;      -2.87420; 37.65138;80.00000;20.00000;0.55597;2
626.50299; 90.42667;      -2.87406; 37.64849;80.00000;20.00000;0.55592;2
626.60303; 90.43667;      -2.87512; 37.64753;80.00000;20.00000;0.55587;2
626.70502; 90.44667;      -2.87552; 37.64561;80.00000;20.00000;0.55582;2
626.81097; 90.45667;      -2.87619; 37.64369;80.00000;20.00000;0.55577;2
626.90198; 90.46667;      -2.87630; 37.64177;80.00000;20.00000;0.55572;2
626.99902; 90.47667;      -2.87682; 37.64081;80.00000;20.00000;0.55567;2
627.09998; 90.48667;      -2.87761; 37.63984;80.00000;20.00000;0.55562;2
627.19897; 90.49667;      -2.87787; 37.63984;80.00000;20.00000;0.55557;2
627.29700; 90.50667;      -2.87840; 37.63888;80.00000;20.00000;0.55552;2
627.40198; 90.51667;      -2.87920; 37.63792;80.00000;20.00000;0.55547;2
627.50403; 90.52667;      -2.88000; 37.63696;80.00000;20.00000;0.55541;2
627.60199; 90.53667;      -2.88065; 37.63600;80.00000;20.00000;0.55536;2
627.70502; 90.54667;      -2.88066; 37.63504;80.00000;20.00000;0.55531;2
627.80402; 90.55667;      -2.88119; 37.63408;80.00000;20.00000;0.55526;2
627.90100; 90.56667;      -2.88157; 37.63216;80.00000;20.00000;0.55521;2
628.01202; 90.57667;      -2.88279; 37.63119;80.00000;20.00000;0.55515;2
628.09998; 90.58667;      -2.88342; 37.63023;80.00000;20.00000;0.55511;2
628.20502; 90.59667;      -2.88343; 37.63023;80.00000;20.00000;0.55506;2
628.29999; 90.60667;      -2.88395; 37.62927;80.00000;20.00000;0.55501;2
628.39697; 90.61667;      -2.88513; 37.62351;80.00000;20.00000;0.55496;2
628.49902; 90.62667;      -2.88540; 37.62158;80.00000;20.00000;0.55491;2
628.59100; 90.63667;      -2.88578; 37.61678;80.00000;20.00000;0.55486;2
628.69397; 90.64667;      -2.88671; 37.61389;80.00000;20.00000;0.55481;2
628.79901; 90.65667;      -2.88672; 37.60909;80.00000;20.00000;0.55475;2
628.90002; 90.66667;      -2.88778; 37.60621;80.00000;20.00000;0.55470;2
629.00098; 90.67667;      -2.88805; 37.60236;80.00000;20.00000;0.55465;2
629.10602; 90.68667;      -2.88899; 37.59852;80.00000;20.00000;0.55460;2
629.20099; 90.69667;      -2.88977; 37.59755;80.00000;20.00000;0.55455;2
629.29901; 90.70667;      -2.89109; 37.59563;80.00000;20.00000;0.55450;2
629.40601; 90.71667;      -2.89164; 37.59275;80.00000;20.00000;0.55445;2
629.50098; 90.72667;      -2.89215; 37.59083;80.00000;20.00000;0.55440;2
629.60199; 90.73667;      -2.89295; 37.58890;80.00000;20.00000;0.55435;2
629.70502; 90.74667;      -2.89375; 37.58794;80.00000;20.00000;0.55429;2
629.80103; 90.75667;      -2.89414; 37.58506;80.00000;20.00000;0.55424;2
629.90802; 90.76667;      -2.89443; 37.58410;80.00000;20.00000;0.55419;2
630.00403; 90.77667;      -2.89521; 37.58218;80.00000;20.00000;0.55414;2
630.09802; 90.78667;      -2.89612; 37.58025;80.00000;20.00000;0.55409;2
630.20300; 90.79667;      -2.89653; 37.57929;80.00000;20.00000;0.55404;2
630.30499; 90.80667;      -2.89773; 37.57641;80.00000;20.00000;0.55399;2
630.40100; 90.81667;      -2.89799; 37.57257;80.00000;20.00000;0.55394;2
630.50000; 90.82667;      -2.89918; 37.56968;80.00000;20.00000;0.55389;2
630.59802; 90.83667;      -2.89851; 37.56776;80.00000;20.00000;0.55384;2
630.70001; 90.84667;      -2.89825; 37.56488;80.00000;20.00000;0.55379;2
630.79199; 90.85667;      -2.89876; 37.56295;80.00000;20.00000;0.55374;2
630.89203; 90.86667;      -2.89943; 37.56392;80.00000;20.00000;0.55369;2
630.99701; 90.87667;      -2.89944; 37.56392;80.00000;20.00000;0.55364;2
631.10400; 90.88667;      -2.90145; 37.56584;80.00000;20.00000;0.55358;2
631.20300; 90.89667;      -2.90251; 37.56488;80.00000;20.00000;0.55353;2
631.29401; 90.90667;      -2.90275; 37.56392;80.00000;20.00000;0.55349;2
631.40302; 90.91667;      -2.90331; 37.56392;80.00000;20.00000;0.55343;2
631.50201; 90.92667;      -2.90330; 37.56295;80.00000;20.00000;0.55338;2
631.59900; 90.93667;      -2.90356; 37.56199;80.00000;20.00000;0.55333;2
631.70398; 90.94667;      -2.90398; 37.56103;80.00000;20.00000;0.55328;2
631.79797; 90.95667;      -2.90409; 37.55911;80.00000;20.00000;0.55323;2
631.89600; 90.96667;      -2.90436; 37.55623;80.00000;20.00000;0.55318;2
631.99701; 90.97667;      -2.90582; 37.55430;80.00000;20.00000;0.55313;2
632.10400; 90.98667;      -2.90703; 37.55238;80.00000;20.00000;0.55307;2
632.18701; 90.99667;      -2.90752; 37.54950;80.00000;20.00000;0.55303;2
632.29303; 91.00667;      -2.90833; 37.54661;80.00000;20.00000;0.55298;2
632.39099; 91.01667;      -2.90913; 37.54469;80.00000;20.00000;0.55293;2
632.48901; 91.02667;      -2.91018; 37.54277;80.00000;20.00000;0.55288;2
632.59802; 91.03667;      -2.91048; 37.54181;80.00000;20.00000;0.55282;2
632.68597; 91.04667;      -2.91018; 37.54085;80.00000;20.00000;0.55278;2
632.78998; 91.05667;      -2.91112; 37.53893;80.00000;20.00000;0.55272;2
632.89301; 91.06667;      -2.91326; 37.53796;80.00000;20.00000;0.55267;2
632.99103; 91.07667;      -2.91418; 37.53604;80.00000;20.00000;0.55262;2
633.08698; 91.08667;      -2.91484; 37.53412;80.00000;20.00000;0.55257;2
633.18701; 91.09667;      -2.91511; 37.53316;80.00000;20.00000;0.55252;2
633.29700; 91.10667;      -2.91580; 37.53316;80.00000;20.00000;0.55247;2
633.39502; 91.11667;      -2.91606; 37.53412;80.00000;20.00000;0.55242;2
633.49500; 91.12667;      -2.91673; 37.53412;80.00000;20.00000;0.55237;2
633.59900; 91.13667;      -2.91807; 37.53412;80.00000;20.00000;0.55231;2
633.70001; 91.14667;      -2.91927; 37.53412;80.00000;20.00000;0.55226;2
633.79797; 91.15667;      -2.92073; 37.53508;80.00000;20.00000;0.55221;2
633.90100; 91.16667;      -2.92207; 37.53316;80.00000;20.00000;0.55216;2
633.98999; 91.17667;      -2.92324; 37.53220;80.00000;20.00000;0.55211;2
634.09698; 91.18667;      -2.92379; 37.53316;80.00000;20.00000;0.55206;2
634.18903; 91.19667;      -2.92404; 37.53124;80.00000;20.00000;0.55201;2
634.29602; 91.20667;      -2.92433; 37.53124;80.00000;20.00000;0.55196;2
634.39899; 91.21667;      -2.92487; 37.52931;80.00000;20.00000;0.55191;2
634.50201; 91.22667;      -2.92568; 37.52835;80.00000;20.00000;0.55185;2
634.60699; 91.23667;      -2.92623; 37.52643;80.00000;20.00000;0.55180;2
634.69501; 91.24667;      -2.92673; 37.52547;80.00000;20.00000;0.55176;2
634.80200; 91.25667;      -2.92742; 37.52259;80.00000;20.00000;0.55170;2
634.90302; 91.26667;      -2.92875; 37.52066;80.00000;20.00000;0.55165;2
634.98602; 91.27667;      -2.92924; 37.51874;80.00000;20.00000;0.55161;2
635.09802; 91.28667;      -2.92968; 37.51586;80.00000;20.00000;0.55155;2
635.19897; 91.29667;      -2.92982; 37.51394;80.00000;20.00000;0.55150;2
635.29700; 91.30667;      -2.93008; 37.51298;80.00000;20.00000;0.55145;2
635.40002; 91.31667;      -2.93116; 37.51201;80.00000;20.00000;0.55140;2
635.49402; 91.32667;      -2.93221; 37.51105;80.00000;20.00000;0.55135;2
635.60101; 91.33667;      -2.93250; 37.50913;80.00000;20.00000;0.55130;2
635.69000; 91.34667;      -2.93234; 37.50817;80.00000;20.00000;0.55125;2
635.79401; 91.35667;      -2.93289; 37.50721;80.00000;20.00000;0.55120;2
635.89697; 91.36667;      -2.93423; 37.50529;80.00000;20.00000;0.55115;2
635.99298; 91.37667;      -2.93436; 37.50433;80.00000;20.00000;0.55110;2
636.09900; 91.38667;      -2.93451; 37.50336;80.00000;20.00000;0.55104;2
636.18903; 91.39667;      -2.93555; 37.50144;80.00000;20.00000;0.55100;2
636.29901; 91.40667;      -2.93665; 37.50048;80.00000;20.00000;0.55094;2
636.39600; 91.41667;      -2.93705; 37.49856;80.00000;20.00000;0.55089;2
636.49799; 91.42667;      -2.93772; 37.49664;80.00000;20.00000;0.55084;2
636.58698; 91.43667;      -2.93823; 37.49471;80.00000;20.00000;0.55079;2
636.68903; 91.44667;      -2.93917; 37.49183;80.00000;20.00000;0.55074;2
636.79901; 91.45667;      -2.94040; 37.49087;80.00000;20.00000;0.55069;2
636.89502; 91.46667;      -2.94080; 37.48606;80.00000;20.00000;0.55064;2
637.00000; 91.47667;      -2.94108; 37.48318;80.00000;20.00000;0.55058;2
637.09497; 91.48667;      -2.94174; 37.47934;80.00000;20.00000;0.55054;2
637.19299; 91.49667;      -2.94200; 37.47549;80.00000;20.00000;0.55049;2
637.29102; 91.50667;      -2.94294; 37.47357;80.00000;20.00000;0.55044;2
637.39899; 91.51667;      -2.94443; 37.47069;80.00000;20.00000;0.55038;2
637.48999; 91.52667;      -2.94481; 37.46876;80.00000;20.00000;0.55034;2
637.59003; 91.53667;      -2.94468; 37.46876;80.00000;20.00000;0.55029;2
637.70502; 91.54667;      -2.94513; 37.46684;80.00000;20.00000;0.55023;2
637.79498; 91.55667;      -2.94577; 37.46492;80.00000;20.00000;0.55018;2
637.89001; 91.56667;      -2.94630; 37.46300;80.00000;20.00000;0.55013;2
637.99103; 91.57667;      -2.94777; 37.46107;80.00000;20.00000;0.55008;2
638.09802; 91.58667;      -2.94873; 37.45915;80.00000;20.00000;0.55003;2
638.19397; 91.59667;      -2.94939; 37.45627;80.00000;20.00000;0.54998;2
638.28699; 91.60667;      -2.95044; 37.45146;80.00000;20.00000;0.54993;2
638.38898; 91.61667;      -2.95086; 37.44858;80.00000;20.00000;0.54988;2
638.48700; 91.62667;      -2.95166; 37.44570;80.00000;20.00000;0.54983;2
638.59998; 91.63667;      -2.95223; 37.44281;80.00000;20.00000;0.54977;2
638.70300; 91.64667;      -2.95198; 37.43897;80.00000;20.00000;0.54972;2
638.80499; 91.65667;      -2.95346; 37.43608;80.00000;20.00000;0.54967;2
638.89398; 91.66667;      -2.95383; 37.43320;80.00000;20.00000;0.54962;2
638.99500; 91.67667;      -2.95438; 37.43128;80.00000;20.00000;0.54957;2
639.10199; 91.68667;      -2.95520; 37.43032;80.00000;20.00000;0.54952;2
639.19598; 91.69667;      -2.95599; 37.42840;80.00000;20.00000;0.54947;2
639.30402; 91.70667;      -2.95589; 37.42551;80.00000;20.00000;0.54941;2
639.40002; 91.71667;      -2.95562; 37.42455;80.00000;20.00000;0.54937;2
639.50000; 91.72667;      -2.95589; 37.42167;80.00000;20.00000;0.54932;2
639.59497; 91.73667;      -2.95615; 37.41782;80.00000;20.00000;0.54927;2
639.70099; 91.74667;      -2.95684; 37.41398;80.00000;20.00000;0.54921;2
639.79700; 91.75667;      -2.95750; 37.41494;80.00000;20.00000;0.54916;2
639.90399; 91.76667;      -2.95873; 37.41398;80.00000;20.00000;0.54911;2
639.99799; 91.77667;      -2.95859; 37.41398;80.00000;20.00000;0.54906;2
640.10400; 91.78667;      -2.95888; 37.41398;80.00000;20.00000;0.54901;2
640.19598; 91.79667;      -2.95913; 37.41494;80.00000;20.00000;0.54896;2
640.30298; 91.80667;      -2.95875; 37.41494;80.00000;20.00000;0.54891;2
640.39899; 91.81667;      -2.95928; 37.41494;80.00000;20.00000;0.54886;2
640.49902; 91.82667;      -2.95996; 37.41494;80.00000;20.00000;0.54881;2
640.59900; 91.83667;      -2.95983; 37.41206;80.00000;20.00000;0.54876;2
640.69598; 91.84667;      -2.96036; 37.41110;80.00000;20.00000;0.54871;2
640.80103; 91.85667;      -2.96118; 37.40917;80.00000;20.00000;0.54865;2
640.89801; 91.86667;      -2.96198; 37.40725;80.00000;20.00000;0.54861;2
641.00000; 91.87667;      -2.96240; 37.40629;80.00000;20.00000;0.54855;2
641.09998; 91.88667;      -2.96227; 37.40533;80.00000;20.00000;0.54850;2
641.19501; 91.89667;      -2.96226; 37.40245;80.00000;20.00000;0.54845;2
641.29602; 91.90667;      -2.96334; 37.40148;80.00000;20.00000;0.54840;2
641.39203; 91.91667;      -2.96414; 37.40052;80.00000;20.00000;0.54835;2
641.49200; 91.92667;      -2.96428; 37.39956;80.00000;20.00000;0.54830;2
641.59399; 91.93667;      -2.96456; 37.40245;80.00000;20.00000;0.54825;2
641.69397; 91.94667;      -2.96470; 37.40341;80.00000;20.00000;0.54820;2
641.78998; 91.95667;      -2.96523; 37.40533;80.00000;20.00000;0.54815;2
641.89203; 91.96667;      -2.96645; 37.40725;80.00000;20.00000;0.54810;2
641.98700; 91.97667;      -2.96805; 37.40821;80.00000;20.00000;0.54805;2
642.09601; 91.98667;      -2.96808; 37.40917;80.00000;20.00000;0.54800;2
642.19897; 91.99667;      -2.96823; 37.40821;80.00000;20.00000;0.54795;2
642.28900; 92.00667;      -2.96901; 37.40725;80.00000;20.00000;0.54790;2
642.38300; 92.01667;      -2.96967; 37.40725;80.00000;20.00000;0.54785;2
642.49298; 92.02667;      -2.97078; 37.40629;80.00000;20.00000;0.54780;2
642.59601; 92.03667;      -2.97133; 37.40629;80.00000;20.00000;0.54774;2
642.69800; 92.04667;      -2.97255; 37.40533;80.00000;20.00000;0.54769;2
642.79199; 92.05667;      -2.97361; 37.40341;80.00000;20.00000;0.54764;2
642.88599; 92.06667;      -2.97467; 37.40245;80.00000;20.00000;0.54760;2
642.99298; 92.07667;      -2.97524; 37.40245;80.00000;20.00000;0.54754;2
643.10699; 92.08667;      -2.97542; 37.40148;80.00000;20.00000;0.54748;2
643.19299; 92.09667;      -2.97606; 37.40052;80.00000;20.00000;0.54744;2
643.28900; 92.10667;      -2.97686; 37.40052;80.00000;20.00000;0.54739;2
643.38702; 92.11667;      -2.97753; 37.39956;80.00000;20.00000;0.54734;2
643.48901; 92.12667;      -2.97848; 37.39860;80.00000;20.00000;0.54729;2
643.59302; 92.13667;      -2.97971; 37.39764;80.00000;20.00000;0.54724;2
643.69202; 92.14667;      -2.98078; 37.39668;80.00000;20.00000;0.54719;2
643.79401; 92.15667;      -2.98174; 37.39379;80.00000;20.00000;0.54714;2
643.89398; 92.16667;      -2.98174; 37.39187;80.00000;20.00000;0.54708;2
643.99500; 92.17667;      -2.98162; 37.38995;80.00000;20.00000;0.54703;2
644.09900; 92.18667;      -2.98244; 37.38707;80.00000;20.00000;0.54698;2
644.19897; 92.19667;      -2.98339; 37.38514;80.00000;20.00000;0.54693;2
644.29498; 92.20667;      -2.98393; 37.38418;80.00000;20.00000;0.54688;2
644.39301; 92.21667;      -2.98446; 37.38226;80.00000;20.00000;0.54683;2
644.49597; 92.22667;      -2.98502; 37.38034;80.00000;20.00000;0.54678;2
644.59399; 92.23667;      -2.98489; 37.37842;80.00000;20.00000;0.54673;2
644.69098; 92.24667;      -2.98516; 37.37169;80.00000;20.00000;0.54668;2
644.78998; 92.25667;      -2.98597; 37.36688;80.00000;20.00000;0.54663;2
644.88800; 92.26667;      -2.98624; 37.36208;80.00000;20.00000;0.54658;2
644.98901; 92.27667;      -2.98679; 37.35727;80.00000;20.00000;0.54653;2
645.09399; 92.28667;      -2.98748; 37.35439;80.00000;20.00000;0.54648;2
645.19800; 92.29667;      -2.98723; 37.35343;80.00000;20.00000;0.54642;2
645.29401; 92.30667;      -2.98750; 37.35439;80.00000;20.00000;0.54637;2
645.39301; 92.31667;      -2.98858; 37.35535;80.00000;20.00000;0.54632;2
645.48798; 92.32667;      -2.98884; 37.35631;80.00000;20.00000;0.54628;2
645.58899; 92.33667;      -2.98966; 37.35727;80.00000;20.00000;0.54623;2
645.69202; 92.34667;      -2.99129; 37.35727;80.00000;20.00000;0.54617;2
645.79102; 92.35667;      -2.99129; 37.35823;80.00000;20.00000;0.54612;2
645.89099; 92.36667;      -2.99130; 37.35823;80.00000;20.00000;0.54607;2
645.99799; 92.37667;      -2.99173; 37.35727;80.00000;20.00000;0.54602;2
646.08899; 92.38667;      -2.99226; 37.35631;80.00000;20.00000;0.54597;2
646.18799; 92.39667;      -2.99226; 37.35439;80.00000;20.00000;0.54592;2
646.29102; 92.40667;      -2.99295; 37.35247;80.00000;20.00000;0.54587;2
646.38501; 92.41667;      -2.99335; 37.34862;80.00000;20.00000;0.54582;2
646.48602; 92.42667;      -2.99403; 37.34670;80.00000;20.00000;0.54577;2
646.58899; 92.43667;      -2.99472; 37.34478;80.00000;20.00000;0.54572;2
646.69202; 92.44667;      -2.99568; 37.34285;80.00000;20.00000;0.54567;2
646.79102; 92.45667;      -2.99622; 37.34189;80.00000;20.00000;0.54562;2
646.89203; 92.46667;      -2.99637; 37.34093;80.00000;20.00000;0.54556;2
646.98999; 92.47667;      -2.99664; 37.33997;80.00000;20.00000;0.54551;2
647.09698; 92.48667;      -2.99748; 37.33997;80.00000;20.00000;0.54546;2
647.19000; 92.49667;      -2.99787; 37.33901;80.00000;20.00000;0.54541;2
647.28998; 92.50667;      -2.99963; 37.33709;80.00000;20.00000;0.54536;2
647.39899; 92.51667;      -3.00007; 37.33517;80.00000;20.00000;0.54531;2
647.49597; 92.52667;      -3.00047; 37.33517;80.00000;20.00000;0.54526;2
647.58899; 92.53667;      -3.00033; 37.33324;80.00000;20.00000;0.54521;2
647.69202; 92.54667;      -3.00210; 37.33132;80.00000;20.00000;0.54516;2
647.79602; 92.55667;      -3.00319; 37.33036;80.00000;20.00000;0.54511;2
647.89398; 92.56667;      -3.00280; 37.32844;80.00000;20.00000;0.54506;2
648.00000; 92.57667;      -3.00255; 37.32652;80.00000;20.00000;0.54500;2
648.09900; 92.58667;      -3.00364; 37.32363;80.00000;20.00000;0.54495;2
648.18799; 92.59667;      -3.00402; 37.32171;80.00000;20.00000;0.54491;2
648.29199; 92.60667;      -3.00458; 37.31979;80.00000;20.00000;0.54485;2
648.39099; 92.61667;      -3.00513; 37.31787;80.00000;20.00000;0.54480;2
648.49902; 92.62667;      -3.00570; 37.31594;80.00000;20.00000;0.54475;2
648.59802; 92.63667;      -3.00611; 37.31402;80.00000;20.00000;0.54470;2
648.69299; 92.64667;      -3.00638; 37.31114;80.00000;20.00000;0.54465;2
648.79102; 92.65667;      -3.00598; 37.30922;80.00000;20.00000;0.54460;2
648.88800; 92.66667;      -3.00611; 37.30729;80.00000;20.00000;0.54455;2
648.98700; 92.67667;      -3.00679; 37.30441;80.00000;20.00000;0.54450;2
649.09998; 92.68667;      -3.00724; 37.30153;80.00000;20.00000;0.54445;2
649.19000; 92.69667;      -3.00817; 37.29960;80.00000;20.00000;0.54440;2
649.28497; 92.70667;      -3.00884; 37.29768;80.00000;20.00000;0.54435;2
649.39502; 92.71667;      -3.00982; 37.29480;80.00000;20.00000;0.54430;2
649.49701; 92.72667;      -3.00997; 37.28999;80.00000;20.00000;0.54424;2
649.59900; 92.73667;      -3.01053; 37.28519;80.00000;20.00000;0.54419;2
649.69800; 92.74667;      -3.01135; 37.28038;80.00000;20.00000;0.54414;2
649.79797; 92.75667;      -3.01203; 37.27654;80.00000;20.00000;0.54409;2
649.88800; 92.76667;      -3.01255; 37.27365;80.00000;20.00000;0.54405;2
649.99200; 92.77667;      -3.01230; 37.27077;80.00000;20.00000;0.54399;2
650.09302; 92.78667;      -3.01326; 37.26789;80.00000;20.00000;0.54394;2
650.19098; 92.79667;      -3.01408; 37.26596;80.00000;20.00000;0.54389;2
650.30200; 92.80667;      -3.01439; 37.26308;80.00000;20.00000;0.54384;2
650.39697; 92.81667;      -3.01573; 37.26212;80.00000;20.00000;0.54379;2
650.49402; 92.82667;      -3.01668; 37.25924;80.00000;20.00000;0.54374;2
650.59302; 92.83667;      -3.01723; 37.25828;80.00000;20.00000;0.54369;2
650.69598; 92.84667;      -3.01765; 37.25731;80.00000;20.00000;0.54364;2
650.79303; 92.85667;      -3.01981; 37.25635;80.00000;20.00000;0.54359;2
650.89801; 92.86667;      -3.02132; 37.25635;80.00000;20.00000;0.54353;2
650.99298; 92.87667;      -3.02146; 37.25635;80.00000;20.00000;0.54349;2
651.09302; 92.88667;      -3.02160; 37.25731;80.00000;20.00000;0.54344;2
651.19897; 92.89667;      -3.02109; 37.25828;80.00000;20.00000;0.54338;2
651.29401; 92.90667;      -3.02136; 37.26020;80.00000;20.00000;0.54333;2
651.39398; 92.91667;      -3.02205; 37.26020;80.00000;20.00000;0.54328;2
651.49200; 92.92667;      -3.02246; 37.26116;80.00000;20.00000;0.54323;2
651.59399; 92.93667;      -3.02261; 37.26020;80.00000;20.00000;0.54318;2
651.69397; 92.94667;      -3.02289; 37.26020;80.00000;20.00000;0.54313;2
651.79602; 92.95667;      -3.02412; 37.25539;80.00000;20.00000;0.54308;2
651.89203; 92.96667;      -3.02480; 37.25347;80.00000;20.00000;0.54303;2
651.98700; 92.97667;      -3.02588; 37.24963;80.00000;20.00000;0.54298;2
652.08600; 92.98667;      -3.02616; 37.24866;80.00000;20.00000;0.54293;2
652.19202; 92.99667;      -3.02605; 37.24770;80.00000;20.00000;0.54288;2
652.29199; 93.00667;      -3.02715; 37.24674;80.00000;20.00000;0.54283;2
652.39099; 93.01667;      -3.02675; 37.24770;80.00000;20.00000;0.54278;2
652.48499; 93.02667;      -3.02729; 37.24770;80.00000;20.00000;0.54273;2
652.58801; 93.03667;      -3.02704; 37.24866;80.00000;20.00000;0.54268;2
652.69000; 93.04667;      -3.02773; 37.24866;80.00000;20.00000;0.54263;2
652.78998; 93.05667;      -3.02909; 37.24674;80.00000;20.00000;0.54258;2
652.89801; 93.06667;      -3.02980; 37.24674;80.00000;20.00000;0.54252;2
652.99103; 93.07667;      -3.03061; 37.24674;80.00000;20.00000;0.54247;2
653.09198; 93.08667;      -3.03049; 37.24386;80.00000;20.00000;0.54242;2
653.19299; 93.09667;      -3.03118; 37.24290;80.00000;20.00000;0.54237;2
653.29602; 93.10667;      -3.03174; 37.24001;80.00000;20.00000;0.54232;2
653.39502; 93.11667;      -3.03297; 37.23905;80.00000;20.00000;0.54227;2
653.50702; 93.12667;      -3.03383; 37.23617;80.00000;20.00000;0.54221;2
653.59601; 93.13667;      -3.03381; 37.23232;80.00000;20.00000;0.54217;2
653.69800; 93.14667;      -3.03369; 37.22944;80.00000;20.00000;0.54212;2
653.79700; 93.15667;      -3.03397; 37.22656;80.00000;20.00000;0.54207;2
653.89502; 93.16667;      -3.03425; 37.22367;80.00000;20.00000;0.54202;2
653.99701; 93.17667;      -3.03508; 37.21983;80.00000;20.00000;0.54196;2
654.09497; 93.18667;      -3.03495; 37.21695;80.00000;20.00000;0.54192;2
654.19397; 93.19667;      -3.03550; 37.21406;80.00000;20.00000;0.54187;2
654.28900; 93.20667;      -3.03591; 37.21214;80.00000;20.00000;0.54182;2
654.38702; 93.21667;      -3.03605; 37.21022;80.00000;20.00000;0.54177;2
654.49597; 93.22667;      -3.03649; 37.20926;80.00000;20.00000;0.54171;2
654.59698; 93.23667;      -3.03651; 37.20926;80.00000;20.00000;0.54166;2
654.69299; 93.24667;      -3.03638; 37.21022;80.00000;20.00000;0.54161;2
654.79797; 93.25667;      -3.03681; 37.21022;80.00000;20.00000;0.54156;2
654.89099; 93.26667;      -3.03748; 37.21022;80.00000;20.00000;0.54151;2
654.99402; 93.27667;      -3.03777; 37.20926;80.00000;20.00000;0.54146;2
655.09302; 93.28667;      -3.03792; 37.21022;80.00000;20.00000;0.54141;2
655.19397; 93.29667;      -3.03780; 37.20734;80.00000;20.00000;0.54136;2
655.28900; 93.30667;      -3.03861; 37.20637;80.00000;20.00000;0.54131;2
655.39600; 93.31667;      -3.03837; 37.20445;80.00000;20.00000;0.54126;2
655.48798; 93.32667;      -3.03891; 37.20349;80.00000;20.00000;0.54121;2
655.58801; 93.33667;      -3.03919; 37.20253;80.00000;20.00000;0.54116;2
655.69897; 93.34667;      -3.03937; 37.19965;80.00000;20.00000;0.54110;2
655.79498; 93.35667;      -3.04018; 37.19869;80.00000;20.00000;0.54105;2
655.89600; 93.36667;      -3.04020; 37.19676;80.00000;20.00000;0.54100;2
655.99200; 93.37667;      -3.04183; 37.19580;80.00000;20.00000;0.54095;2
656.10101; 93.38667;      -3.04214; 37.19292;80.00000;20.00000;0.54090;2
656.19397; 93.39667;      -3.04240; 37.19196;80.00000;20.00000;0.54085;2
656.29401; 93.40667;      -3.04215; 37.18907;80.00000;20.00000;0.54080;2
656.39899; 93.41667;      -3.04312; 37.18523;80.00000;20.00000;0.54075;2
656.50000; 93.42667;      -3.04355; 37.18427;80.00000;20.00000;0.54070;2
656.59998; 93.43667;      -3.04410; 37.18331;80.00000;20.00000;0.54065;2
656.69397; 93.44667;      -3.04437; 37.18235;80.00000;20.00000;0.54060;2
656.79199; 93.45667;      -3.04479; 37.18138;80.00000;20.00000;0.54055;2
656.88702; 93.46667;      -3.04533; 37.17850;80.00000;20.00000;0.54050;2
656.99402; 93.47667;      -3.04590; 37.17370;80.00000;20.00000;0.54045;2
657.08899; 93.48667;      -3.04631; 37.16985;80.00000;20.00000;0.54040;2
657.19299; 93.49667;      -3.04715; 37.16601;80.00000;20.00000;0.54035;2
657.28802; 93.50667;      -3.04729; 37.16408;80.00000;20.00000;0.54030;2
657.39899; 93.51667;      -3.04706; 37.16216;80.00000;20.00000;0.54024;2
657.50201; 93.52667;      -3.04708; 37.16216;80.00000;20.00000;0.54019;2
657.58801; 93.53667;      -3.04841; 37.16120;80.00000;20.00000;0.54015;2
657.69098; 93.54667;      -3.04857; 37.16216;80.00000;20.00000;0.54010;2
657.79401; 93.55667;      -3.04914; 37.16312;80.00000;20.00000;0.54004;2
657.89099; 93.56667;      -3.04982; 37.16312;80.00000;20.00000;0.53999;2
657.98999; 93.57667;      -3.05010; 37.16216;80.00000;20.00000;0.53994;2
658.09100; 93.58667;      -3.05080; 37.15640;80.00000;20.00000;0.53989;2
658.19299; 93.59667;      -3.05191; 37.15063;80.00000;20.00000;0.53984;2
658.29602; 93.60667;      -3.05397; 37.14486;80.00000;20.00000;0.53979;2
658.39697; 93.61667;      -3.05412; 37.14006;80.00000;20.00000;0.53974;2
658.49200; 93.62667;      -3.05453; 37.13717;80.00000;20.00000;0.53969;2
658.59601; 93.63667;      -3.05483; 37.13621;80.00000;20.00000;0.53964;2
658.69598; 93.64667;      -3.05620; 37.13525;80.00000;20.00000;0.53959;2
658.79797; 93.65667;      -3.05608; 37.13525;80.00000;20.00000;0.53954;2
658.89899; 93.66667;      -3.05556; 37.13525;80.00000;20.00000;0.53948;2
658.99200; 93.67667;      -3.05610; 37.13621;80.00000;20.00000;0.53944;2
659.09100; 93.68667;      -3.05665; 37.13717;80.00000;20.00000;0.53939;2
659.19800; 93.69667;      -3.05669; 37.13813;80.00000;20.00000;0.53933;2
659.30499; 93.70667;      -3.05659; 37.13909;80.00000;20.00000;0.53928;2
659.39502; 93.71667;      -3.05739; 37.14006;80.00000;20.00000;0.53923;2
659.49597; 93.72667;      -3.05822; 37.14102;80.00000;20.00000;0.53918;2
659.59900; 93.73667;      -3.05852; 37.14198;80.00000;20.00000;0.53913;2
659.70203; 93.74667;      -3.05868; 37.14198;80.00000;20.00000;0.53908;2
659.78998; 93.75667;      -3.06015; 37.14006;80.00000;20.00000;0.53903;2
659.89600; 93.76667;      -3.05964; 37.13525;80.00000;20.00000;0.53898;2
659.99103; 93.77667;      -3.06005; 37.13237;80.00000;20.00000;0.53893;2
660.09698; 93.78667;      -3.06022; 37.12948;80.00000;20.00000;0.53888;2
660.19598; 93.79667;      -3.06091; 37.12468;80.00000;20.00000;0.53883;2
660.29797; 93.80667;      -3.06134; 37.12179;80.00000;20.00000;0.53878;2
660.39801; 93.81667;      -3.06136; 37.11699;80.00000;20.00000;0.53873;2
660.49402; 93.82667;      -3.06122; 37.11411;80.00000;20.00000;0.53868;2
660.60498; 93.83667;      -3.06127; 37.11122;80.00000;20.00000;0.53862;2
660.69501; 93.84667;      -3.06126; 37.10930;80.00000;20.00000;0.53858;2
660.79700; 93.85667;      -3.06128; 37.10642;80.00000;20.00000;0.53852;2
660.89398; 93.86667;      -3.06196; 37.10449;80.00000;20.00000;0.53848;2
660.99902; 93.87667;      -3.06227; 37.10161;80.00000;20.00000;0.53842;2
661.09100; 93.88667;      -3.06307; 37.09969;80.00000;20.00000;0.53838;2
661.19299; 93.89667;      -3.06296; 37.09777;80.00000;20.00000;0.53832;2
661.29303; 93.90667;      -3.06270; 37.09584;80.00000;20.00000;0.53827;2
661.39398; 93.91667;      -3.06340; 37.09392;80.00000;20.00000;0.53822;2
661.49200; 93.92667;      -3.06396; 37.09200;80.00000;20.00000;0.53817;2
661.59698; 93.93667;      -3.06399; 37.09008;80.00000;20.00000;0.53812;2
661.69501; 93.94667;      -3.06413; 37.08912;80.00000;20.00000;0.53807;2
661.79401; 93.95667;      -3.06373; 37.08912;80.00000;20.00000;0.53802;2
661.89600; 93.96667;      -3.06389; 37.08816;80.00000;20.00000;0.53797;2
661.99200; 93.97667;      -3.06430; 37.08912;80.00000;20.00000;0.53792;2
662.09601; 93.98667;      -3.06474; 37.08816;80.00000;20.00000;0.53787;2
662.19501; 93.99667;      -3.06503; 37.08816;80.00000;20.00000;0.53782;2
662.29999; 94.00667;      -3.06574; 37.08719;80.00000;20.00000;0.53776;2
662.39801; 94.01667;      -3.06575; 37.08719;80.00000;20.00000;0.53772;2
662.49298; 94.02667;      -3.06507; 37.08623;80.00000;20.00000;0.53767;2
662.58600; 94.03667;      -3.06574; 37.08623;80.00000;20.00000;0.53762;2
662.69299; 94.04667;      -3.06646; 37.08431;80.00000;20.00000;0.53757;2
662.80200; 94.05667;      -3.06746; 37.08431;80.00000;20.00000;0.53751;2
662.88599; 94.06667;      -3.06770; 37.08239;80.00000;20.00000;0.53747;2
662.98901; 94.07667;      -3.06854; 37.08143;80.00000;20.00000;0.53742;2
663.09601; 94.08667;      -3.06953; 37.07758;80.00000;20.00000;0.53736;2
663.19501; 94.09667;      -3.06996; 37.07278;80.00000;20.00000;0.53731;2
663.29303; 94.10667;      -3.07010; 37.06989;80.00000;20.00000;0.53726;2
663.38898; 94.11667;      -3.07038; 37.06797;80.00000;20.00000;0.53721;2
663.48297; 94.12667;      -3.07106; 37.06701;80.00000;20.00000;0.53717;2
663.59497; 94.13667;      -3.07152; 37.06701;80.00000;20.00000;0.53711;2
663.70001; 94.14667;      -3.07292; 37.06701;80.00000;20.00000;0.53706;2
663.78601; 94.15667;      -3.07412; 37.06797;80.00000;20.00000;0.53701;2
663.89203; 94.16667;      -3.07456; 37.06701;80.00000;20.00000;0.53696;2
663.98798; 94.17667;      -3.07498; 37.06701;80.00000;20.00000;0.53691;2
664.08801; 94.18667;      -3.07404; 37.06893;80.00000;20.00000;0.53686;2
664.19397; 94.19667;      -3.07448; 37.06893;80.00000;20.00000;0.53681;2
664.28802; 94.20667;      -3.07516; 37.06797;80.00000;20.00000;0.53676;2
664.39398; 94.21667;      -3.07533; 37.06797;80.00000;20.00000;0.53671;2
664.49200; 94.22667;      -3.07644; 37.06797;80.00000;20.00000;0.53666;2
664.58698; 94.23667;      -3.07767; 37.06701;80.00000;20.00000;0.53661;2
664.69702; 94.24667;      -3.07771; 37.06701;80.00000;20.00000;0.53655;2
664.79303; 94.25667;      -3.07854; 37.06509;80.00000;20.00000;0.53651;2
664.89502; 94.26667;      -3.07952; 37.06413;80.00000;20.00000;0.53645;2
664.98700; 94.27667;      -3.07992; 37.06220;80.00000;20.00000;0.53641;2
665.09802; 94.28667;      -3.08093; 37.06124;80.00000;20.00000;0.53635;2
665.19000; 94.29667;      -3.08174; 37.05836;80.00000;20.00000;0.53630;2
665.29602; 94.30667;      -3.08218; 37.05644;80.00000;20.00000;0.53625;2
665.39099; 94.31667;      -3.08219; 37.05355;80.00000;20.00000;0.53620;2
665.48901; 94.32667;      -3.08179; 37.04971;80.00000;20.00000;0.53615;2
665.59003; 94.33667;      -3.08208; 37.04779;80.00000;20.00000;0.53610;2
665.68903; 94.34667;      -3.08264; 37.04490;80.00000;20.00000;0.53605;2
665.78900; 94.35667;      -3.08362; 37.04298;80.00000;20.00000;0.53600;2
665.89398; 94.36667;      -3.08419; 37.04010;80.00000;20.00000;0.53595;2
665.99200; 94.37667;      -3.08489; 37.04010;80.00000;20.00000;0.53590;2
666.08600; 94.38667;      -3.08557; 37.03914;80.00000;20.00000;0.53585;2
666.18701; 94.39667;      -3.08642; 37.03818;80.00000;20.00000;0.53580;2
666.29102; 94.40667;      -3.08631; 37.03818;80.00000;20.00000;0.53575;2
666.39600; 94.41667;      -3.08661; 37.03914;80.00000;20.00000;0.53570;2
666.49298; 94.42667;      -3.08648; 37.03818;80.00000;20.00000;0.53565;2
666.59802; 94.43667;      -3.08734; 37.03914;80.00000;20.00000;0.53559;2
666.69098; 94.44667;      -3.08747; 37.03818;80.00000;20.00000;0.53555;2
666.79602; 94.45667;      -3.08832; 37.03722;80.00000;20.00000;0.53549;2
666.89600; 94.46667;      -3.08820; 37.03818;80.00000;20.00000;0.53544;2
666.99597; 94.47667;      -3.08767; 37.03722;80.00000;20.00000;0.53539;2
667.09601; 94.48667;      -3.08783; 37.03625;80.00000;20.00000;0.53534;2
667.19397; 94.49667;      -3.08798; 37.03529;80.00000;20.00000;0.53529;2
667.29102; 94.50667;      -3.08799; 37.03337;80.00000;20.00000;0.53524;2
667.39203; 94.51667;      -3.08801; 37.03145;80.00000;20.00000;0.53519;2
667.49200; 94.52667;      -3.08871; 37.03049;80.00000;20.00000;0.53514;2
667.59302; 94.53667;      -3.08914; 37.02856;80.00000;20.00000;0.53509;2
667.69000; 94.54667;      -3.08956; 37.02760;80.00000;20.00000;0.53504;2
667.78802; 94.55667;      -3.08957; 37.02568;80.00000;20.00000;0.53499;2
667.89502; 94.56667;      -3.08975; 37.02472;80.00000;20.00000;0.53494;2
667.98700; 94.57667;      -3.08905; 37.02280;80.00000;20.00000;0.53489;2
668.09302; 94.58667;      -3.08964; 37.02184;80.00000;20.00000;0.53484;2
668.19501; 94.59667;      -3.09021; 37.01991;80.00000;20.00000;0.53479;2
668.29199; 94.60667;      -3.09049; 37.01895;80.00000;20.00000;0.53474;2
668.39899; 94.61667;      -3.09053; 37.01799;80.00000;20.00000;0.53468;2
668.48700; 94.62667;      -3.09065; 37.01607;80.00000;20.00000;0.53464;2
668.59497; 94.63667;      -3.09110; 37.01511;80.00000;20.00000;0.53459;2
668.69299; 94.64667;      -3.09152; 37.01415;80.00000;20.00000;0.53454;2
668.79401; 94.65667;      -3.09237; 37.01223;80.00000;20.00000;0.53449;2
668.88599; 94.66667;      -3.09236; 37.01126;80.00000;20.00000;0.53444;2
668.99597; 94.67667;      -3.09227; 37.00934;80.00000;20.00000;0.53438;2
669.09302; 94.68667;      -3.09310; 37.00742;80.00000;20.00000;0.53433;2
669.19501; 94.69667;      -3.09450; 37.00550;80.00000;20.00000;0.53428;2
669.28998; 94.70667;      -3.09491; 37.00358;80.00000;20.00000;0.53424;2
669.38898; 94.71667;      -3.09507; 37.00261;80.00000;20.00000;0.53419;2
669.49200; 94.72667;      -3.09564; 37.00165;80.00000;20.00000;0.53413;2
669.59399; 94.73667;      -3.09622; 36.99973;80.00000;20.00000;0.53408;2
669.69202; 94.74667;      -3.09760; 37.00069;80.00000;20.00000;0.53403;2
669.79901; 94.75667;      -3.09736; 37.00165;80.00000;20.00000;0.53398;2
669.90399; 94.76667;      -3.09753; 37.00358;80.00000;20.00000;0.53393;2
669.99902; 94.77667;      -3.09836; 37.00358;80.00000;20.00000;0.53388;2
670.10303; 94.78667;      -3.09908; 37.00454;80.00000;20.00000;0.53382;2
670.19501; 94.79667;      -3.09962; 37.00550;80.00000;20.00000;0.53378;2
670.29999; 94.80667;      -3.09966; 37.00550;80.00000;20.00000;0.53373;2
670.39801; 94.81667;      -3.10022; 37.00550;80.00000;20.00000;0.53368;2
670.49799; 94.82667;      -3.10092; 37.00454;80.00000;20.00000;0.53363;2
670.59399; 94.83667;      -3.10148; 37.00358;80.00000;20.00000;0.53358;2
670.69897; 94.84667;      -3.10137; 37.00165;80.00000;20.00000;0.53352;2
670.79303; 94.85667;      -3.10138; 37.00069;80.00000;20.00000;0.53348;2
670.90002; 94.86667;      -3.10196; 36.99973;80.00000;20.00000;0.53342;2
670.99701; 94.87667;      -3.10197; 36.99493;80.00000;20.00000;0.53337;2
671.09399; 94.88667;      -3.10198; 36.99204;80.00000;20.00000;0.53333;2
671.19598; 94.89667;      -3.10228; 36.98820;80.00000;20.00000;0.53327;2
671.29602; 94.90667;      -3.10271; 36.98243;80.00000;20.00000;0.53322;2
671.39899; 94.91667;      -3.10398; 36.97955;80.00000;20.00000;0.53317;2
671.48700; 94.92667;      -3.10437; 36.97762;80.00000;20.00000;0.53313;2
671.59399; 94.93667;      -3.10386; 36.97570;80.00000;20.00000;0.53307;2
671.70203; 94.94667;      -3.10336; 36.97378;80.00000;20.00000;0.53302;2
671.78497; 94.95667;      -3.10374; 36.97186;80.00000;20.00000;0.53298;2
671.89801; 94.96667;      -3.10366; 36.97090;80.00000;20.00000;0.53292;2
671.99103; 94.97667;      -3.10352; 36.96801;80.00000;20.00000;0.53287;2
672.09998; 94.98667;      -3.10370; 36.96705;80.00000;20.00000;0.53282;2
672.18903; 94.99667;      -3.10341; 36.96417;80.00000;20.00000;0.53277;2
672.28601; 95.00667;      -3.10369; 36.96321;80.00000;20.00000;0.53272;2
672.38702; 95.01667;      -3.10399; 36.96129;80.00000;20.00000;0.53267;2
672.48297; 95.02667;      -3.10469; 36.95840;80.00000;20.00000;0.53262;2
672.59100; 95.03667;      -3.10555; 36.95648;80.00000;20.00000;0.53257;2
672.69202; 95.04667;      -3.10530; 36.95456;80.00000;20.00000;0.53252;2
672.78802; 95.05667;      -3.10517; 36.95264;80.00000;20.00000;0.53247;2
672.89301; 95.06667;      -3.10562; 36.95071;80.00000;20.00000;0.53242;2
672.97998; 95.07667;      -3.10601; 36.94879;80.00000;20.00000;0.53237;2
673.09003; 95.08667;      -3.10675; 36.94783;80.00000;20.00000;0.53232;2
673.19501; 95.09667;      -3.10733; 36.94591;80.00000;20.00000;0.53227;2
673.29102; 95.10667;      -3.10761; 36.94399;80.00000;20.00000;0.53222;2
673.39502; 95.11667;      -3.10847; 36.94302;80.00000;20.00000;0.53216;2
673.48798; 95.12667;      -3.10902; 36.94110;80.00000;20.00000;0.53212;2
673.59198; 95.13667;      -3.11015; 36.93918;80.00000;20.00000;0.53207;2
673.69501; 95.14667;      -3.11032; 36.93630;80.00000;20.00000;0.53201;2
673.79797; 95.15667;      -3.11048; 36.93534;80.00000;20.00000;0.53196;2
673.89502; 95.16667;      -3.11091; 36.93341;80.00000;20.00000;0.53191;2
673.99597; 95.17667;      -3.11148; 36.93245;80.00000;20.00000;0.53186;2
674.09601; 95.18667;      -3.11247; 36.93053;80.00000;20.00000;0.53181;2
674.18903; 95.19667;      -3.11247; 36.92861;80.00000;20.00000;0.53176;2
674.29700; 95.20667;      -3.11223; 36.92572;80.00000;20.00000;0.53171;2
674.40302; 95.21667;      -3.11282; 36.92380;80.00000;20.00000;0.53166;2
674.50201; 95.22667;      -3.11311; 36.92188;80.00000;20.00000;0.53161;2
674.59998; 95.23667;      -3.11354; 36.91900;80.00000;20.00000;0.53156;2
674.69598; 95.24667;      -3.11382; 36.91803;80.00000;20.00000;0.53151;2
674.79401; 95.25667;      -3.11384; 36.91611;80.00000;20.00000;0.53146;2
674.90198; 95.26667;      -3.11388; 36.91515;80.00000;20.00000;0.53141;2
675.00598; 95.27667;      -3.11474; 36.91419;80.00000;20.00000;0.53135;2
675.09802; 95.28667;      -3.11460; 36.91131;80.00000;20.00000;0.53131;2
675.19800; 95.29667;      -3.11489; 36.90458;80.00000;20.00000;0.53126;2
675.30103; 95.30667;      -3.11506; 36.90073;80.00000;20.00000;0.53120;2
675.39899; 95.31667;      -3.11493; 36.89689;80.00000;20.00000;0.53115;2
675.49298; 95.32667;      -3.11480; 36.89497;80.00000;20.00000;0.53111;2
675.60303; 95.33667;      -3.11485; 36.89112;80.00000;20.00000;0.53105;2
675.70599; 95.34667;      -3.11446; 36.88824;80.00000;20.00000;0.53100;2
675.78998; 95.35667;      -3.11443; 36.88632;80.00000;20.00000;0.53096;2
675.89899; 95.36667;      -3.11475; 36.88440;80.00000;20.00000;0.53090;2
675.98798; 95.37667;      -3.11502; 36.88247;80.00000;20.00000;0.53086;2
676.09302; 95.38667;      -3.11436; 36.88247;80.00000;20.00000;0.53081;2
676.19299; 95.39667;      -3.11355; 36.88151;80.00000;20.00000;0.53075;2
676.29199; 95.40667;      -3.11467; 36.88151;80.00000;20.00000;0.53070;2
676.39502; 95.41667;      -3.11484; 36.87959;80.00000;20.00000;0.53065;2
676.48602; 95.42667;      -3.11566; 36.87959;80.00000;20.00000;0.53061;2
676.59302; 95.43667;      -3.11473; 36.87863;80.00000;20.00000;0.53055;2
676.69202; 95.44667;      -3.11475; 36.87959;80.00000;20.00000;0.53050;2
676.79303; 95.45667;      -3.11533; 36.88343;80.00000;20.00000;0.53045;2
676.89502; 95.46667;      -3.11521; 36.88728;80.00000;20.00000;0.53040;2
676.99701; 95.47667;      -3.11593; 36.89016;80.00000;20.00000;0.53035;2
677.08600; 95.48667;      -3.11633; 36.89208;80.00000;20.00000;0.53031;2
677.19299; 95.49667;      -3.11692; 36.89401;80.00000;20.00000;0.53025;2
677.29602; 95.50667;      -3.11723; 36.89401;80.00000;20.00000;0.53020;2
677.38898; 95.51667;      -3.11681; 36.89497;80.00000;20.00000;0.53015;2
677.49597; 95.52667;      -3.11644; 36.89497;80.00000;20.00000;0.53010;2
677.59698; 95.53667;      -3.11715; 36.89497;80.00000;20.00000;0.53005;2
677.69202; 95.54667;      -3.11771; 36.89497;80.00000;20.00000;0.53000;2
677.79797; 95.55667;      -3.11816; 36.89497;80.00000;20.00000;0.52995;2
677.90302; 95.56667;      -3.11834; 36.89497;80.00000;20.00000;0.52989;2
677.98901; 95.57667;      -3.11873; 36.89497;80.00000;20.00000;0.52985;2
678.09003; 95.58667;      -3.11861; 36.89497;80.00000;20.00000;0.52980;2
678.19000; 95.59667;      -3.11891; 36.89497;80.00000;20.00000;0.52975;2
678.29797; 95.60667;      -3.11923; 36.89497;80.00000;20.00000;0.52969;2
678.39099; 95.61667;      -3.11909; 36.89497;80.00000;20.00000;0.52965;2
678.49500; 95.62667;      -3.11995; 36.89401;80.00000;20.00000;0.52960;2
678.60400; 95.63667;      -3.12014; 36.89401;80.00000;20.00000;0.52954;2
678.70099; 95.64667;      -3.12056; 36.89305;80.00000;20.00000;0.52949;2
678.79700; 95.65667;      -3.12029; 36.89305;80.00000;20.00000;0.52944;2
678.89697; 95.66667;      -3.12045; 36.89208;80.00000;20.00000;0.52939;2
678.99902; 95.67667;      -3.12089; 36.89208;80.00000;20.00000;0.52934;2
679.10400; 95.68667;      -3.12176; 36.88920;80.00000;20.00000;0.52929;2
679.19897; 95.69667;      -3.12190; 36.88728;80.00000;20.00000;0.52924;2
679.30499; 95.70667;      -3.12166; 36.88632;80.00000;20.00000;0.52919;2
679.39398; 95.71667;      -3.12193; 36.88055;80.00000;20.00000;0.52914;2
679.50702; 95.72667;      -3.12171; 36.87574;80.00000;20.00000;0.52909;2
679.60303; 95.73667;      -3.12186; 36.87094;80.00000;20.00000;0.52904;2
679.70099; 95.74667;      -3.12159; 36.86517;80.00000;20.00000;0.52899;2
679.80402; 95.75667;      -3.12120; 36.86133;80.00000;20.00000;0.52894;2
679.90198; 95.76667;      -3.12094; 36.85844;80.00000;20.00000;0.52889;2
680.00299; 95.77667;      -3.12096; 36.85556;80.00000;20.00000;0.52884;2
680.10699; 95.78667;      -3.12100; 36.85460;80.00000;20.00000;0.52878;2
680.19501; 95.79667;      -3.12126; 36.85268;80.00000;20.00000;0.52874;2
680.30103; 95.80667;      -3.12227; 36.85076;80.00000;20.00000;0.52869;2
680.39697; 95.81667;      -3.12227; 36.84883;80.00000;20.00000;0.52864;2
680.49799; 95.82667;      -3.12243; 36.84595;80.00000;20.00000;0.52859;2
680.59601; 95.83667;      -3.12231; 36.84403;80.00000;20.00000;0.52854;2
680.69098; 95.84667;      -3.12190; 36.84114;80.00000;20.00000;0.52849;2
680.80200; 95.85667;      -3.12251; 36.83922;80.00000;20.00000;0.52843;2
680.89502; 95.86667;      -3.12251; 36.83730;80.00000;20.00000;0.52839;2
680.99402; 95.87667;      -3.12322; 36.83538;80.00000;20.00000;0.52834;2
681.09399; 95.88667;      -3.12393; 36.82769;80.00000;20.00000;0.52829;2
681.20300; 95.89667;      -3.12467; 36.82192;80.00000;20.00000;0.52823;2
681.30499; 95.90667;      -3.12386; 36.81712;80.00000;20.00000;0.52818;2
681.40698; 95.91667;      -3.12375; 36.81135;80.00000;20.00000;0.52813;2
681.49902; 95.92667;      -3.12375; 36.80750;80.00000;20.00000;0.52808;2
681.60602; 95.93667;      -3.12434; 36.80654;80.00000;20.00000;0.52803;2
681.70398; 95.94667;      -3.12519; 36.80462;80.00000;20.00000;0.52798;2
681.80200; 95.95667;      -3.12479; 36.80366;80.00000;20.00000;0.52793;2
681.90997; 95.96667;      -3.12428; 36.80270;80.00000;20.00000;0.52788;2
682.00299; 95.97667;      -3.12511; 36.80270;80.00000;20.00000;0.52783;2
682.10199; 95.98667;      -3.12610; 36.80270;80.00000;20.00000;0.52778;2
682.20801; 95.99667;      -3.12641; 36.80270;80.00000;20.00000;0.52773;2
682.30603; 96.00667;      -3.12587; 36.80270;80.00000;20.00000;0.52768;2
682.39899; 96.01667;      -3.12615; 36.80270;80.00000;20.00000;0.52763;2
682.50897; 96.02667;      -3.12564; 36.80462;80.00000;20.00000;0.52758;2
682.59998; 96.03667;      -3.12508; 36.80750;80.00000;20.00000;0.52753;2
682.69800; 96.04667;      -3.12496; 36.80943;80.00000;20.00000;0.52748;2
682.80603; 96.05667;      -3.12500; 36.80750;80.00000;20.00000;0.52743;2
682.89801; 96.06667;      -3.12486; 36.80654;80.00000;20.00000;0.52738;2
683.00800; 96.07667;      -3.12532; 36.80558;80.00000;20.00000;0.52732;2
683.11102; 96.08667;      -3.12521; 36.80462;80.00000;20.00000;0.52727;2
683.20398; 96.09667;      -3.12507; 36.80270;80.00000;20.00000;0.52723;2
683.30200; 96.10667;      -3.12481; 36.80174;80.00000;20.00000;0.52718;2
683.40100; 96.11667;      -3.12538; 36.80270;80.00000;20.00000;0.52713;2
683.49902; 96.12667;      -3.12581; 36.80366;80.00000;20.00000;0.52708;2
683.60699; 96.13667;      -3.12628; 36.80462;80.00000;20.00000;0.52702;2
683.70502; 96.14667;      -3.12699; 36.80558;80.00000;20.00000;0.52697;2
683.79797; 96.15667;      -3.12657; 36.80654;80.00000;20.00000;0.52693;2
683.90698; 96.16667;      -3.12425; 36.80654;80.00000;20.00000;0.52687;2
684.00299; 96.17667;      -3.12467; 36.80750;80.00000;20.00000;0.52682;2
684.10699; 96.18667;      -3.12512; 36.80750;80.00000;20.00000;0.52677;2
684.19501; 96.19667;      -3.12497; 36.80750;80.00000;20.00000;0.52673;2
684.30701; 96.20667;      -3.12447; 36.80654;80.00000;20.00000;0.52667;2
684.40997; 96.21667;      -3.12408; 36.80558;80.00000;20.00000;0.52662;2
684.50000; 96.22667;      -3.12365; 36.80366;80.00000;20.00000;0.52657;2
684.59998; 96.23667;      -3.12353; 36.80174;80.00000;20.00000;0.52652;2
684.70502; 96.24667;      -3.12356; 36.79885;80.00000;20.00000;0.52647;2
684.79999; 96.25667;      -3.12385; 36.79693;80.00000;20.00000;0.52642;2
684.90100; 96.26667;      -3.12415; 36.79501;80.00000;20.00000;0.52637;2
685.00201; 96.27667;      -3.12389; 36.79309;80.00000;20.00000;0.52632;2
685.10602; 96.28667;      -3.12393; 36.79309;80.00000;20.00000;0.52627;2
685.21100; 96.29667;      -3.12438; 36.79213;80.00000;20.00000;0.52622;2
685.30701; 96.30667;      -3.12480; 36.79309;80.00000;20.00000;0.52617;2
685.40503; 96.31667;      -3.12440; 36.79309;80.00000;20.00000;0.52612;2
685.50098; 96.32667;      -3.12329; 36.79405;80.00000;20.00000;0.52607;2
685.60303; 96.33667;      -3.12276; 36.79501;80.00000;20.00000;0.52602;2
685.69897; 96.34667;      -3.12388; 36.79597;80.00000;20.00000;0.52597;2
685.79999; 96.35667;      -3.12474; 36.79597;80.00000;20.00000;0.52592;2
685.89398; 96.36667;      -3.12488; 36.79693;80.00000;20.00000;0.52587;2
686.00098; 96.37667;      -3.12506; 36.79597;80.00000;20.00000;0.52582;2
686.09900; 96.38667;      -3.12494; 36.79597;80.00000;20.00000;0.52577;2
686.20099; 96.39667;      -3.12524; 36.79309;80.00000;20.00000;0.52572;2
686.29602; 96.40667;      -3.12553; 36.79117;80.00000;20.00000;0.52567;2
686.40399; 96.41667;      -3.12627; 36.78828;80.00000;20.00000;0.52562;2
686.50800; 96.42667;      -3.12672; 36.78732;80.00000;20.00000;0.52556;2
686.59802; 96.43667;      -3.12713; 36.78540;80.00000;20.00000;0.52552;2
686.69702; 96.44667;      -3.12700; 36.78348;80.00000;20.00000;0.52547;2
686.80701; 96.45667;      -3.12664; 36.78252;80.00000;20.00000;0.52541;2
686.89801; 96.46667;      -3.12691; 36.78059;80.00000;20.00000;0.52537;2
687.00098; 96.47667;      -3.12791; 36.77963;80.00000;20.00000;0.52532;2
687.10199; 96.48667;      -3.12822; 36.77771;80.00000;20.00000;0.52527;2
687.19897; 96.49667;      -3.12865; 36.77579;80.00000;20.00000;0.52522;2
687.30298; 96.50667;      -3.12868; 36.77483;80.00000;20.00000;0.52517;2
687.40503; 96.51667;      -3.12842; 36.77290;80.00000;20.00000;0.52511;2
687.50201; 96.52667;      -3.12830; 36.77194;80.00000;20.00000;0.52507;2
687.61603; 96.53667;      -3.12920; 36.77002;80.00000;20.00000;0.52501;2
687.70801; 96.54667;      -3.12793; 36.76810;80.00000;20.00000;0.52496;2
687.81403; 96.55667;      -3.12853; 36.76618;80.00000;20.00000;0.52491;2
687.90802; 96.56667;      -3.12895; 36.76521;80.00000;20.00000;0.52486;2
688.01202; 96.57667;      -3.12912; 36.76329;80.00000;20.00000;0.52481;2
688.10498; 96.58667;      -3.12842; 36.76137;80.00000;20.00000;0.52476;2
688.21002; 96.59667;      -3.12846; 36.75945;80.00000;20.00000;0.52471;2
688.30603; 96.60667;      -3.12805; 36.75849;80.00000;20.00000;0.52466;2
688.39899; 96.61667;      -3.12609; 36.75656;80.00000;20.00000;0.52461;2
688.49902; 96.62667;      -3.12541; 36.75464;80.00000;20.00000;0.52456;2
688.59998; 96.63667;      -3.12487; 36.75272;80.00000;20.00000;0.52451;2
688.71100; 96.64667;      -3.12563; 36.75080;80.00000;20.00000;0.52446;2
688.80200; 96.65667;      -3.12632; 36.74888;80.00000;20.00000;0.52441;2
688.90601; 96.66667;      -3.12649; 36.74695;80.00000;20.00000;0.52436;2
689.01001; 96.67667;      -3.12652; 36.74503;80.00000;20.00000;0.52431;2
689.10797; 96.68667;      -3.12654; 36.74311;80.00000;20.00000;0.52426;2
689.20502; 96.69667;      -3.12655; 36.74215;80.00000;20.00000;0.52421;2
689.30499; 96.70667;      -3.12671; 36.74023;80.00000;20.00000;0.52416;2
689.40503; 96.71667;      -3.12659; 36.73830;80.00000;20.00000;0.52411;2
689.50403; 96.72667;      -3.12618; 36.73542;80.00000;20.00000;0.52406;2
689.60797; 96.73667;      -3.12579; 36.73350;80.00000;20.00000;0.52401;2
689.71301; 96.74667;      -3.12541; 36.73061;80.00000;20.00000;0.52395;2
689.80499; 96.75667;      -3.12694; 36.73158;80.00000;20.00000;0.52391;2
689.90802; 96.76667;      -3.12753; 36.73254;80.00000;20.00000;0.52386;2
690.00897; 96.77667;      -3.12756; 36.73350;80.00000;20.00000;0.52381;2
690.10400; 96.78667;      -3.12742; 36.73350;80.00000;20.00000;0.52376;2
690.20801; 96.79667;      -3.12773; 36.73446;80.00000;20.00000;0.52371;2
690.30298; 96.80667;      -3.12802; 36.73350;80.00000;20.00000;0.52366;2
690.40997; 96.81667;      -3.12904; 36.73158;80.00000;20.00000;0.52360;2
690.50897; 96.82667;      -3.12962; 36.72965;80.00000;20.00000;0.52356;2
690.60101; 96.83667;      -3.13101; 36.72677;80.00000;20.00000;0.52351;2
690.71198; 96.84667;      -3.13051; 36.72389;80.00000;20.00000;0.52345;2
690.80298; 96.85667;      -3.12994; 36.72196;80.00000;20.00000;0.52341;2
690.90302; 96.86667;      -3.13080; 36.72100;80.00000;20.00000;0.52336;2
691.00800; 96.87667;      -3.13167; 36.71716;80.00000;20.00000;0.52330;2
691.11200; 96.88667;      -3.13157; 36.71331;80.00000;20.00000;0.52325;2
691.21399; 96.89667;      -3.13215; 36.71043;80.00000;20.00000;0.52320;2
691.30701; 96.90667;      -3.13257; 36.70659;80.00000;20.00000;0.52315;2
691.40601; 96.91667;      -3.13315; 36.70370;80.00000;20.00000;0.52310;2
691.50598; 96.92667;      -3.13331; 36.69986;80.00000;20.00000;0.52305;2
691.60602; 96.93667;      -3.13347; 36.69794;80.00000;20.00000;0.52300;2
691.70898; 96.94667;      -3.13392; 36.69601;80.00000;20.00000;0.52295;2
691.80499; 96.95667;      -3.13421; 36.69505;80.00000;20.00000;0.52290;2
691.91602; 96.96667;      -3.13454; 36.69409;80.00000;20.00000;0.52285;2
692.01801; 96.97667;      -3.13471; 36.69409;80.00000;20.00000;0.52280;2
692.11401; 96.98667;      -3.13500; 36.69409;80.00000;20.00000;0.52275;2
692.21503; 96.99667;      -3.13530; 36.69313;80.00000;20.00000;0.52270;2
692.30402; 97.00667;      -3.13459; 36.69313;80.00000;20.00000;0.52265;2
692.40601; 97.01667;      -3.13504; 36.69313;80.00000;20.00000;0.52260;2
692.51300; 97.02667;      -3.13550; 36.69313;80.00000;20.00000;0.52255;2
692.60602; 97.03667;      -3.13494; 36.69217;80.00000;20.00000;0.52250;2
692.70502; 97.04667;      -3.13481; 36.69121;80.00000;20.00000;0.52245;2
692.80402; 97.05667;      -3.13469; 36.69025;80.00000;20.00000;0.52240;2
692.90198; 97.06667;      -3.13471; 36.68929;80.00000;20.00000;0.52235;2
693.01099; 97.07667;      -3.13574; 36.68832;80.00000;20.00000;0.52230;2
693.10999; 97.08667;      -3.13519; 36.68736;80.00000;20.00000;0.52225;2
693.21301; 97.09667;      -3.13480; 36.68640;80.00000;20.00000;0.52220;2
693.31299; 97.10667;      -3.13482; 36.68544;80.00000;20.00000;0.52215;2
693.40997; 97.11667;      -3.13525; 36.68448;80.00000;20.00000;0.52210;2
693.51001; 97.12667;      -3.13499; 36.68352;80.00000;20.00000;0.52205;2
693.61298; 97.13667;      -3.13474; 36.67967;80.00000;20.00000;0.52200;2
693.71802; 97.14667;      -3.13506; 36.67871;80.00000;20.00000;0.52194;2
693.81897; 97.15667;      -3.13564; 36.67679;80.00000;20.00000;0.52189;2
693.91199; 97.16667;      -3.13564; 36.67679;80.00000;20.00000;0.52185;2
694.01599; 97.17667;      -3.13511; 36.67679;80.00000;20.00000;0.52180;2
694.10901; 97.18667;      -3.13469; 36.67102;80.00000;20.00000;0.52175;2
694.21503; 97.19667;      -3.13557; 36.66910;80.00000;20.00000;0.52170;2
694.31897; 97.20667;      -3.13546; 36.66526;80.00000;20.00000;0.52164;2
694.41498; 97.21667;      -3.13449; 36.66237;80.00000;20.00000;0.52160;2
694.52197; 97.22667;      -3.13453; 36.65949;80.00000;20.00000;0.52154;2
694.61200; 97.23667;      -3.13424; 36.65661;80.00000;20.00000;0.52150;2
694.70801; 97.24667;      -3.13396; 36.65468;80.00000;20.00000;0.52145;2
694.80798; 97.25667;      -3.13413; 36.65468;80.00000;20.00000;0.52140;2
694.91101; 97.26667;      -3.13387; 36.65372;80.00000;20.00000;0.52135;2
695.00000; 97.27667;      -3.13245; 36.65468;80.00000;20.00000;0.52130;2
695.10999; 97.28667;      -3.13166; 36.65372;80.00000;20.00000;0.52125;2
695.21002; 97.29667;      -3.13323; 36.65372;80.00000;20.00000;0.52120;2
695.30701; 97.30667;      -3.13380; 36.65276;80.00000;20.00000;0.52115;2
695.41400; 97.31667;      -3.13356; 36.65276;80.00000;20.00000;0.52109;2
695.50897; 97.32667;      -3.13385; 36.65180;80.00000;20.00000;0.52105;2
695.61200; 97.33667;      -3.13416; 36.64988;80.00000;20.00000;0.52099;2
695.70898; 97.34667;      -3.13473; 36.64796;80.00000;20.00000;0.52095;2
695.81403; 97.35667;      -3.13463; 36.64700;80.00000;20.00000;0.52089;2
695.90698; 97.36667;      -3.13505; 36.64507;80.00000;20.00000;0.52085;2
696.01599; 97.37667;      -3.13580; 36.64315;80.00000;20.00000;0.52079;2
696.11603; 97.38667;      -3.13526; 36.64123;80.00000;20.00000;0.52074;2
696.21399; 97.39667;      -3.13527; 36.64027;80.00000;20.00000;0.52069;2
696.31097; 97.40667;      -3.13570; 36.63835;80.00000;20.00000;0.52064;2
696.41803; 97.41667;      -3.13603; 36.63642;80.00000;20.00000;0.52059;2
696.51501; 97.42667;      -3.13590; 36.63354;80.00000;20.00000;0.52054;2
696.61700; 97.43667;      -3.13621; 36.62777;80.00000;20.00000;0.52049;2
696.72101; 97.44667;      -3.13624; 36.62393;80.00000;20.00000;0.52044;2
696.81097; 97.45667;      -3.13623; 36.61912;80.00000;20.00000;0.52039;2
696.90997; 97.46667;      -3.13568; 36.61528;80.00000;20.00000;0.52034;2
697.01001; 97.47667;      -3.13584; 36.61143;80.00000;20.00000;0.52029;2
697.12000; 97.48667;      -3.13632; 36.60855;80.00000;20.00000;0.52024;2
697.20599; 97.49667;      -3.13643; 36.60471;80.00000;20.00000;0.52020;2
697.31000; 97.50667;      -3.13661; 36.60086;80.00000;20.00000;0.52014;2
697.41602; 97.51667;      -3.13651; 36.60086;80.00000;20.00000;0.52009;2
697.51300; 97.52667;      -3.13638; 36.59990;80.00000;20.00000;0.52004;2
697.62402; 97.53667;      -3.13629; 36.59894;80.00000;20.00000;0.51999;2
697.71503; 97.54667;      -3.13642; 36.59894;80.00000;20.00000;0.51994;2
697.81403; 97.55667;      -3.13715; 36.59990;80.00000;20.00000;0.51989;2
697.90997; 97.56667;      -3.13687; 36.60086;80.00000;20.00000;0.51984;2
698.01398; 97.57667;      -3.13620; 36.60278;80.00000;20.00000;0.51979;2
698.11603; 97.58667;      -3.13608; 36.60471;80.00000;20.00000;0.51974;2
698.22400; 97.59667;      -3.13458; 36.60759;80.00000;20.00000;0.51969;2
698.32300; 97.60667;      -3.13318; 36.61239;80.00000;20.00000;0.51964;2
698.41803; 97.61667;      -3.13375; 36.61720;80.00000;20.00000;0.51959;2
698.52600; 97.62667;      -3.13408; 36.62201;80.00000;20.00000;0.51953;2
698.61902; 97.63667;      -3.13393; 36.62393;80.00000;20.00000;0.51949;2
698.72198; 97.64667;      -3.13509; 36.62585;80.00000;20.00000;0.51944;2
698.81702; 97.65667;      -3.13298; 36.62585;80.00000;20.00000;0.51939;2
698.90802; 97.66667;      -3.13255; 36.62489;80.00000;20.00000;0.51934;2
699.01202; 97.67667;      -3.13145; 36.62393;80.00000;20.00000;0.51929;2
699.11401; 97.68667;      -3.13105; 36.62297;80.00000;20.00000;0.51924;2
699.21198; 97.69667;      -3.13206; 36.62201;80.00000;20.00000;0.51919;2
699.31097; 97.70667;      -3.13165; 36.62201;80.00000;20.00000;0.51914;2
699.41199; 97.71667;      -3.13181; 36.62201;80.00000;20.00000;0.51909;2
699.51202; 97.72667;      -3.13084; 36.62201;80.00000;20.00000;0.51904;2
699.61401; 97.73667;      -3.13158; 36.62201;80.00000;20.00000;0.51899;2
699.71100; 97.74667;      -3.13116; 36.62201;80.00000;20.00000;0.51894;2
699.81403; 97.75667;      -3.13161; 36.62297;80.00000;20.00000;0.51889;2
699.91101; 97.76667;      -3.13134; 36.62297;80.00000;20.00000;0.51884;2
700.01703; 97.77667;      -3.13096; 36.62393;80.00000;20.00000;0.51879;2
700.10901; 97.78667;      -3.12996; 36.62489;80.00000;20.00000;0.51874;2
700.21503; 97.79667;      -3.13057; 36.62489;80.00000;20.00000;0.51869;2
700.30603; 97.80667;      -3.13112; 36.62585;80.00000;20.00000;0.51864;2
700.40503; 97.81667;      -3.13185; 36.62489;80.00000;20.00000;0.51859;2
700.51099; 97.82667;      -3.13118; 36.62489;80.00000;20.00000;0.51854;2
700.61298; 97.83667;      -3.13064; 36.62585;80.00000;20.00000;0.51849;2
700.71503; 97.84667;      -3.13165; 36.62585;80.00000;20.00000;0.51844;2
700.80603; 97.85667;      -3.13122; 36.62585;80.00000;20.00000;0.51839;2
700.91101; 97.86667;      -3.13281; 36.62585;80.00000;20.00000;0.51834;2
701.01801; 97.87667;      -3.13384; 36.62585;80.00000;20.00000;0.51829;2
701.10699; 97.88667;      -3.13411; 36.62585;80.00000;20.00000;0.51824;2
701.21503; 97.89667;      -3.13529; 36.62585;80.00000;20.00000;0.51819;2
701.31201; 97.90667;      -3.13488; 36.62681;80.00000;20.00000;0.51814;2
701.41101; 97.91667;      -3.13602; 36.62681;80.00000;20.00000;0.51809;2
701.51001; 97.92667;      -3.13378; 36.62777;80.00000;20.00000;0.51804;2
701.61200; 97.93667;      -3.13451; 36.62873;80.00000;20.00000;0.51799;2
701.71698; 97.94667;      -3.13454; 36.62873;80.00000;20.00000;0.51794;2
701.81500; 97.95667;      -3.13484; 36.62777;80.00000;20.00000;0.51789;2
701.90997; 97.96667;      -3.13513; 36.62777;80.00000;20.00000;0.51784;2
702.01599; 97.97667;      -3.13588; 36.62777;80.00000;20.00000;0.51779;2
702.12097; 97.98667;      -3.13577; 36.62777;80.00000;20.00000;0.51773;2
702.22302; 97.99667;      -3.13565; 36.62777;80.00000;20.00000;0.51768;2
702.32202; 98.00667;      -3.13595; 36.62777;80.00000;20.00000;0.51763;2
702.41901; 98.01667;      -3.13441; 36.62777;80.00000;20.00000;0.51758;2
702.52301; 98.02667;      -3.13415; 36.62777;80.00000;20.00000;0.51753;2
702.61902; 98.03667;      -3.13388; 36.62777;80.00000;20.00000;0.51748;2
702.71503; 98.04667;      -3.13474; 36.62393;80.00000;20.00000;0.51744;2
702.81201; 98.05667;      -3.13461; 36.62201;80.00000;20.00000;0.51739;2
702.91602; 98.06667;      -3.13407; 36.62008;80.00000;20.00000;0.51734;2
703.01501; 98.07667;      -3.13380; 36.61816;80.00000;20.00000;0.51729;2
703.11499; 98.08667;      -3.13269; 36.61720;80.00000;20.00000;0.51724;2
703.21399; 98.09667;      -3.13313; 36.61528;80.00000;20.00000;0.51719;2
703.31598; 98.10667;      -3.13344; 36.61239;80.00000;20.00000;0.51714;2
703.41602; 98.11667;      -3.13303; 36.60951;80.00000;20.00000;0.51709;2
703.51501; 98.12667;      -3.13248; 36.60663;80.00000;20.00000;0.51704;2
703.62500; 98.13667;      -3.13225; 36.60567;80.00000;20.00000;0.51698;2
703.71399; 98.14667;      -3.13266; 36.60278;80.00000;20.00000;0.51694;2
703.81702; 98.15667;      -3.13312; 36.59990;80.00000;20.00000;0.51689;2
703.92798; 98.16667;      -3.13246; 36.59798;80.00000;20.00000;0.51683;2
704.01599; 98.17667;      -3.13230; 36.59606;80.00000;20.00000;0.51679;2
704.10999; 98.18667;      -3.13216; 36.59413;80.00000;20.00000;0.51674;2
704.22101; 98.19667;      -3.13264; 36.59317;80.00000;20.00000;0.51668;2
704.32098; 98.20667;      -3.13280; 36.58933;80.00000;20.00000;0.51663;2
704.41901; 98.21667;      -3.13324; 36.58644;80.00000;20.00000;0.51658;2
704.51703; 98.22667;      -3.13354; 36.58356;80.00000;20.00000;0.51653;2
704.62402; 98.23667;      -3.13315; 36.57972;80.00000;20.00000;0.51648;2
704.71503; 98.24667;      -3.13314; 36.57683;80.00000;20.00000;0.51644;2
704.82300; 98.25667;      -3.13276; 36.57491;80.00000;20.00000;0.51638;2
704.92200; 98.26667;      -3.13150; 36.57203;80.00000;20.00000;0.51633;2
705.01898; 98.27667;      -3.13123; 36.57010;80.00000;20.00000;0.51628;2
705.11499; 98.28667;      -3.13166; 36.56914;80.00000;20.00000;0.51624;2
705.22302; 98.29667;      -3.13170; 36.56722;80.00000;20.00000;0.51618;2
705.32098; 98.30667;      -3.13157; 36.56530;80.00000;20.00000;0.51613;2
705.42401; 98.31667;      -3.13103; 36.56338;80.00000;20.00000;0.51608;2
705.52301; 98.32667;      -3.13119; 36.56145;80.00000;20.00000;0.51603;2
705.62903; 98.33667;      -3.13109; 36.55857;80.00000;20.00000;0.51598;2
705.72699; 98.34667;      -3.13082; 36.55665;80.00000;20.00000;0.51593;2
705.82501; 98.35667;      -3.12969; 36.55473;80.00000;20.00000;0.51588;2
705.91400; 98.36667;      -3.13025; 36.55280;80.00000;20.00000;0.51584;2
706.02502; 98.37667;      -3.13129; 36.55088;80.00000;20.00000;0.51578;2
706.12402; 98.38667;      -3.13060; 36.54800;80.00000;20.00000;0.51573;2
706.22601; 98.39667;      -3.13034; 36.54704;80.00000;20.00000;0.51568;2
706.32397; 98.40667;      -3.13078; 36.54512;80.00000;20.00000;0.51563;2
706.42401; 98.41667;      -3.13080; 36.54512;80.00000;20.00000;0.51558;2
706.52002; 98.42667;      -3.13081; 36.54415;80.00000;20.00000;0.51553;2
706.62402; 98.43667;      -3.13070; 36.54223;80.00000;20.00000;0.51548;2
706.73401; 98.44667;      -3.12989; 36.54127;80.00000;20.00000;0.51543;2
706.82800; 98.45667;      -3.12975; 36.54031;80.00000;20.00000;0.51538;2
706.92603; 98.46667;      -3.12962; 36.53935;80.00000;20.00000;0.51533;2
707.02301; 98.47667;      -3.13006; 36.54223;80.00000;20.00000;0.51528;2
707.12201; 98.48667;      -3.12851; 36.54415;80.00000;20.00000;0.51523;2
707.22900; 98.49667;      -3.12869; 36.54512;80.00000;20.00000;0.51518;2
707.32098; 98.50667;      -3.12826; 36.54896;80.00000;20.00000;0.51513;2
707.41998; 98.51667;      -3.12728; 36.55184;80.00000;20.00000;0.51508;2
707.52802; 98.52667;      -3.12718; 36.55569;80.00000;20.00000;0.51503;2
707.62097; 98.53667;      -3.12746; 36.55761;80.00000;20.00000;0.51498;2
707.72302; 98.54667;      -3.12749; 36.56049;80.00000;20.00000;0.51493;2
707.83301; 98.55667;      -3.12839; 36.56338;80.00000;20.00000;0.51488;2
707.92603; 98.56667;      -3.12839; 36.56722;80.00000;20.00000;0.51483;2
708.02600; 98.57667;      -3.12841; 36.56914;80.00000;20.00000;0.51478;2
708.13000; 98.58667;      -3.12815; 36.57010;80.00000;20.00000;0.51473;2
708.23199; 98.59667;      -3.12732; 36.57203;80.00000;20.00000;0.51468;2
708.32703; 98.60667;      -3.12747; 36.57395;80.00000;20.00000;0.51463;2
708.42700; 98.61667;      -3.12777; 36.57395;80.00000;20.00000;0.51458;2
708.51801; 98.62667;      -3.12719; 36.57587;80.00000;20.00000;0.51453;2
708.62701; 98.63667;      -3.12752; 36.57683;80.00000;20.00000;0.51448;2
708.72400; 98.64667;      -3.12768; 36.57683;80.00000;20.00000;0.51443;2
708.82800; 98.65667;      -3.12856; 36.57299;80.00000;20.00000;0.51438;2
708.91901; 98.66667;      -3.12969; 36.57107;80.00000;20.00000;0.51433;2
709.02502; 98.67667;      -3.13030; 36.56722;80.00000;20.00000;0.51428;2
709.13098; 98.68667;      -3.12991; 36.56434;80.00000;20.00000;0.51423;2
709.22699; 98.69667;      -3.12978; 36.56049;80.00000;20.00000;0.51418;2
709.33002; 98.70667;      -3.13023; 36.55665;80.00000;20.00000;0.51413;2
709.42200; 98.71667;      -3.13037; 36.55377;80.00000;20.00000;0.51408;2
709.52600; 98.72667;      -3.13040; 36.55280;80.00000;20.00000;0.51403;2
709.62701; 98.73667;      -3.13085; 36.55088;80.00000;20.00000;0.51398;2
709.73199; 98.74667;      -3.13103; 36.54800;80.00000;20.00000;0.51393;2
709.82501; 98.75667;      -3.13102; 36.54608;80.00000;20.00000;0.51388;2
709.92798; 98.76667;      -3.13062; 36.54415;80.00000;20.00000;0.51383;2
710.02399; 98.77667;      -3.13106; 36.54127;80.00000;20.00000;0.51378;2
710.13000; 98.78667;      -3.13095; 36.53935;80.00000;20.00000;0.51373;2
710.22900; 98.79667;      -3.13026; 36.53743;80.00000;20.00000;0.51368;2
710.33301; 98.80667;      -3.13071; 36.53454;80.00000;20.00000;0.51363;2
710.43201; 98.81667;      -3.13059; 36.53262;80.00000;20.00000;0.51358;2
710.52600; 98.82667;      -3.13059; 36.53070;80.00000;20.00000;0.51353;2
710.63300; 98.83667;      -3.13034; 36.52782;80.00000;20.00000;0.51348;2
710.72998; 98.84667;      -3.12978; 36.52589;80.00000;20.00000;0.51343;2
710.82599; 98.85667;      -3.12965; 36.52397;80.00000;20.00000;0.51338;2
710.92297; 98.86667;      -3.12951; 36.52109;80.00000;20.00000;0.51333;2
711.02899; 98.87667;      -3.12998; 36.51916;80.00000;20.00000;0.51328;2
711.12201; 98.88667;      -3.12940; 36.51628;80.00000;20.00000;0.51323;2
711.22498; 98.89667;      -3.12915; 36.51436;80.00000;20.00000;0.51318;2
711.32202; 98.90667;      -3.12744; 36.51340;80.00000;20.00000;0.51313;2
711.43103; 98.91667;      -3.12677; 36.51244;80.00000;20.00000;0.51308;2
711.53101; 98.92667;      -3.12679; 36.51148;80.00000;20.00000;0.51303;2
711.63300; 98.93667;      -3.12682; 36.51148;80.00000;20.00000;0.51298;2
711.72101; 98.94667;      -3.12665; 36.51148;80.00000;20.00000;0.51293;2
711.83002; 98.95667;      -3.12727; 36.51051;80.00000;20.00000;0.51288;2
711.92999; 98.96667;      -3.12715; 36.51051;80.00000;20.00000;0.51283;2
712.02502; 98.97667;      -3.12572; 36.51051;80.00000;20.00000;0.51278;2
712.12598; 98.98667;      -3.12531; 36.51148;80.00000;20.00000;0.51273;2
712.23297; 98.99667;      -3.12578; 36.51148;80.00000;20.00000;0.51268;2
712.33099; 99.00667;      -3.12536; 36.51051;80.00000;20.00000;0.51263;2
712.42902; 99.01667;      -3.12423; 36.50955;80.00000;20.00000;0.51258;2
712.53003; 99.02667;      -3.12454; 36.50955;80.00000;20.00000;0.51253;2
712.62598; 99.03667;      -3.12512; 36.51051;80.00000;20.00000;0.51248;2
712.72198; 99.04667;      -3.12470; 36.51051;80.00000;20.00000;0.51243;2
712.83398; 99.05667;      -3.12518; 36.51148;80.00000;20.00000;0.51238;2
712.92102; 99.06667;      -3.12430; 36.51148;80.00000;20.00000;0.51234;2
713.02899; 99.07667;      -3.12377; 36.51148;80.00000;20.00000;0.51228;2
713.12000; 99.08667;      -3.12376; 36.50955;80.00000;20.00000;0.51224;2
713.22803; 99.09667;      -3.12409; 36.51051;80.00000;20.00000;0.51218;2
713.32703; 99.10667;      -3.12310; 36.50859;80.00000;20.00000;0.51213;2
713.43799; 99.11667;      -3.12301; 36.50667;80.00000;20.00000;0.51208;2
713.53198; 99.12667;      -3.12315; 36.50475;80.00000;20.00000;0.51203;2
713.63300; 99.13667;      -3.12303; 36.50090;80.00000;20.00000;0.51198;2
713.72998; 99.14667;      -3.12261; 36.49898;80.00000;20.00000;0.51193;2
713.82898; 99.15667;      -3.12305; 36.49514;80.00000;20.00000;0.51188;2
713.92999; 99.16667;      -3.12322; 36.49321;80.00000;20.00000;0.51183;2
714.03101; 99.17667;      -3.12109; 36.49129;80.00000;20.00000;0.51178;2
714.12402; 99.18667;      -3.12152; 36.48841;80.00000;20.00000;0.51174;2
714.22498; 99.19667;      -3.12096; 36.48649;80.00000;20.00000;0.51168;2
714.32599; 99.20667;      -3.11969; 36.48553;80.00000;20.00000;0.51163;2
714.42999; 99.21667;      -3.11944; 36.48360;80.00000;20.00000;0.51158;2
714.53699; 99.22667;      -3.11976; 36.48168;80.00000;20.00000;0.51153;2
714.63800; 99.23667;      -3.12007; 36.48072;80.00000;20.00000;0.51148;2
714.72601; 99.24667;      -3.11948; 36.47880;80.00000;20.00000;0.51143;2
714.82703; 99.25667;      -3.11936; 36.47784;80.00000;20.00000;0.51138;2
714.93201; 99.26667;      -3.11910; 36.47688;80.00000;20.00000;0.51133;2
715.03601; 99.27667;      -3.11899; 36.47591;80.00000;20.00000;0.51128;2
715.13300; 99.28667;      -3.11814; 36.47399;80.00000;20.00000;0.51123;2
715.22498; 99.29667;      -3.11813; 36.47207;80.00000;20.00000;0.51119;2
715.33099; 99.30667;      -3.11745; 36.47111;80.00000;20.00000;0.51113;2
715.43298; 99.31667;      -3.11704; 36.46919;80.00000;20.00000;0.51108;2
715.52802; 99.32667;      -3.11675; 36.46726;80.00000;20.00000;0.51103;2
715.63599; 99.33667;      -3.11665; 36.46534;80.00000;20.00000;0.51098;2
715.73700; 99.34667;      -3.11682; 36.46342;80.00000;20.00000;0.51093;2
715.83698; 99.35667;      -3.11698; 36.46150;80.00000;20.00000;0.51088;2
715.93201; 99.36667;      -3.11669; 36.46054;80.00000;20.00000;0.51083;2
716.03802; 99.37667;      -3.11658; 36.45957;80.00000;20.00000;0.51078;2
716.14001; 99.38667;      -3.11618; 36.45765;80.00000;20.00000;0.51073;2
716.23297; 99.39667;      -3.11589; 36.45669;80.00000;20.00000;0.51068;2
716.34497; 99.40667;      -3.11565; 36.45573;80.00000;20.00000;0.51063;2
716.42999; 99.41667;      -3.11505; 36.45381;80.00000;20.00000;0.51058;2
716.52802; 99.42667;      -3.11463; 36.45285;80.00000;20.00000;0.51054;2
716.63202; 99.43667;      -3.11495; 36.45092;80.00000;20.00000;0.51048;2
716.73297; 99.44667;      -3.11497; 36.44996;80.00000;20.00000;0.51043;2
716.83301; 99.45667;      -3.11398; 36.44900;80.00000;20.00000;0.51038;2
716.93799; 99.46667;      -3.11257; 36.44900;80.00000;20.00000;0.51033;2
717.03003; 99.47667;      -3.11300; 36.44804;80.00000;20.00000;0.51029;2
717.12097; 99.48667;      -3.11313; 36.44516;80.00000;20.00000;0.51024;2
717.22699; 99.49667;      -3.11331; 36.44420;80.00000;20.00000;0.51019;2
717.33398; 99.50667;      -3.11291; 36.44227;80.00000;20.00000;0.51013;2
717.43298; 99.51667;      -3.11307; 36.44035;80.00000;20.00000;0.51008;2
717.52698; 99.52667;      -3.11393; 36.43843;80.00000;20.00000;0.51004;2
717.63202; 99.53667;      -3.11368; 36.43651;80.00000;20.00000;0.50999;2
717.72803; 99.54667;      -3.11368; 36.43459;80.00000;20.00000;0.50994;2
717.82898; 99.55667;      -3.11384; 36.43266;80.00000;20.00000;0.50989;2
717.92798; 99.56667;      -3.11400; 36.43074;80.00000;20.00000;0.50984;2
718.03302; 99.57667;      -3.11475; 36.42882;80.00000;20.00000;0.50979;2
718.13397; 99.58667;      -3.11506; 36.42594;80.00000;20.00000;0.50974;2
718.22601; 99.59667;      -3.11534; 36.42401;80.00000;20.00000;0.50969;2
718.32898; 99.60667;      -3.11709; 36.42209;80.00000;20.00000;0.50964;2
718.43701; 99.61667;      -3.11757; 36.42017;80.00000;20.00000;0.50958;2
718.53198; 99.62667;      -3.11786; 36.41825;80.00000;20.00000;0.50954;2
718.63000; 99.63667;      -3.11686; 36.41536;80.00000;20.00000;0.50949;2
718.72498; 99.64667;      -3.11557; 36.41344;80.00000;20.00000;0.50944;2
718.83502; 99.65667;      -3.11619; 36.41248;80.00000;20.00000;0.50939;2
718.92902; 99.66667;      -3.11677; 36.41248;80.00000;20.00000;0.50934;2
719.03198; 99.67667;      -3.11737; 36.41344;80.00000;20.00000;0.50929;2
719.12903; 99.68667;      -3.11666; 36.41632;80.00000;20.00000;0.50924;2
719.22699; 99.69667;      -3.11681; 36.41921;80.00000;20.00000;0.50919;2
719.33301; 99.70667;      -3.11685; 36.42209;80.00000;20.00000;0.50914;2
719.43701; 99.71667;      -3.11702; 36.42594;80.00000;20.00000;0.50909;2
719.54797; 99.72667;      -3.11707; 36.42978;80.00000;20.00000;0.50903;2
719.64801; 99.73667;      -3.11723; 36.43170;80.00000;20.00000;0.50898;2
719.73499; 99.74667;      -3.11663; 36.43266;80.00000;20.00000;0.50894;2
719.84302; 99.75667;      -3.11552; 36.43266;80.00000;20.00000;0.50888;2
719.93799; 99.76667;      -3.11480; 36.43266;80.00000;20.00000;0.50884;2
720.03302; 99.77667;      -3.11523; 36.43074;80.00000;20.00000;0.50879;2
720.13501; 99.78667;      -3.11511; 36.43074;80.00000;20.00000;0.50874;2
720.23602; 99.79667;      -3.11427; 36.43074;80.00000;20.00000;0.50869;2
720.33801; 99.80667;      -3.11198; 36.43074;80.00000;20.00000;0.50864;2
720.43500; 99.81667;      -3.11156; 36.42978;80.00000;20.00000;0.50859;2
720.54199; 99.82667;      -3.11145; 36.42978;80.00000;20.00000;0.50854;2
720.63800; 99.83667;      -3.11117; 36.42978;80.00000;20.00000;0.50849;2
720.74103; 99.84667;      -3.11105; 36.43074;80.00000;20.00000;0.50844;2
720.82898; 99.85667;      -3.11045; 36.42978;80.00000;20.00000;0.50839;2
720.92999; 99.86667;      -3.10845; 36.43074;80.00000;20.00000;0.50834;2
721.03900; 99.87667;      -3.10749; 36.43074;80.00000;20.00000;0.50829;2
721.14600; 99.88667;      -3.10810; 36.43170;80.00000;20.00000;0.50823;2
721.23499; 99.89667;      -3.10837; 36.43170;80.00000;20.00000;0.50819;2
721.33899; 99.90667;      -3.10826; 36.43074;80.00000;20.00000;0.50814;2
721.43402; 99.91667;      -3.10753; 36.42978;80.00000;20.00000;0.50809;2
721.53699; 99.92667;      -3.10684; 36.42978;80.00000;20.00000;0.50804;2
721.64301; 99.93667;      -3.10572; 36.42786;80.00000;20.00000;0.50799;2
721.74298; 99.94667;      -3.10602; 36.42690;80.00000;20.00000;0.50794;2
721.83698; 99.95667;      -3.10645; 36.42497;80.00000;20.00000;0.50789;2
721.94299; 99.96667;      -3.10591; 36.42401;80.00000;20.00000;0.50784;2
722.03802; 99.97667;      -3.10591; 36.42305;80.00000;20.00000;0.50779;2
722.14001; 99.98667;      -3.10579; 36.42113;80.00000;20.00000;0.50774;2
722.24402; 99.99667;      -3.10639; 36.42017;80.00000;20.00000;0.50769;2
722.33899;100.00667;      -3.10538; 36.41728;80.00000;20.00000;0.50764;2
722.43298;100.01667;      -3.10480; 36.41632;80.00000;20.00000;0.50759;2
722.53601;100.02667;      -3.10483; 36.41440;80.00000;20.00000;0.50754;2
722.64001;100.03667;      -3.10615; 36.41248;80.00000;20.00000;0.50749;2
722.73798;100.04667;      -3.10674; 36.41248;80.00000;20.00000;0.50744;2
722.83398;100.05667;      -3.10617; 36.41056;80.00000;20.00000;0.50739;2
722.93402;100.06667;      -3.10618; 36.41056;80.00000;20.00000;0.50734;2
723.03101;100.07667;      -3.10619; 36.41152;80.00000;20.00000;0.50730;2
723.13397;100.08667;      -3.10506; 36.41248;80.00000;20.00000;0.50724;2
723.23297;100.09667;      -3.10464; 36.41056;80.00000;20.00000;0.50720;2
723.33099;100.10667;      -3.10392; 36.41056;80.00000;20.00000;0.50715;2
723.45099;100.11667;      -3.10429; 36.40960;80.00000;20.00000;0.50709;2
723.54901;100.12667;      -3.10488; 36.40863;80.00000;20.00000;0.50704;2
723.64697;100.13667;      -3.10489; 36.40767;80.00000;20.00000;0.50699;2
723.74200;100.14667;      -3.10503; 36.40575;80.00000;20.00000;0.50694;2
723.84802;100.15667;      -3.10550; 36.40479;80.00000;20.00000;0.50689;2
723.93799;100.16667;      -3.10548; 36.40479;80.00000;20.00000;0.50684;2
724.04999;100.17667;      -3.10452; 36.40383;80.00000;20.00000;0.50679;2
724.13599;100.18667;      -3.10276; 36.40191;80.00000;20.00000;0.50675;2
724.24701;100.19667;      -3.10295; 36.39998;80.00000;20.00000;0.50669;2
724.34698;100.20667;      -3.10239; 36.39806;80.00000;20.00000;0.50664;2
724.44299;100.21667;      -3.10210; 36.39710;80.00000;20.00000;0.50659;2
724.54999;100.22667;      -3.10171; 36.39518;80.00000;20.00000;0.50654;2
724.64398;100.23667;      -3.10141; 36.39422;80.00000;20.00000;0.50649;2
724.75098;100.24667;      -3.10188; 36.39230;80.00000;20.00000;0.50644;2
724.82898;100.25667;      -3.10082; 36.39230;80.00000;20.00000;0.50640;2
724.93903;100.26667;      -3.10014; 36.39133;80.00000;20.00000;0.50635;2
725.03497;100.27667;      -3.09927; 36.39037;80.00000;20.00000;0.50630;2
725.13702;100.28667;      -3.09886; 36.38941;80.00000;20.00000;0.50625;2
725.24200;100.29667;      -3.09846; 36.38941;80.00000;20.00000;0.50620;2
725.34100;100.30667;      -3.09745; 36.38845;80.00000;20.00000;0.50615;2
725.43903;100.31667;      -3.09732; 36.38749;80.00000;20.00000;0.50610;2
725.54498;100.32667;      -3.09749; 36.38749;80.00000;20.00000;0.50604;2
725.64301;100.33667;      -3.09852; 36.38749;80.00000;20.00000;0.50600;2
725.73602;100.34667;      -3.09808; 36.38653;80.00000;20.00000;0.50595;2
725.83899;100.35667;      -3.09882; 36.38557;80.00000;20.00000;0.50590;2
725.93402;100.36667;      -3.09853; 36.38653;80.00000;20.00000;0.50585;2
726.04102;100.37667;      -3.09915; 36.38557;80.00000;20.00000;0.50580;2
726.14301;100.38667;      -3.09961; 36.38557;80.00000;20.00000;0.50575;2
726.24500;100.39667;      -3.09861; 36.38557;80.00000;20.00000;0.50570;2
726.33698;100.40667;      -3.09860; 36.38557;80.00000;20.00000;0.50565;2
726.44397;100.41667;      -3.09922; 36.38557;80.00000;20.00000;0.50560;2
726.55298;100.42667;      -3.09912; 36.38557;80.00000;20.00000;0.50554;2
726.64398;100.43667;      -3.09896; 36.38653;80.00000;20.00000;0.50550;2
726.74103;100.44667;      -3.09838; 36.38557;80.00000;20.00000;0.50545;2
726.84198;100.45667;      -3.09855; 36.38653;80.00000;20.00000;0.50540;2
726.94598;100.46667;      -3.09828; 36.38557;80.00000;20.00000;0.50535;2
727.04797;100.47667;      -3.09830; 36.38365;80.00000;20.00000;0.50530;2
727.14001;100.48667;      -3.09800; 36.38268;80.00000;20.00000;0.50525;2
727.23901;100.49667;      -3.09772; 36.38076;80.00000;20.00000;0.50520;2
727.34399;100.50667;      -3.09732; 36.37980;80.00000;20.00000;0.50515;2
727.44800;100.51667;      -3.09749; 36.37788;80.00000;20.00000;0.50510;2
727.54901;100.52667;      -3.09707; 36.37596;80.00000;20.00000;0.50505;2
727.64502;100.53667;      -3.09577; 36.37403;80.00000;20.00000;0.50500;2
727.75098;100.54667;      -3.09667; 36.37211;80.00000;20.00000;0.50495;2
727.83698;100.55667;      -3.09708; 36.36923;80.00000;20.00000;0.50491;2
727.94397;100.56667;      -3.09697; 36.36731;80.00000;20.00000;0.50485;2
728.04199;100.57667;      -3.09495; 36.36442;80.00000;20.00000;0.50480;2
728.14801;100.58667;      -3.09498; 36.36154;80.00000;20.00000;0.50475;2
728.24902;100.59667;      -3.09470; 36.36058;80.00000;20.00000;0.50470;2
728.34802;100.60667;      -3.09326; 36.35962;80.00000;20.00000;0.50465;2
728.44299;100.61667;      -3.09312; 36.35962;80.00000;20.00000;0.50460;2
728.54797;100.62667;      -3.09416; 36.35866;80.00000;20.00000;0.50455;2
728.64502;100.63667;      -3.09417; 36.35962;80.00000;20.00000;0.50450;2
728.75598;100.64667;      -3.09392; 36.35866;80.00000;20.00000;0.50445;2
728.85199;100.65667;      -3.09175; 36.35962;80.00000;20.00000;0.50440;2
728.94202;100.66667;      -3.09158; 36.36154;80.00000;20.00000;0.50436;2
729.05798;100.67667;      -3.09121; 36.36250;80.00000;20.00000;0.50430;2
729.15503;100.68667;      -3.09165; 36.36442;80.00000;20.00000;0.50425;2
729.24799;100.69667;      -3.09048; 36.36442;80.00000;20.00000;0.50420;2
729.35498;100.70667;      -3.08979; 36.36538;80.00000;20.00000;0.50415;2
729.45099;100.71667;      -3.08877; 36.36538;80.00000;20.00000;0.50410;2
729.54901;100.72667;      -3.08820; 36.36538;80.00000;20.00000;0.50405;2
729.64899;100.73667;      -3.08676; 36.36635;80.00000;20.00000;0.50400;2
729.74200;100.74667;      -3.08544; 36.36635;80.00000;20.00000;0.50396;2
729.85199;100.75667;      -3.08519; 36.36731;80.00000;20.00000;0.50390;2
729.94800;100.76667;      -3.08461; 36.36442;80.00000;20.00000;0.50386;2
730.04700;100.77667;      -3.08476; 36.36346;80.00000;20.00000;0.50381;2
730.14600;100.78667;      -3.08463; 36.36250;80.00000;20.00000;0.50376;2
730.24500;100.79667;      -3.08435; 36.36154;80.00000;20.00000;0.50371;2
730.35303;100.80667;      -3.08366; 36.35962;80.00000;20.00000;0.50365;2
730.44598;100.81667;      -3.08263; 36.35866;80.00000;20.00000;0.50361;2
730.55402;100.82667;      -3.08252; 36.35769;80.00000;20.00000;0.50355;2
730.65002;100.83667;      -3.08267; 36.35769;80.00000;20.00000;0.50351;2
730.75000;100.84667;      -3.08355; 36.35481;80.00000;20.00000;0.50346;2
730.85199;100.85667;      -3.08386; 36.35385;80.00000;20.00000;0.50341;2
730.95300;100.86667;      -3.08344; 36.35193;80.00000;20.00000;0.50336;2
731.04401;100.87667;      -3.08299; 36.35193;80.00000;20.00000;0.50331;2
731.14801;100.88667;      -3.08127; 36.35001;80.00000;20.00000;0.50326;2
731.24597;100.89667;      -3.08098; 36.34808;80.00000;20.00000;0.50321;2
731.35199;100.90667;      -3.08101; 36.34616;80.00000;20.00000;0.50316;2
731.44897;100.91667;      -3.08131; 36.34232;80.00000;20.00000;0.50311;2
731.54797;100.92667;      -3.07957; 36.33943;80.00000;20.00000;0.50306;2
731.65198;100.93667;      -3.08018; 36.33463;80.00000;20.00000;0.50301;2
731.74597;100.94667;      -3.08090; 36.32982;80.00000;20.00000;0.50296;2
731.85602;100.95667;      -3.08138; 36.32502;80.00000;20.00000;0.50291;2
731.95099;100.96667;      -3.08138; 36.32117;80.00000;20.00000;0.50286;2
732.05103;100.97667;      -3.08125; 36.31925;80.00000;20.00000;0.50281;2
732.15100;100.98667;      -3.08082; 36.31733;80.00000;20.00000;0.50276;2
732.24701;100.99667;      -3.08068; 36.31541;80.00000;20.00000;0.50271;2
732.34900;101.00667;      -3.08055; 36.31444;80.00000;20.00000;0.50266;2
732.45398;101.01667;      -3.07970; 36.31252;80.00000;20.00000;0.50261;2
732.55103;101.02667;      -3.08000; 36.31156;80.00000;20.00000;0.50256;2
732.65100;101.03667;      -3.07928; 36.30964;80.00000;20.00000;0.50251;2
732.75299;101.04667;      -3.07944; 36.30868;80.00000;20.00000;0.50246;2
732.84998;101.05667;      -3.07988; 36.30675;80.00000;20.00000;0.50241;2
732.94800;101.06667;      -3.08047; 36.30675;80.00000;20.00000;0.50237;2
733.04999;101.07667;      -3.08035; 36.30772;80.00000;20.00000;0.50232;2
733.15399;101.08667;      -3.07964; 36.30964;80.00000;20.00000;0.50226;2
733.24402;101.09667;      -3.08006; 36.31156;80.00000;20.00000;0.50222;2
733.35498;101.10667;      -3.07952; 36.31348;80.00000;20.00000;0.50216;2
733.45398;101.11667;      -3.07895; 36.31541;80.00000;20.00000;0.50212;2
733.55603;101.12667;      -3.07809; 36.31829;80.00000;20.00000;0.50206;2
733.65601;101.13667;      -3.07796; 36.31925;80.00000;20.00000;0.50201;2
733.76001;101.14667;      -3.07798; 36.32117;80.00000;20.00000;0.50196;2
733.86298;101.15667;      -3.07771; 36.32117;80.00000;20.00000;0.50191;2
733.95300;101.16667;      -3.07769; 36.32213;80.00000;20.00000;0.50187;2
734.05499;101.17667;      -3.07844; 36.32213;80.00000;20.00000;0.50182;2
734.16602;101.18667;      -3.07761; 36.32309;80.00000;20.00000;0.50176;2
734.26099;101.19667;      -3.07790; 36.32213;80.00000;20.00000;0.50171;2
734.36102;101.20667;      -3.07733; 36.31925;80.00000;20.00000;0.50166;2
734.45398;101.21667;      -3.07673; 36.31637;80.00000;20.00000;0.50162;2
734.56000;101.22667;      -3.07647; 36.31348;80.00000;20.00000;0.50157;2
734.65698;101.23667;      -3.07574; 36.30964;80.00000;20.00000;0.50152;2
734.75201;101.24667;      -3.07486; 36.30675;80.00000;20.00000;0.50147;2
734.85797;101.25667;      -3.07445; 36.30291;80.00000;20.00000;0.50142;2
734.95898;101.26667;      -3.07300; 36.29907;80.00000;20.00000;0.50137;2
735.06000;101.27667;      -3.07156; 36.29522;80.00000;20.00000;0.50132;2
735.15399;101.28667;      -3.07213; 36.29234;80.00000;20.00000;0.50127;2
735.25299;101.29667;      -3.07126; 36.28849;80.00000;20.00000;0.50122;2
735.35999;101.30667;      -3.06940; 36.28465;80.00000;20.00000;0.50117;2
735.45898;101.31667;      -3.06940; 36.28177;80.00000;20.00000;0.50112;2
735.55701;101.32667;      -3.06970; 36.28080;80.00000;20.00000;0.50107;2
735.66302;101.33667;      -3.06973; 36.28080;80.00000;20.00000;0.50102;2
735.75897;101.34667;      -3.06856; 36.28080;80.00000;20.00000;0.50097;2
735.86298;101.35667;      -3.06800; 36.27984;80.00000;20.00000;0.50092;2
735.96503;101.36667;      -3.06801; 36.28080;80.00000;20.00000;0.50087;2
736.05902;101.37667;      -3.06874; 36.28080;80.00000;20.00000;0.50082;2
736.16998;101.38667;      -3.06908; 36.28177;80.00000;20.00000;0.50077;2
736.25000;101.39667;      -3.06815; 36.28273;80.00000;20.00000;0.50073;2
736.35303;101.40667;      -3.06846; 36.28369;80.00000;20.00000;0.50068;2
736.45801;101.41667;      -3.06819; 36.28561;80.00000;20.00000;0.50062;2
736.55298;101.42667;      -3.06804; 36.28657;80.00000;20.00000;0.50058;2
736.66199;101.43667;      -3.06823; 36.28753;80.00000;20.00000;0.50052;2
736.76202;101.44667;      -3.06824; 36.28849;80.00000;20.00000;0.50047;2
736.85199;101.45667;      -3.06837; 36.28849;80.00000;20.00000;0.50043;2
736.95099;101.46667;      -3.06764; 36.28849;80.00000;20.00000;0.50038;2
737.06403;101.47667;      -3.06681; 36.28753;80.00000;20.00000;0.50032;2
737.15900;101.48667;      -3.06695; 36.28753;80.00000;20.00000;0.50028;2
737.25500;101.49667;      -3.06710; 36.28753;80.00000;20.00000;0.50023;2
737.35602;101.50667;      -3.06726; 36.28657;80.00000;20.00000;0.50018;2
737.46100;101.51667;      -3.06787; 36.28273;80.00000;20.00000;0.50013;2
737.56299;101.52667;      -3.06833; 36.27984;80.00000;20.00000;0.50008;2
737.66101;101.53667;      -3.06892; 36.27792;80.00000;20.00000;0.50003;2
737.76300;101.54667;      -3.06850; 36.27504;80.00000;20.00000;0.49998;2
737.86603;101.55667;      -3.06837; 36.27215;80.00000;20.00000;0.49993;2
737.96100;101.56667;      -3.06866; 36.27023;80.00000;20.00000;0.49988;2
738.06500;101.57667;      -3.06854; 36.26735;80.00000;20.00000;0.49983;2
738.17297;101.58667;      -3.06901; 36.26447;80.00000;20.00000;0.49977;2
738.26398;101.59667;      -3.06856; 36.26158;80.00000;20.00000;0.49973;2
738.36499;101.60667;      -3.06813; 36.26062;80.00000;20.00000;0.49968;2
738.46301;101.61667;      -3.06857; 36.25774;80.00000;20.00000;0.49963;2
738.57098;101.62667;      -3.06832; 36.25485;80.00000;20.00000;0.49958;2
738.66998;101.63667;      -3.06803; 36.25197;80.00000;20.00000;0.49953;2
738.77301;101.64667;      -3.06761; 36.24909;80.00000;20.00000;0.49948;2
738.86902;101.65667;      -3.06658; 36.24813;80.00000;20.00000;0.49943;2
738.97498;101.66667;      -3.06514; 36.24620;80.00000;20.00000;0.49938;2
739.07202;101.67667;      -3.06455; 36.24524;80.00000;20.00000;0.49933;2
739.17200;101.68667;      -3.06486; 36.24332;80.00000;20.00000;0.49928;2
739.27802;101.69667;      -3.06342; 36.24044;80.00000;20.00000;0.49923;2
739.36700;101.70667;      -3.06207; 36.23851;80.00000;20.00000;0.49918;2
739.47101;101.71667;      -3.06121; 36.23659;80.00000;20.00000;0.49913;2
739.56799;101.72667;      -3.06077; 36.23467;80.00000;20.00000;0.49908;2
739.66101;101.73667;      -3.05959; 36.23275;80.00000;20.00000;0.49904;2
739.76599;101.74667;      -3.05888; 36.23275;80.00000;20.00000;0.49898;2
739.86798;101.75667;      -3.05772; 36.23467;80.00000;20.00000;0.49893;2
739.96600;101.76667;      -3.05743; 36.23659;80.00000;20.00000;0.49889;2
740.06702;101.77667;      -3.05788; 36.23851;80.00000;20.00000;0.49884;2
740.16602;101.78667;      -3.05627; 36.24044;80.00000;20.00000;0.49879;2
740.27197;101.79667;      -3.05512; 36.24140;80.00000;20.00000;0.49873;2
740.36401;101.80667;      -3.05511; 36.24332;80.00000;20.00000;0.49869;2
740.46698;101.81667;      -3.05498; 36.24620;80.00000;20.00000;0.49864;2
740.56799;101.82667;      -3.05499; 36.24813;80.00000;20.00000;0.49859;2
740.66498;101.83667;      -3.05499; 36.25005;80.00000;20.00000;0.49854;2
740.76202;101.84667;      -3.05426; 36.25197;80.00000;20.00000;0.49849;2
740.86499;101.85667;      -3.05369; 36.25293;80.00000;20.00000;0.49844;2
740.96100;101.86667;      -3.05398; 36.25389;80.00000;20.00000;0.49839;2
741.07001;101.87667;      -3.05372; 36.25485;80.00000;20.00000;0.49834;2
741.16699;101.88667;      -3.05328; 36.25389;80.00000;20.00000;0.49829;2
741.27197;101.89667;      -3.05286; 36.25485;80.00000;20.00000;0.49824;2
741.36700;101.90667;      -3.05271; 36.25581;80.00000;20.00000;0.49819;2
741.46600;101.91667;      -3.05271; 36.25774;80.00000;20.00000;0.49814;2
741.56598;101.92667;      -3.05155; 36.25870;80.00000;20.00000;0.49809;2
741.67603;101.93667;      -3.05173; 36.26062;80.00000;20.00000;0.49804;2
741.77100;101.94667;      -3.05128; 36.26158;80.00000;20.00000;0.49799;2
741.86298;101.95667;      -3.05068; 36.26158;80.00000;20.00000;0.49795;2
741.96600;101.96667;      -3.04996; 36.26158;80.00000;20.00000;0.49790;2
742.06799;101.97667;      -3.04836; 36.26158;80.00000;20.00000;0.49784;2
742.16803;101.98667;      -3.04807; 36.26062;80.00000;20.00000;0.49780;2
742.26898;101.99667;      -3.04882; 36.25966;80.00000;20.00000;0.49775;2
742.37097;102.00667;      -3.04927; 36.25870;80.00000;20.00000;0.49769;2
742.46899;102.01667;      -3.04707; 36.25774;80.00000;20.00000;0.49765;2
742.56500;102.02667;      -3.04662; 36.25870;80.00000;20.00000;0.49760;2
742.66602;102.03667;      -3.04649; 36.25966;80.00000;20.00000;0.49755;2
742.76898;102.04667;      -3.04606; 36.26062;80.00000;20.00000;0.49750;2
742.87402;102.05667;      -3.04520; 36.26062;80.00000;20.00000;0.49745;2
742.96802;102.06667;      -3.04519; 36.26158;80.00000;20.00000;0.49740;2
743.08197;102.07667;      -3.04450; 36.26158;80.00000;20.00000;0.49734;2
743.16901;102.08667;      -3.04388; 36.26158;80.00000;20.00000;0.49730;2
743.27002;102.09667;      -3.04389; 36.26158;80.00000;20.00000;0.49725;2
743.37701;102.10667;      -3.04481; 36.26158;80.00000;20.00000;0.49720;2
743.47803;102.11667;      -3.04467; 36.26158;80.00000;20.00000;0.49715;2
743.57898;102.12667;      -3.04247; 36.26158;80.00000;20.00000;0.49710;2
743.67297;102.13667;      -3.04187; 36.26158;80.00000;20.00000;0.49705;2
743.77301;102.14667;      -3.04217; 36.26254;80.00000;20.00000;0.49700;2
743.87701;102.15667;      -3.04234; 36.26062;80.00000;20.00000;0.49695;2
743.96802;102.16667;      -3.04099; 36.26062;80.00000;20.00000;0.49690;2
744.07501;102.17667;      -3.03999; 36.25966;80.00000;20.00000;0.49685;2
744.17798;102.18667;      -3.03941; 36.25870;80.00000;20.00000;0.49680;2
744.27100;102.19667;      -3.03881; 36.25870;80.00000;20.00000;0.49675;2
744.37799;102.20667;      -3.03884; 36.25774;80.00000;20.00000;0.49670;2
744.47601;102.21667;      -3.03810; 36.25678;80.00000;20.00000;0.49665;2
744.58002;102.22667;      -3.03738; 36.25581;80.00000;20.00000;0.49660;2
744.66998;102.23667;      -3.03662; 36.25389;80.00000;20.00000;0.49656;2
744.77399;102.24667;      -3.03679; 36.25197;80.00000;20.00000;0.49651;2
744.87402;102.25667;      -3.03709; 36.24909;80.00000;20.00000;0.49646;2
744.97803;102.26667;      -3.03534; 36.24236;80.00000;20.00000;0.49640;2
745.07202;102.27667;      -3.03547; 36.23755;80.00000;20.00000;0.49636;2
745.17200;102.28667;      -3.03548; 36.23083;80.00000;20.00000;0.49631;2
745.27502;102.29667;      -3.03505; 36.22698;80.00000;20.00000;0.49626;2
745.37701;102.30667;      -3.03507; 36.22410;80.00000;20.00000;0.49621;2
745.47601;102.31667;      -3.03404; 36.22121;80.00000;20.00000;0.49616;2
745.57202;102.32667;      -3.03374; 36.22025;80.00000;20.00000;0.49611;2
745.67102;102.33667;      -3.03300; 36.21929;80.00000;20.00000;0.49606;2
745.77899;102.34667;      -3.03170; 36.21833;80.00000;20.00000;0.49601;2
745.86798;102.35667;      -3.03123; 36.21833;80.00000;20.00000;0.49596;2
745.96899;102.36667;      -3.03168; 36.21737;80.00000;20.00000;0.49591;2
746.07898;102.37667;      -3.03290; 36.21737;80.00000;20.00000;0.49586;2
746.17200;102.38667;      -3.03141; 36.21641;80.00000;20.00000;0.49581;2
746.27197;102.39667;      -3.02964; 36.21545;80.00000;20.00000;0.49576;2
746.38098;102.40667;      -3.02894; 36.21449;80.00000;20.00000;0.49571;2
746.47198;102.41667;      -3.02965; 36.21353;80.00000;20.00000;0.49567;2
746.57202;102.42667;      -3.02951; 36.21160;80.00000;20.00000;0.49562;2
746.66998;102.43667;      -3.02922; 36.21064;80.00000;20.00000;0.49557;2
746.78497;102.44667;      -3.02897; 36.20872;80.00000;20.00000;0.49551;2
746.88098;102.45667;      -3.02808; 36.20680;80.00000;20.00000;0.49546;2
746.98297;102.46667;      -3.02676; 36.20391;80.00000;20.00000;0.49541;2
747.08398;102.47667;      -3.02677; 36.20103;80.00000;20.00000;0.49536;2
747.17603;102.48667;      -3.02660; 36.19815;80.00000;20.00000;0.49532;2
747.28699;102.49667;      -3.02649; 36.19622;80.00000;20.00000;0.49526;2
747.37701;102.50667;      -3.02632; 36.19334;80.00000;20.00000;0.49522;2
747.48602;102.51667;      -3.02487; 36.19142;80.00000;20.00000;0.49516;2
747.58398;102.52667;      -3.02398; 36.18950;80.00000;20.00000;0.49512;2
747.68701;102.53667;      -3.02281; 36.18661;80.00000;20.00000;0.49506;2
747.77698;102.54667;      -3.02160; 36.18277;80.00000;20.00000;0.49502;2
747.87598;102.55667;      -3.02101; 36.17989;80.00000;20.00000;0.49497;2
747.97803;102.56667;      -3.02058; 36.17796;80.00000;20.00000;0.49492;2
748.07898;102.57667;      -3.01970; 36.17316;80.00000;20.00000;0.49487;2
748.18103;102.58667;      -3.01956; 36.17027;80.00000;20.00000;0.49482;2
748.28198;102.59667;      -3.01957; 36.16739;80.00000;20.00000;0.49477;2
748.38202;102.60667;      -3.01913; 36.16451;80.00000;20.00000;0.49472;2
748.48199;102.61667;      -3.01854; 36.16066;80.00000;20.00000;0.49467;2
748.58301;102.62667;      -3.01766; 36.15874;80.00000;20.00000;0.49462;2
748.68701;102.63667;      -3.01783; 36.15586;80.00000;20.00000;0.49457;2
748.78198;102.64667;      -3.01782; 36.15393;80.00000;20.00000;0.49452;2
748.89001;102.65667;      -3.01755; 36.15105;80.00000;20.00000;0.49447;2
748.98798;102.66667;      -3.01696; 36.14913;80.00000;20.00000;0.49442;2
749.08398;102.67667;      -3.01532; 36.14625;80.00000;20.00000;0.49437;2
749.17700;102.68667;      -3.01486; 36.14432;80.00000;20.00000;0.49433;2
749.28699;102.69667;      -3.01445; 36.14336;80.00000;20.00000;0.49427;2
749.38599;102.70667;      -3.01445; 36.14336;80.00000;20.00000;0.49423;2
749.48297;102.71667;      -3.01326; 36.14432;80.00000;20.00000;0.49418;2
749.58197;102.72667;      -3.01370; 36.14528;80.00000;20.00000;0.49413;2
749.69000;102.73667;      -3.01329; 36.14625;80.00000;20.00000;0.49408;2
749.78900;102.74667;      -3.01329; 36.14817;80.00000;20.00000;0.49403;2
749.88397;102.75667;      -3.01135; 36.15201;80.00000;20.00000;0.49398;2
749.99298;102.76667;      -3.01168; 36.15393;80.00000;20.00000;0.49393;2
750.08197;102.77667;      -3.01165; 36.15778;80.00000;20.00000;0.49388;2
750.18298;102.78667;      -3.01076; 36.16162;80.00000;20.00000;0.49383;2
750.28400;102.79667;      -3.01018; 36.16451;80.00000;20.00000;0.49378;2
750.38300;102.80667;      -3.00958; 36.16835;80.00000;20.00000;0.49373;2
750.47803;102.81667;      -3.00809; 36.17124;80.00000;20.00000;0.49369;2
750.58600;102.82667;      -3.00812; 36.17412;80.00000;20.00000;0.49363;2
750.68402;102.83667;      -3.00930; 36.17508;80.00000;20.00000;0.49358;2
750.78601;102.84667;      -3.00976; 36.17700;80.00000;20.00000;0.49353;2
750.88202;102.85667;      -3.00871; 36.17700;80.00000;20.00000;0.49349;2
750.99103;102.86667;      -3.00859; 36.17796;80.00000;20.00000;0.49343;2
751.08801;102.87667;      -3.00873; 36.17796;80.00000;20.00000;0.49338;2
751.18402;102.88667;      -3.00843; 36.17892;80.00000;20.00000;0.49334;2
751.28400;102.89667;      -3.00784; 36.17892;80.00000;20.00000;0.49329;2
751.38202;102.90667;      -3.00694; 36.17892;80.00000;20.00000;0.49324;2
751.48901;102.91667;      -3.00608; 36.17892;80.00000;20.00000;0.49319;2
751.59100;102.92667;      -3.00609; 36.17796;80.00000;20.00000;0.49314;2
751.68597;102.93667;      -3.00608; 36.17700;80.00000;20.00000;0.49309;2
751.78400;102.94667;      -3.00563; 36.17412;80.00000;20.00000;0.49304;2
751.88702;102.95667;      -3.00519; 36.17508;80.00000;20.00000;0.49299;2
751.98700;102.96667;      -3.00475; 36.17316;80.00000;20.00000;0.49294;2
752.08801;102.97667;      -3.00357; 36.17220;80.00000;20.00000;0.49289;2
752.18701;102.98667;      -3.00401; 36.17124;80.00000;20.00000;0.49284;2
752.28497;102.99667;      -3.00297; 36.16643;80.00000;20.00000;0.49279;2
752.39001;103.00667;      -3.00239; 36.16162;80.00000;20.00000;0.49274;2
752.48102;103.01667;      -3.00192; 36.15778;80.00000;20.00000;0.49270;2
752.59003;103.02667;      -3.00121; 36.15393;80.00000;20.00000;0.49264;2
752.68701;103.03667;      -3.00090; 36.15105;80.00000;20.00000;0.49260;2
752.78802;103.04667;      -2.99972; 36.14913;80.00000;20.00000;0.49255;2
752.89203;103.05667;      -2.99958; 36.14721;80.00000;20.00000;0.49249;2
752.99597;103.06667;      -2.99885; 36.14528;80.00000;20.00000;0.49244;2
753.09302;103.07667;      -2.99825; 36.14336;80.00000;20.00000;0.49239;2
753.19397;103.08667;      -2.99751; 36.14048;80.00000;20.00000;0.49234;2
753.29199;103.09667;      -2.99796; 36.13856;80.00000;20.00000;0.49230;2
753.39502;103.10667;      -2.99767; 36.13567;80.00000;20.00000;0.49225;2
753.48901;103.11667;      -2.99468; 36.13279;80.00000;20.00000;0.49220;2
753.58698;103.12667;      -2.99348; 36.12991;80.00000;20.00000;0.49215;2
753.69501;103.13667;      -2.99351; 36.12798;80.00000;20.00000;0.49210;2
753.79102;103.14667;      -2.99186; 36.12510;80.00000;20.00000;0.49205;2
753.89099;103.15667;      -2.99156; 36.12222;80.00000;20.00000;0.49200;2
753.99402;103.16667;      -2.99023; 36.12126;80.00000;20.00000;0.49195;2
754.09998;103.17667;      -2.98906; 36.11837;80.00000;20.00000;0.49190;2
754.19299;103.18667;      -2.98829; 36.11837;80.00000;20.00000;0.49185;2
754.29602;103.19667;      -2.98681; 36.11741;80.00000;20.00000;0.49180;2
754.39502;103.20667;      -2.98666; 36.11933;80.00000;20.00000;0.49175;2
754.48901;103.21667;      -2.98709; 36.12126;80.00000;20.00000;0.49171;2
754.59003;103.22667;      -2.98665; 36.12126;80.00000;20.00000;0.49166;2
754.69000;103.23667;      -2.98471; 36.12222;80.00000;20.00000;0.49161;2
754.79498;103.24667;      -2.98428; 36.12126;80.00000;20.00000;0.49155;2
754.89502;103.25667;      -2.98398; 36.11933;80.00000;20.00000;0.49151;2
754.99103;103.26667;      -2.98248; 36.11645;80.00000;20.00000;0.49146;2
755.08698;103.27667;      -2.98262; 36.11165;80.00000;20.00000;0.49141;2
755.19000;103.28667;      -2.98233; 36.10684;80.00000;20.00000;0.49136;2
755.29602;103.29667;      -2.98220; 36.10107;80.00000;20.00000;0.49131;2
755.39203;103.30667;      -2.98159; 36.09723;80.00000;20.00000;0.49126;2
755.48798;103.31667;      -2.98054; 36.09338;80.00000;20.00000;0.49121;2
755.59003;103.32667;      -2.98024; 36.08954;80.00000;20.00000;0.49116;2
755.69501;103.33667;      -2.97921; 36.08666;80.00000;20.00000;0.49111;2
755.79102;103.34667;      -2.97831; 36.08473;80.00000;20.00000;0.49106;2
755.88599;103.35667;      -2.97814; 36.08281;80.00000;20.00000;0.49102;2
755.98499;103.36667;      -2.97799; 36.08185;80.00000;20.00000;0.49097;2
756.09497;103.37667;      -2.97683; 36.08089;80.00000;20.00000;0.49091;2
756.20001;103.38667;      -2.97609; 36.07993;80.00000;20.00000;0.49086;2
756.29901;103.39667;      -2.97654; 36.07897;80.00000;20.00000;0.49081;2
756.39502;103.40667;      -2.97683; 36.07608;80.00000;20.00000;0.49077;2
756.49402;103.41667;      -2.97817; 36.07512;80.00000;20.00000;0.49072;2
756.60199;103.42667;      -2.97819; 36.07512;80.00000;20.00000;0.49066;2
756.69702;103.43667;      -2.97653; 36.07416;80.00000;20.00000;0.49062;2
756.80499;103.44667;      -2.97641; 36.07416;80.00000;20.00000;0.49056;2
756.89398;103.45667;      -2.97563; 36.07897;80.00000;20.00000;0.49052;2
757.00098;103.46667;      -2.97460; 36.08281;80.00000;20.00000;0.49047;2
757.09698;103.47667;      -2.97354; 36.08858;80.00000;20.00000;0.49042;2
757.20001;103.48667;      -2.97281; 36.09434;80.00000;20.00000;0.49037;2
757.29901;103.49667;      -2.97191; 36.09819;80.00000;20.00000;0.49032;2
757.40399;103.50667;      -2.97042; 36.10107;80.00000;20.00000;0.49027;2
757.49500;103.51667;      -2.96965; 36.10299;80.00000;20.00000;0.49022;2
757.60199;103.52667;      -2.96967; 36.10492;80.00000;20.00000;0.49017;2
757.69800;103.53667;      -2.96921; 36.10492;80.00000;20.00000;0.49012;2
757.79999;103.54667;      -2.96817; 36.10588;80.00000;20.00000;0.49007;2
757.89899;103.55667;      -2.96681; 36.10588;80.00000;20.00000;0.49002;2
757.99799;103.56667;      -2.96681; 36.10684;80.00000;20.00000;0.48998;2
758.09497;103.57667;      -2.96620; 36.10684;80.00000;20.00000;0.48993;2
758.19897;103.58667;      -2.96397; 36.10684;80.00000;20.00000;0.48988;2
758.29401;103.59667;      -2.96320; 36.10684;80.00000;20.00000;0.48983;2
758.39899;103.60667;      -2.96367; 36.10684;80.00000;20.00000;0.48978;2
758.50500;103.61667;      -2.96278; 36.10684;80.00000;20.00000;0.48973;2
758.59802;103.62667;      -2.96186; 36.10684;80.00000;20.00000;0.48968;2
758.69397;103.63667;      -2.96050; 36.10684;80.00000;20.00000;0.48963;2
758.79999;103.64667;      -2.96007; 36.10684;80.00000;20.00000;0.48958;2
758.90302;103.65667;      -2.95933; 36.10492;80.00000;20.00000;0.48953;2
758.99799;103.66667;      -2.95841; 36.10396;80.00000;20.00000;0.48948;2
759.09802;103.67667;      -2.95751; 36.09627;80.00000;20.00000;0.48943;2
759.20398;103.68667;      -2.95648; 36.09242;80.00000;20.00000;0.48938;2
759.30200;103.69667;      -2.95617; 36.08569;80.00000;20.00000;0.48933;2
759.40002;103.70667;      -2.95571; 36.07704;80.00000;20.00000;0.48928;2
759.50403;103.71667;      -2.95587; 36.07032;80.00000;20.00000;0.48923;2
759.60602;103.72667;      -2.95483; 36.06071;80.00000;20.00000;0.48918;2
759.69800;103.73667;      -2.95405; 36.05013;80.00000;20.00000;0.48914;2
759.80402;103.74667;      -2.95452; 36.04244;80.00000;20.00000;0.48909;2
759.90503;103.75667;      -2.95392; 36.03764;80.00000;20.00000;0.48904;2
760.00000;103.76667;      -2.95345; 36.03283;80.00000;20.00000;0.48899;2
760.10199;103.77667;      -2.95315; 36.02995;80.00000;20.00000;0.48894;2
760.20203;103.78667;      -2.95195; 36.02803;80.00000;20.00000;0.48889;2
760.30902;103.79667;      -2.95017; 36.02707;80.00000;20.00000;0.48884;2
760.40503;103.80667;      -2.94880; 36.02610;80.00000;20.00000;0.48879;2
760.49902;103.81667;      -2.94833; 36.02610;80.00000;20.00000;0.48874;2
760.60699;103.82667;      -2.94835; 36.02514;80.00000;20.00000;0.48869;2
760.69397;103.83667;      -2.94816; 36.02514;80.00000;20.00000;0.48865;2
760.80499;103.84667;      -2.94789; 36.02514;80.00000;20.00000;0.48859;2
760.90302;103.85667;      -2.94683; 36.02514;80.00000;20.00000;0.48854;2
761.00201;103.86667;      -2.94533; 36.02514;80.00000;20.00000;0.48850;2
761.10901;103.87667;      -2.94489; 36.02610;80.00000;20.00000;0.48844;2
761.20099;103.88667;      -2.94502; 36.02610;80.00000;20.00000;0.48840;2
761.30298;103.89667;      -2.94292; 36.02707;80.00000;20.00000;0.48835;2
761.40900;103.90667;      -2.94293; 36.02707;80.00000;20.00000;0.48830;2
761.51099;103.91667;      -2.94293; 36.02803;80.00000;20.00000;0.48825;2
761.60602;103.92667;      -2.94201; 36.02803;80.00000;20.00000;0.48820;2
761.70203;103.93667;      -2.94095; 36.03283;80.00000;20.00000;0.48815;2
761.80902;103.94667;      -2.94066; 36.03668;80.00000;20.00000;0.48810;2
761.90601;103.95667;      -2.94020; 36.04052;80.00000;20.00000;0.48805;2
762.00897;103.96667;      -2.93840; 36.04437;80.00000;20.00000;0.48800;2
762.10901;103.97667;      -2.93719; 36.04725;80.00000;20.00000;0.48795;2
762.21100;103.98667;      -2.93795; 36.05013;80.00000;20.00000;0.48790;2
762.30701;103.99667;      -2.93808; 36.05302;80.00000;20.00000;0.48785;2
762.41699;104.00667;      -2.93690; 36.05494;80.00000;20.00000;0.48780;2
762.50702;104.01667;      -2.93612; 36.05782;80.00000;20.00000;0.48776;2
762.61401;104.02667;      -2.93508; 36.05878;80.00000;20.00000;0.48770;2
762.70599;104.03667;      -2.93385; 36.05974;80.00000;20.00000;0.48766;2
762.80603;104.04667;      -2.93325; 36.06167;80.00000;20.00000;0.48761;2
762.90601;104.05667;      -2.93144; 36.06167;80.00000;20.00000;0.48756;2
763.01099;104.06667;      -2.93069; 36.06359;80.00000;20.00000;0.48751;2
763.11298;104.07667;      -2.93084; 36.06359;80.00000;20.00000;0.48746;2
763.21698;104.08667;      -2.92905; 36.06455;80.00000;20.00000;0.48741;2
763.31000;104.09667;      -2.92797; 36.06071;80.00000;20.00000;0.48736;2
763.41101;104.10667;      -2.92827; 36.05878;80.00000;20.00000;0.48731;2
763.50702;104.11667;      -2.92750; 36.05590;80.00000;20.00000;0.48726;2
763.61499;104.12667;      -2.92676; 36.05398;80.00000;20.00000;0.48721;2
763.71600;104.13667;      -2.92510; 36.05302;80.00000;20.00000;0.48716;2
763.80402;104.14667;      -2.92371; 36.05205;80.00000;20.00000;0.48712;2
763.90900;104.15667;      -2.92402; 36.04917;80.00000;20.00000;0.48707;2
764.01001;104.16667;      -2.92447; 36.04821;80.00000;20.00000;0.48702;2
764.11499;104.17667;      -2.92432; 36.04725;80.00000;20.00000;0.48696;2
764.21997;104.18667;      -2.92238; 36.04629;80.00000;20.00000;0.48691;2
764.30499;104.19667;      -2.92142; 36.04533;80.00000;20.00000;0.48687;2
764.40698;104.20667;      -2.91961; 36.04533;80.00000;20.00000;0.48682;2
764.51001;104.21667;      -2.91977; 36.04533;80.00000;20.00000;0.48677;2
764.61401;104.22667;      -2.91992; 36.04437;80.00000;20.00000;0.48672;2
764.71002;104.23667;      -2.91930; 36.04437;80.00000;20.00000;0.48667;2
764.81000;104.24667;      -2.91960; 36.04437;80.00000;20.00000;0.48662;2
764.90802;104.25667;      -2.91868; 36.04437;80.00000;20.00000;0.48657;2
765.00897;104.26667;      -2.91717; 36.04437;80.00000;20.00000;0.48652;2
765.11499;104.27667;      -2.91628; 36.04437;80.00000;20.00000;0.48647;2
765.21503;104.28667;      -2.91567; 36.04340;80.00000;20.00000;0.48642;2
765.30798;104.29667;      -2.91489; 36.04244;80.00000;20.00000;0.48638;2
765.41302;104.30667;      -2.91429; 36.04148;80.00000;20.00000;0.48633;2
765.51898;104.31667;      -2.91370; 36.04052;80.00000;20.00000;0.48627;2
765.60797;104.32667;      -2.91306; 36.03956;80.00000;20.00000;0.48623;2
765.71301;104.33667;      -2.91261; 36.03860;80.00000;20.00000;0.48618;2
765.81702;104.34667;      -2.91186; 36.03764;80.00000;20.00000;0.48613;2
765.90997;104.35667;      -2.91108; 36.03668;80.00000;20.00000;0.48608;2
766.01599;104.36667;      -2.91064; 36.03283;80.00000;20.00000;0.48603;2
766.11102;104.37667;      -2.90865; 36.02995;80.00000;20.00000;0.48598;2
766.20898;104.38667;      -2.90774; 36.02899;80.00000;20.00000;0.48593;2
766.31097;104.39667;      -2.90743; 36.02610;80.00000;20.00000;0.48588;2
766.41400;104.40667;      -2.90607; 36.02418;80.00000;20.00000;0.48583;2
766.51703;104.41667;      -2.90502; 36.02322;80.00000;20.00000;0.48578;2
766.61401;104.42667;      -2.90379; 36.02514;80.00000;20.00000;0.48574;2
766.71503;104.43667;      -2.90288; 36.02418;80.00000;20.00000;0.48569;2
766.81403;104.44667;      -2.90302; 36.02514;80.00000;20.00000;0.48564;2
766.91302;104.45667;      -2.90226; 36.02610;80.00000;20.00000;0.48559;2
767.01300;104.46667;      -2.90240; 36.02610;80.00000;20.00000;0.48554;2
767.12000;104.47667;      -2.90196; 36.02707;80.00000;20.00000;0.48549;2
767.21899;104.48667;      -2.90013; 36.02803;80.00000;20.00000;0.48544;2
767.31897;104.49667;      -2.89862; 36.02803;80.00000;20.00000;0.48539;2
767.41199;104.50667;      -2.89768; 36.02803;80.00000;20.00000;0.48534;2
767.52197;104.51667;      -2.89574; 36.02707;80.00000;20.00000;0.48529;2
767.62201;104.52667;      -2.89512; 36.02322;80.00000;20.00000;0.48524;2
767.72101;104.53667;      -2.89435; 36.02034;80.00000;20.00000;0.48519;2
767.81299;104.54667;      -2.89311; 36.01649;80.00000;20.00000;0.48515;2
767.91803;104.55667;      -2.89221; 36.01361;80.00000;20.00000;0.48509;2
768.02197;104.56667;      -2.89116; 36.00977;80.00000;20.00000;0.48504;2
768.12097;104.57667;      -2.88978; 36.00688;80.00000;20.00000;0.48499;2
768.21899;104.58667;      -2.88901; 36.00208;80.00000;20.00000;0.48495;2
768.32397;104.59667;      -2.88811; 35.99823;80.00000;20.00000;0.48489;2
768.42297;104.60667;      -2.88704; 35.99439;80.00000;20.00000;0.48485;2
768.51801;104.61667;      -2.88626; 35.99246;80.00000;20.00000;0.48480;2
768.62097;104.62667;      -2.88429; 35.98958;80.00000;20.00000;0.48475;2
768.72302;104.63667;      -2.88322; 35.98670;80.00000;20.00000;0.48470;2
768.82098;104.64667;      -2.88321; 35.98478;80.00000;20.00000;0.48465;2
768.91400;104.65667;      -2.88318; 35.98285;80.00000;20.00000;0.48461;2
769.02100;104.66667;      -2.88152; 35.98285;80.00000;20.00000;0.48455;2
769.12097;104.67667;      -2.88136; 35.98189;80.00000;20.00000;0.48450;2
769.22498;104.68667;      -2.88015; 35.98189;80.00000;20.00000;0.48445;2
769.32300;104.69667;      -2.87938; 35.98285;80.00000;20.00000;0.48440;2
769.41699;104.70667;      -2.87874; 35.98189;80.00000;20.00000;0.48436;2
769.51801;104.71667;      -2.87858; 35.98189;80.00000;20.00000;0.48431;2
769.62097;104.72667;      -2.87767; 35.98189;80.00000;20.00000;0.48426;2
769.71899;104.73667;      -2.87675; 35.98189;80.00000;20.00000;0.48421;2
769.81500;104.74667;      -2.87642; 35.98093;80.00000;20.00000;0.48416;2
769.92401;104.75667;      -2.87659; 35.98093;80.00000;20.00000;0.48411;2
770.02100;104.76667;      -2.87687; 35.97997;80.00000;20.00000;0.48406;2
770.12097;104.77667;      -2.87686; 35.97805;80.00000;20.00000;0.48401;2
770.22101;104.78667;      -2.87670; 35.97613;80.00000;20.00000;0.48396;2
770.31897;104.79667;      -2.87592; 35.97516;80.00000;20.00000;0.48392;2
770.41803;104.80667;      -2.87500; 35.97420;80.00000;20.00000;0.48387;2
770.52002;104.81667;      -2.87469; 35.97228;80.00000;20.00000;0.48382;2
770.62097;104.82667;      -2.87423; 35.97132;80.00000;20.00000;0.48377;2
770.71997;104.83667;      -2.87239; 35.96748;80.00000;20.00000;0.48372;2
770.82599;104.84667;      -2.87210; 35.96459;80.00000;20.00000;0.48367;2
770.92200;104.85667;      -2.87162; 35.96171;80.00000;20.00000;0.48362;2
771.01501;104.86667;      -2.87189; 35.95883;80.00000;20.00000;0.48357;2
771.11902;104.87667;      -2.87007; 35.95690;80.00000;20.00000;0.48352;2
771.21600;104.88667;      -2.86944; 35.95402;80.00000;20.00000;0.48347;2
771.31799;104.89667;      -2.86974; 35.95114;80.00000;20.00000;0.48342;2
771.42700;104.90667;      -2.86960; 35.94825;80.00000;20.00000;0.48337;2
771.52502;104.91667;      -2.86974; 35.94729;80.00000;20.00000;0.48332;2
771.61700;104.92667;      -2.86894; 35.94729;80.00000;20.00000;0.48328;2
771.72699;104.93667;      -2.86866; 35.94921;80.00000;20.00000;0.48322;2
771.83398;104.94667;      -2.86897; 35.95114;80.00000;20.00000;0.48317;2
771.92499;104.95667;      -2.86802; 35.95402;80.00000;20.00000;0.48313;2
772.02502;104.96667;      -2.86603; 35.95594;80.00000;20.00000;0.48308;2
772.13098;104.97667;      -2.86589; 35.95786;80.00000;20.00000;0.48303;2
772.22601;104.98667;      -2.86464; 35.95883;80.00000;20.00000;0.48298;2
772.32202;104.99667;      -2.86417; 35.95883;80.00000;20.00000;0.48293;2
772.42102;105.00667;      -2.86415; 35.95883;80.00000;20.00000;0.48288;2
772.52600;105.01667;      -2.86278; 35.95883;80.00000;20.00000;0.48283;2
772.62402;105.02667;      -2.86140; 35.95979;80.00000;20.00000;0.48278;2
772.72101;105.03667;      -2.86031; 35.95979;80.00000;20.00000;0.48274;2
772.82703;105.04667;      -2.85971; 35.95883;80.00000;20.00000;0.48268;2
772.92603;105.05667;      -2.86015; 35.95883;80.00000;20.00000;0.48264;2
773.02698;105.06667;      -2.85862; 35.95690;80.00000;20.00000;0.48259;2
773.12903;105.07667;      -2.85740; 35.95498;80.00000;20.00000;0.48254;2
773.23297;105.08667;      -2.85618; 35.95306;80.00000;20.00000;0.48249;2
773.33301;105.09667;      -2.85480; 35.94921;80.00000;20.00000;0.48244;2
773.42499;105.10667;      -2.85506; 35.94537;80.00000;20.00000;0.48239;2
773.52600;105.11667;      -2.85338; 35.94345;80.00000;20.00000;0.48234;2
773.63501;105.12667;      -2.85248; 35.93864;80.00000;20.00000;0.48229;2
773.72699;105.13667;      -2.85229; 35.93576;80.00000;20.00000;0.48224;2
773.83600;105.14667;      -2.85048; 35.93191;80.00000;20.00000;0.48219;2
773.92401;105.15667;      -2.84891; 35.92903;80.00000;20.00000;0.48215;2
774.02698;105.16667;      -2.84753; 35.92807;80.00000;20.00000;0.48210;2
774.12000;105.17667;      -2.84644; 35.92615;80.00000;20.00000;0.48205;2
774.21802;105.18667;      -2.84550; 35.92519;80.00000;20.00000;0.48200;2
774.32703;105.19667;      -2.84460; 35.92422;80.00000;20.00000;0.48195;2
774.42499;105.20667;      -2.84321; 35.92326;80.00000;20.00000;0.48190;2
774.52301;105.21667;      -2.84304; 35.92134;80.00000;20.00000;0.48185;2
774.61798;105.22667;      -2.84270; 35.92134;80.00000;20.00000;0.48181;2
774.72498;105.23667;      -2.84347; 35.92038;80.00000;20.00000;0.48175;2
774.83002;105.24667;      -2.84316; 35.91942;80.00000;20.00000;0.48170;2
774.92297;105.25667;      -2.84237; 35.92038;80.00000;20.00000;0.48166;2
775.03101;105.26667;      -2.84085; 35.91942;80.00000;20.00000;0.48160;2
775.12701;105.27667;      -2.84113; 35.91846;80.00000;20.00000;0.48156;2
775.22900;105.28667;      -2.84082; 35.91750;80.00000;20.00000;0.48151;2
775.32800;105.29667;      -2.84095; 35.91654;80.00000;20.00000;0.48146;2
775.42499;105.30667;      -2.83925; 35.91557;80.00000;20.00000;0.48141;2
775.53003;105.31667;      -2.83788; 35.91461;80.00000;20.00000;0.48136;2
775.62097;105.32667;      -2.83631; 35.91269;80.00000;20.00000;0.48131;2
775.72498;105.33667;      -2.83433; 35.91077;80.00000;20.00000;0.48126;2
775.82397;105.34667;      -2.83401; 35.90981;80.00000;20.00000;0.48121;2
775.91998;105.35667;      -2.83352; 35.90596;80.00000;20.00000;0.48117;2
776.03302;105.36667;      -2.83263; 35.90308;80.00000;20.00000;0.48111;2
776.12701;105.37667;      -2.82970; 35.89827;80.00000;20.00000;0.48107;2
776.23499;105.38667;      -2.82925; 35.89443;80.00000;20.00000;0.48101;2
776.32800;105.39667;      -2.82875; 35.89155;80.00000;20.00000;0.48097;2
776.42798;105.40667;      -2.82858; 35.88770;80.00000;20.00000;0.48092;2
776.52802;105.41667;      -2.82765; 35.88386;80.00000;20.00000;0.48087;2
776.63098;105.42667;      -2.82673; 35.88193;80.00000;20.00000;0.48082;2
776.73401;105.43667;      -2.82428; 35.87905;80.00000;20.00000;0.48077;2
776.83301;105.44667;      -2.82228; 35.87617;80.00000;20.00000;0.48072;2
776.93201;105.45667;      -2.82149; 35.87425;80.00000;20.00000;0.48067;2
777.02399;105.46667;      -2.82161; 35.87425;80.00000;20.00000;0.48063;2
777.12799;105.47667;      -2.82145; 35.87232;80.00000;20.00000;0.48058;2
777.23602;105.48667;      -2.82038; 35.87328;80.00000;20.00000;0.48052;2
777.32397;105.49667;      -2.81881; 35.87328;80.00000;20.00000;0.48048;2
777.42603;105.50667;      -2.81773; 35.87425;80.00000;20.00000;0.48043;2
777.52301;105.51667;      -2.81709; 35.87328;80.00000;20.00000;0.48038;2
777.64203;105.52667;      -2.81590; 35.87425;80.00000;20.00000;0.48032;2
777.73499;105.53667;      -2.81648; 35.87521;80.00000;20.00000;0.48028;2
777.83600;105.54667;      -2.81646; 35.87425;80.00000;20.00000;0.48023;2
777.92999;105.55667;      -2.81475; 35.87328;80.00000;20.00000;0.48018;2
778.02698;105.56667;      -2.81289; 35.87232;80.00000;20.00000;0.48014;2
778.13397;105.57667;      -2.81151; 35.87136;80.00000;20.00000;0.48008;2
778.23798;105.58667;      -2.81074; 35.87040;80.00000;20.00000;0.48003;2
778.33002;105.59667;      -2.80994; 35.86944;80.00000;20.00000;0.47999;2
778.42902;105.60667;      -2.80961; 35.86944;80.00000;20.00000;0.47994;2
778.52899;105.61667;      -2.80974; 35.86944;80.00000;20.00000;0.47989;2
778.63300;105.62667;      -2.80882; 35.86848;80.00000;20.00000;0.47984;2
778.73297;105.63667;      -2.80697; 35.86560;80.00000;20.00000;0.47979;2
778.83197;105.64667;      -2.80511; 35.86463;80.00000;20.00000;0.47974;2
778.93402;105.65667;      -2.80341; 35.86560;80.00000;20.00000;0.47969;2
779.03003;105.66667;      -2.80231; 35.86656;80.00000;20.00000;0.47964;2
779.13702;105.67667;      -2.80140; 35.86944;80.00000;20.00000;0.47959;2
779.23297;105.68667;      -2.80091; 35.87232;80.00000;20.00000;0.47954;2
779.33002;105.69667;      -2.79874; 35.87328;80.00000;20.00000;0.47950;2
779.43298;105.70667;      -2.79781; 35.87617;80.00000;20.00000;0.47945;2
779.54199;105.71667;      -2.79751; 35.87809;80.00000;20.00000;0.47939;2
779.63202;105.72667;      -2.79685; 35.88097;80.00000;20.00000;0.47935;2
779.73700;105.73667;      -2.79577; 35.88290;80.00000;20.00000;0.47930;2
779.83099;105.74667;      -2.79497; 35.88674;80.00000;20.00000;0.47925;2
779.93298;105.75667;      -2.79373; 35.89058;80.00000;20.00000;0.47920;2
780.03302;105.76667;      -2.79187; 35.89347;80.00000;20.00000;0.47915;2
780.14099;105.77667;      -2.79050; 35.89731;80.00000;20.00000;0.47910;2
780.23499;105.78667;      -2.78954; 35.90020;80.00000;20.00000;0.47905;2
780.33099;105.79667;      -2.78966; 35.90116;80.00000;20.00000;0.47901;2
780.43201;105.80667;      -2.78934; 35.90308;80.00000;20.00000;0.47896;2
780.53802;105.81667;      -2.78872; 35.90404;80.00000;20.00000;0.47891;2
780.63800;105.82667;      -2.78763; 35.90500;80.00000;20.00000;0.47886;2
780.73499;105.83667;      -2.78668; 35.90596;80.00000;20.00000;0.47881;2
780.83600;105.84667;      -2.78574; 35.90692;80.00000;20.00000;0.47876;2
780.93799;105.85667;      -2.78434; 35.90692;80.00000;20.00000;0.47871;2
781.03699;105.86667;      -2.78279; 35.90692;80.00000;20.00000;0.47866;2
781.13202;105.87667;      -2.78199; 35.90885;80.00000;20.00000;0.47861;2
781.23499;105.88667;      -2.78090; 35.90885;80.00000;20.00000;0.47856;2
781.33502;105.89667;      -2.77950; 35.90885;80.00000;20.00000;0.47852;2
781.44098;105.90667;      -2.77827; 35.90885;80.00000;20.00000;0.47846;2
781.53400;105.91667;      -2.77761; 35.90789;80.00000;20.00000;0.47842;2
781.64001;105.92667;      -2.77761; 35.90692;80.00000;20.00000;0.47837;2
781.73499;105.93667;      -2.77665; 35.90692;80.00000;20.00000;0.47832;2
781.83600;105.94667;      -2.77464; 35.90596;80.00000;20.00000;0.47827;2
781.94702;105.95667;      -2.77403; 35.90212;80.00000;20.00000;0.47822;2
782.03998;105.96667;      -2.77399; 35.90020;80.00000;20.00000;0.47817;2
782.13501;105.97667;      -2.77027; 35.89731;80.00000;20.00000;0.47812;2
782.23999;105.98667;      -2.77103; 35.89539;80.00000;20.00000;0.47807;2
782.33801;105.99667;      -2.76824; 35.89251;80.00000;20.00000;0.47802;2
782.42902;106.00667;      -2.76773; 35.88578;80.00000;20.00000;0.47798;2
782.53198;106.01667;      -2.76741; 35.88097;80.00000;20.00000;0.47793;2
782.63898;106.02667;      -2.76556; 35.87617;80.00000;20.00000;0.47788;2
782.73199;106.03667;      -2.76383; 35.87328;80.00000;20.00000;0.47783;2
782.83502;106.04667;      -2.76136; 35.86944;80.00000;20.00000;0.47778;2
782.93701;106.05667;      -2.76088; 35.86463;80.00000;20.00000;0.47773;2
783.03601;106.06667;      -2.75978; 35.86079;80.00000;20.00000;0.47768;2
783.14099;106.07667;      -2.75931; 35.85695;80.00000;20.00000;0.47763;2
783.23602;106.08667;      -2.75850; 35.85406;80.00000;20.00000;0.47759;2
783.32800;106.09667;      -2.75753; 35.85022;80.00000;20.00000;0.47754;2
783.43903;106.10667;      -2.75785; 35.84541;80.00000;20.00000;0.47749;2
783.54303;106.11667;      -2.75783; 35.84157;80.00000;20.00000;0.47744;2
783.63599;106.12667;      -2.75548; 35.83772;80.00000;20.00000;0.47739;2
783.73700;106.13667;      -2.75531; 35.83388;80.00000;20.00000;0.47734;2
783.83801;106.14667;      -2.75483; 35.83099;80.00000;20.00000;0.47729;2
783.93701;106.15667;      -2.75434; 35.82715;80.00000;20.00000;0.47724;2
784.04102;106.16667;      -2.75402; 35.82427;80.00000;20.00000;0.47719;2
784.14203;106.17667;      -2.75353; 35.82138;80.00000;20.00000;0.47714;2
784.24597;106.18667;      -2.75260; 35.81754;80.00000;20.00000;0.47709;2
784.35101;106.19667;      -2.75074; 35.81466;80.00000;20.00000;0.47704;2
784.44397;106.20667;      -2.74993; 35.81273;80.00000;20.00000;0.47700;2
784.54199;106.21667;      -2.75051; 35.81177;80.00000;20.00000;0.47695;2
784.64301;106.22667;      -2.74926; 35.80985;80.00000;20.00000;0.47690;2
784.73901;106.23667;      -2.74707; 35.80889;80.00000;20.00000;0.47685;2
784.84302;106.24667;      -2.74567; 35.80985;80.00000;20.00000;0.47680;2
784.94397;106.25667;      -2.74349; 35.81177;80.00000;20.00000;0.47675;2
785.03497;106.26667;      -2.74206; 35.81273;80.00000;20.00000;0.47671;2
785.13501;106.27667;      -2.74095; 35.81562;80.00000;20.00000;0.47666;2
785.23798;106.28667;      -2.73939; 35.81946;80.00000;20.00000;0.47661;2
785.33502;106.29667;      -2.73721; 35.82331;80.00000;20.00000;0.47656;2
785.43402;106.30667;      -2.73641; 35.82907;80.00000;20.00000;0.47651;2
785.53900;106.31667;      -2.73532; 35.83580;80.00000;20.00000;0.47646;2
785.63800;106.32667;      -2.73482; 35.84253;80.00000;20.00000;0.47641;2
785.74103;106.33667;      -2.73373; 35.84733;80.00000;20.00000;0.47636;2
785.83899;106.34667;      -2.73385; 35.85022;80.00000;20.00000;0.47631;2
785.93903;106.35667;      -2.73367; 35.85214;80.00000;20.00000;0.47626;2
786.04401;106.36667;      -2.73242; 35.84926;80.00000;20.00000;0.47621;2
786.14600;106.37667;      -2.73163; 35.84445;80.00000;20.00000;0.47616;2
786.24298;106.38667;      -2.73098; 35.83868;80.00000;20.00000;0.47612;2
786.35101;106.39667;      -2.72928; 35.83292;80.00000;20.00000;0.47606;2
786.44702;106.40667;      -2.72831; 35.82619;80.00000;20.00000;0.47602;2
786.53802;106.41667;      -2.72657; 35.82331;80.00000;20.00000;0.47597;2
786.64203;106.42667;      -2.72501; 35.82138;80.00000;20.00000;0.47592;2
786.74402;106.43667;      -2.72422; 35.82138;80.00000;20.00000;0.47587;2
786.84399;106.44667;      -2.72372; 35.82331;80.00000;20.00000;0.47582;2
786.94598;106.45667;      -2.72278; 35.82523;80.00000;20.00000;0.47577;2
787.04901;106.46667;      -2.72183; 35.82811;80.00000;20.00000;0.47572;2
787.15002;106.47667;      -2.72119; 35.83099;80.00000;20.00000;0.47567;2
787.24298;106.48667;      -2.72083; 35.83292;80.00000;20.00000;0.47563;2
787.34003;106.49667;      -2.72049; 35.83484;80.00000;20.00000;0.47558;2
787.44501;106.50667;      -2.71939; 35.83580;80.00000;20.00000;0.47553;2
787.54102;106.51667;      -2.71735; 35.83580;80.00000;20.00000;0.47548;2
787.64398;106.52667;      -2.71640; 35.83580;80.00000;20.00000;0.47543;2
787.74402;106.53667;      -2.71560; 35.83580;80.00000;20.00000;0.47538;2
787.84601;106.54667;      -2.71465; 35.83388;80.00000;20.00000;0.47533;2
787.94202;106.55667;      -2.71445; 35.83196;80.00000;20.00000;0.47529;2
788.03802;106.56667;      -2.71426; 35.83196;80.00000;20.00000;0.47524;2
788.14398;106.57667;      -2.71317; 35.83099;80.00000;20.00000;0.47519;2
788.23499;106.58667;      -2.71188; 35.83003;80.00000;20.00000;0.47514;2
788.33899;106.59667;      -2.71078; 35.82907;80.00000;20.00000;0.47509;2
788.44397;106.60667;      -2.70937; 35.82811;80.00000;20.00000;0.47504;2
788.53900;106.61667;      -2.70763; 35.82715;80.00000;20.00000;0.47499;2
788.64001;106.62667;      -2.70760; 35.82619;80.00000;20.00000;0.47495;2
788.74402;106.63667;      -2.70650; 35.82523;80.00000;20.00000;0.47489;2
788.84198;106.64667;      -2.70662; 35.82234;80.00000;20.00000;0.47485;2
788.94299;106.65667;      -2.70644; 35.81850;80.00000;20.00000;0.47480;2
789.03900;106.66667;      -2.70655; 35.81466;80.00000;20.00000;0.47475;2
789.13898;106.67667;      -2.70606; 35.81081;80.00000;20.00000;0.47470;2
789.24298;106.68667;      -2.70542; 35.80697;80.00000;20.00000;0.47465;2
789.34601;106.69667;      -2.70462; 35.80312;80.00000;20.00000;0.47460;2
789.44800;106.70667;      -2.70367; 35.80024;80.00000;20.00000;0.47455;2
789.54401;106.71667;      -2.70301; 35.79832;80.00000;20.00000;0.47450;2
789.64801;106.72667;      -2.70098; 35.80120;80.00000;20.00000;0.47445;2
789.74701;106.73667;      -2.70002; 35.80408;80.00000;20.00000;0.47441;2
789.85303;106.74667;      -2.69861; 35.80793;80.00000;20.00000;0.47435;2
789.95203;106.75667;      -2.69765; 35.81081;80.00000;20.00000;0.47431;2
790.05200;106.76667;      -2.69607; 35.81273;80.00000;20.00000;0.47426;2
790.14301;106.77667;      -2.69463; 35.81466;80.00000;20.00000;0.47421;2
790.23901;106.78667;      -2.69381; 35.81658;80.00000;20.00000;0.47416;2
790.33600;106.79667;      -2.69331; 35.81658;80.00000;20.00000;0.47412;2
790.44397;106.80667;      -2.69175; 35.81754;80.00000;20.00000;0.47407;2
790.54700;106.81667;      -2.69033; 35.81754;80.00000;20.00000;0.47401;2
790.64899;106.82667;      -2.68984; 35.81850;80.00000;20.00000;0.47397;2
790.74799;106.83667;      -2.68903; 35.81850;80.00000;20.00000;0.47392;2
790.84698;106.84667;      -2.68946; 35.81562;80.00000;20.00000;0.47387;2
790.96002;106.85667;      -2.68776; 35.81369;80.00000;20.00000;0.47381;2
791.04797;106.86667;      -2.68615; 35.81177;80.00000;20.00000;0.47377;2
791.14001;106.87667;      -2.68563; 35.80793;80.00000;20.00000;0.47373;2
791.24597;106.88667;      -2.68422; 35.80504;80.00000;20.00000;0.47367;2
791.34497;106.89667;      -2.68325; 35.80120;80.00000;20.00000;0.47363;2
791.44897;106.90667;      -2.68106; 35.79832;80.00000;20.00000;0.47357;2
791.54901;106.91667;      -2.67917; 35.79543;80.00000;20.00000;0.47353;2
791.65100;106.92667;      -2.67883; 35.79351;80.00000;20.00000;0.47348;2
791.74298;106.93667;      -2.67816; 35.79255;80.00000;20.00000;0.47343;2
791.85101;106.94667;      -2.67799; 35.79159;80.00000;20.00000;0.47338;2
791.95001;106.95667;      -2.67625; 35.79063;80.00000;20.00000;0.47333;2
792.04901;106.96667;      -2.67482; 35.79063;80.00000;20.00000;0.47328;2
792.15302;106.97667;      -2.67449; 35.79255;80.00000;20.00000;0.47323;2
792.24200;106.98667;      -2.67349; 35.79351;80.00000;20.00000;0.47319;2
792.34698;106.99667;      -2.67378; 35.79832;80.00000;20.00000;0.47314;2
792.44897;107.00667;      -2.67189; 35.80120;80.00000;20.00000;0.47309;2
792.55298;107.01667;      -2.67156; 35.80601;80.00000;20.00000;0.47304;2
792.65302;107.02667;      -2.66920; 35.81081;80.00000;20.00000;0.47299;2
792.75897;107.03667;      -2.66794; 35.81081;80.00000;20.00000;0.47294;2
792.84900;107.04667;      -2.66710; 35.81177;80.00000;20.00000;0.47289;2
792.94800;107.05667;      -2.66753; 35.81177;80.00000;20.00000;0.47284;2
793.05103;107.06667;      -2.66688; 35.81081;80.00000;20.00000;0.47279;2
793.14899;107.07667;      -2.66529; 35.80793;80.00000;20.00000;0.47275;2
793.26202;107.08667;      -2.66436; 35.80504;80.00000;20.00000;0.47269;2
793.35199;107.09667;      -2.66275; 35.80216;80.00000;20.00000;0.47265;2
793.45203;107.10667;      -2.66131; 35.79928;80.00000;20.00000;0.47260;2
793.55298;107.11667;      -2.65988; 35.79543;80.00000;20.00000;0.47255;2
793.66498;107.12667;      -2.65848; 35.79351;80.00000;20.00000;0.47249;2
793.75098;107.13667;      -2.65748; 35.79255;80.00000;20.00000;0.47245;2
793.85699;107.14667;      -2.65730; 35.79063;80.00000;20.00000;0.47240;2
793.96002;107.15667;      -2.65774; 35.78967;80.00000;20.00000;0.47235;2
794.05402;107.16667;      -2.65536; 35.78870;80.00000;20.00000;0.47230;2
794.15399;107.17667;      -2.65237; 35.78774;80.00000;20.00000;0.47226;2
794.26300;107.18667;      -2.65236; 35.78582;80.00000;20.00000;0.47220;2
794.35999;107.19667;      -2.65076; 35.78582;80.00000;20.00000;0.47216;2
794.45203;107.20667;      -2.65024; 35.78582;80.00000;20.00000;0.47211;2
794.55402;107.21667;      -2.64819; 35.78582;80.00000;20.00000;0.47206;2
794.65503;107.22667;      -2.64691; 35.78390;80.00000;20.00000;0.47201;2
794.75500;107.23667;      -2.64532; 35.78294;80.00000;20.00000;0.47196;2
794.85101;107.24667;      -2.64480; 35.78294;80.00000;20.00000;0.47192;2
794.95502;107.25667;      -2.64338; 35.78102;80.00000;20.00000;0.47187;2
795.04901;107.26667;      -2.64255; 35.78102;80.00000;20.00000;0.47182;2
795.14697;107.27667;      -2.64172; 35.78005;80.00000;20.00000;0.47177;2
795.25897;107.28667;      -2.63970; 35.77909;80.00000;20.00000;0.47172;2
795.35199;107.29667;      -2.63778; 35.77813;80.00000;20.00000;0.47167;2
795.45801;107.30667;      -2.63589; 35.77717;80.00000;20.00000;0.47162;2
795.55701;107.31667;      -2.63367; 35.77621;80.00000;20.00000;0.47157;2
795.66199;107.32667;      -2.63598; 35.77429;80.00000;20.00000;0.47152;2
795.75897;107.33667;      -2.63515; 35.77333;80.00000;20.00000;0.47147;2
795.85602;107.34667;      -2.63464; 35.77237;80.00000;20.00000;0.47143;2
795.95300;107.35667;      -2.63241; 35.77140;80.00000;20.00000;0.47138;2
796.05603;107.36667;      -2.63098; 35.77140;80.00000;20.00000;0.47133;2
796.15997;107.37667;      -2.63064; 35.77140;80.00000;20.00000;0.47128;2
796.25897;107.38667;      -2.62982; 35.77044;80.00000;20.00000;0.47123;2
796.36603;107.39667;      -2.62949; 35.77140;80.00000;20.00000;0.47118;2
796.46002;107.40667;      -2.62788; 35.77140;80.00000;20.00000;0.47113;2
796.54700;107.41667;      -2.62687; 35.77237;80.00000;20.00000;0.47109;2
796.66400;107.42667;      -2.62579; 35.77333;80.00000;20.00000;0.47103;2
796.75403;107.43667;      -2.62556; 35.77429;80.00000;20.00000;0.47099;2
796.85901;107.44667;      -2.62414; 35.77429;80.00000;20.00000;0.47094;2
796.95801;107.45667;      -2.62378; 35.77525;80.00000;20.00000;0.47089;2
797.05200;107.46667;      -2.62310; 35.77621;80.00000;20.00000;0.47084;2

