#EXPORTTYPE:DATA ALL
#FILE:50wt05hr.ngb-ds3
#FORMAT:NETZSCH5
#FTYPE:ANSI
#IDENTITY:50wt05hr
#DECIMAL:POINT
#SEPARATOR:SEMICOLON
#MTYPE:DSC
#INSTRUMENT:NETZSCH STA 449F3
#PROJECT:copyrolysis
#DATE/TIME:17.03.2021 08:56
#CORR. FILE:correction 5kmin.ngb-bs3
#TEMPCAL:2021 CAL T 5KMIN .ngb-ts3
#SENSITIVITY:2021 CAL s 5KMIN REVISAR.ngb-ts3.ngb-es3
#LABORATORY:UNA - FCQ - AI
#OPERATOR:AD
#REMARK:
#SAMPLE:50wt05hr
#SAMPLE MASS /mg:10.2436
#MATERIAL:EMPTY
#REFERENCE:Empty
#REFERENCE MASS /mg:0
#TYPE OF CRUCIBLE:DSC/TG pan Al2O3
#SAMPLE CRUCIBLE MASS /mg:140.3919
#REFERENCE CRUCIBLE MASS /mg:140.87
#DSC RANGE /µV:5000
#TG RANGE /mg:35000
#TAU-R:---
#CORR. CODE:020
#EXO:-1
#RANGE:25°C/00:00/25°C/5,0(K/min)/800°C/
#SEGMENT:S1-2/2
#SEG. 1:25°C/00:30/25°C
#SEG. 2:25°C/5,0(K/min)/800°C

##Temp./°C;Time/min;DSC/(mW/mg);Mass/%;Gas Flow(purge2)/(ml/min);Gas Flow(protective)/(ml/min);Sensit./(uV/mW);Segment
 26.49500;  0.00000;       0.20061;100.00000;80.00000;20.00000;0.92147;1
 26.51800;  0.05000;       0.20716; 99.96778;80.00000;20.00000;0.92145;1
 26.53500;  0.10000;       0.21662; 99.94143;80.00000;20.00000;0.92144;1
 26.56000;  0.15000;       0.22277; 99.92190;80.00000;20.00000;0.92142;1
 26.57100;  0.20000;       0.23021; 99.88773;80.00000;20.00000;0.92141;1
 26.59000;  0.25000;       0.23579; 99.85552;80.00000;20.00000;0.92140;1
 26.59800;  0.30000;       0.24153; 99.83502;80.00000;20.00000;0.92139;1
 26.62100;  0.35000;       0.24614; 99.79988;80.00000;20.00000;0.92137;1
 26.63800;  0.40000;       0.24881; 99.78133;80.00000;20.00000;0.92136;1
 26.65800;  0.45000;       0.25286; 99.74521;80.00000;20.00000;0.92135;1
 26.66100;  0.50000;       0.25666; 99.70030;80.00000;20.00000;0.92134;1
 26.67200;  0.55000;       0.25747; 99.68273;80.00000;20.00000;0.92134;1
 26.68100;  0.60000;       0.25917; 99.65247;80.00000;20.00000;0.92133;1
 26.69200;  0.65000;       0.26039; 99.62416;80.00000;20.00000;0.92132;1
 26.70800;  0.70000;       0.25990; 99.58608;80.00000;20.00000;0.92131;1
 26.71100;  0.75000;       0.26007; 99.54411;80.00000;20.00000;0.92131;1
 26.74200;  0.80000;       0.25999; 99.52360;80.00000;20.00000;0.92129;1
 26.74400;  0.85000;       0.25926; 99.49725;80.00000;20.00000;0.92128;1
 26.74700;  0.90000;       0.25886; 99.46308;80.00000;20.00000;0.92128;1
 26.74800;  0.95000;       0.25660; 99.43184;80.00000;20.00000;0.92128;1
 26.77200;  1.00000;       0.25579; 99.40060;80.00000;20.00000;0.92126;1
 26.75500;  1.05000;       0.25377; 99.38498;80.00000;20.00000;0.92128;1
 26.77500;  1.10000;       0.25191; 99.35081;80.00000;20.00000;0.92126;1
 26.79200;  1.15000;       0.24982; 99.31469;80.00000;20.00000;0.92125;1
 26.81200;  1.20000;       0.24844; 99.27955;80.00000;20.00000;0.92124;1
 26.81600;  1.25000;       0.24562; 99.25710;80.00000;20.00000;0.92123;1
 26.82100;  1.30000;       0.24327; 99.22000;80.00000;20.00000;0.92123;1
 26.83000;  1.35000;       0.24230; 99.19755;80.00000;20.00000;0.92122;1
 26.83600;  1.40000;       0.23988; 99.15948;80.00000;20.00000;0.92122;1
 26.82700;  1.45000;       0.23786; 99.12336;80.00000;20.00000;0.92122;1
 26.85300;  1.50000;       0.23633; 99.09895;80.00000;20.00000;0.92121;1
 26.86200;  1.55000;       0.23358; 99.07064;80.00000;20.00000;0.92120;1
 26.87000;  1.60000;       0.23115; 99.04526;80.00000;20.00000;0.92119;1
 26.85900;  1.65000;       0.22945; 99.01792;80.00000;20.00000;0.92120;1
 26.86600;  1.70000;       0.22671; 98.99645;80.00000;20.00000;0.92120;1
 26.87100;  1.75000;       0.22420; 98.97009;80.00000;20.00000;0.92119;1
 26.87500;  1.80000;       0.22242; 98.95252;80.00000;20.00000;0.92119;1
 26.87800;  1.85000;       0.22008; 98.93787;80.00000;20.00000;0.92119;1
 26.88800;  1.90000;       0.21798; 98.91249;80.00000;20.00000;0.92118;1
 26.89700;  1.95000;       0.21604; 98.89492;80.00000;20.00000;0.92117;1
 26.89200;  2.00000;       0.21313; 98.86563;80.00000;20.00000;0.92118;1
 26.88700;  2.05000;       0.21167; 98.83342;80.00000;20.00000;0.92118;1
 26.90400;  2.10000;       0.21070; 98.80608;80.00000;20.00000;0.92117;1
 26.89100;  2.15000;       0.20779; 98.77680;80.00000;20.00000;0.92118;1
 26.89900;  2.20000;       0.20488; 98.74458;80.00000;20.00000;0.92117;1
 26.90100;  2.25000;       0.20383; 98.70944;80.00000;20.00000;0.92117;1
 26.91200;  2.30000;       0.20125; 98.69187;80.00000;20.00000;0.92116;1
 26.92400;  2.35000;       0.20003; 98.68406;80.00000;20.00000;0.92115;1
 26.91300;  2.40000;       0.19753; 98.65575;80.00000;20.00000;0.92116;1
 26.91200;  2.45000;       0.19607; 98.62744;80.00000;20.00000;0.92116;1
 26.92800;  2.50000;       0.19405; 98.61182;80.00000;20.00000;0.92115;1
 26.93000;  2.55000;       0.19260; 98.58448;80.00000;20.00000;0.92115;1
 26.91900;  2.60000;       0.18977; 98.56301;80.00000;20.00000;0.92116;1
 26.91500;  2.65000;       0.18871; 98.53079;80.00000;20.00000;0.92116;1
 26.91300;  2.70000;       0.18702; 98.52200;80.00000;20.00000;0.92116;1
 26.92300;  2.75000;       0.18556; 98.49662;80.00000;20.00000;0.92115;1
 26.93700;  2.80000;       0.18346; 98.47807;80.00000;20.00000;0.92114;1
 26.93100;  2.85000;       0.18192; 98.46343;80.00000;20.00000;0.92115;1
 26.94500;  2.90000;       0.18063; 98.43219;80.00000;20.00000;0.92114;1
 26.92100;  2.95000;       0.17820; 98.40388;80.00000;20.00000;0.92116;1
 26.94500;  3.00000;       0.17627; 98.38045;80.00000;20.00000;0.92114;1
 26.93300;  3.05000;       0.17505; 98.35019;80.00000;20.00000;0.92115;1
 26.94900;  3.10000;       0.17328; 98.33555;80.00000;20.00000;0.92114;1
 26.93100;  3.15000;       0.17206; 98.30821;80.00000;20.00000;0.92115;1
 26.92600;  3.20000;       0.17020; 98.27600;80.00000;20.00000;0.92115;1
 26.93100;  3.25000;       0.16810; 98.25647;80.00000;20.00000;0.92115;1
 26.94200;  3.30000;       0.16705; 98.24085;80.00000;20.00000;0.92114;1
 26.94100;  3.35000;       0.16559; 98.22230;80.00000;20.00000;0.92114;1
 26.94300;  3.40000;       0.16398; 98.21352;80.00000;20.00000;0.92114;1
 26.95200;  3.45000;       0.16252; 98.19107;80.00000;20.00000;0.92113;1
 26.92900;  3.50000;       0.16114; 98.17252;80.00000;20.00000;0.92115;1
 26.94000;  3.55000;       0.16009; 98.16764;80.00000;20.00000;0.92114;1
 26.93000;  3.60000;       0.15823; 98.16276;80.00000;20.00000;0.92115;1
 26.93500;  3.65000;       0.15710; 98.14811;80.00000;20.00000;0.92115;1
 26.93500;  3.70000;       0.15532; 98.13054;80.00000;20.00000;0.92115;1
 26.93800;  3.75000;       0.15468; 98.11102;80.00000;20.00000;0.92114;1
 26.92000;  3.80000;       0.15241; 98.08759;80.00000;20.00000;0.92116;1
 26.90900;  3.85000;       0.15144; 98.06611;80.00000;20.00000;0.92116;1
 26.90800;  3.90000;       0.15039; 98.04366;80.00000;20.00000;0.92117;1
 26.91500;  3.95000;       0.14926; 98.02316;80.00000;20.00000;0.92116;1
 26.90000;  4.00000;       0.14651; 98.00461;80.00000;20.00000;0.92117;1
 26.91100;  4.05000;       0.14618; 97.98313;80.00000;20.00000;0.92116;1
 26.91000;  4.10000;       0.14497; 97.96361;80.00000;20.00000;0.92116;1
 26.91200;  4.15000;       0.14368; 97.94603;80.00000;20.00000;0.92116;1
 26.90400;  4.20000;       0.14238; 97.92846;80.00000;20.00000;0.92117;1
 26.89700;  4.25000;       0.14109; 97.90601;80.00000;20.00000;0.92117;1
 26.88900;  4.30000;       0.13987; 97.89039;80.00000;20.00000;0.92118;1
 26.88800;  4.35000;       0.13915; 97.87672;80.00000;20.00000;0.92118;1
 26.90100;  4.40000;       0.13753; 97.85720;80.00000;20.00000;0.92117;1
 26.89100;  4.45000;       0.13608; 97.83182;80.00000;20.00000;0.92118;1
 26.87200;  4.50000;       0.13559; 97.81717;80.00000;20.00000;0.92119;1
 26.86700;  4.55000;       0.13397; 97.79667;80.00000;20.00000;0.92119;1
 26.87600;  4.60000;       0.13260; 97.77422;80.00000;20.00000;0.92119;1
 26.86000;  4.65000;       0.13203; 97.75665;80.00000;20.00000;0.92120;1
 26.86800;  4.70000;       0.13074; 97.73029;80.00000;20.00000;0.92119;1
 26.86300;  4.75000;       0.12920; 97.71662;80.00000;20.00000;0.92120;1
 26.86200;  4.80000;       0.12871; 97.70588;80.00000;20.00000;0.92120;1
 26.85300;  4.85000;       0.12661; 97.68734;80.00000;20.00000;0.92121;1
 26.84200;  4.90000;       0.12580; 97.67074;80.00000;20.00000;0.92121;1
 26.83200;  4.95000;       0.12515; 97.65317;80.00000;20.00000;0.92122;1
 26.83600;  5.00000;       0.12491; 97.62779;80.00000;20.00000;0.92122;1
 26.82400;  5.05000;       0.12305; 97.61998;80.00000;20.00000;0.92123;1
 26.82100;  5.10000;       0.12216; 97.60436;80.00000;20.00000;0.92123;1
 26.82200;  5.15000;       0.12111; 97.59264;80.00000;20.00000;0.92123;1
 26.81900;  5.20000;       0.11982; 97.58190;80.00000;20.00000;0.92123;1
 26.80900;  5.25000;       0.11901; 97.57117;80.00000;20.00000;0.92124;1
 26.81300;  5.30000;       0.11788; 97.56140;80.00000;20.00000;0.92123;1
 26.80700;  5.35000;       0.11707; 97.53993;80.00000;20.00000;0.92124;1
 26.80600;  5.40000;       0.11593; 97.53602;80.00000;20.00000;0.92124;1
 26.79400;  5.45000;       0.11448; 97.52431;80.00000;20.00000;0.92125;1
 26.79200;  5.50000;       0.11383; 97.50771;80.00000;20.00000;0.92125;1
 26.78400;  5.55000;       0.11270; 97.49209;80.00000;20.00000;0.92126;1
 26.77700;  5.60000;       0.11254; 97.47452;80.00000;20.00000;0.92126;1
 26.75700;  5.65000;       0.11019; 97.45792;80.00000;20.00000;0.92128;1
 26.77400;  5.70000;       0.10971; 97.44133;80.00000;20.00000;0.92126;1
 26.76800;  5.75000;       0.10906; 97.41400;80.00000;20.00000;0.92127;1
 26.75100;  5.80000;       0.10785; 97.40521;80.00000;20.00000;0.92128;1
 26.74800;  5.85000;       0.10720; 97.39349;80.00000;20.00000;0.92128;1
 26.74400;  5.90000;       0.10623; 97.37592;80.00000;20.00000;0.92128;1
 26.75700;  5.95000;       0.10526; 97.36323;80.00000;20.00000;0.92128;1
 26.73700;  6.00000;       0.10396; 97.34859;80.00000;20.00000;0.92129;1
 26.74300;  6.05000;       0.10372; 97.33687;80.00000;20.00000;0.92129;1
 26.72300;  6.10000;       0.10307; 97.32809;80.00000;20.00000;0.92130;1
 26.71800;  6.15000;       0.10146; 97.32418;80.00000;20.00000;0.92130;1
 26.70600;  6.20000;       0.10121; 97.30856;80.00000;20.00000;0.92131;1
 26.72100;  6.25000;       0.10041; 97.29587;80.00000;20.00000;0.92130;1
 26.70900;  6.30000; 9.927278e-002; 97.29099;80.00000;20.00000;0.92131;1
 26.69200;  6.35000; 9.846305e-002; 97.28025;80.00000;20.00000;0.92132;1
 26.68700;  6.40000; 9.781594e-002; 97.26951;80.00000;20.00000;0.92133;1
 26.69000;  6.45000; 9.668442e-002; 97.26659;80.00000;20.00000;0.92132;1
 26.68200;  6.50000; 9.563290e-002; 97.25292;80.00000;20.00000;0.92133;1
 26.67900;  6.55000; 9.458176e-002; 97.23828;80.00000;20.00000;0.92133;1
 26.67100;  6.60000; 9.441949e-002; 97.22461;80.00000;20.00000;0.92134;1
 26.67500;  6.65000; 9.369223e-002; 97.20997;80.00000;20.00000;0.92133;1
 26.67400;  6.70000; 9.288377e-002; 97.19630;80.00000;20.00000;0.92134;1
 26.64500;  6.75000; 9.150742e-002; 97.17287;80.00000;20.00000;0.92136;1
 26.65900;  6.80000; 9.102340e-002; 97.16604;80.00000;20.00000;0.92135;1
 26.62700;  6.85000; 8.988940e-002; 97.15530;80.00000;20.00000;0.92137;1
 26.63900;  6.90000; 8.964774e-002; 97.14651;80.00000;20.00000;0.92136;1
 26.64100;  6.95000; 8.827365e-002; 97.13284;80.00000;20.00000;0.92136;1
 26.62700;  7.00000; 8.778766e-002; 97.11918;80.00000;20.00000;0.92137;1
 26.61700;  7.05000; 8.649360e-002; 97.11039;80.00000;20.00000;0.92138;1
 26.59700;  7.10000; 8.576473e-002; 97.09184;80.00000;20.00000;0.92139;1
 26.59100;  7.15000; 8.544099e-002; 97.07915;80.00000;20.00000;0.92140;1
 26.58900;  7.20000; 8.503670e-002; 97.06841;80.00000;20.00000;0.92140;1
 26.58200;  7.25000; 8.398540e-002; 97.05963;80.00000;20.00000;0.92140;1
 26.59200;  7.30000; 8.342023e-002; 97.05475;80.00000;20.00000;0.92140;1
 26.57600;  7.35000; 8.269167e-002; 97.04694;80.00000;20.00000;0.92141;1
 26.56700;  7.40000; 8.244860e-002; 97.02448;80.00000;20.00000;0.92141;1
 26.58400;  7.45000; 8.164137e-002; 97.01570;80.00000;20.00000;0.92140;1
 26.56100;  7.50000; 8.083157e-002; 97.01277;80.00000;20.00000;0.92142;1
 26.55800;  7.55000; 8.042723e-002; 97.00496;80.00000;20.00000;0.92142;1
 26.54700;  7.60000; 7.961822e-002; 96.99422;80.00000;20.00000;0.92143;1
 26.54100;  7.65000; 7.929452e-002; 96.98446;80.00000;20.00000;0.92143;1
 26.52100;  7.70000; 7.800001e-002; 96.97567;80.00000;20.00000;0.92145;1
 26.52600;  7.75000; 7.743451e-002; 96.96493;80.00000;20.00000;0.92144;1
 26.52800;  7.80000; 7.719214e-002; 96.95224;80.00000;20.00000;0.92144;1
 26.51500;  7.85000; 7.630222e-002; 96.94150;80.00000;20.00000;0.92145;1
 26.51200;  7.90000; 7.581707e-002; 96.92979;80.00000;20.00000;0.92145;1
 26.50100;  7.95000; 7.444235e-002; 96.92100;80.00000;20.00000;0.92146;1
 26.50300;  8.00000; 7.411915e-002; 96.91417;80.00000;20.00000;0.92146;1
 26.48900;  8.05000; 7.339089e-002; 96.90441;80.00000;20.00000;0.92147;1
 26.48000;  8.10000; 7.347119e-002; 96.89269;80.00000;20.00000;0.92148;1
 26.49800;  8.15000; 7.274479e-002; 96.88196;80.00000;20.00000;0.92146;1
 26.46900;  8.20000; 7.177322e-002; 96.87122;80.00000;20.00000;0.92148;1
 26.44800;  8.25000; 7.161038e-002; 96.86341;80.00000;20.00000;0.92150;1
 26.45400;  8.30000; 7.128742e-002; 96.85365;80.00000;20.00000;0.92150;1
 26.44300;  8.35000; 7.047856e-002; 96.84095;80.00000;20.00000;0.92150;1
 26.45300;  8.40000; 7.007499e-002; 96.83510;80.00000;20.00000;0.92150;1
 26.43400;  8.45000; 6.918488e-002; 96.83314;80.00000;20.00000;0.92151;1
 26.43400;  8.50000; 6.966982e-002; 96.82631;80.00000;20.00000;0.92151;1
 26.41200;  8.55000; 6.845628e-002; 96.82045;80.00000;20.00000;0.92153;1
 26.39900;  8.60000; 6.853640e-002; 96.81655;80.00000;20.00000;0.92154;1
 26.39300;  8.65000; 6.764705e-002; 96.81069;80.00000;20.00000;0.92154;1
 26.37900;  8.70000; 6.667646e-002; 96.80581;80.00000;20.00000;0.92155;1
 26.38600;  8.75000; 6.619191e-002; 96.79995;80.00000;20.00000;0.92155;1
 26.35500;  8.80000; 6.594783e-002; 96.79507;80.00000;20.00000;0.92157;1
 26.35800;  8.85000; 6.530144e-002; 96.78921;80.00000;20.00000;0.92157;1
 26.35700;  8.90000; 6.546303e-002; 96.78336;80.00000;20.00000;0.92157;1
 26.36000;  8.95000; 6.473581e-002; 96.77750;80.00000;20.00000;0.92156;1
 26.36000;  9.00000; 6.546318e-002; 96.77262;80.00000;20.00000;0.92156;1
 26.34000;  9.05000; 6.392661e-002; 96.76871;80.00000;20.00000;0.92158;1
 26.33100;  9.10000; 6.408779e-002; 96.76383;80.00000;20.00000;0.92159;1
 26.32300;  9.15000; 6.344086e-002; 96.75993;80.00000;20.00000;0.92159;1
 26.31400;  9.20000; 6.238980e-002; 96.75700;80.00000;20.00000;0.92160;1
 26.31700;  9.25000; 6.190505e-002; 96.74724;80.00000;20.00000;0.92160;1
 26.30800;  9.30000; 6.206625e-002; 96.73552;80.00000;20.00000;0.92160;1
 26.30200;  9.35000; 6.109617e-002; 96.72674;80.00000;20.00000;0.92161;1
 26.29400;  9.40000; 6.093416e-002; 96.71600;80.00000;20.00000;0.92161;1
 26.27400;  9.45000; 6.012506e-002; 96.71014;80.00000;20.00000;0.92163;1
 26.27900;  9.50000; 5.972123e-002; 96.70233;80.00000;20.00000;0.92162;1
 26.25300;  9.55000; 5.883107e-002; 96.69452;80.00000;20.00000;0.92164;1
 26.24400;  9.60000; 5.923471e-002; 96.68866;80.00000;20.00000;0.92165;1
 26.25200;  9.65000; 5.826534e-002; 96.67988;80.00000;20.00000;0.92164;1
 26.23100;  9.70000; 5.810276e-002; 96.67109;80.00000;20.00000;0.92166;1
 26.24400;  9.75000; 5.737605e-002; 96.66816;80.00000;20.00000;0.92165;1
 26.24600;  9.80000; 5.753776e-002; 96.66426;80.00000;20.00000;0.92165;1
 26.22700;  9.85000; 5.729447e-002; 96.65840;80.00000;20.00000;0.92166;1
 26.21500;  9.90000; 5.680907e-002; 96.65157;80.00000;20.00000;0.92167;1
 26.21200;  9.95000; 5.575841e-002; 96.64376;80.00000;20.00000;0.92167;1
 26.20900; 10.00000; 5.567747e-002; 96.63692;80.00000;20.00000;0.92167;1
 26.20100; 10.05000; 5.543469e-002; 96.63009;80.00000;20.00000;0.92168;1
 26.20700; 10.10000; 5.446524e-002; 96.62326;80.00000;20.00000;0.92168;1
 26.19400; 10.15000; 5.389903e-002; 96.61642;80.00000;20.00000;0.92168;1
 26.19500; 10.20000; 5.414150e-002; 96.60861;80.00000;20.00000;0.92168;1
 26.17200; 10.25000; 5.349406e-002; 96.60080;80.00000;20.00000;0.92170;1
 26.16600; 10.30000; 5.349381e-002; 96.59299;80.00000;20.00000;0.92171;1
 26.16600; 10.35000; 5.252413e-002; 96.58714;80.00000;20.00000;0.92171;1
 26.15300; 10.40000; 5.211956e-002; 96.58128;80.00000;20.00000;0.92171;1
 26.15200; 10.45000; 5.163469e-002; 96.57445;80.00000;20.00000;0.92172;1
 26.15400; 10.50000; 5.171557e-002; 96.57054;80.00000;20.00000;0.92171;1
 26.14400; 10.55000; 5.131115e-002; 96.56664;80.00000;20.00000;0.92172;1
 26.12400; 10.60000; 5.147194e-002; 96.55785;80.00000;20.00000;0.92174;1
 26.12600; 10.65000; 5.042157e-002; 96.54711;80.00000;20.00000;0.92173;1
 26.12800; 10.70000; 5.026004e-002; 96.53833;80.00000;20.00000;0.92173;1
 26.11700; 10.75000; 4.985559e-002; 96.52954;80.00000;20.00000;0.92174;1
 26.11200; 10.80000; 4.969379e-002; 96.52466;80.00000;20.00000;0.92174;1
 26.09800; 10.85000; 4.969324e-002; 96.51294;80.00000;20.00000;0.92175;1
 26.09700; 10.90000; 4.888518e-002; 96.50904;80.00000;20.00000;0.92176;1
 26.09200; 10.95000; 4.896579e-002; 96.50513;80.00000;20.00000;0.92176;1
 26.08900; 11.00000; 4.831926e-002; 96.49733;80.00000;20.00000;0.92176;1
 26.08700; 11.05000; 4.831919e-002; 96.49147;80.00000;20.00000;0.92176;1
 26.07800; 11.10000; 4.823804e-002; 96.48854;80.00000;20.00000;0.92177;1
 26.05800; 11.15000; 4.734849e-002; 96.48463;80.00000;20.00000;0.92178;1
 26.04900; 11.20000; 4.654016e-002; 96.47975;80.00000;20.00000;0.92179;1
 26.03300; 11.25000; 4.734755e-002; 96.47390;80.00000;20.00000;0.92180;1
 26.04000; 11.30000; 4.637823e-002; 96.46023;80.00000;20.00000;0.92180;1
 26.04300; 11.35000; 4.662074e-002; 96.44363;80.00000;20.00000;0.92179;1
 26.04200; 11.40000; 4.662070e-002; 96.44070;80.00000;20.00000;0.92180;1
 26.04300; 11.45000; 4.605515e-002; 96.43778;80.00000;20.00000;0.92179;1
 26.01300; 11.50000; 4.573087e-002; 96.42997;80.00000;20.00000;0.92182;1
 26.02100; 11.55000; 4.548877e-002; 96.41630;80.00000;20.00000;0.92181;1
 26.01700; 11.60000; 4.443827e-002; 96.40849;80.00000;20.00000;0.92181;1
 26.00200; 11.65000; 4.419535e-002; 96.40654;80.00000;20.00000;0.92182;1
 26.00400; 11.70000; 4.443781e-002; 96.40556;80.00000;20.00000;0.92182;1
 25.98400; 11.75000; 4.379075e-002; 96.40263;80.00000;20.00000;0.92184;1
 25.98200; 11.80000; 4.411386e-002; 96.39385;80.00000;20.00000;0.92184;1
 25.99000; 11.85000; 4.427573e-002; 96.37823;80.00000;20.00000;0.92183;1
 25.98100; 11.90000; 4.322509e-002; 96.37042;80.00000;20.00000;0.92184;1
 25.98100; 11.95000; 4.249794e-002; 96.36944;80.00000;20.00000;0.92184;1
 25.96500; 12.00000; 4.298216e-002; 96.36944;80.00000;20.00000;0.92185;1
 25.96800; 12.05000; 4.185115e-002; 96.36749;80.00000;20.00000;0.92185;1
 25.96300; 12.10000; 4.257813e-002; 96.36651;80.00000;20.00000;0.92185;1
 25.95500; 12.15000; 4.209310e-002; 96.35870;80.00000;20.00000;0.92186;1
 25.95700; 12.20000; 4.217396e-002; 96.35284;80.00000;20.00000;0.92186;1
 25.93900; 12.25000; 4.144624e-002; 96.34601;80.00000;20.00000;0.92187;1
 25.93300; 12.30000; 4.079970e-002; 96.34113;80.00000;20.00000;0.92187;1
 25.91800; 12.35000; 4.128396e-002; 96.33430;80.00000;20.00000;0.92189;1
 25.91200; 12.40000; 4.096061e-002; 96.32844;80.00000;20.00000;0.92189;1
 25.90200; 12.45000; 4.039476e-002; 96.31770;80.00000;20.00000;0.92190;1
 25.89200; 12.50000; 3.966734e-002; 96.31282;80.00000;20.00000;0.92190;1
 25.89300; 12.55000; 4.047526e-002; 96.30891;80.00000;20.00000;0.92190;1
 25.90000; 12.60000; 3.982917e-002; 96.30403;80.00000;20.00000;0.92190;1
 25.87400; 12.65000; 3.942442e-002; 96.29720;80.00000;20.00000;0.92192;1
 25.87800; 12.70000; 3.934375e-002; 96.29330;80.00000;20.00000;0.92191;1
 25.87600; 12.75000; 3.910132e-002; 96.28841;80.00000;20.00000;0.92192;1
 25.88200; 12.80000; 3.926309e-002; 96.28549;80.00000;20.00000;0.92191;1
 25.86400; 12.85000; 3.853545e-002; 96.28256;80.00000;20.00000;0.92193;1
 25.86700; 12.90000; 3.845475e-002; 96.27670;80.00000;20.00000;0.92192;1
 25.84900; 12.95000; 3.796949e-002; 96.27084;80.00000;20.00000;0.92194;1
 25.84700; 13.00000; 3.796942e-002; 96.26596;80.00000;20.00000;0.92194;1
 25.82600; 13.05000; 3.780723e-002; 96.25718;80.00000;20.00000;0.92195;1
 25.83200; 13.10000; 3.724191e-002; 96.25132;80.00000;20.00000;0.92195;1
 25.84000; 13.15000; 3.764607e-002; 96.24644;80.00000;20.00000;0.92194;1
 25.81100; 13.20000; 3.772600e-002; 96.24448;80.00000;20.00000;0.92196;1
 25.82800; 13.25000; 3.675708e-002; 96.23570;80.00000;20.00000;0.92195;1
 25.79900; 13.30000; 3.683703e-002; 96.22691;80.00000;20.00000;0.92197;1
 25.80900; 13.35000; 3.643340e-002; 96.22008;80.00000;20.00000;0.92197;1
 25.81400; 13.40000; 3.627197e-002; 96.21910;80.00000;20.00000;0.92196;1
 25.79100; 13.45000; 3.562505e-002; 96.21813;80.00000;20.00000;0.92198;1
 25.79000; 13.50000; 3.586738e-002; 96.21422;80.00000;20.00000;0.92198;1
 25.80300; 13.55000; 3.602931e-002; 96.20934;80.00000;20.00000;0.92197;1
 25.78900; 13.60000; 3.522109e-002; 96.20544;80.00000;20.00000;0.92198;1
 25.78600; 13.65000; 3.489787e-002; 96.19958;80.00000;20.00000;0.92198;1
 25.75000; 13.70000; 3.538156e-002; 96.19470;80.00000;20.00000;0.92201;1
 25.75600; 13.75000; 3.449315e-002; 96.18982;80.00000;20.00000;0.92200;1
 25.75900; 13.80000; 3.465479e-002; 96.18493;80.00000;20.00000;0.92200;1
 25.73500; 13.85000; 3.449257e-002; 96.18103;80.00000;20.00000;0.92202;1
 25.74300; 13.90000; 3.392734e-002; 96.17713;80.00000;20.00000;0.92201;1
 25.72700; 13.95000; 3.384613e-002; 96.17224;80.00000;20.00000;0.92202;1
 25.73600; 14.00000; 3.303858e-002; 96.16541;80.00000;20.00000;0.92202;1
 25.72600; 14.05000; 3.376533e-002; 96.15565;80.00000;20.00000;0.92203;1
 25.72300; 14.10000; 3.376525e-002; 96.14881;80.00000;20.00000;0.92203;1
 25.70800; 14.15000; 3.336096e-002; 96.14101;80.00000;20.00000;0.92204;1
 25.71600; 14.20000; 3.271495e-002; 96.12441;80.00000;20.00000;0.92203;1
 25.71400; 14.25000; 3.239179e-002; 96.11758;80.00000;20.00000;0.92203;1
 25.70300; 14.30000; 3.263384e-002; 96.11172;80.00000;20.00000;0.92204;1
 25.69500; 14.35000; 3.239130e-002; 96.10879;80.00000;20.00000;0.92205;1
 25.69400; 14.40000; 3.222972e-002; 96.10781;80.00000;20.00000;0.92205;1
 25.68900; 14.45000; 3.166417e-002; 96.10000;80.00000;20.00000;0.92205;1
 25.69500; 14.50000; 3.174509e-002; 96.09219;80.00000;20.00000;0.92205;1
 25.69500; 14.55000; 3.198742e-002; 96.08829;80.00000;20.00000;0.92205;1
 25.68000; 14.60000; 3.077541e-002; 96.08341;80.00000;20.00000;0.92206;1
 25.68400; 14.65000; 3.093706e-002; 96.08146;80.00000;20.00000;0.92206;1
 25.65500; 14.70000; 3.117867e-002; 96.08146;80.00000;20.00000;0.92208;1
 25.65400; 14.75000; 3.134020e-002; 96.08146;80.00000;20.00000;0.92208;1
 25.66000; 14.80000; 3.069415e-002; 96.07950;80.00000;20.00000;0.92207;1
 25.65400; 14.85000; 3.061323e-002; 96.07755;80.00000;20.00000;0.92208;1
 25.65500; 14.90000; 3.093635e-002; 96.07365;80.00000;20.00000;0.92208;1
 25.64300; 14.95000; 3.053219e-002; 96.06974;80.00000;20.00000;0.92209;1
 25.64600; 15.00000; 2.996685e-002; 96.06388;80.00000;20.00000;0.92208;1
 25.64100; 15.05000; 2.956287e-002; 96.05510;80.00000;20.00000;0.92209;1
 25.62000; 15.10000; 2.923929e-002; 96.04729;80.00000;20.00000;0.92210;1
 25.63100; 15.15000; 2.964341e-002; 96.04631;80.00000;20.00000;0.92209;1
 25.61900; 15.20000; 2.980467e-002; 96.04534;80.00000;20.00000;0.92210;1
 25.62100; 15.25000; 2.932009e-002; 96.03362;80.00000;20.00000;0.92210;1
 25.61400; 15.30000; 2.923916e-002; 96.01800;80.00000;20.00000;0.92211;1
 25.61500; 15.35000; 2.875455e-002; 96.01410;80.00000;20.00000;0.92211;1
 25.60600; 15.40000; 2.859281e-002; 96.01312;80.00000;20.00000;0.92211;1
 25.61000; 15.45000; 2.891598e-002; 96.01117;80.00000;20.00000;0.92211;1
 25.59000; 15.50000; 2.826937e-002; 96.00629;80.00000;20.00000;0.92212;1
 25.60300; 15.55000; 2.802735e-002; 96.00043;80.00000;20.00000;0.92212;1
 25.58700; 15.60000; 2.794622e-002; 95.99164;80.00000;20.00000;0.92213;1
 25.57200; 15.65000; 2.729975e-002; 95.98481;80.00000;20.00000;0.92214;1
 25.57700; 15.70000; 2.721908e-002; 95.97798;80.00000;20.00000;0.92213;1
 25.56900; 15.75000; 2.786506e-002; 95.97017;80.00000;20.00000;0.92214;1
 25.56100; 15.80000; 2.697643e-002; 95.96236;80.00000;20.00000;0.92215;1
 25.54300; 15.85000; 2.754141e-002; 95.95650;80.00000;20.00000;0.92216;1
 25.54900; 15.90000; 2.657234e-002; 95.95455;80.00000;20.00000;0.92215;1
 25.54300; 15.95000; 2.689528e-002; 95.94967;80.00000;20.00000;0.92216;1
 25.53000; 16.00000; 2.689501e-002; 95.94283;80.00000;20.00000;0.92217;1
 25.54000; 16.05000; 2.665292e-002; 95.93307;80.00000;20.00000;0.92216;1
 25.52300; 16.10000; 2.681409e-002; 95.92038;80.00000;20.00000;0.92217;1
 25.53400; 16.15000; 2.624896e-002; 95.91257;80.00000;20.00000;0.92217;1
 25.51600; 16.20000; 2.592553e-002; 95.90574;80.00000;20.00000;0.92218;1
 25.50400; 16.25000; 2.632911e-002; 95.89890;80.00000;20.00000;0.92219;1
 25.49700; 16.30000; 2.600591e-002; 95.89305;80.00000;20.00000;0.92219;1
 25.48300; 16.35000; 2.600562e-002; 95.88816;80.00000;20.00000;0.92220;1
 25.49100; 16.40000; 2.592502e-002; 95.88328;80.00000;20.00000;0.92220;1
 25.49500; 16.45000; 2.584434e-002; 95.88231;80.00000;20.00000;0.92219;1
 25.49400; 16.50000; 2.552127e-002; 95.88035;80.00000;20.00000;0.92219;1
 25.48100; 16.55000; 2.592481e-002; 95.87743;80.00000;20.00000;0.92220;1
 25.47400; 16.60000; 2.511705e-002; 95.87352;80.00000;20.00000;0.92221;1
 25.46100; 16.65000; 2.535908e-002; 95.86962;80.00000;20.00000;0.92222;1
 25.46100; 16.70000; 2.495527e-002; 95.86376;80.00000;20.00000;0.92222;1
 25.45500; 16.75000; 2.535896e-002; 95.85790;80.00000;20.00000;0.92222;1
 25.45200; 16.80000; 2.471281e-002; 95.85497;80.00000;20.00000;0.92222;1
 25.45200; 16.85000; 2.479357e-002; 95.85790;80.00000;20.00000;0.92222;1
 25.43800; 16.90000; 2.511634e-002; 95.86278;80.00000;20.00000;0.92224;1
 25.43200; 16.95000; 2.479318e-002; 95.86278;80.00000;20.00000;0.92224;1
 25.43500; 17.00000; 2.471248e-002; 95.86083;80.00000;20.00000;0.92224;1
 25.42400; 17.05000; 2.455075e-002; 95.85790;80.00000;20.00000;0.92225;1
 25.41800; 17.10000; 2.455063e-002; 95.85595;80.00000;20.00000;0.92225;1
 25.42100; 17.15000; 2.390462e-002; 95.85400;80.00000;20.00000;0.92225;1
 25.42100; 17.20000; 2.430841e-002; 95.85204;80.00000;20.00000;0.92225;1
 25.40500; 17.25000; 2.430811e-002; 95.84912;80.00000;20.00000;0.92226;1
 25.40300; 17.30000; 2.438883e-002; 95.84228;80.00000;20.00000;0.92226;1
 25.39100; 17.35000; 2.438859e-002; 95.83740;80.00000;20.00000;0.92227;1
 25.40800; 17.40000; 2.446968e-002; 95.83447;80.00000;20.00000;0.92226;1
 25.38100; 17.45000; 2.293479e-002; 95.83350;80.00000;20.00000;0.92228;1
 25.39000; 17.50000; 2.350025e-002; 95.82764;80.00000;20.00000;0.92227;1
 25.40300; 17.55000; 2.374276e-002; 95.82861;80.00000;20.00000;0.92226;1
 25.38800; 17.60000; 2.358097e-002; 95.82959;80.00000;20.00000;0.92227;1
 25.38500; 17.65000; 2.333864e-002; 95.82861;80.00000;20.00000;0.92227;1
 25.37900; 17.70000; 2.333853e-002; 95.83154;80.00000;20.00000;0.92228;1
 25.35700; 17.75000; 2.325737e-002; 95.83350;80.00000;20.00000;0.92229;1
 25.35400; 17.80000; 2.301505e-002; 95.83252;80.00000;20.00000;0.92230;1
 25.34900; 17.85000; 2.325723e-002; 95.82959;80.00000;20.00000;0.92230;1
 25.33400; 17.90000; 2.261092e-002; 95.82569;80.00000;20.00000;0.92231;1
 25.33900; 17.95000; 2.293403e-002; 95.82081;80.00000;20.00000;0.92231;1
 25.34900; 18.00000; 2.244968e-002; 95.81495;80.00000;20.00000;0.92230;1
 25.33300; 18.05000; 2.293392e-002; 95.81007;80.00000;20.00000;0.92231;1
 25.33200; 18.10000; 2.349918e-002; 95.80616;80.00000;20.00000;0.92231;1
 25.32800; 18.15000; 2.309534e-002; 95.80128;80.00000;20.00000;0.92232;1
 25.32500; 18.20000; 2.277227e-002; 95.79933;80.00000;20.00000;0.92232;1
 25.31100; 18.25000; 2.325653e-002; 95.79640;80.00000;20.00000;0.92233;1
 25.30200; 18.30000; 2.244885e-002; 95.79249;80.00000;20.00000;0.92233;1
 25.29500; 18.35000; 2.204497e-002; 95.78859;80.00000;20.00000;0.92234;1
 25.30600; 18.40000; 2.204516e-002; 95.78566;80.00000;20.00000;0.92233;1
 25.30800; 18.45000; 2.252971e-002; 95.78176;80.00000;20.00000;0.92233;1
 25.28900; 18.50000; 2.269087e-002; 95.77980;80.00000;20.00000;0.92234;1
 25.29100; 18.55000; 2.252941e-002; 95.77883;80.00000;20.00000;0.92234;1
 25.28800; 18.60000; 2.261010e-002; 95.77590;80.00000;20.00000;0.92234;1
 25.27700; 18.65000; 2.244841e-002; 95.77297;80.00000;20.00000;0.92235;1
 25.27700; 18.70000; 2.196391e-002; 95.76418;80.00000;20.00000;0.92235;1
 25.27600; 18.75000; 2.180240e-002; 95.75540;80.00000;20.00000;0.92235;1
 25.27500; 18.80000; 2.172163e-002; 95.74856;80.00000;20.00000;0.92235;1
 25.25500; 18.85000; 2.147904e-002; 95.74368;80.00000;20.00000;0.92237;1
 25.24900; 18.90000; 2.099445e-002; 95.74076;80.00000;20.00000;0.92237;1
 25.23300; 18.95000; 2.123643e-002; 95.74076;80.00000;20.00000;0.92238;1
 25.26200; 19.00000; 2.155991e-002; 95.74076;80.00000;20.00000;0.92236;1
 25.23100; 19.05000; 2.164013e-002; 95.74076;80.00000;20.00000;0.92239;1
 25.22600; 19.10000; 2.107482e-002; 95.72806;80.00000;20.00000;0.92239;1
 25.21700; 19.15000; 2.131691e-002; 95.71830;80.00000;20.00000;0.92240;1
 25.22200; 19.20000; 2.188221e-002; 95.71537;80.00000;20.00000;0.92239;1
 25.20000; 19.25000; 2.099364e-002; 95.71049;80.00000;20.00000;0.92241;1
 25.20500; 19.30000; 2.099372e-002; 95.70756;80.00000;20.00000;0.92240;1
 25.20900; 19.35000; 2.091304e-002; 95.70659;80.00000;20.00000;0.92240;1
 25.19900; 19.40000; 2.050916e-002; 95.70659;80.00000;20.00000;0.92241;1
 25.20400; 19.45000; 2.067073e-002; 95.70464;80.00000;20.00000;0.92241;1
 25.19100; 19.50000; 2.058977e-002; 95.70268;80.00000;20.00000;0.92241;1
 25.17900; 19.55000; 2.018586e-002; 95.69975;80.00000;20.00000;0.92242;1
 25.18000; 19.60000; 2.002439e-002; 95.69780;80.00000;20.00000;0.92242;1
 25.16600; 19.65000; 2.002417e-002; 95.69585;80.00000;20.00000;0.92243;1
 25.16500; 19.70000; 2.067009e-002; 95.69292;80.00000;20.00000;0.92243;1
 25.15400; 19.75000; 2.083139e-002; 95.69097;80.00000;20.00000;0.92244;1
 25.13600; 19.80000; 2.034666e-002; 95.68706;80.00000;20.00000;0.92245;1
 25.15600; 19.85000; 1.962030e-002; 95.68413;80.00000;20.00000;0.92244;1
 25.14300; 19.90000; 1.994306e-002; 95.68121;80.00000;20.00000;0.92245;1
 25.15700; 19.95000; 2.010477e-002; 95.67828;80.00000;20.00000;0.92244;1
 25.14000; 20.00000; 1.986227e-002; 95.67730;80.00000;20.00000;0.92245;1
 25.13500; 20.05000; 1.994294e-002; 95.67730;80.00000;20.00000;0.92246;1
 25.14100; 20.10000; 1.986229e-002; 95.67730;80.00000;20.00000;0.92245;1
 25.11000; 20.15000; 1.961959e-002; 95.67535;80.00000;20.00000;0.92247;1
 25.11800; 20.20000; 1.929675e-002; 95.66754;80.00000;20.00000;0.92247;1
 25.10100; 20.25000; 1.961945e-002; 95.66168;80.00000;20.00000;0.92248;1
 25.08900; 20.30000; 1.978074e-002; 95.65485;80.00000;20.00000;0.92249;1
 25.09500; 20.35000; 1.986157e-002; 95.64704;80.00000;20.00000;0.92248;1
 25.10400; 20.40000; 1.970023e-002; 95.64020;80.00000;20.00000;0.92248;1
 25.10100; 20.45000; 1.881206e-002; 95.63825;80.00000;20.00000;0.92248;1
 25.08900; 20.50000; 1.881188e-002; 95.63825;80.00000;20.00000;0.92249;1
 25.08400; 20.55000; 1.921550e-002; 95.63825;80.00000;20.00000;0.92249;1
 25.08000; 20.60000; 1.865028e-002; 95.63825;80.00000;20.00000;0.92250;1
 25.08000; 20.65000; 1.856954e-002; 95.63825;80.00000;20.00000;0.92250;1
 25.08100; 20.70000; 1.873103e-002; 95.63825;80.00000;20.00000;0.92249;1
 25.05900; 20.75000; 1.873070e-002; 95.63728;80.00000;20.00000;0.92251;1
 25.05400; 20.80000; 1.889210e-002; 95.63532;80.00000;20.00000;0.92251;1
 25.05400; 20.85000; 1.784254e-002; 95.63435;80.00000;20.00000;0.92251;1
 25.05100; 20.90000; 1.792323e-002; 95.62849;80.00000;20.00000;0.92252;1
 25.04900; 20.95000; 1.800394e-002; 95.62459;80.00000;20.00000;0.92252;1
 25.05200; 21.00000; 1.816545e-002; 95.62263;80.00000;20.00000;0.92252;1
 25.06100; 21.05000; 1.800411e-002; 95.61873;80.00000;20.00000;0.92251;1
 25.03200; 21.10000; 1.873030e-002; 95.61482;80.00000;20.00000;0.92253;1
 25.02500; 21.15000; 1.792286e-002; 95.60604;80.00000;20.00000;0.92254;1
 25.01700; 21.20000; 1.808422e-002; 95.60018;80.00000;20.00000;0.92254;1
 25.02000; 21.25000; 1.759986e-002; 95.59920;80.00000;20.00000;0.92254;1
 25.01700; 21.30000; 1.719615e-002; 95.59823;80.00000;20.00000;0.92254;1
 25.01300; 21.35000; 1.711536e-002; 95.59237;80.00000;20.00000;0.92254;1
 24.99400; 21.40000; 1.768023e-002; 95.58749;80.00000;20.00000;0.92256;1
 24.99500; 21.45000; 1.598488e-002; 95.58261;80.00000;20.00000;0.92256;1
 24.99100; 21.50000; 1.703433e-002; 95.59042;80.00000;20.00000;0.92256;1
 24.98900; 21.55000; 1.695358e-002; 95.60408;80.00000;20.00000;0.92256;1
 24.99100; 21.60000; 1.671141e-002; 95.60799;80.00000;20.00000;0.92256;1
 24.98500; 21.65000; 1.679206e-002; 95.60897;80.00000;20.00000;0.92256;1
 24.97600; 21.70000; 1.703413e-002; 95.60897;80.00000;20.00000;0.92257;1
 24.97200; 21.75000; 1.606532e-002; 95.60897;80.00000;20.00000;0.92257;1
 24.98300; 21.80000; 1.606546e-002; 95.60897;80.00000;20.00000;0.92257;1
 24.96200; 21.85000; 1.638811e-002; 95.60897;80.00000;20.00000;0.92258;1
 24.95700; 21.90000; 1.590367e-002; 95.60799;80.00000;20.00000;0.92259;1
 24.96900; 21.95000; 1.630747e-002; 95.60701;80.00000;20.00000;0.92258;1
 24.95200; 22.00000; 1.622652e-002; 95.60506;80.00000;20.00000;0.92259;1
 24.94100; 22.05000; 1.549983e-002; 95.58846;80.00000;20.00000;0.92260;1
 24.94300; 22.10000; 1.582276e-002; 95.57968;80.00000;20.00000;0.92260;1
 24.94200; 22.15000; 1.574202e-002; 95.57675;80.00000;20.00000;0.92260;1
 24.92300; 22.20000; 1.533815e-002; 95.56601;80.00000;20.00000;0.92261;1
 24.93500; 22.25000; 1.549975e-002; 95.55820;80.00000;20.00000;0.92260;1
 24.92300; 22.30000; 1.582252e-002; 95.55332;80.00000;20.00000;0.92261;1
 24.91100; 22.35000; 1.590309e-002; 95.54942;80.00000;20.00000;0.92262;1
 24.90900; 22.40000; 1.549943e-002; 95.55039;80.00000;20.00000;0.92262;1
 24.91000; 22.45000; 1.461146e-002; 95.55527;80.00000;20.00000;0.92262;1
 24.89900; 22.50000; 1.509568e-002; 95.55625;80.00000;20.00000;0.92263;1
 24.87800; 22.55000; 1.493399e-002; 95.55234;80.00000;20.00000;0.92264;1
 24.88500; 22.60000; 1.493407e-002; 95.54454;80.00000;20.00000;0.92264;1
 24.86500; 22.65000; 1.453022e-002; 95.53477;80.00000;20.00000;0.92265;1
 24.88000; 22.70000; 1.461111e-002; 95.52794;80.00000;20.00000;0.92264;1
 24.87500; 22.75000; 1.453033e-002; 95.54258;80.00000;20.00000;0.92264;1
 24.89100; 22.80000; 1.436906e-002; 95.55625;80.00000;20.00000;0.92263;1
 24.86600; 22.85000; 1.501457e-002; 95.56796;80.00000;20.00000;0.92265;1
 24.86600; 22.90000; 1.453023e-002; 95.56601;80.00000;20.00000;0.92265;1
 24.85400; 22.95000; 1.453009e-002; 95.56308;80.00000;20.00000;0.92266;1
 24.85200; 23.00000; 1.453007e-002; 95.55918;80.00000;20.00000;0.92266;1
 24.84600; 23.05000; 1.444928e-002; 95.54649;80.00000;20.00000;0.92267;1
 24.84900; 23.10000; 1.404570e-002; 95.53575;80.00000;20.00000;0.92266;1
 24.84600; 23.15000; 1.453000e-002; 95.53184;80.00000;20.00000;0.92267;1
 24.82800; 23.20000; 1.404547e-002; 95.52989;80.00000;20.00000;0.92268;1
 24.82900; 23.25000; 1.404548e-002; 95.52794;80.00000;20.00000;0.92268;1
 24.82800; 23.30000; 1.396474e-002; 95.52599;80.00000;20.00000;0.92268;1
 24.82500; 23.35000; 1.380327e-002; 95.52599;80.00000;20.00000;0.92268;1
 24.81500; 23.40000; 1.348028e-002; 95.52599;80.00000;20.00000;0.92269;1
 24.79700; 23.45000; 1.388368e-002; 95.52501;80.00000;20.00000;0.92270;1
 24.80500; 23.50000; 1.388377e-002; 95.52306;80.00000;20.00000;0.92270;1
 24.80900; 23.55000; 1.364166e-002; 95.52208;80.00000;20.00000;0.92269;1
 24.81400; 23.60000; 1.388387e-002; 95.52013;80.00000;20.00000;0.92269;1
 24.82700; 23.65000; 1.388401e-002; 95.51818;80.00000;20.00000;0.92268;1
 24.80500; 23.70000; 1.380305e-002; 95.51622;80.00000;20.00000;0.92270;1
 24.80800; 23.75000; 1.380308e-002; 95.51525;80.00000;20.00000;0.92269;1
 24.78300; 23.80000; 1.428712e-002; 95.51330;80.00000;20.00000;0.92271;1
 24.78800; 23.85000; 1.404502e-002; 95.51134;80.00000;20.00000;0.92271;1
 24.78000; 23.90000; 1.404493e-002; 95.50939;80.00000;20.00000;0.92271;1
 24.78000; 23.95000; 1.347991e-002; 95.50646;80.00000;20.00000;0.92271;1
 24.76800; 24.00000; 1.428695e-002; 95.50353;80.00000;20.00000;0.92272;1
 24.77000; 24.05000; 1.388339e-002; 95.50158;80.00000;20.00000;0.92272;1
 24.77000; 24.10000; 1.356052e-002; 95.49963;80.00000;20.00000;0.92272;1
 24.76200; 24.15000; 1.388330e-002; 95.49280;80.00000;20.00000;0.92273;1
 24.76200; 24.20000; 1.388330e-002; 95.48694;80.00000;20.00000;0.92273;1
 24.74300; 24.25000; 1.347951e-002; 95.47815;80.00000;20.00000;0.92274;1
 24.74800; 24.30000; 1.356028e-002; 95.47229;80.00000;20.00000;0.92274;1
 24.73300; 24.35000; 1.380227e-002; 95.46546;80.00000;20.00000;0.92275;1
 24.74100; 24.40000; 1.380236e-002; 95.46253;80.00000;20.00000;0.92274;1
 24.73700; 24.45000; 1.388303e-002; 95.47327;80.00000;20.00000;0.92275;1
 24.73100; 24.50000; 1.380225e-002; 95.47718;80.00000;20.00000;0.92275;1
 24.73300; 24.55000; 1.307583e-002; 95.47913;80.00000;20.00000;0.92275;1
 24.73000; 24.60000; 1.380224e-002; 95.47913;80.00000;20.00000;0.92275;1
 24.72000; 24.65000; 1.315641e-002; 95.47913;80.00000;20.00000;0.92276;1
 24.72500; 24.70000; 1.315647e-002; 95.47815;80.00000;20.00000;0.92275;1
 24.72800; 24.75000; 1.396364e-002; 95.47620;80.00000;20.00000;0.92275;1
 24.71100; 24.80000; 1.355989e-002; 95.47620;80.00000;20.00000;0.92276;1
 24.71100; 24.85000; 1.315632e-002; 95.47425;80.00000;20.00000;0.92276;1
 24.71400; 24.90000; 1.291421e-002; 95.47327;80.00000;20.00000;0.92276;1
 24.69900; 24.95000; 1.364047e-002; 95.46937;80.00000;20.00000;0.92277;1
 24.69700; 25.00000; 1.315617e-002; 95.46351;80.00000;20.00000;0.92277;1
 24.69400; 25.05000; 1.323686e-002; 95.45960;80.00000;20.00000;0.92278;1
 24.68500; 25.10000; 1.283320e-002; 95.45570;80.00000;20.00000;0.92278;1
 24.69500; 25.15000; 1.307544e-002; 95.45277;80.00000;20.00000;0.92278;1
 24.68100; 25.20000; 1.355957e-002; 95.44984;80.00000;20.00000;0.92279;1
 24.67900; 25.25000; 1.364026e-002; 95.44984;80.00000;20.00000;0.92279;1
 24.67400; 25.30000; 1.347878e-002; 95.44984;80.00000;20.00000;0.92279;1
 24.66200; 25.35000; 1.299439e-002; 95.44984;80.00000;20.00000;0.92280;1
 24.65400; 25.40000; 1.307502e-002; 95.44887;80.00000;20.00000;0.92281;1
 24.65000; 25.45000; 1.291356e-002; 95.44691;80.00000;20.00000;0.92281;1
 24.64800; 25.50000; 1.339780e-002; 95.44594;80.00000;20.00000;0.92281;1
 24.66800; 25.55000; 1.307516e-002; 95.44301;80.00000;20.00000;0.92280;1
 24.66500; 25.60000; 1.331727e-002; 95.44008;80.00000;20.00000;0.92280;1
 24.64600; 25.65000; 1.250997e-002; 95.43422;80.00000;20.00000;0.92281;1
 24.63300; 25.70000; 1.315551e-002; 95.43032;80.00000;20.00000;0.92282;1
 24.64800; 25.75000; 1.372064e-002; 95.42739;80.00000;20.00000;0.92281;1
 24.66300; 25.80000; 1.412435e-002; 95.42544;80.00000;20.00000;0.92280;1
 24.63700; 25.85000; 1.396264e-002; 95.42251;80.00000;20.00000;0.92282;1
 24.63700; 25.90000; 1.283272e-002; 95.41958;80.00000;20.00000;0.92282;1
 24.62800; 25.95000; 1.347829e-002; 95.41860;80.00000;20.00000;0.92282;1
 24.66800; 26.00000; 1.396298e-002; 95.41860;80.00000;20.00000;0.92280;1
 24.63700; 26.05000; 1.388193e-002; 95.41860;80.00000;20.00000;0.92282;1
 24.62800; 26.10000; 1.347829e-002; 95.41860;80.00000;20.00000;0.92282;1
 24.64800; 26.15000; 1.315567e-002; 95.41665;80.00000;20.00000;0.92281;1
 24.63800; 26.20000; 1.315556e-002; 95.41567;80.00000;20.00000;0.92282;1
 24.63200; 26.25000; 1.291338e-002; 95.40884;80.00000;20.00000;0.92282;1
 24.62100; 26.30000; 1.372034e-002; 95.40494;80.00000;20.00000;0.92283;1
 24.62300; 26.35000; 1.331682e-002; 95.40103;80.00000;20.00000;0.92283;1
 24.62200; 26.40000; 1.315540e-002; 95.39908;80.00000;20.00000;0.92283;1
 24.61300; 26.45000; 1.347813e-002; 95.40005;80.00000;20.00000;0.92284;1
 24.61400; 26.50000; 1.299390e-002; 95.40005;80.00000;20.00000;0.92283;1
 24.60900; 26.55000; 1.315526e-002; 95.40103;80.00000;20.00000;0.92284;1
 24.60000; 26.60000; 1.267093e-002; 95.40103;80.00000;20.00000;0.92284;1
 24.60000; 26.65000; 1.339729e-002; 95.40201;80.00000;20.00000;0.92284;1
 24.59200; 26.70000; 1.323579e-002; 95.40103;80.00000;20.00000;0.92285;1
 24.60300; 26.75000; 1.347803e-002; 95.39713;80.00000;20.00000;0.92284;1
 24.60300; 26.80000; 1.412368e-002; 95.39615;80.00000;20.00000;0.92284;1
 24.59700; 26.85000; 1.331655e-002; 95.39420;80.00000;20.00000;0.92285;1
 24.58900; 26.90000; 1.299364e-002; 95.39029;80.00000;20.00000;0.92285;1
 24.58600; 26.95000; 1.331644e-002; 95.37858;80.00000;20.00000;0.92286;1
 24.59900; 27.00000; 1.404293e-002; 95.37370;80.00000;20.00000;0.92285;1
 24.59200; 27.05000; 1.291297e-002; 95.36882;80.00000;20.00000;0.92285;1
 24.58000; 27.10000; 1.259003e-002; 95.36491;80.00000;20.00000;0.92286;1
 24.58700; 27.15000; 1.291292e-002; 95.36296;80.00000;20.00000;0.92285;1
 24.56200; 27.20000; 1.331619e-002; 95.36393;80.00000;20.00000;0.92287;1
 24.56300; 27.25000; 1.315479e-002; 95.36491;80.00000;20.00000;0.92287;1
 24.56900; 27.30000; 1.323555e-002; 95.37370;80.00000;20.00000;0.92287;1
 24.56100; 27.35000; 1.283195e-002; 95.37663;80.00000;20.00000;0.92287;1
 24.54700; 27.40000; 1.291251e-002; 95.37663;80.00000;20.00000;0.92288;1
 24.54100; 27.45000; 1.283175e-002; 95.37565;80.00000;20.00000;0.92289;1
 24.55000; 27.50000; 1.275113e-002; 95.37467;80.00000;20.00000;0.92288;1
 24.54900; 27.55000; 1.202479e-002; 95.37370;80.00000;20.00000;0.92288;1
 24.54100; 27.60000; 1.275104e-002; 95.37272;80.00000;20.00000;0.92289;1
 24.52400; 27.65000; 1.258947e-002; 95.37174;80.00000;20.00000;0.92290;1
 24.54900; 27.70000; 1.291253e-002; 95.37077;80.00000;20.00000;0.92288;1
 24.53200; 27.75000; 1.226674e-002; 95.36882;80.00000;20.00000;0.92289;1
 24.52400; 27.80000; 1.283158e-002; 95.36882;80.00000;20.00000;0.92290;1
 24.52900; 27.85000; 1.283163e-002; 95.36784;80.00000;20.00000;0.92290;1
 24.52700; 27.90000; 1.291231e-002; 95.36882;80.00000;20.00000;0.92290;1
 24.52600; 27.95000; 1.250879e-002; 95.36979;80.00000;20.00000;0.92290;1
 24.53500; 28.00000; 1.194396e-002; 95.37077;80.00000;20.00000;0.92289;1
 24.52400; 28.05000; 1.162105e-002; 95.37174;80.00000;20.00000;0.92290;1
 24.52100; 28.10000; 1.202453e-002; 95.37272;80.00000;20.00000;0.92290;1
 24.52400; 28.15000; 1.194386e-002; 95.37370;80.00000;20.00000;0.92290;1
 24.52600; 28.20000; 1.250879e-002; 95.37272;80.00000;20.00000;0.92290;1
 24.51700; 28.25000; 1.162099e-002; 95.37174;80.00000;20.00000;0.92291;1
 24.52000; 28.30000; 1.162101e-002; 95.37077;80.00000;20.00000;0.92290;1
 24.50400; 28.35000; 1.137877e-002; 95.36882;80.00000;20.00000;0.92291;1
 24.50100; 28.40000; 1.210504e-002; 95.36784;80.00000;20.00000;0.92292;1
 24.50400; 28.45000; 1.113666e-002; 95.36686;80.00000;20.00000;0.92291;1
 24.50000; 28.50000; 1.097523e-002; 95.36491;80.00000;20.00000;0.92292;1
 24.49500; 28.55000; 1.145938e-002; 95.36393;80.00000;20.00000;0.92292;1
 24.50900; 28.60000; 1.113671e-002; 95.36003;80.00000;20.00000;0.92291;1
 24.50600; 28.65000; 1.081388e-002; 95.35417;80.00000;20.00000;0.92291;1
 24.50100; 28.70000; 1.121734e-002; 95.35124;80.00000;20.00000;0.92292;1
 24.49200; 28.75000; 1.121726e-002; 95.34929;80.00000;20.00000;0.92292;1
 24.49700; 28.80000; 1.073310e-002; 95.34734;80.00000;20.00000;0.92292;1
 24.49800; 28.85000; 1.113661e-002; 95.34539;80.00000;20.00000;0.92292;1
 24.49100; 28.90000; 1.089445e-002; 95.34343;80.00000;20.00000;0.92292;1
 24.47400; 28.95000; 1.089431e-002; 95.34148;80.00000;20.00000;0.92294;1
 24.47700; 29.00000; 1.032944e-002; 95.33953;80.00000;20.00000;0.92293;1
 24.47800; 29.05000; 1.008735e-002; 95.33758;80.00000;20.00000;0.92293;1
 24.48600; 29.10000; 1.000672e-002; 95.33562;80.00000;20.00000;0.92293;1
 24.49200; 29.15000; 1.008746e-002; 95.33562;80.00000;20.00000;0.92292;1
 24.48200; 29.20000; 1.024878e-002; 95.33562;80.00000;20.00000;0.92293;1
 24.46800; 29.25000; 1.008727e-002; 95.33562;80.00000;20.00000;0.92294;1
 24.47900; 29.30000; 9.925959e-003; 95.33562;80.00000;20.00000;0.92293;1
 24.46300; 29.35000; 1.032933e-002; 95.33562;80.00000;20.00000;0.92294;1
 24.46200; 29.40000; 9.764432e-003; 95.33562;80.00000;20.00000;0.92295;1
 24.47300; 29.45000; 1.032941e-002; 95.33562;80.00000;20.00000;0.92294;1
 24.46500; 29.50000; 9.845152e-003; 95.33562;80.00000;20.00000;0.92294;1
 24.45600; 29.55000; 1.008718e-002; 95.33562;80.00000;20.00000;0.92295;1
 24.45300; 29.60000; 9.683665e-003; 95.33465;80.00000;20.00000;0.92295;1
 24.46700; 29.65000; 9.360980e-003; 95.33367;80.00000;20.00000;0.92294;1
 24.45700; 29.70000; 9.441603e-003; 95.33270;80.00000;20.00000;0.92295;1
 24.45400; 29.75000; 8.957397e-003; 95.33172;80.00000;20.00000;0.92295;1
 24.44800; 29.80000; 9.038053e-003; 95.33074;80.00000;20.00000;0.92296;1
 24.45000; 29.85000; 9.199460e-003; 95.32977;80.00000;20.00000;0.92295;1
 24.44600; 29.90000; 9.522218e-003; 95.32879;80.00000;20.00000;0.92296;1
 24.44900; 29.95000; 8.957363e-003; 95.32781;80.00000;20.00000;0.92295;1
 24.44700; 29.99667; 9.441529e-003; 95.32781;80.00000;20.00000;0.92296;1
 24.42800; 30.01000; 9.199301e-003; 95.31610;80.00000;20.00000;0.92297;2
 24.45000; 30.02333; 9.602945e-003; 95.31512;80.00000;20.00000;0.92295;2
 24.45400; 30.03667; 9.764370e-003; 95.31415;80.00000;20.00000;0.92295;2
 24.44400; 30.05000; 9.360810e-003; 95.31317;80.00000;20.00000;0.92296;2
 24.44200; 30.06333; 9.683582e-003; 95.31219;80.00000;20.00000;0.92296;2
 24.44800; 30.07667; 9.602931e-003; 95.31219;80.00000;20.00000;0.92296;2
 24.43900; 30.09000; 9.441469e-003; 95.31122;80.00000;20.00000;0.92296;2
 24.43700; 30.10333; 9.522151e-003; 95.31024;80.00000;20.00000;0.92296;2
 24.45000; 30.11667; 9.038066e-003; 95.31024;80.00000;20.00000;0.92295;2
 24.44500; 30.13000; 9.118727e-003; 95.30927;80.00000;20.00000;0.92296;2
 24.43300; 30.14333; 8.957249e-003; 95.30829;80.00000;20.00000;0.92297;2
 24.42400; 30.15667; 8.795796e-003; 95.30829;80.00000;20.00000;0.92297;2
 24.41900; 30.17000; 8.392286e-003; 95.30731;80.00000;20.00000;0.92298;2
 24.43600; 30.18333; 8.795878e-003; 95.30634;80.00000;20.00000;0.92296;2
 24.44000; 30.19667; 8.795906e-003; 95.30634;80.00000;20.00000;0.92296;2
 24.44400; 30.21000; 8.634541e-003; 95.30536;80.00000;20.00000;0.92296;2
 24.43800; 30.22333; 8.795892e-003; 95.30439;80.00000;20.00000;0.92296;2
 24.43800; 30.23667; 8.473107e-003; 95.30439;80.00000;20.00000;0.92296;2
 24.43900; 30.25000; 8.231025e-003; 95.30341;80.00000;20.00000;0.92296;2
 24.45600; 30.26333; 8.634622e-003; 95.30243;80.00000;20.00000;0.92295;2
 24.44100; 30.27667; 8.392431e-003; 95.30243;80.00000;20.00000;0.92296;2
 24.44800; 30.29000; 8.150387e-003; 95.30146;80.00000;20.00000;0.92296;2
 24.43000; 30.30333; 7.908183e-003; 95.30048;80.00000;20.00000;0.92297;2
 24.44400; 30.31667; 7.908270e-003; 95.30048;80.00000;20.00000;0.92296;2
 24.44000; 30.33000; 7.827548e-003; 95.29950;80.00000;20.00000;0.92296;2
 24.45900; 30.34333; 8.150457e-003; 95.29853;80.00000;20.00000;0.92295;2
 24.45600; 30.35667; 7.666252e-003; 95.29853;80.00000;20.00000;0.92295;2
 24.45400; 30.37000; 7.666241e-003; 95.29755;80.00000;20.00000;0.92295;2
 24.45600; 30.38333; 7.424160e-003; 95.29755;80.00000;20.00000;0.92295;2
 24.45600; 30.39667; 6.939976e-003; 95.29658;80.00000;20.00000;0.92295;2
 24.45900; 30.41000; 7.020690e-003; 95.29658;80.00000;20.00000;0.92295;2
 24.47600; 30.42333; 6.778688e-003; 95.29658;80.00000;20.00000;0.92294;2
 24.47000; 30.43667; 6.859354e-003; 95.29658;80.00000;20.00000;0.92294;2
 24.47300; 30.45000; 6.940069e-003; 95.29658;80.00000;20.00000;0.92294;2
 24.47800; 30.46333; 6.617301e-003; 95.29658;80.00000;20.00000;0.92293;2
 24.47600; 30.47667; 6.778688e-003; 95.29658;80.00000;20.00000;0.92294;2
 24.48700; 30.49000; 6.536649e-003; 95.29658;80.00000;20.00000;0.92293;2
 24.50700; 30.50333; 6.375350e-003; 95.29267;80.00000;20.00000;0.92291;2
 24.49800; 30.51667; 6.133205e-003; 95.29169;80.00000;20.00000;0.92292;2
 24.49900; 30.53000; 5.891110e-003; 95.29267;80.00000;20.00000;0.92292;2
 24.50700; 30.54333; 5.810446e-003; 95.29462;80.00000;20.00000;0.92291;2
 24.51000; 30.55667; 5.164854e-003; 95.29462;80.00000;20.00000;0.92291;2
 24.50800; 30.57000; 5.729750e-003; 95.29169;80.00000;20.00000;0.92291;2
 24.52400; 30.58333; 5.649121e-003; 95.29169;80.00000;20.00000;0.92290;2
 24.53000; 30.59667; 4.842126e-003; 95.29169;80.00000;20.00000;0.92290;2
 24.54500; 30.61000; 5.003590e-003; 95.29267;80.00000;20.00000;0.92288;2
 24.54700; 30.62333; 4.680785e-003; 95.29267;80.00000;20.00000;0.92288;2
 24.54500; 30.63667; 4.438669e-003; 95.29462;80.00000;20.00000;0.92288;2
 24.54900; 30.65000; 4.680792e-003; 95.29462;80.00000;20.00000;0.92288;2
 24.54900; 30.66333; 4.277276e-003; 95.29658;80.00000;20.00000;0.92288;2
 24.54900; 30.67667; 3.712353e-003; 95.29853;80.00000;20.00000;0.92288;2
 24.58500; 30.69000; 3.389636e-003; 95.30048;80.00000;20.00000;0.92286;2
 24.58000; 30.70333; 3.631738e-003; 95.30243;80.00000;20.00000;0.92286;2
 24.59500; 30.71667; 3.470369e-003; 95.30439;80.00000;20.00000;0.92285;2
 24.59400; 30.73000; 3.308954e-003; 95.30243;80.00000;20.00000;0.92285;2
 24.60600; 30.74333; 3.066865e-003; 95.29755;80.00000;20.00000;0.92284;2
 24.62500; 30.75667; 3.470451e-003; 95.29560;80.00000;20.00000;0.92283;2
 24.62200; 30.77000; 3.551151e-003; 95.29462;80.00000;20.00000;0.92283;2
 24.63600; 30.78333; 2.824811e-003; 95.29560;80.00000;20.00000;0.92282;2
 24.65700; 30.79667; 2.259886e-003; 95.29950;80.00000;20.00000;0.92280;2
 24.66500; 30.81000; 2.017768e-003; 95.30341;80.00000;20.00000;0.92280;2
 24.68000; 30.82333; 2.098504e-003; 95.30731;80.00000;20.00000;0.92279;2
 24.68400; 30.83667; 1.614239e-003; 95.31024;80.00000;20.00000;0.92278;2
 24.68100; 30.85000; 1.452812e-003; 95.30927;80.00000;20.00000;0.92279;2
 24.70600; 30.86333; 1.856407e-003; 95.30634;80.00000;20.00000;0.92277;2
 24.72600; 30.87667; 1.856436e-003; 95.30341;80.00000;20.00000;0.92275;2
 24.73500; 30.89000; 1.452872e-003; 95.30048;80.00000;20.00000;0.92275;2
 24.74100; 30.90333; 1.210733e-003; 95.29560;80.00000;20.00000;0.92274;2
 24.75800; 30.91667; 1.049316e-003; 95.29462;80.00000;20.00000;0.92273;2
 24.76900; 30.93000; 1.130042e-003; 95.29169;80.00000;20.00000;0.92272;2
 24.78600; 30.94333; 6.457470e-004; 95.28974;80.00000;20.00000;0.92271;2
 24.80900; 30.95667; 6.457587e-004; 95.29072;80.00000;20.00000;0.92269;2
 24.82000; 30.97000; 3.228822e-004; 95.28877;80.00000;20.00000;0.92268;2
 24.81800; 30.98333; 2.421612e-004; 95.29072;80.00000;20.00000;0.92269;2
 24.87000; 30.99667;-1.614475e-004; 95.28486;80.00000;20.00000;0.92265;2
 24.87700; 31.01000;-6.457933e-004; 95.27998;80.00000;20.00000;0.92264;2
 24.88500; 31.02333;-7.265221e-004; 95.27803;80.00000;20.00000;0.92264;2
 24.89700; 31.03667;-8.072544e-004; 95.27900;80.00000;20.00000;0.92263;2
 24.92000; 31.05000;-7.265422e-004; 95.27900;80.00000;20.00000;0.92261;2
 24.93100; 31.06333;-1.049459e-003; 95.27803;80.00000;20.00000;0.92260;2
 24.94300; 31.07667;-9.687405e-004; 95.28096;80.00000;20.00000;0.92260;2
 24.97100; 31.09000;-7.265714e-004; 95.28193;80.00000;20.00000;0.92257;2
 24.98400; 31.10333;-1.372428e-003; 95.27607;80.00000;20.00000;0.92257;2
 25.00500; 31.11667;-1.372451e-003; 95.27705;80.00000;20.00000;0.92255;2
 25.02900; 31.13000;-1.533945e-003; 95.28388;80.00000;20.00000;0.92253;2
 25.05500; 31.14333;-2.099125e-003; 95.28974;80.00000;20.00000;0.92251;2
 25.07300; 31.15667;-1.453261e-003; 95.28681;80.00000;20.00000;0.92250;2
 25.11000; 31.17000;-2.260694e-003; 95.28096;80.00000;20.00000;0.92247;2
 25.13300; 31.18333;-2.664437e-003; 95.27119;80.00000;20.00000;0.92246;2
 25.15100; 31.19667;-2.906700e-003; 95.27412;80.00000;20.00000;0.92244;2
 25.16700; 31.21000;-2.987479e-003; 95.28193;80.00000;20.00000;0.92243;2
 25.19000; 31.22333;-2.906789e-003; 95.28486;80.00000;20.00000;0.92242;2
 25.21300; 31.23667;-3.068332e-003; 95.28486;80.00000;20.00000;0.92240;2
 25.23700; 31.25000;-2.745401e-003; 95.27900;80.00000;20.00000;0.92238;2
 25.26200; 31.26333;-3.149199e-003; 95.27705;80.00000;20.00000;0.92236;2
 25.28200; 31.27667;-2.987749e-003; 95.28193;80.00000;20.00000;0.92235;2
 25.30600; 31.29000;-3.310811e-003; 95.28486;80.00000;20.00000;0.92233;2
 25.33800; 31.30333;-3.149388e-003; 95.28486;80.00000;20.00000;0.92231;2
 25.37000; 31.31667;-3.634001e-003; 95.28584;80.00000;20.00000;0.92228;2
 25.38600; 31.33000;-3.149507e-003; 95.28681;80.00000;20.00000;0.92227;2
 25.41300; 31.34333;-3.391849e-003; 95.28584;80.00000;20.00000;0.92225;2
 25.44200; 31.35667;-4.199528e-003; 95.28291;80.00000;20.00000;0.92223;2
 25.46000; 31.37000;-3.876543e-003; 95.28388;80.00000;20.00000;0.92222;2
 25.49200; 31.38333;-3.795877e-003; 95.28584;80.00000;20.00000;0.92220;2
 25.50800; 31.39667;-4.199747e-003; 95.28486;80.00000;20.00000;0.92218;2
 25.55100; 31.41000;-4.442191e-003; 95.28193;80.00000;20.00000;0.92215;2
 25.57800; 31.42333;-4.038441e-003; 95.27900;80.00000;20.00000;0.92213;2
 25.60100; 31.43667;-3.876974e-003; 95.27705;80.00000;20.00000;0.92212;2
 25.63200; 31.45000;-3.877069e-003; 95.26827;80.00000;20.00000;0.92209;2
 25.66200; 31.46333;-4.523354e-003; 95.26827;80.00000;20.00000;0.92207;2
 25.69900; 31.47667;-4.685040e-003; 95.27119;80.00000;20.00000;0.92205;2
 25.71100; 31.49000;-4.685083e-003; 95.27217;80.00000;20.00000;0.92204;2
 25.75000; 31.50333;-4.927568e-003; 95.26827;80.00000;20.00000;0.92201;2
 25.77400; 31.51667;-4.846879e-003; 95.25850;80.00000;20.00000;0.92199;2
 25.80400; 31.53000;-5.493264e-003; 95.24874;80.00000;20.00000;0.92197;2
 25.85200; 31.54333;-5.412685e-003; 95.25460;80.00000;20.00000;0.92193;2
 25.86900; 31.55667;-5.170396e-003; 95.25948;80.00000;20.00000;0.92192;2
 25.90000; 31.57000;-5.251311e-003; 95.26046;80.00000;20.00000;0.92190;2
 25.93100; 31.58333;-4.928275e-003; 95.25850;80.00000;20.00000;0.92188;2
 25.96900; 31.59667;-5.251598e-003; 95.25557;80.00000;20.00000;0.92185;2
 25.99200; 31.61000;-5.574874e-003; 95.25948;80.00000;20.00000;0.92183;2
 26.03100; 31.62333;-5.575045e-003; 95.26338;80.00000;20.00000;0.92180;2
 26.07400; 31.63667;-5.252033e-003; 95.26436;80.00000;20.00000;0.92177;2
 26.08800; 31.65000;-5.494495e-003; 95.26534;80.00000;20.00000;0.92176;2
 26.13800; 31.66333;-6.060344e-003; 95.26729;80.00000;20.00000;0.92173;2
 26.15500; 31.67667;-5.494786e-003; 95.26631;80.00000;20.00000;0.92171;2
 26.20500; 31.69000;-5.414194e-003; 95.26338;80.00000;20.00000;0.92168;2
 26.22900; 31.70333;-5.495107e-003; 95.26241;80.00000;20.00000;0.92166;2
 26.26200; 31.71667;-6.222563e-003; 95.26338;80.00000;20.00000;0.92164;2
 26.29400; 31.73000;-5.818647e-003; 95.26338;80.00000;20.00000;0.92161;2
 26.33300; 31.74333;-5.414741e-003; 95.26338;80.00000;20.00000;0.92158;2
 26.35700; 31.75667;-5.172386e-003; 95.26241;80.00000;20.00000;0.92157;2
 26.40600; 31.77000;-5.819159e-003; 95.26046;80.00000;20.00000;0.92153;2
 26.44500; 31.78333;-5.576866e-003; 95.26436;80.00000;20.00000;0.92150;2
 26.47300; 31.79667;-5.819467e-003; 95.26827;80.00000;20.00000;0.92148;2
 26.49900; 31.81000;-6.385380e-003; 95.27022;80.00000;20.00000;0.92146;2
 26.55600; 31.82333;-6.547329e-003; 95.26924;80.00000;20.00000;0.92142;2
 26.59500; 31.83667;-6.385864e-003; 95.26827;80.00000;20.00000;0.92139;2
 26.60700; 31.85000;-6.143420e-003; 95.26827;80.00000;20.00000;0.92138;2
 26.66600; 31.86333;-6.143707e-003; 95.26143;80.00000;20.00000;0.92134;2
 26.68900; 31.87667;-6.224658e-003; 95.25753;80.00000;20.00000;0.92132;2
 26.72400; 31.89000;-6.224831e-003; 95.25557;80.00000;20.00000;0.92130;2
 26.76800; 31.90333;-6.225047e-003; 95.26338;80.00000;20.00000;0.92127;2
 26.79600; 31.91667;-5.659259e-003; 95.26924;80.00000;20.00000;0.92125;2
 26.84400; 31.93000;-5.902022e-003; 95.26729;80.00000;20.00000;0.92121;2
 26.88300; 31.94333;-5.902204e-003; 95.26241;80.00000;20.00000;0.92118;2
 26.91800; 31.95667;-6.144931e-003; 95.26241;80.00000;20.00000;0.92116;2
 26.95200; 31.97000;-6.145095e-003; 95.26338;80.00000;20.00000;0.92113;2
 26.99300; 31.98333;-6.064439e-003; 95.26338;80.00000;20.00000;0.92110;2
 27.04100; 31.99667;-6.226393e-003; 95.25655;80.00000;20.00000;0.92107;2
 27.06900; 32.01000;-6.307395e-003; 95.25557;80.00000;20.00000;0.92105;2
 27.12200; 32.02333;-5.903322e-003; 95.25655;80.00000;20.00000;0.92101;2
 27.15800; 32.03667;-5.903490e-003; 95.25265;80.00000;20.00000;0.92098;2
 27.21100; 32.05000;-5.499372e-003; 95.24874;80.00000;20.00000;0.92094;2
 27.24300; 32.06333;-5.661262e-003; 95.25167;80.00000;20.00000;0.92092;2
 27.28900; 32.07667;-5.661467e-003; 95.25655;80.00000;20.00000;0.92089;2
 27.32500; 32.09000;-6.066031e-003; 95.26338;80.00000;20.00000;0.92086;2
 27.37400; 32.10333;-6.066266e-003; 95.26436;80.00000;20.00000;0.92083;2
 27.40200; 32.11667;-5.661974e-003; 95.25655;80.00000;20.00000;0.92081;2
 27.44200; 32.13000;-5.338601e-003; 95.25362;80.00000;20.00000;0.92078;2
 27.51600; 32.14333;-5.581591e-003; 95.25265;80.00000;20.00000;0.92072;2
 27.54800; 32.15667;-5.824416e-003; 95.25362;80.00000;20.00000;0.92070;2
 27.58400; 32.17000;-5.662788e-003; 95.25460;80.00000;20.00000;0.92067;2
 27.62100; 32.18333;-5.824752e-003; 95.25655;80.00000;20.00000;0.92065;2
 27.66000; 32.19667;-5.177718e-003; 95.25948;80.00000;20.00000;0.92062;2
 27.72000; 32.21000;-5.177964e-003; 95.25265;80.00000;20.00000;0.92057;2
 27.76200; 32.22333;-5.420860e-003; 95.24484;80.00000;20.00000;0.92054;2
 27.80400; 32.23667;-5.501952e-003; 95.24386;80.00000;20.00000;0.92051;2
 27.82600; 32.25000;-5.744784e-003; 95.24386;80.00000;20.00000;0.92050;2
 27.89200; 32.26333;-5.502335e-003; 95.24191;80.00000;20.00000;0.92045;2
 27.93100; 32.27667;-4.936067e-003; 95.23995;80.00000;20.00000;0.92042;2
 27.98200; 32.29000;-4.774425e-003; 95.23898;80.00000;20.00000;0.92038;2
 28.01400; 32.30333;-4.288996e-003; 95.23995;80.00000;20.00000;0.92036;2
 28.06600; 32.31667;-4.451031e-003; 95.24386;80.00000;20.00000;0.92032;2
 28.11900; 32.33000;-4.613080e-003; 95.24484;80.00000;20.00000;0.92028;2
 28.15300; 32.34333;-4.289470e-003; 95.24386;80.00000;20.00000;0.92026;2
 28.20800; 32.35667;-4.046847e-003; 95.24288;80.00000;20.00000;0.92022;2
 28.24200; 32.37000;-4.289773e-003; 95.24191;80.00000;20.00000;0.92019;2
 28.27800; 32.38333;-4.047071e-003; 95.24093;80.00000;20.00000;0.92017;2
 28.34200; 32.39667;-3.723494e-003; 95.24093;80.00000;20.00000;0.92012;2
 28.38200; 32.41000;-4.290248e-003; 95.24191;80.00000;20.00000;0.92009;2
 28.43900; 32.42333;-4.290441e-003; 95.24191;80.00000;20.00000;0.92005;2
 28.48800; 32.43667;-3.966789e-003; 95.24288;80.00000;20.00000;0.92001;2
 28.53400; 32.45000;-4.047891e-003; 95.24386;80.00000;20.00000;0.91998;2
 28.58100; 32.46333;-3.886120e-003; 95.24874;80.00000;20.00000;0.91995;2
 28.62500; 32.47667;-4.129146e-003; 95.25362;80.00000;20.00000;0.91992;2
 28.67400; 32.49000;-4.129306e-003; 95.25655;80.00000;20.00000;0.91988;2
 28.72400; 32.50333;-3.805590e-003; 95.25460;80.00000;20.00000;0.91984;2
 28.75900; 32.51667;-4.048612e-003; 95.25460;80.00000;20.00000;0.91982;2
 28.81100; 32.53000;-4.291705e-003; 95.25655;80.00000;20.00000;0.91978;2
 28.87200; 32.54333;-3.725053e-003; 95.25850;80.00000;20.00000;0.91974;2
 28.91100; 32.55667;-3.563204e-003; 95.25948;80.00000;20.00000;0.91971;2
 28.97000; 32.57000;-3.887313e-003; 95.26241;80.00000;20.00000;0.91966;2
 29.00800; 32.58333;-3.725454e-003; 95.26436;80.00000;20.00000;0.91964;2
 29.06100; 32.59667;-3.725611e-003; 95.26534;80.00000;20.00000;0.91960;2
 29.11500; 32.61000;-3.563780e-003; 95.26534;80.00000;20.00000;0.91956;2
 29.16900; 32.62333;-3.320937e-003; 95.26241;80.00000;20.00000;0.91952;2
 29.19600; 32.63667;-3.321008e-003; 95.25948;80.00000;20.00000;0.91950;2
 29.26600; 32.65000;-3.078178e-003; 95.25655;80.00000;20.00000;0.91945;2
 29.31800; 32.66333;-2.997297e-003; 95.25850;80.00000;20.00000;0.91941;2
 29.34800; 32.67667;-3.321408e-003; 95.25948;80.00000;20.00000;0.91939;2
 29.39800; 32.69000;-2.997487e-003; 95.26143;80.00000;20.00000;0.91935;2
 29.43700; 32.70333;-3.078595e-003; 95.26241;80.00000;20.00000;0.91932;2
 29.49200; 32.71667;-3.159748e-003; 95.26143;80.00000;20.00000;0.91928;2
 29.55000; 32.73000;-3.159893e-003; 95.26241;80.00000;20.00000;0.91924;2
 29.60400; 32.74333;-2.835923e-003; 95.26338;80.00000;20.00000;0.91920;2
 29.64200; 32.75667;-2.754979e-003; 95.26143;80.00000;20.00000;0.91917;2
 29.69200; 32.77000;-2.268897e-003; 95.26046;80.00000;20.00000;0.91914;2
 29.75300; 32.78333;-3.079366e-003; 95.26046;80.00000;20.00000;0.91909;2
 29.79500; 32.79667;-2.836352e-003; 95.26046;80.00000;20.00000;0.91906;2
 29.84700; 32.81000;-2.512301e-003; 95.26046;80.00000;20.00000;0.91903;2
 29.89800; 32.82333;-2.512403e-003; 95.26143;80.00000;20.00000;0.91899;2
 29.95600; 32.83667;-2.755665e-003; 95.26143;80.00000;20.00000;0.91895;2
 29.99500; 32.85000;-2.998905e-003; 95.26241;80.00000;20.00000;0.91892;2
 30.06000; 32.86333;-2.431670e-003; 95.25850;80.00000;20.00000;0.91887;2
 30.12400; 32.87667;-2.188614e-003; 95.25460;80.00000;20.00000;0.91882;2
 30.17700; 32.89000;-2.512958e-003; 95.25362;80.00000;20.00000;0.91878;2
 30.20500; 32.90333;-2.513014e-003; 95.25167;80.00000;20.00000;0.91876;2
 30.28300; 32.91667;-2.594240e-003; 95.25167;80.00000;20.00000;0.91871;2
 30.31100; 32.93000;-2.107867e-003; 95.25460;80.00000;20.00000;0.91869;2
 30.36900; 32.94333;-1.945812e-003; 95.25655;80.00000;20.00000;0.91865;2
 30.41900; 32.95667;-1.783732e-003; 95.25948;80.00000;20.00000;0.91861;2
 30.46200; 32.97000;-2.270282e-003; 95.25850;80.00000;20.00000;0.91858;2
 30.53400; 32.98333;-1.946067e-003; 95.25655;80.00000;20.00000;0.91852;2
 30.58000; 32.99667;-2.027227e-003; 95.25557;80.00000;20.00000;0.91849;2
 30.64000; 33.01000;-2.594974e-003; 95.25362;80.00000;20.00000;0.91845;2
 30.68300; 33.02333;-1.703010e-003; 95.25460;80.00000;20.00000;0.91842;2
 30.73700; 33.03667;-1.297587e-003; 95.25460;80.00000;20.00000;0.91838;2
 30.78500; 33.05000;-2.027557e-003; 95.25460;80.00000;20.00000;0.91834;2
 30.84900; 33.06333;-2.352085e-003; 95.25460;80.00000;20.00000;0.91830;2
 30.90200; 33.07667;-2.433294e-003; 95.25948;80.00000;20.00000;0.91826;2
 30.95500; 33.09000;-2.757849e-003; 95.25948;80.00000;20.00000;0.91822;2
 31.01900; 33.10333;-1.865698e-003; 95.25655;80.00000;20.00000;0.91817;2
 31.07300; 33.11667;-2.352503e-003; 95.25362;80.00000;20.00000;0.91813;2
 31.12000; 33.13000;-2.514838e-003; 95.25167;80.00000;20.00000;0.91810;2
 31.16700; 33.14333;-2.433805e-003; 95.25265;80.00000;20.00000;0.91806;2
 31.22200; 33.15667;-2.109390e-003; 95.25265;80.00000;20.00000;0.91802;2
 31.27900; 33.17000;-1.541547e-003; 95.25069;80.00000;20.00000;0.91798;2
 31.34000; 33.18333;-1.217070e-003; 95.24972;80.00000;20.00000;0.91794;2
 31.39600; 33.19667;-1.947398e-003; 95.24874;80.00000;20.00000;0.91790;2
 31.43900; 33.21000;-2.272042e-003; 95.24776;80.00000;20.00000;0.91787;2
 31.50400; 33.22333;-1.704119e-003; 95.24679;80.00000;20.00000;0.91782;2
 31.56300; 33.23667;-1.947656e-003; 95.24776;80.00000;20.00000;0.91778;2
 31.61400; 33.25000;-1.623113e-003; 95.24776;80.00000;20.00000;0.91774;2
 31.66100; 33.26333;-1.136221e-003; 95.24776;80.00000;20.00000;0.91770;2
 31.72500; 33.27667;-4.058139e-004; 95.24386;80.00000;20.00000;0.91766;2
 31.77200; 33.29000;-1.055155e-003; 95.24093;80.00000;20.00000;0.91762;2
 31.84200; 33.30333;-1.461066e-003; 95.23898;80.00000;20.00000;0.91757;2
 31.90500; 33.31667;-1.298790e-003; 95.23703;80.00000;20.00000;0.91753;2
 31.95300; 33.33000;-1.217662e-003; 95.23507;80.00000;20.00000;0.91749;2
 32.00500; 33.34333;-1.461255e-003; 95.23703;80.00000;20.00000;0.91745;2
 32.06700; 33.35667;-1.704881e-003; 95.23703;80.00000;20.00000;0.91741;2
 32.11400; 33.37000;-1.704945e-003; 95.23800;80.00000;20.00000;0.91737;2
 32.17300; 33.38333;-1.461450e-003; 95.23703;80.00000;20.00000;0.91733;2
 32.24100; 33.39667;-1.705117e-003; 95.23410;80.00000;20.00000;0.91728;2
 32.30400; 33.41000;-1.705202e-003; 95.23703;80.00000;20.00000;0.91724;2
 32.35900; 33.42333;-1.786480e-003; 95.23898;80.00000;20.00000;0.91720;2
 32.40700; 33.43667;-1.705342e-003; 95.24288;80.00000;20.00000;0.91716;2
 32.45800; 33.45000;-1.786621e-003; 95.24288;80.00000;20.00000;0.91712;2
 32.52000; 33.46333;-1.949137e-003; 95.24288;80.00000;20.00000;0.91708;2
 32.58500; 33.47667;-1.705583e-003; 95.24191;80.00000;20.00000;0.91703;2
 32.65000; 33.49000;-1.624448e-003; 95.23898;80.00000;20.00000;0.91698;2
 32.70000; 33.50333;-1.705739e-003; 95.23703;80.00000;20.00000;0.91695;2
 32.77000; 33.51667;-1.462143e-003; 95.23605;80.00000;20.00000;0.91690;2
 32.82900; 33.53000;-1.787147e-003; 95.23507;80.00000;20.00000;0.91685;2
 32.89000; 33.54333;-1.949710e-003; 95.23312;80.00000;20.00000;0.91681;2
 32.94600; 33.55667;-2.031038e-003; 95.23214;80.00000;20.00000;0.91677;2
 32.98900; 33.57000;-1.787375e-003; 95.23117;80.00000;20.00000;0.91674;2
 33.05200; 33.58333;-1.299974e-003; 95.23117;80.00000;20.00000;0.91669;2
 33.11100; 33.59667;-1.218783e-003; 95.23117;80.00000;20.00000;0.91665;2
 33.18100; 33.61000;-1.381364e-003; 95.23117;80.00000;20.00000;0.91660;2
 33.23300; 33.62333;-1.868981e-003; 95.22824;80.00000;20.00000;0.91656;2
 33.29900; 33.63667;-1.544022e-003; 95.22336;80.00000;20.00000;0.91651;2
 33.35600; 33.65000;-1.625360e-003; 95.21945;80.00000;20.00000;0.91647;2
 33.41700; 33.66333;-1.219079e-003; 95.21750;80.00000;20.00000;0.91642;2
 33.49400; 33.67667;-1.219154e-003; 95.21750;80.00000;20.00000;0.91637;2
 33.54100; 33.69000;-1.300479e-003; 95.21750;80.00000;20.00000;0.91633;2
 33.60300; 33.70333;-1.219260e-003; 95.21750;80.00000;20.00000;0.91629;2
 33.66400; 33.71667;-1.381895e-003; 95.21750;80.00000;20.00000;0.91624;2
 33.72400; 33.73000;-1.544544e-003; 95.21750;80.00000;20.00000;0.91620;2
 33.79900; 33.74333;-1.544636e-003; 95.21653;80.00000;20.00000;0.91615;2
 33.85800; 33.75667;-2.113812e-003; 95.21555;80.00000;20.00000;0.91610;2
 33.90300; 33.77000;-2.357798e-003; 95.21653;80.00000;20.00000;0.91607;2
 33.96800; 33.78333;-2.032689e-003; 95.21653;80.00000;20.00000;0.91602;2
 34.03600; 33.79667;-2.601983e-003; 95.21750;80.00000;20.00000;0.91597;2
 34.08500; 33.81000;-2.520769e-003; 95.21653;80.00000;20.00000;0.91594;2
 34.14900; 33.82333;-2.032982e-003; 95.21653;80.00000;20.00000;0.91589;2
 34.22100; 33.83667;-2.195746e-003; 95.21848;80.00000;20.00000;0.91584;2
 34.28800; 33.85000;-2.602505e-003; 95.21848;80.00000;20.00000;0.91579;2
 34.33000; 33.86333;-2.439930e-003; 95.21848;80.00000;20.00000;0.91576;2
 34.39300; 33.87667;-2.196047e-003; 95.21750;80.00000;20.00000;0.91571;2
 34.46200; 33.89000;-2.358846e-003; 95.21750;80.00000;20.00000;0.91566;2
 34.51800; 33.90333;-2.033579e-003; 95.21750;80.00000;20.00000;0.91562;2
 34.59300; 33.91667;-2.033700e-003; 95.21653;80.00000;20.00000;0.91557;2
 34.64500; 33.93000;-2.277839e-003; 95.21653;80.00000;20.00000;0.91553;2
 34.72400; 33.94333;-1.708487e-003; 95.21750;80.00000;20.00000;0.91547;2
 34.80200; 33.95667;-1.871316e-003; 95.21945;80.00000;20.00000;0.91542;2
 34.85100; 33.97000;-1.627294e-003; 95.22141;80.00000;20.00000;0.91538;2
 34.91400; 33.98333;-2.034220e-003; 95.22336;80.00000;20.00000;0.91533;2
 34.97800; 33.99667;-2.603941e-003; 95.22531;80.00000;20.00000;0.91529;2
 35.04400; 34.01000;-2.604078e-003; 95.22629;80.00000;20.00000;0.91524;2
 35.11200; 34.02333;-2.034547e-003; 95.22141;80.00000;20.00000;0.91519;2
 35.17000; 34.03667;-2.767110e-003; 95.21848;80.00000;20.00000;0.91515;2
 35.24700; 34.05000;-2.360327e-003; 95.21653;80.00000;20.00000;0.91509;2
 35.30700; 34.06333;-2.279046e-003; 95.21457;80.00000;20.00000;0.91505;2
 35.37000; 34.07667;-2.848949e-003; 95.21262;80.00000;20.00000;0.91500;2
 35.44300; 34.09000;-2.849114e-003; 95.21164;80.00000;20.00000;0.91495;2
 35.50100; 34.10333;-2.930653e-003; 95.20969;80.00000;20.00000;0.91491;2
 35.56700; 34.11667;-2.198107e-003; 95.20872;80.00000;20.00000;0.91486;2
 35.63800; 34.13000;-2.198231e-003; 95.20676;80.00000;20.00000;0.91481;2
 35.69400; 34.14333;-2.605426e-003; 95.20676;80.00000;20.00000;0.91477;2
 35.75300; 34.15667;-2.686972e-003; 95.20579;80.00000;20.00000;0.91472;2
 35.82200; 34.17000;-2.768547e-003; 95.20579;80.00000;20.00000;0.91467;2
 35.88200; 34.18333;-3.094406e-003; 95.20481;80.00000;20.00000;0.91463;2
 35.94400; 34.19667;-2.361639e-003; 95.20286;80.00000;20.00000;0.91458;2
 36.01700; 34.21000;-2.768977e-003; 95.20188;80.00000;20.00000;0.91453;2
 36.07600; 34.22333;-3.094884e-003; 95.20091;80.00000;20.00000;0.91449;2
 36.14700; 34.23667;-2.850713e-003; 95.19895;80.00000;20.00000;0.91444;2
 36.21900; 34.25000;-2.606516e-003; 95.19895;80.00000;20.00000;0.91438;2
 36.27900; 34.26333;-2.606641e-003; 95.19895;80.00000;20.00000;0.91434;2
 36.34200; 34.27667;-2.769695e-003; 95.19798;80.00000;20.00000;0.91429;2
 36.40800; 34.29000;-2.688368e-003; 95.19798;80.00000;20.00000;0.91425;2
 36.45700; 34.30333;-2.525536e-003; 95.19798;80.00000;20.00000;0.91421;2
 36.53900; 34.31667;-2.607175e-003; 95.19798;80.00000;20.00000;0.91415;2
 36.61600; 34.33000;-2.607335e-003; 95.19798;80.00000;20.00000;0.91409;2
 36.67800; 34.34333;-2.688947e-003; 95.19310;80.00000;20.00000;0.91405;2
 36.73900; 34.35667;-3.015027e-003; 95.19017;80.00000;20.00000;0.91400;2
 36.80800; 34.37000;-3.259668e-003; 95.18822;80.00000;20.00000;0.91395;2
 36.88300; 34.38333;-2.770883e-003; 95.18822;80.00000;20.00000;0.91390;2
 36.94500; 34.39667;-2.934022e-003; 95.18919;80.00000;20.00000;0.91385;2
 37.02700; 34.41000;-2.608190e-003; 95.19310;80.00000;20.00000;0.91379;2
 37.06800; 34.42333;-2.526766e-003; 95.19407;80.00000;20.00000;0.91376;2
 37.14000; 34.43667;-2.363885e-003; 95.19310;80.00000;20.00000;0.91371;2
 37.21500; 34.45000;-2.364026e-003; 95.19212;80.00000;20.00000;0.91366;2
 37.28600; 34.46333;-2.201115e-003; 95.19017;80.00000;20.00000;0.91361;2
 37.35100; 34.47667;-2.282756e-003; 95.18724;80.00000;20.00000;0.91356;2
 37.43500; 34.49000;-2.445974e-003; 95.18431;80.00000;20.00000;0.91350;2
 37.50000; 34.50333;-2.527638e-003; 95.18431;80.00000;20.00000;0.91345;2
 37.55900; 34.51667;-2.772378e-003; 95.18236;80.00000;20.00000;0.91341;2
 37.64600; 34.53000;-2.446386e-003; 95.18138;80.00000;20.00000;0.91334;2
 37.70600; 34.54333;-2.528053e-003; 95.18041;80.00000;20.00000;0.91330;2
 37.77200; 34.55667;-2.772850e-003; 95.17943;80.00000;20.00000;0.91325;2
 37.85000; 34.57000;-2.854582e-003; 95.17845;80.00000;20.00000;0.91319;2
 37.90900; 34.58333;-2.528463e-003; 95.17748;80.00000;20.00000;0.91315;2
 37.99100; 34.59667;-2.365491e-003; 95.17650;80.00000;20.00000;0.91309;2
 38.05500; 34.61000;-2.120894e-003; 95.17552;80.00000;20.00000;0.91304;2
 38.12400; 34.62333;-2.121010e-003; 95.17357;80.00000;20.00000;0.91299;2
 38.19400; 34.63667;-2.773784e-003; 95.17260;80.00000;20.00000;0.91294;2
 38.25600; 34.65000;-2.773921e-003; 95.17064;80.00000;20.00000;0.91290;2
 38.33600; 34.66333;-2.610916e-003; 95.16869;80.00000;20.00000;0.91284;2
 38.39600; 34.67667;-2.692636e-003; 95.16674;80.00000;20.00000;0.91280;2
 38.47000; 34.69000;-2.692795e-003; 95.16576;80.00000;20.00000;0.91274;2
 38.54600; 34.70333;-2.692959e-003; 95.16479;80.00000;20.00000;0.91269;2
 38.60400; 34.71667;-2.366649e-003; 95.16381;80.00000;20.00000;0.91264;2
 38.68200; 34.73000;-2.448410e-003; 95.16186;80.00000;20.00000;0.91259;2
 38.76400; 34.74333;-2.856666e-003; 95.16088;80.00000;20.00000;0.91253;2
 38.83000; 34.75667;-2.693570e-003; 95.15990;80.00000;20.00000;0.91248;2
 38.89500; 34.77000;-2.448827e-003; 95.15795;80.00000;20.00000;0.91243;2
 38.97700; 34.78333;-2.693886e-003; 95.15502;80.00000;20.00000;0.91237;2
 39.05200; 34.79667;-2.938961e-003; 95.15209;80.00000;20.00000;0.91232;2
 39.11800; 34.81000;-2.449264e-003; 95.15014;80.00000;20.00000;0.91227;2
 39.18300; 34.82333;-2.531037e-003; 95.14917;80.00000;20.00000;0.91222;2
 39.25500; 34.83667;-2.041276e-003; 95.14721;80.00000;20.00000;0.91217;2
 39.31300; 34.85000;-1.878061e-003; 95.14721;80.00000;20.00000;0.91213;2
 39.40000; 34.86333;-2.204834e-003; 95.14526;80.00000;20.00000;0.91206;2
 39.48000; 34.87667;-2.368306e-003; 95.14429;80.00000;20.00000;0.91201;2
 39.53400; 34.89000;-2.368409e-003; 95.14233;80.00000;20.00000;0.91197;2
 39.59900; 34.90333;-2.368532e-003; 95.14136;80.00000;20.00000;0.91192;2
 39.69100; 34.91667;-2.041988e-003; 95.14038;80.00000;20.00000;0.91185;2
 39.76400; 34.93000;-1.715370e-003; 95.13940;80.00000;20.00000;0.91180;2
 39.82200; 34.94333;-1.960514e-003; 95.13745;80.00000;20.00000;0.91176;2
 39.89400; 34.95667;-2.042320e-003; 95.13648;80.00000;20.00000;0.91170;2
 39.96300; 34.97000;-2.124130e-003; 95.13355;80.00000;20.00000;0.91165;2
 40.03900; 34.98333;-1.879152e-003; 95.13159;80.00000;20.00000;0.91160;2
 40.10900; 34.99667;-1.960964e-003; 95.12964;80.00000;20.00000;0.91155;2
 40.18400; 35.01000;-1.797658e-003; 95.12964;80.00000;20.00000;0.91149;2
 40.26600; 35.02333;-2.042927e-003; 95.12964;80.00000;20.00000;0.91143;2
 40.32700; 35.03667;-1.879585e-003; 95.12867;80.00000;20.00000;0.91139;2
 40.40100; 35.05000;-1.879696e-003; 95.12574;80.00000;20.00000;0.91133;2
 40.47200; 35.06333;-2.124995e-003; 95.12086;80.00000;20.00000;0.91128;2
 40.54700; 35.07667;-2.125122e-003; 95.11695;80.00000;20.00000;0.91123;2
 40.61000; 35.09000;-2.452187e-003; 95.11207;80.00000;20.00000;0.91118;2
 40.68900; 35.10333;-2.288853e-003; 95.11012;80.00000;20.00000;0.91112;2
 40.76400; 35.11667;-2.125491e-003; 95.10914;80.00000;20.00000;0.91107;2
 40.85100; 35.13000;-2.043884e-003; 95.10914;80.00000;20.00000;0.91101;2
 40.90800; 35.14333;-1.880459e-003; 95.10914;80.00000;20.00000;0.91096;2
 40.99000; 35.15667;-1.308231e-003; 95.10914;80.00000;20.00000;0.91090;2
 41.05600; 35.17000;-1.390069e-003; 95.10914;80.00000;20.00000;0.91086;2
 41.13100; 35.18333;-1.471926e-003; 95.10719;80.00000;20.00000;0.91080;2
 41.19600; 35.19667;-1.635559e-003; 95.10621;80.00000;20.00000;0.91075;2
 41.26400; 35.21000;-8.178238e-004; 95.10426;80.00000;20.00000;0.91070;2
 41.35400; 35.22333;-3.271531e-004; 95.10133;80.00000;20.00000;0.91064;2
 41.43700; 35.23667;-6.543497e-004; 95.09938;80.00000;20.00000;0.91058;2
 41.49400; 35.25000;-7.361771e-004; 95.09645;80.00000;20.00000;0.91054;2
 41.58700; 35.26333;-9.816425e-004; 95.09450;80.00000;20.00000;0.91047;2
 41.63200; 35.27667;-1.063484e-003; 95.09352;80.00000;20.00000;0.91044;2
 41.72200; 35.29000;-7.363115e-004; 95.09255;80.00000;20.00000;0.91037;2
 41.80700; 35.30333;-1.309087e-003; 95.09059;80.00000;20.00000;0.91031;2
 41.88000; 35.31667;-1.145518e-003; 95.08864;80.00000;20.00000;0.91026;2
 41.94000; 35.33000;-6.546134e-004; 95.08669;80.00000;20.00000;0.91021;2
 42.01100; 35.34333;-6.546507e-004; 95.08571;80.00000;20.00000;0.91016;2
 42.09900; 35.35667;-7.365339e-004; 95.08376;80.00000;20.00000;0.91010;2
 42.16600; 35.37000;-6.547319e-004; 95.08278;80.00000;20.00000;0.91005;2
 42.23900; 35.38333;-9.821553e-004; 95.08181;80.00000;20.00000;0.90999;2
 42.30700; 35.39667;-4.911044e-004; 95.08083;80.00000;20.00000;0.90994;2
 42.39500; 35.41000;-1.637130e-004; 95.07888;80.00000;20.00000;0.90988;2
 42.46600; 35.42333;-3.274447e-004; 95.07790;80.00000;20.00000;0.90983;2
 42.56400; 35.43667;-8.186760e-005; 95.07693;80.00000;20.00000;0.90976;2
 42.63000; 35.45000; 8.187193e-005; 95.07693;80.00000;20.00000;0.90971;2
 42.69100; 35.46333;-1.637519e-004; 95.07497;80.00000;20.00000;0.90966;2
 42.76500; 35.47667;-4.912848e-004; 95.07400;80.00000;20.00000;0.90961;2
 42.82700; 35.49000;-4.094243e-004; 95.07400;80.00000;20.00000;0.90957;2
 42.91200; 35.50333; 0.000000e+000; 95.07400;80.00000;20.00000;0.90950;2
 42.98600; 35.51667;-1.637906e-004; 95.07400;80.00000;20.00000;0.90945;2
 43.07700; 35.53000;-1.638026e-004; 95.07107;80.00000;20.00000;0.90938;2
 43.14100; 35.54333; 8.190549e-005; 95.06912;80.00000;20.00000;0.90934;2
 43.21600; 35.55667;-8.191041e-005; 95.06716;80.00000;20.00000;0.90928;2
 43.27900; 35.57000; 2.457437e-004; 95.06521;80.00000;20.00000;0.90924;2
 43.37300; 35.58333; 9.011280e-004; 95.06326;80.00000;20.00000;0.90917;2
 43.43600; 35.59667; 9.011735e-004; 95.06228;80.00000;20.00000;0.90912;2
 43.51400; 35.61000; 8.192999e-004; 95.06033;80.00000;20.00000;0.90906;2
 43.58400; 35.62333; 6.554767e-004; 95.05935;80.00000;20.00000;0.90901;2
 43.68000; 35.63667; 5.735863e-004; 95.05935;80.00000;20.00000;0.90894;2
 43.73500; 35.65000; 1.065279e-003; 95.05838;80.00000;20.00000;0.90890;2
 43.80800; 35.66333; 1.147290e-003; 95.05740;80.00000;20.00000;0.90885;2
 43.88700; 35.67667; 1.147363e-003; 95.05545;80.00000;20.00000;0.90879;2
 43.95700; 35.69000; 8.195912e-004; 95.05350;80.00000;20.00000;0.90874;2
 44.04100; 35.70333; 1.065540e-003; 95.05154;80.00000;20.00000;0.90868;2
 44.11300; 35.71667; 1.229541e-003; 95.05057;80.00000;20.00000;0.90863;2
 44.18600; 35.73000; 1.311587e-003; 95.04862;80.00000;20.00000;0.90857;2
 44.24900; 35.74333; 1.065718e-003; 95.04764;80.00000;20.00000;0.90853;2
 44.34300; 35.75667; 1.475721e-003; 95.04666;80.00000;20.00000;0.90846;2
 44.42800; 35.77000; 2.049753e-003; 95.04569;80.00000;20.00000;0.90840;2
 44.49900; 35.78333; 1.885880e-003; 95.04373;80.00000;20.00000;0.90835;2
 44.57100; 35.79667; 1.475992e-003; 95.04276;80.00000;20.00000;0.90829;2
 44.64000; 35.81000; 1.394069e-003; 95.04276;80.00000;20.00000;0.90824;2
 44.71700; 35.82333; 9.021006e-004; 95.04276;80.00000;20.00000;0.90819;2
 44.79200; 35.83667; 1.394239e-003; 95.04276;80.00000;20.00000;0.90813;2
 44.86500; 35.85000; 1.968453e-003; 95.04178;80.00000;20.00000;0.90808;2
 44.93600; 35.86333; 1.640471e-003; 95.04081;80.00000;20.00000;0.90803;2
 45.01800; 35.87667; 1.722608e-003; 95.03983;80.00000;20.00000;0.90797;2
 45.10400; 35.89000; 1.886797e-003; 95.03983;80.00000;20.00000;0.90790;2
 45.17000; 35.90333; 1.968936e-003; 95.04081;80.00000;20.00000;0.90786;2
 45.24700; 35.91667; 1.394749e-003; 95.04178;80.00000;20.00000;0.90780;2
 45.33300; 35.93000; 1.476895e-003; 95.04276;80.00000;20.00000;0.90774;2
 45.39600; 35.94333; 1.312862e-003; 95.04276;80.00000;20.00000;0.90769;2
 45.46600; 35.95667; 1.805287e-003; 95.04373;80.00000;20.00000;0.90764;2
 45.55300; 35.97000; 2.297799e-003; 95.04276;80.00000;20.00000;0.90758;2
 45.62700; 35.98333; 2.051728e-003; 95.04178;80.00000;20.00000;0.90752;2
 45.70000; 35.99667; 2.298070e-003; 95.04178;80.00000;20.00000;0.90747;2
 45.77800; 36.01000; 2.051977e-003; 95.04081;80.00000;20.00000;0.90741;2
 45.85500; 36.02333; 2.134188e-003; 95.03788;80.00000;20.00000;0.90736;2
 45.92800; 36.03667; 2.380580e-003; 95.03690;80.00000;20.00000;0.90730;2
 46.01800; 36.05000; 2.052373e-003; 95.03495;80.00000;20.00000;0.90724;2
 46.08100; 36.06333; 2.709270e-003; 95.03300;80.00000;20.00000;0.90719;2
 46.14300; 36.07667; 2.216786e-003; 95.03104;80.00000;20.00000;0.90715;2
 46.23300; 36.09000; 2.463273e-003; 95.02909;80.00000;20.00000;0.90708;2
 46.32300; 36.10333; 2.791912e-003; 95.02714;80.00000;20.00000;0.90702;2
 46.38900; 36.11667; 2.956299e-003; 95.02519;80.00000;20.00000;0.90697;2
 46.47500; 36.13000; 2.545878e-003; 95.02323;80.00000;20.00000;0.90690;2
 46.55000; 36.14333; 2.546031e-003; 95.02128;80.00000;20.00000;0.90685;2
 46.61800; 36.15667; 2.628305e-003; 95.01933;80.00000;20.00000;0.90680;2
 46.69500; 36.17000; 2.710608e-003; 95.01738;80.00000;20.00000;0.90674;2
 46.77800; 36.18333; 3.121514e-003; 95.01640;80.00000;20.00000;0.90668;2
 46.83900; 36.19667; 2.957369e-003; 95.01542;80.00000;20.00000;0.90664;2
 46.93000; 36.21000; 3.368361e-003; 95.01445;80.00000;20.00000;0.90657;2
 47.00700; 36.22333; 3.122089e-003; 95.01347;80.00000;20.00000;0.90652;2
 47.08800; 36.23667; 3.204459e-003; 95.01347;80.00000;20.00000;0.90646;2
 47.15900; 36.25000; 3.040301e-003; 95.01250;80.00000;20.00000;0.90641;2
 47.22900; 36.26333; 3.040472e-003; 95.01152;80.00000;20.00000;0.90635;2
 47.32500; 36.27667; 3.205070e-003; 95.01054;80.00000;20.00000;0.90628;2
 47.38400; 36.29000; 3.369592e-003; 95.00957;80.00000;20.00000;0.90624;2
 47.46900; 36.30333; 3.205441e-003; 95.00664;80.00000;20.00000;0.90618;2
 47.53000; 36.31667; 2.959014e-003; 95.00273;80.00000;20.00000;0.90613;2
 47.61400; 36.33000; 3.041415e-003; 94.99883;80.00000;20.00000;0.90607;2
 47.69700; 36.34333; 3.370441e-003; 94.99492;80.00000;20.00000;0.90601;2
 47.76500; 36.35667; 3.041784e-003; 94.99200;80.00000;20.00000;0.90596;2
 47.84300; 36.37000; 3.781915e-003; 94.98809;80.00000;20.00000;0.90591;2
 47.91000; 36.38333; 3.699899e-003; 94.98516;80.00000;20.00000;0.90586;2
 48.00200; 36.39667; 2.713461e-003; 94.98321;80.00000;20.00000;0.90579;2
 48.08200; 36.41000; 2.466941e-003; 94.98126;80.00000;20.00000;0.90573;2
 48.14700; 36.42333; 2.549306e-003; 94.98028;80.00000;20.00000;0.90568;2
 48.22900; 36.43667; 2.878439e-003; 94.98028;80.00000;20.00000;0.90563;2
 48.31400; 36.45000; 2.796389e-003; 94.97930;80.00000;20.00000;0.90556;2
 48.37500; 36.46333; 3.125530e-003; 94.97930;80.00000;20.00000;0.90552;2
 48.46000; 36.47667; 3.454769e-003; 94.97930;80.00000;20.00000;0.90546;2
 48.53400; 36.49000; 3.372714e-003; 94.97930;80.00000;20.00000;0.90540;2
 48.61500; 36.50333; 3.208401e-003; 94.97930;80.00000;20.00000;0.90534;2
 48.70000; 36.51667; 3.373165e-003; 94.97930;80.00000;20.00000;0.90528;2
 48.78300; 36.53000; 3.620225e-003; 94.97930;80.00000;20.00000;0.90522;2
 48.85400; 36.54333; 3.784997e-003; 94.97833;80.00000;20.00000;0.90517;2
 48.92800; 36.55667; 3.456073e-003; 94.97735;80.00000;20.00000;0.90512;2
 49.02000; 36.57000; 3.044861e-003; 94.97638;80.00000;20.00000;0.90505;2
 49.07600; 36.58333; 3.127296e-003; 94.97540;80.00000;20.00000;0.90501;2
 49.15600; 36.59667; 3.209800e-003; 94.97442;80.00000;20.00000;0.90495;2
 49.24800; 36.61000; 2.798495e-003; 94.97345;80.00000;20.00000;0.90488;2
 49.30800; 36.62333; 3.045568e-003; 94.97247;80.00000;20.00000;0.90484;2
 49.40000; 36.63667; 3.210432e-003; 94.97149;80.00000;20.00000;0.90477;2
 49.47500; 36.65000; 3.622245e-003; 94.97052;80.00000;20.00000;0.90472;2
 49.56100; 36.66333; 4.034149e-003; 94.96857;80.00000;20.00000;0.90465;2
 49.62600; 36.67667; 4.116688e-003; 94.96759;80.00000;20.00000;0.90461;2
 49.71500; 36.69000; 4.281669e-003; 94.96466;80.00000;20.00000;0.90454;2
 49.79200; 36.70333; 4.199590e-003; 94.96271;80.00000;20.00000;0.90448;2
 49.86500; 36.71667; 4.364537e-003; 94.95978;80.00000;20.00000;0.90443;2
 49.94300; 36.73000; 4.694231e-003; 94.95783;80.00000;20.00000;0.90437;2
 50.01600; 36.74333; 4.529788e-003; 94.95587;80.00000;20.00000;0.90432;2
 50.09400; 36.75667; 4.200614e-003; 94.95392;80.00000;20.00000;0.90426;2
 50.17000; 36.77000; 3.706652e-003; 94.95197;80.00000;20.00000;0.90421;2
 50.25500; 36.78333; 4.036408e-003; 94.95099;80.00000;20.00000;0.90415;2
 50.32900; 36.79667; 3.542367e-003; 94.94904;80.00000;20.00000;0.90409;2
 50.40300; 36.81000; 3.707349e-003; 94.94709;80.00000;20.00000;0.90404;2
 50.48500; 36.82333; 3.542813e-003; 94.94611;80.00000;20.00000;0.90398;2
 50.57200; 36.83667; 3.460665e-003; 94.94416;80.00000;20.00000;0.90392;2
 50.63100; 36.85000; 3.296028e-003; 94.94318;80.00000;20.00000;0.90387;2
 50.71500; 36.86333; 3.625876e-003; 94.94221;80.00000;20.00000;0.90381;2
 50.80800; 36.87667; 3.708561e-003; 94.94123;80.00000;20.00000;0.90374;2
 50.87600; 36.89000; 4.285682e-003; 94.94026;80.00000;20.00000;0.90369;2
 50.95500; 36.90333; 3.791423e-003; 94.93928;80.00000;20.00000;0.90364;2
 51.02200; 36.91667; 3.956481e-003; 94.93733;80.00000;20.00000;0.90359;2
 51.10800; 36.93000; 3.544595e-003; 94.93635;80.00000;20.00000;0.90352;2
 51.19000; 36.94333; 3.874580e-003; 94.93537;80.00000;20.00000;0.90347;2
 51.27300; 36.95667; 3.545067e-003; 94.93342;80.00000;20.00000;0.90340;2
 51.36100; 36.97000; 3.710217e-003; 94.93245;80.00000;20.00000;0.90334;2
 51.41700; 36.98333; 3.792838e-003; 94.93049;80.00000;20.00000;0.90330;2
 51.51900; 36.99667; 4.370368e-003; 94.92952;80.00000;20.00000;0.90323;2
 51.60300; 37.01000; 3.793408e-003; 94.92854;80.00000;20.00000;0.90316;2
 51.66400; 37.02333; 3.958533e-003; 94.92659;80.00000;20.00000;0.90312;2
 51.74800; 37.03667; 4.453651e-003; 94.92561;80.00000;20.00000;0.90306;2
 51.82200; 37.05000; 4.453917e-003; 94.92366;80.00000;20.00000;0.90300;2
 51.89000; 37.06333; 4.619131e-003; 94.92268;80.00000;20.00000;0.90295;2
 51.97500; 37.07667; 4.454468e-003; 94.92073;80.00000;20.00000;0.90289;2
 52.04900; 37.09000; 4.372240e-003; 94.91975;80.00000;20.00000;0.90284;2
 52.13800; 37.10333; 4.125051e-003; 94.91780;80.00000;20.00000;0.90277;2
 52.22800; 37.11667; 3.795324e-003; 94.91683;80.00000;20.00000;0.90271;2
 52.29000; 37.13000; 4.043047e-003; 94.91390;80.00000;20.00000;0.90266;2
 52.36700; 37.14333; 3.795750e-003; 94.90999;80.00000;20.00000;0.90261;2
 52.45500; 37.15667; 3.796020e-003; 94.90414;80.00000;20.00000;0.90254;2
 52.53500; 37.17000; 4.043848e-003; 94.90023;80.00000;20.00000;0.90248;2
 52.61200; 37.18333; 4.374229e-003; 94.89633;80.00000;20.00000;0.90243;2
 52.67600; 37.19667; 4.291919e-003; 94.89437;80.00000;20.00000;0.90238;2
 52.75900; 37.21000; 4.374749e-003; 94.89242;80.00000;20.00000;0.90232;2
 52.84700; 37.22333; 4.292513e-003; 94.88949;80.00000;20.00000;0.90226;2
 52.90800; 37.23667; 4.045067e-003; 94.88852;80.00000;20.00000;0.90221;2
 52.99300; 37.25000; 4.127903e-003; 94.88754;80.00000;20.00000;0.90215;2
 53.06200; 37.26333; 3.963009e-003; 94.88559;80.00000;20.00000;0.90210;2
 53.15400; 37.27667; 4.293578e-003; 94.88461;80.00000;20.00000;0.90203;2
 53.22700; 37.29000; 4.211258e-003; 94.88266;80.00000;20.00000;0.90198;2
 53.30400; 37.30333; 4.541836e-003; 94.87778;80.00000;20.00000;0.90192;2
 53.39300; 37.31667; 4.129239e-003; 94.87387;80.00000;20.00000;0.90186;2
 53.45500; 37.33000; 4.046858e-003; 94.86997;80.00000;20.00000;0.90181;2
 53.53900; 37.34333; 3.799349e-003; 94.86704;80.00000;20.00000;0.90175;2
 53.62300; 37.35667; 4.130007e-003; 94.86509;80.00000;20.00000;0.90169;2
 53.69200; 37.37000; 3.965029e-003; 94.86313;80.00000;20.00000;0.90164;2
 53.78200; 37.38333; 4.047928e-003; 94.86021;80.00000;20.00000;0.90157;2
 53.85300; 37.39667; 4.130776e-003; 94.85825;80.00000;20.00000;0.90152;2
 53.94500; 37.41000; 4.296327e-003; 94.85630;80.00000;20.00000;0.90146;2
 54.02300; 37.42333; 4.461852e-003; 94.85435;80.00000;20.00000;0.90140;2
 54.09500; 37.43667; 4.214217e-003; 94.85240;80.00000;20.00000;0.90135;2
 54.17300; 37.45000; 4.214483e-003; 94.84947;80.00000;20.00000;0.90129;2
 54.25900; 37.46333; 4.132134e-003; 94.84849;80.00000;20.00000;0.90123;2
 54.33100; 37.47667; 4.132375e-003; 94.84654;80.00000;20.00000;0.90117;2
 54.42100; 37.49000; 4.380636e-003; 94.84556;80.00000;20.00000;0.90111;2
 54.49400; 37.50333; 3.967604e-003; 94.84459;80.00000;20.00000;0.90105;2
 54.57300; 37.51667; 3.885194e-003; 94.84361;80.00000;20.00000;0.90100;2
 54.64700; 37.53000; 4.050763e-003; 94.84361;80.00000;20.00000;0.90094;2
 54.72800; 37.54333; 4.381725e-003; 94.84263;80.00000;20.00000;0.90088;2
 54.79400; 37.55667; 4.381959e-003; 94.84263;80.00000;20.00000;0.90084;2
 54.87700; 37.57000; 4.051518e-003; 94.84263;80.00000;20.00000;0.90078;2
 54.95500; 37.58333; 4.134463e-003; 94.84263;80.00000;20.00000;0.90072;2
 55.05400; 37.59667; 4.052099e-003; 94.84263;80.00000;20.00000;0.90065;2
 55.12400; 37.61000; 4.052329e-003; 94.84263;80.00000;20.00000;0.90059;2
 55.19900; 37.62333; 3.639048e-003; 94.84166;80.00000;20.00000;0.90054;2
 55.28600; 37.63667; 3.804727e-003; 94.84166;80.00000;20.00000;0.90048;2
 55.35500; 37.65000; 4.135803e-003; 94.84068;80.00000;20.00000;0.90043;2
 55.43900; 37.66333; 4.301528e-003; 94.83970;80.00000;20.00000;0.90037;2
 55.51000; 37.67667; 4.632681e-003; 94.83873;80.00000;20.00000;0.90031;2
 55.59700; 37.69000; 3.971150e-003; 94.83580;80.00000;20.00000;0.90025;2
 55.67200; 37.70333; 3.971391e-003; 94.83287;80.00000;20.00000;0.90020;2
 55.75800; 37.71667; 3.806183e-003; 94.83092;80.00000;20.00000;0.90013;2
 55.83500; 37.73000; 4.468405e-003; 94.82701;80.00000;20.00000;0.90008;2
 55.91200; 37.74333; 4.551437e-003; 94.82506;80.00000;20.00000;0.90002;2
 55.99300; 37.75667; 4.137942e-003; 94.82213;80.00000;20.00000;0.89996;2
 56.07200; 37.77000; 4.138207e-003; 94.82116;80.00000;20.00000;0.89990;2
 56.14300; 37.78333; 4.221215e-003; 94.81823;80.00000;20.00000;0.89985;2
 56.22600; 37.79667; 3.393755e-003; 94.81628;80.00000;20.00000;0.89979;2
 56.28900; 37.81000; 3.062814e-003; 94.81237;80.00000;20.00000;0.89975;2
 56.38500; 37.82333; 3.311407e-003; 94.81042;80.00000;20.00000;0.89968;2
 56.46800; 37.83667; 3.725583e-003; 94.80749;80.00000;20.00000;0.89961;2
 56.54700; 37.85000; 3.477435e-003; 94.80456;80.00000;20.00000;0.89956;2
 56.62200; 37.86333; 3.312044e-003; 94.80261;80.00000;20.00000;0.89950;2
 56.69300; 37.87667; 3.063818e-003; 94.80066;80.00000;20.00000;0.89945;2
 56.77800; 37.89000; 3.229652e-003; 94.79773;80.00000;20.00000;0.89939;2
 56.86500; 37.90333; 3.643966e-003; 94.79577;80.00000;20.00000;0.89932;2
 56.92700; 37.91667; 3.147221e-003; 94.79382;80.00000;20.00000;0.89928;2
 57.00500; 37.93000; 3.478726e-003; 94.79089;80.00000;20.00000;0.89922;2
 57.09500; 37.94333; 3.396148e-003; 94.78797;80.00000;20.00000;0.89916;2
 57.16700; 37.95667; 3.479184e-003; 94.78504;80.00000;20.00000;0.89910;2
 57.24600; 37.97000; 3.396564e-003; 94.78308;80.00000;20.00000;0.89905;2
 57.32300; 37.98333; 3.728169e-003; 94.78016;80.00000;20.00000;0.89899;2
 57.40300; 37.99667; 3.479850e-003; 94.77820;80.00000;20.00000;0.89893;2
 57.47900; 38.01000; 3.645782e-003; 94.77527;80.00000;20.00000;0.89888;2
 57.56500; 38.02333; 3.563172e-003; 94.77235;80.00000;20.00000;0.89881;2
 57.65600; 38.03667; 3.729176e-003; 94.77235;80.00000;20.00000;0.89875;2
 57.72000; 38.05000; 4.060869e-003; 94.77039;80.00000;20.00000;0.89870;2
 57.79500; 38.06333; 3.812477e-003; 94.76942;80.00000;20.00000;0.89865;2
 57.88300; 38.07667; 3.895635e-003; 94.76942;80.00000;20.00000;0.89858;2
 57.95900; 38.09000; 3.398530e-003; 94.76942;80.00000;20.00000;0.89853;2
 58.04200; 38.10333; 3.315863e-003; 94.76844;80.00000;20.00000;0.89847;2
 58.12000; 38.11667; 3.398975e-003; 94.76844;80.00000;20.00000;0.89841;2
 58.20800; 38.13000; 2.901772e-003; 94.76746;80.00000;20.00000;0.89835;2
 58.27800; 38.14333; 3.150674e-003; 94.76746;80.00000;20.00000;0.89829;2
 58.36000; 38.15667; 2.736295e-003; 94.76649;80.00000;20.00000;0.89823;2
 58.43500; 38.17000; 2.570616e-003; 94.76551;80.00000;20.00000;0.89818;2
 58.51200; 38.18333; 2.736632e-003; 94.76454;80.00000;20.00000;0.89812;2
 58.57900; 38.19667; 2.985579e-003; 94.76258;80.00000;20.00000;0.89807;2
 58.67100; 38.21000; 2.985802e-003; 94.76258;80.00000;20.00000;0.89801;2
 58.75000; 38.22333; 2.571273e-003; 94.76063;80.00000;20.00000;0.89795;2
 58.82500; 38.23667; 2.820278e-003; 94.75965;80.00000;20.00000;0.89789;2
 58.90200; 38.25000; 2.737500e-003; 94.75770;80.00000;20.00000;0.89784;2
 58.97000; 38.26333; 2.820610e-003; 94.75770;80.00000;20.00000;0.89779;2
 59.05500; 38.27667; 2.820805e-003; 94.75575;80.00000;20.00000;0.89773;2
 59.13800; 38.29000; 2.903965e-003; 94.75575;80.00000;20.00000;0.89767;2
 59.21500; 38.30333; 2.987123e-003; 94.75477;80.00000;20.00000;0.89761;2
 59.29000; 38.31667; 2.738363e-003; 94.75477;80.00000;20.00000;0.89756;2
 59.38500; 38.33000; 2.738574e-003; 94.75380;80.00000;20.00000;0.89749;2
 59.47600; 38.34333; 2.489798e-003; 94.75380;80.00000;20.00000;0.89742;2
 59.53800; 38.35667; 2.323929e-003; 94.75185;80.00000;20.00000;0.89737;2
 59.60700; 38.37000; 1.909050e-003; 94.75087;80.00000;20.00000;0.89732;2
 59.68400; 38.38333; 2.158191e-003; 94.74989;80.00000;20.00000;0.89727;2
 59.77600; 38.39667; 2.324379e-003; 94.74892;80.00000;20.00000;0.89720;2
 59.83500; 38.41000; 1.826387e-003; 94.74794;80.00000;20.00000;0.89716;2
 59.92500; 38.42333; 1.909544e-003; 94.74794;80.00000;20.00000;0.89709;2
 60.01600; 38.43667; 2.158773e-003; 94.74501;80.00000;20.00000;0.89703;2
 60.08900; 38.45000; 1.660695e-003; 94.74306;80.00000;20.00000;0.89697;2
 60.16300; 38.46333; 1.743834e-003; 94.74111;80.00000;20.00000;0.89692;2
 60.23700; 38.47667; 1.910028e-003; 94.73818;80.00000;20.00000;0.89686;2
 60.31200; 38.49000; 1.411848e-003; 94.73623;80.00000;20.00000;0.89681;2
 60.39000; 38.50333; 1.079718e-003; 94.73525;80.00000;20.00000;0.89675;2
 60.47000; 38.51667; 9.967285e-004; 94.73330;80.00000;20.00000;0.89669;2
 60.55600; 38.53000; 1.162930e-003; 94.73232;80.00000;20.00000;0.89663;2
 60.62700; 38.54333; 1.661422e-003; 94.73134;80.00000;20.00000;0.89658;2
 60.70800; 38.55667; 1.412303e-003; 94.73134;80.00000;20.00000;0.89652;2
 60.79000; 38.57000; 5.815726e-004; 94.73037;80.00000;20.00000;0.89646;2
 60.86800; 38.58333; 3.323483e-004; 94.73037;80.00000;20.00000;0.89640;2
 60.96300; 38.59667; 7.478415e-004; 94.73037;80.00000;20.00000;0.89634;2
 61.03200; 38.61000; 5.816872e-004; 94.73037;80.00000;20.00000;0.89628;2
 61.11600; 38.62333; 5.817269e-004; 94.73037;80.00000;20.00000;0.89622;2
 61.18900; 38.63667; 8.310878e-004; 94.73037;80.00000;20.00000;0.89617;2
 61.26300; 38.65000; 1.662276e-004; 94.72939;80.00000;20.00000;0.89612;2
 61.34100; 38.66333; 0.000000e+000; 94.72939;80.00000;20.00000;0.89606;2
 61.42200; 38.67667; 3.324982e-004; 94.72842;80.00000;20.00000;0.89600;2
 61.51100; 38.69000; 4.156529e-004; 94.72646;80.00000;20.00000;0.89594;2
 61.57900; 38.70333; 8.313517e-005; 94.72451;80.00000;20.00000;0.89589;2
 61.65100; 38.71667;-2.494201e-004; 94.72158;80.00000;20.00000;0.89583;2
 61.73200; 38.73000;-4.988732e-004; 94.71963;80.00000;20.00000;0.89577;2
 61.81500; 38.74333;-6.652092e-004; 94.71768;80.00000;20.00000;0.89571;2
 61.89700; 38.75667;-4.989403e-004; 94.71475;80.00000;20.00000;0.89565;2
 61.97700; 38.77000;-3.326485e-004; 94.71377;80.00000;20.00000;0.89560;2
 62.05800; 38.78333;-5.821733e-004; 94.71280;80.00000;20.00000;0.89554;2
 62.14500; 38.79667;-8.317351e-004; 94.71182;80.00000;20.00000;0.89547;2
 62.21500; 38.81000;-1.081317e-003; 94.71084;80.00000;20.00000;0.89542;2
 62.30300; 38.82333;-1.081395e-003; 94.71084;80.00000;20.00000;0.89536;2
 62.37300; 38.83667;-1.580590e-003; 94.71084;80.00000;20.00000;0.89531;2
 62.45300; 38.85000;-1.996665e-003; 94.70987;80.00000;20.00000;0.89525;2
 62.52600; 38.86333;-1.164791e-003; 94.70987;80.00000;20.00000;0.89519;2
 62.59800; 38.87667;-1.664084e-003; 94.70987;80.00000;20.00000;0.89514;2
 62.69600; 38.89000;-1.248163e-003; 94.70987;80.00000;20.00000;0.89507;2
 62.77200; 38.90333;-1.248240e-003; 94.70987;80.00000;20.00000;0.89502;2
 62.83600; 38.91667;-1.997289e-003; 94.70987;80.00000;20.00000;0.89497;2
 62.91700; 38.93000;-2.163872e-003; 94.70792;80.00000;20.00000;0.89491;2
 62.99900; 38.94333;-1.331703e-003; 94.70596;80.00000;20.00000;0.89485;2
 63.07300; 38.95667;-1.914438e-003; 94.70303;80.00000;20.00000;0.89480;2
 63.15400; 38.97000;-2.497258e-003; 94.70011;80.00000;20.00000;0.89474;2
 63.24000; 38.98333;-1.997946e-003; 94.69913;80.00000;20.00000;0.89467;2
 63.31300; 38.99667;-1.998065e-003; 94.69718;80.00000;20.00000;0.89462;2
 63.40200; 39.01000;-2.414504e-003; 94.69522;80.00000;20.00000;0.89456;2
 63.46600; 39.02333;-2.414630e-003; 94.69425;80.00000;20.00000;0.89451;2
 63.55200; 39.03667;-2.331531e-003; 94.69230;80.00000;20.00000;0.89445;2
 63.61500; 39.05000;-2.414924e-003; 94.69132;80.00000;20.00000;0.89440;2
 63.71000; 39.06333;-2.748229e-003; 94.68937;80.00000;20.00000;0.89433;2
 63.78800; 39.07667;-2.831689e-003; 94.68741;80.00000;20.00000;0.89427;2
 63.86500; 39.09000;-2.748577e-003; 94.68546;80.00000;20.00000;0.89422;2
 63.93400; 39.10333;-2.915321e-003; 94.68058;80.00000;20.00000;0.89417;2
 64.00900; 39.11667;-3.165400e-003; 94.67570;80.00000;20.00000;0.89411;2
 64.10200; 39.13000;-3.498865e-003; 94.67277;80.00000;20.00000;0.89405;2
 64.16600; 39.14333;-3.665669e-003; 94.66887;80.00000;20.00000;0.89400;2
 64.24500; 39.15667;-3.915853e-003; 94.66594;80.00000;20.00000;0.89394;2
 64.32100; 39.17000;-4.249381e-003; 94.66301;80.00000;20.00000;0.89389;2
 64.42300; 39.18333;-3.916423e-003; 94.66008;80.00000;20.00000;0.89381;2
 64.48700; 39.19667;-3.916627e-003; 94.65715;80.00000;20.00000;0.89376;2
 64.56100; 39.21000;-5.000251e-003; 94.65520;80.00000;20.00000;0.89371;2
 64.63700; 39.22333;-5.167247e-003; 94.65227;80.00000;20.00000;0.89366;2
 64.72100; 39.23667;-5.000904e-003; 94.64934;80.00000;20.00000;0.89359;2
 64.80300; 39.25000;-4.584469e-003; 94.64837;80.00000;20.00000;0.89353;2
 64.88300; 39.26333;-5.084925e-003; 94.64544;80.00000;20.00000;0.89348;2
 64.96400; 39.27667;-5.418721e-003; 94.64446;80.00000;20.00000;0.89342;2
 65.03500; 39.29000;-5.919254e-003; 94.64251;80.00000;20.00000;0.89336;2
 65.10000; 39.30333;-5.669445e-003; 94.64056;80.00000;20.00000;0.89332;2
 65.19300; 39.31667;-5.836637e-003; 94.63860;80.00000;20.00000;0.89325;2
 65.26900; 39.33000;-6.087156e-003; 94.63665;80.00000;20.00000;0.89319;2
 65.35100; 39.34333;-6.421129e-003; 94.63372;80.00000;20.00000;0.89313;2
 65.42100; 39.35667;-6.254704e-003; 94.63177;80.00000;20.00000;0.89308;2
 65.49300; 39.37000;-5.921468e-003; 94.63079;80.00000;20.00000;0.89303;2
 65.57900; 39.38333;-6.088698e-003; 94.62787;80.00000;20.00000;0.89297;2
 65.65400; 39.39667;-6.672954e-003; 94.62591;80.00000;20.00000;0.89291;2
 65.72400; 39.41000;-6.673336e-003; 94.62396;80.00000;20.00000;0.89286;2
 65.81200; 39.42333;-7.424620e-003; 94.62201;80.00000;20.00000;0.89280;2
 65.88500; 39.43667;-7.508490e-003; 94.62006;80.00000;20.00000;0.89274;2
 65.97300; 39.45000;-7.592464e-003; 94.61713;80.00000;20.00000;0.89268;2
 66.04000; 39.46333;-7.843194e-003; 94.61517;80.00000;20.00000;0.89263;2
 66.12200; 39.47667;-7.676832e-003; 94.61322;80.00000;20.00000;0.89257;2
 66.19500; 39.49000;-7.510393e-003; 94.61225;80.00000;20.00000;0.89252;2
 66.27100; 39.50333;-7.928129e-003; 94.61127;80.00000;20.00000;0.89246;2
 66.34400; 39.51667;-8.012061e-003; 94.60932;80.00000;20.00000;0.89241;2
 66.43700; 39.53000;-8.179601e-003; 94.60932;80.00000;20.00000;0.89234;2
 66.51100; 39.54333;-8.096625e-003; 94.60834;80.00000;20.00000;0.89229;2
 66.57800; 39.55667;-8.347493e-003; 94.60834;80.00000;20.00000;0.89224;2
 66.66600; 39.57000;-8.431574e-003; 94.60834;80.00000;20.00000;0.89218;2
 66.72900; 39.58333;-8.598980e-003; 94.60834;80.00000;20.00000;0.89213;2
 66.81500; 39.59667;-9.017040e-003; 94.60736;80.00000;20.00000;0.89207;2
 66.90200; 39.61000;-8.934184e-003; 94.60639;80.00000;20.00000;0.89200;2
 66.97600; 39.62333;-9.101729e-003; 94.60639;80.00000;20.00000;0.89195;2
 67.04600; 39.63667;-9.102250e-003; 94.60541;80.00000;20.00000;0.89190;2
 67.13700; 39.65000;-9.687519e-003; 94.60444;80.00000;20.00000;0.89183;2
 67.20400; 39.66333;-1.010564e-002; 94.60346;80.00000;20.00000;0.89178;2
 67.28600; 39.67667;-1.018984e-002; 94.60151;80.00000;20.00000;0.89172;2
 67.35200; 39.69000;-1.060803e-002; 94.60053;80.00000;20.00000;0.89167;2
 67.44300; 39.70333;-1.060882e-002; 94.59955;80.00000;20.00000;0.89161;2
 67.52900; 39.71667;-1.094372e-002; 94.59760;80.00000;20.00000;0.89155;2
 67.59000; 39.73000;-1.069364e-002; 94.59663;80.00000;20.00000;0.89150;2
 67.67300; 39.74333;-1.127921e-002; 94.59467;80.00000;20.00000;0.89144;2
 67.75400; 39.75667;-1.119640e-002; 94.59370;80.00000;20.00000;0.89138;2
 67.81100; 39.77000;-1.011066e-002; 94.59272;80.00000;20.00000;0.89134;2
 67.90500; 39.78333;-1.052926e-002; 94.59077;80.00000;20.00000;0.89127;2
 67.98600; 39.79667;-1.094782e-002; 94.58784;80.00000;20.00000;0.89121;2
 68.06300; 39.81000;-1.136639e-002; 94.58589;80.00000;20.00000;0.89116;2
 68.14200; 39.82333;-1.178503e-002; 94.58296;80.00000;20.00000;0.89110;2
 68.21100; 39.83667;-1.295591e-002; 94.58101;80.00000;20.00000;0.89105;2
 68.29200; 39.85000;-1.329113e-002; 94.57905;80.00000;20.00000;0.89099;2
 68.37000; 39.86333;-1.379357e-002; 94.57710;80.00000;20.00000;0.89093;2
 68.44500; 39.87667;-1.371081e-002; 94.57613;80.00000;20.00000;0.89088;2
 68.52200; 39.89000;-1.354446e-002; 94.57417;80.00000;20.00000;0.89082;2
 68.59800; 39.90333;-1.329446e-002; 94.57320;80.00000;20.00000;0.89077;2
 68.68500; 39.91667;-1.388074e-002; 94.57027;80.00000;20.00000;0.89070;2
 68.74600; 39.93000;-1.371419e-002; 94.56929;80.00000;20.00000;0.89066;2
 68.82400; 39.94333;-1.354781e-002; 94.56734;80.00000;20.00000;0.89060;2
 68.90700; 39.95667;-1.405054e-002; 94.56636;80.00000;20.00000;0.89054;2
 68.98500; 39.97000;-1.446963e-002; 94.56441;80.00000;20.00000;0.89048;2
 69.07700; 39.98333;-1.539082e-002; 94.56343;80.00000;20.00000;0.89042;2
 69.14500; 39.99667;-1.555898e-002; 94.56148;80.00000;20.00000;0.89037;2
 69.22400; 40.01000;-1.530902e-002; 94.55953;80.00000;20.00000;0.89031;2
 69.27600; 40.02333;-1.581163e-002; 94.55758;80.00000;20.00000;0.89027;2
 69.37700; 40.03667;-1.606394e-002; 94.55562;80.00000;20.00000;0.89020;2
 69.44400; 40.05000;-1.656684e-002; 94.55465;80.00000;20.00000;0.89015;2
 69.53600; 40.06333;-1.640074e-002; 94.55074;80.00000;20.00000;0.89008;2
 69.61300; 40.07667;-1.656914e-002; 94.54782;80.00000;20.00000;0.89003;2
 69.67200; 40.09000;-1.682100e-002; 94.54391;80.00000;20.00000;0.88998;2
 69.75900; 40.10333;-1.665481e-002; 94.54001;80.00000;20.00000;0.88992;2
 69.82600; 40.11667;-1.707421e-002; 94.53805;80.00000;20.00000;0.88987;2
 69.91000; 40.13000;-1.724279e-002; 94.53512;80.00000;20.00000;0.88981;2
 69.98500; 40.14333;-1.741127e-002; 94.53220;80.00000;20.00000;0.88975;2
 70.05600; 40.15667;-1.766342e-002; 94.53024;80.00000;20.00000;0.88970;2
 70.14300; 40.17000;-1.808328e-002; 94.52731;80.00000;20.00000;0.88964;2
 70.21500; 40.18333;-1.841924e-002; 94.52439;80.00000;20.00000;0.88959;2
 70.29800; 40.19667;-1.892288e-002; 94.52341;80.00000;20.00000;0.88953;2
 70.37100; 40.21000;-1.917521e-002; 94.52048;80.00000;20.00000;0.88947;2
 70.45100; 40.22333;-1.959517e-002; 94.51853;80.00000;20.00000;0.88941;2
 70.50800; 40.23667;-1.993106e-002; 94.51755;80.00000;20.00000;0.88937;2
 70.60600; 40.25000;-1.951391e-002; 94.51560;80.00000;20.00000;0.88930;2
 70.67200; 40.26333;-2.001750e-002; 94.51462;80.00000;20.00000;0.88925;2
 70.73700; 40.27667;-1.968353e-002; 94.51267;80.00000;20.00000;0.88921;2
 70.82000; 40.29000;-1.976863e-002; 94.51072;80.00000;20.00000;0.88915;2
 70.90000; 40.30333;-2.002124e-002; 94.50974;80.00000;20.00000;0.88909;2
 70.99100; 40.31667;-2.044162e-002; 94.50681;80.00000;20.00000;0.88902;2
 71.05500; 40.33000;-2.086160e-002; 94.50584;80.00000;20.00000;0.88897;2
 71.13200; 40.34333;-2.094670e-002; 94.50291;80.00000;20.00000;0.88892;2
 71.21900; 40.35667;-2.111578e-002; 94.50096;80.00000;20.00000;0.88886;2
 71.29600; 40.37000;-2.187130e-002; 94.49998;80.00000;20.00000;0.88880;2
 71.37800; 40.38333;-2.178897e-002; 94.49803;80.00000;20.00000;0.88874;2
 71.44300; 40.39667;-2.170632e-002; 94.49608;80.00000;20.00000;0.88869;2
 71.51500; 40.41000;-2.179142e-002; 94.49608;80.00000;20.00000;0.88864;2
 71.60400; 40.42333;-2.279884e-002; 94.49315;80.00000;20.00000;0.88857;2
 71.67000; 40.43667;-2.330302e-002; 94.49119;80.00000;20.00000;0.88853;2
 71.73600; 40.45000;-2.305279e-002; 94.49022;80.00000;20.00000;0.88848;2
 71.82200; 40.46333;-2.347359e-002; 94.48827;80.00000;20.00000;0.88842;2
 71.90000; 40.47667;-2.322357e-002; 94.48631;80.00000;20.00000;0.88836;2
 71.97100; 40.49000;-2.364415e-002; 94.48241;80.00000;20.00000;0.88831;2
 72.04700; 40.50333;-2.414872e-002; 94.47850;80.00000;20.00000;0.88825;2
 72.13100; 40.51667;-2.490509e-002; 94.47460;80.00000;20.00000;0.88819;2
 72.20300; 40.53000;-2.448726e-002; 94.47069;80.00000;20.00000;0.88814;2
 72.27200; 40.54333;-2.474024e-002; 94.46679;80.00000;20.00000;0.88809;2
 72.34900; 40.55667;-2.499342e-002; 94.46386;80.00000;20.00000;0.88803;2
 72.43000; 40.57000;-2.541446e-002; 94.45996;80.00000;20.00000;0.88797;2
 72.51500; 40.58333;-2.583564e-002; 94.45703;80.00000;20.00000;0.88791;2
 72.58000; 40.59667;-2.600479e-002; 94.45410;80.00000;20.00000;0.88786;2
 72.66400; 40.61000;-2.659383e-002; 94.45117;80.00000;20.00000;0.88780;2
 72.74400; 40.62333;-2.600830e-002; 94.44922;80.00000;20.00000;0.88774;2
 72.81700; 40.63667;-2.617766e-002; 94.44824;80.00000;20.00000;0.88769;2
 72.88900; 40.65000;-2.634703e-002; 94.44629;80.00000;20.00000;0.88764;2
 72.95400; 40.66333;-2.710364e-002; 94.44531;80.00000;20.00000;0.88759;2
 73.04300; 40.67667;-2.752521e-002; 94.44336;80.00000;20.00000;0.88753;2
 73.11300; 40.69000;-2.811426e-002; 94.44238;80.00000;20.00000;0.88747;2
 73.19000; 40.70333;-2.828389e-002; 94.44043;80.00000;20.00000;0.88742;2
 73.27900; 40.71667;-2.870564e-002; 94.43945;80.00000;20.00000;0.88735;2
 73.34900; 40.73000;-2.904304e-002; 94.43848;80.00000;20.00000;0.88730;2
 73.42200; 40.74333;-2.921267e-002; 94.43653;80.00000;20.00000;0.88725;2
 73.49500; 40.75667;-2.921443e-002; 94.43555;80.00000;20.00000;0.88720;2
 73.56200; 40.77000;-2.980371e-002; 94.43457;80.00000;20.00000;0.88715;2
 73.65100; 40.78333;-3.005777e-002; 94.43360;80.00000;20.00000;0.88708;2
 73.72200; 40.79667;-2.955574e-002; 94.43165;80.00000;20.00000;0.88703;2
 73.79300; 40.81000;-2.964143e-002; 94.43067;80.00000;20.00000;0.88698;2
 73.86500; 40.82333;-3.014703e-002; 94.42969;80.00000;20.00000;0.88693;2
 73.94400; 40.83667;-3.090481e-002; 94.42872;80.00000;20.00000;0.88687;2
 74.02200; 40.85000;-3.174666e-002; 94.42774;80.00000;20.00000;0.88681;2
 74.11000; 40.86333;-3.216891e-002; 94.42774;80.00000;20.00000;0.88675;2
 74.18400; 40.87667;-3.267485e-002; 94.42676;80.00000;20.00000;0.88669;2
 74.25800; 40.89000;-3.276084e-002; 94.42579;80.00000;20.00000;0.88664;2
 74.33800; 40.90333;-3.276300e-002; 94.42384;80.00000;20.00000;0.88658;2
 74.41300; 40.91667;-3.251298e-002; 94.42188;80.00000;20.00000;0.88653;2
 74.48400; 40.93000;-3.285095e-002; 94.41895;80.00000;20.00000;0.88647;2
 74.55600; 40.94333;-3.293692e-002; 94.41603;80.00000;20.00000;0.88642;2
 74.63200; 40.95667;-3.293897e-002; 94.41407;80.00000;20.00000;0.88637;2
 74.71100; 40.97000;-3.319321e-002; 94.41212;80.00000;20.00000;0.88631;2
 74.77800; 40.98333;-3.353119e-002; 94.40919;80.00000;20.00000;0.88626;2
 74.85300; 40.99667;-3.420561e-002; 94.40724;80.00000;20.00000;0.88621;2
 74.93200; 41.01000;-3.454403e-002; 94.40529;80.00000;20.00000;0.88615;2
 75.01000; 41.02333;-3.513462e-002; 94.40138;80.00000;20.00000;0.88609;2
 75.08100; 41.03667;-3.522073e-002; 94.39845;80.00000;20.00000;0.88604;2
 75.15900; 41.05000;-3.530706e-002; 94.39650;80.00000;20.00000;0.88598;2
 75.24300; 41.06333;-3.522543e-002; 94.39455;80.00000;20.00000;0.88592;2
 75.31300; 41.07667;-3.581598e-002; 94.39260;80.00000;20.00000;0.88587;2
 75.39900; 41.09000;-3.573443e-002; 94.39162;80.00000;20.00000;0.88581;2
 75.46300; 41.10333;-3.691351e-002; 94.39064;80.00000;20.00000;0.88576;2
 75.54700; 41.11667;-3.708425e-002; 94.38869;80.00000;20.00000;0.88570;2
 75.61600; 41.13000;-3.708636e-002; 94.38772;80.00000;20.00000;0.88565;2
 75.69300; 41.14333;-3.708870e-002; 94.38674;80.00000;20.00000;0.88559;2
 75.76400; 41.15667;-3.742730e-002; 94.38283;80.00000;20.00000;0.88554;2
 75.83700; 41.17000;-3.810243e-002; 94.38088;80.00000;20.00000;0.88549;2
 75.91000; 41.18333;-3.768414e-002; 94.37795;80.00000;20.00000;0.88544;2
 75.98900; 41.19667;-3.852781e-002; 94.37502;80.00000;20.00000;0.88538;2
 76.06900; 41.21000;-3.886686e-002; 94.37210;80.00000;20.00000;0.88532;2
 76.15000; 41.22333;-3.878532e-002; 94.37112;80.00000;20.00000;0.88526;2
 76.22400; 41.23667;-3.904010e-002; 94.36819;80.00000;20.00000;0.88521;2
 76.30200; 41.25000;-3.895846e-002; 94.36721;80.00000;20.00000;0.88515;2
 76.37700; 41.26333;-3.904501e-002; 94.36331;80.00000;20.00000;0.88510;2
 76.45200; 41.27667;-3.972066e-002; 94.35745;80.00000;20.00000;0.88504;2
 76.53500; 41.29000;-3.997585e-002; 94.35257;80.00000;20.00000;0.88498;2
 76.60200; 41.30333;-4.056721e-002; 94.34769;80.00000;20.00000;0.88493;2
 76.67600; 41.31667;-4.141137e-002; 94.34379;80.00000;20.00000;0.88488;2
 76.74600; 41.33000;-4.208715e-002; 94.34086;80.00000;20.00000;0.88483;2
 76.81800; 41.34333;-4.200547e-002; 94.33695;80.00000;20.00000;0.88477;2
 76.90300; 41.35667;-4.133493e-002; 94.33402;80.00000;20.00000;0.88471;2
 76.97000; 41.37000;-4.234749e-002; 94.33109;80.00000;20.00000;0.88466;2
 77.04200; 41.38333;-4.251839e-002; 94.32914;80.00000;20.00000;0.88461;2
 77.12700; 41.39667;-4.294238e-002; 94.32719;80.00000;20.00000;0.88455;2
 77.20200; 41.41000;-4.345026e-002; 94.32524;80.00000;20.00000;0.88449;2
 77.27300; 41.42333;-4.353701e-002; 94.32426;80.00000;20.00000;0.88444;2
 77.35400; 41.43667;-4.337149e-002; 94.32133;80.00000;20.00000;0.88438;2
 77.42800; 41.45000;-4.354258e-002; 94.31840;80.00000;20.00000;0.88433;2
 77.50200; 41.46333;-4.396636e-002; 94.31645;80.00000;20.00000;0.88428;2
 77.57700; 41.47667;-4.447448e-002; 94.31450;80.00000;20.00000;0.88422;2
 77.65700; 41.49000;-4.447741e-002; 94.31255;80.00000;20.00000;0.88416;2
 77.73500; 41.50333;-4.515421e-002; 94.30767;80.00000;20.00000;0.88411;2
 77.81000; 41.51667;-4.524125e-002; 94.30376;80.00000;20.00000;0.88405;2
 77.87900; 41.53000;-4.532807e-002; 94.29986;80.00000;20.00000;0.88400;2
 77.94200; 41.54333;-4.558320e-002; 94.29595;80.00000;20.00000;0.88395;2
 78.03800; 41.55667;-4.617665e-002; 94.29302;80.00000;20.00000;0.88388;2
 78.10400; 41.57000;-4.643197e-002; 94.29009;80.00000;20.00000;0.88384;2
 78.18100; 41.58333;-4.727766e-002; 94.28716;80.00000;20.00000;0.88378;2
 78.25100; 41.59667;-4.761750e-002; 94.28521;80.00000;20.00000;0.88373;2
 78.33200; 41.61000;-4.804211e-002; 94.28326;80.00000;20.00000;0.88367;2
 78.41200; 41.62333;-4.812956e-002; 94.28131;80.00000;20.00000;0.88361;2
 78.48500; 41.63667;-4.838534e-002; 94.27838;80.00000;20.00000;0.88356;2
 78.54600; 41.65000;-4.855637e-002; 94.27643;80.00000;20.00000;0.88351;2
 78.63500; 41.66333;-4.931869e-002; 94.27350;80.00000;20.00000;0.88345;2
 78.70900; 41.67667;-4.991187e-002; 94.27057;80.00000;20.00000;0.88340;2
 78.78600; 41.69000;-4.999936e-002; 94.26764;80.00000;20.00000;0.88334;2
 78.84400; 41.70333;-5.025471e-002; 94.26569;80.00000;20.00000;0.88330;2
 78.93500; 41.71667;-5.017416e-002; 94.26276;80.00000;20.00000;0.88323;2
 79.00000; 41.73000;-4.983953e-002; 94.25983;80.00000;20.00000;0.88318;2
 79.07600; 41.74333;-5.093902e-002; 94.25690;80.00000;20.00000;0.88313;2
 79.14500; 41.75667;-5.127928e-002; 94.25495;80.00000;20.00000;0.88308;2
 79.23100; 41.77000;-5.170465e-002; 94.25397;80.00000;20.00000;0.88302;2
 79.29500; 41.78333;-5.229784e-002; 94.25202;80.00000;20.00000;0.88297;2
 79.37500; 41.79667;-5.238565e-002; 94.25104;80.00000;20.00000;0.88291;2
 79.44600; 41.81000;-5.247309e-002; 94.25007;80.00000;20.00000;0.88286;2
 79.52900; 41.82333;-5.289852e-002; 94.24812;80.00000;20.00000;0.88280;2
 79.59900; 41.83667;-5.374530e-002; 94.24616;80.00000;20.00000;0.88275;2
 79.66800; 41.85000;-5.425462e-002; 94.24519;80.00000;20.00000;0.88270;2
 79.75000; 41.86333;-5.349885e-002; 94.24323;80.00000;20.00000;0.88264;2
 79.82700; 41.87667;-5.459930e-002; 94.24031;80.00000;20.00000;0.88258;2
 79.89000; 41.89000;-5.510849e-002; 94.23835;80.00000;20.00000;0.88254;2
 79.95800; 41.90333;-5.536477e-002; 94.23543;80.00000;20.00000;0.88249;2
 80.04400; 41.91667;-5.528430e-002; 94.23445;80.00000;20.00000;0.88242;2
 80.11200; 41.93000;-5.596267e-002; 94.23250;80.00000;20.00000;0.88237;2
 80.18800; 41.94333;-5.681032e-002; 94.23054;80.00000;20.00000;0.88232;2
 80.26900; 41.95667;-5.647644e-002; 94.22859;80.00000;20.00000;0.88226;2
 80.34100; 41.97000;-5.631095e-002; 94.22664;80.00000;20.00000;0.88221;2
 80.41200; 41.98333;-5.682083e-002; 94.22566;80.00000;20.00000;0.88216;2
 80.47900; 41.99667;-5.775274e-002; 94.22469;80.00000;20.00000;0.88211;2
 80.56000; 42.01000;-5.784104e-002; 94.22371;80.00000;20.00000;0.88205;2
 80.64700; 42.02333;-5.776075e-002; 94.22371;80.00000;20.00000;0.88198;2
 80.70900; 42.03667;-5.793262e-002; 94.22273;80.00000;20.00000;0.88194;2
 80.77800; 42.05000;-5.827374e-002; 94.22273;80.00000;20.00000;0.88189;2
 80.87000; 42.06333;-5.878493e-002; 94.22273;80.00000;20.00000;0.88182;2
 80.93900; 42.07667;-5.878828e-002; 94.22273;80.00000;20.00000;0.88177;2
 81.01800; 42.09000;-5.862318e-002; 94.22176;80.00000;20.00000;0.88171;2
 81.09100; 42.10333;-5.921804e-002; 94.22176;80.00000;20.00000;0.88166;2
 81.15900; 42.11667;-5.964378e-002; 94.22078;80.00000;20.00000;0.88161;2
 81.24500; 42.13000;-5.998596e-002; 94.21981;80.00000;20.00000;0.88155;2
 81.31500; 42.14333;-5.990494e-002; 94.21883;80.00000;20.00000;0.88150;2
 81.39800; 42.15667;-6.083853e-002; 94.21785;80.00000;20.00000;0.88144;2
 81.46000; 42.17000;-6.143316e-002; 94.21688;80.00000;20.00000;0.88139;2
 81.54000; 42.18333;-6.118369e-002; 94.21590;80.00000;20.00000;0.88133;2
 81.60500; 42.19667;-6.169406e-002; 94.21492;80.00000;20.00000;0.88129;2
 81.69500; 42.21000;-6.229028e-002; 94.21395;80.00000;20.00000;0.88122;2
 81.76600; 42.22333;-6.229394e-002; 94.21297;80.00000;20.00000;0.88117;2
 81.84100; 42.23667;-6.272044e-002; 94.21102;80.00000;20.00000;0.88111;2
 81.91000; 42.25000;-6.272401e-002; 94.21004;80.00000;20.00000;0.88106;2
 81.98900; 42.26333;-6.289719e-002; 94.20809;80.00000;20.00000;0.88101;2
 82.05200; 42.27667;-6.349227e-002; 94.20711;80.00000;20.00000;0.88096;2
 82.12000; 42.29000;-6.467952e-002; 94.20614;80.00000;20.00000;0.88091;2
 82.20400; 42.30333;-6.451490e-002; 94.20419;80.00000;20.00000;0.88085;2
 82.27900; 42.31667;-6.511082e-002; 94.20321;80.00000;20.00000;0.88080;2
 82.36200; 42.33000;-6.545355e-002; 94.20126;80.00000;20.00000;0.88074;2
 82.43300; 42.34333;-6.537282e-002; 94.20028;80.00000;20.00000;0.88068;2
 82.49500; 42.35667;-6.520702e-002; 94.19930;80.00000;20.00000;0.88064;2
 82.57700; 42.37000;-6.538060e-002; 94.19833;80.00000;20.00000;0.88058;2
 82.65900; 42.38333;-6.555421e-002; 94.19735;80.00000;20.00000;0.88052;2
 82.72600; 42.39667;-6.572703e-002; 94.19735;80.00000;20.00000;0.88047;2
 82.80400; 42.41000;-6.623885e-002; 94.19735;80.00000;20.00000;0.88041;2
 82.87000; 42.42333;-6.607326e-002; 94.19540;80.00000;20.00000;0.88037;2
 82.94900; 42.43667;-6.607758e-002; 94.19540;80.00000;20.00000;0.88031;2
 83.01100; 42.45000;-6.726551e-002; 94.19345;80.00000;20.00000;0.88026;2
 83.09500; 42.46333;-6.752403e-002; 94.19247;80.00000;20.00000;0.88020;2
 83.16900; 42.47667;-6.735893e-002; 94.19052;80.00000;20.00000;0.88015;2
 83.24000; 42.49000;-6.761677e-002; 94.18954;80.00000;20.00000;0.88010;2
 83.31800; 42.50333;-6.821355e-002; 94.18857;80.00000;20.00000;0.88004;2
 83.39500; 42.51667;-6.847181e-002; 94.18759;80.00000;20.00000;0.87998;2
 83.45600; 42.53000;-6.881383e-002; 94.18661;80.00000;20.00000;0.87994;2
 83.52100; 42.54333;-6.974865e-002; 94.18466;80.00000;20.00000;0.87989;2
 83.59200; 42.55667;-7.009135e-002; 94.18369;80.00000;20.00000;0.87984;2
 83.68100; 42.57000;-7.102775e-002; 94.18271;80.00000;20.00000;0.87977;2
 83.74200; 42.58333;-7.120066e-002; 94.18173;80.00000;20.00000;0.87973;2
 83.81800; 42.59667;-7.145914e-002; 94.17978;80.00000;20.00000;0.87967;2
 83.90600; 42.61000;-7.146434e-002; 94.17685;80.00000;20.00000;0.87961;2
 83.96600; 42.62333;-7.206064e-002; 94.17490;80.00000;20.00000;0.87957;2
 84.04200; 42.63667;-7.274263e-002; 94.17099;80.00000;20.00000;0.87951;2
 84.13200; 42.65000;-7.317149e-002; 94.16904;80.00000;20.00000;0.87945;2
 84.19700; 42.66333;-7.351421e-002; 94.16611;80.00000;20.00000;0.87940;2
 84.26200; 42.67667;-7.385696e-002; 94.16514;80.00000;20.00000;0.87935;2
 84.34700; 42.69000;-7.428568e-002; 94.16221;80.00000;20.00000;0.87929;2
 84.42400; 42.70333;-7.488339e-002; 94.16123;80.00000;20.00000;0.87923;2
 84.48200; 42.71667;-7.454813e-002; 94.15928;80.00000;20.00000;0.87919;2
 84.56300; 42.73000;-7.472256e-002; 94.15733;80.00000;20.00000;0.87913;2
 84.63900; 42.74333;-7.506616e-002; 94.15635;80.00000;20.00000;0.87908;2
 84.70900; 42.75667;-7.515525e-002; 94.15440;80.00000;20.00000;0.87903;2
 84.78300; 42.77000;-7.566826e-002; 94.15342;80.00000;20.00000;0.87897;2
 84.85200; 42.78333;-7.575733e-002; 94.15049;80.00000;20.00000;0.87892;2
 84.93000; 42.79667;-7.610121e-002; 94.14952;80.00000;20.00000;0.87887;2
 85.02300; 42.81000;-7.653082e-002; 94.14757;80.00000;20.00000;0.87880;2
 85.07600; 42.82333;-7.661894e-002; 94.14659;80.00000;20.00000;0.87876;2
 85.15600; 42.83667;-7.747162e-002; 94.14561;80.00000;20.00000;0.87870;2
 85.22900; 42.85000;-7.781538e-002; 94.14464;80.00000;20.00000;0.87865;2
 85.31000; 42.86333;-7.790537e-002; 94.14366;80.00000;20.00000;0.87859;2
 85.37500; 42.87667;-7.816389e-002; 94.14268;80.00000;20.00000;0.87854;2
 85.45600; 42.89000;-7.935609e-002; 94.14171;80.00000;20.00000;0.87848;2
 85.53500; 42.90333;-7.893734e-002; 94.14073;80.00000;20.00000;0.87843;2
 85.61300; 42.91667;-7.936641e-002; 94.13976;80.00000;20.00000;0.87837;2
 85.67900; 42.93000;-8.021873e-002; 94.13878;80.00000;20.00000;0.87832;2
 85.75000; 42.94333;-8.098668e-002; 94.13780;80.00000;20.00000;0.87827;2
 85.82700; 42.95667;-8.065262e-002; 94.13683;80.00000;20.00000;0.87821;2
 85.89500; 42.97000;-8.142048e-002; 94.13487;80.00000;20.00000;0.87816;2
 85.96700; 42.98333;-8.117088e-002; 94.13390;80.00000;20.00000;0.87811;2
 86.04100; 42.99667;-8.143033e-002; 94.13292;80.00000;20.00000;0.87806;2
 86.12000; 43.01000;-8.126600e-002; 94.13195;80.00000;20.00000;0.87800;2
 86.19700; 43.02333;-8.178020e-002; 94.12999;80.00000;20.00000;0.87794;2
 86.26700; 43.03667;-8.186979e-002; 94.12804;80.00000;20.00000;0.87789;2
 86.33900; 43.05000;-8.289280e-002; 94.12511;80.00000;20.00000;0.87784;2
 86.41200; 43.06333;-8.332207e-002; 94.12414;80.00000;20.00000;0.87779;2
 86.49700; 43.07667;-8.315823e-002; 94.12218;80.00000;20.00000;0.87772;2
 86.56700; 43.09000;-8.384194e-002; 94.11925;80.00000;20.00000;0.87767;2
 86.64700; 43.10333;-8.410210e-002; 94.11828;80.00000;20.00000;0.87762;2
 86.71800; 43.11667;-8.461628e-002; 94.11633;80.00000;20.00000;0.87756;2
 86.78600; 43.13000;-8.530005e-002; 94.11437;80.00000;20.00000;0.87751;2
 86.85400; 43.14333;-8.564437e-002; 94.11242;80.00000;20.00000;0.87747;2
 86.92800; 43.15667;-8.539499e-002; 94.11145;80.00000;20.00000;0.87741;2
 87.00200; 43.17000;-8.582467e-002; 94.10949;80.00000;20.00000;0.87736;2
 87.08500; 43.18333;-8.650976e-002; 94.10852;80.00000;20.00000;0.87730;2
 87.15800; 43.19667;-8.702441e-002; 94.10754;80.00000;20.00000;0.87724;2
 87.23200; 43.21000;-8.762410e-002; 94.10559;80.00000;20.00000;0.87719;2
 87.29900; 43.22333;-8.779879e-002; 94.10461;80.00000;20.00000;0.87714;2
 87.38400; 43.23667;-8.772007e-002; 94.10364;80.00000;20.00000;0.87708;2
 87.46000; 43.25000;-8.764068e-002; 94.10266;80.00000;20.00000;0.87702;2
 87.51900; 43.26333;-8.806960e-002; 94.10071;80.00000;20.00000;0.87698;2
 87.59500; 43.27667;-8.832995e-002; 94.09973;80.00000;20.00000;0.87693;2
 87.67400; 43.29000;-8.884537e-002; 94.09875;80.00000;20.00000;0.87687;2
 87.73200; 43.30333;-8.901953e-002; 94.09583;80.00000;20.00000;0.87683;2
 87.81500; 43.31667;-8.953535e-002; 94.09387;80.00000;20.00000;0.87677;2
 87.89600; 43.33000;-8.954138e-002; 94.09290;80.00000;20.00000;0.87671;2
 87.96400; 43.34333;-8.980131e-002; 94.09094;80.00000;20.00000;0.87666;2
 88.03900; 43.35667;-8.989186e-002; 94.08899;80.00000;20.00000;0.87660;2
 88.11400; 43.37000;-9.057721e-002; 94.08802;80.00000;20.00000;0.87655;2
 88.17800; 43.38333;-9.109186e-002; 94.08606;80.00000;20.00000;0.87650;2
 88.25700; 43.39667;-9.126779e-002; 94.08509;80.00000;20.00000;0.87644;2
 88.33100; 43.41000;-9.161334e-002; 94.08411;80.00000;20.00000;0.87639;2
 88.40500; 43.42333;-9.178895e-002; 94.08313;80.00000;20.00000;0.87634;2
 88.47300; 43.43667;-9.213410e-002; 94.08216;80.00000;20.00000;0.87629;2
 88.55500; 43.45000;-9.256538e-002; 94.08216;80.00000;20.00000;0.87623;2
 88.62500; 43.46333;-9.325080e-002; 94.08021;80.00000;20.00000;0.87618;2
 88.69100; 43.47667;-9.359595e-002; 94.07923;80.00000;20.00000;0.87613;2
 88.78100; 43.49000;-9.394302e-002; 94.07825;80.00000;20.00000;0.87606;2
 88.84100; 43.50333;-9.403272e-002; 94.07825;80.00000;20.00000;0.87602;2
 88.91000; 43.51667;-9.454826e-002; 94.07630;80.00000;20.00000;0.87597;2
 88.98300; 43.53000;-9.489412e-002; 94.07533;80.00000;20.00000;0.87592;2
 89.07500; 43.54333;-9.507143e-002; 94.07337;80.00000;20.00000;0.87585;2
 89.13700; 43.55667;-9.507633e-002; 94.07142;80.00000;20.00000;0.87580;2
 89.22100; 43.57000;-9.533810e-002; 94.06947;80.00000;20.00000;0.87574;2
 89.28000; 43.58333;-9.585309e-002; 94.06849;80.00000;20.00000;0.87570;2
 89.35700; 43.59667;-9.662474e-002; 94.06556;80.00000;20.00000;0.87564;2
 89.41800; 43.61000;-9.671470e-002; 94.06068;80.00000;20.00000;0.87560;2
 89.49000; 43.62333;-9.697567e-002; 94.05873;80.00000;20.00000;0.87555;2
 89.57200; 43.63667;-9.706735e-002; 94.05580;80.00000;20.00000;0.87549;2
 89.64700; 43.65000;-9.783910e-002; 94.05385;80.00000;20.00000;0.87543;2
 89.72700; 43.66333;-9.716494e-002; 94.05287;80.00000;20.00000;0.87537;2
 89.79600; 43.67667;-9.802138e-002; 94.05092;80.00000;20.00000;0.87532;2
 89.84700; 43.69000;-9.819573e-002; 94.04994;80.00000;20.00000;0.87529;2
 89.94500; 43.70333;-9.845903e-002; 94.04897;80.00000;20.00000;0.87522;2
 90.01500; 43.71667;-9.897537e-002; 94.04799;80.00000;20.00000;0.87517;2
 90.08400; 43.73000;-9.957681e-002; 94.04799;80.00000;20.00000;0.87512;2
 90.14800; 43.74333;-9.949699e-002; 94.04701;80.00000;20.00000;0.87507;2
 90.22500; 43.75667;-9.975871e-002; 94.04701;80.00000;20.00000;0.87501;2
 90.29600; 43.77000;      -0.10019; 94.04604;80.00000;20.00000;0.87496;2
 90.37900; 43.78333;      -0.10071; 94.04604;80.00000;20.00000;0.87490;2
 90.44700; 43.79667;      -0.10097; 94.04506;80.00000;20.00000;0.87485;2
 90.52000; 43.81000;      -0.10149; 94.04506;80.00000;20.00000;0.87480;2
 90.60000; 43.82333;      -0.10200; 94.04409;80.00000;20.00000;0.87474;2
 90.68000; 43.83667;      -0.10175; 94.04409;80.00000;20.00000;0.87468;2
 90.73800; 43.85000;      -0.10202; 94.04311;80.00000;20.00000;0.87464;2
 90.81500; 43.86333;      -0.10219; 94.04213;80.00000;20.00000;0.87458;2
 90.89200; 43.87667;      -0.10288; 94.04213;80.00000;20.00000;0.87453;2
 90.96600; 43.89000;      -0.10297; 94.04018;80.00000;20.00000;0.87447;2
 91.03000; 43.90333;      -0.10332; 94.04018;80.00000;20.00000;0.87443;2
 91.10400; 43.91667;      -0.10366; 94.03823;80.00000;20.00000;0.87437;2
 91.17300; 43.93000;      -0.10410; 94.03823;80.00000;20.00000;0.87432;2
 91.24100; 43.94333;      -0.10410; 94.03628;80.00000;20.00000;0.87427;2
 91.32800; 43.95667;      -0.10488; 94.03628;80.00000;20.00000;0.87421;2
 91.38800; 43.97000;      -0.10522; 94.03432;80.00000;20.00000;0.87417;2
 91.47300; 43.98333;      -0.10540; 94.03432;80.00000;20.00000;0.87411;2
 91.55100; 43.99667;      -0.10524; 94.03237;80.00000;20.00000;0.87405;2
 91.60900; 44.01000;      -0.10575; 94.03237;80.00000;20.00000;0.87401;2
 91.68900; 44.02333;      -0.10602; 94.03042;80.00000;20.00000;0.87395;2
 91.75700; 44.03667;      -0.10653; 94.02944;80.00000;20.00000;0.87390;2
 91.83500; 44.05000;      -0.10654; 94.02749;80.00000;20.00000;0.87384;2
 91.91300; 44.06333;      -0.10638; 94.02651;80.00000;20.00000;0.87379;2
 91.98400; 44.07667;      -0.10749; 94.02456;80.00000;20.00000;0.87373;2
 92.04900; 44.09000;      -0.10843; 94.02456;80.00000;20.00000;0.87369;2
 92.11800; 44.10333;      -0.10827; 94.02261;80.00000;20.00000;0.87364;2
 92.19300; 44.11667;      -0.10887; 94.02163;80.00000;20.00000;0.87358;2
 92.27100; 44.13000;      -0.10897; 94.02066;80.00000;20.00000;0.87352;2
 92.34100; 44.14333;      -0.10948; 94.01968;80.00000;20.00000;0.87347;2
 92.41200; 44.15667;      -0.10941; 94.01870;80.00000;20.00000;0.87342;2
 92.49600; 44.17000;      -0.10993; 94.01773;80.00000;20.00000;0.87336;2
 92.56600; 44.18333;      -0.11019; 94.01675;80.00000;20.00000;0.87331;2
 92.63500; 44.19667;      -0.11053; 94.01578;80.00000;20.00000;0.87326;2
 92.71500; 44.21000;      -0.11088; 94.01382;80.00000;20.00000;0.87320;2
 92.78800; 44.22333;      -0.11106; 94.01285;80.00000;20.00000;0.87315;2
 92.85100; 44.23667;      -0.11107; 94.01089;80.00000;20.00000;0.87310;2
 92.91600; 44.25000;      -0.11175; 94.00992;80.00000;20.00000;0.87306;2
 93.00200; 44.26333;      -0.11270; 94.00797;80.00000;20.00000;0.87299;2
 93.07400; 44.27667;      -0.11305; 94.00797;80.00000;20.00000;0.87294;2
 93.15300; 44.29000;      -0.11306; 94.00699;80.00000;20.00000;0.87288;2
 93.22500; 44.30333;      -0.11264; 94.00504;80.00000;20.00000;0.87283;2
 93.28300; 44.31667;      -0.11324; 94.00406;80.00000;20.00000;0.87279;2
 93.35300; 44.33000;      -0.11350; 94.00211;80.00000;20.00000;0.87274;2
 93.42400; 44.34333;      -0.11394; 94.00211;80.00000;20.00000;0.87269;2
 93.50200; 44.35667;      -0.11343; 94.00016;80.00000;20.00000;0.87263;2
 93.58200; 44.37000;      -0.11378; 93.99918;80.00000;20.00000;0.87257;2
 93.64800; 44.38333;      -0.11490; 93.99723;80.00000;20.00000;0.87252;2
 93.71800; 44.39667;      -0.11524; 93.99625;80.00000;20.00000;0.87247;2
 93.78800; 44.41000;      -0.11534; 93.99235;80.00000;20.00000;0.87242;2
 93.84200; 44.42333;      -0.11602; 93.98747;80.00000;20.00000;0.87238;2
 93.93100; 44.43667;      -0.11655; 93.98454;80.00000;20.00000;0.87232;2
 94.00500; 44.45000;      -0.11664; 93.98258;80.00000;20.00000;0.87226;2
 94.09000; 44.46333;      -0.11656; 93.98063;80.00000;20.00000;0.87220;2
 94.14900; 44.47667;      -0.11725; 93.97966;80.00000;20.00000;0.87216;2
 94.21200; 44.49000;      -0.11785; 93.97770;80.00000;20.00000;0.87211;2
 94.29200; 44.50333;      -0.11846; 93.97575;80.00000;20.00000;0.87206;2
 94.36900; 44.51667;      -0.11881; 93.97380;80.00000;20.00000;0.87200;2
 94.44900; 44.53000;      -0.11847; 93.97282;80.00000;20.00000;0.87194;2
 94.52000; 44.54333;      -0.11865; 93.97087;80.00000;20.00000;0.87189;2
 94.58400; 44.55667;      -0.11909; 93.96989;80.00000;20.00000;0.87184;2
 94.65200; 44.57000;      -0.11969; 93.96696;80.00000;20.00000;0.87179;2
 94.73300; 44.58333;      -0.11961; 93.96501;80.00000;20.00000;0.87174;2
 94.80900; 44.59667;      -0.11971; 93.96404;80.00000;20.00000;0.87168;2
 94.87700; 44.61000;      -0.12031; 93.96208;80.00000;20.00000;0.87163;2
 94.93700; 44.62333;      -0.12083; 93.96111;80.00000;20.00000;0.87159;2
 95.02700; 44.63667;      -0.12144; 93.95915;80.00000;20.00000;0.87152;2
 95.09800; 44.65000;      -0.12204; 93.95818;80.00000;20.00000;0.87147;2
 95.15900; 44.66333;      -0.12205; 93.95720;80.00000;20.00000;0.87143;2
 95.24000; 44.67667;      -0.12240; 93.95525;80.00000;20.00000;0.87137;2
 95.31000; 44.69000;      -0.12258; 93.95427;80.00000;20.00000;0.87132;2
 95.38500; 44.70333;      -0.12284; 93.95330;80.00000;20.00000;0.87126;2
 95.45200; 44.71667;      -0.12405; 93.95232;80.00000;20.00000;0.87121;2
 95.52400; 44.73000;      -0.12294; 93.95232;80.00000;20.00000;0.87116;2
 95.59400; 44.74333;      -0.12363; 93.95135;80.00000;20.00000;0.87111;2
 95.66000; 44.75667;      -0.12390; 93.95037;80.00000;20.00000;0.87106;2
 95.74200; 44.77000;      -0.12433; 93.95037;80.00000;20.00000;0.87100;2
 95.81700; 44.78333;      -0.12451; 93.94939;80.00000;20.00000;0.87095;2
 95.88500; 44.79667;      -0.12503; 93.94842;80.00000;20.00000;0.87090;2
 95.96000; 44.81000;      -0.12504; 93.94842;80.00000;20.00000;0.87084;2
 96.02800; 44.82333;      -0.12564; 93.94744;80.00000;20.00000;0.87079;2
 96.10000; 44.83667;      -0.12617; 93.94646;80.00000;20.00000;0.87074;2
 96.17400; 44.85000;      -0.12609; 93.94646;80.00000;20.00000;0.87069;2
 96.23100; 44.86333;      -0.12644; 93.94549;80.00000;20.00000;0.87065;2
 96.33000; 44.87667;      -0.12662; 93.94549;80.00000;20.00000;0.87058;2
 96.40400; 44.89000;      -0.12697; 93.94451;80.00000;20.00000;0.87052;2
 96.46800; 44.90333;      -0.12732; 93.94451;80.00000;20.00000;0.87047;2
 96.54300; 44.91667;      -0.12827; 93.94451;80.00000;20.00000;0.87042;2
 96.61300; 44.93000;      -0.12836; 93.94451;80.00000;20.00000;0.87037;2
 96.68600; 44.94333;      -0.12845; 93.94451;80.00000;20.00000;0.87032;2
 96.76200; 44.95667;      -0.12872; 93.94451;80.00000;20.00000;0.87026;2
 96.82800; 44.97000;      -0.12932; 93.94451;80.00000;20.00000;0.87021;2
 96.90600; 44.98333;      -0.12985; 93.94451;80.00000;20.00000;0.87016;2
 96.97300; 44.99667;      -0.13002; 93.94451;80.00000;20.00000;0.87011;2
 97.04900; 45.01000;      -0.13063; 93.94451;80.00000;20.00000;0.87005;2
 97.11400; 45.02333;      -0.13107; 93.94451;80.00000;20.00000;0.87001;2
 97.18500; 45.03667;      -0.13142; 93.94451;80.00000;20.00000;0.86995;2
 97.26700; 45.05000;      -0.13143; 93.94451;80.00000;20.00000;0.86989;2
 97.33800; 45.06333;      -0.13178; 93.94451;80.00000;20.00000;0.86984;2
 97.39400; 45.07667;      -0.13230; 93.94451;80.00000;20.00000;0.86980;2
 97.47900; 45.09000;      -0.13282; 93.94451;80.00000;20.00000;0.86974;2
 97.55100; 45.10333;      -0.13308; 93.94451;80.00000;20.00000;0.86969;2
 97.62400; 45.11667;      -0.13326; 93.94451;80.00000;20.00000;0.86964;2
 97.69600; 45.13000;      -0.13353; 93.94451;80.00000;20.00000;0.86958;2
 97.77800; 45.14333;      -0.13354; 93.94451;80.00000;20.00000;0.86952;2
 97.83600; 45.15667;      -0.13380; 93.94451;80.00000;20.00000;0.86948;2
 97.90100; 45.17000;      -0.13441; 93.94451;80.00000;20.00000;0.86943;2
 97.98900; 45.18333;      -0.13467; 93.94451;80.00000;20.00000;0.86937;2
 98.04700; 45.19667;      -0.13477; 93.94451;80.00000;20.00000;0.86933;2
 98.11000; 45.21000;      -0.13529; 93.94451;80.00000;20.00000;0.86928;2
 98.19200; 45.22333;      -0.13547; 93.94451;80.00000;20.00000;0.86922;2
 98.26100; 45.23667;      -0.13556; 93.94451;80.00000;20.00000;0.86917;2
 98.33200; 45.25000;      -0.13591; 93.94646;80.00000;20.00000;0.86912;2
 98.42100; 45.26333;      -0.13609; 93.94744;80.00000;20.00000;0.86906;2
 98.46900; 45.27667;      -0.13636; 93.94842;80.00000;20.00000;0.86902;2
 98.54300; 45.29000;      -0.13662; 93.94842;80.00000;20.00000;0.86897;2
 98.62100; 45.30333;      -0.13723; 93.94842;80.00000;20.00000;0.86891;2
 98.69400; 45.31667;      -0.13750; 93.94842;80.00000;20.00000;0.86886;2
 98.76600; 45.33000;      -0.13836; 93.94842;80.00000;20.00000;0.86881;2
 98.84200; 45.34333;      -0.13820; 93.94842;80.00000;20.00000;0.86875;2
 98.92400; 45.35667;      -0.13924; 93.94842;80.00000;20.00000;0.86869;2
 98.97900; 45.37000;      -0.13873; 93.94842;80.00000;20.00000;0.86865;2
 99.04900; 45.38333;      -0.13908; 93.94744;80.00000;20.00000;0.86860;2
 99.11700; 45.39667;      -0.13917; 93.94646;80.00000;20.00000;0.86855;2
 99.18200; 45.41000;      -0.13953; 93.94646;80.00000;20.00000;0.86850;2
 99.27700; 45.42333;      -0.13997; 93.94646;80.00000;20.00000;0.86844;2
 99.33100; 45.43667;      -0.14031; 93.94646;80.00000;20.00000;0.86840;2
 99.41400; 45.45000;      -0.14058; 93.94549;80.00000;20.00000;0.86834;2
 99.47500; 45.46333;      -0.14085; 93.94354;80.00000;20.00000;0.86829;2
 99.55100; 45.47667;      -0.14206; 93.94158;80.00000;20.00000;0.86824;2
 99.62900; 45.49000;      -0.14215; 93.93963;80.00000;20.00000;0.86818;2
 99.69700; 45.50333;      -0.14225; 93.93768;80.00000;20.00000;0.86813;2
 99.76700; 45.51667;      -0.14208; 93.93573;80.00000;20.00000;0.86808;2
 99.84400; 45.53000;      -0.14278; 93.93377;80.00000;20.00000;0.86802;2
 99.91200; 45.54333;      -0.14296; 93.93182;80.00000;20.00000;0.86797;2
 99.98900; 45.55667;      -0.14305; 93.92889;80.00000;20.00000;0.86792;2
100.06200; 45.57000;      -0.14358; 93.92596;80.00000;20.00000;0.86787;2
100.12200; 45.58333;      -0.14444; 93.92303;80.00000;20.00000;0.86782;2
100.19800; 45.59667;      -0.14428; 93.92108;80.00000;20.00000;0.86777;2
100.25800; 45.61000;      -0.14454; 93.91913;80.00000;20.00000;0.86772;2
100.32700; 45.62333;      -0.14447; 93.91815;80.00000;20.00000;0.86767;2
100.41700; 45.63667;      -0.14534; 93.91718;80.00000;20.00000;0.86761;2
100.47700; 45.65000;      -0.14543; 93.91523;80.00000;20.00000;0.86756;2
100.55500; 45.66333;      -0.14587; 93.91523;80.00000;20.00000;0.86751;2
100.61600; 45.67667;      -0.14622; 93.91523;80.00000;20.00000;0.86746;2
100.70400; 45.69000;      -0.14640; 93.91523;80.00000;20.00000;0.86740;2
100.77500; 45.70333;      -0.14615; 93.91523;80.00000;20.00000;0.86735;2
100.84200; 45.71667;      -0.14719; 93.91425;80.00000;20.00000;0.86730;2
100.92300; 45.73000;      -0.14737; 93.91425;80.00000;20.00000;0.86724;2
100.98900; 45.74333;      -0.14755; 93.91425;80.00000;20.00000;0.86719;2
101.05700; 45.75667;      -0.14782; 93.91425;80.00000;20.00000;0.86714;2
101.12600; 45.77000;      -0.14826; 93.91425;80.00000;20.00000;0.86709;2
101.19600; 45.78333;      -0.14869; 93.91327;80.00000;20.00000;0.86704;2
101.27500; 45.79667;      -0.14896; 93.91327;80.00000;20.00000;0.86698;2
101.33200; 45.81000;      -0.14811; 93.91327;80.00000;20.00000;0.86694;2
101.41000; 45.82333;      -0.14915; 93.91327;80.00000;20.00000;0.86689;2
101.47600; 45.83667;      -0.14933; 93.91327;80.00000;20.00000;0.86684;2
101.56100; 45.85000;      -0.15054; 93.91230;80.00000;20.00000;0.86678;2
101.62200; 45.86333;      -0.15081; 93.91230;80.00000;20.00000;0.86673;2
101.69400; 45.87667;      -0.15133; 93.91230;80.00000;20.00000;0.86668;2
101.77000; 45.89000;      -0.15134; 93.91230;80.00000;20.00000;0.86663;2
101.83900; 45.90333;      -0.15092; 93.91230;80.00000;20.00000;0.86658;2
101.91500; 45.91667;      -0.15102; 93.91132;80.00000;20.00000;0.86652;2
101.98400; 45.93000;      -0.15154; 93.91132;80.00000;20.00000;0.86647;2
102.05500; 45.94333;      -0.15276; 93.91132;80.00000;20.00000;0.86642;2
102.12000; 45.95667;      -0.15311; 93.91132;80.00000;20.00000;0.86637;2
102.19200; 45.97000;      -0.15243; 93.91132;80.00000;20.00000;0.86632;2
102.26100; 45.98333;      -0.15321; 93.91034;80.00000;20.00000;0.86627;2
102.33300; 45.99667;      -0.15322; 93.91034;80.00000;20.00000;0.86622;2
102.39500; 46.01000;      -0.15374; 93.91034;80.00000;20.00000;0.86617;2
102.47800; 46.02333;      -0.15384; 93.91034;80.00000;20.00000;0.86611;2
102.55300; 46.03667;      -0.15445; 93.91034;80.00000;20.00000;0.86606;2
102.61600; 46.05000;      -0.15446; 93.91034;80.00000;20.00000;0.86601;2
102.69900; 46.06333;      -0.15499; 93.91034;80.00000;20.00000;0.86595;2
102.76600; 46.07667;      -0.15551; 93.91034;80.00000;20.00000;0.86590;2
102.83100; 46.09000;      -0.15569; 93.91034;80.00000;20.00000;0.86586;2
102.88700; 46.10333;      -0.15570; 93.91034;80.00000;20.00000;0.86582;2
102.97400; 46.11667;      -0.15640; 93.91034;80.00000;20.00000;0.86575;2
103.03200; 46.13000;      -0.15675; 93.91034;80.00000;20.00000;0.86571;2
103.11100; 46.14333;      -0.15728; 93.91034;80.00000;20.00000;0.86565;2
103.19300; 46.15667;      -0.15763; 93.91034;80.00000;20.00000;0.86559;2
103.25900; 46.17000;      -0.15893; 93.91034;80.00000;20.00000;0.86555;2
103.31800; 46.18333;      -0.15937; 93.91034;80.00000;20.00000;0.86550;2
103.39200; 46.19667;      -0.15964; 93.91034;80.00000;20.00000;0.86545;2
103.46600; 46.21000;      -0.15939; 93.91034;80.00000;20.00000;0.86540;2
103.55000; 46.22333;      -0.15949; 93.91034;80.00000;20.00000;0.86533;2
103.60900; 46.23667;      -0.15967; 93.91034;80.00000;20.00000;0.86529;2
103.68500; 46.25000;      -0.15942; 93.91034;80.00000;20.00000;0.86524;2
103.76300; 46.26333;      -0.16021; 93.91034;80.00000;20.00000;0.86518;2
103.82300; 46.27667;      -0.16125; 93.91034;80.00000;20.00000;0.86514;2
103.89300; 46.29000;      -0.16126; 93.91034;80.00000;20.00000;0.86509;2
103.95500; 46.30333;      -0.16118; 93.91034;80.00000;20.00000;0.86504;2
104.02700; 46.31667;      -0.16188; 93.91034;80.00000;20.00000;0.86499;2
104.10500; 46.33000;      -0.16197; 93.91034;80.00000;20.00000;0.86493;2
104.17200; 46.34333;      -0.16207; 93.91034;80.00000;20.00000;0.86488;2
104.24700; 46.35667;      -0.16268; 93.90937;80.00000;20.00000;0.86483;2
104.32300; 46.37000;      -0.16338; 93.90937;80.00000;20.00000;0.86477;2
104.38700; 46.38333;      -0.16339; 93.90839;80.00000;20.00000;0.86473;2
104.45300; 46.39667;      -0.16366; 93.90839;80.00000;20.00000;0.86468;2
104.52100; 46.41000;      -0.16418; 93.90839;80.00000;20.00000;0.86463;2
104.60100; 46.42333;      -0.16463; 93.90839;80.00000;20.00000;0.86457;2
104.66300; 46.43667;      -0.16463; 93.90742;80.00000;20.00000;0.86453;2
104.74300; 46.45000;      -0.16542; 93.90742;80.00000;20.00000;0.86447;2
104.79900; 46.46333;      -0.16508; 93.90742;80.00000;20.00000;0.86443;2
104.87400; 46.47667;      -0.16501; 93.90742;80.00000;20.00000;0.86437;2
104.95000; 46.49000;      -0.16605; 93.90546;80.00000;20.00000;0.86432;2
105.02800; 46.50333;      -0.16606; 93.90253;80.00000;20.00000;0.86426;2
105.09600; 46.51667;      -0.16650; 93.90058;80.00000;20.00000;0.86421;2
105.16500; 46.53000;      -0.16677; 93.89961;80.00000;20.00000;0.86416;2
105.23500; 46.54333;      -0.16695; 93.89765;80.00000;20.00000;0.86411;2
105.29900; 46.55667;      -0.16765; 93.89668;80.00000;20.00000;0.86407;2
105.37300; 46.57000;      -0.16827; 93.89570;80.00000;20.00000;0.86401;2
105.44300; 46.58333;      -0.16836; 93.89472;80.00000;20.00000;0.86396;2
105.51100; 46.59667;      -0.16880; 93.89375;80.00000;20.00000;0.86391;2
105.58500; 46.61000;      -0.16864; 93.89277;80.00000;20.00000;0.86386;2
105.64500; 46.62333;      -0.16891; 93.89180;80.00000;20.00000;0.86382;2
105.72600; 46.63667;      -0.16961; 93.89180;80.00000;20.00000;0.86376;2
105.79700; 46.65000;      -0.16971; 93.89082;80.00000;20.00000;0.86371;2
105.86100; 46.66333;      -0.16972; 93.88984;80.00000;20.00000;0.86366;2
105.93400; 46.67667;      -0.17024; 93.88984;80.00000;20.00000;0.86361;2
105.99600; 46.69000;      -0.17111; 93.88789;80.00000;20.00000;0.86356;2
106.07000; 46.70333;      -0.17104; 93.88789;80.00000;20.00000;0.86351;2
106.14700; 46.71667;      -0.17165; 93.88691;80.00000;20.00000;0.86345;2
106.21000; 46.73000;      -0.17209; 93.88691;80.00000;20.00000;0.86341;2
106.28800; 46.74333;      -0.17167; 93.88691;80.00000;20.00000;0.86335;2
106.35300; 46.75667;      -0.17237; 93.88691;80.00000;20.00000;0.86330;2
106.43800; 46.77000;      -0.17213; 93.88691;80.00000;20.00000;0.86324;2
106.49700; 46.78333;      -0.17239; 93.88594;80.00000;20.00000;0.86320;2
106.57000; 46.79667;      -0.17292; 93.88594;80.00000;20.00000;0.86315;2
106.64500; 46.81000;      -0.17388; 93.88594;80.00000;20.00000;0.86309;2
106.70900; 46.82333;      -0.17450; 93.88594;80.00000;20.00000;0.86304;2
106.78300; 46.83667;      -0.17433; 93.88594;80.00000;20.00000;0.86299;2
106.86600; 46.85000;      -0.17417; 93.88594;80.00000;20.00000;0.86293;2
106.94000; 46.86333;      -0.17393; 93.88594;80.00000;20.00000;0.86288;2
106.98800; 46.87667;      -0.17428; 93.88496;80.00000;20.00000;0.86284;2
107.06800; 46.89000;      -0.17481; 93.88496;80.00000;20.00000;0.86278;2
107.13200; 46.90333;      -0.17568; 93.88496;80.00000;20.00000;0.86274;2
107.19700; 46.91667;      -0.17629; 93.88496;80.00000;20.00000;0.86269;2
107.27800; 46.93000;      -0.17639; 93.88496;80.00000;20.00000;0.86263;2
107.34600; 46.94333;      -0.17701; 93.88496;80.00000;20.00000;0.86258;2
107.41500; 46.95667;      -0.17684; 93.88496;80.00000;20.00000;0.86253;2
107.48100; 46.97000;      -0.17711; 93.88496;80.00000;20.00000;0.86248;2
107.55500; 46.98333;      -0.17695; 93.88399;80.00000;20.00000;0.86243;2
107.62000; 46.99667;      -0.17783; 93.88399;80.00000;20.00000;0.86238;2
107.69500; 47.01000;      -0.17827; 93.88399;80.00000;20.00000;0.86233;2
107.76200; 47.02333;      -0.17845; 93.88399;80.00000;20.00000;0.86228;2
107.83300; 47.03667;      -0.17872; 93.88399;80.00000;20.00000;0.86223;2
107.90100; 47.05000;      -0.17916; 93.88399;80.00000;20.00000;0.86218;2
107.97400; 47.06333;      -0.17952; 93.88399;80.00000;20.00000;0.86213;2
108.03900; 47.07667;      -0.17953; 93.88301;80.00000;20.00000;0.86208;2
108.10800; 47.09000;      -0.17971; 93.88301;80.00000;20.00000;0.86203;2
108.18200; 47.10333;      -0.18050; 93.88301;80.00000;20.00000;0.86198;2
108.24300; 47.11667;      -0.18086; 93.88301;80.00000;20.00000;0.86193;2
108.32300; 47.13000;      -0.18130; 93.88301;80.00000;20.00000;0.86188;2
108.39800; 47.14333;      -0.18166; 93.88301;80.00000;20.00000;0.86182;2
108.45200; 47.15667;      -0.18210; 93.88301;80.00000;20.00000;0.86178;2
108.52300; 47.17000;      -0.18150; 93.88301;80.00000;20.00000;0.86173;2
108.59700; 47.18333;      -0.18203; 93.88203;80.00000;20.00000;0.86168;2
108.66800; 47.19667;      -0.18300; 93.88203;80.00000;20.00000;0.86163;2
108.74900; 47.21000;      -0.18344; 93.88203;80.00000;20.00000;0.86157;2
108.82600; 47.22333;      -0.18259; 93.88203;80.00000;20.00000;0.86151;2
108.88800; 47.23667;      -0.18294; 93.88203;80.00000;20.00000;0.86147;2
108.95300; 47.25000;      -0.18330; 93.88203;80.00000;20.00000;0.86142;2
109.01800; 47.26333;      -0.18365; 93.88203;80.00000;20.00000;0.86137;2
109.10100; 47.27667;      -0.18427; 93.88106;80.00000;20.00000;0.86131;2
109.16100; 47.29000;      -0.18428; 93.88106;80.00000;20.00000;0.86127;2
109.23200; 47.30333;      -0.18464; 93.88106;80.00000;20.00000;0.86122;2
109.31000; 47.31667;      -0.18491; 93.88106;80.00000;20.00000;0.86116;2
109.36700; 47.33000;      -0.18492; 93.88106;80.00000;20.00000;0.86112;2
109.44200; 47.34333;      -0.18536; 93.88106;80.00000;20.00000;0.86106;2
109.50800; 47.35667;      -0.18563; 93.88106;80.00000;20.00000;0.86102;2
109.58200; 47.37000;      -0.18668; 93.88106;80.00000;20.00000;0.86096;2
109.63900; 47.38333;      -0.18669; 93.88106;80.00000;20.00000;0.86092;2
109.71600; 47.39667;      -0.18688; 93.88106;80.00000;20.00000;0.86087;2
109.78500; 47.41000;      -0.18741; 93.88106;80.00000;20.00000;0.86082;2
109.86500; 47.42333;      -0.18768; 93.88106;80.00000;20.00000;0.86076;2
109.93200; 47.43667;      -0.18778; 93.88106;80.00000;20.00000;0.86071;2
110.00600; 47.45000;      -0.18796; 93.88106;80.00000;20.00000;0.86066;2
110.07000; 47.46333;      -0.18866; 93.88106;80.00000;20.00000;0.86061;2
110.13600; 47.47667;      -0.18859; 93.88106;80.00000;20.00000;0.86056;2
110.21900; 47.49000;      -0.18903; 93.88106;80.00000;20.00000;0.86050;2
110.27800; 47.50333;      -0.18999; 93.88106;80.00000;20.00000;0.86046;2
110.34900; 47.51667;      -0.18992; 93.88106;80.00000;20.00000;0.86041;2
110.41700; 47.53000;      -0.18993; 93.88106;80.00000;20.00000;0.86036;2
110.48200; 47.54333;      -0.19046; 93.88106;80.00000;20.00000;0.86031;2
110.54600; 47.55667;      -0.19012; 93.88106;80.00000;20.00000;0.86027;2
110.62100; 47.57000;      -0.19083; 93.88008;80.00000;20.00000;0.86021;2
110.70800; 47.58333;      -0.19084; 93.88008;80.00000;20.00000;0.86015;2
110.76900; 47.59667;      -0.19163; 93.88008;80.00000;20.00000;0.86010;2
110.83600; 47.61000;      -0.19208; 93.88008;80.00000;20.00000;0.86006;2
110.91200; 47.62333;      -0.19252; 93.88008;80.00000;20.00000;0.86000;2
110.98100; 47.63667;      -0.19279; 93.88008;80.00000;20.00000;0.85995;2
111.05200; 47.65000;      -0.19306; 93.88008;80.00000;20.00000;0.85990;2
111.11500; 47.66333;      -0.19273; 93.88008;80.00000;20.00000;0.85985;2
111.18100; 47.67667;      -0.19326; 93.87911;80.00000;20.00000;0.85981;2
111.24600; 47.69000;      -0.19396; 93.87911;80.00000;20.00000;0.85976;2
111.31600; 47.70333;      -0.19467; 93.87911;80.00000;20.00000;0.85971;2
111.38200; 47.71667;      -0.19381; 93.87911;80.00000;20.00000;0.85966;2
111.45300; 47.73000;      -0.19434; 93.87911;80.00000;20.00000;0.85961;2
111.53500; 47.74333;      -0.19479; 93.87911;80.00000;20.00000;0.85955;2
111.60100; 47.75667;      -0.19567; 93.87911;80.00000;20.00000;0.85950;2
111.66000; 47.77000;      -0.19576; 93.87813;80.00000;20.00000;0.85946;2
111.73800; 47.78333;      -0.19560; 93.87813;80.00000;20.00000;0.85940;2
111.81700; 47.79667;      -0.19587; 93.87813;80.00000;20.00000;0.85935;2
111.88400; 47.81000;      -0.19563; 93.87813;80.00000;20.00000;0.85930;2
111.96500; 47.82333;      -0.19668; 93.87813;80.00000;20.00000;0.85924;2
112.02900; 47.83667;      -0.19608; 93.87813;80.00000;20.00000;0.85919;2
112.10300; 47.85000;      -0.19679; 93.87813;80.00000;20.00000;0.85914;2
112.15600; 47.86333;      -0.19740; 93.87813;80.00000;20.00000;0.85910;2
112.24500; 47.87667;      -0.19777; 93.87715;80.00000;20.00000;0.85904;2
112.29700; 47.89000;      -0.19812; 93.87715;80.00000;20.00000;0.85900;2
112.36700; 47.90333;      -0.19848; 93.87715;80.00000;20.00000;0.85895;2
112.44400; 47.91667;      -0.19901; 93.87715;80.00000;20.00000;0.85889;2
112.51300; 47.93000;      -0.19902; 93.87715;80.00000;20.00000;0.85884;2
112.57500; 47.94333;      -0.19956; 93.87715;80.00000;20.00000;0.85880;2
112.65200; 47.95667;      -0.19948; 93.87715;80.00000;20.00000;0.85874;2
112.72100; 47.97000;      -0.20019; 93.87618;80.00000;20.00000;0.85869;2
112.78200; 47.98333;      -0.20054; 93.87618;80.00000;20.00000;0.85865;2
112.85600; 47.99667;      -0.20064; 93.87618;80.00000;20.00000;0.85859;2
112.91900; 48.01000;      -0.20100; 93.87618;80.00000;20.00000;0.85855;2
112.98700; 48.02333;      -0.20101; 93.87618;80.00000;20.00000;0.85850;2
113.06600; 48.03667;      -0.20120; 93.87618;80.00000;20.00000;0.85844;2
113.13700; 48.05000;      -0.20156; 93.87618;80.00000;20.00000;0.85839;2
113.20600; 48.06333;      -0.20200; 93.87618;80.00000;20.00000;0.85834;2
113.27900; 48.07667;      -0.20271; 93.87520;80.00000;20.00000;0.85829;2
113.35100; 48.09000;      -0.20272; 93.87520;80.00000;20.00000;0.85824;2
113.41700; 48.10333;      -0.20300; 93.87520;80.00000;20.00000;0.85819;2
113.49300; 48.11667;      -0.20301; 93.87325;80.00000;20.00000;0.85813;2
113.55300; 48.13000;      -0.20328; 93.87227;80.00000;20.00000;0.85809;2
113.62500; 48.14333;      -0.20399; 93.87227;80.00000;20.00000;0.85804;2
113.69300; 48.15667;      -0.20513; 93.87130;80.00000;20.00000;0.85799;2
113.75800; 48.17000;      -0.20496; 93.87130;80.00000;20.00000;0.85794;2
113.83400; 48.18333;      -0.20454; 93.87032;80.00000;20.00000;0.85789;2
113.90200; 48.19667;      -0.20481; 93.87032;80.00000;20.00000;0.85784;2
113.96800; 48.21000;      -0.20517; 93.87032;80.00000;20.00000;0.85779;2
114.04100; 48.22333;      -0.20493; 93.86934;80.00000;20.00000;0.85774;2
114.10300; 48.23667;      -0.20459; 93.86934;80.00000;20.00000;0.85769;2
114.18300; 48.25000;      -0.20547; 93.86934;80.00000;20.00000;0.85763;2
114.24600; 48.26333;      -0.20618; 93.86934;80.00000;20.00000;0.85759;2
114.32500; 48.27667;      -0.20645; 93.86934;80.00000;20.00000;0.85753;2
114.38500; 48.29000;      -0.20707; 93.86837;80.00000;20.00000;0.85749;2
114.45300; 48.30333;      -0.20752; 93.86837;80.00000;20.00000;0.85744;2
114.51900; 48.31667;      -0.20753; 93.86837;80.00000;20.00000;0.85739;2
114.59500; 48.33000;      -0.20745; 93.86837;80.00000;20.00000;0.85734;2
114.66600; 48.34333;      -0.20790; 93.86739;80.00000;20.00000;0.85728;2
114.73500; 48.35667;      -0.20869; 93.86739;80.00000;20.00000;0.85723;2
114.79400; 48.37000;      -0.20870; 93.86739;80.00000;20.00000;0.85719;2
114.88300; 48.38333;      -0.20924; 93.86739;80.00000;20.00000;0.85713;2
114.93600; 48.39667;      -0.20942; 93.86739;80.00000;20.00000;0.85709;2
115.00500; 48.41000;      -0.20987; 93.86641;80.00000;20.00000;0.85704;2
115.06800; 48.42333;      -0.20997; 93.86641;80.00000;20.00000;0.85699;2
115.14200; 48.43667;      -0.21024; 93.86641;80.00000;20.00000;0.85694;2
115.21800; 48.45000;      -0.21034; 93.86641;80.00000;20.00000;0.85689;2
115.29100; 48.46333;      -0.21053; 93.86641;80.00000;20.00000;0.85683;2
115.36200; 48.47667;      -0.21089; 93.86544;80.00000;20.00000;0.85678;2
115.42900; 48.49000;      -0.21116; 93.86544;80.00000;20.00000;0.85673;2
115.49400; 48.50333;      -0.21196; 93.86544;80.00000;20.00000;0.85669;2
115.55200; 48.51667;      -0.21179; 93.86544;80.00000;20.00000;0.85664;2
115.62800; 48.53000;      -0.21198; 93.86446;80.00000;20.00000;0.85659;2
115.69400; 48.54333;      -0.21269; 93.86446;80.00000;20.00000;0.85654;2
115.76700; 48.55667;      -0.21262; 93.86446;80.00000;20.00000;0.85649;2
115.83800; 48.57000;      -0.21315; 93.86446;80.00000;20.00000;0.85644;2
115.90700; 48.58333;      -0.21360; 93.86446;80.00000;20.00000;0.85639;2
115.97300; 48.59667;      -0.21344; 93.86349;80.00000;20.00000;0.85634;2
116.05200; 48.61000;      -0.21336; 93.86349;80.00000;20.00000;0.85628;2
116.12200; 48.62333;      -0.21381; 93.86349;80.00000;20.00000;0.85623;2
116.17800; 48.63667;      -0.21443; 93.86349;80.00000;20.00000;0.85619;2
116.25900; 48.65000;      -0.21470; 93.86251;80.00000;20.00000;0.85613;2
116.31800; 48.66333;      -0.21498; 93.86251;80.00000;20.00000;0.85609;2
116.39100; 48.67667;      -0.21551; 93.86251;80.00000;20.00000;0.85604;2
116.46600; 48.69000;      -0.21526; 93.86251;80.00000;20.00000;0.85598;2
116.52800; 48.70333;      -0.21562; 93.86251;80.00000;20.00000;0.85594;2
116.60300; 48.71667;      -0.21590; 93.86153;80.00000;20.00000;0.85588;2
116.67400; 48.73000;      -0.21635; 93.86153;80.00000;20.00000;0.85583;2
116.74500; 48.74333;      -0.21714; 93.86153;80.00000;20.00000;0.85578;2
116.81200; 48.75667;      -0.21724; 93.86153;80.00000;20.00000;0.85573;2
116.88300; 48.77000;      -0.21778; 93.86153;80.00000;20.00000;0.85568;2
116.94300; 48.78333;      -0.21822; 93.86153;80.00000;20.00000;0.85564;2
117.01700; 48.79667;      -0.21798; 93.86153;80.00000;20.00000;0.85559;2
117.08800; 48.81000;      -0.21825; 93.86153;80.00000;20.00000;0.85553;2
117.15600; 48.82333;      -0.21852; 93.86153;80.00000;20.00000;0.85548;2
117.23100; 48.83667;      -0.21950; 93.86153;80.00000;20.00000;0.85543;2
117.28500; 48.85000;      -0.22020; 93.86153;80.00000;20.00000;0.85539;2
117.36000; 48.86333;      -0.22039; 93.86153;80.00000;20.00000;0.85534;2
117.43900; 48.87667;      -0.22032; 93.86153;80.00000;20.00000;0.85528;2
117.49000; 48.89000;      -0.22015; 93.86153;80.00000;20.00000;0.85524;2
117.56700; 48.90333;      -0.22104; 93.86153;80.00000;20.00000;0.85519;2
117.63200; 48.91667;      -0.22105; 93.86153;80.00000;20.00000;0.85514;2
117.70200; 48.93000;      -0.22080; 93.86153;80.00000;20.00000;0.85509;2
117.76700; 48.94333;      -0.22160; 93.86153;80.00000;20.00000;0.85504;2
117.84700; 48.95667;      -0.22196; 93.86153;80.00000;20.00000;0.85499;2
117.91000; 48.97000;      -0.22241; 93.86153;80.00000;20.00000;0.85494;2
117.98100; 48.98333;      -0.22234; 93.86153;80.00000;20.00000;0.85489;2
118.03900; 48.99667;      -0.22252; 93.86153;80.00000;20.00000;0.85485;2
118.12500; 49.01000;      -0.22262; 93.86153;80.00000;20.00000;0.85478;2
118.19800; 49.02333;      -0.22412; 93.86153;80.00000;20.00000;0.85473;2
118.25700; 49.03667;      -0.22430; 93.86153;80.00000;20.00000;0.85469;2
118.32700; 49.05000;      -0.22406; 93.86153;80.00000;20.00000;0.85464;2
118.39800; 49.06333;      -0.22451; 93.86153;80.00000;20.00000;0.85459;2
118.45900; 49.07667;      -0.22417; 93.86153;80.00000;20.00000;0.85454;2
118.53400; 49.09000;      -0.22462; 93.86153;80.00000;20.00000;0.85449;2
118.60100; 49.10333;      -0.22507; 93.86153;80.00000;20.00000;0.85444;2
118.66900; 49.11667;      -0.22517; 93.86153;80.00000;20.00000;0.85439;2
118.74000; 49.13000;      -0.22535; 93.86153;80.00000;20.00000;0.85434;2
118.81200; 49.14333;      -0.22607; 93.86153;80.00000;20.00000;0.85429;2
118.88500; 49.15667;      -0.22625; 93.86153;80.00000;20.00000;0.85424;2
118.94300; 49.17000;      -0.22627; 93.86153;80.00000;20.00000;0.85419;2
119.01300; 49.18333;      -0.22767; 93.86153;80.00000;20.00000;0.85414;2
119.07900; 49.19667;      -0.22856; 93.86153;80.00000;20.00000;0.85410;2
119.15200; 49.21000;      -0.22796; 93.86056;80.00000;20.00000;0.85404;2
119.22600; 49.22333;      -0.22806; 93.86056;80.00000;20.00000;0.85399;2
119.29600; 49.23667;      -0.22825; 93.86056;80.00000;20.00000;0.85394;2
119.35900; 49.25000;      -0.22844; 93.86056;80.00000;20.00000;0.85389;2
119.43000; 49.26333;      -0.22871; 93.86056;80.00000;20.00000;0.85384;2
119.50200; 49.27667;      -0.22943; 93.86056;80.00000;20.00000;0.85379;2
119.56400; 49.29000;      -0.22952; 93.86056;80.00000;20.00000;0.85375;2
119.64100; 49.30333;      -0.22963; 93.85958;80.00000;20.00000;0.85369;2
119.71400; 49.31667;      -0.23060; 93.85958;80.00000;20.00000;0.85364;2
119.77600; 49.33000;      -0.23096; 93.85958;80.00000;20.00000;0.85359;2
119.85500; 49.34333;      -0.23089; 93.85958;80.00000;20.00000;0.85354;2
119.90600; 49.35667;      -0.23029; 93.85958;80.00000;20.00000;0.85350;2
119.98900; 49.37000;      -0.23144; 93.85860;80.00000;20.00000;0.85344;2
120.05400; 49.38333;      -0.23163; 93.85665;80.00000;20.00000;0.85339;2
120.12300; 49.39667;      -0.23164; 93.85372;80.00000;20.00000;0.85334;2
120.19500; 49.41000;      -0.23200; 93.85275;80.00000;20.00000;0.85329;2
120.26700; 49.42333;      -0.23228; 93.85177;80.00000;20.00000;0.85324;2
120.33200; 49.43667;      -0.23273; 93.85079;80.00000;20.00000;0.85319;2
120.39600; 49.45000;      -0.23344; 93.84982;80.00000;20.00000;0.85315;2
120.46700; 49.46333;      -0.23372; 93.84884;80.00000;20.00000;0.85309;2
120.52800; 49.47667;      -0.23399; 93.84884;80.00000;20.00000;0.85305;2
120.59600; 49.49000;      -0.23418; 93.84787;80.00000;20.00000;0.85300;2
120.67400; 49.50333;      -0.23402; 93.84787;80.00000;20.00000;0.85294;2
120.73500; 49.51667;      -0.23429; 93.84689;80.00000;20.00000;0.85290;2
120.80600; 49.53000;      -0.23466; 93.84689;80.00000;20.00000;0.85285;2
120.88400; 49.54333;      -0.23476; 93.84591;80.00000;20.00000;0.85279;2
120.95000; 49.55667;      -0.23495; 93.84494;80.00000;20.00000;0.85275;2
121.01900; 49.57000;      -0.23531; 93.84494;80.00000;20.00000;0.85270;2
121.08600; 49.58333;      -0.23576; 93.84396;80.00000;20.00000;0.85265;2
121.16100; 49.59667;      -0.23621; 93.84396;80.00000;20.00000;0.85259;2
121.22300; 49.61000;      -0.23675; 93.84298;80.00000;20.00000;0.85255;2
121.28500; 49.62333;      -0.23737; 93.84298;80.00000;20.00000;0.85250;2
121.36400; 49.63667;      -0.23713; 93.84201;80.00000;20.00000;0.85245;2
121.42000; 49.65000;      -0.23784; 93.84201;80.00000;20.00000;0.85241;2
121.49700; 49.66333;      -0.23794; 93.84201;80.00000;20.00000;0.85235;2
121.56900; 49.67667;      -0.23752; 93.84201;80.00000;20.00000;0.85230;2
121.63500; 49.69000;      -0.23771; 93.84201;80.00000;20.00000;0.85225;2
121.69800; 49.70333;      -0.23815; 93.84201;80.00000;20.00000;0.85221;2
121.76600; 49.71667;      -0.23869; 93.84201;80.00000;20.00000;0.85216;2
121.83500; 49.73000;      -0.23871; 93.84201;80.00000;20.00000;0.85211;2
121.91400; 49.74333;      -0.23933; 93.84201;80.00000;20.00000;0.85205;2
121.97900; 49.75667;      -0.23961; 93.84201;80.00000;20.00000;0.85200;2
122.04000; 49.77000;      -0.24006; 93.84201;80.00000;20.00000;0.85196;2
122.11700; 49.78333;      -0.23973; 93.84201;80.00000;20.00000;0.85190;2
122.19200; 49.79667;      -0.23974; 93.84201;80.00000;20.00000;0.85185;2
122.24600; 49.81000;      -0.24010; 93.84103;80.00000;20.00000;0.85181;2
122.32300; 49.82333;      -0.24038; 93.84103;80.00000;20.00000;0.85175;2
122.39200; 49.83667;      -0.24092; 93.84103;80.00000;20.00000;0.85171;2
122.46600; 49.85000;      -0.24163; 93.84103;80.00000;20.00000;0.85165;2
122.52600; 49.86333;      -0.24173; 93.84006;80.00000;20.00000;0.85161;2
122.59400; 49.87667;      -0.24201; 93.84006;80.00000;20.00000;0.85156;2
122.67100; 49.89000;      -0.24185; 93.84006;80.00000;20.00000;0.85150;2
122.73700; 49.90333;      -0.24213; 93.83908;80.00000;20.00000;0.85146;2
122.80300; 49.91667;      -0.24275; 93.83908;80.00000;20.00000;0.85141;2
122.87300; 49.93000;      -0.24242; 93.83908;80.00000;20.00000;0.85136;2
122.95400; 49.94333;      -0.24331; 93.83810;80.00000;20.00000;0.85130;2
123.01100; 49.95667;      -0.24411; 93.83810;80.00000;20.00000;0.85126;2
123.06700; 49.97000;      -0.24421; 93.83810;80.00000;20.00000;0.85122;2
123.14100; 49.98333;      -0.24405; 93.83713;80.00000;20.00000;0.85116;2
123.21100; 49.99667;      -0.24467; 93.83713;80.00000;20.00000;0.85111;2
123.27100; 50.01000;      -0.24460; 93.83713;80.00000;20.00000;0.85107;2
123.35300; 50.02333;      -0.24488; 93.83615;80.00000;20.00000;0.85101;2
123.42500; 50.03667;      -0.24507; 93.83615;80.00000;20.00000;0.85096;2
123.49500; 50.05000;      -0.24578; 93.83518;80.00000;20.00000;0.85091;2
123.56900; 50.06333;      -0.24606; 93.83420;80.00000;20.00000;0.85086;2
123.62600; 50.07667;      -0.24669; 93.83420;80.00000;20.00000;0.85082;2
123.69700; 50.09000;      -0.24714; 93.83420;80.00000;20.00000;0.85076;2
123.76000; 50.10333;      -0.24680; 93.83322;80.00000;20.00000;0.85072;2
123.83200; 50.11667;      -0.24682; 93.83322;80.00000;20.00000;0.85067;2
123.90500; 50.13000;      -0.24709; 93.83322;80.00000;20.00000;0.85061;2
123.95700; 50.14333;      -0.24737; 93.83225;80.00000;20.00000;0.85058;2
124.03400; 50.15667;      -0.24843; 93.83225;80.00000;20.00000;0.85052;2
124.10400; 50.17000;      -0.24810; 93.83225;80.00000;20.00000;0.85047;2
124.15900; 50.18333;      -0.24846; 93.83127;80.00000;20.00000;0.85043;2
124.24200; 50.19667;      -0.24874; 93.83127;80.00000;20.00000;0.85037;2
124.30800; 50.21000;      -0.24928; 93.83127;80.00000;20.00000;0.85032;2
124.37600; 50.22333;      -0.24912; 93.83127;80.00000;20.00000;0.85027;2
124.45400; 50.23667;      -0.25001; 93.83127;80.00000;20.00000;0.85022;2
124.52700; 50.25000;      -0.25020; 93.83127;80.00000;20.00000;0.85017;2
124.58800; 50.26333;      -0.25074; 93.83127;80.00000;20.00000;0.85012;2
124.65700; 50.27667;      -0.25067; 93.83127;80.00000;20.00000;0.85007;2
124.72300; 50.29000;      -0.25121; 93.83127;80.00000;20.00000;0.85002;2
124.79900; 50.30333;      -0.25193; 93.83127;80.00000;20.00000;0.84997;2
124.86800; 50.31667;      -0.25176; 93.83127;80.00000;20.00000;0.84992;2
124.93400; 50.33000;      -0.25143; 93.83127;80.00000;20.00000;0.84987;2
125.00500; 50.34333;      -0.25144; 93.83127;80.00000;20.00000;0.84982;2
125.08200; 50.35667;      -0.25269; 93.83127;80.00000;20.00000;0.84977;2
125.14500; 50.37000;      -0.25253; 93.83127;80.00000;20.00000;0.84972;2
125.21000; 50.38333;      -0.25280; 93.83127;80.00000;20.00000;0.84967;2
125.26700; 50.39667;      -0.25299; 93.83127;80.00000;20.00000;0.84963;2
125.34100; 50.41000;      -0.25344; 93.82932;80.00000;20.00000;0.84958;2
125.41600; 50.42333;      -0.25381; 93.82932;80.00000;20.00000;0.84953;2
125.48300; 50.43667;      -0.25400; 93.82932;80.00000;20.00000;0.84948;2
125.56600; 50.45000;      -0.25384; 93.82932;80.00000;20.00000;0.84942;2
125.62400; 50.46333;      -0.25421; 93.82834;80.00000;20.00000;0.84938;2
125.69400; 50.47667;      -0.25387; 93.82834;80.00000;20.00000;0.84932;2
125.76700; 50.49000;      -0.25476; 93.82834;80.00000;20.00000;0.84927;2
125.81600; 50.50333;      -0.25512; 93.82834;80.00000;20.00000;0.84924;2
125.89800; 50.51667;      -0.25532; 93.82834;80.00000;20.00000;0.84918;2
125.96000; 50.53000;      -0.25524; 93.82737;80.00000;20.00000;0.84913;2
126.02200; 50.54333;      -0.25596; 93.82737;80.00000;20.00000;0.84909;2
126.10700; 50.55667;      -0.25668; 93.82737;80.00000;20.00000;0.84903;2
126.16600; 50.57000;      -0.25652; 93.82737;80.00000;20.00000;0.84898;2
126.23900; 50.58333;      -0.25697; 93.82639;80.00000;20.00000;0.84893;2
126.29700; 50.59667;      -0.25777; 93.82639;80.00000;20.00000;0.84889;2
126.37700; 50.61000;      -0.25762; 93.82639;80.00000;20.00000;0.84883;2
126.44100; 50.62333;      -0.25789; 93.82639;80.00000;20.00000;0.84879;2
126.51600; 50.63667;      -0.25852; 93.82639;80.00000;20.00000;0.84873;2
126.58300; 50.65000;      -0.25906; 93.82541;80.00000;20.00000;0.84868;2
126.65000; 50.66333;      -0.25934; 93.82541;80.00000;20.00000;0.84864;2
126.72100; 50.67667;      -0.25962; 93.82541;80.00000;20.00000;0.84859;2
126.78000; 50.69000;      -0.25972; 93.82541;80.00000;20.00000;0.84854;2
126.84800; 50.70333;      -0.26000; 93.82444;80.00000;20.00000;0.84849;2
126.92700; 50.71667;      -0.26019; 93.82444;80.00000;20.00000;0.84844;2
126.99200; 50.73000;      -0.26003; 93.82444;80.00000;20.00000;0.84839;2
127.06700; 50.74333;      -0.26040; 93.82444;80.00000;20.00000;0.84834;2
127.12700; 50.75667;      -0.26068; 93.82248;80.00000;20.00000;0.84829;2
127.20300; 50.77000;      -0.26140; 93.82248;80.00000;20.00000;0.84824;2
127.26700; 50.78333;      -0.26185; 93.82248;80.00000;20.00000;0.84819;2
127.32900; 50.79667;      -0.26300; 93.82248;80.00000;20.00000;0.84815;2
127.40400; 50.81000;      -0.26232; 93.82248;80.00000;20.00000;0.84809;2
127.46300; 50.82333;      -0.26224; 93.82151;80.00000;20.00000;0.84805;2
127.53800; 50.83667;      -0.26252; 93.82151;80.00000;20.00000;0.84800;2
127.60500; 50.85000;      -0.26280; 93.82151;80.00000;20.00000;0.84795;2
127.67600; 50.86333;      -0.26343; 93.82151;80.00000;20.00000;0.84790;2
127.73600; 50.87667;      -0.26406; 93.82053;80.00000;20.00000;0.84785;2
127.80400; 50.89000;      -0.26408; 93.82053;80.00000;20.00000;0.84781;2
127.87100; 50.90333;      -0.26365; 93.82053;80.00000;20.00000;0.84776;2
127.94100; 50.91667;      -0.26376; 93.82053;80.00000;20.00000;0.84771;2
128.02100; 50.93000;      -0.26474; 93.81956;80.00000;20.00000;0.84765;2
128.07500; 50.94333;      -0.26493; 93.81956;80.00000;20.00000;0.84761;2
128.15401; 50.95667;      -0.26565; 93.81956;80.00000;20.00000;0.84755;2
128.21201; 50.97000;      -0.26610; 93.81956;80.00000;20.00000;0.84751;2
128.29201; 50.98333;      -0.26638; 93.81956;80.00000;20.00000;0.84745;2
128.35201; 50.99667;      -0.26657; 93.81858;80.00000;20.00000;0.84741;2
128.42700; 51.01000;      -0.26624; 93.81858;80.00000;20.00000;0.84736;2
128.49600; 51.02333;      -0.26687; 93.81858;80.00000;20.00000;0.84731;2
128.56200; 51.03667;      -0.26811; 93.81858;80.00000;20.00000;0.84726;2
128.63100; 51.05000;      -0.26822; 93.81858;80.00000;20.00000;0.84721;2
128.69501; 51.06333;      -0.26867; 93.81760;80.00000;20.00000;0.84716;2
128.77299; 51.07667;      -0.26904; 93.81760;80.00000;20.00000;0.84711;2
128.83800; 51.09000;      -0.26906; 93.81760;80.00000;20.00000;0.84706;2
128.90199; 51.10333;      -0.26925; 93.81760;80.00000;20.00000;0.84702;2
128.98700; 51.11667;      -0.26874; 93.81565;80.00000;20.00000;0.84695;2
129.05099; 51.13000;      -0.26919; 93.81565;80.00000;20.00000;0.84691;2
129.10001; 51.14333;      -0.27000; 93.81565;80.00000;20.00000;0.84687;2
129.17200; 51.15667;      -0.27045; 93.81565;80.00000;20.00000;0.84682;2
129.24899; 51.17000;      -0.27082; 93.81565;80.00000;20.00000;0.84677;2
129.31000; 51.18333;      -0.27128; 93.81467;80.00000;20.00000;0.84672;2
129.38000; 51.19667;      -0.27129; 93.81467;80.00000;20.00000;0.84667;2
129.45500; 51.21000;      -0.27201; 93.81467;80.00000;20.00000;0.84662;2
129.52299; 51.22333;      -0.27229; 93.81467;80.00000;20.00000;0.84657;2
129.59000; 51.23667;      -0.27240; 93.81370;80.00000;20.00000;0.84652;2
129.65199; 51.25000;      -0.27250; 93.81370;80.00000;20.00000;0.84648;2
129.72301; 51.26333;      -0.27260; 93.81370;80.00000;20.00000;0.84642;2
129.79900; 51.27667;      -0.27271; 93.81370;80.00000;20.00000;0.84637;2
129.86200; 51.29000;      -0.27334; 93.81370;80.00000;20.00000;0.84632;2
129.93900; 51.30333;      -0.27380; 93.81272;80.00000;20.00000;0.84627;2
129.99001; 51.31667;      -0.27355; 93.81272;80.00000;20.00000;0.84623;2
130.07201; 51.33000;      -0.27427; 93.81272;80.00000;20.00000;0.84617;2
130.13300; 51.34333;      -0.27455; 93.81272;80.00000;20.00000;0.84613;2
130.21300; 51.35667;      -0.27448; 93.81175;80.00000;20.00000;0.84607;2
130.27600; 51.37000;      -0.27511; 93.81175;80.00000;20.00000;0.84603;2
130.34200; 51.38333;      -0.27548; 93.81175;80.00000;20.00000;0.84598;2
130.41299; 51.39667;      -0.27576; 93.81175;80.00000;20.00000;0.84593;2
130.47099; 51.41000;      -0.27656; 93.81175;80.00000;20.00000;0.84589;2
130.55400; 51.42333;      -0.27676; 93.81077;80.00000;20.00000;0.84583;2
130.61400; 51.43667;      -0.27712; 93.81077;80.00000;20.00000;0.84578;2
130.69200; 51.45000;      -0.27670; 93.81077;80.00000;20.00000;0.84573;2
130.75500; 51.46333;      -0.27698; 93.80979;80.00000;20.00000;0.84568;2
130.82300; 51.47667;      -0.27682; 93.80882;80.00000;20.00000;0.84563;2
130.89200; 51.49000;      -0.27807; 93.80882;80.00000;20.00000;0.84558;2
130.95300; 51.50333;      -0.27853; 93.80882;80.00000;20.00000;0.84554;2
131.02901; 51.51667;      -0.27846; 93.80882;80.00000;20.00000;0.84549;2
131.09399; 51.53000;      -0.27882; 93.80784;80.00000;20.00000;0.84544;2
131.15100; 51.54333;      -0.27884; 93.80784;80.00000;20.00000;0.84540;2
131.22600; 51.55667;      -0.27903; 93.80784;80.00000;20.00000;0.84534;2
131.28799; 51.57000;      -0.27922; 93.80784;80.00000;20.00000;0.84530;2
131.36200; 51.58333;      -0.27942; 93.80784;80.00000;20.00000;0.84525;2
131.42500; 51.59667;      -0.27970; 93.80784;80.00000;20.00000;0.84520;2
131.50900; 51.61000;      -0.27989; 93.80784;80.00000;20.00000;0.84514;2
131.58000; 51.62333;      -0.28070; 93.80784;80.00000;20.00000;0.84509;2
131.63901; 51.63667;      -0.28133; 93.80784;80.00000;20.00000;0.84505;2
131.70700; 51.65000;      -0.28108; 93.80784;80.00000;20.00000;0.84500;2
131.77499; 51.66333;      -0.28145; 93.80686;80.00000;20.00000;0.84495;2
131.83701; 51.67667;      -0.28182; 93.80686;80.00000;20.00000;0.84490;2
131.90199; 51.69000;      -0.28166; 93.80686;80.00000;20.00000;0.84486;2
131.98399; 51.70333;      -0.28194; 93.80686;80.00000;20.00000;0.84480;2
132.04900; 51.71667;      -0.28240; 93.80686;80.00000;20.00000;0.84475;2
132.11200; 51.73000;      -0.28321; 93.80589;80.00000;20.00000;0.84471;2
132.18700; 51.74333;      -0.28358; 93.80589;80.00000;20.00000;0.84465;2
132.25500; 51.75667;      -0.28395; 93.80589;80.00000;20.00000;0.84460;2
132.32201; 51.77000;      -0.28414; 93.80589;80.00000;20.00000;0.84456;2
132.38800; 51.78333;      -0.28433; 93.80491;80.00000;20.00000;0.84451;2
132.45599; 51.79667;      -0.28444; 93.80491;80.00000;20.00000;0.84446;2
132.51900; 51.81000;      -0.28525; 93.80491;80.00000;20.00000;0.84441;2
132.59801; 51.82333;      -0.28544; 93.80394;80.00000;20.00000;0.84436;2
132.66600; 51.83667;      -0.28528; 93.80394;80.00000;20.00000;0.84431;2
132.73199; 51.85000;      -0.28583; 93.80296;80.00000;20.00000;0.84426;2
132.80000; 51.86333;      -0.28611; 93.80296;80.00000;20.00000;0.84421;2
132.87100; 51.87667;      -0.28604; 93.80296;80.00000;20.00000;0.84416;2
132.95799; 51.89000;      -0.28606; 93.80296;80.00000;20.00000;0.84410;2
133.01601; 51.90333;      -0.28634; 93.80296;80.00000;20.00000;0.84406;2
133.07201; 51.91667;      -0.28732; 93.80198;80.00000;20.00000;0.84402;2
133.14200; 51.93000;      -0.28743; 93.80198;80.00000;20.00000;0.84397;2
133.21800; 51.94333;      -0.28762; 93.80198;80.00000;20.00000;0.84391;2
133.28900; 51.95667;      -0.28746; 93.80198;80.00000;20.00000;0.84386;2
133.34500; 51.97000;      -0.28757; 93.80198;80.00000;20.00000;0.84382;2
133.41600; 51.98333;      -0.28776; 93.80101;80.00000;20.00000;0.84377;2
133.48599; 51.99667;      -0.28840; 93.80101;80.00000;20.00000;0.84372;2
133.55400; 52.01000;      -0.28841; 93.80101;80.00000;20.00000;0.84367;2
133.60899; 52.02333;      -0.28904; 93.80101;80.00000;20.00000;0.84363;2
133.67500; 52.03667;      -0.28915; 93.80101;80.00000;20.00000;0.84358;2
133.75000; 52.05000;      -0.28978; 93.80003;80.00000;20.00000;0.84353;2
133.81200; 52.06333;      -0.29015; 93.80003;80.00000;20.00000;0.84349;2
133.90100; 52.07667;      -0.29097; 93.80003;80.00000;20.00000;0.84342;2
133.96201; 52.09000;      -0.29037; 93.80003;80.00000;20.00000;0.84338;2
134.03700; 52.10333;      -0.29065; 93.80003;80.00000;20.00000;0.84332;2
134.09599; 52.11667;      -0.29111; 93.79906;80.00000;20.00000;0.84328;2
134.15300; 52.13000;      -0.29156; 93.79906;80.00000;20.00000;0.84324;2
134.22301; 52.14333;      -0.29220; 93.79906;80.00000;20.00000;0.84319;2
134.29700; 52.15667;      -0.29275; 93.79906;80.00000;20.00000;0.84314;2
134.36301; 52.17000;      -0.29267; 93.79808;80.00000;20.00000;0.84309;2
134.43401; 52.18333;      -0.29252; 93.79710;80.00000;20.00000;0.84304;2
134.49600; 52.19667;      -0.29359; 93.79710;80.00000;20.00000;0.84299;2
134.56799; 52.21000;      -0.29361; 93.79710;80.00000;20.00000;0.84294;2
134.63800; 52.22333;      -0.29363; 93.79710;80.00000;20.00000;0.84289;2
134.70500; 52.23667;      -0.29391; 93.79710;80.00000;20.00000;0.84284;2
134.76801; 52.25000;      -0.29419; 93.79613;80.00000;20.00000;0.84280;2
134.82700; 52.26333;      -0.29447; 93.79613;80.00000;20.00000;0.84276;2
134.91299; 52.27667;      -0.29476; 93.79613;80.00000;20.00000;0.84269;2
134.96700; 52.29000;      -0.29539; 93.79613;80.00000;20.00000;0.84266;2
135.04201; 52.30333;      -0.29611; 93.79613;80.00000;20.00000;0.84260;2
135.12000; 52.31667;      -0.29702; 93.79613;80.00000;20.00000;0.84255;2
135.17999; 52.33000;      -0.29668; 93.79710;80.00000;20.00000;0.84250;2
135.23900; 52.34333;      -0.29740; 93.80003;80.00000;20.00000;0.84246;2
135.32300; 52.35667;      -0.29751; 93.80296;80.00000;20.00000;0.84240;2
135.37601; 52.37000;      -0.29761; 93.80491;80.00000;20.00000;0.84236;2
135.45799; 52.38333;      -0.29799; 93.80686;80.00000;20.00000;0.84230;2
135.52499; 52.39667;      -0.29792; 93.80784;80.00000;20.00000;0.84226;2
135.58900; 52.41000;      -0.29811; 93.80784;80.00000;20.00000;0.84221;2
135.65199; 52.42333;      -0.29866; 93.80784;80.00000;20.00000;0.84216;2
135.72701; 52.43667;      -0.29956; 93.80882;80.00000;20.00000;0.84211;2
135.79700; 52.45000;      -0.29887; 93.80882;80.00000;20.00000;0.84206;2
135.86900; 52.46333;      -0.29898; 93.80784;80.00000;20.00000;0.84201;2
135.93900; 52.47667;      -0.29961; 93.80686;80.00000;20.00000;0.84196;2
136.00200; 52.49000;      -0.30034; 93.80491;80.00000;20.00000;0.84191;2
136.06300; 52.50333;      -0.30053; 93.80394;80.00000;20.00000;0.84187;2
136.13800; 52.51667;      -0.30143; 93.80394;80.00000;20.00000;0.84182;2
136.20599; 52.53000;      -0.30136; 93.80296;80.00000;20.00000;0.84177;2
136.26601; 52.54333;      -0.30111; 93.80296;80.00000;20.00000;0.84172;2
136.34399; 52.55667;      -0.30149; 93.80296;80.00000;20.00000;0.84167;2
136.41701; 52.57000;      -0.30195; 93.80296;80.00000;20.00000;0.84161;2
136.48199; 52.58333;      -0.30214; 93.80296;80.00000;20.00000;0.84157;2
136.54800; 52.59667;      -0.30225; 93.80198;80.00000;20.00000;0.84152;2
136.61600; 52.61000;      -0.30191; 93.80198;80.00000;20.00000;0.84147;2
136.68900; 52.62333;      -0.30202; 93.80198;80.00000;20.00000;0.84142;2
136.74699; 52.63667;      -0.30318; 93.80101;80.00000;20.00000;0.84138;2
136.81599; 52.65000;      -0.30373; 93.80101;80.00000;20.00000;0.84133;2
136.88300; 52.66333;      -0.30393; 93.80101;80.00000;20.00000;0.84128;2
136.95799; 52.67667;      -0.30412; 93.80198;80.00000;20.00000;0.84123;2
137.02400; 52.69000;      -0.30467; 93.80101;80.00000;20.00000;0.84118;2
137.08800; 52.70333;      -0.30442; 93.80101;80.00000;20.00000;0.84113;2
137.15601; 52.71667;      -0.30488; 93.80101;80.00000;20.00000;0.84108;2
137.23000; 52.73000;      -0.30543; 93.80003;80.00000;20.00000;0.84103;2
137.29700; 52.74333;      -0.30563; 93.80003;80.00000;20.00000;0.84098;2
137.36000; 52.75667;      -0.30600; 93.80003;80.00000;20.00000;0.84094;2
137.43201; 52.77000;      -0.30584; 93.79906;80.00000;20.00000;0.84089;2
137.49699; 52.78333;      -0.30630; 93.79906;80.00000;20.00000;0.84084;2
137.56700; 52.79667;      -0.30667; 93.80003;80.00000;20.00000;0.84079;2
137.64500; 52.81000;      -0.30776; 93.79906;80.00000;20.00000;0.84073;2
137.69600; 52.82333;      -0.30733; 93.79906;80.00000;20.00000;0.84070;2
137.77499; 52.83667;      -0.30726; 93.79906;80.00000;20.00000;0.84064;2
137.84399; 52.85000;      -0.30843; 93.79906;80.00000;20.00000;0.84059;2
137.92101; 52.86333;      -0.30827; 93.79808;80.00000;20.00000;0.84054;2
137.98100; 52.87667;      -0.30864; 93.79808;80.00000;20.00000;0.84049;2
138.04500; 52.89000;      -0.30919; 93.79808;80.00000;20.00000;0.84045;2
138.11900; 52.90333;      -0.30912; 93.79710;80.00000;20.00000;0.84039;2
138.17500; 52.91667;      -0.30931; 93.79710;80.00000;20.00000;0.84035;2
138.24899; 52.93000;      -0.30987; 93.79808;80.00000;20.00000;0.84030;2
138.31300; 52.94333;      -0.31024; 93.79710;80.00000;20.00000;0.84026;2
138.38600; 52.95667;      -0.31070; 93.79710;80.00000;20.00000;0.84020;2
138.44299; 52.97000;      -0.31072; 93.79710;80.00000;20.00000;0.84016;2
138.52100; 52.98333;      -0.31100; 93.79613;80.00000;20.00000;0.84011;2
138.58400; 52.99667;      -0.31146; 93.79613;80.00000;20.00000;0.84006;2
138.65300; 53.01000;      -0.31157; 93.79613;80.00000;20.00000;0.84001;2
138.72301; 53.02333;      -0.31239; 93.79613;80.00000;20.00000;0.83996;2
138.78500; 53.03667;      -0.31222; 93.79515;80.00000;20.00000;0.83992;2
138.85201; 53.05000;      -0.31224; 93.79613;80.00000;20.00000;0.83987;2
138.92700; 53.06333;      -0.31244; 93.79613;80.00000;20.00000;0.83981;2
138.99500; 53.07667;      -0.31290; 93.79515;80.00000;20.00000;0.83977;2
139.06400; 53.09000;      -0.31398; 93.79515;80.00000;20.00000;0.83972;2
139.14301; 53.10333;      -0.31383; 93.79515;80.00000;20.00000;0.83966;2
139.20500; 53.11667;      -0.31367; 93.79417;80.00000;20.00000;0.83962;2
139.27299; 53.13000;      -0.31422; 93.79417;80.00000;20.00000;0.83957;2
139.33701; 53.14333;      -0.31503; 93.79417;80.00000;20.00000;0.83952;2
139.40700; 53.15667;      -0.31567; 93.79320;80.00000;20.00000;0.83947;2
139.47200; 53.17000;      -0.31569; 93.79320;80.00000;20.00000;0.83942;2
139.53400; 53.18333;      -0.31597; 93.79222;80.00000;20.00000;0.83938;2
139.60001; 53.19667;      -0.31555; 93.79125;80.00000;20.00000;0.83933;2
139.69400; 53.21000;      -0.31646; 93.79027;80.00000;20.00000;0.83927;2
139.74100; 53.22333;      -0.31665; 93.78929;80.00000;20.00000;0.83923;2
139.81799; 53.23667;      -0.31649; 93.78929;80.00000;20.00000;0.83918;2
139.88901; 53.25000;      -0.31713; 93.78832;80.00000;20.00000;0.83913;2
139.95000; 53.26333;      -0.31724; 93.78832;80.00000;20.00000;0.83908;2
140.01500; 53.27667;      -0.31788; 93.78832;80.00000;20.00000;0.83904;2
140.09000; 53.29000;      -0.31781; 93.78734;80.00000;20.00000;0.83898;2
140.15601; 53.30333;      -0.31854; 93.78832;80.00000;20.00000;0.83893;2
140.22301; 53.31667;      -0.31865; 93.78734;80.00000;20.00000;0.83889;2
140.30400; 53.33000;      -0.31867; 93.78734;80.00000;20.00000;0.83883;2
140.36800; 53.34333;      -0.31966; 93.78734;80.00000;20.00000;0.83878;2
140.43700; 53.35667;      -0.32030; 93.78636;80.00000;20.00000;0.83873;2
140.49200; 53.37000;      -0.32032; 93.78636;80.00000;20.00000;0.83869;2
140.56300; 53.38333;      -0.32051; 93.78636;80.00000;20.00000;0.83864;2
140.63000; 53.39667;      -0.32044; 93.78636;80.00000;20.00000;0.83859;2
140.70200; 53.41000;      -0.32100; 93.78636;80.00000;20.00000;0.83854;2
140.77200; 53.42333;      -0.32110; 93.78832;80.00000;20.00000;0.83849;2
140.84300; 53.43667;      -0.32121; 93.78832;80.00000;20.00000;0.83844;2
140.90601; 53.45000;      -0.32185; 93.78929;80.00000;20.00000;0.83840;2
140.96800; 53.46333;      -0.32222; 93.78929;80.00000;20.00000;0.83835;2
141.03799; 53.47667;      -0.32260; 93.79027;80.00000;20.00000;0.83830;2
141.11000; 53.49000;      -0.32386; 93.79125;80.00000;20.00000;0.83825;2
141.18100; 53.50333;      -0.32406; 93.79125;80.00000;20.00000;0.83820;2
141.24400; 53.51667;      -0.32381; 93.79222;80.00000;20.00000;0.83816;2
141.31100; 53.53000;      -0.32436; 93.79222;80.00000;20.00000;0.83811;2
141.39400; 53.54333;      -0.32510; 93.79417;80.00000;20.00000;0.83805;2
141.44400; 53.55667;      -0.32538; 93.79515;80.00000;20.00000;0.83801;2
141.51900; 53.57000;      -0.32584; 93.79515;80.00000;20.00000;0.83796;2
141.59599; 53.58333;      -0.32578; 93.79613;80.00000;20.00000;0.83790;2
141.65800; 53.59667;      -0.32606; 93.79613;80.00000;20.00000;0.83786;2
141.72099; 53.61000;      -0.32590; 93.79710;80.00000;20.00000;0.83781;2
141.78999; 53.62333;      -0.32618; 93.79710;80.00000;20.00000;0.83776;2
141.85500; 53.63667;      -0.32602; 93.79808;80.00000;20.00000;0.83772;2
141.92799; 53.65000;      -0.32693; 93.79808;80.00000;20.00000;0.83767;2
142.00900; 53.66333;      -0.32722; 93.79808;80.00000;20.00000;0.83761;2
142.07201; 53.67667;      -0.32742; 93.79906;80.00000;20.00000;0.83756;2
142.13499; 53.69000;      -0.32806; 93.79906;80.00000;20.00000;0.83752;2
142.19501; 53.70333;      -0.32852; 93.79906;80.00000;20.00000;0.83747;2
142.27000; 53.71667;      -0.32899; 93.79906;80.00000;20.00000;0.83742;2
142.33501; 53.73000;      -0.32918; 93.79906;80.00000;20.00000;0.83737;2
142.40401; 53.74333;      -0.32929; 93.79906;80.00000;20.00000;0.83732;2
142.46700; 53.75667;      -0.33011; 93.79906;80.00000;20.00000;0.83728;2
142.53700; 53.77000;      -0.33022; 93.79906;80.00000;20.00000;0.83723;2
142.60800; 53.78333;      -0.33059; 93.79906;80.00000;20.00000;0.83718;2
142.67200; 53.79667;      -0.33061; 93.80003;80.00000;20.00000;0.83713;2
142.73900; 53.81000;      -0.33045; 93.80003;80.00000;20.00000;0.83708;2
142.80200; 53.82333;      -0.33109; 93.80003;80.00000;20.00000;0.83704;2
142.87399; 53.83667;      -0.33165; 93.80003;80.00000;20.00000;0.83699;2
142.94701; 53.85000;      -0.33202; 93.80003;80.00000;20.00000;0.83694;2
143.00800; 53.86333;      -0.33186; 93.80003;80.00000;20.00000;0.83689;2
143.07600; 53.87667;      -0.33197; 93.80003;80.00000;20.00000;0.83684;2
143.14500; 53.89000;      -0.33244; 93.80003;80.00000;20.00000;0.83679;2
143.21400; 53.90333;      -0.33317; 93.80003;80.00000;20.00000;0.83675;2
143.27800; 53.91667;      -0.33345; 93.80101;80.00000;20.00000;0.83670;2
143.34900; 53.93000;      -0.33374; 93.80101;80.00000;20.00000;0.83665;2
143.42400; 53.94333;      -0.33421; 93.80101;80.00000;20.00000;0.83659;2
143.48399; 53.95667;      -0.33440; 93.80101;80.00000;20.00000;0.83655;2
143.55800; 53.97000;      -0.33558; 93.80101;80.00000;20.00000;0.83650;2
143.62399; 53.98333;      -0.33480; 93.80101;80.00000;20.00000;0.83645;2
143.68700; 53.99667;      -0.33482; 93.80101;80.00000;20.00000;0.83641;2
143.75101; 54.01000;      -0.33537; 93.80101;80.00000;20.00000;0.83636;2
143.82500; 54.02333;      -0.33593; 93.80101;80.00000;20.00000;0.83631;2
143.88499; 54.03667;      -0.33630; 93.80101;80.00000;20.00000;0.83627;2
143.96600; 54.05000;      -0.33623; 93.80198;80.00000;20.00000;0.83621;2
144.02800; 54.06333;      -0.33634; 93.80198;80.00000;20.00000;0.83616;2
144.10100; 54.07667;      -0.33716; 93.80198;80.00000;20.00000;0.83611;2
144.17200; 54.09000;      -0.33692; 93.80198;80.00000;20.00000;0.83606;2
144.23700; 54.10333;      -0.33809; 93.80198;80.00000;20.00000;0.83601;2
144.30901; 54.11667;      -0.33856; 93.80198;80.00000;20.00000;0.83596;2
144.36900; 54.13000;      -0.33831; 93.80296;80.00000;20.00000;0.83592;2
144.44200; 54.14333;      -0.33842; 93.80491;80.00000;20.00000;0.83587;2
144.51700; 54.15667;      -0.33924; 93.80589;80.00000;20.00000;0.83581;2
144.58299; 54.17000;      -0.34015; 93.80784;80.00000;20.00000;0.83577;2
144.64400; 54.18333;      -0.34017; 93.80882;80.00000;20.00000;0.83572;2
144.71800; 54.19667;      -0.34010; 93.80882;80.00000;20.00000;0.83567;2
144.79201; 54.21000;      -0.34030; 93.80979;80.00000;20.00000;0.83562;2
144.85001; 54.22333;      -0.34068; 93.80979;80.00000;20.00000;0.83558;2
144.93100; 54.23667;      -0.34088; 93.80979;80.00000;20.00000;0.83552;2
145.00400; 54.25000;      -0.34108; 93.81077;80.00000;20.00000;0.83546;2
145.06700; 54.26333;      -0.34154; 93.81077;80.00000;20.00000;0.83542;2
145.12700; 54.27667;      -0.34165; 93.81077;80.00000;20.00000;0.83538;2
145.21100; 54.29000;      -0.34257; 93.81272;80.00000;20.00000;0.83532;2
145.26100; 54.30333;      -0.34276; 93.81272;80.00000;20.00000;0.83528;2
145.34000; 54.31667;      -0.34269; 93.81077;80.00000;20.00000;0.83522;2
145.40800; 54.33000;      -0.34316; 93.80882;80.00000;20.00000;0.83518;2
145.48100; 54.34333;      -0.34354; 93.80784;80.00000;20.00000;0.83512;2
145.53900; 54.35667;      -0.34346; 93.80589;80.00000;20.00000;0.83508;2
145.60300; 54.37000;      -0.34384; 93.80491;80.00000;20.00000;0.83504;2
145.67500; 54.38333;      -0.34502; 93.80296;80.00000;20.00000;0.83499;2
145.74001; 54.39667;      -0.34513; 93.80101;80.00000;20.00000;0.83494;2
145.80099; 54.41000;      -0.34470; 93.80003;80.00000;20.00000;0.83490;2
145.87300; 54.42333;      -0.34508; 93.79906;80.00000;20.00000;0.83484;2
145.94200; 54.43667;      -0.34528; 93.79808;80.00000;20.00000;0.83479;2
146.01401; 54.45000;      -0.34539; 93.79613;80.00000;20.00000;0.83474;2
146.08600; 54.46333;      -0.34595; 93.79515;80.00000;20.00000;0.83469;2
146.13800; 54.47667;      -0.34694; 93.79417;80.00000;20.00000;0.83465;2
146.22301; 54.49000;      -0.34643; 93.79222;80.00000;20.00000;0.83459;2
146.28500; 54.50333;      -0.34663; 93.79613;80.00000;20.00000;0.83455;2
146.35400; 54.51667;      -0.34683; 93.80101;80.00000;20.00000;0.83450;2
146.42900; 54.53000;      -0.34712; 93.80589;80.00000;20.00000;0.83445;2
146.50200; 54.54333;      -0.34768; 93.80979;80.00000;20.00000;0.83439;2
146.53900; 54.55667;      -0.34813; 93.81272;80.00000;20.00000;0.83437;2
146.62100; 54.57000;      -0.34834; 93.81467;80.00000;20.00000;0.83431;2
146.69901; 54.58333;      -0.34863; 93.81663;80.00000;20.00000;0.83425;2
146.75999; 54.59667;      -0.34856; 93.81760;80.00000;20.00000;0.83421;2
146.82700; 54.61000;      -0.34866; 93.81956;80.00000;20.00000;0.83416;2
146.88901; 54.62333;      -0.35011; 93.82053;80.00000;20.00000;0.83412;2
146.96600; 54.63667;      -0.34969; 93.82248;80.00000;20.00000;0.83406;2
147.03300; 54.65000;      -0.34998; 93.82346;80.00000;20.00000;0.83402;2
147.10300; 54.66333;      -0.35080; 93.82541;80.00000;20.00000;0.83397;2
147.16400; 54.67667;      -0.35144; 93.82737;80.00000;20.00000;0.83392;2
147.25000; 54.69000;      -0.35165; 93.82834;80.00000;20.00000;0.83386;2
147.29401; 54.70333;      -0.35211; 93.82932;80.00000;20.00000;0.83383;2
147.38100; 54.71667;      -0.35142; 93.83029;80.00000;20.00000;0.83377;2
147.44600; 54.73000;      -0.35189; 93.83029;80.00000;20.00000;0.83372;2
147.50800; 54.74333;      -0.35262; 93.83127;80.00000;20.00000;0.83368;2
147.58099; 54.75667;      -0.35300; 93.83127;80.00000;20.00000;0.83362;2
147.63800; 54.77000;      -0.35337; 93.83127;80.00000;20.00000;0.83358;2
147.72000; 54.78333;      -0.35313; 93.83225;80.00000;20.00000;0.83352;2
147.78999; 54.79667;      -0.35360; 93.83225;80.00000;20.00000;0.83347;2
147.85201; 54.81000;      -0.35353; 93.83225;80.00000;20.00000;0.83343;2
147.91800; 54.82333;      -0.35426; 93.83225;80.00000;20.00000;0.83338;2
147.97701; 54.83667;      -0.35464; 93.83225;80.00000;20.00000;0.83334;2
148.05701; 54.85000;      -0.35493; 93.83225;80.00000;20.00000;0.83328;2
148.11900; 54.86333;      -0.35495; 93.83225;80.00000;20.00000;0.83324;2
148.18100; 54.87667;      -0.35551; 93.83225;80.00000;20.00000;0.83320;2
148.25200; 54.89000;      -0.35553; 93.83225;80.00000;20.00000;0.83314;2
148.32001; 54.90333;      -0.35591; 93.83225;80.00000;20.00000;0.83310;2
148.38800; 54.91667;      -0.35593; 93.83225;80.00000;20.00000;0.83305;2
148.45200; 54.93000;      -0.35612; 93.83225;80.00000;20.00000;0.83300;2
148.52901; 54.94333;      -0.35633; 93.83225;80.00000;20.00000;0.83295;2
148.58299; 54.95667;      -0.35706; 93.83127;80.00000;20.00000;0.83291;2
148.64600; 54.97000;      -0.35735; 93.82639;80.00000;20.00000;0.83286;2
148.72501; 54.98333;      -0.35782; 93.82053;80.00000;20.00000;0.83281;2
148.80299; 54.99667;      -0.35811; 93.81663;80.00000;20.00000;0.83275;2
148.86600; 55.01000;      -0.35858; 93.81467;80.00000;20.00000;0.83271;2
148.93900; 55.02333;      -0.35896; 93.81272;80.00000;20.00000;0.83265;2
149.00600; 55.03667;      -0.35880; 93.81175;80.00000;20.00000;0.83261;2
149.06500; 55.05000;      -0.35908; 93.81077;80.00000;20.00000;0.83256;2
149.13400; 55.06333;      -0.35973; 93.80979;80.00000;20.00000;0.83252;2
149.20599; 55.07667;      -0.36002; 93.80882;80.00000;20.00000;0.83246;2
149.27100; 55.09000;      -0.36022; 93.80882;80.00000;20.00000;0.83242;2
149.32899; 55.10333;      -0.36069; 93.80784;80.00000;20.00000;0.83238;2
149.40500; 55.11667;      -0.36089; 93.80686;80.00000;20.00000;0.83232;2
149.48000; 55.13000;      -0.36163; 93.80686;80.00000;20.00000;0.83227;2
149.54201; 55.14333;      -0.36245; 93.80589;80.00000;20.00000;0.83222;2
149.61301; 55.15667;      -0.36274; 93.80589;80.00000;20.00000;0.83217;2
149.67599; 55.17000;      -0.36241; 93.80491;80.00000;20.00000;0.83213;2
149.75400; 55.18333;      -0.36261; 93.80394;80.00000;20.00000;0.83207;2
149.81900; 55.19667;      -0.36281; 93.80394;80.00000;20.00000;0.83203;2
149.88400; 55.21000;      -0.36301; 93.80296;80.00000;20.00000;0.83198;2
149.95399; 55.22333;      -0.36339; 93.80296;80.00000;20.00000;0.83193;2
150.01401; 55.23667;      -0.36359; 93.80198;80.00000;20.00000;0.83189;2
150.07800; 55.25000;      -0.36459; 93.80198;80.00000;20.00000;0.83184;2
150.14999; 55.26333;      -0.36452; 93.80101;80.00000;20.00000;0.83179;2
150.22900; 55.27667;      -0.36508; 93.80003;80.00000;20.00000;0.83173;2
150.29601; 55.29000;      -0.36520; 93.80003;80.00000;20.00000;0.83169;2
150.34200; 55.30333;      -0.36530; 93.79906;80.00000;20.00000;0.83165;2
150.43201; 55.31667;      -0.36533; 93.79906;80.00000;20.00000;0.83159;2
150.49600; 55.33000;      -0.36615; 93.79808;80.00000;20.00000;0.83154;2
150.55901; 55.34333;      -0.36644; 93.79710;80.00000;20.00000;0.83150;2
150.63800; 55.35667;      -0.36674; 93.79710;80.00000;20.00000;0.83144;2
150.72200; 55.37000;      -0.36712; 93.79613;80.00000;20.00000;0.83138;2
150.76700; 55.38333;      -0.36731; 93.79613;80.00000;20.00000;0.83135;2
150.84300; 55.39667;      -0.36734; 93.79515;80.00000;20.00000;0.83130;2
150.90601; 55.41000;      -0.36772; 93.79515;80.00000;20.00000;0.83125;2
150.97000; 55.42333;      -0.36809; 93.79417;80.00000;20.00000;0.83121;2
151.04401; 55.43667;      -0.36848; 93.79417;80.00000;20.00000;0.83115;2
151.10800; 55.45000;      -0.36903; 93.79320;80.00000;20.00000;0.83111;2
151.17999; 55.46333;      -0.36879; 93.79320;80.00000;20.00000;0.83106;2
151.24300; 55.47667;      -0.36953; 93.79320;80.00000;20.00000;0.83101;2
151.30901; 55.49000;      -0.37044; 93.79320;80.00000;20.00000;0.83096;2
151.38600; 55.50333;      -0.37020; 93.79320;80.00000;20.00000;0.83091;2
151.44600; 55.51667;      -0.37040; 93.79320;80.00000;20.00000;0.83087;2
151.51199; 55.53000;      -0.37113; 93.79320;80.00000;20.00000;0.83082;2
151.57300; 55.54333;      -0.37151; 93.79320;80.00000;20.00000;0.83078;2
151.64700; 55.55667;      -0.37189; 93.79320;80.00000;20.00000;0.83072;2
151.72000; 55.57000;      -0.37237; 93.79320;80.00000;20.00000;0.83067;2
151.79201; 55.58333;      -0.37257; 93.79320;80.00000;20.00000;0.83062;2
151.85800; 55.59667;      -0.37295; 93.79320;80.00000;20.00000;0.83057;2
151.92101; 55.61000;      -0.37288; 93.79320;80.00000;20.00000;0.83053;2
151.98700; 55.62333;      -0.37344; 93.79320;80.00000;20.00000;0.83048;2
152.05000; 55.63667;      -0.37400; 93.79320;80.00000;20.00000;0.83044;2
152.13400; 55.65000;      -0.37465; 93.79320;80.00000;20.00000;0.83038;2
152.20500; 55.66333;      -0.37512; 93.79320;80.00000;20.00000;0.83033;2
152.25800; 55.67667;      -0.37595; 93.79320;80.00000;20.00000;0.83029;2
152.33299; 55.69000;      -0.37606; 93.79222;80.00000;20.00000;0.83023;2
152.38699; 55.70333;      -0.37635; 93.79222;80.00000;20.00000;0.83020;2
152.46800; 55.71667;      -0.37619; 93.79222;80.00000;20.00000;0.83014;2
152.52499; 55.73000;      -0.37693; 93.79125;80.00000;20.00000;0.83010;2
152.59300; 55.74333;      -0.37704; 93.79125;80.00000;20.00000;0.83005;2
152.67000; 55.75667;      -0.37689; 93.79027;80.00000;20.00000;0.82999;2
152.73399; 55.77000;      -0.37772; 93.79027;80.00000;20.00000;0.82995;2
152.80299; 55.78333;      -0.37873; 93.79027;80.00000;20.00000;0.82990;2
152.86400; 55.79667;      -0.37821; 93.78929;80.00000;20.00000;0.82986;2
152.94701; 55.81000;      -0.37814; 93.78929;80.00000;20.00000;0.82980;2
153.01100; 55.82333;      -0.37843; 93.78832;80.00000;20.00000;0.82975;2
153.07001; 55.83667;      -0.37863; 93.78832;80.00000;20.00000;0.82971;2
153.14400; 55.85000;      -0.37929; 93.78832;80.00000;20.00000;0.82966;2
153.20700; 55.86333;      -0.37993; 93.78734;80.00000;20.00000;0.82961;2
153.26401; 55.87667;      -0.38022; 93.78734;80.00000;20.00000;0.82957;2
153.34200; 55.89000;      -0.37980; 93.78636;80.00000;20.00000;0.82952;2
153.41200; 55.90333;      -0.38081; 93.78636;80.00000;20.00000;0.82947;2
153.47200; 55.91667;      -0.38173; 93.78636;80.00000;20.00000;0.82942;2
153.54800; 55.93000;      -0.38157; 93.78539;80.00000;20.00000;0.82937;2
153.60500; 55.94333;      -0.38150; 93.78539;80.00000;20.00000;0.82933;2
153.67000; 55.95667;      -0.38224; 93.78539;80.00000;20.00000;0.82928;2
153.73000; 55.97000;      -0.38262; 93.78441;80.00000;20.00000;0.82924;2
153.81400; 55.98333;      -0.38292; 93.78441;80.00000;20.00000;0.82918;2
153.87300; 55.99667;      -0.38356; 93.78344;80.00000;20.00000;0.82914;2
153.93900; 56.01000;      -0.38404; 93.78344;80.00000;20.00000;0.82909;2
154.01500; 56.02333;      -0.38460; 93.78344;80.00000;20.00000;0.82904;2
154.08099; 56.03667;      -0.38489; 93.78246;80.00000;20.00000;0.82899;2
154.14900; 56.05000;      -0.38518; 93.78246;80.00000;20.00000;0.82894;2
154.20399; 56.06333;      -0.38502; 93.78148;80.00000;20.00000;0.82890;2
154.28700; 56.07667;      -0.38487; 93.78148;80.00000;20.00000;0.82884;2
154.36099; 56.09000;      -0.38453; 93.78148;80.00000;20.00000;0.82879;2
154.40800; 56.10333;      -0.38581; 93.78051;80.00000;20.00000;0.82876;2
154.48300; 56.11667;      -0.38619; 93.78246;80.00000;20.00000;0.82870;2
154.54900; 56.13000;      -0.38675; 93.78441;80.00000;20.00000;0.82866;2
154.62199; 56.14333;      -0.38696; 93.78636;80.00000;20.00000;0.82860;2
154.69600; 56.15667;      -0.38707; 93.78734;80.00000;20.00000;0.82855;2
154.76199; 56.17000;      -0.38709; 93.78832;80.00000;20.00000;0.82850;2
154.83200; 56.18333;      -0.38703; 93.78929;80.00000;20.00000;0.82845;2
154.88400; 56.19667;      -0.38740; 93.78929;80.00000;20.00000;0.82842;2
154.95399; 56.21000;      -0.38761; 93.78929;80.00000;20.00000;0.82837;2
155.02200; 56.22333;      -0.38898; 93.79027;80.00000;20.00000;0.82832;2
155.08600; 56.23667;      -0.38909; 93.79027;80.00000;20.00000;0.82827;2
155.15900; 56.25000;      -0.39010; 93.79027;80.00000;20.00000;0.82822;2
155.23399; 56.26333;      -0.39004; 93.79125;80.00000;20.00000;0.82817;2
155.29300; 56.27667;      -0.39015; 93.79125;80.00000;20.00000;0.82813;2
155.35800; 56.29000;      -0.39170; 93.79125;80.00000;20.00000;0.82808;2
155.43300; 56.30333;      -0.39137; 93.79222;80.00000;20.00000;0.82803;2
155.49400; 56.31667;      -0.39202; 93.79222;80.00000;20.00000;0.82798;2
155.56200; 56.33000;      -0.39204; 93.79222;80.00000;20.00000;0.82794;2
155.63400; 56.34333;      -0.39206; 93.79222;80.00000;20.00000;0.82788;2
155.70200; 56.35667;      -0.39218; 93.79320;80.00000;20.00000;0.82784;2
155.76801; 56.37000;      -0.39301; 93.79320;80.00000;20.00000;0.82779;2
155.83800; 56.38333;      -0.39348; 93.79320;80.00000;20.00000;0.82774;2
155.89500; 56.39667;      -0.39350; 93.79417;80.00000;20.00000;0.82770;2
155.97200; 56.41000;      -0.39398; 93.79417;80.00000;20.00000;0.82764;2
156.03600; 56.42333;      -0.39373; 93.79417;80.00000;20.00000;0.82760;2
156.09100; 56.43667;      -0.39465; 93.79417;80.00000;20.00000;0.82756;2
156.16200; 56.45000;      -0.39458; 93.79515;80.00000;20.00000;0.82751;2
156.24300; 56.46333;      -0.39497; 93.79613;80.00000;20.00000;0.82745;2
156.31599; 56.47667;      -0.39589; 93.79710;80.00000;20.00000;0.82740;2
156.36800; 56.49000;      -0.39555; 93.79808;80.00000;20.00000;0.82736;2
156.45399; 56.50333;      -0.39630; 93.79808;80.00000;20.00000;0.82730;2
156.50800; 56.51667;      -0.39659; 93.79906;80.00000;20.00000;0.82726;2
156.57800; 56.53000;      -0.39688; 93.79906;80.00000;20.00000;0.82721;2
156.63901; 56.54333;      -0.39726; 93.80003;80.00000;20.00000;0.82717;2
156.69901; 56.55667;      -0.39719; 93.80003;80.00000;20.00000;0.82713;2
156.76401; 56.57000;      -0.39785; 93.80101;80.00000;20.00000;0.82708;2
156.84801; 56.58333;      -0.39842; 93.80101;80.00000;20.00000;0.82702;2
156.91200; 56.59667;      -0.39889; 93.80101;80.00000;20.00000;0.82698;2
156.97501; 56.61000;      -0.39927; 93.80198;80.00000;20.00000;0.82693;2
157.04601; 56.62333;      -0.40037; 93.80198;80.00000;20.00000;0.82688;2
157.11501; 56.63667;      -0.40031; 93.80296;80.00000;20.00000;0.82683;2
157.17400; 56.65000;      -0.40051; 93.80394;80.00000;20.00000;0.82679;2
157.25101; 56.66333;      -0.40090; 93.80589;80.00000;20.00000;0.82673;2
157.31500; 56.67667;      -0.40155; 93.80686;80.00000;20.00000;0.82669;2
157.39600; 56.69000;      -0.40095; 93.80784;80.00000;20.00000;0.82663;2
157.45700; 56.70333;      -0.40124; 93.80882;80.00000;20.00000;0.82659;2
157.51601; 56.71667;      -0.40171; 93.80979;80.00000;20.00000;0.82655;2
157.59300; 56.73000;      -0.40210; 93.81077;80.00000;20.00000;0.82649;2
157.65700; 56.74333;      -0.40257; 93.81175;80.00000;20.00000;0.82645;2
157.71899; 56.75667;      -0.40349; 93.81175;80.00000;20.00000;0.82640;2
157.78500; 56.77000;      -0.40360; 93.81272;80.00000;20.00000;0.82636;2
157.85400; 56.78333;      -0.40300; 93.81370;80.00000;20.00000;0.82631;2
157.92900; 56.79667;      -0.40401; 93.81370;80.00000;20.00000;0.82625;2
157.98900; 56.81000;      -0.40467; 93.81077;80.00000;20.00000;0.82621;2
158.05299; 56.82333;      -0.40487; 93.80784;80.00000;20.00000;0.82616;2
158.13000; 56.83667;      -0.40462; 93.80394;80.00000;20.00000;0.82611;2
158.18900; 56.85000;      -0.40465; 93.80101;80.00000;20.00000;0.82607;2
158.26500; 56.86333;      -0.40503; 93.79906;80.00000;20.00000;0.82601;2
158.32600; 56.87667;      -0.40550; 93.79710;80.00000;20.00000;0.82597;2
158.39101; 56.89000;      -0.40607; 93.79515;80.00000;20.00000;0.82592;2
158.46100; 56.90333;      -0.40591; 93.79222;80.00000;20.00000;0.82588;2
158.51801; 56.91667;      -0.40674; 93.78734;80.00000;20.00000;0.82583;2
158.59500; 56.93000;      -0.40704; 93.78148;80.00000;20.00000;0.82578;2
158.66100; 56.94333;      -0.40743; 93.77758;80.00000;20.00000;0.82573;2
158.72800; 56.95667;      -0.40808; 93.77465;80.00000;20.00000;0.82569;2
158.80600; 56.97000;      -0.40820; 93.77172;80.00000;20.00000;0.82563;2
158.85800; 56.98333;      -0.40885; 93.76977;80.00000;20.00000;0.82559;2
158.93201; 56.99667;      -0.40878; 93.76977;80.00000;20.00000;0.82554;2
158.99400; 57.01000;      -0.40962; 93.76879;80.00000;20.00000;0.82550;2
159.06599; 57.02333;      -0.40964; 93.76782;80.00000;20.00000;0.82545;2
159.13000; 57.03667;      -0.41021; 93.76586;80.00000;20.00000;0.82540;2
159.20200; 57.05000;      -0.41050; 93.76293;80.00000;20.00000;0.82535;2
159.26100; 57.06333;      -0.41088; 93.76001;80.00000;20.00000;0.82531;2
159.33800; 57.07667;      -0.41154; 93.76098;80.00000;20.00000;0.82525;2
159.40800; 57.09000;      -0.41148; 93.76293;80.00000;20.00000;0.82520;2
159.48199; 57.10333;      -0.41150; 93.76586;80.00000;20.00000;0.82515;2
159.54800; 57.11667;      -0.41180; 93.76684;80.00000;20.00000;0.82510;2
159.61000; 57.13000;      -0.41182; 93.76782;80.00000;20.00000;0.82506;2
159.68300; 57.14333;      -0.41320; 93.76684;80.00000;20.00000;0.82501;2
159.73300; 57.15667;      -0.41340; 93.76782;80.00000;20.00000;0.82497;2
159.81400; 57.17000;      -0.41370; 93.76684;80.00000;20.00000;0.82491;2
159.88200; 57.18333;      -0.41426; 93.76684;80.00000;20.00000;0.82487;2
159.95000; 57.19667;      -0.41447; 93.76782;80.00000;20.00000;0.82482;2
160.01601; 57.21000;      -0.41512; 93.76782;80.00000;20.00000;0.82477;2
160.08400; 57.22333;      -0.41524; 93.76879;80.00000;20.00000;0.82472;2
160.14700; 57.23667;      -0.41553; 93.76879;80.00000;20.00000;0.82468;2
160.21500; 57.25000;      -0.41529; 93.76684;80.00000;20.00000;0.82463;2
160.28200; 57.26333;      -0.41594; 93.76293;80.00000;20.00000;0.82458;2
160.34399; 57.27667;      -0.41596; 93.75903;80.00000;20.00000;0.82454;2
160.41701; 57.29000;      -0.41626; 93.75708;80.00000;20.00000;0.82449;2
160.47400; 57.30333;      -0.41728; 93.75415;80.00000;20.00000;0.82445;2
160.55099; 57.31667;      -0.41739; 93.75220;80.00000;20.00000;0.82439;2
160.61900; 57.33000;      -0.41769; 93.74927;80.00000;20.00000;0.82434;2
160.68201; 57.34333;      -0.41825; 93.74732;80.00000;20.00000;0.82430;2
160.75500; 57.35667;      -0.41891; 93.74536;80.00000;20.00000;0.82425;2
160.81599; 57.37000;      -0.41957; 93.74243;80.00000;20.00000;0.82420;2
160.88800; 57.38333;      -0.41950; 93.74146;80.00000;20.00000;0.82415;2
160.95900; 57.39667;      -0.41935; 93.73853;80.00000;20.00000;0.82410;2
161.01300; 57.41000;      -0.41946; 93.73658;80.00000;20.00000;0.82406;2
161.08701; 57.42333;      -0.41948; 93.73462;80.00000;20.00000;0.82401;2
161.15100; 57.43667;      -0.41978; 93.73267;80.00000;20.00000;0.82397;2
161.22701; 57.45000;      -0.42035; 93.73267;80.00000;20.00000;0.82391;2
161.29100; 57.46333;      -0.42055; 93.73072;80.00000;20.00000;0.82387;2
161.35699; 57.47667;      -0.42085; 93.73072;80.00000;20.00000;0.82382;2
161.41499; 57.49000;      -0.42123; 93.72974;80.00000;20.00000;0.82378;2
161.49400; 57.50333;      -0.42216; 93.72974;80.00000;20.00000;0.82372;2
161.55499; 57.51667;      -0.42282; 93.72974;80.00000;20.00000;0.82368;2
161.63400; 57.53000;      -0.42330; 93.72974;80.00000;20.00000;0.82362;2
161.70200; 57.54333;      -0.42378; 93.72974;80.00000;20.00000;0.82357;2
161.75500; 57.55667;      -0.42389; 93.72974;80.00000;20.00000;0.82354;2
161.81799; 57.57000;      -0.42427; 93.72974;80.00000;20.00000;0.82349;2
161.89000; 57.58333;      -0.42457; 93.72974;80.00000;20.00000;0.82344;2
161.96700; 57.59667;      -0.42414; 93.72974;80.00000;20.00000;0.82339;2
162.02299; 57.61000;      -0.42498; 93.72974;80.00000;20.00000;0.82335;2
162.09599; 57.62333;      -0.42528; 93.72974;80.00000;20.00000;0.82330;2
162.15500; 57.63667;      -0.42584; 93.72974;80.00000;20.00000;0.82325;2
162.24001; 57.65000;      -0.42614; 93.72974;80.00000;20.00000;0.82319;2
162.30400; 57.66333;      -0.42635; 93.72974;80.00000;20.00000;0.82315;2
162.37000; 57.67667;      -0.42646; 93.72974;80.00000;20.00000;0.82310;2
162.42999; 57.69000;      -0.42694; 93.72877;80.00000;20.00000;0.82306;2
162.49400; 57.70333;      -0.42732; 93.72779;80.00000;20.00000;0.82301;2
162.57899; 57.71667;      -0.42745; 93.72584;80.00000;20.00000;0.82295;2
162.64200; 57.73000;      -0.42747; 93.72291;80.00000;20.00000;0.82291;2
162.70200; 57.74333;      -0.42740; 93.72193;80.00000;20.00000;0.82287;2
162.74899; 57.75667;      -0.42859; 93.71998;80.00000;20.00000;0.82283;2
162.83299; 57.77000;      -0.42881; 93.71803;80.00000;20.00000;0.82277;2
162.89600; 57.78333;      -0.42946; 93.71803;80.00000;20.00000;0.82273;2
162.96300; 57.79667;      -0.42949; 93.71608;80.00000;20.00000;0.82268;2
163.03799; 57.81000;      -0.42952; 93.71510;80.00000;20.00000;0.82263;2
163.10500; 57.82333;      -0.42963; 93.71412;80.00000;20.00000;0.82258;2
163.17300; 57.83667;      -0.42975; 93.71217;80.00000;20.00000;0.82253;2
163.23500; 57.85000;      -0.42995; 93.71217;80.00000;20.00000;0.82249;2
163.30800; 57.86333;      -0.43025; 93.71120;80.00000;20.00000;0.82244;2
163.36800; 57.87667;      -0.43081; 93.71217;80.00000;20.00000;0.82239;2
163.43600; 57.89000;      -0.43102; 93.71217;80.00000;20.00000;0.82235;2
163.50700; 57.90333;      -0.43150; 93.71217;80.00000;20.00000;0.82230;2
163.58299; 57.91667;      -0.43171; 93.71315;80.00000;20.00000;0.82224;2
163.63800; 57.93000;      -0.43200; 93.71315;80.00000;20.00000;0.82220;2
163.69400; 57.94333;      -0.43220; 93.71412;80.00000;20.00000;0.82216;2
163.76700; 57.95667;      -0.43377; 93.71315;80.00000;20.00000;0.82211;2
163.82201; 57.97000;      -0.43361; 93.71315;80.00000;20.00000;0.82207;2
163.90401; 57.98333;      -0.43328; 93.71412;80.00000;20.00000;0.82201;2
163.96400; 57.99667;      -0.43348; 93.71315;80.00000;20.00000;0.82197;2
164.03700; 58.01000;      -0.43405; 93.71412;80.00000;20.00000;0.82192;2
164.10800; 58.02333;      -0.43399; 93.71412;80.00000;20.00000;0.82187;2
164.17599; 58.03667;      -0.43519; 93.71412;80.00000;20.00000;0.82182;2
164.24200; 58.05000;      -0.43576; 93.71412;80.00000;20.00000;0.82177;2
164.31400; 58.06333;      -0.43570; 93.71412;80.00000;20.00000;0.82172;2
164.38400; 58.07667;      -0.43582; 93.71412;80.00000;20.00000;0.82167;2
164.43900; 58.09000;      -0.43602; 93.71412;80.00000;20.00000;0.82164;2
164.50999; 58.10333;      -0.43668; 93.71412;80.00000;20.00000;0.82159;2
164.57401; 58.11667;      -0.43697; 93.71315;80.00000;20.00000;0.82154;2
164.64000; 58.13000;      -0.43745; 93.71315;80.00000;20.00000;0.82149;2
164.70599; 58.14333;      -0.43775; 93.71217;80.00000;20.00000;0.82145;2
164.78101; 58.15667;      -0.43805; 93.71120;80.00000;20.00000;0.82139;2
164.85201; 58.17000;      -0.43835; 93.71120;80.00000;20.00000;0.82134;2
164.90500; 58.18333;      -0.43882; 93.71022;80.00000;20.00000;0.82131;2
164.97301; 58.19667;      -0.43939; 93.71022;80.00000;20.00000;0.82126;2
165.03999; 58.21000;      -0.43942; 93.71022;80.00000;20.00000;0.82121;2
165.11400; 58.22333;      -0.43935; 93.71022;80.00000;20.00000;0.82116;2
165.17700; 58.23667;      -0.43965; 93.71022;80.00000;20.00000;0.82111;2
165.23700; 58.25000;      -0.44004; 93.70924;80.00000;20.00000;0.82107;2
165.30099; 58.26333;      -0.44070; 93.71022;80.00000;20.00000;0.82103;2
165.37300; 58.27667;      -0.44136; 93.70924;80.00000;20.00000;0.82097;2
165.44501; 58.29000;      -0.44157; 93.71022;80.00000;20.00000;0.82092;2
165.50600; 58.30333;      -0.44150; 93.70924;80.00000;20.00000;0.82088;2
165.57700; 58.31667;      -0.44189; 93.70924;80.00000;20.00000;0.82083;2
165.64999; 58.33000;      -0.44237; 93.70924;80.00000;20.00000;0.82078;2
165.72000; 58.34333;      -0.44222; 93.70827;80.00000;20.00000;0.82073;2
165.77901; 58.35667;      -0.44224; 93.70924;80.00000;20.00000;0.82069;2
165.84599; 58.37000;      -0.44272; 93.70827;80.00000;20.00000;0.82064;2
165.91299; 58.38333;      -0.44365; 93.70924;80.00000;20.00000;0.82059;2
165.97501; 58.39667;      -0.44377; 93.70827;80.00000;20.00000;0.82055;2
166.05299; 58.41000;      -0.44461; 93.70827;80.00000;20.00000;0.82049;2
166.12000; 58.42333;      -0.44464; 93.70827;80.00000;20.00000;0.82045;2
166.17900; 58.43667;      -0.44511; 93.70827;80.00000;20.00000;0.82040;2
166.24899; 58.45000;      -0.44596; 93.70827;80.00000;20.00000;0.82035;2
166.32001; 58.46333;      -0.44617; 93.70827;80.00000;20.00000;0.82030;2
166.37399; 58.47667;      -0.44701; 93.70729;80.00000;20.00000;0.82027;2
166.44200; 58.49000;      -0.44694; 93.70729;80.00000;20.00000;0.82022;2
166.51700; 58.50333;      -0.44706; 93.70729;80.00000;20.00000;0.82016;2
166.57300; 58.51667;      -0.44745; 93.70729;80.00000;20.00000;0.82013;2
166.64799; 58.53000;      -0.44793; 93.70729;80.00000;20.00000;0.82007;2
166.72200; 58.54333;      -0.44823; 93.70534;80.00000;20.00000;0.82002;2
166.78500; 58.55667;      -0.44834; 93.70436;80.00000;20.00000;0.81998;2
166.86000; 58.57000;      -0.44874; 93.70241;80.00000;20.00000;0.81992;2
166.90601; 58.58333;      -0.44939; 93.70241;80.00000;20.00000;0.81989;2
166.99100; 58.59667;      -0.44933; 93.70143;80.00000;20.00000;0.81983;2
167.04300; 58.61000;      -0.44981; 93.70046;80.00000;20.00000;0.81979;2
167.11000; 58.62333;      -0.45083; 93.70046;80.00000;20.00000;0.81975;2
167.18401; 58.63667;      -0.45023; 93.69948;80.00000;20.00000;0.81969;2
167.25101; 58.65000;      -0.45043; 93.69948;80.00000;20.00000;0.81965;2
167.31100; 58.66333;      -0.45191; 93.69850;80.00000;20.00000;0.81960;2
167.37399; 58.67667;      -0.45184; 93.69850;80.00000;20.00000;0.81956;2
167.44000; 58.69000;      -0.45187; 93.69850;80.00000;20.00000;0.81951;2
167.51199; 58.70333;      -0.45217; 93.69753;80.00000;20.00000;0.81946;2
167.58299; 58.71667;      -0.45247; 93.69753;80.00000;20.00000;0.81941;2
167.64999; 58.73000;      -0.45313; 93.69753;80.00000;20.00000;0.81936;2
167.72301; 58.74333;      -0.45362; 93.69655;80.00000;20.00000;0.81931;2
167.78500; 58.75667;      -0.45391; 93.69655;80.00000;20.00000;0.81927;2
167.84700; 58.77000;      -0.45403; 93.69558;80.00000;20.00000;0.81922;2
167.92300; 58.78333;      -0.45433; 93.69655;80.00000;20.00000;0.81917;2
167.98700; 58.79667;      -0.45463; 93.69558;80.00000;20.00000;0.81913;2
168.05200; 58.81000;      -0.45520; 93.69460;80.00000;20.00000;0.81908;2
168.12199; 58.82333;      -0.45541; 93.69460;80.00000;20.00000;0.81903;2
168.18300; 58.83667;      -0.45580; 93.69460;80.00000;20.00000;0.81899;2
168.24100; 58.85000;      -0.45709; 93.69460;80.00000;20.00000;0.81895;2
168.31700; 58.86333;      -0.45712; 93.69362;80.00000;20.00000;0.81889;2
168.38901; 58.87667;      -0.45715; 93.69265;80.00000;20.00000;0.81884;2
168.45700; 58.89000;      -0.45836; 93.69265;80.00000;20.00000;0.81879;2
168.52600; 58.90333;      -0.45802; 93.69167;80.00000;20.00000;0.81874;2
168.59599; 58.91667;      -0.45842; 93.69167;80.00000;20.00000;0.81870;2
168.64999; 58.93000;      -0.45962; 93.69069;80.00000;20.00000;0.81866;2
168.72900; 58.94333;      -0.45965; 93.69069;80.00000;20.00000;0.81860;2
168.79700; 58.95667;      -0.46050; 93.69069;80.00000;20.00000;0.81855;2
168.86000; 58.97000;      -0.46080; 93.69069;80.00000;20.00000;0.81851;2
168.92500; 58.98333;      -0.46055; 93.69069;80.00000;20.00000;0.81846;2
168.99100; 58.99667;      -0.46230; 93.69069;80.00000;20.00000;0.81842;2
169.06300; 59.01000;      -0.46242; 93.68972;80.00000;20.00000;0.81837;2
169.12300; 59.02333;      -0.46226; 93.68972;80.00000;20.00000;0.81832;2
169.19800; 59.03667;      -0.46266; 93.68874;80.00000;20.00000;0.81827;2
169.25500; 59.05000;      -0.46268; 93.68874;80.00000;20.00000;0.81823;2
169.32401; 59.06333;      -0.46307; 93.68777;80.00000;20.00000;0.81818;2
169.38699; 59.07667;      -0.46328; 93.68777;80.00000;20.00000;0.81814;2
169.45200; 59.09000;      -0.46349; 93.68679;80.00000;20.00000;0.81809;2
169.52699; 59.10333;      -0.46388; 93.68581;80.00000;20.00000;0.81804;2
169.58600; 59.11667;      -0.46445; 93.68288;80.00000;20.00000;0.81800;2
169.65601; 59.13000;      -0.46557; 93.67800;80.00000;20.00000;0.81795;2
169.72000; 59.14333;      -0.46569; 93.67410;80.00000;20.00000;0.81790;2
169.79800; 59.15667;      -0.46600; 93.67117;80.00000;20.00000;0.81785;2
169.86501; 59.17000;      -0.46630; 93.66824;80.00000;20.00000;0.81780;2
169.92999; 59.18333;      -0.46705; 93.66727;80.00000;20.00000;0.81775;2
169.99001; 59.19667;      -0.46735; 93.66531;80.00000;20.00000;0.81771;2
170.06100; 59.21000;      -0.46820; 93.66531;80.00000;20.00000;0.81766;2
170.12199; 59.22333;      -0.46831; 93.66336;80.00000;20.00000;0.81762;2
170.20000; 59.23667;      -0.46834; 93.66238;80.00000;20.00000;0.81756;2
170.26100; 59.25000;      -0.46828; 93.66141;80.00000;20.00000;0.81752;2
170.32500; 59.26333;      -0.46894; 93.66043;80.00000;20.00000;0.81747;2
170.39600; 59.27667;      -0.46888; 93.65848;80.00000;20.00000;0.81742;2
170.45599; 59.29000;      -0.46945; 93.65848;80.00000;20.00000;0.81738;2
170.52499; 59.30333;      -0.46993; 93.65750;80.00000;20.00000;0.81733;2
170.60400; 59.31667;      -0.47088; 93.65653;80.00000;20.00000;0.81728;2
170.66499; 59.33000;      -0.47045; 93.65555;80.00000;20.00000;0.81723;2
170.72301; 59.34333;      -0.47129; 93.65555;80.00000;20.00000;0.81719;2
170.79700; 59.35667;      -0.47168; 93.65555;80.00000;20.00000;0.81714;2
170.86200; 59.37000;      -0.47217; 93.65555;80.00000;20.00000;0.81710;2
170.92900; 59.38333;      -0.47247; 93.65848;80.00000;20.00000;0.81705;2
170.99500; 59.39667;      -0.47313; 93.66043;80.00000;20.00000;0.81700;2
171.07201; 59.41000;      -0.47325; 93.66238;80.00000;20.00000;0.81695;2
171.11700; 59.42333;      -0.47428; 93.66531;80.00000;20.00000;0.81692;2
171.18800; 59.43667;      -0.47339; 93.66727;80.00000;20.00000;0.81687;2
171.26199; 59.45000;      -0.47406; 93.67019;80.00000;20.00000;0.81681;2
171.33400; 59.46333;      -0.47418; 93.67215;80.00000;20.00000;0.81676;2
171.39101; 59.47667;      -0.47448; 93.67410;80.00000;20.00000;0.81672;2
171.46300; 59.49000;      -0.47487; 93.67703;80.00000;20.00000;0.81667;2
171.53700; 59.50333;      -0.47591; 93.67898;80.00000;20.00000;0.81662;2
171.60300; 59.51667;      -0.47593; 93.67996;80.00000;20.00000;0.81657;2
171.66901; 59.53000;      -0.47623; 93.67996;80.00000;20.00000;0.81653;2
171.73900; 59.54333;      -0.47672; 93.68093;80.00000;20.00000;0.81648;2
171.80099; 59.55667;      -0.47729; 93.67996;80.00000;20.00000;0.81643;2
171.86600; 59.57000;      -0.47759; 93.67996;80.00000;20.00000;0.81639;2
171.93800; 59.58333;      -0.47762; 93.67898;80.00000;20.00000;0.81634;2
171.99899; 59.59667;      -0.47865; 93.67898;80.00000;20.00000;0.81629;2
172.06599; 59.61000;      -0.47904; 93.67800;80.00000;20.00000;0.81625;2
172.13901; 59.62333;      -0.47926; 93.67800;80.00000;20.00000;0.81619;2
172.20500; 59.63667;      -0.47938; 93.67605;80.00000;20.00000;0.81615;2
172.27100; 59.65000;      -0.47940; 93.67312;80.00000;20.00000;0.81610;2
172.34500; 59.66333;      -0.47962; 93.66727;80.00000;20.00000;0.81605;2
172.40900; 59.67667;      -0.48010; 93.66434;80.00000;20.00000;0.81600;2
172.47501; 59.69000;      -0.48067; 93.66043;80.00000;20.00000;0.81596;2
172.55901; 59.70333;      -0.48080; 93.65848;80.00000;20.00000;0.81590;2
172.60800; 59.71667;      -0.48082; 93.65555;80.00000;20.00000;0.81586;2
172.68201; 59.73000;      -0.48140; 93.65360;80.00000;20.00000;0.81581;2
172.74100; 59.74333;      -0.48206; 93.65165;80.00000;20.00000;0.81577;2
172.80400; 59.75667;      -0.48182; 93.65067;80.00000;20.00000;0.81573;2
172.87601; 59.77000;      -0.48239; 93.64774;80.00000;20.00000;0.81568;2
172.94600; 59.78333;      -0.48206; 93.64481;80.00000;20.00000;0.81563;2
173.00999; 59.79667;      -0.48254; 93.64091;80.00000;20.00000;0.81558;2
173.08200; 59.81000;      -0.48284; 93.63603;80.00000;20.00000;0.81553;2
173.14500; 59.82333;      -0.48351; 93.63310;80.00000;20.00000;0.81549;2
173.21500; 59.83667;      -0.48418; 93.63017;80.00000;20.00000;0.81544;2
173.28200; 59.85000;      -0.48439; 93.62724;80.00000;20.00000;0.81539;2
173.34500; 59.86333;      -0.48533; 93.62529;80.00000;20.00000;0.81534;2
173.40800; 59.87667;      -0.48563; 93.62334;80.00000;20.00000;0.81530;2
173.47800; 59.89000;      -0.48548; 93.62138;80.00000;20.00000;0.81525;2
173.55000; 59.90333;      -0.48596; 93.61943;80.00000;20.00000;0.81520;2
173.61400; 59.91667;      -0.48553; 93.61748;80.00000;20.00000;0.81516;2
173.68401; 59.93000;      -0.48593; 93.61553;80.00000;20.00000;0.81511;2
173.73900; 59.94333;      -0.48604; 93.61357;80.00000;20.00000;0.81507;2
173.82700; 59.95667;      -0.48718; 93.61064;80.00000;20.00000;0.81501;2
173.87700; 59.97000;      -0.48747; 93.60869;80.00000;20.00000;0.81497;2
173.95700; 59.98333;      -0.48741; 93.60674;80.00000;20.00000;0.81491;2
174.01500; 59.99667;      -0.48762; 93.60479;80.00000;20.00000;0.81487;2
174.08501; 60.01000;      -0.48783; 93.60186;80.00000;20.00000;0.81482;2
174.15500; 60.02333;      -0.48878; 93.59893;80.00000;20.00000;0.81477;2
174.21201; 60.03667;      -0.48880; 93.59503;80.00000;20.00000;0.81473;2
174.28400; 60.05000;      -0.48911; 93.59210;80.00000;20.00000;0.81468;2
174.35001; 60.06333;      -0.48959; 93.59307;80.00000;20.00000;0.81464;2
174.42000; 60.07667;      -0.48971; 93.59503;80.00000;20.00000;0.81459;2
174.48599; 60.09000;      -0.48956; 93.59503;80.00000;20.00000;0.81454;2
174.54700; 60.10333;      -0.48949; 93.59698;80.00000;20.00000;0.81450;2
174.61400; 60.11667;      -0.48970; 93.59991;80.00000;20.00000;0.81445;2
174.68900; 60.13000;      -0.49028; 93.60186;80.00000;20.00000;0.81440;2
174.74800; 60.14333;      -0.49040; 93.60381;80.00000;20.00000;0.81436;2
174.80901; 60.15667;      -0.49079; 93.60576;80.00000;20.00000;0.81431;2
174.87700; 60.17000;      -0.49128; 93.60674;80.00000;20.00000;0.81427;2
174.94800; 60.18333;      -0.49186; 93.60674;80.00000;20.00000;0.81422;2
175.00999; 60.19667;      -0.49271; 93.60674;80.00000;20.00000;0.81417;2
175.07800; 60.21000;      -0.49264; 93.60576;80.00000;20.00000;0.81412;2
175.14900; 60.22333;      -0.49295; 93.60479;80.00000;20.00000;0.81407;2
175.20900; 60.23667;      -0.49288; 93.60381;80.00000;20.00000;0.81403;2
175.26300; 60.25000;      -0.49309; 93.60381;80.00000;20.00000;0.81399;2
175.35400; 60.26333;      -0.49349; 93.60283;80.00000;20.00000;0.81393;2
175.41701; 60.27667;      -0.49434; 93.60283;80.00000;20.00000;0.81389;2
175.46700; 60.29000;      -0.49464; 93.60283;80.00000;20.00000;0.81385;2
175.53799; 60.30333;      -0.49467; 93.60283;80.00000;20.00000;0.81380;2
175.60800; 60.31667;      -0.49525; 93.60283;80.00000;20.00000;0.81375;2
175.68600; 60.33000;      -0.49528; 93.60283;80.00000;20.00000;0.81370;2
175.74001; 60.34333;      -0.49604; 93.60283;80.00000;20.00000;0.81366;2
175.80800; 60.35667;      -0.49579; 93.60283;80.00000;20.00000;0.81361;2
175.87300; 60.37000;      -0.49609; 93.60283;80.00000;20.00000;0.81357;2
175.94600; 60.38333;      -0.49722; 93.60283;80.00000;20.00000;0.81351;2
176.01199; 60.39667;      -0.49808; 93.60283;80.00000;20.00000;0.81347;2
176.07800; 60.41000;      -0.49893; 93.60283;80.00000;20.00000;0.81342;2
176.14700; 60.42333;      -0.49841; 93.60283;80.00000;20.00000;0.81337;2
176.21300; 60.43667;      -0.49862; 93.60283;80.00000;20.00000;0.81333;2
176.28500; 60.45000;      -0.49884; 93.60283;80.00000;20.00000;0.81328;2
176.34900; 60.46333;      -0.50005; 93.60283;80.00000;20.00000;0.81323;2
176.42300; 60.47667;      -0.50045; 93.60283;80.00000;20.00000;0.81318;2
176.49400; 60.49000;      -0.50021; 93.60283;80.00000;20.00000;0.81313;2
176.55600; 60.50333;      -0.50042; 93.60283;80.00000;20.00000;0.81308;2
176.62700; 60.51667;      -0.50191; 93.60283;80.00000;20.00000;0.81303;2
176.69400; 60.53000;      -0.50213; 93.60283;80.00000;20.00000;0.81299;2
176.75301; 60.54333;      -0.50206; 93.60283;80.00000;20.00000;0.81295;2
176.81799; 60.55667;      -0.50181; 93.60283;80.00000;20.00000;0.81290;2
176.89200; 60.57000;      -0.50194; 93.60283;80.00000;20.00000;0.81285;2
176.96400; 60.58333;      -0.50307; 93.60283;80.00000;20.00000;0.81280;2
177.02600; 60.59667;      -0.50319; 93.60283;80.00000;20.00000;0.81275;2
177.08099; 60.61000;      -0.50376; 93.60283;80.00000;20.00000;0.81272;2
177.16400; 60.62333;      -0.50407; 93.60283;80.00000;20.00000;0.81266;2
177.22900; 60.63667;      -0.50474; 93.60283;80.00000;20.00000;0.81261;2
177.28900; 60.65000;      -0.50495; 93.60283;80.00000;20.00000;0.81257;2
177.35699; 60.66333;      -0.50526; 93.60283;80.00000;20.00000;0.81252;2
177.42300; 60.67667;      -0.50593; 93.60283;80.00000;20.00000;0.81248;2
177.48500; 60.69000;      -0.50577; 93.60283;80.00000;20.00000;0.81243;2
177.56500; 60.70333;      -0.50581; 93.60283;80.00000;20.00000;0.81238;2
177.61900; 60.71667;      -0.50656; 93.60283;80.00000;20.00000;0.81234;2
177.69200; 60.73000;      -0.50696; 93.60283;80.00000;20.00000;0.81229;2
177.75700; 60.74333;      -0.50717; 93.60283;80.00000;20.00000;0.81224;2
177.82600; 60.75667;      -0.50803; 93.60283;80.00000;20.00000;0.81219;2
177.88699; 60.77000;      -0.50888; 93.60186;80.00000;20.00000;0.81215;2
177.95500; 60.78333;      -0.50891; 93.60186;80.00000;20.00000;0.81210;2
178.01900; 60.79667;      -0.50931; 93.60186;80.00000;20.00000;0.81206;2
178.09300; 60.81000;      -0.50998; 93.60088;80.00000;20.00000;0.81200;2
178.15800; 60.82333;      -0.50983; 93.60088;80.00000;20.00000;0.81196;2
178.23199; 60.83667;      -0.50986; 93.60088;80.00000;20.00000;0.81191;2
178.29100; 60.85000;      -0.51053; 93.59991;80.00000;20.00000;0.81187;2
178.36400; 60.86333;      -0.51102; 93.59991;80.00000;20.00000;0.81181;2
178.42200; 60.87667;      -0.51187; 93.59893;80.00000;20.00000;0.81177;2
178.50000; 60.89000;      -0.51209; 93.59893;80.00000;20.00000;0.81172;2
178.55499; 60.90333;      -0.51220; 93.59893;80.00000;20.00000;0.81168;2
178.62500; 60.91667;      -0.51214; 93.59795;80.00000;20.00000;0.81163;2
178.69099; 60.93000;      -0.51245; 93.59795;80.00000;20.00000;0.81158;2
178.75600; 60.94333;      -0.51339; 93.59795;80.00000;20.00000;0.81154;2
178.83099; 60.95667;      -0.51453; 93.59698;80.00000;20.00000;0.81149;2
178.89301; 60.97000;      -0.51520; 93.59698;80.00000;20.00000;0.81144;2
178.95900; 60.98333;      -0.51523; 93.59698;80.00000;20.00000;0.81140;2
179.02299; 60.99667;      -0.51544; 93.59405;80.00000;20.00000;0.81135;2
179.09700; 61.01000;      -0.51529; 93.59210;80.00000;20.00000;0.81130;2
179.15800; 61.02333;      -0.51495; 93.59014;80.00000;20.00000;0.81126;2
179.22600; 61.03667;      -0.51535; 93.58917;80.00000;20.00000;0.81121;2
179.28999; 61.05000;      -0.51666; 93.58722;80.00000;20.00000;0.81116;2
179.35800; 61.06333;      -0.51743; 93.58722;80.00000;20.00000;0.81112;2
179.44000; 61.07667;      -0.51682; 93.58624;80.00000;20.00000;0.81106;2
179.49500; 61.09000;      -0.51740; 93.58526;80.00000;20.00000;0.81102;2
179.55901; 61.10333;      -0.51862; 93.58526;80.00000;20.00000;0.81097;2
179.61800; 61.11667;      -0.51837; 93.58429;80.00000;20.00000;0.81093;2
179.69099; 61.13000;      -0.51905; 93.58429;80.00000;20.00000;0.81088;2
179.75800; 61.14333;      -0.51898; 93.58331;80.00000;20.00000;0.81084;2
179.82401; 61.15667;      -0.51984; 93.58233;80.00000;20.00000;0.81079;2
179.89500; 61.17000;      -0.51941; 93.58136;80.00000;20.00000;0.81074;2
179.94400; 61.18333;      -0.52063; 93.57941;80.00000;20.00000;0.81070;2
180.03000; 61.19667;      -0.52131; 93.57843;80.00000;20.00000;0.81064;2
180.08400; 61.21000;      -0.52143; 93.57745;80.00000;20.00000;0.81061;2
180.15401; 61.22333;      -0.52118; 93.57648;80.00000;20.00000;0.81056;2
180.22501; 61.23667;      -0.52122; 93.57550;80.00000;20.00000;0.81051;2
180.27800; 61.25000;      -0.52225; 93.57355;80.00000;20.00000;0.81047;2
180.34700; 61.26333;      -0.52237; 93.57160;80.00000;20.00000;0.81042;2
180.42000; 61.27667;      -0.52259; 93.56964;80.00000;20.00000;0.81037;2
180.49001; 61.29000;      -0.52308; 93.56769;80.00000;20.00000;0.81032;2
180.55800; 61.30333;      -0.52385; 93.56574;80.00000;20.00000;0.81027;2
180.62399; 61.31667;      -0.52461; 93.56379;80.00000;20.00000;0.81023;2
180.68600; 61.33000;      -0.52482; 93.56183;80.00000;20.00000;0.81018;2
180.75800; 61.34333;      -0.52532; 93.56086;80.00000;20.00000;0.81013;2
180.81700; 61.35667;      -0.52580; 93.55988;80.00000;20.00000;0.81009;2
180.89301; 61.37000;      -0.52575; 93.55793;80.00000;20.00000;0.81004;2
180.97000; 61.38333;      -0.52606; 93.55695;80.00000;20.00000;0.80998;2
181.02400; 61.39667;      -0.52645; 93.55598;80.00000;20.00000;0.80995;2
181.08400; 61.41000;      -0.52749; 93.55402;80.00000;20.00000;0.80990;2
181.15401; 61.42333;      -0.52816; 93.55305;80.00000;20.00000;0.80986;2
181.22099; 61.43667;      -0.52847; 93.55110;80.00000;20.00000;0.80981;2
181.28500; 61.45000;      -0.52822; 93.55012;80.00000;20.00000;0.80976;2
181.35800; 61.46333;      -0.52853; 93.55012;80.00000;20.00000;0.80971;2
181.42101; 61.47667;      -0.52902; 93.54914;80.00000;20.00000;0.80967;2
181.49100; 61.49000;      -0.53025; 93.54914;80.00000;20.00000;0.80962;2
181.55701; 61.50333;      -0.53065; 93.54914;80.00000;20.00000;0.80957;2
181.63000; 61.51667;      -0.53096; 93.54914;80.00000;20.00000;0.80952;2
181.69400; 61.53000;      -0.53136; 93.54817;80.00000;20.00000;0.80948;2
181.75600; 61.54333;      -0.53129; 93.54621;80.00000;20.00000;0.80943;2
181.82300; 61.55667;      -0.53178; 93.54133;80.00000;20.00000;0.80939;2
181.89101; 61.57000;      -0.53227; 93.53645;80.00000;20.00000;0.80934;2
181.95700; 61.58333;      -0.53240; 93.53352;80.00000;20.00000;0.80929;2
182.03000; 61.59667;      -0.53252; 93.53157;80.00000;20.00000;0.80924;2
182.09000; 61.61000;      -0.53310; 93.52962;80.00000;20.00000;0.80920;2
182.15601; 61.62333;      -0.53369; 93.52864;80.00000;20.00000;0.80915;2
182.22501; 61.63667;      -0.53418; 93.52669;80.00000;20.00000;0.80910;2
182.29201; 61.65000;      -0.53458; 93.52571;80.00000;20.00000;0.80906;2
182.36700; 61.66333;      -0.53470; 93.52474;80.00000;20.00000;0.80901;2
182.42200; 61.67667;      -0.53491; 93.52376;80.00000;20.00000;0.80897;2
182.49699; 61.69000;      -0.53578; 93.52181;80.00000;20.00000;0.80891;2
182.57201; 61.70333;      -0.53646; 93.52083;80.00000;20.00000;0.80886;2
182.64000; 61.71667;      -0.53667; 93.51888;80.00000;20.00000;0.80881;2
182.70100; 61.73000;      -0.53661; 93.51693;80.00000;20.00000;0.80877;2
182.76500; 61.74333;      -0.53719; 93.51400;80.00000;20.00000;0.80873;2
182.82800; 61.75667;      -0.53704; 93.51107;80.00000;20.00000;0.80868;2
182.90199; 61.77000;      -0.53836; 93.50912;80.00000;20.00000;0.80863;2
182.96899; 61.78333;      -0.53857; 93.50717;80.00000;20.00000;0.80858;2
183.03101; 61.79667;      -0.53888; 93.50521;80.00000;20.00000;0.80854;2
183.09100; 61.81000;      -0.53946; 93.50326;80.00000;20.00000;0.80850;2
183.16701; 61.82333;      -0.53950; 93.50033;80.00000;20.00000;0.80844;2
183.23500; 61.83667;      -0.53934; 93.49838;80.00000;20.00000;0.80840;2
183.29601; 61.85000;      -0.53983; 93.49545;80.00000;20.00000;0.80835;2
183.36600; 61.86333;      -0.53987; 93.49252;80.00000;20.00000;0.80831;2
183.42700; 61.87667;      -0.54035; 93.48959;80.00000;20.00000;0.80826;2
183.50800; 61.89000;      -0.54159; 93.48666;80.00000;20.00000;0.80821;2
183.57201; 61.90333;      -0.54116; 93.48374;80.00000;20.00000;0.80816;2
183.62199; 61.91667;      -0.54118; 93.48178;80.00000;20.00000;0.80813;2
183.70900; 61.93000;      -0.54150; 93.48081;80.00000;20.00000;0.80807;2
183.76300; 61.94333;      -0.54189; 93.47886;80.00000;20.00000;0.80803;2
183.82500; 61.95667;      -0.54220; 93.47788;80.00000;20.00000;0.80798;2
183.90100; 61.97000;      -0.54251; 93.47593;80.00000;20.00000;0.80793;2
183.96500; 61.98333;      -0.54356; 93.47397;80.00000;20.00000;0.80789;2
184.03101; 61.99667;      -0.54396; 93.47300;80.00000;20.00000;0.80784;2
184.10100; 62.01000;      -0.54371; 93.47202;80.00000;20.00000;0.80779;2
184.16100; 62.02333;      -0.54429; 93.47105;80.00000;20.00000;0.80775;2
184.23000; 62.03667;      -0.54488; 93.47007;80.00000;20.00000;0.80770;2
184.29500; 62.05000;      -0.54583; 93.46714;80.00000;20.00000;0.80765;2
184.36200; 62.06333;      -0.54623; 93.46324;80.00000;20.00000;0.80761;2
184.43700; 62.07667;      -0.54682; 93.46031;80.00000;20.00000;0.80756;2
184.50500; 62.09000;      -0.54695; 93.45640;80.00000;20.00000;0.80751;2
184.57300; 62.10333;      -0.54707; 93.45250;80.00000;20.00000;0.80746;2
184.63499; 62.11667;      -0.54802; 93.44957;80.00000;20.00000;0.80742;2
184.70700; 62.13000;      -0.54787; 93.44664;80.00000;20.00000;0.80737;2
184.77000; 62.14333;      -0.54855; 93.44469;80.00000;20.00000;0.80732;2
184.84300; 62.15667;      -0.54886; 93.44469;80.00000;20.00000;0.80727;2
184.91100; 62.17000;      -0.54917; 93.44371;80.00000;20.00000;0.80722;2
184.97701; 62.18333;      -0.54902; 93.44273;80.00000;20.00000;0.80718;2
185.04300; 62.19667;      -0.54923; 93.44371;80.00000;20.00000;0.80713;2
185.10699; 62.21000;      -0.55037; 93.44371;80.00000;20.00000;0.80709;2
185.17700; 62.22333;      -0.55040; 93.44371;80.00000;20.00000;0.80704;2
185.23399; 62.23667;      -0.54997; 93.44469;80.00000;20.00000;0.80700;2
185.30499; 62.25000;      -0.55037; 93.44469;80.00000;20.00000;0.80695;2
185.36501; 62.26333;      -0.55105; 93.44566;80.00000;20.00000;0.80691;2
185.45200; 62.27667;      -0.55183; 93.44566;80.00000;20.00000;0.80685;2
185.50700; 62.29000;      -0.55204; 93.44566;80.00000;20.00000;0.80681;2
185.57600; 62.30333;      -0.55207; 93.44664;80.00000;20.00000;0.80676;2
185.64700; 62.31667;      -0.55247; 93.44664;80.00000;20.00000;0.80671;2
185.71100; 62.33000;      -0.55269; 93.44664;80.00000;20.00000;0.80666;2
185.77499; 62.34333;      -0.55217; 93.44664;80.00000;20.00000;0.80662;2
185.84700; 62.35667;      -0.55349; 93.44664;80.00000;20.00000;0.80657;2
185.91901; 62.37000;      -0.55334; 93.44664;80.00000;20.00000;0.80652;2
185.96400; 62.38333;      -0.55401; 93.44664;80.00000;20.00000;0.80649;2
186.04201; 62.39667;      -0.55433; 93.44566;80.00000;20.00000;0.80643;2
186.10899; 62.41000;      -0.55408; 93.44469;80.00000;20.00000;0.80639;2
186.16701; 62.42333;      -0.55531; 93.44469;80.00000;20.00000;0.80635;2
186.25101; 62.43667;      -0.55581; 93.44371;80.00000;20.00000;0.80629;2
186.31200; 62.45000;      -0.55640; 93.44371;80.00000;20.00000;0.80624;2
186.36700; 62.46333;      -0.55698; 93.44273;80.00000;20.00000;0.80621;2
186.44901; 62.47667;      -0.55600; 93.44176;80.00000;20.00000;0.80615;2
186.52100; 62.49000;      -0.55650; 93.44371;80.00000;20.00000;0.80610;2
186.58099; 62.50333;      -0.55736; 93.44664;80.00000;20.00000;0.80606;2
186.64999; 62.51667;      -0.55758; 93.44762;80.00000;20.00000;0.80601;2
186.71201; 62.53000;      -0.55834; 93.44957;80.00000;20.00000;0.80596;2
186.77699; 62.54333;      -0.55764; 93.45054;80.00000;20.00000;0.80592;2
186.83501; 62.55667;      -0.55840; 93.45054;80.00000;20.00000;0.80588;2
186.90900; 62.57000;      -0.55881; 93.45152;80.00000;20.00000;0.80583;2
186.97900; 62.58333;      -0.55958; 93.44957;80.00000;20.00000;0.80578;2
187.05099; 62.59667;      -0.55934; 93.44859;80.00000;20.00000;0.80573;2
187.11099; 62.61000;      -0.55983; 93.44664;80.00000;20.00000;0.80569;2
187.17200; 62.62333;      -0.56042; 93.44566;80.00000;20.00000;0.80564;2
187.25301; 62.63667;      -0.56073; 93.44371;80.00000;20.00000;0.80559;2
187.30800; 62.65000;      -0.56150; 93.44273;80.00000;20.00000;0.80555;2
187.37399; 62.66333;      -0.56172; 93.44078;80.00000;20.00000;0.80550;2
187.44000; 62.67667;      -0.56193; 93.43981;80.00000;20.00000;0.80546;2
187.51801; 62.69000;      -0.56216; 93.43883;80.00000;20.00000;0.80540;2
187.58501; 62.70333;      -0.56265; 93.43688;80.00000;20.00000;0.80535;2
187.64999; 62.71667;      -0.56296; 93.43590;80.00000;20.00000;0.80531;2
187.72099; 62.73000;      -0.56300; 93.43493;80.00000;20.00000;0.80526;2
187.77800; 62.74333;      -0.56367; 93.43297;80.00000;20.00000;0.80522;2
187.84300; 62.75667;      -0.56491; 93.43200;80.00000;20.00000;0.80517;2
187.90800; 62.77000;      -0.56438; 93.43004;80.00000;20.00000;0.80513;2
187.98100; 62.78333;      -0.56470; 93.42809;80.00000;20.00000;0.80508;2
188.04300; 62.79667;      -0.56519; 93.42614;80.00000;20.00000;0.80503;2
188.11600; 62.81000;      -0.56559; 93.42419;80.00000;20.00000;0.80498;2
188.18401; 62.82333;      -0.56655; 93.42321;80.00000;20.00000;0.80494;2
188.24600; 62.83667;      -0.56714; 93.42126;80.00000;20.00000;0.80489;2
188.31300; 62.85000;      -0.56717; 93.42028;80.00000;20.00000;0.80485;2
188.37801; 62.86333;      -0.56794; 93.41833;80.00000;20.00000;0.80480;2
188.44600; 62.87667;      -0.56816; 93.41735;80.00000;20.00000;0.80475;2
188.52000; 62.89000;      -0.56829; 93.41540;80.00000;20.00000;0.80470;2
188.57600; 62.90333;      -0.56897; 93.41442;80.00000;20.00000;0.80466;2
188.64700; 62.91667;      -0.56900; 93.41247;80.00000;20.00000;0.80461;2
188.71400; 62.93000;      -0.56885; 93.41150;80.00000;20.00000;0.80457;2
188.78700; 62.94333;      -0.56944; 93.41052;80.00000;20.00000;0.80452;2
188.85300; 62.95667;      -0.57077; 93.40954;80.00000;20.00000;0.80447;2
188.92101; 62.97000;      -0.57099; 93.40857;80.00000;20.00000;0.80442;2
188.99100; 62.98333;      -0.57112; 93.40759;80.00000;20.00000;0.80437;2
189.04201; 62.99667;      -0.57105; 93.40661;80.00000;20.00000;0.80434;2
189.11000; 63.01000;      -0.57164; 93.40564;80.00000;20.00000;0.80429;2
189.18401; 63.02333;      -0.57251; 93.40466;80.00000;20.00000;0.80424;2
189.24001; 63.03667;      -0.57263; 93.40369;80.00000;20.00000;0.80420;2
189.30499; 63.05000;      -0.57303; 93.40271;80.00000;20.00000;0.80415;2
189.38600; 63.06333;      -0.57335; 93.40076;80.00000;20.00000;0.80410;2
189.45100; 63.07667;      -0.57375; 93.39978;80.00000;20.00000;0.80405;2
189.51900; 63.09000;      -0.57434; 93.39783;80.00000;20.00000;0.80400;2
189.58099; 63.10333;      -0.57484; 93.39392;80.00000;20.00000;0.80396;2
189.65100; 63.11667;      -0.57533; 93.39002;80.00000;20.00000;0.80391;2
189.72301; 63.13000;      -0.57593; 93.38709;80.00000;20.00000;0.80386;2
189.78700; 63.14333;      -0.57624; 93.38319;80.00000;20.00000;0.80382;2
189.86000; 63.15667;      -0.57637; 93.37830;80.00000;20.00000;0.80377;2
189.91800; 63.17000;      -0.57649; 93.37440;80.00000;20.00000;0.80373;2
189.98300; 63.18333;      -0.57652; 93.37147;80.00000;20.00000;0.80368;2
190.06300; 63.19667;      -0.57814; 93.36854;80.00000;20.00000;0.80363;2
190.12300; 63.21000;      -0.57854; 93.36659;80.00000;20.00000;0.80358;2
190.18800; 63.22333;      -0.57912; 93.36464;80.00000;20.00000;0.80354;2
190.24699; 63.23667;      -0.57925; 93.36268;80.00000;20.00000;0.80350;2
190.31300; 63.25000;      -0.57937; 93.36171;80.00000;20.00000;0.80345;2
190.38400; 63.26333;      -0.58043; 93.35976;80.00000;20.00000;0.80340;2
190.45200; 63.27667;      -0.58056; 93.35780;80.00000;20.00000;0.80335;2
190.52400; 63.29000;      -0.58031; 93.35585;80.00000;20.00000;0.80330;2
190.60201; 63.30333;      -0.58165; 93.35390;80.00000;20.00000;0.80325;2
190.65800; 63.31667;      -0.58224; 93.35195;80.00000;20.00000;0.80321;2
190.73000; 63.33000;      -0.58236; 93.34902;80.00000;20.00000;0.80316;2
190.78900; 63.34333;      -0.58239; 93.34707;80.00000;20.00000;0.80312;2
190.84900; 63.35667;      -0.58317; 93.34414;80.00000;20.00000;0.80308;2
190.92599; 63.37000;      -0.58283; 93.34121;80.00000;20.00000;0.80302;2
190.98199; 63.38333;      -0.58314; 93.33926;80.00000;20.00000;0.80298;2
191.06400; 63.39667;      -0.58365; 93.33730;80.00000;20.00000;0.80293;2
191.12801; 63.41000;      -0.58451; 93.33535;80.00000;20.00000;0.80288;2
191.18800; 63.42333;      -0.58473; 93.33437;80.00000;20.00000;0.80284;2
191.24699; 63.43667;      -0.58513; 93.33242;80.00000;20.00000;0.80280;2
191.32100; 63.45000;      -0.58554; 93.33145;80.00000;20.00000;0.80275;2
191.38800; 63.46333;      -0.58650; 93.32949;80.00000;20.00000;0.80270;2
191.45599; 63.47667;      -0.58691; 93.32754;80.00000;20.00000;0.80265;2
191.52800; 63.49000;      -0.58741; 93.32656;80.00000;20.00000;0.80260;2
191.58800; 63.50333;      -0.58781; 93.32559;80.00000;20.00000;0.80256;2
191.65100; 63.51667;      -0.58821; 93.32461;80.00000;20.00000;0.80252;2
191.71300; 63.53000;      -0.58815; 93.32364;80.00000;20.00000;0.80248;2
191.80200; 63.54333;      -0.58773; 93.32266;80.00000;20.00000;0.80241;2
191.85300; 63.55667;      -0.58869; 93.32168;80.00000;20.00000;0.80238;2
191.91800; 63.57000;      -0.58909; 93.31973;80.00000;20.00000;0.80233;2
191.99200; 63.58333;      -0.58969; 93.31680;80.00000;20.00000;0.80228;2
192.06799; 63.59667;      -0.59065; 93.31485;80.00000;20.00000;0.80223;2
192.11700; 63.61000;      -0.59152; 93.31290;80.00000;20.00000;0.80219;2
192.19400; 63.62333;      -0.59128; 93.30997;80.00000;20.00000;0.80214;2
192.24500; 63.63667;      -0.59195; 93.30802;80.00000;20.00000;0.80210;2
192.33099; 63.65000;      -0.59246; 93.30704;80.00000;20.00000;0.80204;2
192.39000; 63.66333;      -0.59296; 93.30509;80.00000;20.00000;0.80200;2
192.46100; 63.67667;      -0.59346; 93.30314;80.00000;20.00000;0.80195;2
192.53799; 63.69000;      -0.59350; 93.30118;80.00000;20.00000;0.80190;2
192.59599; 63.70333;      -0.59399; 93.30021;80.00000;20.00000;0.80186;2
192.67000; 63.71667;      -0.59468; 93.29728;80.00000;20.00000;0.80181;2
192.73100; 63.73000;      -0.59462; 93.29533;80.00000;20.00000;0.80177;2
192.79700; 63.74333;      -0.59502; 93.29337;80.00000;20.00000;0.80172;2
192.86700; 63.75667;      -0.59580; 93.29142;80.00000;20.00000;0.80167;2
192.94099; 63.77000;      -0.59677; 93.28849;80.00000;20.00000;0.80162;2
192.99200; 63.78333;      -0.59689; 93.28654;80.00000;20.00000;0.80158;2
193.06300; 63.79667;      -0.59693; 93.28459;80.00000;20.00000;0.80154;2
193.12700; 63.81000;      -0.59733; 93.28166;80.00000;20.00000;0.80149;2
193.19200; 63.82333;      -0.59811; 93.27775;80.00000;20.00000;0.80145;2
193.25900; 63.83667;      -0.59786; 93.27287;80.00000;20.00000;0.80140;2
193.33099; 63.85000;      -0.59799; 93.26799;80.00000;20.00000;0.80135;2
193.39200; 63.86333;      -0.59830; 93.26311;80.00000;20.00000;0.80131;2
193.46800; 63.87667;      -0.59918; 93.25823;80.00000;20.00000;0.80125;2
193.53300; 63.89000;      -0.59949; 93.25530;80.00000;20.00000;0.80121;2
193.58501; 63.90333;      -0.59999; 93.25432;80.00000;20.00000;0.80117;2
193.65601; 63.91667;      -0.60012; 93.25237;80.00000;20.00000;0.80112;2
193.72501; 63.93000;      -0.60043; 93.25237;80.00000;20.00000;0.80107;2
193.80299; 63.94333;      -0.60103; 93.25042;80.00000;20.00000;0.80102;2
193.86099; 63.95667;      -0.60180; 93.24944;80.00000;20.00000;0.80098;2
193.92500; 63.97000;      -0.60258; 93.24749;80.00000;20.00000;0.80094;2
193.99500; 63.98333;      -0.60299; 93.24554;80.00000;20.00000;0.80089;2
194.06000; 63.99667;      -0.60386; 93.24261;80.00000;20.00000;0.80084;2
194.13300; 64.01000;      -0.60353; 93.24066;80.00000;20.00000;0.80079;2
194.20500; 64.02333;      -0.60375; 93.23871;80.00000;20.00000;0.80074;2
194.26500; 64.03667;      -0.60434; 93.23578;80.00000;20.00000;0.80070;2
194.32700; 64.05000;      -0.60437; 93.23285;80.00000;20.00000;0.80066;2
194.40100; 64.06333;      -0.60450; 93.23090;80.00000;20.00000;0.80060;2
194.46300; 64.07667;      -0.60537; 93.22797;80.00000;20.00000;0.80056;2
194.53300; 64.09000;      -0.60606; 93.22504;80.00000;20.00000;0.80051;2
194.59700; 64.10333;      -0.60684; 93.22309;80.00000;20.00000;0.80047;2
194.66499; 64.11667;      -0.60706; 93.22016;80.00000;20.00000;0.80042;2
194.72701; 64.13000;      -0.60682; 93.21820;80.00000;20.00000;0.80038;2
194.79100; 64.14333;      -0.60694; 93.21528;80.00000;20.00000;0.80033;2
194.85600; 64.15667;      -0.60707; 93.21332;80.00000;20.00000;0.80029;2
194.92200; 64.17000;      -0.60748; 93.21039;80.00000;20.00000;0.80024;2
194.99899; 64.18333;      -0.60789; 93.20747;80.00000;20.00000;0.80019;2
195.05701; 64.19667;      -0.60885; 93.20551;80.00000;20.00000;0.80015;2
195.12900; 64.21000;      -0.60889; 93.20259;80.00000;20.00000;0.80010;2
195.19701; 64.22333;      -0.60939; 93.19966;80.00000;20.00000;0.80005;2
195.26401; 64.23667;      -0.60943; 93.19770;80.00000;20.00000;0.80000;2
195.33299; 64.25000;      -0.60974; 93.19575;80.00000;20.00000;0.79996;2
195.39301; 64.26333;      -0.61052; 93.19380;80.00000;20.00000;0.79992;2
195.46500; 64.27667;      -0.61121; 93.19087;80.00000;20.00000;0.79986;2
195.51500; 64.29000;      -0.61217; 93.18892;80.00000;20.00000;0.79983;2
195.60300; 64.30333;      -0.61249; 93.18404;80.00000;20.00000;0.79977;2
195.66400; 64.31667;      -0.61290; 93.18111;80.00000;20.00000;0.79973;2
195.73100; 64.33000;      -0.61293; 93.17818;80.00000;20.00000;0.79968;2
195.79401; 64.34333;      -0.61325; 93.17525;80.00000;20.00000;0.79964;2
195.86501; 64.35667;      -0.61440; 93.17330;80.00000;20.00000;0.79959;2
195.91600; 64.37000;      -0.61462; 93.17037;80.00000;20.00000;0.79955;2
195.99100; 64.38333;      -0.61549; 93.16842;80.00000;20.00000;0.79950;2
196.05600; 64.39667;      -0.61553; 93.16646;80.00000;20.00000;0.79945;2
196.12300; 64.41000;      -0.61547; 93.16451;80.00000;20.00000;0.79941;2
196.18600; 64.42333;      -0.61578; 93.16256;80.00000;20.00000;0.79936;2
196.25999; 64.43667;      -0.61685; 93.16256;80.00000;20.00000;0.79931;2
196.32500; 64.45000;      -0.61679; 93.16158;80.00000;20.00000;0.79927;2
196.38699; 64.46333;      -0.61766; 93.16061;80.00000;20.00000;0.79922;2
196.46300; 64.47667;      -0.61770; 93.15768;80.00000;20.00000;0.79917;2
196.51900; 64.49000;      -0.61783; 93.15573;80.00000;20.00000;0.79913;2
196.59200; 64.50333;      -0.61815; 93.15377;80.00000;20.00000;0.79908;2
196.65601; 64.51667;      -0.61874; 93.15085;80.00000;20.00000;0.79904;2
196.73100; 64.53000;      -0.61906; 93.14889;80.00000;20.00000;0.79899;2
196.79700; 64.54333;      -0.61965; 93.14596;80.00000;20.00000;0.79894;2
196.86099; 64.55667;      -0.62043; 93.14401;80.00000;20.00000;0.79890;2
196.93201; 64.57000;      -0.62085; 93.14108;80.00000;20.00000;0.79885;2
196.99800; 64.58333;      -0.62097; 93.13815;80.00000;20.00000;0.79880;2
197.06200; 64.59667;      -0.62147; 93.13718;80.00000;20.00000;0.79876;2
197.12300; 64.61000;      -0.62263; 93.13523;80.00000;20.00000;0.79871;2
197.18300; 64.62333;      -0.62238; 93.13230;80.00000;20.00000;0.79867;2
197.26401; 64.63667;      -0.62280; 93.13034;80.00000;20.00000;0.79862;2
197.33099; 64.65000;      -0.62302; 93.12644;80.00000;20.00000;0.79857;2
197.39200; 64.66333;      -0.62380; 93.12254;80.00000;20.00000;0.79853;2
197.46400; 64.67667;      -0.62449; 93.12058;80.00000;20.00000;0.79848;2
197.53400; 64.69000;      -0.62471; 93.11668;80.00000;20.00000;0.79843;2
197.60001; 64.70333;      -0.62428; 93.11375;80.00000;20.00000;0.79838;2
197.65900; 64.71667;      -0.62553; 93.11277;80.00000;20.00000;0.79834;2
197.72800; 64.73000;      -0.62622; 93.10984;80.00000;20.00000;0.79829;2
197.80000; 64.74333;      -0.62607; 93.10692;80.00000;20.00000;0.79824;2
197.86099; 64.75667;      -0.62601; 93.10399;80.00000;20.00000;0.79820;2
197.92101; 64.77000;      -0.62651; 93.10106;80.00000;20.00000;0.79816;2
198.00400; 64.78333;      -0.62805; 93.09911;80.00000;20.00000;0.79810;2
198.05901; 64.79667;      -0.62827; 93.09715;80.00000;20.00000;0.79806;2
198.13600; 64.81000;      -0.62850; 93.09520;80.00000;20.00000;0.79801;2
198.20200; 64.82333;      -0.62853; 93.09422;80.00000;20.00000;0.79797;2
198.26900; 64.83667;      -0.62903; 93.09227;80.00000;20.00000;0.79792;2
198.32300; 64.85000;      -0.62925; 93.09032;80.00000;20.00000;0.79788;2
198.40800; 64.86333;      -0.62920; 93.08739;80.00000;20.00000;0.79782;2
198.46201; 64.87667;      -0.62961; 93.08544;80.00000;20.00000;0.79778;2
198.53400; 64.89000;      -0.63049; 93.08056;80.00000;20.00000;0.79773;2
198.60500; 64.90333;      -0.63062; 93.07665;80.00000;20.00000;0.79769;2
198.67500; 64.91667;      -0.63159; 93.07372;80.00000;20.00000;0.79764;2
198.73300; 64.93000;      -0.63237; 93.06982;80.00000;20.00000;0.79760;2
198.80901; 64.94333;      -0.63250; 93.06591;80.00000;20.00000;0.79754;2
198.85800; 64.95667;      -0.63309; 93.06299;80.00000;20.00000;0.79751;2
198.93700; 64.97000;      -0.63360; 93.06006;80.00000;20.00000;0.79746;2
199.00999; 64.98333;      -0.63402; 93.05810;80.00000;20.00000;0.79740;2
199.06900; 64.99667;      -0.63442; 93.05713;80.00000;20.00000;0.79736;2
199.13400; 65.01000;      -0.63427; 93.05518;80.00000;20.00000;0.79732;2
199.19901; 65.02333;      -0.63449; 93.05322;80.00000;20.00000;0.79727;2
199.26900; 65.03667;      -0.63584; 93.05127;80.00000;20.00000;0.79723;2
199.33200; 65.05000;      -0.63578; 93.04932;80.00000;20.00000;0.79718;2
199.39200; 65.06333;      -0.63675; 93.04737;80.00000;20.00000;0.79714;2
199.46100; 65.07667;      -0.63669; 93.04444;80.00000;20.00000;0.79709;2
199.52800; 65.09000;      -0.63729; 93.03956;80.00000;20.00000;0.79705;2
199.59399; 65.10333;      -0.63742; 93.03663;80.00000;20.00000;0.79700;2
199.66701; 65.11667;      -0.63774; 93.03370;80.00000;20.00000;0.79695;2
199.73399; 65.13000;      -0.63843; 93.02882;80.00000;20.00000;0.79690;2
199.79201; 65.14333;      -0.63828; 93.02491;80.00000;20.00000;0.79686;2
199.86400; 65.15667;      -0.63832; 93.02101;80.00000;20.00000;0.79681;2
199.93300; 65.17000;      -0.63892; 93.01710;80.00000;20.00000;0.79677;2
199.99899; 65.18333;      -0.63886; 93.01417;80.00000;20.00000;0.79672;2
200.05800; 65.19667;      -0.63955; 93.01125;80.00000;20.00000;0.79668;2
200.14200; 65.21000;      -0.64016; 93.00734;80.00000;20.00000;0.79662;2
200.20000; 65.22333;      -0.64094; 93.00344;80.00000;20.00000;0.79658;2
200.26401; 65.23667;      -0.64135; 92.99953;80.00000;20.00000;0.79654;2
200.34599; 65.25000;      -0.64149; 92.99563;80.00000;20.00000;0.79648;2
200.39900; 65.26333;      -0.64226; 92.99172;80.00000;20.00000;0.79644;2
200.45399; 65.27667;      -0.64248; 92.98684;80.00000;20.00000;0.79640;2
200.52800; 65.29000;      -0.64308; 92.98196;80.00000;20.00000;0.79635;2
200.60600; 65.30333;      -0.64341; 92.97513;80.00000;20.00000;0.79630;2
200.66901; 65.31667;      -0.64372; 92.96829;80.00000;20.00000;0.79626;2
200.72099; 65.33000;      -0.64431; 92.96048;80.00000;20.00000;0.79622;2
200.78500; 65.34333;      -0.64472; 92.95560;80.00000;20.00000;0.79618;2
200.85800; 65.35667;      -0.64505; 92.95267;80.00000;20.00000;0.79612;2
200.92900; 65.37000;      -0.64527; 92.95072;80.00000;20.00000;0.79608;2
200.99600; 65.38333;      -0.64625; 92.94974;80.00000;20.00000;0.79603;2
201.06599; 65.39667;      -0.64685; 92.94779;80.00000;20.00000;0.79598;2
201.13000; 65.41000;      -0.64735; 92.94584;80.00000;20.00000;0.79594;2
201.19000; 65.42333;      -0.64813; 92.94291;80.00000;20.00000;0.79589;2
201.24899; 65.43667;      -0.64835; 92.93998;80.00000;20.00000;0.79585;2
201.32600; 65.45000;      -0.64802; 92.93705;80.00000;20.00000;0.79580;2
201.39600; 65.46333;      -0.64844; 92.93412;80.00000;20.00000;0.79575;2
201.45900; 65.47667;      -0.64903; 92.93120;80.00000;20.00000;0.79571;2
201.52600; 65.49000;      -0.64954; 92.92924;80.00000;20.00000;0.79566;2
201.59000; 65.50333;      -0.64995; 92.92631;80.00000;20.00000;0.79562;2
201.65900; 65.51667;      -0.65018; 92.92339;80.00000;20.00000;0.79557;2
201.73500; 65.53000;      -0.65116; 92.92046;80.00000;20.00000;0.79552;2
201.79100; 65.54333;      -0.65119; 92.91558;80.00000;20.00000;0.79548;2
201.86700; 65.55667;      -0.65123; 92.91167;80.00000;20.00000;0.79543;2
201.93700; 65.57000;      -0.65202; 92.90777;80.00000;20.00000;0.79538;2
202.00999; 65.58333;      -0.65253; 92.90093;80.00000;20.00000;0.79533;2
202.06599; 65.59667;      -0.65294; 92.89605;80.00000;20.00000;0.79529;2
202.13100; 65.61000;      -0.65353; 92.89117;80.00000;20.00000;0.79524;2
202.19400; 65.62333;      -0.65404; 92.88727;80.00000;20.00000;0.79520;2
202.26199; 65.63667;      -0.65380; 92.88239;80.00000;20.00000;0.79515;2
202.34100; 65.65000;      -0.65468; 92.87848;80.00000;20.00000;0.79510;2
202.40199; 65.66333;      -0.65575; 92.87458;80.00000;20.00000;0.79506;2
202.46700; 65.67667;      -0.65625; 92.87165;80.00000;20.00000;0.79501;2
202.54300; 65.69000;      -0.65611; 92.86774;80.00000;20.00000;0.79496;2
202.59500; 65.70333;      -0.65661; 92.86481;80.00000;20.00000;0.79492;2
202.66600; 65.71667;      -0.65674; 92.85993;80.00000;20.00000;0.79487;2
202.73599; 65.73000;      -0.65772; 92.85603;80.00000;20.00000;0.79483;2
202.80400; 65.74333;      -0.65851; 92.85310;80.00000;20.00000;0.79478;2
202.86600; 65.75667;      -0.65864; 92.84919;80.00000;20.00000;0.79474;2
202.93401; 65.77000;      -0.65886; 92.84724;80.00000;20.00000;0.79469;2
203.00500; 65.78333;      -0.65909; 92.84236;80.00000;20.00000;0.79464;2
203.06400; 65.79667;      -0.65913; 92.83748;80.00000;20.00000;0.79460;2
203.13499; 65.81000;      -0.66001; 92.83065;80.00000;20.00000;0.79455;2
203.19400; 65.82333;      -0.66070; 92.82381;80.00000;20.00000;0.79451;2
203.27000; 65.83667;      -0.66074; 92.81600;80.00000;20.00000;0.79446;2
203.33299; 65.85000;      -0.66125; 92.81112;80.00000;20.00000;0.79441;2
203.40800; 65.86333;      -0.66157; 92.80917;80.00000;20.00000;0.79436;2
203.46600; 65.87667;      -0.66198; 92.80819;80.00000;20.00000;0.79432;2
203.53500; 65.89000;      -0.66240; 92.80722;80.00000;20.00000;0.79427;2
203.59000; 65.90333;      -0.66280; 92.80722;80.00000;20.00000;0.79424;2
203.67000; 65.91667;      -0.66304; 92.80624;80.00000;20.00000;0.79418;2
203.73599; 65.93000;      -0.66354; 92.80429;80.00000;20.00000;0.79413;2
203.79100; 65.94333;      -0.66405; 92.80038;80.00000;20.00000;0.79410;2
203.85800; 65.95667;      -0.66483; 92.79843;80.00000;20.00000;0.79405;2
203.93401; 65.97000;      -0.66525; 92.79453;80.00000;20.00000;0.79400;2
204.00000; 65.98333;      -0.66529; 92.79257;80.00000;20.00000;0.79395;2
204.06400; 65.99667;      -0.66570; 92.78867;80.00000;20.00000;0.79391;2
204.12500; 66.01000;      -0.66640; 92.78574;80.00000;20.00000;0.79387;2
204.20200; 66.02333;      -0.66700; 92.78183;80.00000;20.00000;0.79381;2
204.26500; 66.03667;      -0.66685; 92.77695;80.00000;20.00000;0.79377;2
204.33099; 66.05000;      -0.66764; 92.77012;80.00000;20.00000;0.79372;2
204.39301; 66.06333;      -0.66796; 92.76426;80.00000;20.00000;0.79368;2
204.45799; 66.07667;      -0.66790; 92.75938;80.00000;20.00000;0.79364;2
204.53799; 66.09000;      -0.66832; 92.75645;80.00000;20.00000;0.79358;2
204.60100; 66.10333;      -0.66939; 92.75352;80.00000;20.00000;0.79354;2
204.66100; 66.11667;      -0.66896; 92.74962;80.00000;20.00000;0.79350;2
204.73599; 66.13000;      -0.67013; 92.74571;80.00000;20.00000;0.79344;2
204.79601; 66.14333;      -0.67063; 92.74376;80.00000;20.00000;0.79340;2
204.87801; 66.15667;      -0.67115; 92.73986;80.00000;20.00000;0.79335;2
204.93300; 66.17000;      -0.67306; 92.73595;80.00000;20.00000;0.79331;2
205.00400; 66.18333;      -0.67282; 92.73107;80.00000;20.00000;0.79326;2
205.07001; 66.19667;      -0.67342; 92.72521;80.00000;20.00000;0.79321;2
205.13699; 66.21000;      -0.67356; 92.72131;80.00000;20.00000;0.79317;2
205.20399; 66.22333;      -0.67416; 92.71838;80.00000;20.00000;0.79312;2
205.27200; 66.23667;      -0.67448; 92.71350;80.00000;20.00000;0.79307;2
205.34000; 66.25000;      -0.67461; 92.70764;80.00000;20.00000;0.79303;2
205.38901; 66.26333;      -0.67511; 92.70178;80.00000;20.00000;0.79299;2
205.46700; 66.27667;      -0.67591; 92.69495;80.00000;20.00000;0.79294;2
205.54401; 66.29000;      -0.67661; 92.69007;80.00000;20.00000;0.79289;2
205.60600; 66.30333;      -0.67646; 92.68714;80.00000;20.00000;0.79284;2
205.66400; 66.31667;      -0.67668; 92.68226;80.00000;20.00000;0.79280;2
205.73599; 66.33000;      -0.67842; 92.67738;80.00000;20.00000;0.79275;2
205.79900; 66.34333;      -0.67780; 92.67445;80.00000;20.00000;0.79271;2
205.87399; 66.35667;      -0.67822; 92.67347;80.00000;20.00000;0.79266;2
205.93600; 66.37000;      -0.67882; 92.67250;80.00000;20.00000;0.79262;2
206.00200; 66.38333;      -0.67961; 92.67055;80.00000;20.00000;0.79257;2
206.06100; 66.39667;      -0.68011; 92.66859;80.00000;20.00000;0.79253;2
206.13499; 66.41000;      -0.68053; 92.66566;80.00000;20.00000;0.79248;2
206.20000; 66.42333;      -0.68085; 92.66274;80.00000;20.00000;0.79243;2
206.27000; 66.43667;      -0.68183; 92.65981;80.00000;20.00000;0.79239;2
206.33501; 66.45000;      -0.68234; 92.65785;80.00000;20.00000;0.79234;2
206.40300; 66.46333;      -0.68304; 92.65493;80.00000;20.00000;0.79229;2
206.47600; 66.47667;      -0.68365; 92.65297;80.00000;20.00000;0.79224;2
206.53999; 66.49000;      -0.68425; 92.65004;80.00000;20.00000;0.79220;2
206.60100; 66.50333;      -0.68391; 92.64712;80.00000;20.00000;0.79216;2
206.66800; 66.51667;      -0.68433; 92.64321;80.00000;20.00000;0.79211;2
206.74400; 66.53000;      -0.68494; 92.63931;80.00000;20.00000;0.79206;2
206.81300; 66.54333;      -0.68526; 92.63638;80.00000;20.00000;0.79201;2
206.86200; 66.55667;      -0.68557; 92.63052;80.00000;20.00000;0.79198;2
206.93700; 66.57000;      -0.68552; 92.62662;80.00000;20.00000;0.79193;2
207.00700; 66.58333;      -0.68613; 92.62173;80.00000;20.00000;0.79188;2
207.07201; 66.59667;      -0.68598; 92.61685;80.00000;20.00000;0.79183;2
207.13699; 66.61000;      -0.68668; 92.61392;80.00000;20.00000;0.79179;2
207.19400; 66.62333;      -0.68718; 92.60904;80.00000;20.00000;0.79175;2
207.25900; 66.63667;      -0.68760; 92.60612;80.00000;20.00000;0.79170;2
207.33600; 66.65000;      -0.68792; 92.60319;80.00000;20.00000;0.79165;2
207.39799; 66.66333;      -0.68787; 92.59928;80.00000;20.00000;0.79161;2
207.47099; 66.67667;      -0.68904; 92.59538;80.00000;20.00000;0.79156;2
207.54700; 66.69000;      -0.68937; 92.59245;80.00000;20.00000;0.79151;2
207.60100; 66.70333;      -0.68978; 92.58366;80.00000;20.00000;0.79147;2
207.67300; 66.71667;      -0.69048; 92.57585;80.00000;20.00000;0.79142;2
207.73000; 66.73000;      -0.69136; 92.56902;80.00000;20.00000;0.79138;2
207.80901; 66.74333;      -0.69150; 92.56609;80.00000;20.00000;0.79132;2
207.86301; 66.75667;      -0.69135; 92.56511;80.00000;20.00000;0.79129;2
207.94400; 66.77000;      -0.69224; 92.56121;80.00000;20.00000;0.79123;2
208.00101; 66.78333;      -0.69228; 92.55730;80.00000;20.00000;0.79119;2
208.07700; 66.79667;      -0.69317; 92.55438;80.00000;20.00000;0.79114;2
208.13800; 66.81000;      -0.69358; 92.55047;80.00000;20.00000;0.79110;2
208.19901; 66.82333;      -0.69409; 92.54461;80.00000;20.00000;0.79106;2
208.26100; 66.83667;      -0.69375; 92.54071;80.00000;20.00000;0.79101;2
208.33900; 66.85000;      -0.69352; 92.53583;80.00000;20.00000;0.79096;2
208.39900; 66.86333;      -0.69421; 92.53095;80.00000;20.00000;0.79092;2
208.47200; 66.87667;      -0.69482; 92.52802;80.00000;20.00000;0.79087;2
208.53101; 66.89000;      -0.69599; 92.52509;80.00000;20.00000;0.79083;2
208.59801; 66.90333;      -0.69612; 92.52118;80.00000;20.00000;0.79078;2
208.66200; 66.91667;      -0.69654; 92.51533;80.00000;20.00000;0.79074;2
208.73300; 66.93000;      -0.69658; 92.51045;80.00000;20.00000;0.79069;2
208.80099; 66.94333;      -0.69700; 92.50556;80.00000;20.00000;0.79064;2
208.86600; 66.95667;      -0.69732; 92.50068;80.00000;20.00000;0.79060;2
208.93500; 66.97000;      -0.69793; 92.49678;80.00000;20.00000;0.79055;2
209.00200; 66.98333;      -0.69834; 92.49287;80.00000;20.00000;0.79050;2
209.07100; 66.99667;      -0.69829; 92.48897;80.00000;20.00000;0.79046;2
209.14700; 67.01000;      -0.69871; 92.48409;80.00000;20.00000;0.79040;2
209.20500; 67.02333;      -0.69950; 92.48018;80.00000;20.00000;0.79036;2
209.26801; 67.03667;      -0.69973; 92.47530;80.00000;20.00000;0.79032;2
209.33800; 67.05000;      -0.69996; 92.47042;80.00000;20.00000;0.79027;2
209.40700; 67.06333;      -0.70029; 92.46554;80.00000;20.00000;0.79022;2
209.47501; 67.07667;      -0.70080; 92.45968;80.00000;20.00000;0.79018;2
209.52800; 67.09000;      -0.70121; 92.45090;80.00000;20.00000;0.79014;2
209.61301; 67.10333;      -0.70135; 92.44211;80.00000;20.00000;0.79008;2
209.66600; 67.11667;      -0.70186; 92.43430;80.00000;20.00000;0.79005;2
209.73700; 67.13000;      -0.70218; 92.43137;80.00000;20.00000;0.79000;2
209.80600; 67.14333;      -0.70289; 92.42942;80.00000;20.00000;0.78995;2
209.87700; 67.15667;      -0.70359; 92.42454;80.00000;20.00000;0.78990;2
209.93500; 67.17000;      -0.70400; 92.41673;80.00000;20.00000;0.78986;2
210.00400; 67.18333;      -0.70471; 92.40892;80.00000;20.00000;0.78981;2
210.08099; 67.19667;      -0.70456; 92.40209;80.00000;20.00000;0.78976;2
210.15401; 67.21000;      -0.70480; 92.39623;80.00000;20.00000;0.78971;2
210.21001; 67.22333;      -0.70549; 92.39037;80.00000;20.00000;0.78967;2
210.27499; 67.23667;      -0.70563; 92.38354;80.00000;20.00000;0.78963;2
210.33600; 67.25000;      -0.70529; 92.37768;80.00000;20.00000;0.78959;2
210.40100; 67.26333;      -0.70580; 92.37280;80.00000;20.00000;0.78954;2
210.46300; 67.27667;      -0.70650; 92.36792;80.00000;20.00000;0.78950;2
210.53000; 67.29000;      -0.70663; 92.36206;80.00000;20.00000;0.78945;2
210.60300; 67.30333;      -0.70771; 92.35620;80.00000;20.00000;0.78940;2
210.65900; 67.31667;      -0.70784; 92.35035;80.00000;20.00000;0.78936;2
210.73599; 67.33000;      -0.70817; 92.34546;80.00000;20.00000;0.78931;2
210.79700; 67.34333;      -0.70821; 92.34058;80.00000;20.00000;0.78927;2
210.86800; 67.35667;      -0.70948; 92.33765;80.00000;20.00000;0.78922;2
210.92599; 67.37000;      -0.70999; 92.33375;80.00000;20.00000;0.78918;2
211.00000; 67.38333;      -0.71022; 92.32887;80.00000;20.00000;0.78913;2
211.07401; 67.39667;      -0.71065; 92.32399;80.00000;20.00000;0.78908;2
211.13000; 67.41000;      -0.71106; 92.31423;80.00000;20.00000;0.78904;2
211.20100; 67.42333;      -0.71243; 92.30544;80.00000;20.00000;0.78899;2
211.26900; 67.43667;      -0.71209; 92.29861;80.00000;20.00000;0.78894;2
211.32700; 67.45000;      -0.71222; 92.29568;80.00000;20.00000;0.78890;2
211.41299; 67.46333;      -0.71265; 92.29470;80.00000;20.00000;0.78885;2
211.46899; 67.47667;      -0.71344; 92.29177;80.00000;20.00000;0.78881;2
211.53500; 67.49000;      -0.71386; 92.28689;80.00000;20.00000;0.78876;2
211.60300; 67.50333;      -0.71371; 92.28299;80.00000;20.00000;0.78872;2
211.66200; 67.51667;      -0.71375; 92.27908;80.00000;20.00000;0.78867;2
211.73801; 67.53000;      -0.71408; 92.27225;80.00000;20.00000;0.78862;2
211.79300; 67.54333;      -0.71440; 92.26737;80.00000;20.00000;0.78858;2
211.86200; 67.55667;      -0.71473; 92.26249;80.00000;20.00000;0.78854;2
211.93201; 67.57000;      -0.71552; 92.25663;80.00000;20.00000;0.78849;2
211.99800; 67.58333;      -0.71642; 92.25175;80.00000;20.00000;0.78844;2
212.06599; 67.59667;      -0.71665; 92.24687;80.00000;20.00000;0.78840;2
212.13400; 67.61000;      -0.71669; 92.23808;80.00000;20.00000;0.78835;2
212.19299; 67.62333;      -0.71701; 92.23320;80.00000;20.00000;0.78831;2
212.26900; 67.63667;      -0.71800; 92.22637;80.00000;20.00000;0.78826;2
212.33600; 67.65000;      -0.71861; 92.22051;80.00000;20.00000;0.78821;2
212.39900; 67.66333;      -0.71865; 92.21563;80.00000;20.00000;0.78817;2
212.45700; 67.67667;      -0.71888; 92.21270;80.00000;20.00000;0.78813;2
212.53300; 67.69000;      -0.71940; 92.21075;80.00000;20.00000;0.78808;2
212.60100; 67.70333;      -0.72001; 92.20879;80.00000;20.00000;0.78803;2
212.67300; 67.71667;      -0.72062; 92.20587;80.00000;20.00000;0.78798;2
212.72301; 67.73000;      -0.72150; 92.19513;80.00000;20.00000;0.78795;2
212.79500; 67.74333;      -0.72192; 92.18439;80.00000;20.00000;0.78790;2
212.86600; 67.75667;      -0.72225; 92.18048;80.00000;20.00000;0.78785;2
212.93600; 67.77000;      -0.72182; 92.17951;80.00000;20.00000;0.78780;2
212.99400; 67.78333;      -0.72262; 92.17658;80.00000;20.00000;0.78776;2
213.06100; 67.79667;      -0.72304; 92.17365;80.00000;20.00000;0.78771;2
213.13699; 67.81000;      -0.72450; 92.16975;80.00000;20.00000;0.78766;2
213.19501; 67.82333;      -0.72482; 92.16584;80.00000;20.00000;0.78762;2
213.26199; 67.83667;      -0.72486; 92.15998;80.00000;20.00000;0.78758;2
213.32899; 67.85000;      -0.72519; 92.15510;80.00000;20.00000;0.78753;2
213.39999; 67.86333;      -0.72580; 92.14924;80.00000;20.00000;0.78748;2
213.46899; 67.87667;      -0.72660; 92.14436;80.00000;20.00000;0.78743;2
213.53999; 67.89000;      -0.72703; 92.13948;80.00000;20.00000;0.78739;2
213.60001; 67.90333;      -0.72688; 92.13460;80.00000;20.00000;0.78734;2
213.65199; 67.91667;      -0.72700; 92.12582;80.00000;20.00000;0.78731;2
213.72800; 67.93000;      -0.72734; 92.11898;80.00000;20.00000;0.78726;2
213.78799; 67.94333;      -0.72832; 92.11020;80.00000;20.00000;0.78722;2
213.86400; 67.95667;      -0.72856; 92.10434;80.00000;20.00000;0.78716;2
213.93401; 67.97000;      -0.72879; 92.09750;80.00000;20.00000;0.78712;2
214.00400; 67.98333;      -0.72902; 92.09262;80.00000;20.00000;0.78707;2
214.06200; 67.99667;      -0.72934; 92.08677;80.00000;20.00000;0.78703;2
214.13300; 68.01000;      -0.73081; 92.08189;80.00000;20.00000;0.78698;2
214.19800; 68.02333;      -0.73113; 92.07700;80.00000;20.00000;0.78693;2
214.25900; 68.03667;      -0.73184; 92.06822;80.00000;20.00000;0.78689;2
214.33299; 68.05000;      -0.73255; 92.05748;80.00000;20.00000;0.78684;2
214.40401; 68.06333;      -0.73183; 92.04772;80.00000;20.00000;0.78679;2
214.47000; 68.07667;      -0.73178; 92.04479;80.00000;20.00000;0.78675;2
214.52600; 68.09000;      -0.73305; 92.04284;80.00000;20.00000;0.78671;2
214.58299; 68.10333;      -0.73346; 92.04186;80.00000;20.00000;0.78667;2
214.65199; 68.11667;      -0.73360; 92.03796;80.00000;20.00000;0.78662;2
214.72400; 68.13000;      -0.73403; 92.03405;80.00000;20.00000;0.78657;2
214.79201; 68.14333;      -0.73445; 92.03015;80.00000;20.00000;0.78653;2
214.86600; 68.15667;      -0.73469; 92.02526;80.00000;20.00000;0.78648;2
214.93100; 68.17000;      -0.73520; 92.02038;80.00000;20.00000;0.78643;2
214.98199; 68.18333;      -0.73609; 92.01550;80.00000;20.00000;0.78640;2
215.06100; 68.19667;      -0.73727; 92.01062;80.00000;20.00000;0.78634;2
215.12601; 68.21000;      -0.73731; 92.00672;80.00000;20.00000;0.78630;2
215.19501; 68.22333;      -0.73726; 92.00184;80.00000;20.00000;0.78625;2
215.26199; 68.23667;      -0.73759; 91.99403;80.00000;20.00000;0.78621;2
215.32300; 68.25000;      -0.73782; 91.98719;80.00000;20.00000;0.78616;2
215.38800; 68.26333;      -0.73843; 91.97841;80.00000;20.00000;0.78612;2
215.46201; 68.27667;      -0.73914; 91.97255;80.00000;20.00000;0.78607;2
215.52000; 68.29000;      -0.73956; 91.96669;80.00000;20.00000;0.78603;2
215.58900; 68.30333;      -0.74017; 91.95888;80.00000;20.00000;0.78598;2
215.65900; 68.31667;      -0.74078; 91.94912;80.00000;20.00000;0.78593;2
215.71800; 68.33000;      -0.74082; 91.94033;80.00000;20.00000;0.78589;2
215.78999; 68.34333;      -0.74125; 91.93740;80.00000;20.00000;0.78584;2
215.85899; 68.35667;      -0.74158; 91.93350;80.00000;20.00000;0.78580;2
215.92999; 68.37000;      -0.74181; 91.92862;80.00000;20.00000;0.78575;2
215.99699; 68.38333;      -0.74252; 91.92276;80.00000;20.00000;0.78570;2
216.04700; 68.39667;      -0.74303; 91.91690;80.00000;20.00000;0.78567;2
216.12900; 68.41000;      -0.74374; 91.91105;80.00000;20.00000;0.78561;2
216.18900; 68.42333;      -0.74407; 91.90519;80.00000;20.00000;0.78557;2
216.25500; 68.43667;      -0.74458; 91.89933;80.00000;20.00000;0.78553;2
216.32899; 68.45000;      -0.74492; 91.89445;80.00000;20.00000;0.78547;2
216.39000; 68.46333;      -0.74505; 91.88859;80.00000;20.00000;0.78543;2
216.44901; 68.47667;      -0.74537; 91.87981;80.00000;20.00000;0.78539;2
216.53000; 68.49000;      -0.74599; 91.87493;80.00000;20.00000;0.78534;2
216.58000; 68.50333;      -0.74650; 91.87005;80.00000;20.00000;0.78530;2
216.65800; 68.51667;      -0.74731; 91.86419;80.00000;20.00000;0.78525;2
216.72600; 68.53000;      -0.74773; 91.85833;80.00000;20.00000;0.78520;2
216.78500; 68.54333;      -0.74758; 91.85150;80.00000;20.00000;0.78516;2
216.85500; 68.55667;      -0.74848; 91.84564;80.00000;20.00000;0.78512;2
216.91400; 68.57000;      -0.74871; 91.83881;80.00000;20.00000;0.78507;2
216.99400; 68.58333;      -0.74867; 91.83393;80.00000;20.00000;0.78502;2
217.06200; 68.59667;      -0.74919; 91.82807;80.00000;20.00000;0.78497;2
217.12601; 68.61000;      -0.74980; 91.81733;80.00000;20.00000;0.78493;2
217.18600; 68.62333;      -0.75012; 91.80659;80.00000;20.00000;0.78489;2
217.25200; 68.63667;      -0.75083; 91.80171;80.00000;20.00000;0.78484;2
217.32401; 68.65000;      -0.75163; 91.79878;80.00000;20.00000;0.78479;2
217.38699; 68.66333;      -0.75177; 91.79292;80.00000;20.00000;0.78475;2
217.45900; 68.67667;      -0.75220; 91.78707;80.00000;20.00000;0.78470;2
217.51300; 68.69000;      -0.75242; 91.78121;80.00000;20.00000;0.78467;2
217.58200; 68.70333;      -0.75294; 91.77730;80.00000;20.00000;0.78462;2
217.65401; 68.71667;      -0.75318; 91.77242;80.00000;20.00000;0.78457;2
217.71100; 68.73000;      -0.75474; 91.76169;80.00000;20.00000;0.78453;2
217.78101; 68.74333;      -0.75507; 91.75680;80.00000;20.00000;0.78448;2
217.85100; 68.75667;      -0.75540; 91.75192;80.00000;20.00000;0.78443;2
217.90700; 68.77000;      -0.75553; 91.74704;80.00000;20.00000;0.78440;2
217.99100; 68.78333;      -0.75597; 91.74411;80.00000;20.00000;0.78434;2
218.05600; 68.79667;      -0.75667; 91.73923;80.00000;20.00000;0.78429;2
218.11600; 68.81000;      -0.75671; 91.73630;80.00000;20.00000;0.78425;2
218.18900; 68.82333;      -0.75762; 91.73240;80.00000;20.00000;0.78420;2
218.25800; 68.83667;      -0.75842; 91.72654;80.00000;20.00000;0.78416;2
218.30901; 68.85000;      -0.75807; 91.72068;80.00000;20.00000;0.78412;2
218.38600; 68.86333;      -0.75889; 91.71385;80.00000;20.00000;0.78407;2
218.45900; 68.87667;      -0.75960; 91.70506;80.00000;20.00000;0.78402;2
218.51801; 68.89000;      -0.75954; 91.69628;80.00000;20.00000;0.78398;2
218.58800; 68.90333;      -0.75997; 91.69335;80.00000;20.00000;0.78393;2
218.64900; 68.91667;      -0.76077; 91.69140;80.00000;20.00000;0.78389;2
218.72400; 68.93000;      -0.76139; 91.68749;80.00000;20.00000;0.78384;2
218.78600; 68.94333;      -0.76134; 91.68261;80.00000;20.00000;0.78379;2
218.84900; 68.95667;      -0.76185; 91.67773;80.00000;20.00000;0.78375;2
218.92000; 68.97000;      -0.76237; 91.66992;80.00000;20.00000;0.78370;2
218.98500; 68.98333;      -0.76251; 91.66309;80.00000;20.00000;0.78366;2
219.05299; 68.99667;      -0.76284; 91.65625;80.00000;20.00000;0.78361;2
219.12300; 69.01000;      -0.76384; 91.65040;80.00000;20.00000;0.78356;2
219.18700; 69.02333;      -0.76417; 91.64552;80.00000;20.00000;0.78352;2
219.24800; 69.03667;      -0.76506; 91.63868;80.00000;20.00000;0.78348;2
219.32600; 69.05000;      -0.76483; 91.63185;80.00000;20.00000;0.78343;2
219.39101; 69.06333;      -0.76573; 91.62697;80.00000;20.00000;0.78338;2
219.45300; 69.07667;      -0.76577; 91.62111;80.00000;20.00000;0.78334;2
219.52100; 69.09000;      -0.76591; 91.61525;80.00000;20.00000;0.78329;2
219.58099; 69.10333;      -0.76633; 91.61037;80.00000;20.00000;0.78325;2
219.65601; 69.11667;      -0.76705; 91.60451;80.00000;20.00000;0.78320;2
219.72200; 69.13000;      -0.76738; 91.59085;80.00000;20.00000;0.78316;2
219.78500; 69.14333;      -0.76799; 91.58011;80.00000;20.00000;0.78311;2
219.85500; 69.15667;      -0.76804; 91.57620;80.00000;20.00000;0.78307;2
219.91299; 69.17000;      -0.76903; 91.57425;80.00000;20.00000;0.78303;2
219.98300; 69.18333;      -0.76936; 91.57035;80.00000;20.00000;0.78298;2
220.05299; 69.19667;      -0.76998; 91.56547;80.00000;20.00000;0.78293;2
220.12801; 69.21000;      -0.77022; 91.56058;80.00000;20.00000;0.78288;2
220.18500; 69.22333;      -0.77083; 91.55570;80.00000;20.00000;0.78284;2
220.25301; 69.23667;      -0.77078; 91.55180;80.00000;20.00000;0.78279;2
220.32401; 69.25000;      -0.77092; 91.54594;80.00000;20.00000;0.78275;2
220.38100; 69.26333;      -0.77134; 91.53813;80.00000;20.00000;0.78271;2
220.45700; 69.27667;      -0.77196; 91.53325;80.00000;20.00000;0.78265;2
220.52100; 69.29000;      -0.77239; 91.52739;80.00000;20.00000;0.78261;2
220.58800; 69.30333;      -0.77262; 91.52251;80.00000;20.00000;0.78256;2
220.65401; 69.31667;      -0.77295; 91.51763;80.00000;20.00000;0.78252;2
220.72000; 69.33000;      -0.77347; 91.51080;80.00000;20.00000;0.78247;2
220.78400; 69.34333;      -0.77332; 91.50494;80.00000;20.00000;0.78243;2
220.84801; 69.35667;      -0.77384; 91.49811;80.00000;20.00000;0.78239;2
220.91200; 69.37000;      -0.77446; 91.49225;80.00000;20.00000;0.78234;2
220.98500; 69.38333;      -0.77489; 91.48639;80.00000;20.00000;0.78229;2
221.05701; 69.39667;      -0.77503; 91.47663;80.00000;20.00000;0.78225;2
221.11400; 69.41000;      -0.77555; 91.46589;80.00000;20.00000;0.78221;2
221.17599; 69.42333;      -0.77597; 91.46003;80.00000;20.00000;0.78216;2
221.24699; 69.43667;      -0.77630; 91.45418;80.00000;20.00000;0.78212;2
221.30600; 69.45000;      -0.77720; 91.44734;80.00000;20.00000;0.78208;2
221.38400; 69.46333;      -0.77763; 91.44051;80.00000;20.00000;0.78202;2
221.44400; 69.47667;      -0.77758; 91.43660;80.00000;20.00000;0.78198;2
221.50400; 69.49000;      -0.77829; 91.43075;80.00000;20.00000;0.78194;2
221.58200; 69.50333;      -0.77882; 91.41903;80.00000;20.00000;0.78189;2
221.64900; 69.51667;      -0.77810; 91.41220;80.00000;20.00000;0.78184;2
221.72501; 69.53000;      -0.77948; 91.40537;80.00000;20.00000;0.78179;2
221.77800; 69.54333;      -0.78066; 91.39072;80.00000;20.00000;0.78175;2
221.85100; 69.55667;      -0.78081; 91.37901;80.00000;20.00000;0.78170;2
221.91200; 69.57000;      -0.78085; 91.37803;80.00000;20.00000;0.78166;2
221.97800; 69.58333;      -0.78156; 91.37217;80.00000;20.00000;0.78162;2
222.04401; 69.59667;      -0.78208; 91.36436;80.00000;20.00000;0.78157;2
222.11400; 69.61000;      -0.78270; 91.35851;80.00000;20.00000;0.78152;2
222.18401; 69.62333;      -0.78265; 91.35460;80.00000;20.00000;0.78148;2
222.24200; 69.63667;      -0.78355; 91.34679;80.00000;20.00000;0.78144;2
222.30499; 69.65000;      -0.78369; 91.33898;80.00000;20.00000;0.78139;2
222.37100; 69.66333;      -0.78383; 91.33020;80.00000;20.00000;0.78135;2
222.43800; 69.67667;      -0.78445; 91.32434;80.00000;20.00000;0.78130;2
222.50500; 69.69000;      -0.78449; 91.31751;80.00000;20.00000;0.78126;2
222.57100; 69.70333;      -0.78540; 91.31262;80.00000;20.00000;0.78121;2
222.63499; 69.71667;      -0.78601; 91.30677;80.00000;20.00000;0.78117;2
222.70200; 69.73000;      -0.78654; 91.29408;80.00000;20.00000;0.78112;2
222.76801; 69.74333;      -0.78687; 91.28334;80.00000;20.00000;0.78108;2
222.84100; 69.75667;      -0.78701; 91.27943;80.00000;20.00000;0.78103;2
222.89500; 69.77000;      -0.78734; 91.27162;80.00000;20.00000;0.78099;2
222.97099; 69.78333;      -0.78796; 91.26381;80.00000;20.00000;0.78094;2
223.03900; 69.79667;      -0.78810; 91.26088;80.00000;20.00000;0.78089;2
223.10899; 69.81000;      -0.78863; 91.25600;80.00000;20.00000;0.78085;2
223.17700; 69.82333;      -0.78963; 91.25015;80.00000;20.00000;0.78080;2
223.25600; 69.83667;      -0.78997; 91.24429;80.00000;20.00000;0.78075;2
223.32001; 69.85000;      -0.79011; 91.23843;80.00000;20.00000;0.78070;2
223.36200; 69.86333;      -0.79033; 91.22867;80.00000;20.00000;0.78067;2
223.43201; 69.87667;      -0.79133; 91.22184;80.00000;20.00000;0.78063;2
223.49800; 69.89000;      -0.79262; 91.21598;80.00000;20.00000;0.78058;2
223.56900; 69.90333;      -0.79257; 91.21110;80.00000;20.00000;0.78053;2
223.63699; 69.91667;      -0.79329; 91.20329;80.00000;20.00000;0.78049;2
223.70000; 69.93000;      -0.79361; 91.19841;80.00000;20.00000;0.78044;2
223.77299; 69.94333;      -0.79347; 91.19255;80.00000;20.00000;0.78040;2
223.84200; 69.95667;      -0.79324; 91.18181;80.00000;20.00000;0.78035;2
223.91299; 69.97000;      -0.79462; 91.17107;80.00000;20.00000;0.78030;2
223.96400; 69.98333;      -0.79447; 91.16522;80.00000;20.00000;0.78027;2
224.03200; 69.99667;      -0.79528; 91.16229;80.00000;20.00000;0.78022;2
224.09300; 70.01000;      -0.79532; 91.15643;80.00000;20.00000;0.78018;2
224.16400; 70.02333;      -0.79460; 91.14960;80.00000;20.00000;0.78013;2
224.22400; 70.03667;      -0.79512; 91.14374;80.00000;20.00000;0.78009;2
224.28900; 70.05000;      -0.79641; 91.13593;80.00000;20.00000;0.78004;2
224.36501; 70.06333;      -0.79723; 91.12519;80.00000;20.00000;0.77999;2
224.43800; 70.07667;      -0.79747; 91.11640;80.00000;20.00000;0.77994;2
224.50301; 70.09000;      -0.79770; 91.10957;80.00000;20.00000;0.77990;2
224.56200; 70.10333;      -0.79851; 91.10371;80.00000;20.00000;0.77986;2
224.63600; 70.11667;      -0.79894; 91.09981;80.00000;20.00000;0.77981;2
224.69800; 70.13000;      -0.79899; 91.09493;80.00000;20.00000;0.77977;2
224.76500; 70.14333;      -0.79932; 91.09102;80.00000;20.00000;0.77972;2
224.83600; 70.15667;      -0.79975; 91.08614;80.00000;20.00000;0.77967;2
224.90700; 70.17000;      -0.80018; 91.08028;80.00000;20.00000;0.77962;2
224.96899; 70.18333;      -0.80070; 91.07443;80.00000;20.00000;0.77958;2
225.03400; 70.19667;      -0.80113; 91.06271;80.00000;20.00000;0.77954;2
225.09900; 70.21000;      -0.80146; 91.05197;80.00000;20.00000;0.77949;2
225.17400; 70.22333;      -0.80123; 91.04807;80.00000;20.00000;0.77944;2
225.22200; 70.23667;      -0.80184; 91.04709;80.00000;20.00000;0.77941;2
225.29100; 70.25000;      -0.80332; 91.04319;80.00000;20.00000;0.77936;2
225.36700; 70.26333;      -0.80366; 91.03831;80.00000;20.00000;0.77931;2
225.42900; 70.27667;      -0.80399; 91.03245;80.00000;20.00000;0.77927;2
225.48599; 70.29000;      -0.80384; 91.02366;80.00000;20.00000;0.77923;2
225.56200; 70.30333;      -0.80446; 91.01585;80.00000;20.00000;0.77918;2
225.62500; 70.31667;      -0.80470; 91.00902;80.00000;20.00000;0.77914;2
225.69800; 70.33000;      -0.80504; 91.00219;80.00000;20.00000;0.77909;2
225.75600; 70.34333;      -0.80565; 90.99438;80.00000;20.00000;0.77905;2
225.82201; 70.35667;      -0.80608; 90.98657;80.00000;20.00000;0.77900;2
225.88800; 70.37000;      -0.80680; 90.98071;80.00000;20.00000;0.77896;2
225.96600; 70.38333;      -0.80733; 90.96900;80.00000;20.00000;0.77890;2
226.02800; 70.39667;      -0.80833; 90.95630;80.00000;20.00000;0.77886;2
226.08701; 70.41000;      -0.80827; 90.95045;80.00000;20.00000;0.77882;2
226.16299; 70.42333;      -0.80861; 90.94654;80.00000;20.00000;0.77877;2
226.23599; 70.43667;      -0.80905; 90.93776;80.00000;20.00000;0.77872;2
226.29401; 70.45000;      -0.81005; 90.92897;80.00000;20.00000;0.77868;2
226.35500; 70.46333;      -0.81057; 90.92116;80.00000;20.00000;0.77864;2
226.42000; 70.47667;      -0.81033; 90.91433;80.00000;20.00000;0.77860;2
226.48801; 70.49000;      -0.81114; 90.90847;80.00000;20.00000;0.77855;2
226.54900; 70.50333;      -0.81080; 90.89871;80.00000;20.00000;0.77851;2
226.61099; 70.51667;      -0.81104; 90.89383;80.00000;20.00000;0.77847;2
226.68900; 70.53000;      -0.81186; 90.88699;80.00000;20.00000;0.77841;2
226.75200; 70.54333;      -0.81228; 90.88114;80.00000;20.00000;0.77837;2
226.82100; 70.55667;      -0.81281; 90.87528;80.00000;20.00000;0.77832;2
226.88100; 70.57000;      -0.81333; 90.86552;80.00000;20.00000;0.77828;2
226.95000; 70.58333;      -0.81357; 90.84794;80.00000;20.00000;0.77824;2
227.01300; 70.59667;      -0.81429; 90.84209;80.00000;20.00000;0.77819;2
227.08200; 70.61000;      -0.81520; 90.84013;80.00000;20.00000;0.77815;2
227.15300; 70.62333;      -0.81592; 90.83232;80.00000;20.00000;0.77810;2
227.21400; 70.63667;      -0.81567; 90.82549;80.00000;20.00000;0.77806;2
227.28101; 70.65000;      -0.81658; 90.81768;80.00000;20.00000;0.77801;2
227.35001; 70.66333;      -0.81663; 90.80597;80.00000;20.00000;0.77796;2
227.41701; 70.67667;      -0.81850; 90.79718;80.00000;20.00000;0.77792;2
227.47900; 70.69000;      -0.81835; 90.79230;80.00000;20.00000;0.77788;2
227.54800; 70.70333;      -0.81821; 90.78449;80.00000;20.00000;0.77783;2
227.62601; 70.71667;      -0.81846; 90.77180;80.00000;20.00000;0.77778;2
227.68500; 70.73000;      -0.81898; 90.76204;80.00000;20.00000;0.77774;2
227.74800; 70.74333;      -0.82017; 90.76204;80.00000;20.00000;0.77769;2
227.80499; 70.75667;      -0.82079; 90.75618;80.00000;20.00000;0.77766;2
227.88200; 70.77000;      -0.82142; 90.74739;80.00000;20.00000;0.77760;2
227.94701; 70.78333;      -0.82175; 90.74154;80.00000;20.00000;0.77756;2
228.02000; 70.79667;      -0.82257; 90.73373;80.00000;20.00000;0.77751;2
228.08701; 70.81000;      -0.82367; 90.72494;80.00000;20.00000;0.77747;2
228.14799; 70.82333;      -0.82314; 90.71908;80.00000;20.00000;0.77742;2
228.21201; 70.83667;      -0.82357; 90.71225;80.00000;20.00000;0.77738;2
228.28500; 70.85000;      -0.82458; 90.70639;80.00000;20.00000;0.77733;2
228.34599; 70.86333;      -0.82568; 90.69956;80.00000;20.00000;0.77729;2
228.42300; 70.87667;      -0.82573; 90.69273;80.00000;20.00000;0.77724;2
228.48801; 70.89000;      -0.82674; 90.67418;80.00000;20.00000;0.77719;2
228.55600; 70.90333;      -0.82688; 90.66637;80.00000;20.00000;0.77715;2
228.61800; 70.91667;      -0.82674; 90.66441;80.00000;20.00000;0.77711;2
228.67500; 70.93000;      -0.82735; 90.65856;80.00000;20.00000;0.77707;2
228.75200; 70.94333;      -0.82741; 90.65075;80.00000;20.00000;0.77701;2
228.82201; 70.95667;      -0.82727; 90.64294;80.00000;20.00000;0.77697;2
228.89799; 70.97000;      -0.82857; 90.63220;80.00000;20.00000;0.77692;2
228.95300; 70.98333;      -0.82890; 90.62244;80.00000;20.00000;0.77688;2
229.02000; 70.99667;      -0.82904; 90.61756;80.00000;20.00000;0.77683;2
229.08701; 71.01000;      -0.82928; 90.61072;80.00000;20.00000;0.77679;2
229.15401; 71.02333;      -0.82990; 90.60389;80.00000;20.00000;0.77674;2
229.23199; 71.03667;      -0.83063; 90.59510;80.00000;20.00000;0.77669;2
229.29601; 71.05000;      -0.83097; 90.58729;80.00000;20.00000;0.77665;2
229.34700; 71.06333;      -0.83139; 90.58046;80.00000;20.00000;0.77661;2
229.42900; 71.07667;      -0.83193; 90.57363;80.00000;20.00000;0.77656;2
229.47800; 71.09000;      -0.83158; 90.56289;80.00000;20.00000;0.77652;2
229.55499; 71.10333;      -0.83240; 90.55703;80.00000;20.00000;0.77647;2
229.62000; 71.11667;      -0.83245; 90.55801;80.00000;20.00000;0.77643;2
229.68201; 71.13000;      -0.83288; 90.55313;80.00000;20.00000;0.77638;2
229.74300; 71.14333;      -0.83350; 90.54336;80.00000;20.00000;0.77634;2
229.81100; 71.15667;      -0.83422; 90.53751;80.00000;20.00000;0.77630;2
229.88100; 71.17000;      -0.83408; 90.53067;80.00000;20.00000;0.77625;2
229.94901; 71.18333;      -0.83422; 90.52189;80.00000;20.00000;0.77620;2
230.01401; 71.19667;      -0.83494; 90.50529;80.00000;20.00000;0.77616;2
230.07300; 71.21000;      -0.83546; 90.49455;80.00000;20.00000;0.77612;2
230.14500; 71.22333;      -0.83590; 90.49358;80.00000;20.00000;0.77607;2
230.21201; 71.23667;      -0.83652; 90.48674;80.00000;20.00000;0.77603;2
230.28999; 71.25000;      -0.83687; 90.47893;80.00000;20.00000;0.77597;2
230.34900; 71.26333;      -0.83758; 90.46819;80.00000;20.00000;0.77593;2
230.42000; 71.27667;      -0.83812; 90.45648;80.00000;20.00000;0.77588;2
230.47800; 71.29000;      -0.83835; 90.44965;80.00000;20.00000;0.77585;2
230.55200; 71.30333;      -0.83850; 90.43988;80.00000;20.00000;0.77580;2
230.61301; 71.31667;      -0.83864; 90.42231;80.00000;20.00000;0.77575;2
230.67900; 71.33000;      -0.83917; 90.41646;80.00000;20.00000;0.77571;2
230.74100; 71.34333;      -0.83979; 90.41353;80.00000;20.00000;0.77567;2
230.81599; 71.35667;      -0.83946; 90.40669;80.00000;20.00000;0.77562;2
230.87900; 71.37000;      -0.83980; 90.39693;80.00000;20.00000;0.77557;2
230.95100; 71.38333;      -0.84100; 90.38619;80.00000;20.00000;0.77553;2
231.01601; 71.39667;      -0.84057; 90.37643;80.00000;20.00000;0.77548;2
231.07500; 71.41000;      -0.84138; 90.36862;80.00000;20.00000;0.77544;2
231.14000; 71.42333;      -0.84162; 90.35300;80.00000;20.00000;0.77540;2
231.20799; 71.43667;      -0.84177; 90.33933;80.00000;20.00000;0.77535;2
231.27499; 71.45000;      -0.84249; 90.33543;80.00000;20.00000;0.77531;2
231.34300; 71.46333;      -0.84283; 90.32567;80.00000;20.00000;0.77526;2
231.40800; 71.47667;      -0.84297; 90.31883;80.00000;20.00000;0.77522;2
231.48599; 71.49000;      -0.84332; 90.30419;80.00000;20.00000;0.77516;2
231.54601; 71.50333;      -0.84346; 90.29443;80.00000;20.00000;0.77512;2
231.61099; 71.51667;      -0.84427; 90.28564;80.00000;20.00000;0.77508;2
231.68201; 71.53000;      -0.84432; 90.27490;80.00000;20.00000;0.77503;2
231.74500; 71.54333;      -0.84466; 90.25831;80.00000;20.00000;0.77499;2
231.80800; 71.55667;      -0.84471; 90.25245;80.00000;20.00000;0.77495;2
231.86501; 71.57000;      -0.84600; 90.24366;80.00000;20.00000;0.77491;2
231.94501; 71.58333;      -0.84634; 90.23293;80.00000;20.00000;0.77485;2
231.99200; 71.59667;      -0.84609; 90.22512;80.00000;20.00000;0.77482;2
232.06799; 71.61000;      -0.84595; 90.21438;80.00000;20.00000;0.77477;2
232.13699; 71.62333;      -0.84678; 90.20462;80.00000;20.00000;0.77472;2
232.20200; 71.63667;      -0.84778; 90.19778;80.00000;20.00000;0.77468;2
232.28700; 71.65000;      -0.84804; 90.18802;80.00000;20.00000;0.77462;2
232.34599; 71.66333;      -0.84828; 90.17045;80.00000;20.00000;0.77458;2
232.41299; 71.67667;      -0.84938; 90.16557;80.00000;20.00000;0.77454;2
232.47501; 71.69000;      -0.84933; 90.15678;80.00000;20.00000;0.77450;2
232.54300; 71.70333;      -0.85015; 90.14702;80.00000;20.00000;0.77445;2
232.61900; 71.71667;      -0.85021; 90.14311;80.00000;20.00000;0.77440;2
232.67400; 71.73000;      -0.85102; 90.12749;80.00000;20.00000;0.77436;2
232.73399; 71.74333;      -0.85145; 90.11773;80.00000;20.00000;0.77432;2
232.81100; 71.75667;      -0.85170; 90.10504;80.00000;20.00000;0.77427;2
232.88000; 71.77000;      -0.85185; 90.08942;80.00000;20.00000;0.77422;2
232.93700; 71.78333;      -0.85227; 90.08649;80.00000;20.00000;0.77418;2
233.01401; 71.79667;      -0.85252; 90.07868;80.00000;20.00000;0.77413;2
233.08000; 71.81000;      -0.85324; 90.06794;80.00000;20.00000;0.77409;2
233.13499; 71.82333;      -0.85357; 90.05818;80.00000;20.00000;0.77405;2
233.20200; 71.83667;      -0.85439; 90.04842;80.00000;20.00000;0.77400;2
233.26601; 71.85000;      -0.85502; 90.03671;80.00000;20.00000;0.77396;2
233.33400; 71.86333;      -0.85488; 90.01523;80.00000;20.00000;0.77392;2
233.41299; 71.87667;      -0.85676; 90.01035;80.00000;20.00000;0.77386;2
233.46899; 71.89000;      -0.85652; 90.00840;80.00000;20.00000;0.77382;2
233.52901; 71.90333;      -0.85627; 90.00059;80.00000;20.00000;0.77378;2
233.60600; 71.91667;      -0.85595; 89.99180;80.00000;20.00000;0.77373;2
233.66200; 71.93000;      -0.85618; 89.98204;80.00000;20.00000;0.77369;2
233.73700; 71.94333;      -0.85720; 89.97032;80.00000;20.00000;0.77364;2
233.79500; 71.95667;      -0.85801; 89.96251;80.00000;20.00000;0.77360;2
233.86900; 71.97000;      -0.85826; 89.95177;80.00000;20.00000;0.77355;2
233.93700; 71.98333;      -0.85956; 89.94201;80.00000;20.00000;0.77351;2
234.00600; 71.99667;      -0.86048; 89.92932;80.00000;20.00000;0.77346;2
234.06599; 72.01000;      -0.86101; 89.91468;80.00000;20.00000;0.77342;2
234.14101; 72.02333;      -0.86078; 89.91273;80.00000;20.00000;0.77337;2
234.20100; 72.03667;      -0.86072; 89.90492;80.00000;20.00000;0.77333;2
234.27800; 72.05000;      -0.86126; 89.89613;80.00000;20.00000;0.77328;2
234.34500; 72.06333;      -0.86141; 89.88734;80.00000;20.00000;0.77323;2
234.40401; 72.07667;      -0.86309; 89.87563;80.00000;20.00000;0.77319;2
234.47301; 72.09000;      -0.86286; 89.85513;80.00000;20.00000;0.77315;2
234.54401; 72.10333;      -0.86378; 89.84537;80.00000;20.00000;0.77310;2
234.60699; 72.11667;      -0.86411; 89.84341;80.00000;20.00000;0.77306;2
234.67900; 72.13000;      -0.86503; 89.83170;80.00000;20.00000;0.77301;2
234.73300; 72.14333;      -0.86546; 89.82096;80.00000;20.00000;0.77297;2
234.80600; 72.15667;      -0.86552; 89.81413;80.00000;20.00000;0.77292;2
234.87700; 72.17000;      -0.86595; 89.80827;80.00000;20.00000;0.77287;2
234.93401; 72.18333;      -0.86609; 89.80144;80.00000;20.00000;0.77284;2
235.00500; 72.19667;      -0.86615; 89.78679;80.00000;20.00000;0.77279;2
235.08200; 72.21000;      -0.86649; 89.77996;80.00000;20.00000;0.77274;2
235.12801; 72.22333;      -0.86643; 89.77313;80.00000;20.00000;0.77271;2
235.19600; 72.23667;      -0.86764; 89.76434;80.00000;20.00000;0.77266;2
235.26601; 72.25000;      -0.86789; 89.76044;80.00000;20.00000;0.77261;2
235.34300; 72.26333;      -0.86872; 89.74579;80.00000;20.00000;0.77256;2
235.39600; 72.27667;      -0.86914; 89.73505;80.00000;20.00000;0.77252;2
235.48000; 72.29000;      -0.86921; 89.72529;80.00000;20.00000;0.77247;2
235.53600; 72.30333;      -0.86963; 89.71260;80.00000;20.00000;0.77243;2
235.60800; 72.31667;      -0.86988; 89.69796;80.00000;20.00000;0.77238;2
235.67799; 72.33000;      -0.87022; 89.69405;80.00000;20.00000;0.77233;2
235.73199; 72.34333;      -0.87094; 89.68429;80.00000;20.00000;0.77230;2
235.81400; 72.35667;      -0.87197; 89.67453;80.00000;20.00000;0.77224;2
235.86800; 72.37000;      -0.87133; 89.66769;80.00000;20.00000;0.77221;2
235.94600; 72.38333;      -0.87139; 89.64524;80.00000;20.00000;0.77215;2
236.01199; 72.39667;      -0.87202; 89.63841;80.00000;20.00000;0.77211;2
236.07001; 72.41000;      -0.87274; 89.63255;80.00000;20.00000;0.77207;2
236.14101; 72.42333;      -0.87299; 89.62669;80.00000;20.00000;0.77202;2
236.20399; 72.43667;      -0.87342; 89.62377;80.00000;20.00000;0.77198;2
236.25999; 72.45000;      -0.87395; 89.61888;80.00000;20.00000;0.77194;2
236.33200; 72.46333;      -0.87448; 89.61010;80.00000;20.00000;0.77189;2
236.39900; 72.47667;      -0.87521; 89.59741;80.00000;20.00000;0.77185;2
236.46899; 72.49000;      -0.87546; 89.58960;80.00000;20.00000;0.77180;2
236.53900; 72.50333;      -0.87541; 89.57300;80.00000;20.00000;0.77175;2
236.60001; 72.51667;      -0.87536; 89.56129;80.00000;20.00000;0.77171;2
236.65199; 72.53000;      -0.87569; 89.56129;80.00000;20.00000;0.77168;2
236.72701; 72.54333;      -0.87585; 89.54762;80.00000;20.00000;0.77163;2
236.79300; 72.55667;      -0.87706; 89.53981;80.00000;20.00000;0.77158;2
236.86600; 72.57000;      -0.87769; 89.53102;80.00000;20.00000;0.77153;2
236.93100; 72.58333;      -0.87813; 89.52224;80.00000;20.00000;0.77149;2
236.99400; 72.59667;      -0.87818; 89.50759;80.00000;20.00000;0.77145;2
237.06400; 72.61000;      -0.87794; 89.49198;80.00000;20.00000;0.77140;2
237.12300; 72.62333;      -0.87885; 89.49002;80.00000;20.00000;0.77136;2
237.19400; 72.63667;      -0.87920; 89.47733;80.00000;20.00000;0.77131;2
237.26900; 72.65000;      -0.87925; 89.46464;80.00000;20.00000;0.77126;2
237.33000; 72.66333;      -0.87969; 89.44805;80.00000;20.00000;0.77122;2
237.39600; 72.67667;      -0.88051; 89.43731;80.00000;20.00000;0.77118;2
237.46201; 72.69000;      -0.88085; 89.43340;80.00000;20.00000;0.77113;2
237.52901; 72.70333;      -0.88090; 89.42462;80.00000;20.00000;0.77109;2
237.59700; 72.71667;      -0.88163; 89.41290;80.00000;20.00000;0.77104;2
237.65800; 72.73000;      -0.88206; 89.39923;80.00000;20.00000;0.77100;2
237.72800; 72.74333;      -0.88222; 89.38557;80.00000;20.00000;0.77095;2
237.78900; 72.75667;      -0.88284; 89.36214;80.00000;20.00000;0.77091;2
237.86600; 72.77000;      -0.88348; 89.35823;80.00000;20.00000;0.77086;2
237.92400; 72.78333;      -0.88440; 89.34066;80.00000;20.00000;0.77082;2
237.99300; 72.79667;      -0.88426; 89.32016;80.00000;20.00000;0.77078;2
238.06100; 72.81000;      -0.88411; 89.31040;80.00000;20.00000;0.77073;2
238.12601; 72.82333;      -0.88436; 89.28892;80.00000;20.00000;0.77069;2
238.19901; 72.83667;      -0.88548; 89.27818;80.00000;20.00000;0.77064;2
238.25101; 72.85000;      -0.88629; 89.26842;80.00000;20.00000;0.77060;2
238.33099; 72.86333;      -0.88616; 89.25671;80.00000;20.00000;0.77055;2
238.39900; 72.87667;      -0.88660; 89.24304;80.00000;20.00000;0.77050;2
238.46800; 72.89000;      -0.88675; 89.22840;80.00000;20.00000;0.77046;2
238.53500; 72.90333;      -0.88699; 89.21180;80.00000;20.00000;0.77041;2
238.59801; 72.91667;      -0.88743; 89.19911;80.00000;20.00000;0.77037;2
238.66901; 72.93000;      -0.88768; 89.18837;80.00000;20.00000;0.77032;2
238.73000; 72.94333;      -0.88714; 89.17470;80.00000;20.00000;0.77028;2
238.81400; 72.95667;      -0.88798; 89.14835;80.00000;20.00000;0.77022;2
238.87300; 72.97000;      -0.88900; 89.14639;80.00000;20.00000;0.77019;2
238.93201; 72.98333;      -0.89001; 89.13370;80.00000;20.00000;0.77015;2
239.00400; 72.99667;      -0.88987; 89.12004;80.00000;20.00000;0.77010;2
239.06500; 73.01000;      -0.89079; 89.11125;80.00000;20.00000;0.77006;2
239.12900; 73.02333;      -0.89094; 89.10149;80.00000;20.00000;0.77001;2
239.20399; 73.03667;      -0.89080; 89.08392;80.00000;20.00000;0.76996;2
239.26500; 73.05000;      -0.89143; 89.07611;80.00000;20.00000;0.76992;2
239.32600; 73.06333;      -0.89157; 89.06732;80.00000;20.00000;0.76988;2
239.39200; 73.07667;      -0.89211; 89.05268;80.00000;20.00000;0.76984;2
239.46500; 73.09000;      -0.89245; 89.04096;80.00000;20.00000;0.76979;2
239.52400; 73.10333;      -0.89289; 89.02534;80.00000;20.00000;0.76975;2
239.58600; 73.11667;      -0.89323; 89.00679;80.00000;20.00000;0.76971;2
239.65700; 73.13000;      -0.89357; 89.00484;80.00000;20.00000;0.76966;2
239.72900; 73.14333;      -0.89334; 88.98727;80.00000;20.00000;0.76961;2
239.79201; 73.15667;      -0.89435; 88.97360;80.00000;20.00000;0.76957;2
239.86600; 73.17000;      -0.89470; 88.95603;80.00000;20.00000;0.76952;2
239.92400; 73.18333;      -0.89504; 88.94627;80.00000;20.00000;0.76948;2
239.99300; 73.19667;      -0.89596; 88.93748;80.00000;20.00000;0.76943;2
240.05901; 73.21000;      -0.89640; 88.92674;80.00000;20.00000;0.76939;2
240.12700; 73.22333;      -0.89665; 88.91308;80.00000;20.00000;0.76934;2
240.19400; 73.23667;      -0.89651; 88.89941;80.00000;20.00000;0.76930;2
240.24899; 73.25000;      -0.89665; 88.88281;80.00000;20.00000;0.76926;2
240.31700; 73.26333;      -0.89748; 88.86817;80.00000;20.00000;0.76922;2
240.38100; 73.27667;      -0.89753; 88.86524;80.00000;20.00000;0.76917;2
240.45700; 73.29000;      -0.89817; 88.85060;80.00000;20.00000;0.76912;2
240.51300; 73.30333;      -0.89821; 88.84669;80.00000;20.00000;0.76908;2
240.58900; 73.31667;      -0.89904; 88.83986;80.00000;20.00000;0.76903;2
240.66499; 73.33000;      -0.89968; 88.82034;80.00000;20.00000;0.76898;2
240.72000; 73.34333;      -0.90050; 88.81546;80.00000;20.00000;0.76895;2
240.79300; 73.35667;      -0.90124; 88.80569;80.00000;20.00000;0.76890;2
240.84500; 73.37000;      -0.90109; 88.79300;80.00000;20.00000;0.76886;2
240.92101; 73.38333;      -0.90163; 88.78226;80.00000;20.00000;0.76881;2
240.98199; 73.39667;      -0.90168; 88.76957;80.00000;20.00000;0.76877;2
241.05701; 73.41000;      -0.90212; 88.75200;80.00000;20.00000;0.76872;2
241.12500; 73.42333;      -0.90266; 88.74126;80.00000;20.00000;0.76867;2
241.19600; 73.43667;      -0.90340; 88.73150;80.00000;20.00000;0.76863;2
241.25900; 73.45000;      -0.90364; 88.71588;80.00000;20.00000;0.76858;2
241.33400; 73.46333;      -0.90428; 88.70124;80.00000;20.00000;0.76853;2
241.39301; 73.47667;      -0.90491; 88.68464;80.00000;20.00000;0.76849;2
241.46001; 73.49000;      -0.90554; 88.67195;80.00000;20.00000;0.76845;2
241.52600; 73.50333;      -0.90569; 88.66121;80.00000;20.00000;0.76840;2
241.58800; 73.51667;      -0.90574; 88.64364;80.00000;20.00000;0.76836;2
241.66400; 73.53000;      -0.90561; 88.62802;80.00000;20.00000;0.76831;2
241.72400; 73.54333;      -0.90604; 88.62607;80.00000;20.00000;0.76827;2
241.78500; 73.55667;      -0.90638; 88.61338;80.00000;20.00000;0.76823;2
241.85100; 73.57000;      -0.90740; 88.60069;80.00000;20.00000;0.76819;2
241.91701; 73.58333;      -0.90765; 88.58800;80.00000;20.00000;0.76814;2
241.98300; 73.59667;      -0.90819; 88.57531;80.00000;20.00000;0.76810;2
242.06400; 73.61000;      -0.90893; 88.55578;80.00000;20.00000;0.76804;2
242.12199; 73.62333;      -0.90898; 88.54895;80.00000;20.00000;0.76801;2
242.17799; 73.63667;      -0.90931; 88.53528;80.00000;20.00000;0.76797;2
242.25200; 73.65000;      -0.91005; 88.51868;80.00000;20.00000;0.76792;2
242.31000; 73.66333;      -0.91029; 88.50599;80.00000;20.00000;0.76788;2
242.38600; 73.67667;      -0.91054; 88.49526;80.00000;20.00000;0.76783;2
242.45300; 73.69000;      -0.91108; 88.48354;80.00000;20.00000;0.76778;2
242.51601; 73.70333;      -0.91210; 88.47280;80.00000;20.00000;0.76774;2
242.58800; 73.71667;      -0.91284; 88.45718;80.00000;20.00000;0.76769;2
242.65100; 73.73000;      -0.91347; 88.44156;80.00000;20.00000;0.76765;2
242.71800; 73.74333;      -0.91323; 88.43863;80.00000;20.00000;0.76761;2
242.78799; 73.75667;      -0.91348; 88.41911;80.00000;20.00000;0.76756;2
242.85300; 73.77000;      -0.91460; 88.40349;80.00000;20.00000;0.76752;2
242.92300; 73.78333;      -0.91456; 88.38397;80.00000;20.00000;0.76747;2
242.98399; 73.79667;      -0.91558; 88.38104;80.00000;20.00000;0.76743;2
243.05200; 73.81000;      -0.91592; 88.36347;80.00000;20.00000;0.76738;2
243.11800; 73.82333;      -0.91675; 88.35078;80.00000;20.00000;0.76734;2
243.18500; 73.83667;      -0.91739; 88.33125;80.00000;20.00000;0.76729;2
243.25200; 73.85000;      -0.91764; 88.32246;80.00000;20.00000;0.76725;2
243.33000; 73.86333;      -0.91780; 88.30977;80.00000;20.00000;0.76720;2
243.38699; 73.87667;      -0.91736; 88.30099;80.00000;20.00000;0.76716;2
243.44800; 73.89000;      -0.91809; 88.27853;80.00000;20.00000;0.76712;2
243.52499; 73.90333;      -0.91824; 88.25803;80.00000;20.00000;0.76707;2
243.58501; 73.91667;      -0.91868; 88.25511;80.00000;20.00000;0.76703;2
243.64500; 73.93000;      -0.91970; 88.23656;80.00000;20.00000;0.76699;2
243.71100; 73.94333;      -0.92004; 88.22387;80.00000;20.00000;0.76694;2
243.77299; 73.95667;      -0.92019; 88.20922;80.00000;20.00000;0.76690;2
243.84100; 73.97000;      -0.92083; 88.19165;80.00000;20.00000;0.76685;2
243.91200; 73.98333;      -0.92118; 88.17798;80.00000;20.00000;0.76681;2
243.99001; 73.99667;      -0.92173; 88.16529;80.00000;20.00000;0.76675;2
244.05099; 74.01000;      -0.92177; 88.14382;80.00000;20.00000;0.76671;2
244.12500; 74.02333;      -0.92213; 88.13113;80.00000;20.00000;0.76666;2
244.18201; 74.03667;      -0.92227; 88.12136;80.00000;20.00000;0.76663;2
244.25000; 74.05000;      -0.92261; 88.10672;80.00000;20.00000;0.76658;2
244.30800; 74.06333;      -0.92315; 88.09403;80.00000;20.00000;0.76654;2
244.37900; 74.07667;      -0.92340; 88.07743;80.00000;20.00000;0.76649;2
244.44501; 74.09000;      -0.92384; 88.06474;80.00000;20.00000;0.76645;2
244.50700; 74.10333;      -0.92467; 88.05108;80.00000;20.00000;0.76641;2
244.58600; 74.11667;      -0.92531; 88.03838;80.00000;20.00000;0.76636;2
244.64600; 74.13000;      -0.92565; 88.01886;80.00000;20.00000;0.76632;2
244.71300; 74.14333;      -0.92532; 88.01300;80.00000;20.00000;0.76627;2
244.77699; 74.15667;      -0.92595; 87.99641;80.00000;20.00000;0.76623;2
244.84300; 74.17000;      -0.92601; 87.98274;80.00000;20.00000;0.76618;2
244.90300; 74.18333;      -0.92645; 87.96614;80.00000;20.00000;0.76614;2
244.97701; 74.19667;      -0.92670; 87.94564;80.00000;20.00000;0.76610;2
245.04500; 74.21000;      -0.92724; 87.93881;80.00000;20.00000;0.76605;2
245.11099; 74.22333;      -0.92827; 87.92612;80.00000;20.00000;0.76601;2
245.16800; 74.23667;      -0.92851; 87.91148;80.00000;20.00000;0.76597;2
245.23700; 74.25000;      -0.92856; 87.89683;80.00000;20.00000;0.76592;2
245.31300; 74.26333;      -0.92882; 87.87828;80.00000;20.00000;0.76587;2
245.38100; 74.27667;      -0.92965; 87.87243;80.00000;20.00000;0.76583;2
245.44501; 74.29000;      -0.92961; 87.85486;80.00000;20.00000;0.76578;2
245.50999; 74.30333;      -0.92995; 87.84705;80.00000;20.00000;0.76574;2
245.57401; 74.31667;      -0.93039; 87.82557;80.00000;20.00000;0.76570;2
245.64101; 74.33000;      -0.93122; 87.81678;80.00000;20.00000;0.76565;2
245.70500; 74.34333;      -0.93157; 87.80312;80.00000;20.00000;0.76561;2
245.77600; 74.35667;      -0.93182; 87.78750;80.00000;20.00000;0.76556;2
245.84399; 74.37000;      -0.93256; 87.77090;80.00000;20.00000;0.76552;2
245.92200; 74.38333;      -0.93330; 87.76211;80.00000;20.00000;0.76546;2
245.98500; 74.39667;      -0.93326; 87.74942;80.00000;20.00000;0.76542;2
246.04100; 74.41000;      -0.93330; 87.73576;80.00000;20.00000;0.76538;2
246.11200; 74.42333;      -0.93346; 87.71233;80.00000;20.00000;0.76534;2
246.18500; 74.43667;      -0.93371; 87.70647;80.00000;20.00000;0.76529;2
246.24899; 74.45000;      -0.93405; 87.69280;80.00000;20.00000;0.76525;2
246.31200; 74.46333;      -0.93420; 87.67914;80.00000;20.00000;0.76520;2
246.37900; 74.47667;      -0.93484; 87.66547;80.00000;20.00000;0.76516;2
246.44400; 74.49000;      -0.93558; 87.65278;80.00000;20.00000;0.76512;2
246.50800; 74.50333;      -0.93573; 87.62740;80.00000;20.00000;0.76507;2
246.58000; 74.51667;      -0.93637; 87.62154;80.00000;20.00000;0.76502;2
246.64799; 74.53000;      -0.93720; 87.60787;80.00000;20.00000;0.76498;2
246.70700; 74.54333;      -0.93735; 87.58444;80.00000;20.00000;0.76494;2
246.77699; 74.55667;      -0.93731; 87.57468;80.00000;20.00000;0.76489;2
246.84801; 74.57000;      -0.93805; 87.56297;80.00000;20.00000;0.76485;2
246.91100; 74.58333;      -0.93820; 87.54930;80.00000;20.00000;0.76480;2
246.97900; 74.59667;      -0.93923; 87.53661;80.00000;20.00000;0.76476;2
247.04500; 74.61000;      -0.93850; 87.52392;80.00000;20.00000;0.76471;2
247.11600; 74.62333;      -0.93895; 87.50439;80.00000;20.00000;0.76467;2
247.17599; 74.63667;      -0.93929; 87.48780;80.00000;20.00000;0.76463;2
247.24699; 74.65000;      -0.93935; 87.47511;80.00000;20.00000;0.76458;2
247.30099; 74.66333;      -0.93949; 87.45656;80.00000;20.00000;0.76454;2
247.37700; 74.67667;      -0.94053; 87.43996;80.00000;20.00000;0.76449;2
247.44701; 74.69000;      -0.94127; 87.43020;80.00000;20.00000;0.76445;2
247.50800; 74.70333;      -0.94141; 87.41360;80.00000;20.00000;0.76441;2
247.57899; 74.71667;      -0.94089; 87.39115;80.00000;20.00000;0.76436;2
247.64500; 74.73000;      -0.94114; 87.38237;80.00000;20.00000;0.76431;2
247.70599; 74.74333;      -0.94206; 87.36675;80.00000;20.00000;0.76427;2
247.76300; 74.75667;      -0.94211; 87.35015;80.00000;20.00000;0.76424;2
247.83600; 74.77000;      -0.94266; 87.33844;80.00000;20.00000;0.76419;2
247.90401; 74.78333;      -0.94291; 87.31794;80.00000;20.00000;0.76414;2
247.97701; 74.79667;      -0.94385; 87.30622;80.00000;20.00000;0.76409;2
248.04201; 74.81000;      -0.94409; 87.29646;80.00000;20.00000;0.76405;2
248.11400; 74.82333;      -0.94415; 87.27693;80.00000;20.00000;0.76400;2
248.17999; 74.83667;      -0.94489; 87.26620;80.00000;20.00000;0.76396;2
248.24001; 74.85000;      -0.94475; 87.25741;80.00000;20.00000;0.76392;2
248.30800; 74.86333;      -0.94548; 87.24569;80.00000;20.00000;0.76387;2
248.37199; 74.87667;      -0.94602; 87.22812;80.00000;20.00000;0.76383;2
248.44200; 74.89000;      -0.94628; 87.21250;80.00000;20.00000;0.76378;2
248.51700; 74.90333;      -0.94702; 87.19200;80.00000;20.00000;0.76373;2
248.57300; 74.91667;      -0.94736; 87.18615;80.00000;20.00000;0.76370;2
248.64200; 74.93000;      -0.94732; 87.16955;80.00000;20.00000;0.76365;2
248.71500; 74.94333;      -0.94699; 87.14807;80.00000;20.00000;0.76360;2
248.77901; 74.95667;      -0.94812; 87.13441;80.00000;20.00000;0.76356;2
248.84000; 74.97000;      -0.94875; 87.12172;80.00000;20.00000;0.76352;2
248.91200; 74.98333;      -0.94862; 87.11000;80.00000;20.00000;0.76347;2
248.97400; 74.99667;      -0.94906; 87.08559;80.00000;20.00000;0.76343;2
249.04201; 75.01000;      -0.94950; 87.07876;80.00000;20.00000;0.76338;2
249.10500; 75.02333;      -0.94936; 87.06705;80.00000;20.00000;0.76334;2
249.17700; 75.03667;      -0.95040; 87.05436;80.00000;20.00000;0.76329;2
249.25000; 75.05000;      -0.95124; 87.03678;80.00000;20.00000;0.76325;2
249.30499; 75.06333;      -0.95158; 87.01628;80.00000;20.00000;0.76321;2
249.37399; 75.07667;      -0.95193; 87.00359;80.00000;20.00000;0.76316;2
249.44000; 75.09000;      -0.95179; 86.99383;80.00000;20.00000;0.76312;2
249.50200; 75.10333;      -0.95164; 86.98114;80.00000;20.00000;0.76308;2
249.57201; 75.11667;      -0.95199; 86.95185;80.00000;20.00000;0.76303;2
249.64200; 75.13000;      -0.95264; 86.94014;80.00000;20.00000;0.76298;2
249.69501; 75.14333;      -0.95346; 86.92159;80.00000;20.00000;0.76295;2
249.76700; 75.15667;      -0.95420; 86.89816;80.00000;20.00000;0.76290;2
249.83900; 75.17000;      -0.95397; 86.89230;80.00000;20.00000;0.76285;2
249.92200; 75.18333;      -0.95424; 86.86399;80.00000;20.00000;0.76280;2
249.97800; 75.19667;      -0.95428; 86.85618;80.00000;20.00000;0.76276;2
250.04100; 75.21000;      -0.95541; 86.83666;80.00000;20.00000;0.76272;2
250.10300; 75.22333;      -0.95546; 86.82202;80.00000;20.00000;0.76268;2
250.17599; 75.23667;      -0.95591; 86.79956;80.00000;20.00000;0.76263;2
250.24400; 75.25000;      -0.95626; 86.79566;80.00000;20.00000;0.76258;2
250.30600; 75.26333;      -0.95631; 86.77320;80.00000;20.00000;0.76254;2
250.36900; 75.27667;      -0.95705; 86.75075;80.00000;20.00000;0.76250;2
250.44099; 75.29000;      -0.95770; 86.74489;80.00000;20.00000;0.76245;2
250.49899; 75.30333;      -0.95833; 86.72439;80.00000;20.00000;0.76241;2
250.58400; 75.31667;      -0.95850; 86.70194;80.00000;20.00000;0.76236;2
250.63699; 75.33000;      -0.95835; 86.69901;80.00000;20.00000;0.76232;2
250.69701; 75.34333;      -0.95850; 86.68144;80.00000;20.00000;0.76228;2
250.75700; 75.35667;      -0.95845; 86.66582;80.00000;20.00000;0.76224;2
250.83000; 75.37000;      -0.95939; 86.64337;80.00000;20.00000;0.76219;2
250.90100; 75.38333;      -0.96004; 86.63751;80.00000;20.00000;0.76215;2
250.95599; 75.39667;      -0.96077; 86.60822;80.00000;20.00000;0.76211;2
251.03600; 75.41000;      -0.96132; 86.60237;80.00000;20.00000;0.76206;2
251.09300; 75.42333;      -0.96078; 86.58479;80.00000;20.00000;0.76202;2
251.16499; 75.43667;      -0.96114; 86.57210;80.00000;20.00000;0.76197;2
251.23399; 75.45000;      -0.96139; 86.55941;80.00000;20.00000;0.76193;2
251.31000; 75.46333;      -0.96282; 86.53696;80.00000;20.00000;0.76188;2
251.36600; 75.47667;      -0.96346; 86.52720;80.00000;20.00000;0.76184;2
251.42900; 75.49000;      -0.96302; 86.51548;80.00000;20.00000;0.76180;2
251.50800; 75.50333;      -0.96377; 86.50377;80.00000;20.00000;0.76174;2
251.57100; 75.51667;      -0.96392; 86.47351;80.00000;20.00000;0.76170;2
251.63100; 75.53000;      -0.96446; 86.46765;80.00000;20.00000;0.76166;2
251.71201; 75.54333;      -0.96531; 86.45008;80.00000;20.00000;0.76161;2
251.76900; 75.55667;      -0.96565; 86.42567;80.00000;20.00000;0.76157;2
251.83099; 75.57000;      -0.96531; 86.41981;80.00000;20.00000;0.76153;2
251.89200; 75.58333;      -0.96585; 86.39248;80.00000;20.00000;0.76149;2
251.97099; 75.59667;      -0.96621; 86.37979;80.00000;20.00000;0.76144;2
252.03700; 75.61000;      -0.96676; 86.36710;80.00000;20.00000;0.76139;2
252.09700; 75.62333;      -0.96710; 86.34464;80.00000;20.00000;0.76135;2
252.16400; 75.63667;      -0.96823; 86.33195;80.00000;20.00000;0.76131;2
252.24001; 75.65000;      -0.96830; 86.31829;80.00000;20.00000;0.76126;2
252.30000; 75.66333;      -0.96855; 86.29681;80.00000;20.00000;0.76122;2
252.36099; 75.67667;      -0.96928; 86.28705;80.00000;20.00000;0.76118;2
252.42500; 75.69000;      -0.96924; 86.27143;80.00000;20.00000;0.76113;2
252.50500; 75.70333;      -0.96891; 86.24800;80.00000;20.00000;0.76108;2
252.56599; 75.71667;      -0.96965; 86.23921;80.00000;20.00000;0.76104;2
252.64200; 75.73000;      -0.97001; 86.22262;80.00000;20.00000;0.76099;2
252.69501; 75.74333;      -0.97054; 86.20016;80.00000;20.00000;0.76096;2
252.75800; 75.75667;      -0.97089; 86.18259;80.00000;20.00000;0.76091;2
252.82201; 75.77000;      -0.97124; 86.16795;80.00000;20.00000;0.76087;2
252.90900; 75.78333;      -0.97151; 86.14550;80.00000;20.00000;0.76081;2
252.95799; 75.79667;      -0.97174; 86.13183;80.00000;20.00000;0.76078;2
253.03300; 75.81000;      -0.97210; 86.11523;80.00000;20.00000;0.76073;2
253.11000; 75.82333;      -0.97236; 86.09278;80.00000;20.00000;0.76068;2
253.17101; 75.83667;      -0.97290; 86.08204;80.00000;20.00000;0.76064;2
253.22800; 75.85000;      -0.97354; 86.06349;80.00000;20.00000;0.76060;2
253.29500; 75.86333;      -0.97321; 86.04202;80.00000;20.00000;0.76056;2
253.36099; 75.87667;      -0.97336; 86.02249;80.00000;20.00000;0.76051;2
253.43401; 75.89000;      -0.97469; 86.00785;80.00000;20.00000;0.76047;2
253.49300; 75.90333;      -0.97465; 85.99125;80.00000;20.00000;0.76043;2
253.56400; 75.91667;      -0.97539; 85.97173;80.00000;20.00000;0.76038;2
253.62601; 75.93000;      -0.97545; 85.96490;80.00000;20.00000;0.76034;2
253.69600; 75.94333;      -0.97570; 85.94342;80.00000;20.00000;0.76029;2
253.76500; 75.95667;      -0.97605; 85.92389;80.00000;20.00000;0.76025;2
253.83501; 75.97000;      -0.97699; 85.91608;80.00000;20.00000;0.76020;2
253.88300; 75.98333;      -0.97723; 85.88680;80.00000;20.00000;0.76017;2
253.96500; 75.99667;      -0.97750; 85.88094;80.00000;20.00000;0.76011;2
254.03700; 76.01000;      -0.97736; 85.86434;80.00000;20.00000;0.76007;2
254.09500; 76.02333;      -0.97820; 85.83896;80.00000;20.00000;0.76003;2
254.15401; 76.03667;      -0.97844; 85.83311;80.00000;20.00000;0.75999;2
254.23500; 76.05000;      -0.97871; 85.81651;80.00000;20.00000;0.75993;2
254.29700; 76.06333;      -0.97905; 85.80382;80.00000;20.00000;0.75989;2
254.36800; 76.07667;      -0.97941; 85.78234;80.00000;20.00000;0.75985;2
254.42900; 76.09000;      -0.98034; 85.77063;80.00000;20.00000;0.75981;2
254.49800; 76.10333;      -0.98011; 85.75696;80.00000;20.00000;0.75976;2
254.55600; 76.11667;      -0.98035; 85.73451;80.00000;20.00000;0.75972;2
254.62000; 76.13000;      -0.98031; 85.72084;80.00000;20.00000;0.75968;2
254.69299; 76.14333;      -0.98086; 85.70522;80.00000;20.00000;0.75963;2
254.76199; 76.15667;      -0.98151; 85.68082;80.00000;20.00000;0.75959;2
254.82001; 76.17000;      -0.98215; 85.67008;80.00000;20.00000;0.75955;2
254.89200; 76.18333;      -0.98280; 85.65348;80.00000;20.00000;0.75950;2
254.96700; 76.19667;      -0.98326; 85.62810;80.00000;20.00000;0.75945;2
255.02699; 76.21000;      -0.98380; 85.61834;80.00000;20.00000;0.75941;2
255.09000; 76.22333;      -0.98395; 85.59881;80.00000;20.00000;0.75937;2
255.15800; 76.23667;      -0.98401; 85.57831;80.00000;20.00000;0.75932;2
255.22701; 76.25000;      -0.98466; 85.56269;80.00000;20.00000;0.75928;2
255.28799; 76.26333;      -0.98422; 85.53926;80.00000;20.00000;0.75924;2
255.35800; 76.27667;      -0.98487; 85.52755;80.00000;20.00000;0.75919;2
255.42300; 76.29000;      -0.98551; 85.50998;80.00000;20.00000;0.75915;2
255.49300; 76.30333;      -0.98586; 85.49436;80.00000;20.00000;0.75910;2
255.55400; 76.31667;      -0.98592; 85.47386;80.00000;20.00000;0.75906;2
255.62100; 76.33000;      -0.98696; 85.46214;80.00000;20.00000;0.75902;2
255.69800; 76.34333;      -0.98751; 85.43676;80.00000;20.00000;0.75897;2
255.75301; 76.35667;      -0.98785; 85.43383;80.00000;20.00000;0.75893;2
255.82401; 76.37000;      -0.98792; 85.41919;80.00000;20.00000;0.75888;2
255.89400; 76.38333;      -0.98896; 85.39869;80.00000;20.00000;0.75884;2
255.96201; 76.39667;      -0.98951; 85.38893;80.00000;20.00000;0.75879;2
256.02100; 76.41000;      -0.98985; 85.36843;80.00000;20.00000;0.75875;2
256.08600; 76.42333;      -0.98981; 85.35866;80.00000;20.00000;0.75871;2
256.15900; 76.43667;      -0.98997; 85.34207;80.00000;20.00000;0.75866;2
256.21701; 76.45000;      -0.99110; 85.31766;80.00000;20.00000;0.75862;2
256.28799; 76.46333;      -0.99136; 85.31180;80.00000;20.00000;0.75858;2
256.35599; 76.47667;      -0.99122; 85.28545;80.00000;20.00000;0.75853;2
256.41901; 76.49000;      -0.99177; 85.27276;80.00000;20.00000;0.75849;2
256.48401; 76.50333;      -0.99222; 85.25323;80.00000;20.00000;0.75845;2
256.56100; 76.51667;      -0.99228; 85.23664;80.00000;20.00000;0.75839;2
256.62799; 76.53000;      -0.99283; 85.22394;80.00000;20.00000;0.75835;2
256.68799; 76.54333;      -0.99377; 85.19368;80.00000;20.00000;0.75831;2
256.76700; 76.55667;      -0.99403; 85.18587;80.00000;20.00000;0.75826;2
256.83200; 76.57000;      -0.99537; 85.16440;80.00000;20.00000;0.75822;2
256.88400; 76.58333;      -0.99492; 85.13901;80.00000;20.00000;0.75818;2
256.95999; 76.59667;      -0.99449; 85.12925;80.00000;20.00000;0.75813;2
257.03101; 76.61000;      -0.99534; 85.11168;80.00000;20.00000;0.75808;2
257.10501; 76.62333;      -0.99580; 85.09216;80.00000;20.00000;0.75804;2
257.16000; 76.63667;      -0.99653; 85.09118;80.00000;20.00000;0.75800;2
257.23401; 76.65000;      -0.99709; 85.06677;80.00000;20.00000;0.75795;2
257.29099; 76.66333;      -0.99724; 85.05896;80.00000;20.00000;0.75791;2
257.35101; 76.67667;      -0.99719; 85.04432;80.00000;20.00000;0.75787;2
257.41299; 76.69000;      -0.99725; 85.02772;80.00000;20.00000;0.75783;2
257.49399; 76.70333;      -0.99830; 85.00820;80.00000;20.00000;0.75778;2
257.55301; 76.71667;      -0.99894; 84.99844;80.00000;20.00000;0.75774;2
257.62601; 76.73000;      -0.99930; 84.98087;80.00000;20.00000;0.75769;2
257.68701; 76.74333;      -0.99935; 84.95548;80.00000;20.00000;0.75765;2
257.75299; 76.75667;      -1.00049; 84.94963;80.00000;20.00000;0.75761;2
257.82800; 76.77000;      -1.00085; 84.92425;80.00000;20.00000;0.75756;2
257.88199; 76.78333;      -1.00060; 84.90472;80.00000;20.00000;0.75752;2
257.95001; 76.79667;      -1.00106; 84.89203;80.00000;20.00000;0.75748;2
258.01999; 76.81000;      -1.00102; 84.87739;80.00000;20.00000;0.75743;2
258.08401; 76.82333;      -1.00098; 84.85298;80.00000;20.00000;0.75739;2
258.16000; 76.83667;      -1.00252; 84.84127;80.00000;20.00000;0.75734;2
258.22198; 76.85000;      -1.00277; 84.82174;80.00000;20.00000;0.75730;2
258.28900; 76.86333;      -1.00312; 84.81003;80.00000;20.00000;0.75725;2
258.35400; 76.87667;      -1.00357; 84.78757;80.00000;20.00000;0.75721;2
258.41599; 76.89000;      -1.00441; 84.76512;80.00000;20.00000;0.75717;2
258.48999; 76.90333;      -1.00448; 84.75341;80.00000;20.00000;0.75712;2
258.55301; 76.91667;      -1.00483; 84.73193;80.00000;20.00000;0.75708;2
258.61401; 76.93000;      -1.00528; 84.71729;80.00000;20.00000;0.75704;2
258.68799; 76.94333;      -1.00573; 84.70460;80.00000;20.00000;0.75699;2
258.75601; 76.95667;      -1.00638; 84.68312;80.00000;20.00000;0.75695;2
258.81900; 76.97000;      -1.00703; 84.66848;80.00000;20.00000;0.75690;2
258.88400; 76.98333;      -1.00719; 84.65188;80.00000;20.00000;0.75686;2
258.95700; 76.99667;      -1.00794; 84.63138;80.00000;20.00000;0.75681;2
259.01099; 77.01000;      -1.00789; 84.61771;80.00000;20.00000;0.75678;2
259.08499; 77.02333;      -1.00844; 84.59526;80.00000;20.00000;0.75673;2
259.15500; 77.03667;      -1.00870; 84.58159;80.00000;20.00000;0.75668;2
259.21500; 77.05000;      -1.00964; 84.56500;80.00000;20.00000;0.75664;2
259.29199; 77.06333;      -1.01000; 84.54059;80.00000;20.00000;0.75659;2
259.36301; 77.07667;      -1.01026; 84.52888;80.00000;20.00000;0.75654;2
259.41599; 77.09000;      -1.01011; 84.50740;80.00000;20.00000;0.75651;2
259.48700; 77.10333;      -1.01077; 84.49373;80.00000;20.00000;0.75646;2
259.54599; 77.11667;      -1.01111; 84.47714;80.00000;20.00000;0.75642;2
259.62299; 77.13000;      -1.01207; 84.46347;80.00000;20.00000;0.75637;2
259.68201; 77.14333;      -1.01261; 84.44687;80.00000;20.00000;0.75633;2
259.74701; 77.15667;      -1.01326; 84.42833;80.00000;20.00000;0.75629;2
259.81699; 77.17000;      -1.01303; 84.41466;80.00000;20.00000;0.75625;2
259.87900; 77.18333;      -1.01308; 84.39709;80.00000;20.00000;0.75620;2
259.94299; 77.19667;      -1.01334; 84.37073;80.00000;20.00000;0.75616;2
260.00900; 77.21000;      -1.01458; 84.36097;80.00000;20.00000;0.75612;2
260.07800; 77.22333;      -1.01483; 84.33851;80.00000;20.00000;0.75607;2
260.14499; 77.23667;      -1.01598; 84.32875;80.00000;20.00000;0.75603;2
260.19800; 77.25000;      -1.01553; 84.31313;80.00000;20.00000;0.75599;2
260.27899; 77.26333;      -1.01600; 84.29947;80.00000;20.00000;0.75594;2
260.34000; 77.27667;      -1.01704; 84.27408;80.00000;20.00000;0.75590;2
260.41299; 77.29000;      -1.01720; 84.26823;80.00000;20.00000;0.75585;2
260.47400; 77.30333;      -1.01804; 84.24089;80.00000;20.00000;0.75581;2
260.53201; 77.31667;      -1.01888; 84.23113;80.00000;20.00000;0.75577;2
260.61301; 77.33000;      -1.01836; 84.21551;80.00000;20.00000;0.75572;2
260.67499; 77.34333;      -1.01871; 84.19501;80.00000;20.00000;0.75568;2
260.74301; 77.35667;      -1.01917; 84.17549;80.00000;20.00000;0.75564;2
260.80499; 77.37000;      -1.01991; 84.16182;80.00000;20.00000;0.75559;2
260.87500; 77.38333;      -1.02057; 84.14034;80.00000;20.00000;0.75555;2
260.94800; 77.39667;      -1.02152; 84.12375;80.00000;20.00000;0.75550;2
261.00101; 77.41000;      -1.02157; 84.10715;80.00000;20.00000;0.75547;2
261.06799; 77.42333;      -1.02212; 84.08470;80.00000;20.00000;0.75542;2
261.14499; 77.43667;      -1.02199; 84.07201;80.00000;20.00000;0.75537;2
261.21500; 77.45000;      -1.02245; 84.05346;80.00000;20.00000;0.75532;2
261.27802; 77.46333;      -1.02369; 84.03198;80.00000;20.00000;0.75528;2
261.33899; 77.47667;      -1.02433; 84.01929;80.00000;20.00000;0.75524;2
261.40500; 77.49000;      -1.02419; 83.99977;80.00000;20.00000;0.75520;2
261.47198; 77.50333;      -1.02455; 83.98024;80.00000;20.00000;0.75516;2
261.54199; 77.51667;      -1.02560; 83.96657;80.00000;20.00000;0.75511;2
261.61200; 77.53000;      -1.02684; 83.94510;80.00000;20.00000;0.75506;2
261.66599; 77.54333;      -1.02670; 83.92850;80.00000;20.00000;0.75503;2
261.73099; 77.55667;      -1.02685; 83.91191;80.00000;20.00000;0.75499;2
261.81100; 77.57000;      -1.02702; 83.88945;80.00000;20.00000;0.75493;2
261.88300; 77.58333;      -1.02748; 83.87676;80.00000;20.00000;0.75489;2
261.94199; 77.59667;      -1.02832; 83.85821;80.00000;20.00000;0.75485;2
262.01300; 77.61000;      -1.02859; 83.83674;80.00000;20.00000;0.75480;2
262.07501; 77.62333;      -1.02854; 83.82405;80.00000;20.00000;0.75476;2
262.13901; 77.63667;      -1.02949; 83.80452;80.00000;20.00000;0.75472;2
262.20499; 77.65000;      -1.02955; 83.78500;80.00000;20.00000;0.75467;2
262.27100; 77.66333;      -1.03089; 83.76743;80.00000;20.00000;0.75463;2
262.33801; 77.67667;      -1.03164; 83.74985;80.00000;20.00000;0.75459;2
262.40601; 77.69000;      -1.03180; 83.73033;80.00000;20.00000;0.75454;2
262.47800; 77.70333;      -1.03216; 83.70592;80.00000;20.00000;0.75449;2
262.54099; 77.71667;      -1.03301; 83.69616;80.00000;20.00000;0.75445;2
262.60001; 77.73000;      -1.03316; 83.67957;80.00000;20.00000;0.75441;2
262.67300; 77.74333;      -1.03283; 83.64833;80.00000;20.00000;0.75437;2
262.73401; 77.75667;      -1.03318; 83.64442;80.00000;20.00000;0.75433;2
262.80200; 77.77000;      -1.03383; 83.62685;80.00000;20.00000;0.75428;2
262.86099; 77.78333;      -1.03438; 83.59952;80.00000;20.00000;0.75424;2
262.93399; 77.79667;      -1.03504; 83.58878;80.00000;20.00000;0.75419;2
262.99500; 77.81000;      -1.03549; 83.56437;80.00000;20.00000;0.75415;2
263.07001; 77.82333;      -1.03576; 83.55266;80.00000;20.00000;0.75410;2
263.12900; 77.83667;      -1.03640; 83.53118;80.00000;20.00000;0.75407;2
263.19400; 77.85000;      -1.03626; 83.51849;80.00000;20.00000;0.75402;2
263.27399; 77.86333;      -1.03693; 83.50482;80.00000;20.00000;0.75397;2
263.33200; 77.87667;      -1.03728; 83.48237;80.00000;20.00000;0.75393;2
263.39999; 77.89000;      -1.03783; 83.46870;80.00000;20.00000;0.75389;2
263.46799; 77.90333;      -1.03789; 83.45211;80.00000;20.00000;0.75384;2
263.52802; 77.91667;      -1.03933; 83.42770;80.00000;20.00000;0.75380;2
263.60199; 77.93000;      -1.03999; 83.41989;80.00000;20.00000;0.75376;2
263.66599; 77.94333;      -1.04034; 83.39549;80.00000;20.00000;0.75371;2
263.73001; 77.95667;      -1.04070; 83.38182;80.00000;20.00000;0.75367;2
263.80499; 77.97000;      -1.04077; 83.37206;80.00000;20.00000;0.75362;2
263.87000; 77.98333;      -1.04083; 83.35351;80.00000;20.00000;0.75358;2
263.92899; 77.99667;      -1.04167; 83.32520;80.00000;20.00000;0.75354;2
263.99701; 78.01000;      -1.04213; 83.31934;80.00000;20.00000;0.75350;2
264.06601; 78.02333;      -1.04348; 83.30177;80.00000;20.00000;0.75345;2
264.12799; 78.03667;      -1.04393; 83.27639;80.00000;20.00000;0.75341;2
264.20099; 78.05000;      -1.04469; 83.26663;80.00000;20.00000;0.75336;2
264.27399; 78.06333;      -1.04416; 83.24612;80.00000;20.00000;0.75331;2
264.33301; 78.07667;      -1.04481; 83.22562;80.00000;20.00000;0.75328;2
264.40900; 78.09000;      -1.04517; 83.21196;80.00000;20.00000;0.75323;2
264.46701; 78.10333;      -1.04532; 83.18950;80.00000;20.00000;0.75319;2
264.54099; 78.11667;      -1.04539; 83.17681;80.00000;20.00000;0.75314;2
264.60300; 78.13000;      -1.04584; 83.16315;80.00000;20.00000;0.75310;2
264.66501; 78.14333;      -1.04689; 83.14069;80.00000;20.00000;0.75306;2
264.73599; 78.15667;      -1.04715; 83.12507;80.00000;20.00000;0.75301;2
264.80399; 78.17000;      -1.04761; 83.11043;80.00000;20.00000;0.75297;2
264.87701; 78.18333;      -1.04847; 83.08310;80.00000;20.00000;0.75292;2
264.93201; 78.19667;      -1.04812; 83.06748;80.00000;20.00000;0.75288;2
265.00601; 78.21000;      -1.04878; 83.04405;80.00000;20.00000;0.75283;2
265.07599; 78.22333;      -1.04914; 83.03819;80.00000;20.00000;0.75279;2
265.13699; 78.23667;      -1.04969; 83.02062;80.00000;20.00000;0.75275;2
265.20099; 78.25000;      -1.04965; 83.00793;80.00000;20.00000;0.75271;2
265.25900; 78.26333;      -1.05020; 82.99426;80.00000;20.00000;0.75267;2
265.32999; 78.27667;      -1.05135; 82.97474;80.00000;20.00000;0.75262;2
265.40201; 78.29000;      -1.05191; 82.96204;80.00000;20.00000;0.75257;2
265.45801; 78.30333;      -1.05207; 82.94935;80.00000;20.00000;0.75254;2
265.53201; 78.31667;      -1.05203; 82.92983;80.00000;20.00000;0.75249;2
265.59500; 78.33000;      -1.05239; 82.91323;80.00000;20.00000;0.75245;2
265.66000; 78.34333;      -1.05294; 82.90347;80.00000;20.00000;0.75241;2
265.72601; 78.35667;      -1.05380; 82.88102;80.00000;20.00000;0.75236;2
265.79300; 78.37000;      -1.05396; 82.86442;80.00000;20.00000;0.75232;2
265.86401; 78.38333;      -1.05422; 82.85466;80.00000;20.00000;0.75227;2
265.92599; 78.39667;      -1.05477; 82.83806;80.00000;20.00000;0.75223;2
265.99200; 78.41000;      -1.05483; 82.81659;80.00000;20.00000;0.75219;2
266.05701; 78.42333;      -1.05519; 82.80683;80.00000;20.00000;0.75215;2
266.11899; 78.43667;      -1.05614; 82.79706;80.00000;20.00000;0.75210;2
266.19400; 78.45000;      -1.05710; 82.77461;80.00000;20.00000;0.75206;2
266.26099; 78.46333;      -1.05706; 82.75801;80.00000;20.00000;0.75201;2
266.32401; 78.47667;      -1.05742; 82.74825;80.00000;20.00000;0.75197;2
266.38800; 78.49000;      -1.05797; 82.72580;80.00000;20.00000;0.75193;2
266.45999; 78.50333;      -1.05893; 82.70920;80.00000;20.00000;0.75188;2
266.52802; 78.51667;      -1.05899; 82.69944;80.00000;20.00000;0.75184;2
266.58701; 78.53000;      -1.05914; 82.68285;80.00000;20.00000;0.75180;2
266.66000; 78.54333;      -1.06010; 82.66039;80.00000;20.00000;0.75175;2
266.71399; 78.55667;      -1.06094; 82.65063;80.00000;20.00000;0.75171;2
266.79800; 78.57000;      -1.06053; 82.63501;80.00000;20.00000;0.75166;2
266.85199; 78.58333;      -1.06117; 82.61256;80.00000;20.00000;0.75162;2
266.92300; 78.59667;      -1.06183; 82.60084;80.00000;20.00000;0.75158;2
266.98700; 78.61000;      -1.06189; 82.58522;80.00000;20.00000;0.75154;2
267.06400; 78.62333;      -1.06295; 82.56082;80.00000;20.00000;0.75149;2
267.12201; 78.63667;      -1.06340; 82.54422;80.00000;20.00000;0.75145;2
267.19299; 78.65000;      -1.06446; 82.52177;80.00000;20.00000;0.75140;2
267.26401; 78.66333;      -1.06472; 82.50615;80.00000;20.00000;0.75135;2
267.32700; 78.67667;      -1.06449; 82.49541;80.00000;20.00000;0.75131;2
267.40100; 78.69000;      -1.06465; 82.47491;80.00000;20.00000;0.75127;2
267.46201; 78.70333;      -1.06491; 82.46320;80.00000;20.00000;0.75123;2
267.52399; 78.71667;      -1.06586; 82.45051;80.00000;20.00000;0.75118;2
267.59000; 78.73000;      -1.06651; 82.42903;80.00000;20.00000;0.75114;2
267.64899; 78.74333;      -1.06677; 82.41634;80.00000;20.00000;0.75110;2
267.72699; 78.75667;      -1.06753; 82.40365;80.00000;20.00000;0.75105;2
267.78201; 78.77000;      -1.06828; 82.38315;80.00000;20.00000;0.75102;2
267.86301; 78.78333;      -1.06786; 82.37241;80.00000;20.00000;0.75096;2
267.92801; 78.79667;      -1.06792; 82.35776;80.00000;20.00000;0.75092;2
267.99399; 78.81000;      -1.06848; 82.33824;80.00000;20.00000;0.75088;2
268.06000; 78.82333;      -1.06893; 82.32653;80.00000;20.00000;0.75083;2
268.12701; 78.83667;      -1.06969; 82.30798;80.00000;20.00000;0.75079;2
268.19299; 78.85000;      -1.06985; 82.29431;80.00000;20.00000;0.75075;2
268.25900; 78.86333;      -1.07041; 82.27479;80.00000;20.00000;0.75070;2
268.32001; 78.87667;      -1.07156; 82.25917;80.00000;20.00000;0.75066;2
268.37900; 78.89000;      -1.07122; 82.23574;80.00000;20.00000;0.75063;2
268.44800; 78.90333;      -1.07178; 82.22500;80.00000;20.00000;0.75058;2
268.51801; 78.91667;      -1.07264; 82.20840;80.00000;20.00000;0.75053;2
268.58401; 78.93000;      -1.07329; 82.18302;80.00000;20.00000;0.75049;2
268.64801; 78.94333;      -1.07315; 82.17326;80.00000;20.00000;0.75045;2
268.71100; 78.95667;      -1.07301; 82.15666;80.00000;20.00000;0.75041;2
268.77600; 78.97000;      -1.07327; 82.13519;80.00000;20.00000;0.75037;2
268.84100; 78.98333;      -1.07373; 82.12054;80.00000;20.00000;0.75032;2
268.91501; 78.99667;      -1.07410; 82.09516;80.00000;20.00000;0.75028;2
268.98300; 79.01000;      -1.07476; 82.08540;80.00000;20.00000;0.75023;2
269.05399; 79.02333;      -1.07552; 82.06490;80.00000;20.00000;0.75018;2
269.11700; 79.03667;      -1.07598; 82.04440;80.00000;20.00000;0.75014;2
269.17999; 79.05000;      -1.07623; 82.03756;80.00000;20.00000;0.75010;2
269.25601; 79.06333;      -1.07630; 82.01609;80.00000;20.00000;0.75005;2
269.31299; 79.07667;      -1.07805; 81.99559;80.00000;20.00000;0.75002;2
269.38300; 79.09000;      -1.07811; 81.98875;80.00000;20.00000;0.74997;2
269.43799; 79.10333;      -1.07816; 81.97118;80.00000;20.00000;0.74993;2
269.52100; 79.11667;      -1.07854; 81.95849;80.00000;20.00000;0.74988;2
269.58600; 79.13000;      -1.07870; 81.94190;80.00000;20.00000;0.74984;2
269.63901; 79.14333;      -1.07944; 81.92042;80.00000;20.00000;0.74980;2
269.71301; 79.15667;      -1.07991; 81.91554;80.00000;20.00000;0.74975;2
269.77100; 79.17000;      -1.08007; 81.89992;80.00000;20.00000;0.74972;2
269.84201; 79.18333;      -1.08053; 81.88235;80.00000;20.00000;0.74967;2
269.90601; 79.19667;      -1.08099; 81.85989;80.00000;20.00000;0.74963;2
269.98199; 79.21000;      -1.08116; 81.85696;80.00000;20.00000;0.74958;2
270.04501; 79.22333;      -1.08201; 81.83939;80.00000;20.00000;0.74954;2
270.11200; 79.23667;      -1.08178; 81.82670;80.00000;20.00000;0.74949;2
270.18399; 79.25000;      -1.08294; 81.80718;80.00000;20.00000;0.74945;2
270.24701; 79.26333;      -1.08250; 81.79058;80.00000;20.00000;0.74941;2
270.31400; 79.27667;      -1.08415; 81.77789;80.00000;20.00000;0.74936;2
270.37100; 79.29000;      -1.08441; 81.75837;80.00000;20.00000;0.74932;2
270.44101; 79.30333;      -1.08408; 81.74177;80.00000;20.00000;0.74928;2
270.51599; 79.31667;      -1.08554; 81.73201;80.00000;20.00000;0.74923;2
270.57700; 79.33000;      -1.08520; 81.71053;80.00000;20.00000;0.74919;2
270.63300; 79.34333;      -1.08475; 81.68905;80.00000;20.00000;0.74915;2
270.70700; 79.35667;      -1.08612; 81.67636;80.00000;20.00000;0.74911;2
270.76599; 79.37000;      -1.08657; 81.65391;80.00000;20.00000;0.74907;2
270.82300; 79.38333;      -1.08732; 81.64122;80.00000;20.00000;0.74903;2
270.89700; 79.39667;      -1.08769; 81.62755;80.00000;20.00000;0.74898;2
270.96899; 79.41000;      -1.08835; 81.60510;80.00000;20.00000;0.74893;2
271.02899; 79.42333;      -1.08841; 81.59241;80.00000;20.00000;0.74890;2
271.10101; 79.43667;      -1.08878; 81.57288;80.00000;20.00000;0.74885;2
271.16901; 79.45000;      -1.08984; 81.55629;80.00000;20.00000;0.74880;2
271.23099; 79.46333;      -1.08999; 81.54067;80.00000;20.00000;0.74876;2
271.30499; 79.47667;      -1.09185; 81.51724;80.00000;20.00000;0.74872;2
271.36801; 79.49000;      -1.09082; 81.50553;80.00000;20.00000;0.74867;2
271.44000; 79.50333;      -1.09218; 81.48795;80.00000;20.00000;0.74863;2
271.50000; 79.51667;      -1.09234; 81.46257;80.00000;20.00000;0.74859;2
271.57700; 79.53000;      -1.09311; 81.45671;80.00000;20.00000;0.74854;2
271.64401; 79.54333;      -1.09367; 81.43914;80.00000;20.00000;0.74850;2
271.70999; 79.55667;      -1.09323; 81.41376;80.00000;20.00000;0.74845;2
271.77399; 79.57000;      -1.09310; 81.40790;80.00000;20.00000;0.74841;2
271.83801; 79.58333;      -1.09365; 81.38057;80.00000;20.00000;0.74837;2
271.90601; 79.59667;      -1.09432; 81.37081;80.00000;20.00000;0.74832;2
271.97800; 79.61000;      -1.09538; 81.35519;80.00000;20.00000;0.74828;2
272.04401; 79.62333;      -1.09574; 81.33176;80.00000;20.00000;0.74823;2
272.10901; 79.63667;      -1.09610; 81.32102;80.00000;20.00000;0.74819;2
272.17899; 79.65000;      -1.09667; 81.29661;80.00000;20.00000;0.74815;2
272.23999; 79.66333;      -1.09682; 81.28295;80.00000;20.00000;0.74811;2
272.31400; 79.67667;      -1.09819; 81.26342;80.00000;20.00000;0.74806;2
272.37900; 79.69000;      -1.09865; 81.24097;80.00000;20.00000;0.74802;2
272.44199; 79.70333;      -1.09861; 81.23316;80.00000;20.00000;0.74798;2
272.50400; 79.71667;      -1.09897; 81.20875;80.00000;20.00000;0.74794;2
272.56500; 79.73000;      -1.09943; 81.19314;80.00000;20.00000;0.74790;2
272.64099; 79.74333;      -1.09980; 81.18044;80.00000;20.00000;0.74785;2
272.70499; 79.75667;      -1.09936; 81.15897;80.00000;20.00000;0.74780;2
272.77701; 79.77000;      -1.09983; 81.14432;80.00000;20.00000;0.74776;2
272.83099; 79.78333;      -1.10008; 81.13163;80.00000;20.00000;0.74772;2
272.89700; 79.79667;      -1.10114; 81.11211;80.00000;20.00000;0.74768;2
272.97198; 79.81000;      -1.10211; 81.10332;80.00000;20.00000;0.74763;2
273.04501; 79.82333;      -1.10168; 81.07501;80.00000;20.00000;0.74758;2
273.10599; 79.83667;      -1.10144; 81.06720;80.00000;20.00000;0.74754;2
273.16699; 79.85000;      -1.10279; 81.04280;80.00000;20.00000;0.74750;2
273.24100; 79.86333;      -1.10266; 81.02913;80.00000;20.00000;0.74746;2
273.29401; 79.87667;      -1.10281; 81.02327;80.00000;20.00000;0.74742;2
273.36200; 79.89000;      -1.10348; 81.00472;80.00000;20.00000;0.74738;2
273.42801; 79.90333;      -1.10454; 80.99203;80.00000;20.00000;0.74733;2
273.48999; 79.91667;      -1.10500; 80.97544;80.00000;20.00000;0.74729;2
273.56699; 79.93000;      -1.10467; 80.96080;80.00000;20.00000;0.74724;2
273.62701; 79.94333;      -1.10563; 80.94713;80.00000;20.00000;0.74720;2
273.69601; 79.95667;      -1.10639; 80.93346;80.00000;20.00000;0.74716;2
273.76001; 79.97000;      -1.10615; 80.90906;80.00000;20.00000;0.74712;2
273.83099; 79.98333;      -1.10692; 80.90125;80.00000;20.00000;0.74707;2
273.89200; 79.99667;      -1.10777; 80.88465;80.00000;20.00000;0.74703;2
273.97101; 80.01000;      -1.10815; 80.87098;80.00000;20.00000;0.74698;2
274.03101; 80.02333;      -1.10861; 80.84560;80.00000;20.00000;0.74694;2
274.09100; 80.03667;      -1.10866; 80.83974;80.00000;20.00000;0.74690;2
274.17700; 80.05000;      -1.10965; 80.82217;80.00000;20.00000;0.74685;2
274.22400; 80.06333;      -1.11039; 80.80948;80.00000;20.00000;0.74682;2
274.29501; 80.07667;      -1.11036; 80.79484;80.00000;20.00000;0.74677;2
274.36401; 80.09000;      -1.11132; 80.77629;80.00000;20.00000;0.74673;2
274.42700; 80.10333;      -1.11218; 80.76653;80.00000;20.00000;0.74668;2
274.49701; 80.11667;      -1.11265; 80.75481;80.00000;20.00000;0.74664;2
274.56299; 80.13000;      -1.11311; 80.73529;80.00000;20.00000;0.74660;2
274.62900; 80.14333;      -1.11307; 80.71088;80.00000;20.00000;0.74655;2
274.69101; 80.15667;      -1.11333; 80.70503;80.00000;20.00000;0.74651;2
274.76999; 80.17000;      -1.11401; 80.68745;80.00000;20.00000;0.74646;2
274.82501; 80.18333;      -1.11526; 80.66207;80.00000;20.00000;0.74643;2
274.89200; 80.19667;      -1.11562; 80.65621;80.00000;20.00000;0.74638;2
274.96500; 80.21000;      -1.11570; 80.63864;80.00000;20.00000;0.74634;2
275.02301; 80.22333;      -1.11575; 80.62693;80.00000;20.00000;0.74630;2
275.10101; 80.23667;      -1.11653; 80.60936;80.00000;20.00000;0.74625;2
275.16299; 80.25000;      -1.11659; 80.60350;80.00000;20.00000;0.74621;2
275.22198; 80.26333;      -1.11714; 80.58788;80.00000;20.00000;0.74617;2
275.29401; 80.27667;      -1.11741; 80.57519;80.00000;20.00000;0.74612;2
275.36700; 80.29000;      -1.11818; 80.55957;80.00000;20.00000;0.74607;2
275.42401; 80.30333;      -1.11944; 80.54004;80.00000;20.00000;0.74604;2
275.50101; 80.31667;      -1.11961; 80.52735;80.00000;20.00000;0.74599;2
275.55899; 80.33000;      -1.12017; 80.50197;80.00000;20.00000;0.74595;2
275.63800; 80.34333;      -1.12074; 80.49611;80.00000;20.00000;0.74590;2
275.68701; 80.35667;      -1.12109; 80.47952;80.00000;20.00000;0.74587;2
275.75699; 80.37000;      -1.12186; 80.46390;80.00000;20.00000;0.74582;2
275.81900; 80.38333;      -1.12242; 80.44340;80.00000;20.00000;0.74578;2
275.88501; 80.39667;      -1.12288; 80.43071;80.00000;20.00000;0.74574;2
275.95999; 80.41000;      -1.12275; 80.41509;80.00000;20.00000;0.74569;2
276.03201; 80.42333;      -1.12312; 80.39264;80.00000;20.00000;0.74564;2
276.09299; 80.43667;      -1.12408; 80.38775;80.00000;20.00000;0.74560;2
276.16199; 80.45000;      -1.12415; 80.37409;80.00000;20.00000;0.74556;2
276.22400; 80.46333;      -1.12451; 80.34773;80.00000;20.00000;0.74552;2
276.29401; 80.47667;      -1.12518; 80.34187;80.00000;20.00000;0.74547;2
276.35800; 80.49000;      -1.12514; 80.32820;80.00000;20.00000;0.74543;2
276.42700; 80.50333;      -1.12521; 80.31551;80.00000;20.00000;0.74539;2
276.48801; 80.51667;      -1.12617; 80.30282;80.00000;20.00000;0.74535;2
276.56100; 80.53000;      -1.12644; 80.28916;80.00000;20.00000;0.74530;2
276.62799; 80.54333;      -1.12660; 80.26963;80.00000;20.00000;0.74526;2
276.68201; 80.55667;      -1.12686; 80.26085;80.00000;20.00000;0.74522;2
276.76501; 80.57000;      -1.12724; 80.24327;80.00000;20.00000;0.74517;2
276.82001; 80.58333;      -1.12819; 80.22961;80.00000;20.00000;0.74513;2
276.89499; 80.59667;      -1.12887; 80.20911;80.00000;20.00000;0.74508;2
276.96100; 80.61000;      -1.12883; 80.20227;80.00000;20.00000;0.74504;2
277.01999; 80.62333;      -1.12939; 80.18958;80.00000;20.00000;0.74500;2
277.09000; 80.63667;      -1.12966; 80.17201;80.00000;20.00000;0.74496;2
277.16000; 80.65000;      -1.13073; 80.14858;80.00000;20.00000;0.74491;2
277.22101; 80.66333;      -1.13129; 80.14077;80.00000;20.00000;0.74487;2
277.28400; 80.67667;      -1.13165; 80.12418;80.00000;20.00000;0.74483;2
277.35800; 80.69000;      -1.13172; 80.11051;80.00000;20.00000;0.74478;2
277.41400; 80.70333;      -1.13208; 80.09294;80.00000;20.00000;0.74475;2
277.48499; 80.71667;      -1.13285; 80.07927;80.00000;20.00000;0.74470;2
277.55701; 80.73000;      -1.13312; 80.06658;80.00000;20.00000;0.74465;2
277.62500; 80.74333;      -1.13368; 80.05291;80.00000;20.00000;0.74461;2
277.68500; 80.75667;      -1.13434; 80.02948;80.00000;20.00000;0.74457;2
277.76501; 80.77000;      -1.13442; 80.01777;80.00000;20.00000;0.74452;2
277.81699; 80.78333;      -1.13497; 80.00800;80.00000;20.00000;0.74449;2
277.88400; 80.79667;      -1.13484; 79.98458;80.00000;20.00000;0.74444;2
277.94400; 80.81000;      -1.13540; 79.97677;80.00000;20.00000;0.74440;2
278.01801; 80.82333;      -1.13657; 79.96017;80.00000;20.00000;0.74436;2
278.09100; 80.83667;      -1.13734; 79.94650;80.00000;20.00000;0.74431;2
278.14899; 80.85000;      -1.13740; 79.92112;80.00000;20.00000;0.74427;2
278.22601; 80.86333;      -1.13858; 79.91917;80.00000;20.00000;0.74422;2
278.28601; 80.87667;      -1.13844; 79.90257;80.00000;20.00000;0.74418;2
278.35400; 80.89000;      -1.13871; 79.88891;80.00000;20.00000;0.74414;2
278.42200; 80.90333;      -1.13907; 79.87622;80.00000;20.00000;0.74409;2
278.48700; 80.91667;      -1.13894; 79.85474;80.00000;20.00000;0.74405;2
278.55600; 80.93000;      -1.13951; 79.84205;80.00000;20.00000;0.74401;2
278.61801; 80.94333;      -1.14047; 79.83326;80.00000;20.00000;0.74397;2
278.68201; 80.95667;      -1.14113; 79.81471;80.00000;20.00000;0.74393;2
278.74899; 80.97000;      -1.14160; 79.79421;80.00000;20.00000;0.74388;2
278.81601; 80.98333;      -1.14197; 79.78738;80.00000;20.00000;0.74384;2
278.88300; 80.99667;      -1.14253; 79.77469;80.00000;20.00000;0.74380;2
278.95401; 81.01000;      -1.14301; 79.75809;80.00000;20.00000;0.74375;2
279.02200; 81.02333;      -1.14337; 79.73369;80.00000;20.00000;0.74371;2
279.08600; 81.03667;      -1.14444; 79.72588;80.00000;20.00000;0.74366;2
279.14301; 81.05000;      -1.14440; 79.70928;80.00000;20.00000;0.74363;2
279.21500; 81.06333;      -1.14417; 79.69561;80.00000;20.00000;0.74358;2
279.28799; 81.07667;      -1.14494; 79.68000;80.00000;20.00000;0.74353;2
279.35199; 81.09000;      -1.14510; 79.66145;80.00000;20.00000;0.74349;2
279.40399; 81.10333;      -1.14576; 79.65461;80.00000;20.00000;0.74346;2
279.48001; 81.11667;      -1.14653; 79.64485;80.00000;20.00000;0.74341;2
279.55099; 81.13000;      -1.14650; 79.62142;80.00000;20.00000;0.74336;2
279.60800; 81.14333;      -1.14676; 79.60873;80.00000;20.00000;0.74333;2
279.67801; 81.15667;      -1.14683; 79.59409;80.00000;20.00000;0.74328;2
279.73401; 81.17000;      -1.14689; 79.58042;80.00000;20.00000;0.74325;2
279.80701; 81.18333;      -1.14786; 79.55602;80.00000;20.00000;0.74320;2
279.87500; 81.19667;      -1.14813; 79.55016;80.00000;20.00000;0.74315;2
279.92999; 81.21000;      -1.14869; 79.53259;80.00000;20.00000;0.74312;2
280.01599; 81.22333;      -1.14927; 79.52087;80.00000;20.00000;0.74306;2
280.07101; 81.23667;      -1.14983; 79.50135;80.00000;20.00000;0.74303;2
280.13800; 81.25000;      -1.15050; 79.49256;80.00000;20.00000;0.74299;2
280.20300; 81.26333;      -1.15096; 79.47597;80.00000;20.00000;0.74294;2
280.27802; 81.27667;      -1.15074; 79.46718;80.00000;20.00000;0.74289;2
280.34201; 81.29000;      -1.15201; 79.44082;80.00000;20.00000;0.74285;2
280.40900; 81.30333;      -1.15308; 79.43594;80.00000;20.00000;0.74281;2
280.47800; 81.31667;      -1.15405; 79.41837;80.00000;20.00000;0.74277;2
280.52802; 81.33000;      -1.15380; 79.40275;80.00000;20.00000;0.74273;2
280.60901; 81.34333;      -1.15428; 79.38030;80.00000;20.00000;0.74268;2
280.67200; 81.35667;      -1.15555; 79.37541;80.00000;20.00000;0.74264;2
280.72400; 81.37000;      -1.15560; 79.35491;80.00000;20.00000;0.74261;2
280.79599; 81.38333;      -1.15597; 79.33246;80.00000;20.00000;0.74256;2
280.86099; 81.39667;      -1.15654; 79.32758;80.00000;20.00000;0.74252;2
280.92801; 81.41000;      -1.15650; 79.31489;80.00000;20.00000;0.74248;2
281.00699; 81.42333;      -1.15759; 79.29732;80.00000;20.00000;0.74242;2
281.06299; 81.43667;      -1.15815; 79.28853;80.00000;20.00000;0.74239;2
281.13199; 81.45000;      -1.15912; 79.26510;80.00000;20.00000;0.74234;2
281.20300; 81.46333;      -1.15979; 79.25534;80.00000;20.00000;0.74230;2
281.26501; 81.47667;      -1.16036; 79.24460;80.00000;20.00000;0.74226;2
281.32901; 81.49000;      -1.16002; 79.23093;80.00000;20.00000;0.74222;2
281.39899; 81.50333;      -1.16059; 79.20751;80.00000;20.00000;0.74217;2
281.47400; 81.51667;      -1.16177; 79.19774;80.00000;20.00000;0.74212;2
281.54199; 81.53000;      -1.16214; 79.18896;80.00000;20.00000;0.74208;2
281.60800; 81.54333;      -1.16241; 79.16650;80.00000;20.00000;0.74204;2
281.66599; 81.55667;      -1.16377; 79.14991;80.00000;20.00000;0.74200;2
281.73999; 81.57000;      -1.16435; 79.14112;80.00000;20.00000;0.74195;2
281.79700; 81.58333;      -1.16471; 79.11867;80.00000;20.00000;0.74191;2
281.85800; 81.59667;      -1.16457; 79.10207;80.00000;20.00000;0.74188;2
281.92300; 81.61000;      -1.16504; 79.09329;80.00000;20.00000;0.74183;2
281.99399; 81.62333;      -1.16581; 79.06595;80.00000;20.00000;0.74179;2
282.07101; 81.63667;      -1.16619; 79.05424;80.00000;20.00000;0.74174;2
282.13000; 81.65000;      -1.16595; 79.04936;80.00000;20.00000;0.74170;2
282.20300; 81.66333;      -1.16783; 79.03081;80.00000;20.00000;0.74165;2
282.27301; 81.67667;      -1.16750; 79.00933;80.00000;20.00000;0.74161;2
282.32999; 81.69000;      -1.16806; 78.99664;80.00000;20.00000;0.74157;2
282.41101; 81.70333;      -1.16794; 78.99176;80.00000;20.00000;0.74152;2
282.47400; 81.71667;      -1.16881; 78.97321;80.00000;20.00000;0.74148;2
282.53699; 81.73000;      -1.16937; 78.96150;80.00000;20.00000;0.74144;2
282.59500; 81.74333;      -1.16963; 78.93904;80.00000;20.00000;0.74140;2
282.66199; 81.75667;      -1.16930; 78.92928;80.00000;20.00000;0.74136;2
282.72501; 81.77000;      -1.17017; 78.91757;80.00000;20.00000;0.74132;2
282.79501; 81.78333;      -1.17104; 78.89316;80.00000;20.00000;0.74127;2
282.86801; 81.79667;      -1.17132; 78.88633;80.00000;20.00000;0.74122;2
282.92499; 81.81000;      -1.17238; 78.87461;80.00000;20.00000;0.74119;2
283.00400; 81.82333;      -1.17236; 78.86095;80.00000;20.00000;0.74114;2
283.05701; 81.83667;      -1.17272; 78.83752;80.00000;20.00000;0.74110;2
283.13300; 81.85000;      -1.17340; 78.83068;80.00000;20.00000;0.74105;2
283.18701; 81.86333;      -1.17385; 78.81799;80.00000;20.00000;0.74102;2
283.24701; 81.87667;      -1.17422; 78.80433;80.00000;20.00000;0.74098;2
283.31699; 81.89000;      -1.17399; 78.79066;80.00000;20.00000;0.74094;2
283.39200; 81.90333;      -1.17467; 78.76625;80.00000;20.00000;0.74089;2
283.45499; 81.91667;      -1.17523; 78.76040;80.00000;20.00000;0.74085;2
283.52600; 81.93000;      -1.17531; 78.74380;80.00000;20.00000;0.74080;2
283.59100; 81.94333;      -1.17638; 78.71842;80.00000;20.00000;0.74076;2
283.65201; 81.95667;      -1.17674; 78.71256;80.00000;20.00000;0.74072;2
283.71399; 81.97000;      -1.17721; 78.69597;80.00000;20.00000;0.74068;2
283.79199; 81.98333;      -1.17809; 78.67937;80.00000;20.00000;0.74063;2
283.85999; 81.99667;      -1.17836; 78.66180;80.00000;20.00000;0.74059;2
283.92300; 82.01000;      -1.17812; 78.64813;80.00000;20.00000;0.74055;2
283.99100; 82.02333;      -1.17799; 78.63935;80.00000;20.00000;0.74050;2
284.04800; 82.03667;      -1.17916; 78.61396;80.00000;20.00000;0.74047;2
284.12100; 82.05000;      -1.17933; 78.60811;80.00000;20.00000;0.74042;2
284.18201; 82.06333;      -1.18000; 78.58858;80.00000;20.00000;0.74038;2
284.25101; 82.07667;      -1.18037; 78.56418;80.00000;20.00000;0.74033;2
284.31400; 82.09000;      -1.18124; 78.56320;80.00000;20.00000;0.74029;2
284.39001; 82.10333;      -1.18162; 78.55149;80.00000;20.00000;0.74025;2
284.44901; 82.11667;      -1.18218; 78.53489;80.00000;20.00000;0.74021;2
284.51401; 82.13000;      -1.18225; 78.51146;80.00000;20.00000;0.74017;2
284.58701; 82.14333;      -1.18283; 78.50560;80.00000;20.00000;0.74012;2
284.65201; 82.15667;      -1.18310; 78.48901;80.00000;20.00000;0.74008;2
284.71301; 82.17000;      -1.18346; 78.47632;80.00000;20.00000;0.74004;2
284.77301; 82.18333;      -1.18372; 78.46265;80.00000;20.00000;0.74000;2
284.84698; 82.19667;      -1.18481; 78.44117;80.00000;20.00000;0.73995;2
284.90701; 82.21000;      -1.18497; 78.43141;80.00000;20.00000;0.73991;2
284.97601; 82.22333;      -1.18554; 78.42067;80.00000;20.00000;0.73987;2
285.05200; 82.23667;      -1.18572; 78.40017;80.00000;20.00000;0.73982;2
285.11401; 82.25000;      -1.18569; 78.38358;80.00000;20.00000;0.73978;2
285.18399; 82.26333;      -1.18636; 78.37674;80.00000;20.00000;0.73973;2
285.24799; 82.27667;      -1.18754; 78.36308;80.00000;20.00000;0.73969;2
285.30801; 82.29000;      -1.18689; 78.34355;80.00000;20.00000;0.73966;2
285.37399; 82.30333;      -1.18777; 78.32696;80.00000;20.00000;0.73961;2
285.44800; 82.31667;      -1.18885; 78.31817;80.00000;20.00000;0.73957;2
285.51501; 82.33000;      -1.18952; 78.30157;80.00000;20.00000;0.73952;2
285.57199; 82.34333;      -1.18958; 78.28888;80.00000;20.00000;0.73949;2
285.63300; 82.35667;      -1.18954; 78.27424;80.00000;20.00000;0.73945;2
285.70599; 82.37000;      -1.19043; 78.25179;80.00000;20.00000;0.73940;2
285.77701; 82.38333;      -1.19030; 78.24691;80.00000;20.00000;0.73935;2
285.84201; 82.39667;      -1.19178; 78.22933;80.00000;20.00000;0.73931;2
285.90100; 82.41000;      -1.19234; 78.21079;80.00000;20.00000;0.73927;2
285.97601; 82.42333;      -1.19252; 78.19419;80.00000;20.00000;0.73923;2
286.04300; 82.43667;      -1.19229; 78.19126;80.00000;20.00000;0.73918;2
286.10901; 82.45000;      -1.19336; 78.17271;80.00000;20.00000;0.73914;2
286.16800; 82.46333;      -1.19373; 78.16002;80.00000;20.00000;0.73910;2
286.24200; 82.47667;      -1.19340; 78.14538;80.00000;20.00000;0.73906;2
286.30801; 82.49000;      -1.19488; 78.12878;80.00000;20.00000;0.73901;2
286.36801; 82.50333;      -1.19494; 78.12097;80.00000;20.00000;0.73897;2
286.43500; 82.51667;      -1.19481; 78.10828;80.00000;20.00000;0.73893;2
286.50000; 82.53000;      -1.19578; 78.08778;80.00000;20.00000;0.73889;2
286.56100; 82.54333;      -1.19655; 78.07900;80.00000;20.00000;0.73885;2
286.63300; 82.55667;      -1.19683; 78.05850;80.00000;20.00000;0.73880;2
286.70401; 82.57000;      -1.19751; 78.04385;80.00000;20.00000;0.73876;2
286.76099; 82.58333;      -1.19797; 78.02433;80.00000;20.00000;0.73872;2
286.84100; 82.59667;      -1.19896; 78.01261;80.00000;20.00000;0.73867;2
286.89899; 82.61000;      -1.19993; 78.00383;80.00000;20.00000;0.73863;2
286.97198; 82.62333;      -1.19980; 77.97845;80.00000;20.00000;0.73859;2
287.04300; 82.63667;      -1.20008; 77.97259;80.00000;20.00000;0.73854;2
287.10599; 82.65000;      -1.20055; 77.95990;80.00000;20.00000;0.73850;2
287.17200; 82.66333;      -1.20142; 77.94623;80.00000;20.00000;0.73846;2
287.24301; 82.67667;      -1.20281; 77.92085;80.00000;20.00000;0.73841;2
287.30701; 82.69000;      -1.20247; 77.91597;80.00000;20.00000;0.73837;2
287.37399; 82.70333;      -1.20244; 77.89840;80.00000;20.00000;0.73833;2
287.43799; 82.71667;      -1.20352; 77.88668;80.00000;20.00000;0.73829;2
287.50601; 82.73000;      -1.20439; 77.86520;80.00000;20.00000;0.73824;2
287.57199; 82.74333;      -1.20446; 77.85251;80.00000;20.00000;0.73820;2
287.63000; 82.75667;      -1.20493; 77.83982;80.00000;20.00000;0.73817;2
287.70700; 82.77000;      -1.20571; 77.82420;80.00000;20.00000;0.73812;2
287.77399; 82.78333;      -1.20669; 77.80663;80.00000;20.00000;0.73807;2
287.82599; 82.79667;      -1.20655; 77.79882;80.00000;20.00000;0.73804;2
287.89301; 82.81000;      -1.20621; 77.78711;80.00000;20.00000;0.73800;2
287.96301; 82.82333;      -1.20689; 77.76953;80.00000;20.00000;0.73795;2
288.03500; 82.83667;      -1.20727; 77.75587;80.00000;20.00000;0.73791;2
288.09900; 82.85000;      -1.20754; 77.73146;80.00000;20.00000;0.73787;2
288.17300; 82.86333;      -1.20842; 77.72560;80.00000;20.00000;0.73782;2
288.23599; 82.87667;      -1.20889; 77.70901;80.00000;20.00000;0.73778;2
288.30399; 82.89000;      -1.21007; 77.68363;80.00000;20.00000;0.73773;2
288.37601; 82.90333;      -1.21035; 77.67777;80.00000;20.00000;0.73769;2
288.44699; 82.91667;      -1.21012; 77.66117;80.00000;20.00000;0.73764;2
288.50699; 82.93000;      -1.21059; 77.64848;80.00000;20.00000;0.73760;2
288.57501; 82.94333;      -1.21107; 77.62798;80.00000;20.00000;0.73756;2
288.63501; 82.95667;      -1.21163; 77.61529;80.00000;20.00000;0.73752;2
288.70599; 82.97000;      -1.21221; 77.60260;80.00000;20.00000;0.73748;2
288.77200; 82.98333;      -1.21259; 77.58893;80.00000;20.00000;0.73743;2
288.82999; 82.99667;      -1.21275; 77.56453;80.00000;20.00000;0.73740;2
288.89999; 83.01000;      -1.21313; 77.55769;80.00000;20.00000;0.73735;2
288.97501; 83.02333;      -1.21310; 77.54598;80.00000;20.00000;0.73730;2
289.03601; 83.03667;      -1.21357; 77.53231;80.00000;20.00000;0.73727;2
289.10001; 83.05000;      -1.21424; 77.51572;80.00000;20.00000;0.73722;2
289.17300; 83.06333;      -1.21382; 77.49619;80.00000;20.00000;0.73718;2
289.24100; 83.07667;      -1.21449; 77.48057;80.00000;20.00000;0.73713;2
289.29800; 83.09000;      -1.21506; 77.47667;80.00000;20.00000;0.73710;2
289.36600; 83.10333;      -1.21523; 77.46203;80.00000;20.00000;0.73705;2
289.43900; 83.11667;      -1.21612; 77.44543;80.00000;20.00000;0.73701;2
289.49899; 83.13000;      -1.21689; 77.42298;80.00000;20.00000;0.73697;2
289.56299; 83.14333;      -1.21696; 77.42005;80.00000;20.00000;0.73693;2
289.63699; 83.15667;      -1.21703; 77.40248;80.00000;20.00000;0.73688;2
289.70801; 83.17000;      -1.21681; 77.38978;80.00000;20.00000;0.73684;2
289.76199; 83.18333;      -1.21696; 77.37026;80.00000;20.00000;0.73680;2
289.84201; 83.19667;      -1.21786; 77.36343;80.00000;20.00000;0.73675;2
289.89700; 83.21000;      -1.21862; 77.34781;80.00000;20.00000;0.73671;2
289.95999; 83.22333;      -1.21990; 77.33414;80.00000;20.00000;0.73667;2
290.02701; 83.23667;      -1.21977; 77.31657;80.00000;20.00000;0.73663;2
290.10001; 83.25000;      -1.22015; 77.30485;80.00000;20.00000;0.73658;2
290.16699; 83.26333;      -1.22032; 77.28923;80.00000;20.00000;0.73654;2
290.23099; 83.27667;      -1.22080; 77.27557;80.00000;20.00000;0.73650;2
290.30399; 83.29000;      -1.22098; 77.25019;80.00000;20.00000;0.73645;2
290.37000; 83.30333;      -1.22115; 77.24433;80.00000;20.00000;0.73641;2
290.43799; 83.31667;      -1.22142; 77.22676;80.00000;20.00000;0.73637;2
290.51599; 83.33000;      -1.22191; 77.20137;80.00000;20.00000;0.73632;2
290.56799; 83.34333;      -1.22287; 77.19552;80.00000;20.00000;0.73629;2
290.64600; 83.35667;      -1.22275; 77.17795;80.00000;20.00000;0.73624;2
290.69800; 83.37000;      -1.22331; 77.16233;80.00000;20.00000;0.73620;2
290.76801; 83.38333;      -1.22339; 77.13987;80.00000;20.00000;0.73616;2
290.83200; 83.39667;      -1.22386; 77.13402;80.00000;20.00000;0.73612;2
290.90399; 83.41000;      -1.22434; 77.11644;80.00000;20.00000;0.73607;2
290.96600; 83.42333;      -1.22491; 77.10278;80.00000;20.00000;0.73603;2
291.03699; 83.43667;      -1.22448; 77.08813;80.00000;20.00000;0.73599;2
291.09399; 83.45000;      -1.22525; 77.07154;80.00000;20.00000;0.73595;2
291.16199; 83.46333;      -1.22603; 77.06275;80.00000;20.00000;0.73591;2
291.22800; 83.47667;      -1.22641; 77.05006;80.00000;20.00000;0.73586;2
291.29501; 83.49000;      -1.22668; 77.02858;80.00000;20.00000;0.73582;2
291.35999; 83.50333;      -1.22665; 77.01980;80.00000;20.00000;0.73578;2
291.42499; 83.51667;      -1.22692; 77.00223;80.00000;20.00000;0.73574;2
291.50000; 83.53000;      -1.22720; 76.97684;80.00000;20.00000;0.73569;2
291.56500; 83.54333;      -1.22717; 76.97099;80.00000;20.00000;0.73565;2
291.62399; 83.55667;      -1.22744; 76.95049;80.00000;20.00000;0.73561;2
291.70300; 83.57000;      -1.22823; 76.93682;80.00000;20.00000;0.73556;2
291.74500; 83.58333;      -1.22838; 76.91534;80.00000;20.00000;0.73553;2
291.83600; 83.59667;      -1.22959; 76.90753;80.00000;20.00000;0.73548;2
291.87900; 83.61000;      -1.23024; 76.89484;80.00000;20.00000;0.73545;2
291.95401; 83.62333;      -1.23093; 76.87727;80.00000;20.00000;0.73540;2
292.01199; 83.63667;      -1.23119; 76.86458;80.00000;20.00000;0.73536;2
292.07901; 83.65000;      -1.23136; 76.84701;80.00000;20.00000;0.73532;2
292.14499; 83.66333;      -1.23245; 76.83627;80.00000;20.00000;0.73528;2
292.20901; 83.67667;      -1.23292; 76.81967;80.00000;20.00000;0.73524;2
292.28400; 83.69000;      -1.23351; 76.80698;80.00000;20.00000;0.73519;2
292.34299; 83.70333;      -1.23398; 76.79039;80.00000;20.00000;0.73515;2
292.41101; 83.71667;      -1.23456; 76.76989;80.00000;20.00000;0.73511;2
292.47800; 83.73000;      -1.23483; 76.76696;80.00000;20.00000;0.73507;2
292.54401; 83.74333;      -1.23581; 76.74841;80.00000;20.00000;0.73503;2
292.61600; 83.75667;      -1.23589; 76.72400;80.00000;20.00000;0.73498;2
292.67801; 83.77000;      -1.23606; 76.71815;80.00000;20.00000;0.73494;2
292.74100; 83.78333;      -1.23653; 76.70057;80.00000;20.00000;0.73490;2
292.81500; 83.79667;      -1.23762; 76.68788;80.00000;20.00000;0.73485;2
292.88101; 83.81000;      -1.23780; 76.67422;80.00000;20.00000;0.73481;2
292.94400; 83.82333;      -1.23837; 76.65664;80.00000;20.00000;0.73477;2
293.02301; 83.83667;      -1.23886; 76.64298;80.00000;20.00000;0.73472;2
293.07901; 83.85000;      -1.23923; 76.63029;80.00000;20.00000;0.73468;2
293.15201; 83.86333;      -1.24001; 76.61076;80.00000;20.00000;0.73464;2
293.21399; 83.87667;      -1.24150; 76.60295;80.00000;20.00000;0.73460;2
293.27899; 83.89000;      -1.24157; 76.58538;80.00000;20.00000;0.73456;2
293.33801; 83.90333;      -1.24214; 76.57659;80.00000;20.00000;0.73452;2
293.41299; 83.91667;      -1.24283; 76.55024;80.00000;20.00000;0.73447;2
293.47299; 83.93000;      -1.24310; 76.54340;80.00000;20.00000;0.73443;2
293.54800; 83.94333;      -1.24348; 76.53071;80.00000;20.00000;0.73439;2
293.60901; 83.95667;      -1.24487; 76.51607;80.00000;20.00000;0.73435;2
293.67599; 83.97000;      -1.24575; 76.48971;80.00000;20.00000;0.73430;2
293.74399; 83.98333;      -1.24562; 76.48385;80.00000;20.00000;0.73426;2
293.81699; 83.99667;      -1.24600; 76.46628;80.00000;20.00000;0.73421;2
293.88000; 84.01000;      -1.24587; 76.44871;80.00000;20.00000;0.73417;2
293.93799; 84.02333;      -1.24613; 76.42821;80.00000;20.00000;0.73414;2
294.00500; 84.03667;      -1.24773; 76.41845;80.00000;20.00000;0.73409;2
294.07800; 84.05000;      -1.24801; 76.40087;80.00000;20.00000;0.73405;2
294.14301; 84.06333;      -1.24798; 76.39014;80.00000;20.00000;0.73401;2
294.20700; 84.07667;      -1.24795; 76.37159;80.00000;20.00000;0.73397;2
294.26401; 84.09000;      -1.24831; 76.35792;80.00000;20.00000;0.73393;2
294.33801; 84.10333;      -1.24900; 76.34523;80.00000;20.00000;0.73388;2
294.40601; 84.11667;      -1.24948; 76.32863;80.00000;20.00000;0.73384;2
294.47000; 84.13000;      -1.24996; 76.31497;80.00000;20.00000;0.73380;2
294.53400; 84.14333;      -1.25033; 76.31009;80.00000;20.00000;0.73376;2
294.60599; 84.15667;      -1.25112; 76.29837;80.00000;20.00000;0.73371;2
294.67099; 84.17000;      -1.25200; 76.28275;80.00000;20.00000;0.73367;2
294.73300; 84.18333;      -1.25217; 76.25932;80.00000;20.00000;0.73363;2
294.80600; 84.19667;      -1.25205; 76.25639;80.00000;20.00000;0.73359;2
294.87500; 84.21000;      -1.25243; 76.24175;80.00000;20.00000;0.73354;2
294.94000; 84.22333;      -1.25300; 76.23004;80.00000;20.00000;0.73350;2
295.00400; 84.23667;      -1.25480; 76.21344;80.00000;20.00000;0.73346;2
295.07501; 84.25000;      -1.25447; 76.20270;80.00000;20.00000;0.73341;2
295.14899; 84.26333;      -1.25455; 76.18806;80.00000;20.00000;0.73337;2
295.20200; 84.27667;      -1.25441; 76.17439;80.00000;20.00000;0.73333;2
295.27499; 84.29000;      -1.25499; 76.15877;80.00000;20.00000;0.73329;2
295.33499; 84.30333;      -1.25567; 76.14901;80.00000;20.00000;0.73325;2
295.39999; 84.31667;      -1.25625; 76.13339;80.00000;20.00000;0.73321;2
295.47299; 84.33000;      -1.25724; 76.11191;80.00000;20.00000;0.73316;2
295.54501; 84.34333;      -1.25773; 76.10313;80.00000;20.00000;0.73312;2
295.59698; 84.35667;      -1.25768; 76.09141;80.00000;20.00000;0.73308;2
295.67001; 84.37000;      -1.25857; 76.07970;80.00000;20.00000;0.73304;2
295.73401; 84.38333;      -1.25874; 76.04944;80.00000;20.00000;0.73300;2
295.80399; 84.39667;      -1.25923; 76.04553;80.00000;20.00000;0.73295;2
295.88699; 84.41000;      -1.25962; 76.02991;80.00000;20.00000;0.73290;2
295.94199; 84.42333;      -1.25999; 76.01624;80.00000;20.00000;0.73286;2
296.01401; 84.43667;      -1.25986; 76.00062;80.00000;20.00000;0.73282;2
296.07001; 84.45000;      -1.25972; 75.97817;80.00000;20.00000;0.73278;2
296.13400; 84.46333;      -1.25999; 75.97231;80.00000;20.00000;0.73274;2
296.20099; 84.47667;      -1.26057; 75.95474;80.00000;20.00000;0.73270;2
296.26999; 84.49000;      -1.26126; 75.93522;80.00000;20.00000;0.73266;2
296.33099; 84.50333;      -1.26112; 75.91862;80.00000;20.00000;0.73262;2
296.40302; 84.51667;      -1.26141; 75.91081;80.00000;20.00000;0.73257;2
296.46899; 84.53000;      -1.26209; 75.89422;80.00000;20.00000;0.73253;2
296.52802; 84.54333;      -1.26185; 75.87079;80.00000;20.00000;0.73249;2
296.60001; 84.55667;      -1.26243; 75.86298;80.00000;20.00000;0.73245;2
296.66599; 84.57000;      -1.26251; 75.85029;80.00000;20.00000;0.73240;2
296.72900; 84.58333;      -1.26247; 75.82491;80.00000;20.00000;0.73236;2
296.79300; 84.59667;      -1.26295; 75.81124;80.00000;20.00000;0.73232;2
296.85699; 84.61000;      -1.26312; 75.80148;80.00000;20.00000;0.73228;2
296.92801; 84.62333;      -1.26371; 75.78879;80.00000;20.00000;0.73224;2
296.99100; 84.63667;      -1.26388; 75.77024;80.00000;20.00000;0.73220;2
297.06201; 84.65000;      -1.26396; 75.75755;80.00000;20.00000;0.73215;2
297.12500; 84.66333;      -1.26453; 75.73607;80.00000;20.00000;0.73211;2
297.19101; 84.67667;      -1.26512; 75.72338;80.00000;20.00000;0.73207;2
297.26300; 84.69000;      -1.26550; 75.71362;80.00000;20.00000;0.73203;2
297.32901; 84.70333;      -1.26618; 75.70093;80.00000;20.00000;0.73198;2
297.39099; 84.71667;      -1.26727; 75.68238;80.00000;20.00000;0.73194;2
297.45599; 84.73000;      -1.26693; 75.66969;80.00000;20.00000;0.73190;2
297.52399; 84.74333;      -1.26670; 75.64821;80.00000;20.00000;0.73186;2
297.58899; 84.75667;      -1.26749; 75.63552;80.00000;20.00000;0.73182;2
297.66000; 84.77000;      -1.26787; 75.62185;80.00000;20.00000;0.73177;2
297.73199; 84.78333;      -1.26846; 75.60818;80.00000;20.00000;0.73173;2
297.79401; 84.79667;      -1.26822; 75.58378;80.00000;20.00000;0.73169;2
297.85001; 84.81000;      -1.26910; 75.57597;80.00000;20.00000;0.73165;2
297.92499; 84.82333;      -1.27009; 75.55937;80.00000;20.00000;0.73161;2
297.98700; 84.83667;      -1.27026; 75.54571;80.00000;20.00000;0.73157;2
298.04999; 84.85000;      -1.26993; 75.52813;80.00000;20.00000;0.73153;2
298.12299; 84.86333;      -1.27031; 75.51740;80.00000;20.00000;0.73148;2
298.18799; 84.87667;      -1.27242; 75.50080;80.00000;20.00000;0.73144;2
298.25101; 84.89000;      -1.27178; 75.48713;80.00000;20.00000;0.73140;2
298.32999; 84.90333;      -1.27217; 75.46175;80.00000;20.00000;0.73135;2
298.39700; 84.91667;      -1.27143; 75.45589;80.00000;20.00000;0.73131;2
298.45801; 84.93000;      -1.27200; 75.44320;80.00000;20.00000;0.73127;2
298.52399; 84.94333;      -1.27259; 75.42856;80.00000;20.00000;0.73123;2
298.59500; 84.95667;      -1.27297; 75.40318;80.00000;20.00000;0.73118;2
298.65601; 84.97000;      -1.27344; 75.40123;80.00000;20.00000;0.73114;2
298.72198; 84.98333;      -1.27321; 75.38854;80.00000;20.00000;0.73110;2
298.79001; 84.99667;      -1.27359; 75.36511;80.00000;20.00000;0.73106;2
298.87000; 85.01000;      -1.27470; 75.35242;80.00000;20.00000;0.73101;2
298.92401; 85.02333;      -1.27568; 75.33875;80.00000;20.00000;0.73097;2
298.99500; 85.03667;      -1.27514; 75.31141;80.00000;20.00000;0.73093;2
299.05200; 85.05000;      -1.27521; 75.30360;80.00000;20.00000;0.73089;2
299.12601; 85.06333;      -1.27549; 75.29189;80.00000;20.00000;0.73085;2
299.19101; 85.07667;      -1.27638; 75.27920;80.00000;20.00000;0.73080;2
299.25500; 85.09000;      -1.27686; 75.26163;80.00000;20.00000;0.73076;2
299.33499; 85.10333;      -1.27725; 75.24210;80.00000;20.00000;0.73071;2
299.39700; 85.11667;      -1.27773; 75.23332;80.00000;20.00000;0.73067;2
299.47000; 85.13000;      -1.27771; 75.21574;80.00000;20.00000;0.73063;2
299.52499; 85.14333;      -1.27797; 75.20696;80.00000;20.00000;0.73059;2
299.59000; 85.15667;      -1.27937; 75.18060;80.00000;20.00000;0.73055;2
299.65601; 85.17000;      -1.27924; 75.17474;80.00000;20.00000;0.73051;2
299.73001; 85.18333;      -1.27891; 75.16108;80.00000;20.00000;0.73046;2
299.78799; 85.19667;      -1.27887; 75.13765;80.00000;20.00000;0.73043;2
299.86600; 85.21000;      -1.27967; 75.12788;80.00000;20.00000;0.73038;2
299.92200; 85.22333;      -1.28004; 75.11617;80.00000;20.00000;0.73034;2
299.98801; 85.23667;      -1.28022; 75.10348;80.00000;20.00000;0.73030;2
300.06500; 85.25000;      -1.28081; 75.07322;80.00000;20.00000;0.73025;2
300.12201; 85.26333;      -1.28077; 75.06736;80.00000;20.00000;0.73022;2
300.20200; 85.27667;      -1.28147; 75.05076;80.00000;20.00000;0.73016;2
300.25699; 85.29000;      -1.28215; 75.03807;80.00000;20.00000;0.73013;2
300.32501; 85.30333;      -1.28243; 75.01855;80.00000;20.00000;0.73009;2
300.39099; 85.31667;      -1.28260; 75.00976;80.00000;20.00000;0.73005;2
300.45099; 85.33000;      -1.28246; 74.99610;80.00000;20.00000;0.73001;2
300.51901; 85.34333;      -1.28325; 74.97364;80.00000;20.00000;0.72996;2
300.59299; 85.35667;      -1.28323; 74.96388;80.00000;20.00000;0.72992;2
300.65701; 85.37000;      -1.28310; 74.95412;80.00000;20.00000;0.72988;2
300.71701; 85.38333;      -1.28358; 74.93166;80.00000;20.00000;0.72984;2
300.79199; 85.39667;      -1.28386; 74.91605;80.00000;20.00000;0.72979;2
300.85999; 85.41000;      -1.28414; 74.90628;80.00000;20.00000;0.72975;2
300.92200; 85.42333;      -1.28462; 74.88383;80.00000;20.00000;0.72971;2
300.98401; 85.43667;      -1.28581; 74.86723;80.00000;20.00000;0.72967;2
301.04999; 85.45000;      -1.28650; 74.86431;80.00000;20.00000;0.72963;2
301.11899; 85.46333;      -1.28749; 74.84966;80.00000;20.00000;0.72959;2
301.18900; 85.47667;      -1.28747; 74.83404;80.00000;20.00000;0.72954;2
301.25699; 85.49000;      -1.28775; 74.83111;80.00000;20.00000;0.72950;2
301.31400; 85.50333;      -1.28730; 74.81842;80.00000;20.00000;0.72946;2
301.37000; 85.51667;      -1.28767; 74.79207;80.00000;20.00000;0.72943;2
301.45001; 85.53000;      -1.28807; 74.79011;80.00000;20.00000;0.72938;2
301.51801; 85.54333;      -1.28896; 74.77449;80.00000;20.00000;0.72933;2
301.59000; 85.55667;      -1.28955; 74.75497;80.00000;20.00000;0.72929;2
301.65201; 85.57000;      -1.29003; 74.75009;80.00000;20.00000;0.72925;2
301.71701; 85.58333;      -1.29031; 74.73642;80.00000;20.00000;0.72921;2
301.78601; 85.59667;      -1.28997; 74.72471;80.00000;20.00000;0.72916;2
301.84100; 85.61000;      -1.29004; 74.71006;80.00000;20.00000;0.72913;2
301.91501; 85.62333;      -1.29165; 74.69347;80.00000;20.00000;0.72908;2
301.98401; 85.63667;      -1.29244; 74.68078;80.00000;20.00000;0.72904;2
302.04599; 85.65000;      -1.29241; 74.66418;80.00000;20.00000;0.72900;2
302.11200; 85.66333;      -1.29279; 74.64661;80.00000;20.00000;0.72896;2
302.17700; 85.67667;      -1.29327; 74.63294;80.00000;20.00000;0.72892;2
302.25601; 85.69000;      -1.29367; 74.61635;80.00000;20.00000;0.72887;2
302.31299; 85.70333;      -1.29414; 74.59585;80.00000;20.00000;0.72883;2
302.37799; 85.71667;      -1.29431; 74.58901;80.00000;20.00000;0.72879;2
302.43900; 85.73000;      -1.29479; 74.57144;80.00000;20.00000;0.72875;2
302.51300; 85.74333;      -1.29538; 74.54996;80.00000;20.00000;0.72871;2
302.57800; 85.75667;      -1.29617; 74.53727;80.00000;20.00000;0.72867;2
302.64999; 85.77000;      -1.29799; 74.52360;80.00000;20.00000;0.72862;2
302.71399; 85.78333;      -1.29796; 74.50994;80.00000;20.00000;0.72858;2
302.77701; 85.79667;      -1.29783; 74.49627;80.00000;20.00000;0.72854;2
302.83801; 85.81000;      -1.29790; 74.47968;80.00000;20.00000;0.72850;2
302.90900; 85.82333;      -1.29869; 74.46113;80.00000;20.00000;0.72846;2
302.97501; 85.83667;      -1.29969; 74.44746;80.00000;20.00000;0.72842;2
303.04001; 85.85000;      -1.30007; 74.43086;80.00000;20.00000;0.72837;2
303.11099; 85.86333;      -1.30004; 74.41134;80.00000;20.00000;0.72833;2
303.17401; 85.87667;      -1.30052; 74.39572;80.00000;20.00000;0.72829;2
303.24301; 85.89000;      -1.30081; 74.37620;80.00000;20.00000;0.72825;2
303.31000; 85.90333;      -1.30078; 74.35570;80.00000;20.00000;0.72820;2
303.37399; 85.91667;      -1.30126; 74.34008;80.00000;20.00000;0.72816;2
303.44501; 85.93000;      -1.30134; 74.32348;80.00000;20.00000;0.72812;2
303.50000; 85.94333;      -1.30140; 74.29810;80.00000;20.00000;0.72808;2
303.56900; 85.95667;      -1.30199; 74.27369;80.00000;20.00000;0.72804;2
303.64200; 85.97000;      -1.30330; 74.26784;80.00000;20.00000;0.72800;2
303.71399; 85.98333;      -1.30348; 74.24929;80.00000;20.00000;0.72795;2
303.77100; 85.99667;      -1.30406; 74.24343;80.00000;20.00000;0.72791;2
303.83499; 86.01000;      -1.30403; 74.23367;80.00000;20.00000;0.72787;2
303.90500; 86.02333;      -1.30421; 74.20829;80.00000;20.00000;0.72783;2
303.96301; 86.03667;      -1.30499; 74.19462;80.00000;20.00000;0.72779;2
304.03601; 86.05000;      -1.30569; 74.17119;80.00000;20.00000;0.72775;2
304.09399; 86.06333;      -1.30555; 74.15850;80.00000;20.00000;0.72771;2
304.17099; 86.07667;      -1.30717; 74.14093;80.00000;20.00000;0.72766;2
304.24600; 86.09000;      -1.30746; 74.12531;80.00000;20.00000;0.72762;2
304.30499; 86.10333;      -1.30783; 74.11750;80.00000;20.00000;0.72758;2
304.37799; 86.11667;      -1.30710; 74.10188;80.00000;20.00000;0.72753;2
304.44199; 86.13000;      -1.30758; 74.08040;80.00000;20.00000;0.72749;2
304.50101; 86.14333;      -1.30765; 74.07064;80.00000;20.00000;0.72745;2
304.56601; 86.15667;      -1.30864; 74.05600;80.00000;20.00000;0.72741;2
304.63599; 86.17000;      -1.30934; 74.04331;80.00000;20.00000;0.72737;2
304.70401; 86.18333;      -1.30941; 74.01890;80.00000;20.00000;0.72733;2
304.77600; 86.19667;      -1.31042; 74.01304;80.00000;20.00000;0.72728;2
304.83401; 86.21000;      -1.31099; 73.99645;80.00000;20.00000;0.72725;2
304.90201; 86.22333;      -1.31128; 73.98180;80.00000;20.00000;0.72720;2
304.97501; 86.23667;      -1.31136; 73.95935;80.00000;20.00000;0.72716;2
305.02701; 86.25000;      -1.31193; 73.95447;80.00000;20.00000;0.72712;2
305.10400; 86.26333;      -1.31263; 73.93787;80.00000;20.00000;0.72708;2
305.16699; 86.27667;      -1.31250; 73.91835;80.00000;20.00000;0.72704;2
305.23099; 86.29000;      -1.31298; 73.90273;80.00000;20.00000;0.72700;2
305.30899; 86.30333;      -1.31327; 73.89297;80.00000;20.00000;0.72695;2
305.36301; 86.31667;      -1.31426; 73.87637;80.00000;20.00000;0.72691;2
305.42899; 86.33000;      -1.31423; 73.86368;80.00000;20.00000;0.72687;2
305.49799; 86.34333;      -1.31431; 73.84025;80.00000;20.00000;0.72683;2
305.56601; 86.35667;      -1.31469; 73.82756;80.00000;20.00000;0.72679;2
305.63599; 86.37000;      -1.31498; 73.81487;80.00000;20.00000;0.72674;2
305.70801; 86.38333;      -1.31526; 73.78949;80.00000;20.00000;0.72670;2
305.76599; 86.39667;      -1.31564; 73.78363;80.00000;20.00000;0.72666;2
305.82999; 86.41000;      -1.31592; 73.76606;80.00000;20.00000;0.72662;2
305.89600; 86.42333;      -1.31630; 73.75142;80.00000;20.00000;0.72658;2
305.96701; 86.43667;      -1.31679; 73.72896;80.00000;20.00000;0.72653;2
306.03799; 86.45000;      -1.31748; 73.72311;80.00000;20.00000;0.72649;2
306.09399; 86.46333;      -1.31827; 73.70358;80.00000;20.00000;0.72645;2
306.16800; 86.47667;      -1.31845; 73.68113;80.00000;20.00000;0.72641;2
306.22900; 86.49000;      -1.31842; 73.67429;80.00000;20.00000;0.72637;2
306.29800; 86.50333;      -1.31850; 73.65477;80.00000;20.00000;0.72633;2
306.37900; 86.51667;      -1.31972; 73.63329;80.00000;20.00000;0.72627;2
306.44199; 86.53000;      -1.32020; 73.62548;80.00000;20.00000;0.72624;2
306.50601; 86.54333;      -1.32048; 73.60596;80.00000;20.00000;0.72620;2
306.57300; 86.55667;      -1.32056; 73.58741;80.00000;20.00000;0.72615;2
306.63000; 86.57000;      -1.32103; 73.58155;80.00000;20.00000;0.72612;2
306.70099; 86.58333;      -1.32111; 73.56593;80.00000;20.00000;0.72607;2
306.76801; 86.59667;      -1.32119; 73.54543;80.00000;20.00000;0.72603;2
306.83701; 86.61000;      -1.32116; 73.53372;80.00000;20.00000;0.72599;2
306.89700; 86.62333;      -1.32175; 73.52103;80.00000;20.00000;0.72595;2
306.95999; 86.63667;      -1.32254; 73.49955;80.00000;20.00000;0.72591;2
307.03101; 86.65000;      -1.32282; 73.48784;80.00000;20.00000;0.72587;2
307.09900; 86.66333;      -1.32352; 73.47515;80.00000;20.00000;0.72582;2
307.15701; 86.67667;      -1.32327; 73.45367;80.00000;20.00000;0.72579;2
307.23199; 86.69000;      -1.32346; 73.44195;80.00000;20.00000;0.72574;2
307.29700; 86.70333;      -1.32395; 73.42536;80.00000;20.00000;0.72570;2
307.37100; 86.71667;      -1.32413; 73.40388;80.00000;20.00000;0.72565;2
307.42899; 86.73000;      -1.32430; 73.39705;80.00000;20.00000;0.72562;2
307.49799; 86.74333;      -1.32418; 73.37655;80.00000;20.00000;0.72557;2
307.56299; 86.75667;      -1.32548; 73.35605;80.00000;20.00000;0.72553;2
307.62201; 86.77000;      -1.32617; 73.34336;80.00000;20.00000;0.72550;2
307.69601; 86.78333;      -1.32656; 73.32871;80.00000;20.00000;0.72545;2
307.76599; 86.79667;      -1.32705; 73.30431;80.00000;20.00000;0.72541;2
307.83301; 86.81000;      -1.32702; 73.29650;80.00000;20.00000;0.72536;2
307.89001; 86.82333;      -1.32781; 73.27990;80.00000;20.00000;0.72533;2
307.96799; 86.83667;      -1.32841; 73.26623;80.00000;20.00000;0.72528;2
308.03101; 86.85000;      -1.32879; 73.24964;80.00000;20.00000;0.72524;2
308.10001; 86.86333;      -1.32897; 73.22914;80.00000;20.00000;0.72520;2
308.16101; 86.87667;      -1.32894; 73.22230;80.00000;20.00000;0.72516;2
308.22601; 86.89000;      -1.32943; 73.20083;80.00000;20.00000;0.72512;2
308.29800; 86.90333;      -1.32982; 73.18228;80.00000;20.00000;0.72507;2
308.36499; 86.91667;      -1.33051; 73.16861;80.00000;20.00000;0.72503;2
308.42899; 86.93000;      -1.33151; 73.14323;80.00000;20.00000;0.72499;2
308.49899; 86.94333;      -1.33179; 73.13249;80.00000;20.00000;0.72495;2
308.56900; 86.95667;      -1.33198; 73.10418;80.00000;20.00000;0.72490;2
308.63000; 86.97000;      -1.33153; 73.09247;80.00000;20.00000;0.72486;2
308.70599; 86.98333;      -1.33234; 73.07001;80.00000;20.00000;0.72482;2
308.76300; 86.99667;      -1.33220; 73.05342;80.00000;20.00000;0.72478;2
308.82999; 87.01000;      -1.33300; 73.04073;80.00000;20.00000;0.72474;2
308.89899; 87.02333;      -1.33328; 73.01535;80.00000;20.00000;0.72470;2
308.96100; 87.03667;      -1.33325; 73.00656;80.00000;20.00000;0.72466;2
309.01801; 87.05000;      -1.33311; 72.98411;80.00000;20.00000;0.72462;2
309.09100; 87.06333;      -1.33330; 72.96263;80.00000;20.00000;0.72458;2
309.17099; 87.07667;      -1.33421; 72.94506;80.00000;20.00000;0.72453;2
309.23099; 87.09000;      -1.33428; 72.92553;80.00000;20.00000;0.72449;2
309.28799; 87.10333;      -1.33476; 72.90894;80.00000;20.00000;0.72445;2
309.37399; 87.11667;      -1.33537; 72.88649;80.00000;20.00000;0.72440;2
309.42599; 87.13000;      -1.33595; 72.87087;80.00000;20.00000;0.72437;2
309.48901; 87.14333;      -1.33581; 72.85427;80.00000;20.00000;0.72433;2
309.56000; 87.15667;      -1.33579; 72.83182;80.00000;20.00000;0.72428;2
309.63400; 87.17000;      -1.33649; 72.82303;80.00000;20.00000;0.72424;2
309.68799; 87.18333;      -1.33656; 72.80351;80.00000;20.00000;0.72420;2
309.75800; 87.19667;      -1.33643; 72.78203;80.00000;20.00000;0.72416;2
309.82300; 87.21000;      -1.33723; 72.77812;80.00000;20.00000;0.72412;2
309.89001; 87.22333;      -1.33782; 72.75470;80.00000;20.00000;0.72408;2
309.95599; 87.23667;      -1.33872; 72.73420;80.00000;20.00000;0.72403;2
310.01501; 87.25000;      -1.33920; 72.72541;80.00000;20.00000;0.72400;2
310.09500; 87.26333;      -1.33867; 72.70198;80.00000;20.00000;0.72395;2
310.15701; 87.27667;      -1.33905; 72.68343;80.00000;20.00000;0.72391;2
310.22900; 87.29000;      -1.33955; 72.66000;80.00000;20.00000;0.72386;2
310.27802; 87.30333;      -1.34002; 72.63950;80.00000;20.00000;0.72383;2
310.35101; 87.31667;      -1.34051; 72.62974;80.00000;20.00000;0.72379;2
310.42001; 87.33000;      -1.34059; 72.61510;80.00000;20.00000;0.72374;2
310.47900; 87.34333;      -1.34128; 72.60241;80.00000;20.00000;0.72371;2
310.54901; 87.35667;      -1.34167; 72.57995;80.00000;20.00000;0.72366;2
310.61099; 87.37000;      -1.34153; 72.56140;80.00000;20.00000;0.72363;2
310.68500; 87.38333;      -1.34172; 72.54481;80.00000;20.00000;0.72358;2
310.75101; 87.39667;      -1.34211; 72.53602;80.00000;20.00000;0.72354;2
310.81799; 87.41000;      -1.34208; 72.51357;80.00000;20.00000;0.72350;2
310.87900; 87.42333;      -1.34298; 72.49697;80.00000;20.00000;0.72346;2
310.95200; 87.43667;      -1.34378; 72.48721;80.00000;20.00000;0.72341;2
311.02301; 87.45000;      -1.34438; 72.46476;80.00000;20.00000;0.72337;2
311.08200; 87.46333;      -1.34506; 72.44816;80.00000;20.00000;0.72333;2
311.14801; 87.47667;      -1.34504; 72.43840;80.00000;20.00000;0.72329;2
311.21399; 87.49000;      -1.34604; 72.41595;80.00000;20.00000;0.72325;2
311.28900; 87.50333;      -1.34572; 72.39935;80.00000;20.00000;0.72320;2
311.34698; 87.51667;      -1.34620; 72.38666;80.00000;20.00000;0.72317;2
311.42401; 87.53000;      -1.34659; 72.36518;80.00000;20.00000;0.72312;2
311.48001; 87.54333;      -1.34728; 72.34371;80.00000;20.00000;0.72308;2
311.56100; 87.55667;      -1.34727; 72.32516;80.00000;20.00000;0.72303;2
311.62201; 87.57000;      -1.34755; 72.30563;80.00000;20.00000;0.72299;2
311.68100; 87.58333;      -1.34823; 72.27537;80.00000;20.00000;0.72296;2
311.75101; 87.59667;      -1.34852; 72.27147;80.00000;20.00000;0.72291;2
311.82001; 87.61000;      -1.34850; 72.25390;80.00000;20.00000;0.72287;2
311.88599; 87.62333;      -1.34826; 72.22656;80.00000;20.00000;0.72283;2
311.95300; 87.63667;      -1.34803; 72.21582;80.00000;20.00000;0.72279;2
312.02701; 87.65000;      -1.34884; 72.19142;80.00000;20.00000;0.72274;2
312.08401; 87.66333;      -1.34880; 72.18068;80.00000;20.00000;0.72271;2
312.14801; 87.67667;      -1.34950; 72.15237;80.00000;20.00000;0.72267;2
312.21899; 87.69000;      -1.34968; 72.14261;80.00000;20.00000;0.72262;2
312.28699; 87.70333;      -1.34976; 72.12699;80.00000;20.00000;0.72258;2
312.35101; 87.71667;      -1.35004; 72.10941;80.00000;20.00000;0.72254;2
312.41501; 87.73000;      -1.34991; 72.08501;80.00000;20.00000;0.72250;2
312.48700; 87.74333;      -1.35030; 72.07037;80.00000;20.00000;0.72246;2
312.54501; 87.75667;      -1.35047; 72.04987;80.00000;20.00000;0.72242;2
312.62299; 87.77000;      -1.35108; 72.04303;80.00000;20.00000;0.72237;2
312.67700; 87.78333;      -1.35176; 72.02253;80.00000;20.00000;0.72234;2
312.75101; 87.79667;      -1.35175; 72.00203;80.00000;20.00000;0.72229;2
312.81000; 87.81000;      -1.35192; 71.99422;80.00000;20.00000;0.72225;2
312.88000; 87.82333;      -1.35210; 71.96493;80.00000;20.00000;0.72221;2
312.94299; 87.83667;      -1.35238; 71.96005;80.00000;20.00000;0.72217;2
313.00400; 87.85000;      -1.35287; 71.93174;80.00000;20.00000;0.72213;2
313.06900; 87.86333;      -1.35315; 71.92393;80.00000;20.00000;0.72209;2
313.13800; 87.87667;      -1.35364; 71.90831;80.00000;20.00000;0.72205;2
313.22400; 87.89000;      -1.35395; 71.88391;80.00000;20.00000;0.72200;2
313.27100; 87.90333;      -1.35349; 71.87610;80.00000;20.00000;0.72197;2
313.33701; 87.91667;      -1.35418; 71.85950;80.00000;20.00000;0.72193;2
313.40799; 87.93000;      -1.35468; 71.83900;80.00000;20.00000;0.72188;2
313.47800; 87.94333;      -1.35528; 71.82143;80.00000;20.00000;0.72184;2
313.53699; 87.95667;      -1.35565; 71.80288;80.00000;20.00000;0.72180;2
313.60800; 87.97000;      -1.35615; 71.78531;80.00000;20.00000;0.72176;2
313.67200; 87.98333;      -1.35664; 71.76774;80.00000;20.00000;0.72172;2
313.73999; 87.99667;      -1.35744; 71.73845;80.00000;20.00000;0.72168;2
313.81000; 88.01000;      -1.35742; 71.73064;80.00000;20.00000;0.72163;2
313.87000; 88.02333;      -1.35759; 71.71307;80.00000;20.00000;0.72159;2
313.93399; 88.03667;      -1.35808; 71.67988;80.00000;20.00000;0.72155;2
314.01199; 88.05000;      -1.35807; 71.67207;80.00000;20.00000;0.72151;2
314.07199; 88.06333;      -1.35896; 71.64278;80.00000;20.00000;0.72147;2
314.14099; 88.07667;      -1.35925; 71.62911;80.00000;20.00000;0.72143;2
314.21201; 88.09000;      -1.36006; 71.61057;80.00000;20.00000;0.72138;2
314.27399; 88.10333;      -1.36023; 71.58323;80.00000;20.00000;0.72134;2
314.34100; 88.11667;      -1.36072; 71.56664;80.00000;20.00000;0.72130;2
314.41101; 88.13000;      -1.36050; 71.54321;80.00000;20.00000;0.72126;2
314.46701; 88.14333;      -1.36108; 71.52368;80.00000;20.00000;0.72122;2
314.54501; 88.15667;      -1.36179; 71.50611;80.00000;20.00000;0.72117;2
314.60501; 88.17000;      -1.36248; 71.49440;80.00000;20.00000;0.72114;2
314.66699; 88.18333;      -1.36245; 71.47194;80.00000;20.00000;0.72110;2
314.72299; 88.19667;      -1.36252; 71.46023;80.00000;20.00000;0.72106;2
314.79099; 88.21000;      -1.36332; 71.43289;80.00000;20.00000;0.72102;2
314.86600; 88.22333;      -1.36341; 71.42118;80.00000;20.00000;0.72098;2
314.93799; 88.23667;      -1.36411; 71.40361;80.00000;20.00000;0.72093;2
315.01199; 88.25000;      -1.36513; 71.38018;80.00000;20.00000;0.72088;2
315.06100; 88.26333;      -1.36529; 71.36261;80.00000;20.00000;0.72085;2
315.12399; 88.27667;      -1.36526; 71.34211;80.00000;20.00000;0.72081;2
315.20300; 88.29000;      -1.36628; 71.32942;80.00000;20.00000;0.72077;2
315.26401; 88.30333;      -1.36656; 71.30208;80.00000;20.00000;0.72073;2
315.33499; 88.31667;      -1.36685; 71.28744;80.00000;20.00000;0.72068;2
315.40601; 88.33000;      -1.36642; 71.27182;80.00000;20.00000;0.72064;2
315.47501; 88.34333;      -1.36764; 71.24253;80.00000;20.00000;0.72060;2
315.54099; 88.35667;      -1.36751; 71.23277;80.00000;20.00000;0.72056;2
315.60101; 88.37000;      -1.36810; 71.20153;80.00000;20.00000;0.72052;2
315.66699; 88.38333;      -1.36838; 71.19567;80.00000;20.00000;0.72048;2
315.73401; 88.39667;      -1.36918; 71.17517;80.00000;20.00000;0.72044;2
315.81100; 88.41000;      -1.36979; 71.15565;80.00000;20.00000;0.72039;2
315.87201; 88.42333;      -1.37069; 71.13612;80.00000;20.00000;0.72035;2
315.93799; 88.43667;      -1.37035; 71.10098;80.00000;20.00000;0.72031;2
316.00800; 88.45000;      -1.37064; 71.09415;80.00000;20.00000;0.72027;2
316.07300; 88.46333;      -1.37062; 71.06584;80.00000;20.00000;0.72023;2
316.13800; 88.47667;      -1.37162; 71.04631;80.00000;20.00000;0.72019;2
316.21201; 88.49000;      -1.37202; 71.02679;80.00000;20.00000;0.72014;2
316.27499; 88.50333;      -1.37230; 70.99848;80.00000;20.00000;0.72010;2
316.34000; 88.51667;      -1.37217; 70.98579;80.00000;20.00000;0.72006;2
316.40302; 88.53000;      -1.37256; 70.96431;80.00000;20.00000;0.72002;2
316.47101; 88.54333;      -1.37274; 70.94283;80.00000;20.00000;0.71998;2
316.53201; 88.55667;      -1.37292; 70.92526;80.00000;20.00000;0.71994;2
316.60501; 88.57000;      -1.37342; 70.90183;80.00000;20.00000;0.71990;2
316.67099; 88.58333;      -1.37401; 70.88133;80.00000;20.00000;0.71985;2
316.72900; 88.59667;      -1.37419; 70.86474;80.00000;20.00000;0.71982;2
316.80099; 88.61000;      -1.37406; 70.84033;80.00000;20.00000;0.71977;2
316.87100; 88.62333;      -1.37394; 70.82471;80.00000;20.00000;0.71973;2
316.93201; 88.63667;      -1.37432; 70.80616;80.00000;20.00000;0.71969;2
317.01099; 88.65000;      -1.37535; 70.78469;80.00000;20.00000;0.71964;2
317.07700; 88.66333;      -1.37480; 70.76126;80.00000;20.00000;0.71960;2
317.13400; 88.67667;      -1.37466; 70.73099;80.00000;20.00000;0.71957;2
317.20200; 88.69000;      -1.37537; 70.71440;80.00000;20.00000;0.71953;2
317.27200; 88.70333;      -1.37472; 70.68316;80.00000;20.00000;0.71948;2
317.33801; 88.71667;      -1.37522; 70.66754;80.00000;20.00000;0.71944;2
317.39499; 88.73000;      -1.37549; 70.63532;80.00000;20.00000;0.71941;2
317.46600; 88.74333;      -1.37558; 70.61970;80.00000;20.00000;0.71936;2
317.53799; 88.75667;      -1.37618; 70.59432;80.00000;20.00000;0.71932;2
317.60199; 88.77000;      -1.37688; 70.57382;80.00000;20.00000;0.71928;2
317.66000; 88.78333;      -1.37653; 70.55137;80.00000;20.00000;0.71924;2
317.72601; 88.79667;      -1.37609; 70.52013;80.00000;20.00000;0.71920;2
317.79800; 88.81000;      -1.37597; 70.50744;80.00000;20.00000;0.71916;2
317.85999; 88.82333;      -1.37646; 70.47913;80.00000;20.00000;0.71912;2
317.93701; 88.83667;      -1.37717; 70.46839;80.00000;20.00000;0.71907;2
318.00400; 88.85000;      -1.37766; 70.44008;80.00000;20.00000;0.71903;2
318.06601; 88.86333;      -1.37815; 70.42056;80.00000;20.00000;0.71899;2
318.14001; 88.87667;      -1.37772; 70.40201;80.00000;20.00000;0.71894;2
318.19901; 88.89000;      -1.37779; 70.38248;80.00000;20.00000;0.71891;2
318.26501; 88.90333;      -1.37828; 70.35808;80.00000;20.00000;0.71887;2
318.32901; 88.91667;      -1.37940; 70.34148;80.00000;20.00000;0.71883;2
318.39200; 88.93000;      -1.37926; 70.31610;80.00000;20.00000;0.71879;2
318.45200; 88.94333;      -1.37923; 70.30048;80.00000;20.00000;0.71875;2
318.52899; 88.95667;      -1.37963; 70.27607;80.00000;20.00000;0.71870;2
318.59698; 88.97000;      -1.38013; 70.25460;80.00000;20.00000;0.71866;2
318.66501; 88.98333;      -1.38083; 70.22922;80.00000;20.00000;0.71862;2
318.73901; 88.99667;      -1.38123; 70.20676;80.00000;20.00000;0.71857;2
318.79999; 89.01000;      -1.38099; 70.18138;80.00000;20.00000;0.71854;2
318.86301; 89.02333;      -1.38107; 70.16479;80.00000;20.00000;0.71850;2
318.92599; 89.03667;      -1.38135; 70.14429;80.00000;20.00000;0.71846;2
318.99701; 89.05000;      -1.38112; 70.11988;80.00000;20.00000;0.71841;2
319.05899; 89.06333;      -1.38140; 70.09547;80.00000;20.00000;0.71838;2
319.12701; 89.07667;      -1.38242; 70.07204;80.00000;20.00000;0.71833;2
319.19901; 89.09000;      -1.38281; 70.05545;80.00000;20.00000;0.71829;2
319.26700; 89.10333;      -1.38310; 70.02031;80.00000;20.00000;0.71825;2
319.34201; 89.11667;      -1.38278; 70.01347;80.00000;20.00000;0.71820;2
319.39499; 89.13000;      -1.38263; 69.98809;80.00000;20.00000;0.71817;2
319.46799; 89.14333;      -1.38324; 69.95880;80.00000;20.00000;0.71812;2
319.53699; 89.15667;      -1.38363; 69.94123;80.00000;20.00000;0.71808;2
319.59900; 89.17000;      -1.38370; 69.92171;80.00000;20.00000;0.71804;2
319.65799; 89.18333;      -1.38460; 69.89242;80.00000;20.00000;0.71801;2
319.72601; 89.19667;      -1.38427; 69.87290;80.00000;20.00000;0.71796;2
319.79800; 89.21000;      -1.38456; 69.84263;80.00000;20.00000;0.71792;2
319.86401; 89.22333;      -1.38464; 69.82506;80.00000;20.00000;0.71788;2
319.93399; 89.23667;      -1.38462; 69.79382;80.00000;20.00000;0.71784;2
319.99600; 89.25000;      -1.38584; 69.78016;80.00000;20.00000;0.71780;2
320.07001; 89.26333;      -1.38603; 69.74989;80.00000;20.00000;0.71775;2
320.12701; 89.27667;      -1.38579; 69.72646;80.00000;20.00000;0.71772;2
320.19800; 89.29000;      -1.38608; 69.69718;80.00000;20.00000;0.71767;2
320.26599; 89.30333;      -1.38647; 69.67863;80.00000;20.00000;0.71763;2
320.32901; 89.31667;      -1.38738; 69.64837;80.00000;20.00000;0.71759;2
320.39600; 89.33000;      -1.38777; 69.63567;80.00000;20.00000;0.71755;2
320.46701; 89.34333;      -1.38796; 69.60541;80.00000;20.00000;0.71751;2
320.52802; 89.35667;      -1.38772; 69.59175;80.00000;20.00000;0.71747;2
320.58801; 89.37000;      -1.38800; 69.56539;80.00000;20.00000;0.71743;2
320.66400; 89.38333;      -1.38830; 69.54879;80.00000;20.00000;0.71738;2
320.72198; 89.39667;      -1.38878; 69.52146;80.00000;20.00000;0.71735;2
320.78699; 89.41000;      -1.38938; 69.49510;80.00000;20.00000;0.71731;2
320.85400; 89.42333;      -1.39018; 69.47265;80.00000;20.00000;0.71727;2
320.92899; 89.43667;      -1.38892; 69.44531;80.00000;20.00000;0.71722;2
320.98700; 89.45000;      -1.38993; 69.41407;80.00000;20.00000;0.71719;2
321.05801; 89.46333;      -1.39001; 69.40138;80.00000;20.00000;0.71714;2
321.11899; 89.47667;      -1.39019; 69.37698;80.00000;20.00000;0.71710;2
321.18201; 89.49000;      -1.39016; 69.35257;80.00000;20.00000;0.71707;2
321.25500; 89.50333;      -1.39056; 69.34086;80.00000;20.00000;0.71702;2
321.32501; 89.51667;      -1.39116; 69.31059;80.00000;20.00000;0.71698;2
321.38599; 89.53000;      -1.39155; 69.29205;80.00000;20.00000;0.71694;2
321.45200; 89.54333;      -1.39204; 69.26276;80.00000;20.00000;0.71690;2
321.51999; 89.55667;      -1.39254; 69.24421;80.00000;20.00000;0.71686;2
321.58499; 89.57000;      -1.39272; 69.21492;80.00000;20.00000;0.71682;2
321.65701; 89.58333;      -1.39270; 69.19540;80.00000;20.00000;0.71677;2
321.71600; 89.59667;      -1.39412; 69.16709;80.00000;20.00000;0.71674;2
321.78101; 89.61000;      -1.39347; 69.14757;80.00000;20.00000;0.71670;2
321.85300; 89.62333;      -1.39356; 69.11828;80.00000;20.00000;0.71665;2
321.92200; 89.63667;      -1.39489; 69.09094;80.00000;20.00000;0.71661;2
321.97699; 89.65000;      -1.39558; 69.06947;80.00000;20.00000;0.71658;2
322.06400; 89.66333;      -1.39537; 69.04213;80.00000;20.00000;0.71652;2
322.12299; 89.67667;      -1.39596; 69.01285;80.00000;20.00000;0.71649;2
322.19601; 89.69000;      -1.39678; 68.99723;80.00000;20.00000;0.71644;2
322.24701; 89.70333;      -1.39632; 68.96501;80.00000;20.00000;0.71641;2
322.31601; 89.71667;      -1.39651; 68.94939;80.00000;20.00000;0.71637;2
322.39200; 89.73000;      -1.39660; 68.91620;80.00000;20.00000;0.71632;2
322.46100; 89.74333;      -1.39710; 68.88887;80.00000;20.00000;0.71628;2
322.52499; 89.75667;      -1.39738; 68.86739;80.00000;20.00000;0.71624;2
322.59698; 89.77000;      -1.39809; 68.84006;80.00000;20.00000;0.71619;2
322.65500; 89.78333;      -1.39868; 68.81370;80.00000;20.00000;0.71616;2
322.72000; 89.79667;      -1.39876; 68.79125;80.00000;20.00000;0.71612;2
322.79099; 89.81000;      -1.39864; 68.76001;80.00000;20.00000;0.71607;2
322.85599; 89.82333;      -1.39861; 68.72779;80.00000;20.00000;0.71603;2
322.92300; 89.83667;      -1.39880; 68.70924;80.00000;20.00000;0.71599;2
322.97400; 89.85000;      -1.39927; 68.67410;80.00000;20.00000;0.71596;2
323.04901; 89.86333;      -1.39978; 68.64384;80.00000;20.00000;0.71592;2
323.11899; 89.87667;      -1.39955; 68.62041;80.00000;20.00000;0.71587;2
323.18900; 89.89000;      -1.39943; 68.58917;80.00000;20.00000;0.71583;2
323.25601; 89.90333;      -1.39982; 68.55988;80.00000;20.00000;0.71579;2
323.31500; 89.91667;      -1.40010; 68.52864;80.00000;20.00000;0.71575;2
323.39001; 89.93000;      -1.39998; 68.49936;80.00000;20.00000;0.71571;2
323.44000; 89.94333;      -1.40056; 68.46812;80.00000;20.00000;0.71567;2
323.51999; 89.95667;      -1.40128; 68.44859;80.00000;20.00000;0.71563;2
323.56900; 89.97000;      -1.40155; 68.42321;80.00000;20.00000;0.71560;2
323.65302; 89.98333;      -1.40165; 68.40076;80.00000;20.00000;0.71554;2
323.71701; 89.99667;      -1.40256; 68.37342;80.00000;20.00000;0.71550;2
323.78000; 90.01000;      -1.40264; 68.34999;80.00000;20.00000;0.71547;2
323.84500; 90.02333;      -1.40261; 68.31778;80.00000;20.00000;0.71543;2
323.91501; 90.03667;      -1.40311; 68.30216;80.00000;20.00000;0.71538;2
323.98401; 90.05000;      -1.40309; 68.27678;80.00000;20.00000;0.71534;2
324.04700; 90.06333;      -1.40348; 68.25432;80.00000;20.00000;0.71530;2
324.12000; 90.07667;      -1.40346; 68.22699;80.00000;20.00000;0.71526;2
324.18301; 90.09000;      -1.40406; 68.20454;80.00000;20.00000;0.71522;2
324.24500; 90.10333;      -1.40414; 68.17330;80.00000;20.00000;0.71518;2
324.31100; 90.11667;      -1.40401; 68.15377;80.00000;20.00000;0.71514;2
324.38199; 90.13000;      -1.40472; 68.12546;80.00000;20.00000;0.71510;2
324.44199; 90.14333;      -1.40489; 68.09813;80.00000;20.00000;0.71506;2
324.52100; 90.15667;      -1.40613; 68.06884;80.00000;20.00000;0.71501;2
324.57800; 90.17000;      -1.40620; 68.04346;80.00000;20.00000;0.71498;2
324.64200; 90.18333;      -1.40597; 68.01417;80.00000;20.00000;0.71494;2
324.71701; 90.19667;      -1.40575; 67.98391;80.00000;20.00000;0.71489;2
324.77899; 90.21000;      -1.40645; 67.95267;80.00000;20.00000;0.71485;2
324.84601; 90.22333;      -1.40705; 67.93608;80.00000;20.00000;0.71481;2
324.90900; 90.23667;      -1.40723; 67.90386;80.00000;20.00000;0.71477;2
324.97800; 90.25000;      -1.40742; 67.87750;80.00000;20.00000;0.71473;2
325.04501; 90.26333;      -1.40739; 67.84529;80.00000;20.00000;0.71469;2
325.10901; 90.27667;      -1.40705; 67.81600;80.00000;20.00000;0.71465;2
325.17700; 90.29000;      -1.40703; 67.78672;80.00000;20.00000;0.71461;2
325.24500; 90.30333;      -1.40753; 67.75743;80.00000;20.00000;0.71457;2
325.31500; 90.31667;      -1.40782; 67.72033;80.00000;20.00000;0.71452;2
325.37000; 90.33000;      -1.40841; 67.69886;80.00000;20.00000;0.71449;2
325.44101; 90.34333;      -1.40891; 67.66176;80.00000;20.00000;0.71445;2
325.50601; 90.35667;      -1.40931; 67.63247;80.00000;20.00000;0.71441;2
325.57401; 90.37000;      -1.40835; 67.60221;80.00000;20.00000;0.71436;2
325.63800; 90.38333;      -1.40884; 67.57488;80.00000;20.00000;0.71432;2
325.71301; 90.39667;      -1.41018; 67.54266;80.00000;20.00000;0.71428;2
325.77600; 90.41000;      -1.41036; 67.52704;80.00000;20.00000;0.71424;2
325.84799; 90.42333;      -1.40993; 67.48506;80.00000;20.00000;0.71420;2
325.90601; 90.43667;      -1.41000; 67.46847;80.00000;20.00000;0.71416;2
325.97699; 90.45000;      -1.41061; 67.42356;80.00000;20.00000;0.71412;2
326.03400; 90.46333;      -1.41047; 67.40501;80.00000;20.00000;0.71408;2
326.11600; 90.47667;      -1.41109; 67.37085;80.00000;20.00000;0.71403;2
326.17300; 90.49000;      -1.41063; 67.34839;80.00000;20.00000;0.71400;2
326.24500; 90.50333;      -1.41083; 67.31715;80.00000;20.00000;0.71395;2
326.30899; 90.51667;      -1.41049; 67.29470;80.00000;20.00000;0.71391;2
326.37201; 90.53000;      -1.41098; 67.26151;80.00000;20.00000;0.71387;2
326.44800; 90.54333;      -1.41170; 67.23418;80.00000;20.00000;0.71383;2
326.51199; 90.55667;      -1.41198; 67.20587;80.00000;20.00000;0.71379;2
326.56601; 90.57000;      -1.41205; 67.17853;80.00000;20.00000;0.71376;2
326.64401; 90.58333;      -1.41225; 67.15022;80.00000;20.00000;0.71371;2
326.70499; 90.59667;      -1.41243; 67.12191;80.00000;20.00000;0.71367;2
326.77600; 90.61000;      -1.41272; 67.09262;80.00000;20.00000;0.71363;2
326.83600; 90.62333;      -1.41259; 67.06431;80.00000;20.00000;0.71359;2
326.90399; 90.63667;      -1.41288; 67.03503;80.00000;20.00000;0.71355;2
326.97299; 90.65000;      -1.41286; 67.00574;80.00000;20.00000;0.71351;2
327.03699; 90.66333;      -1.41366; 66.97645;80.00000;20.00000;0.71347;2
327.10599; 90.67667;      -1.41427; 66.95205;80.00000;20.00000;0.71343;2
327.17801; 90.69000;      -1.41425; 66.92276;80.00000;20.00000;0.71338;2
327.23499; 90.70333;      -1.41464; 66.89347;80.00000;20.00000;0.71335;2
327.30899; 90.71667;      -1.41483; 66.86419;80.00000;20.00000;0.71330;2
327.37601; 90.73000;      -1.41491; 66.83490;80.00000;20.00000;0.71326;2
327.42999; 90.74333;      -1.41550; 66.80073;80.00000;20.00000;0.71323;2
327.50400; 90.75667;      -1.41590; 66.77145;80.00000;20.00000;0.71318;2
327.57001; 90.77000;      -1.41630; 66.73728;80.00000;20.00000;0.71314;2
327.63901; 90.78333;      -1.41701; 66.71287;80.00000;20.00000;0.71310;2
327.71100; 90.79667;      -1.41657; 66.67871;80.00000;20.00000;0.71305;2
327.76700; 90.81000;      -1.41664; 66.64942;80.00000;20.00000;0.71302;2
327.83701; 90.82333;      -1.41683; 66.61525;80.00000;20.00000;0.71298;2
327.91000; 90.83667;      -1.41734; 66.59085;80.00000;20.00000;0.71293;2
327.96701; 90.85000;      -1.41720; 66.55473;80.00000;20.00000;0.71290;2
328.04901; 90.86333;      -1.41698; 66.53423;80.00000;20.00000;0.71285;2
328.10199; 90.87667;      -1.41736; 66.50299;80.00000;20.00000;0.71282;2
328.17700; 90.89000;      -1.41756; 66.46882;80.00000;20.00000;0.71277;2
328.23099; 90.90333;      -1.41856; 66.43856;80.00000;20.00000;0.71274;2
328.30301; 90.91667;      -1.41938; 66.41318;80.00000;20.00000;0.71269;2
328.36600; 90.93000;      -1.41956; 66.37803;80.00000;20.00000;0.71265;2
328.42899; 90.94333;      -1.41901; 66.35265;80.00000;20.00000;0.71262;2
328.50699; 90.95667;      -1.41858; 66.31653;80.00000;20.00000;0.71257;2
328.56000; 90.97000;      -1.41896; 66.28920;80.00000;20.00000;0.71254;2
328.64301; 90.98333;      -1.41948; 66.25893;80.00000;20.00000;0.71248;2
328.71100; 90.99667;      -1.42009; 66.23355;80.00000;20.00000;0.71244;2
328.77100; 91.01000;      -1.42089; 66.20134;80.00000;20.00000;0.71241;2
328.82999; 91.02333;      -1.42107; 66.17595;80.00000;20.00000;0.71237;2
328.90201; 91.03667;      -1.42157; 66.14374;80.00000;20.00000;0.71233;2
328.97000; 91.05000;      -1.42134; 66.10762;80.00000;20.00000;0.71229;2
329.03101; 91.06333;      -1.42205; 66.07833;80.00000;20.00000;0.71225;2
329.10199; 91.07667;      -1.42171; 66.05490;80.00000;20.00000;0.71220;2
329.16800; 91.09000;      -1.42211; 66.01976;80.00000;20.00000;0.71216;2
329.23199; 91.10333;      -1.42219; 65.99047;80.00000;20.00000;0.71213;2
329.29901; 91.11667;      -1.42310; 65.95826;80.00000;20.00000;0.71208;2
329.36099; 91.13000;      -1.42328; 65.92214;80.00000;20.00000;0.71205;2
329.42801; 91.14333;      -1.42358; 65.89285;80.00000;20.00000;0.71201;2
329.50299; 91.15667;      -1.42388; 65.86063;80.00000;20.00000;0.71196;2
329.56299; 91.17000;      -1.42426; 65.82451;80.00000;20.00000;0.71192;2
329.63400; 91.18333;      -1.42508; 65.79523;80.00000;20.00000;0.71188;2
329.69699; 91.19667;      -1.42547; 65.75618;80.00000;20.00000;0.71184;2
329.76599; 91.21000;      -1.42619; 65.72689;80.00000;20.00000;0.71180;2
329.83200; 91.22333;      -1.42700; 65.69468;80.00000;20.00000;0.71176;2
329.89801; 91.23667;      -1.42687; 65.66539;80.00000;20.00000;0.71172;2
329.96100; 91.25000;      -1.42716; 65.62927;80.00000;20.00000;0.71168;2
330.02701; 91.26333;      -1.42755; 65.59998;80.00000;20.00000;0.71164;2
330.08899; 91.27667;      -1.42784; 65.56777;80.00000;20.00000;0.71160;2
330.16599; 91.29000;      -1.42919; 65.53848;80.00000;20.00000;0.71156;2
330.23199; 91.30333;      -1.42937; 65.50920;80.00000;20.00000;0.71151;2
330.30301; 91.31667;      -1.42935; 65.47308;80.00000;20.00000;0.71147;2
330.36801; 91.33000;      -1.42996; 65.44379;80.00000;20.00000;0.71143;2
330.42499; 91.34333;      -1.43076; 65.41450;80.00000;20.00000;0.71140;2
330.49100; 91.35667;      -1.43147; 65.38229;80.00000;20.00000;0.71136;2
330.55301; 91.37000;      -1.43113; 65.34617;80.00000;20.00000;0.71132;2
330.62500; 91.38333;      -1.43174; 65.31688;80.00000;20.00000;0.71128;2
330.69601; 91.39667;      -1.43214; 65.28759;80.00000;20.00000;0.71123;2
330.75800; 91.41000;      -1.43243; 65.25538;80.00000;20.00000;0.71119;2
330.82501; 91.42333;      -1.43314; 65.22316;80.00000;20.00000;0.71115;2
330.89401; 91.43667;      -1.43395; 65.18509;80.00000;20.00000;0.71111;2
330.96201; 91.45000;      -1.43435; 65.15580;80.00000;20.00000;0.71107;2
331.01999; 91.46333;      -1.43474; 65.12554;80.00000;20.00000;0.71103;2
331.10001; 91.47667;      -1.43463; 65.08942;80.00000;20.00000;0.71099;2
331.15100; 91.49000;      -1.43574; 65.06111;80.00000;20.00000;0.71095;2
331.22900; 91.50333;      -1.43625; 65.03280;80.00000;20.00000;0.71091;2
331.29300; 91.51667;      -1.43633; 65.00351;80.00000;20.00000;0.71087;2
331.35199; 91.53000;      -1.43661; 64.97520;80.00000;20.00000;0.71083;2
331.42300; 91.54333;      -1.43754; 64.93811;80.00000;20.00000;0.71079;2
331.48801; 91.55667;      -1.43825; 64.90882;80.00000;20.00000;0.71075;2
331.55200; 91.57000;      -1.43927; 64.87953;80.00000;20.00000;0.71071;2
331.62299; 91.58333;      -1.43883; 64.84146;80.00000;20.00000;0.71067;2
331.70001; 91.59667;      -1.43977; 64.81413;80.00000;20.00000;0.71062;2
331.75299; 91.61000;      -1.43952; 64.78387;80.00000;20.00000;0.71059;2
331.81900; 91.62333;      -1.43970; 64.75458;80.00000;20.00000;0.71055;2
331.88699; 91.63667;      -1.44000; 64.71651;80.00000;20.00000;0.71051;2
331.95200; 91.65000;      -1.44123; 64.68820;80.00000;20.00000;0.71047;2
332.02200; 91.66333;      -1.44163; 64.64915;80.00000;20.00000;0.71042;2
332.08499; 91.67667;      -1.44213; 64.62084;80.00000;20.00000;0.71039;2
332.15799; 91.69000;      -1.44253; 64.58179;80.00000;20.00000;0.71034;2
332.22501; 91.70333;      -1.44304; 64.55445;80.00000;20.00000;0.71030;2
332.29001; 91.71667;      -1.44374; 64.52419;80.00000;20.00000;0.71026;2
332.35901; 91.73000;      -1.44404; 64.49393;80.00000;20.00000;0.71022;2
332.42401; 91.74333;      -1.44464; 64.46562;80.00000;20.00000;0.71018;2
332.48700; 91.75667;      -1.44535; 64.42755;80.00000;20.00000;0.71014;2
332.55801; 91.77000;      -1.44586; 64.40607;80.00000;20.00000;0.71010;2
332.62601; 91.78333;      -1.44605; 64.36995;80.00000;20.00000;0.71006;2
332.69601; 91.79667;      -1.44634; 64.34847;80.00000;20.00000;0.71001;2
332.75800; 91.81000;      -1.44632; 64.31235;80.00000;20.00000;0.70998;2
332.82199; 91.82333;      -1.44629; 64.29087;80.00000;20.00000;0.70994;2
332.88901; 91.83667;      -1.44648; 64.25475;80.00000;20.00000;0.70990;2
332.95300; 91.85000;      -1.44792; 64.23328;80.00000;20.00000;0.70986;2
333.01901; 91.86333;      -1.44769; 64.19716;80.00000;20.00000;0.70982;2
333.09500; 91.87667;      -1.44820; 64.16397;80.00000;20.00000;0.70977;2
333.15500; 91.89000;      -1.44838; 64.13956;80.00000;20.00000;0.70974;2
333.21500; 91.90333;      -1.44951; 64.10735;80.00000;20.00000;0.70970;2
333.28699; 91.91667;      -1.44981; 64.06732;80.00000;20.00000;0.70966;2
333.35001; 91.93000;      -1.45030; 64.04584;80.00000;20.00000;0.70962;2
333.41501; 91.94333;      -1.44986; 64.01168;80.00000;20.00000;0.70958;2
333.48499; 91.95667;      -1.45037; 63.98141;80.00000;20.00000;0.70953;2
333.55499; 91.97000;      -1.45056; 63.95213;80.00000;20.00000;0.70949;2
333.61099; 91.98333;      -1.45094; 63.91601;80.00000;20.00000;0.70946;2
333.67801; 91.99667;      -1.45155; 63.88770;80.00000;20.00000;0.70942;2
333.75500; 92.01000;      -1.45196; 63.85939;80.00000;20.00000;0.70937;2
333.82199; 92.02333;      -1.45204; 63.83108;80.00000;20.00000;0.70933;2
333.88000; 92.03667;      -1.45264; 63.80179;80.00000;20.00000;0.70929;2
333.94800; 92.05000;      -1.45378; 63.77348;80.00000;20.00000;0.70925;2
334.01599; 92.06333;      -1.45355; 63.74517;80.00000;20.00000;0.70921;2
334.08600; 92.07667;      -1.45374; 63.71588;80.00000;20.00000;0.70917;2
334.14999; 92.09000;      -1.45445; 63.68562;80.00000;20.00000;0.70913;2
334.22000; 92.10333;      -1.45475; 63.65828;80.00000;20.00000;0.70909;2
334.28101; 92.11667;      -1.45556; 63.62802;80.00000;20.00000;0.70905;2
334.34698; 92.13000;      -1.45564; 63.59873;80.00000;20.00000;0.70901;2
334.42200; 92.14333;      -1.45636; 63.57042;80.00000;20.00000;0.70897;2
334.48300; 92.15667;      -1.45675; 63.54309;80.00000;20.00000;0.70893;2
334.54800; 92.17000;      -1.45683; 63.51283;80.00000;20.00000;0.70889;2
334.61099; 92.18333;      -1.45765; 63.48549;80.00000;20.00000;0.70885;2
334.68500; 92.19667;      -1.45848; 63.45718;80.00000;20.00000;0.70881;2
334.75400; 92.21000;      -1.45898; 63.42594;80.00000;20.00000;0.70876;2
334.81799; 92.22333;      -1.45917; 63.40447;80.00000;20.00000;0.70873;2
334.87399; 92.23667;      -1.45913; 63.37811;80.00000;20.00000;0.70869;2
334.95300; 92.25000;      -1.45955; 63.34980;80.00000;20.00000;0.70864;2
335.00500; 92.26333;      -1.46056; 63.32149;80.00000;20.00000;0.70861;2
335.08099; 92.27667;      -1.46076; 63.29220;80.00000;20.00000;0.70857;2
335.14099; 92.29000;      -1.46052; 63.25413;80.00000;20.00000;0.70853;2
335.21399; 92.30333;      -1.46103; 63.23168;80.00000;20.00000;0.70849;2
335.27100; 92.31667;      -1.46089; 63.19848;80.00000;20.00000;0.70845;2
335.34601; 92.33000;      -1.46193; 63.16920;80.00000;20.00000;0.70841;2
335.42001; 92.34333;      -1.46318; 63.14089;80.00000;20.00000;0.70836;2
335.47800; 92.35667;      -1.46367; 63.10574;80.00000;20.00000;0.70833;2
335.54800; 92.37000;      -1.46397; 63.08427;80.00000;20.00000;0.70828;2
335.60999; 92.38333;      -1.46373; 63.05205;80.00000;20.00000;0.70825;2
335.67999; 92.39667;      -1.46393; 63.02374;80.00000;20.00000;0.70820;2
335.74600; 92.41000;      -1.46485; 62.98957;80.00000;20.00000;0.70816;2
335.81201; 92.42333;      -1.46598; 62.96126;80.00000;20.00000;0.70812;2
335.87799; 92.43667;      -1.46638; 62.92710;80.00000;20.00000;0.70808;2
335.94199; 92.45000;      -1.46688; 62.90367;80.00000;20.00000;0.70804;2
336.01401; 92.46333;      -1.46750; 62.87438;80.00000;20.00000;0.70800;2
336.07999; 92.47667;      -1.46905; 62.85095;80.00000;20.00000;0.70796;2
336.14099; 92.49000;      -1.46903; 62.81678;80.00000;20.00000;0.70792;2
336.20801; 92.50333;      -1.46943; 62.79335;80.00000;20.00000;0.70788;2
336.27499; 92.51667;      -1.46951; 62.75919;80.00000;20.00000;0.70784;2
336.34299; 92.53000;      -1.46970; 62.73869;80.00000;20.00000;0.70780;2
336.41101; 92.54333;      -1.47021; 62.70061;80.00000;20.00000;0.70776;2
336.47299; 92.55667;      -1.47092; 62.68011;80.00000;20.00000;0.70772;2
336.54999; 92.57000;      -1.47165; 62.64692;80.00000;20.00000;0.70768;2
336.61401; 92.58333;      -1.47362; 62.61763;80.00000;20.00000;0.70764;2
336.68201; 92.59667;      -1.47339; 62.58640;80.00000;20.00000;0.70760;2
336.74100; 92.61000;      -1.47336; 62.56980;80.00000;20.00000;0.70756;2
336.81601; 92.62333;      -1.47461; 62.53954;80.00000;20.00000;0.70752;2
336.88000; 92.63667;      -1.47511; 62.50927;80.00000;20.00000;0.70748;2
336.94601; 92.65000;      -1.47541; 62.48877;80.00000;20.00000;0.70744;2
337.01199; 92.66333;      -1.47549; 62.46632;80.00000;20.00000;0.70740;2
337.07599; 92.67667;      -1.47578; 62.43411;80.00000;20.00000;0.70736;2
337.14600; 92.69000;      -1.47682; 62.41458;80.00000;20.00000;0.70732;2
337.20801; 92.70333;      -1.47700; 62.38627;80.00000;20.00000;0.70728;2
337.28299; 92.71667;      -1.47825; 62.36186;80.00000;20.00000;0.70723;2
337.34399; 92.73000;      -1.47791; 62.33746;80.00000;20.00000;0.70720;2
337.40100; 92.74333;      -1.47851; 62.30720;80.00000;20.00000;0.70716;2
337.47699; 92.75667;      -1.47860; 62.28670;80.00000;20.00000;0.70712;2
337.54300; 92.77000;      -1.47911; 62.26522;80.00000;20.00000;0.70708;2
337.61600; 92.78333;      -1.47994; 62.23203;80.00000;20.00000;0.70703;2
337.67300; 92.79667;      -1.48085; 62.20177;80.00000;20.00000;0.70700;2
337.74600; 92.81000;      -1.48221; 62.18126;80.00000;20.00000;0.70695;2
337.80899; 92.82333;      -1.48240; 62.15491;80.00000;20.00000;0.70692;2
337.88300; 92.83667;      -1.48260; 62.12660;80.00000;20.00000;0.70687;2
337.94699; 92.85000;      -1.48215; 62.09340;80.00000;20.00000;0.70683;2
338.01700; 92.86333;      -1.48308; 62.06998;80.00000;20.00000;0.70679;2
338.07800; 92.87667;      -1.48453; 62.05143;80.00000;20.00000;0.70675;2
338.14001; 92.89000;      -1.48482; 62.02116;80.00000;20.00000;0.70672;2
338.21100; 92.90333;      -1.48512; 62.00359;80.00000;20.00000;0.70667;2
338.27701; 92.91667;      -1.48552; 61.96845;80.00000;20.00000;0.70663;2
338.34900; 92.93000;      -1.48582; 61.95185;80.00000;20.00000;0.70659;2
338.40100; 92.94333;      -1.48652; 61.92159;80.00000;20.00000;0.70656;2
338.46500; 92.95667;      -1.48755; 61.90304;80.00000;20.00000;0.70652;2
338.53699; 92.97000;      -1.48880; 61.87571;80.00000;20.00000;0.70648;2
338.60800; 92.98333;      -1.48910; 61.86009;80.00000;20.00000;0.70643;2
338.67300; 92.99667;      -1.48918; 61.83080;80.00000;20.00000;0.70639;2
338.72900; 93.01000;      -1.48947; 61.81518;80.00000;20.00000;0.70636;2
338.80899; 93.02333;      -1.49094; 61.78492;80.00000;20.00000;0.70631;2
338.85699; 93.03667;      -1.49089; 61.76832;80.00000;20.00000;0.70628;2
338.93301; 93.05000;      -1.49110; 61.73806;80.00000;20.00000;0.70624;2
339.00601; 93.06333;      -1.49193; 61.72147;80.00000;20.00000;0.70619;2
339.07700; 93.07667;      -1.49297; 61.69218;80.00000;20.00000;0.70615;2
339.12799; 93.09000;      -1.49377; 61.66289;80.00000;20.00000;0.70612;2
339.20700; 93.10333;      -1.49387; 61.64532;80.00000;20.00000;0.70607;2
339.26901; 93.11667;      -1.49406; 61.62677;80.00000;20.00000;0.70603;2
339.33401; 93.13000;      -1.49519; 61.60334;80.00000;20.00000;0.70600;2
339.39600; 93.14333;      -1.49601; 61.58187;80.00000;20.00000;0.70596;2
339.46899; 93.15667;      -1.49674; 61.55746;80.00000;20.00000;0.70591;2
339.53000; 93.17000;      -1.49745; 61.53696;80.00000;20.00000;0.70588;2
339.60400; 93.18333;      -1.49849; 61.50572;80.00000;20.00000;0.70583;2
339.68100; 93.19667;      -1.49828; 61.49303;80.00000;20.00000;0.70579;2
339.73700; 93.21000;      -1.49845; 61.46765;80.00000;20.00000;0.70575;2
339.80600; 93.22333;      -1.49844; 61.45105;80.00000;20.00000;0.70571;2
339.87000; 93.23667;      -1.49926; 61.43153;80.00000;20.00000;0.70567;2
339.94299; 93.25000;      -1.49924; 61.40615;80.00000;20.00000;0.70563;2
340.00900; 93.26333;      -1.49996; 61.38565;80.00000;20.00000;0.70559;2
340.07199; 93.27667;      -1.50057; 61.35441;80.00000;20.00000;0.70555;2
340.14200; 93.29000;      -1.50172; 61.34074;80.00000;20.00000;0.70551;2
340.20801; 93.30333;      -1.50233; 61.30657;80.00000;20.00000;0.70547;2
340.27200; 93.31667;      -1.50304; 61.29290;80.00000;20.00000;0.70543;2
340.32901; 93.33000;      -1.50312; 61.26948;80.00000;20.00000;0.70540;2
340.40799; 93.34333;      -1.50354; 61.24800;80.00000;20.00000;0.70535;2
340.48001; 93.35667;      -1.50331; 61.21774;80.00000;20.00000;0.70530;2
340.54300; 93.37000;      -1.50350; 61.20797;80.00000;20.00000;0.70527;2
340.60599; 93.38333;      -1.50516; 61.18650;80.00000;20.00000;0.70523;2
340.67700; 93.39667;      -1.50536; 61.16697;80.00000;20.00000;0.70519;2
340.73300; 93.41000;      -1.50522; 61.14257;80.00000;20.00000;0.70515;2
340.80200; 93.42333;      -1.50594; 61.12402;80.00000;20.00000;0.70511;2
340.86899; 93.43667;      -1.50656; 61.10157;80.00000;20.00000;0.70507;2
340.93600; 93.45000;      -1.50738; 61.08204;80.00000;20.00000;0.70503;2
340.99399; 93.46333;      -1.50746; 61.05959;80.00000;20.00000;0.70500;2
341.06799; 93.47667;      -1.50840; 61.04592;80.00000;20.00000;0.70495;2
341.13501; 93.49000;      -1.50870; 61.02347;80.00000;20.00000;0.70491;2
341.20599; 93.50333;      -1.50963; 61.00980;80.00000;20.00000;0.70487;2
341.26700; 93.51667;      -1.51003; 60.98832;80.00000;20.00000;0.70483;2
341.33600; 93.53000;      -1.50969; 60.96587;80.00000;20.00000;0.70479;2
341.40399; 93.54333;      -1.50999; 60.95709;80.00000;20.00000;0.70475;2
341.45999; 93.55667;      -1.51006; 60.94049;80.00000;20.00000;0.70471;2
341.53101; 93.57000;      -1.51090; 60.92878;80.00000;20.00000;0.70467;2
341.59201; 93.58333;      -1.51193; 60.90535;80.00000;20.00000;0.70464;2
341.66699; 93.59667;      -1.51255; 60.89461;80.00000;20.00000;0.70459;2
341.72800; 93.61000;      -1.51274; 60.88192;80.00000;20.00000;0.70455;2
341.79300; 93.62333;      -1.51335; 60.85849;80.00000;20.00000;0.70451;2
341.86301; 93.63667;      -1.51365; 60.84775;80.00000;20.00000;0.70447;2
341.93301; 93.65000;      -1.51363; 60.83506;80.00000;20.00000;0.70443;2
342.00201; 93.66333;      -1.51383; 60.80772;80.00000;20.00000;0.70439;2
342.06201; 93.67667;      -1.51507; 60.79796;80.00000;20.00000;0.70435;2
342.13000; 93.69000;      -1.51463; 60.77356;80.00000;20.00000;0.70431;2
342.19901; 93.70333;      -1.51504; 60.75794;80.00000;20.00000;0.70427;2
342.26801; 93.71667;      -1.51608; 60.73939;80.00000;20.00000;0.70423;2
342.33499; 93.73000;      -1.51712; 60.71791;80.00000;20.00000;0.70419;2
342.39600; 93.74333;      -1.51762; 60.70132;80.00000;20.00000;0.70415;2
342.46100; 93.75667;      -1.51791; 60.67691;80.00000;20.00000;0.70411;2
342.52899; 93.77000;      -1.51874; 60.66617;80.00000;20.00000;0.70407;2
342.58499; 93.78333;      -1.51998; 60.63786;80.00000;20.00000;0.70404;2
342.66299; 93.79667;      -1.52050; 60.62712;80.00000;20.00000;0.70399;2
342.72501; 93.81000;      -1.52016; 60.61150;80.00000;20.00000;0.70395;2
342.79501; 93.82333;      -1.52088; 60.58612;80.00000;20.00000;0.70391;2
342.86301; 93.83667;      -1.52097; 60.57148;80.00000;20.00000;0.70387;2
342.93201; 93.85000;      -1.52191; 60.55195;80.00000;20.00000;0.70383;2
342.99200; 93.86333;      -1.52283; 60.52755;80.00000;20.00000;0.70379;2
343.05899; 93.87667;      -1.52281; 60.51974;80.00000;20.00000;0.70375;2
343.12799; 93.89000;      -1.52259; 60.50021;80.00000;20.00000;0.70371;2
343.20200; 93.90333;      -1.52321; 60.48264;80.00000;20.00000;0.70367;2
343.26099; 93.91667;      -1.52382; 60.46117;80.00000;20.00000;0.70363;2
343.32501; 93.93000;      -1.52443; 60.44848;80.00000;20.00000;0.70359;2
343.39801; 93.94333;      -1.52611; 60.42602;80.00000;20.00000;0.70355;2
343.46600; 93.95667;      -1.52588; 60.41626;80.00000;20.00000;0.70351;2
343.53201; 93.97000;      -1.52629; 60.40064;80.00000;20.00000;0.70347;2
343.59698; 93.98333;      -1.52616; 60.38014;80.00000;20.00000;0.70343;2
343.65799; 93.99667;      -1.52613; 60.36062;80.00000;20.00000;0.70340;2
343.73700; 94.01000;      -1.52645; 60.33816;80.00000;20.00000;0.70335;2
343.79300; 94.02333;      -1.52726; 60.32645;80.00000;20.00000;0.70331;2
343.87000; 94.03667;      -1.52821; 60.29911;80.00000;20.00000;0.70327;2
343.93100; 94.05000;      -1.52956; 60.28740;80.00000;20.00000;0.70323;2
344.00000; 94.06333;      -1.52901; 60.26983;80.00000;20.00000;0.70319;2
344.06601; 94.07667;      -1.52910; 60.24445;80.00000;20.00000;0.70315;2
344.13699; 94.09000;      -1.52962; 60.23468;80.00000;20.00000;0.70311;2
344.20200; 94.10333;      -1.53034; 60.21516;80.00000;20.00000;0.70307;2
344.26501; 94.11667;      -1.53063; 60.19271;80.00000;20.00000;0.70303;2
344.32501; 94.13000;      -1.53135; 60.18099;80.00000;20.00000;0.70300;2
344.39999; 94.14333;      -1.53123; 60.15951;80.00000;20.00000;0.70295;2
344.47198; 94.15667;      -1.53175; 60.14292;80.00000;20.00000;0.70291;2
344.53799; 94.17000;      -1.53184; 60.12730;80.00000;20.00000;0.70287;2
344.59799; 94.18333;      -1.53297; 60.10387;80.00000;20.00000;0.70283;2
344.65799; 94.19667;      -1.53390; 60.09411;80.00000;20.00000;0.70280;2
344.72699; 94.21000;      -1.53399; 60.07263;80.00000;20.00000;0.70275;2
344.79099; 94.22333;      -1.53344; 60.05506;80.00000;20.00000;0.70272;2
344.85400; 94.23667;      -1.53458; 60.04237;80.00000;20.00000;0.70268;2
344.92999; 94.25000;      -1.53500; 60.01699;80.00000;20.00000;0.70263;2
344.99600; 94.26333;      -1.53477; 60.01113;80.00000;20.00000;0.70259;2
345.05899; 94.27667;      -1.53601; 59.99063;80.00000;20.00000;0.70256;2
345.13300; 94.29000;      -1.53569; 59.96818;80.00000;20.00000;0.70251;2
345.18900; 94.30333;      -1.53629; 59.96232;80.00000;20.00000;0.70248;2
345.26501; 94.31667;      -1.53671; 59.94865;80.00000;20.00000;0.70243;2
345.32101; 94.33000;      -1.53699; 59.92815;80.00000;20.00000;0.70240;2
345.39301; 94.34333;      -1.53730; 59.90863;80.00000;20.00000;0.70236;2
345.45700; 94.35667;      -1.53844; 59.90765;80.00000;20.00000;0.70232;2
345.52100; 94.37000;      -1.53874; 59.89105;80.00000;20.00000;0.70228;2
345.58401; 94.38333;      -1.53914; 59.87739;80.00000;20.00000;0.70224;2
345.65799; 94.39667;      -1.53998; 59.85201;80.00000;20.00000;0.70220;2
345.72800; 94.41000;      -1.53965; 59.84908;80.00000;20.00000;0.70216;2
345.79599; 94.42333;      -1.54016; 59.83248;80.00000;20.00000;0.70211;2
345.86099; 94.43667;      -1.54046; 59.81881;80.00000;20.00000;0.70208;2
345.92300; 94.45000;      -1.54128; 59.80124;80.00000;20.00000;0.70204;2
345.99200; 94.46333;      -1.54148; 59.79050;80.00000;20.00000;0.70200;2
346.05801; 94.47667;      -1.54220; 59.77391;80.00000;20.00000;0.70196;2
346.12900; 94.49000;      -1.54230; 59.76415;80.00000;20.00000;0.70192;2
346.18600; 94.50333;      -1.54290; 59.73974;80.00000;20.00000;0.70188;2
346.26001; 94.51667;      -1.54342; 59.73193;80.00000;20.00000;0.70184;2
346.31799; 94.53000;      -1.54329; 59.72022;80.00000;20.00000;0.70180;2
346.39401; 94.54333;      -1.54392; 59.69776;80.00000;20.00000;0.70176;2
346.45999; 94.55667;      -1.54390; 59.68507;80.00000;20.00000;0.70172;2
346.52600; 94.57000;      -1.54462; 59.67531;80.00000;20.00000;0.70168;2
346.58401; 94.58333;      -1.54544; 59.66359;80.00000;20.00000;0.70164;2
346.66501; 94.59667;      -1.54587; 59.64505;80.00000;20.00000;0.70160;2
346.72699; 94.61000;      -1.54584; 59.63236;80.00000;20.00000;0.70156;2
346.78900; 94.62333;      -1.54709; 59.61283;80.00000;20.00000;0.70152;2
346.85501; 94.63667;      -1.54718; 59.60405;80.00000;20.00000;0.70148;2
346.92401; 94.65000;      -1.54759; 59.59233;80.00000;20.00000;0.70144;2
346.99899; 94.66333;      -1.54779; 59.58257;80.00000;20.00000;0.70140;2
347.05701; 94.67667;      -1.54872; 59.55231;80.00000;20.00000;0.70136;2
347.13501; 94.69000;      -1.54829; 59.54938;80.00000;20.00000;0.70131;2
347.18701; 94.70333;      -1.54931; 59.53766;80.00000;20.00000;0.70128;2
347.26300; 94.71667;      -1.54920; 59.52400;80.00000;20.00000;0.70124;2
347.32001; 94.73000;      -1.55045; 59.49959;80.00000;20.00000;0.70120;2
347.39600; 94.74333;      -1.55012; 59.49178;80.00000;20.00000;0.70116;2
347.45700; 94.75667;      -1.54999; 59.47616;80.00000;20.00000;0.70112;2
347.52600; 94.77000;      -1.55008; 59.46249;80.00000;20.00000;0.70108;2
347.59000; 94.78333;      -1.55027; 59.44980;80.00000;20.00000;0.70104;2
347.65601; 94.79667;      -1.55174; 59.43028;80.00000;20.00000;0.70100;2
347.73199; 94.81000;      -1.55131; 59.42442;80.00000;20.00000;0.70096;2
347.79901; 94.82333;      -1.55310; 59.41075;80.00000;20.00000;0.70092;2
347.85999; 94.83667;      -1.55233; 59.40197;80.00000;20.00000;0.70088;2
347.92999; 94.85000;      -1.55231; 59.37561;80.00000;20.00000;0.70084;2
348.00000; 94.86333;      -1.55251; 59.36780;80.00000;20.00000;0.70080;2
348.06299; 94.87667;      -1.55313; 59.36194;80.00000;20.00000;0.70076;2
348.13199; 94.89000;      -1.55375; 59.34730;80.00000;20.00000;0.70072;2
348.20599; 94.90333;      -1.55459; 59.32680;80.00000;20.00000;0.70068;2
348.25500; 94.91667;      -1.55508; 59.31020;80.00000;20.00000;0.70065;2
348.33301; 94.93000;      -1.55550; 59.30923;80.00000;20.00000;0.70060;2
348.40100; 94.94333;      -1.55612; 59.29166;80.00000;20.00000;0.70056;2
348.46799; 94.95667;      -1.55526; 59.28287;80.00000;20.00000;0.70052;2
348.52802; 94.97000;      -1.55555; 59.27311;80.00000;20.00000;0.70048;2
348.59399; 94.98333;      -1.55574; 59.25554;80.00000;20.00000;0.70044;2
348.66299; 94.99667;      -1.55615; 59.24382;80.00000;20.00000;0.70040;2
348.73401; 95.01000;      -1.55614; 59.23699;80.00000;20.00000;0.70036;2
348.80801; 95.02333;      -1.55688; 59.22332;80.00000;20.00000;0.70032;2
348.87100; 95.03667;      -1.55675; 59.21649;80.00000;20.00000;0.70028;2
348.92700; 95.05000;      -1.55703; 59.19891;80.00000;20.00000;0.70025;2
348.98401; 95.06333;      -1.55732; 59.18720;80.00000;20.00000;0.70021;2
349.06699; 95.07667;      -1.55807; 59.18525;80.00000;20.00000;0.70016;2
349.13199; 95.09000;      -1.55784; 59.17841;80.00000;20.00000;0.70012;2
349.20099; 95.10333;      -1.55899; 59.17060;80.00000;20.00000;0.70008;2
349.26901; 95.11667;      -1.55887; 59.15010;80.00000;20.00000;0.70004;2
349.32300; 95.13000;      -1.55905; 59.13839;80.00000;20.00000;0.70001;2
349.39301; 95.14333;      -1.55935; 59.13448;80.00000;20.00000;0.69997;2
349.45499; 95.15667;      -1.55922; 59.12570;80.00000;20.00000;0.69993;2
349.52701; 95.17000;      -1.55911; 59.11398;80.00000;20.00000;0.69989;2
349.59100; 95.18333;      -1.55940; 59.10324;80.00000;20.00000;0.69985;2
349.66901; 95.19667;      -1.55951; 59.09934;80.00000;20.00000;0.69980;2
349.72900; 95.21000;      -1.55991; 59.08372;80.00000;20.00000;0.69977;2
349.79001; 95.22333;      -1.56041; 59.07396;80.00000;20.00000;0.69973;2
349.85800; 95.23667;      -1.56135; 59.06517;80.00000;20.00000;0.69969;2
349.92401; 95.25000;      -1.56112; 59.05248;80.00000;20.00000;0.69965;2
350.00000; 95.26333;      -1.56112; 59.03784;80.00000;20.00000;0.69961;2
350.06000; 95.27667;      -1.56162; 59.03393;80.00000;20.00000;0.69957;2
350.13300; 95.29000;      -1.56151; 59.02515;80.00000;20.00000;0.69953;2
350.19699; 95.30333;      -1.56095; 59.01539;80.00000;20.00000;0.69949;2
350.26901; 95.31667;      -1.56158; 59.00660;80.00000;20.00000;0.69945;2
350.32101; 95.33000;      -1.56186; 58.99586;80.00000;20.00000;0.69942;2
350.38300; 95.34333;      -1.56184; 58.99098;80.00000;20.00000;0.69938;2
350.45300; 95.35667;      -1.56193; 58.98317;80.00000;20.00000;0.69934;2
350.53299; 95.37000;      -1.56257; 58.97536;80.00000;20.00000;0.69929;2
350.58801; 95.38333;      -1.56307; 58.96657;80.00000;20.00000;0.69926;2
350.65799; 95.39667;      -1.56327; 58.95388;80.00000;20.00000;0.69922;2
350.73801; 95.41000;      -1.56433; 58.93534;80.00000;20.00000;0.69917;2
350.79800; 95.42333;      -1.56441; 58.93631;80.00000;20.00000;0.69913;2
350.86499; 95.43667;      -1.56439; 58.93045;80.00000;20.00000;0.69909;2
350.92801; 95.45000;      -1.56459; 58.92264;80.00000;20.00000;0.69906;2
350.99399; 95.46333;      -1.56489; 58.91093;80.00000;20.00000;0.69902;2
351.06000; 95.47667;      -1.56508; 58.90117;80.00000;20.00000;0.69898;2
351.13000; 95.49000;      -1.56517; 58.89336;80.00000;20.00000;0.69894;2
351.19101; 95.50333;      -1.56547; 58.87676;80.00000;20.00000;0.69890;2
351.25500; 95.51667;      -1.56523; 58.86212;80.00000;20.00000;0.69886;2
351.32101; 95.53000;      -1.56575; 58.86212;80.00000;20.00000;0.69882;2
351.39099; 95.54333;      -1.56659; 58.85724;80.00000;20.00000;0.69878;2
351.45401; 95.55667;      -1.56656; 58.84650;80.00000;20.00000;0.69874;2
351.51999; 95.57000;      -1.56697; 58.83771;80.00000;20.00000;0.69871;2
351.59000; 95.58333;      -1.56706; 58.82697;80.00000;20.00000;0.69866;2
351.65900; 95.59667;      -1.56716; 58.82014;80.00000;20.00000;0.69862;2
351.72299; 95.61000;      -1.56724; 58.81331;80.00000;20.00000;0.69858;2
351.79501; 95.62333;      -1.56787; 58.80452;80.00000;20.00000;0.69854;2
351.85901; 95.63667;      -1.56902; 58.78305;80.00000;20.00000;0.69850;2
351.92999; 95.65000;      -1.56954; 58.77914;80.00000;20.00000;0.69846;2
351.99301; 95.66333;      -1.56952; 58.77231;80.00000;20.00000;0.69842;2
352.06400; 95.67667;      -1.57004; 58.76254;80.00000;20.00000;0.69838;2
352.13300; 95.69000;      -1.57024; 58.75278;80.00000;20.00000;0.69834;2
352.19000; 95.70333;      -1.57096; 58.74302;80.00000;20.00000;0.69831;2
352.25400; 95.71667;      -1.57189; 58.73423;80.00000;20.00000;0.69827;2
352.32901; 95.73000;      -1.57231; 58.72057;80.00000;20.00000;0.69823;2
352.39200; 95.74333;      -1.57219; 58.70690;80.00000;20.00000;0.69819;2
352.45401; 95.75667;      -1.57270; 58.70397;80.00000;20.00000;0.69815;2
352.52701; 95.77000;      -1.57311; 58.69323;80.00000;20.00000;0.69811;2
352.59399; 95.78333;      -1.57267; 58.68542;80.00000;20.00000;0.69807;2
352.65201; 95.79667;      -1.57349; 58.67761;80.00000;20.00000;0.69803;2
352.72501; 95.81000;      -1.57391; 58.66492;80.00000;20.00000;0.69799;2
352.79099; 95.82333;      -1.57453; 58.64149;80.00000;20.00000;0.69795;2
352.85101; 95.83667;      -1.57589; 58.64149;80.00000;20.00000;0.69792;2
352.92401; 95.85000;      -1.57599; 58.63856;80.00000;20.00000;0.69787;2
352.98999; 95.86333;      -1.57608; 58.62392;80.00000;20.00000;0.69783;2
353.04999; 95.87667;      -1.57659; 58.61416;80.00000;20.00000;0.69780;2
353.12000; 95.89000;      -1.57593; 58.60244;80.00000;20.00000;0.69776;2
353.18900; 95.90333;      -1.57645; 58.58682;80.00000;20.00000;0.69772;2
353.25400; 95.91667;      -1.57718; 58.58585;80.00000;20.00000;0.69768;2
353.32199; 95.93000;      -1.57791; 58.57804;80.00000;20.00000;0.69764;2
353.38400; 95.94333;      -1.57874; 58.56925;80.00000;20.00000;0.69760;2
353.45200; 95.95667;      -1.57915; 58.56047;80.00000;20.00000;0.69756;2
353.51599; 95.97000;      -1.57956; 58.54875;80.00000;20.00000;0.69752;2
353.58099; 95.98333;      -1.58018; 58.53899;80.00000;20.00000;0.69748;2
353.66101; 95.99667;      -1.58093; 58.52923;80.00000;20.00000;0.69744;2
353.70999; 96.01000;      -1.58153; 58.51654;80.00000;20.00000;0.69741;2
353.78299; 96.02333;      -1.58184; 58.50189;80.00000;20.00000;0.69736;2
353.84399; 96.03667;      -1.58160; 58.49994;80.00000;20.00000;0.69733;2
353.91599; 96.05000;      -1.58191; 58.49311;80.00000;20.00000;0.69729;2
353.98001; 96.06333;      -1.58274; 58.48432;80.00000;20.00000;0.69725;2
354.04599; 96.07667;      -1.58358; 58.47554;80.00000;20.00000;0.69721;2
354.12299; 96.09000;      -1.58379; 58.46480;80.00000;20.00000;0.69716;2
354.19299; 96.10333;      -1.58378; 58.45406;80.00000;20.00000;0.69712;2
354.24600; 96.11667;      -1.58449; 58.43746;80.00000;20.00000;0.69709;2
354.31000; 96.13000;      -1.58458; 58.42477;80.00000;20.00000;0.69705;2
354.37500; 96.14333;      -1.58552; 58.42575;80.00000;20.00000;0.69701;2
354.44199; 96.15667;      -1.58550; 58.41892;80.00000;20.00000;0.69697;2
354.51300; 96.17000;      -1.58517; 58.41208;80.00000;20.00000;0.69693;2
354.57800; 96.18333;      -1.58654; 58.40134;80.00000;20.00000;0.69689;2
354.65100; 96.19667;      -1.58760; 58.38963;80.00000;20.00000;0.69685;2
354.70401; 96.21000;      -1.58810; 58.38280;80.00000;20.00000;0.69682;2
354.77499; 96.22333;      -1.58809; 58.37303;80.00000;20.00000;0.69678;2
354.85101; 96.23667;      -1.58862; 58.36327;80.00000;20.00000;0.69673;2
354.91901; 96.25000;      -1.58924; 58.34667;80.00000;20.00000;0.69669;2
354.97198; 96.26333;      -1.58899; 58.34179;80.00000;20.00000;0.69666;2
355.04999; 96.27667;      -1.58963; 58.34082;80.00000;20.00000;0.69662;2
355.11899; 96.29000;      -1.59005; 58.33106;80.00000;20.00000;0.69657;2
355.17700; 96.30333;      -1.59098; 58.32032;80.00000;20.00000;0.69654;2
355.24200; 96.31667;      -1.59128; 58.31055;80.00000;20.00000;0.69650;2
355.31400; 96.33000;      -1.59202; 58.30372;80.00000;20.00000;0.69646;2
355.38300; 96.34333;      -1.59158; 58.29591;80.00000;20.00000;0.69642;2
355.44400; 96.35667;      -1.59188; 58.28615;80.00000;20.00000;0.69638;2
355.50601; 96.37000;      -1.59217; 58.27639;80.00000;20.00000;0.69635;2
355.59000; 96.38333;      -1.59272; 58.26565;80.00000;20.00000;0.69630;2
355.65601; 96.39667;      -1.59302; 58.24905;80.00000;20.00000;0.69626;2
355.71301; 96.41000;      -1.59331; 58.24612;80.00000;20.00000;0.69622;2
355.77200; 96.42333;      -1.59403; 58.23929;80.00000;20.00000;0.69619;2
355.84500; 96.43667;      -1.59424; 58.23050;80.00000;20.00000;0.69615;2
355.90701; 96.45000;      -1.59443; 58.21977;80.00000;20.00000;0.69611;2
355.98499; 96.46333;      -1.59432; 58.20903;80.00000;20.00000;0.69606;2
356.04800; 96.47667;      -1.59473; 58.19927;80.00000;20.00000;0.69603;2
356.12000; 96.49000;      -1.59482; 58.19341;80.00000;20.00000;0.69598;2
356.17599; 96.50333;      -1.59554; 58.18365;80.00000;20.00000;0.69595;2
356.24799; 96.51667;      -1.59617; 58.16900;80.00000;20.00000;0.69591;2
356.31699; 96.53000;      -1.59659; 58.16607;80.00000;20.00000;0.69587;2
356.38501; 96.54333;      -1.59721; 58.16119;80.00000;20.00000;0.69583;2
356.44601; 96.55667;      -1.59719; 58.14655;80.00000;20.00000;0.69579;2
356.50601; 96.57000;      -1.59791; 58.14167;80.00000;20.00000;0.69576;2
356.56500; 96.58333;      -1.59874; 58.13386;80.00000;20.00000;0.69572;2
356.63901; 96.59667;      -1.59777; 58.12507;80.00000;20.00000;0.69568;2
356.70300; 96.61000;      -1.59807; 58.11433;80.00000;20.00000;0.69564;2
356.77399; 96.62333;      -1.59796; 58.09872;80.00000;20.00000;0.69560;2
356.83600; 96.63667;      -1.59943; 58.09579;80.00000;20.00000;0.69556;2
356.90900; 96.65000;      -1.59942; 58.09481;80.00000;20.00000;0.69552;2
356.97101; 96.66333;      -1.59929; 58.08017;80.00000;20.00000;0.69548;2
357.03299; 96.67667;      -1.59916; 58.07333;80.00000;20.00000;0.69545;2
357.10001; 96.69000;      -1.59915; 58.06552;80.00000;20.00000;0.69541;2
357.16101; 96.70333;      -1.59976; 58.05771;80.00000;20.00000;0.69537;2
357.23001; 96.71667;      -1.59996; 58.04990;80.00000;20.00000;0.69533;2
357.29901; 96.73000;      -1.60017; 58.03917;80.00000;20.00000;0.69529;2
357.36600; 96.74333;      -1.60026; 58.02940;80.00000;20.00000;0.69525;2
357.43500; 96.75667;      -1.60153; 58.01574;80.00000;20.00000;0.69521;2
357.49200; 96.77000;      -1.60128; 58.00109;80.00000;20.00000;0.69517;2
357.56699; 96.78333;      -1.60149; 57.99914;80.00000;20.00000;0.69513;2
357.63699; 96.79667;      -1.60170; 57.98450;80.00000;20.00000;0.69509;2
357.70499; 96.81000;      -1.60189; 57.97571;80.00000;20.00000;0.69505;2
357.76099; 96.82333;      -1.60229; 57.96888;80.00000;20.00000;0.69502;2
357.83801; 96.83667;      -1.60347; 57.96302;80.00000;20.00000;0.69497;2
357.89499; 96.85000;      -1.60397; 57.95033;80.00000;20.00000;0.69494;2
357.96399; 96.86333;      -1.60450; 57.93373;80.00000;20.00000;0.69490;2
358.02600; 96.87667;      -1.60501; 57.93178;80.00000;20.00000;0.69486;2
358.08600; 96.89000;      -1.60531; 57.92690;80.00000;20.00000;0.69483;2
358.15900; 96.90333;      -1.60530; 57.91909;80.00000;20.00000;0.69478;2
358.23499; 96.91667;      -1.60626; 57.90933;80.00000;20.00000;0.69474;2
358.29501; 96.93000;      -1.60623; 57.89761;80.00000;20.00000;0.69470;2
358.36700; 96.94333;      -1.60644; 57.88883;80.00000;20.00000;0.69466;2
358.43799; 96.95667;      -1.60696; 57.88102;80.00000;20.00000;0.69462;2
358.49399; 96.97000;      -1.60747; 57.87321;80.00000;20.00000;0.69459;2
358.56201; 96.98333;      -1.60788; 57.86247;80.00000;20.00000;0.69455;2
358.62299; 96.99667;      -1.60807; 57.85271;80.00000;20.00000;0.69451;2
358.69501; 97.01000;      -1.60817; 57.83806;80.00000;20.00000;0.69447;2
358.77701; 97.02333;      -1.60860; 57.82440;80.00000;20.00000;0.69442;2
358.82999; 97.03667;      -1.61007; 57.82342;80.00000;20.00000;0.69439;2
358.89899; 97.05000;      -1.60952; 57.81464;80.00000;20.00000;0.69435;2
358.96100; 97.06333;      -1.60928; 57.80585;80.00000;20.00000;0.69431;2
359.04001; 97.07667;      -1.60928; 57.79999;80.00000;20.00000;0.69426;2
359.10599; 97.09000;      -1.60927; 57.78730;80.00000;20.00000;0.69423;2
359.16599; 97.10333;      -1.60978; 57.77656;80.00000;20.00000;0.69419;2
359.23401; 97.11667;      -1.61019; 57.76973;80.00000;20.00000;0.69415;2
359.29999; 97.13000;      -1.61060; 57.76192;80.00000;20.00000;0.69411;2
359.36499; 97.14333;      -1.61144; 57.75411;80.00000;20.00000;0.69407;2
359.43600; 97.15667;      -1.61154; 57.73654;80.00000;20.00000;0.69403;2
359.49500; 97.17000;      -1.61119; 57.72775;80.00000;20.00000;0.69400;2
359.56400; 97.18333;      -1.61172; 57.72482;80.00000;20.00000;0.69396;2
359.63400; 97.19667;      -1.61181; 57.71604;80.00000;20.00000;0.69392;2
359.69400; 97.21000;      -1.61200; 57.70823;80.00000;20.00000;0.69388;2
359.76501; 97.22333;      -1.61231; 57.70335;80.00000;20.00000;0.69384;2
359.82999; 97.23667;      -1.61229; 57.69163;80.00000;20.00000;0.69380;2
359.89001; 97.25000;      -1.61248; 57.68382;80.00000;20.00000;0.69377;2
359.95599; 97.26333;      -1.61300; 57.67504;80.00000;20.00000;0.69373;2
360.02701; 97.27667;      -1.61310; 57.66625;80.00000;20.00000;0.69369;2
360.09201; 97.29000;      -1.61329; 57.66039;80.00000;20.00000;0.69365;2
360.16000; 97.30333;      -1.61317; 57.63892;80.00000;20.00000;0.69361;2
360.23401; 97.31667;      -1.61327; 57.63208;80.00000;20.00000;0.69356;2
360.29199; 97.33000;      -1.61325; 57.63013;80.00000;20.00000;0.69353;2
360.35901; 97.34333;      -1.61323; 57.62134;80.00000;20.00000;0.69349;2
360.43100; 97.35667;      -1.61408; 57.61256;80.00000;20.00000;0.69345;2
360.49200; 97.37000;      -1.61481; 57.60084;80.00000;20.00000;0.69341;2
360.56100; 97.38333;      -1.61533; 57.59011;80.00000;20.00000;0.69337;2
360.62201; 97.39667;      -1.61520; 57.58327;80.00000;20.00000;0.69334;2
360.70001; 97.41000;      -1.61563; 57.57156;80.00000;20.00000;0.69329;2
360.76001; 97.42333;      -1.61603; 57.55887;80.00000;20.00000;0.69326;2
360.82599; 97.43667;      -1.61537; 57.55594;80.00000;20.00000;0.69322;2
360.89001; 97.45000;      -1.61739; 57.55008;80.00000;20.00000;0.69318;2
360.95801; 97.46333;      -1.61716; 57.53739;80.00000;20.00000;0.69314;2
361.02899; 97.47667;      -1.61737; 57.52958;80.00000;20.00000;0.69310;2
361.09000; 97.49000;      -1.61777; 57.52275;80.00000;20.00000;0.69306;2
361.16199; 97.50333;      -1.61809; 57.51494;80.00000;20.00000;0.69302;2
361.22000; 97.51667;      -1.61849; 57.49834;80.00000;20.00000;0.69299;2
361.28601; 97.53000;      -1.61826; 57.49151;80.00000;20.00000;0.69295;2
361.34900; 97.54333;      -1.61866; 57.49248;80.00000;20.00000;0.69291;2
361.42300; 97.55667;      -1.61909; 57.48663;80.00000;20.00000;0.69287;2
361.48599; 97.57000;      -1.61982; 57.47882;80.00000;20.00000;0.69283;2
361.55399; 97.58333;      -1.62088; 57.46710;80.00000;20.00000;0.69279;2
361.61401; 97.59667;      -1.62096; 57.45832;80.00000;20.00000;0.69275;2
361.67899; 97.61000;      -1.62148; 57.45246;80.00000;20.00000;0.69272;2
361.74899; 97.62333;      -1.62168; 57.44660;80.00000;20.00000;0.69268;2
361.80399; 97.63667;      -1.62251; 57.43391;80.00000;20.00000;0.69264;2
361.87900; 97.65000;      -1.62369; 57.42415;80.00000;20.00000;0.69260;2
361.94501; 97.66333;      -1.62453; 57.41048;80.00000;20.00000;0.69256;2
362.01401; 97.67667;      -1.62420; 57.39877;80.00000;20.00000;0.69252;2
362.07599; 97.69000;      -1.62364; 57.39779;80.00000;20.00000;0.69248;2
362.15399; 97.70333;      -1.62342; 57.39096;80.00000;20.00000;0.69244;2
362.21500; 97.71667;      -1.62523; 57.37924;80.00000;20.00000;0.69240;2
362.28201; 97.73000;      -1.62672; 57.37143;80.00000;20.00000;0.69236;2
362.34698; 97.74333;      -1.62702; 57.36460;80.00000;20.00000;0.69233;2
362.42099; 97.75667;      -1.62712; 57.34703;80.00000;20.00000;0.69228;2
362.48599; 97.77000;      -1.62851; 57.33238;80.00000;20.00000;0.69224;2
362.55701; 97.78333;      -1.62806; 57.33336;80.00000;20.00000;0.69220;2
362.61401; 97.79667;      -1.62739; 57.32750;80.00000;20.00000;0.69217;2
362.68301; 97.81000;      -1.62867; 57.31969;80.00000;20.00000;0.69213;2
362.75299; 97.82333;      -1.62920; 57.30895;80.00000;20.00000;0.69209;2
362.82199; 97.83667;      -1.62929; 57.30017;80.00000;20.00000;0.69205;2
362.88101; 97.85000;      -1.63077; 57.29333;80.00000;20.00000;0.69201;2
362.95099; 97.86333;      -1.63011; 57.28357;80.00000;20.00000;0.69197;2
363.02100; 97.87667;      -1.63096; 57.27479;80.00000;20.00000;0.69193;2
363.08401; 97.89000;      -1.63170; 57.26405;80.00000;20.00000;0.69190;2
363.16000; 97.90333;      -1.63298; 57.25429;80.00000;20.00000;0.69185;2
363.21201; 97.91667;      -1.63284; 57.23867;80.00000;20.00000;0.69182;2
363.27301; 97.93000;      -1.63282; 57.22890;80.00000;20.00000;0.69178;2
363.35101; 97.94333;      -1.63314; 57.22793;80.00000;20.00000;0.69174;2
363.41299; 97.95667;      -1.63420; 57.22012;80.00000;20.00000;0.69170;2
363.47800; 97.97000;      -1.63428; 57.21231;80.00000;20.00000;0.69166;2
363.54300; 97.98333;      -1.63373; 57.20840;80.00000;20.00000;0.69163;2
363.61099; 97.99667;      -1.63382; 57.19962;80.00000;20.00000;0.69159;2
363.68301; 98.01000;      -1.63554; 57.18693;80.00000;20.00000;0.69155;2
363.75601; 98.02333;      -1.63467; 57.17716;80.00000;20.00000;0.69150;2
363.81500; 98.03667;      -1.63604; 57.16740;80.00000;20.00000;0.69147;2
363.87799; 98.05000;      -1.63645; 57.16154;80.00000;20.00000;0.69143;2
363.94400; 98.06333;      -1.63644; 57.15569;80.00000;20.00000;0.69139;2
364.00800; 98.07667;      -1.63642; 57.14788;80.00000;20.00000;0.69136;2
364.07800; 98.09000;      -1.63630; 57.12933;80.00000;20.00000;0.69131;2
364.14301; 98.10333;      -1.63671; 57.12347;80.00000;20.00000;0.69128;2
364.20801; 98.11667;      -1.63799; 57.12152;80.00000;20.00000;0.69124;2
364.26999; 98.13000;      -1.63807; 57.11371;80.00000;20.00000;0.69120;2
364.34100; 98.14333;      -1.63795; 57.10395;80.00000;20.00000;0.69116;2
364.41000; 98.15667;      -1.63827; 57.08930;80.00000;20.00000;0.69112;2
364.47900; 98.17000;      -1.63847; 57.08149;80.00000;20.00000;0.69108;2
364.54901; 98.18333;      -1.63910; 57.07466;80.00000;20.00000;0.69104;2
364.60999; 98.19667;      -1.63962; 57.06685;80.00000;20.00000;0.69100;2
364.68301; 98.21000;      -1.63951; 57.05221;80.00000;20.00000;0.69096;2
364.75101; 98.22333;      -1.63971; 57.03854;80.00000;20.00000;0.69092;2
364.81500; 98.23667;      -1.63980; 57.03854;80.00000;20.00000;0.69088;2
364.87201; 98.25000;      -1.64031; 57.03171;80.00000;20.00000;0.69085;2
364.95200; 98.26333;      -1.64052; 57.02487;80.00000;20.00000;0.69080;2
365.02200; 98.27667;      -1.64051; 57.01609;80.00000;20.00000;0.69076;2
365.07599; 98.29000;      -1.64156; 57.00340;80.00000;20.00000;0.69073;2
365.15100; 98.30333;      -1.64145; 56.99656;80.00000;20.00000;0.69069;2
365.21500; 98.31667;      -1.64164; 56.98778;80.00000;20.00000;0.69065;2
365.28601; 98.33000;      -1.64142; 56.97021;80.00000;20.00000;0.69061;2
365.34900; 98.34333;      -1.64258; 56.96240;80.00000;20.00000;0.69057;2
365.40399; 98.35667;      -1.64298; 56.95556;80.00000;20.00000;0.69054;2
365.47900; 98.37000;      -1.64298; 56.94092;80.00000;20.00000;0.69050;2
365.53699; 98.38333;      -1.64306; 56.93506;80.00000;20.00000;0.69046;2
365.60599; 98.39667;      -1.64380; 56.92530;80.00000;20.00000;0.69042;2
365.67499; 98.41000;      -1.64401; 56.91554;80.00000;20.00000;0.69038;2
365.74701; 98.42333;      -1.64411; 56.90187;80.00000;20.00000;0.69034;2
365.81201; 98.43667;      -1.64430; 56.88723;80.00000;20.00000;0.69030;2
365.88199; 98.45000;      -1.64419; 56.88625;80.00000;20.00000;0.69026;2
365.94699; 98.46333;      -1.64503; 56.87844;80.00000;20.00000;0.69023;2
366.00601; 98.47667;      -1.64544; 56.86966;80.00000;20.00000;0.69019;2
366.07300; 98.49000;      -1.64607; 56.86380;80.00000;20.00000;0.69015;2
366.14700; 98.50333;      -1.64682; 56.85111;80.00000;20.00000;0.69011;2
366.20901; 98.51667;      -1.64637; 56.84134;80.00000;20.00000;0.69007;2
366.28299; 98.53000;      -1.64625; 56.82963;80.00000;20.00000;0.69003;2
366.33801; 98.54333;      -1.64676; 56.81303;80.00000;20.00000;0.69000;2
366.40799; 98.55667;      -1.64686; 56.80913;80.00000;20.00000;0.68996;2
366.47501; 98.57000;      -1.64738; 56.80522;80.00000;20.00000;0.68992;2
366.54599; 98.58333;      -1.64759; 56.78961;80.00000;20.00000;0.68988;2
366.60001; 98.59667;      -1.64691; 56.77984;80.00000;20.00000;0.68985;2
366.67200; 98.61000;      -1.64755; 56.77301;80.00000;20.00000;0.68980;2
366.74100; 98.62333;      -1.64818; 56.76520;80.00000;20.00000;0.68976;2
366.81000; 98.63667;      -1.64850; 56.75153;80.00000;20.00000;0.68972;2
366.88501; 98.65000;      -1.64892; 56.73201;80.00000;20.00000;0.68968;2
366.94199; 98.66333;      -1.64933; 56.73006;80.00000;20.00000;0.68965;2
367.01099; 98.67667;      -1.65007; 56.72127;80.00000;20.00000;0.68961;2
367.07401; 98.69000;      -1.65016; 56.71053;80.00000;20.00000;0.68957;2
367.14600; 98.70333;      -1.64972; 56.69882;80.00000;20.00000;0.68953;2
367.20300; 98.71667;      -1.65001; 56.68905;80.00000;20.00000;0.68950;2
367.27301; 98.73000;      -1.65054; 56.67148;80.00000;20.00000;0.68945;2
367.34000; 98.74333;      -1.65020; 56.66465;80.00000;20.00000;0.68942;2
367.40701; 98.75667;      -1.65008; 56.66563;80.00000;20.00000;0.68938;2
367.46899; 98.77000;      -1.65060; 56.65977;80.00000;20.00000;0.68934;2
367.54800; 98.78333;      -1.65049; 56.65293;80.00000;20.00000;0.68929;2
367.61099; 98.79667;      -1.65091; 56.64512;80.00000;20.00000;0.68926;2
367.66599; 98.81000;      -1.65120; 56.63634;80.00000;20.00000;0.68923;2
367.73099; 98.82333;      -1.65215; 56.62755;80.00000;20.00000;0.68919;2
367.80099; 98.83667;      -1.65193; 56.61877;80.00000;20.00000;0.68915;2
367.86700; 98.85000;      -1.65191; 56.60315;80.00000;20.00000;0.68911;2
367.93799; 98.86333;      -1.65223; 56.59436;80.00000;20.00000;0.68907;2
368.00299; 98.87667;      -1.65242; 56.59143;80.00000;20.00000;0.68903;2
368.06699; 98.89000;      -1.65316; 56.58265;80.00000;20.00000;0.68899;2
368.13501; 98.90333;      -1.65293; 56.57484;80.00000;20.00000;0.68895;2
368.20099; 98.91667;      -1.65292; 56.56800;80.00000;20.00000;0.68892;2
368.26501; 98.93000;      -1.65355; 56.55531;80.00000;20.00000;0.68888;2
368.33600; 98.94333;      -1.65418; 56.54457;80.00000;20.00000;0.68884;2
368.40100; 98.95667;      -1.65471; 56.53481;80.00000;20.00000;0.68880;2
368.47000; 98.97000;      -1.65513; 56.52798;80.00000;20.00000;0.68876;2
368.53500; 98.98333;      -1.65511; 56.51431;80.00000;20.00000;0.68872;2
368.60501; 98.99667;      -1.65532; 56.49869;80.00000;20.00000;0.68868;2
368.66501; 99.01000;      -1.65529; 56.49479;80.00000;20.00000;0.68865;2
368.73700; 99.02333;      -1.65528; 56.48600;80.00000;20.00000;0.68860;2
368.79901; 99.03667;      -1.65667; 56.47722;80.00000;20.00000;0.68857;2
368.86099; 99.05000;      -1.65697; 56.47233;80.00000;20.00000;0.68853;2
368.92499; 99.06333;      -1.65717; 56.45671;80.00000;20.00000;0.68850;2
368.98801; 99.07667;      -1.65715; 56.44695;80.00000;20.00000;0.68846;2
369.06699; 99.09000;      -1.65726; 56.44012;80.00000;20.00000;0.68841;2
369.13000; 99.10333;      -1.65691; 56.43231;80.00000;20.00000;0.68838;2
369.19199; 99.11667;      -1.65743; 56.42255;80.00000;20.00000;0.68834;2
369.26700; 99.13000;      -1.65797; 56.40693;80.00000;20.00000;0.68830;2
369.33099; 99.14333;      -1.65882; 56.39033;80.00000;20.00000;0.68826;2
369.39700; 99.15667;      -1.65956; 56.38936;80.00000;20.00000;0.68822;2
369.46301; 99.17000;      -1.65954; 56.38447;80.00000;20.00000;0.68818;2
369.52899; 99.18333;      -1.66083; 56.37666;80.00000;20.00000;0.68815;2
369.59698; 99.19667;      -1.66146; 56.36690;80.00000;20.00000;0.68811;2
369.65601; 99.21000;      -1.66133; 56.35519;80.00000;20.00000;0.68807;2
369.72101; 99.22333;      -1.66131; 56.34640;80.00000;20.00000;0.68803;2
369.78799; 99.23667;      -1.66119; 56.33957;80.00000;20.00000;0.68800;2
369.85501; 99.25000;      -1.66171; 56.32785;80.00000;20.00000;0.68796;2
369.92599; 99.26333;      -1.66214; 56.31126;80.00000;20.00000;0.68792;2
369.99200; 99.27667;      -1.66223; 56.31321;80.00000;20.00000;0.68788;2
370.06000; 99.29000;      -1.66319; 56.31223;80.00000;20.00000;0.68784;2
370.13501; 99.30333;      -1.66351; 56.30735;80.00000;20.00000;0.68779;2
370.18799; 99.31667;      -1.66305; 56.30052;80.00000;20.00000;0.68776;2
370.25800; 99.33000;      -1.66358; 56.29076;80.00000;20.00000;0.68772;2
370.33401; 99.34333;      -1.66520; 56.28490;80.00000;20.00000;0.68768;2
370.39200; 99.35667;      -1.66604; 56.27709;80.00000;20.00000;0.68765;2
370.46500; 99.37000;      -1.66538; 56.25659;80.00000;20.00000;0.68760;2
370.53601; 99.38333;      -1.66537; 56.25171;80.00000;20.00000;0.68756;2
370.59201; 99.39667;      -1.66610; 56.24878;80.00000;20.00000;0.68753;2
370.66400; 99.41000;      -1.66653; 56.23999;80.00000;20.00000;0.68749;2
370.72900; 99.42333;      -1.66705; 56.23121;80.00000;20.00000;0.68745;2
370.79099; 99.43667;      -1.66747; 56.21656;80.00000;20.00000;0.68742;2
370.85101; 99.45000;      -1.66842; 56.20875;80.00000;20.00000;0.68738;2
370.92300; 99.46333;      -1.66830; 56.20094;80.00000;20.00000;0.68734;2
370.98401; 99.47667;      -1.66828; 56.19314;80.00000;20.00000;0.68730;2
371.06299; 99.49000;      -1.66817; 56.18142;80.00000;20.00000;0.68726;2
371.12900; 99.50333;      -1.66837; 56.16678;80.00000;20.00000;0.68722;2
371.18600; 99.51667;      -1.66921; 56.15506;80.00000;20.00000;0.68719;2
371.26001; 99.53000;      -1.66964; 56.15409;80.00000;20.00000;0.68714;2
371.32901; 99.54333;      -1.66995; 56.14725;80.00000;20.00000;0.68710;2
371.39600; 99.55667;      -1.66961; 56.13651;80.00000;20.00000;0.68707;2
371.46500; 99.57000;      -1.66982; 56.12578;80.00000;20.00000;0.68703;2
371.52399; 99.58333;      -1.67055; 56.11504;80.00000;20.00000;0.68699;2
371.59100; 99.59667;      -1.67119; 56.10918;80.00000;20.00000;0.68695;2
371.66901; 99.61000;      -1.67108; 56.09942;80.00000;20.00000;0.68691;2
371.72900; 99.62333;      -1.67149; 56.08770;80.00000;20.00000;0.68687;2
371.78799; 99.63667;      -1.67255; 56.07111;80.00000;20.00000;0.68684;2
371.85400; 99.65000;      -1.67297; 56.06720;80.00000;20.00000;0.68680;2
371.92099; 99.66333;      -1.67328; 56.06525;80.00000;20.00000;0.68676;2
371.98801; 99.67667;      -1.67337; 56.05842;80.00000;20.00000;0.68672;2
372.06000; 99.69000;      -1.67293; 56.04865;80.00000;20.00000;0.68668;2
372.13000; 99.70333;      -1.67325; 56.03889;80.00000;20.00000;0.68664;2
372.19699; 99.71667;      -1.67410; 56.02718;80.00000;20.00000;0.68660;2
372.26001; 99.73000;      -1.67387; 56.02132;80.00000;20.00000;0.68657;2
372.32599; 99.74333;      -1.67472; 56.01156;80.00000;20.00000;0.68653;2
372.38199; 99.75667;      -1.67480; 56.00277;80.00000;20.00000;0.68650;2
372.45599; 99.77000;      -1.67490; 55.99203;80.00000;20.00000;0.68645;2
372.52399; 99.78333;      -1.67565; 55.97544;80.00000;20.00000;0.68641;2
372.59100; 99.79667;      -1.67552; 55.96958;80.00000;20.00000;0.68638;2
372.65601; 99.81000;      -1.67583; 55.96372;80.00000;20.00000;0.68634;2
372.73001; 99.82333;      -1.67615; 55.95591;80.00000;20.00000;0.68630;2
372.79700; 99.83667;      -1.67614; 55.94713;80.00000;20.00000;0.68626;2
372.86301; 99.85000;      -1.67623; 55.93541;80.00000;20.00000;0.68622;2
372.91501; 99.86333;      -1.67652; 55.92467;80.00000;20.00000;0.68619;2
372.98401; 99.87667;      -1.67727; 55.91491;80.00000;20.00000;0.68615;2
373.05200; 99.89000;      -1.67737; 55.90417;80.00000;20.00000;0.68611;2
373.12201; 99.90333;      -1.67757; 55.88758;80.00000;20.00000;0.68607;2
373.19101; 99.91667;      -1.67767; 55.88172;80.00000;20.00000;0.68603;2
373.25400; 99.93000;      -1.67830; 55.87586;80.00000;20.00000;0.68599;2
373.32101; 99.94333;      -1.67840; 55.86805;80.00000;20.00000;0.68596;2
373.39600; 99.95667;      -1.67916; 55.85927;80.00000;20.00000;0.68591;2
373.45599; 99.97000;      -1.67967; 55.84755;80.00000;20.00000;0.68588;2
373.52802; 99.98333;      -1.67923; 55.83682;80.00000;20.00000;0.68584;2
373.58801; 99.99667;      -1.67943; 55.82803;80.00000;20.00000;0.68580;2
373.65302;100.01000;      -1.68006; 55.82120;80.00000;20.00000;0.68576;2
373.71799;100.02333;      -1.68059; 55.80362;80.00000;20.00000;0.68573;2
373.77600;100.03667;      -1.68110; 55.79386;80.00000;20.00000;0.68569;2
373.84399;100.05000;      -1.68174; 55.79093;80.00000;20.00000;0.68565;2
373.90399;100.06333;      -1.68194; 55.78215;80.00000;20.00000;0.68562;2
373.97400;100.07667;      -1.68182; 55.77336;80.00000;20.00000;0.68558;2
374.04599;100.09000;      -1.68235; 55.76262;80.00000;20.00000;0.68554;2
374.11899;100.10333;      -1.68235; 55.75188;80.00000;20.00000;0.68550;2
374.17801;100.11667;      -1.68211; 55.74212;80.00000;20.00000;0.68546;2
374.23801;100.13000;      -1.68295; 55.72748;80.00000;20.00000;0.68543;2
374.31500;100.14333;      -1.68295; 55.71967;80.00000;20.00000;0.68538;2
374.37799;100.15667;      -1.68304; 55.71967;80.00000;20.00000;0.68535;2
374.44101;100.17000;      -1.68345; 55.70600;80.00000;20.00000;0.68531;2
374.51599;100.18333;      -1.68432; 55.69624;80.00000;20.00000;0.68527;2
374.57101;100.19667;      -1.68473; 55.68648;80.00000;20.00000;0.68524;2
374.64899;100.21000;      -1.68505; 55.67867;80.00000;20.00000;0.68519;2
374.71301;100.22333;      -1.68514; 55.66891;80.00000;20.00000;0.68515;2
374.78500;100.23667;      -1.68557; 55.64743;80.00000;20.00000;0.68511;2
374.84201;100.25000;      -1.68652; 55.64548;80.00000;20.00000;0.68508;2
374.91699;100.26333;      -1.68739; 55.63864;80.00000;20.00000;0.68504;2
374.96500;100.27667;      -1.68757; 55.62986;80.00000;20.00000;0.68501;2
375.03699;100.29000;      -1.68756; 55.62302;80.00000;20.00000;0.68497;2
375.11401;100.30333;      -1.68810; 55.60643;80.00000;20.00000;0.68492;2
375.18399;100.31667;      -1.68907; 55.59569;80.00000;20.00000;0.68488;2
375.24701;100.33000;      -1.68883; 55.58788;80.00000;20.00000;0.68485;2
375.31799;100.34333;      -1.68991; 55.57616;80.00000;20.00000;0.68481;2
375.38800;100.35667;      -1.69012; 55.56640;80.00000;20.00000;0.68477;2
375.44800;100.37000;      -1.69021; 55.55762;80.00000;20.00000;0.68473;2
375.50400;100.38333;      -1.69040; 55.54200;80.00000;20.00000;0.68470;2
375.58099;100.39667;      -1.69029; 55.52931;80.00000;20.00000;0.68466;2
375.64600;100.41000;      -1.69005; 55.52638;80.00000;20.00000;0.68462;2
375.71500;100.42333;      -1.69004; 55.51662;80.00000;20.00000;0.68458;2
375.78400;100.43667;      -1.69036; 55.50392;80.00000;20.00000;0.68454;2
375.84100;100.45000;      -1.69087; 55.49416;80.00000;20.00000;0.68451;2
375.91299;100.46333;      -1.69054; 55.48733;80.00000;20.00000;0.68447;2
375.98300;100.47667;      -1.69118; 55.48147;80.00000;20.00000;0.68442;2
376.05200;100.49000;      -1.69172; 55.46780;80.00000;20.00000;0.68439;2
376.12100;100.50333;      -1.69160; 55.45609;80.00000;20.00000;0.68435;2
376.17999;100.51667;      -1.69201; 55.45804;80.00000;20.00000;0.68431;2
376.24600;100.53000;      -1.69134; 55.45218;80.00000;20.00000;0.68427;2
376.30801;100.54333;      -1.69219; 55.44438;80.00000;20.00000;0.68424;2
376.38901;100.55667;      -1.69176; 55.43559;80.00000;20.00000;0.68419;2
376.44501;100.57000;      -1.69195; 55.42680;80.00000;20.00000;0.68416;2
376.51401;100.58333;      -1.69259; 55.42095;80.00000;20.00000;0.68412;2
376.57300;100.59667;      -1.69267; 55.41118;80.00000;20.00000;0.68409;2
376.64200;100.61000;      -1.69277; 55.39947;80.00000;20.00000;0.68405;2
376.71201;100.62333;      -1.69320; 55.38678;80.00000;20.00000;0.68401;2
376.76599;100.63667;      -1.69371; 55.38678;80.00000;20.00000;0.68398;2
376.83701;100.65000;      -1.69370; 55.38092;80.00000;20.00000;0.68393;2
376.90601;100.66333;      -1.69424; 55.36530;80.00000;20.00000;0.68390;2
376.96701;100.67667;      -1.69508; 55.35652;80.00000;20.00000;0.68386;2
377.04001;100.69000;      -1.69486; 55.35066;80.00000;20.00000;0.68382;2
377.10599;100.70333;      -1.69495; 55.34090;80.00000;20.00000;0.68378;2
377.17001;100.71667;      -1.69505; 55.32723;80.00000;20.00000;0.68374;2
377.22699;100.73000;      -1.69611; 55.32040;80.00000;20.00000;0.68371;2
377.30600;100.74333;      -1.69666; 55.31356;80.00000;20.00000;0.68367;2
377.35901;100.75667;      -1.69651; 55.30087;80.00000;20.00000;0.68364;2
377.43500;100.77000;      -1.69673; 55.29404;80.00000;20.00000;0.68359;2
377.49899;100.78333;      -1.69671; 55.28428;80.00000;20.00000;0.68356;2
377.57401;100.79667;      -1.69693; 55.27549;80.00000;20.00000;0.68351;2
377.62900;100.81000;      -1.69733; 55.26963;80.00000;20.00000;0.68348;2
377.70099;100.82333;      -1.69787; 55.26280;80.00000;20.00000;0.68344;2
377.76901;100.83667;      -1.69928; 55.25304;80.00000;20.00000;0.68340;2
377.83401;100.85000;      -1.69991; 55.23254;80.00000;20.00000;0.68336;2
377.91699;100.86333;      -1.70036; 55.23058;80.00000;20.00000;0.68332;2
377.97000;100.87667;      -1.69945; 55.22277;80.00000;20.00000;0.68329;2
378.03799;100.89000;      -1.69966; 55.21399;80.00000;20.00000;0.68325;2
378.10699;100.90333;      -1.70008; 55.20325;80.00000;20.00000;0.68321;2
378.17099;100.91667;      -1.70039; 55.19153;80.00000;20.00000;0.68317;2
378.23700;100.93000;      -1.70049; 55.18275;80.00000;20.00000;0.68313;2
378.30301;100.94333;      -1.70102; 55.17787;80.00000;20.00000;0.68310;2
378.36401;100.95667;      -1.70252; 55.15639;80.00000;20.00000;0.68306;2
378.43900;100.97000;      -1.70208; 55.15053;80.00000;20.00000;0.68302;2
378.49899;100.98333;      -1.70271; 55.15053;80.00000;20.00000;0.68298;2
378.57199;100.99667;      -1.70282; 55.14370;80.00000;20.00000;0.68294;2
378.63199;101.01000;      -1.70345; 55.13589;80.00000;20.00000;0.68291;2
378.69199;101.02333;      -1.70299; 55.12613;80.00000;20.00000;0.68287;2
378.75400;101.03667;      -1.70340; 55.11539;80.00000;20.00000;0.68284;2
378.82401;101.05000;      -1.70350; 55.10953;80.00000;20.00000;0.68280;2
378.90399;101.06333;      -1.70395; 55.10270;80.00000;20.00000;0.68275;2
378.96301;101.07667;      -1.70392; 55.08805;80.00000;20.00000;0.68272;2
379.02802;101.09000;      -1.70467; 55.07634;80.00000;20.00000;0.68268;2
379.09799;101.10333;      -1.70520; 55.07048;80.00000;20.00000;0.68264;2
379.16501;101.11667;      -1.70563; 55.06072;80.00000;20.00000;0.68260;2
379.21899;101.13000;      -1.70647; 55.05584;80.00000;20.00000;0.68257;2
379.29800;101.14333;      -1.70625; 55.04217;80.00000;20.00000;0.68253;2
379.35800;101.15667;      -1.70623; 55.03143;80.00000;20.00000;0.68249;2
379.42401;101.17000;      -1.70709; 55.02265;80.00000;20.00000;0.68245;2
379.49100;101.18333;      -1.70795; 55.01581;80.00000;20.00000;0.68242;2
379.55399;101.19667;      -1.70804; 54.99824;80.00000;20.00000;0.68238;2
379.61700;101.21000;      -1.70889; 54.98848;80.00000;20.00000;0.68234;2
379.68100;101.22333;      -1.70942; 54.98067;80.00000;20.00000;0.68231;2
379.75299;101.23667;      -1.71007; 54.96993;80.00000;20.00000;0.68227;2
379.82901;101.25000;      -1.70974; 54.96700;80.00000;20.00000;0.68222;2
379.89200;101.26333;      -1.70961; 54.95919;80.00000;20.00000;0.68219;2
379.95499;101.27667;      -1.71036; 54.95041;80.00000;20.00000;0.68215;2
380.01999;101.29000;      -1.70980; 54.94065;80.00000;20.00000;0.68211;2
380.08600;101.30333;      -1.71087; 54.93186;80.00000;20.00000;0.68208;2
380.16101;101.31667;      -1.71185; 54.92112;80.00000;20.00000;0.68203;2
380.23099;101.33000;      -1.71206; 54.90745;80.00000;20.00000;0.68199;2
380.28699;101.34333;      -1.71225; 54.89964;80.00000;20.00000;0.68196;2
380.35800;101.35667;      -1.71312; 54.89086;80.00000;20.00000;0.68192;2
380.41800;101.37000;      -1.71452; 54.88207;80.00000;20.00000;0.68189;2
380.49399;101.38333;      -1.71441; 54.87719;80.00000;20.00000;0.68184;2
380.56201;101.39667;      -1.71429; 54.86157;80.00000;20.00000;0.68181;2
380.61700;101.41000;      -1.71513; 54.85181;80.00000;20.00000;0.68177;2
380.69101;101.42333;      -1.71600; 54.83814;80.00000;20.00000;0.68173;2
380.76199;101.43667;      -1.71632; 54.82350;80.00000;20.00000;0.68169;2
380.82101;101.45000;      -1.71619; 54.82155;80.00000;20.00000;0.68166;2
380.89999;101.46333;      -1.71608; 54.80983;80.00000;20.00000;0.68161;2
380.95300;101.47667;      -1.71627; 54.79909;80.00000;20.00000;0.68158;2
381.02600;101.49000;      -1.71703; 54.79324;80.00000;20.00000;0.68154;2
381.09000;101.50333;      -1.71777; 54.78543;80.00000;20.00000;0.68150;2
381.14999;101.51667;      -1.71819; 54.77469;80.00000;20.00000;0.68147;2
381.21899;101.53000;      -1.71873; 54.75614;80.00000;20.00000;0.68143;2
381.28400;101.54333;      -1.71893; 54.74638;80.00000;20.00000;0.68139;2
381.35300;101.55667;      -1.71925; 54.74540;80.00000;20.00000;0.68135;2
381.42099;101.57000;      -1.71967; 54.73954;80.00000;20.00000;0.68132;2
381.48599;101.58333;      -1.72042; 54.73173;80.00000;20.00000;0.68128;2
381.54700;101.59667;      -1.72062; 54.72100;80.00000;20.00000;0.68124;2
381.61899;101.61000;      -1.72050; 54.71026;80.00000;20.00000;0.68120;2
381.68600;101.62333;      -1.72016; 54.70245;80.00000;20.00000;0.68116;2
381.75900;101.63667;      -1.72125; 54.69269;80.00000;20.00000;0.68112;2
381.82700;101.65000;      -1.72190; 54.67609;80.00000;20.00000;0.68108;2
381.89700;101.66333;      -1.72211; 54.66145;80.00000;20.00000;0.68104;2
381.95700;101.67667;      -1.72154; 54.66242;80.00000;20.00000;0.68101;2
382.01901;101.69000;      -1.72173; 54.65657;80.00000;20.00000;0.68098;2
382.07700;101.70333;      -1.72215; 54.64876;80.00000;20.00000;0.68094;2
382.16000;101.71667;      -1.72172; 54.63607;80.00000;20.00000;0.68090;2
382.22299;101.73000;      -1.72225; 54.62337;80.00000;20.00000;0.68086;2
382.28799;101.74333;      -1.72256; 54.61654;80.00000;20.00000;0.68082;2
382.36301;101.75667;      -1.72245; 54.59897;80.00000;20.00000;0.68078;2
382.42099;101.77000;      -1.72286; 54.58628;80.00000;20.00000;0.68075;2
382.49500;101.78333;      -1.72286; 54.58335;80.00000;20.00000;0.68070;2
382.56500;101.79667;      -1.72307; 54.57163;80.00000;20.00000;0.68066;2
382.63599;101.81000;      -1.72350; 54.56187;80.00000;20.00000;0.68062;2
382.69000;101.82333;      -1.72314; 54.55309;80.00000;20.00000;0.68059;2
382.75000;101.83667;      -1.72300; 54.54235;80.00000;20.00000;0.68056;2
382.81201;101.85000;      -1.72255; 54.52575;80.00000;20.00000;0.68052;2
382.88901;101.86333;      -1.72200; 54.52087;80.00000;20.00000;0.68048;2
382.95499;101.87667;      -1.72188; 54.51794;80.00000;20.00000;0.68044;2
383.02802;101.89000;      -1.72231; 54.50720;80.00000;20.00000;0.68040;2
383.08301;101.90333;      -1.72206; 54.49842;80.00000;20.00000;0.68037;2
383.15302;101.91667;      -1.72227; 54.49061;80.00000;20.00000;0.68033;2
383.21201;101.93000;      -1.72236; 54.48378;80.00000;20.00000;0.68030;2
383.27399;101.94333;      -1.72244; 54.46132;80.00000;20.00000;0.68026;2
383.35300;101.95667;      -1.72234; 54.45449;80.00000;20.00000;0.68022;2
383.42801;101.97000;      -1.72256; 54.44961;80.00000;20.00000;0.68017;2
383.48599;101.98333;      -1.72264; 54.43985;80.00000;20.00000;0.68014;2
383.54901;101.99667;      -1.72273; 54.43399;80.00000;20.00000;0.68011;2
383.61401;102.01000;      -1.72315; 54.42520;80.00000;20.00000;0.68007;2
383.70099;102.02333;      -1.72306; 54.41349;80.00000;20.00000;0.68002;2
383.76001;102.03667;      -1.72303; 54.39982;80.00000;20.00000;0.67999;2
383.82300;102.05000;      -1.72302; 54.39006;80.00000;20.00000;0.67995;2
383.87701;102.06333;      -1.72320; 54.37249;80.00000;20.00000;0.67992;2
383.95901;102.07667;      -1.72310; 54.36077;80.00000;20.00000;0.67987;2
384.01700;102.09000;      -1.72362; 54.35980;80.00000;20.00000;0.67984;2
384.08899;102.10333;      -1.72427; 54.35101;80.00000;20.00000;0.67980;2
384.15201;102.11667;      -1.72415; 54.33832;80.00000;20.00000;0.67976;2
384.21799;102.13000;      -1.72380; 54.32660;80.00000;20.00000;0.67973;2
384.28799;102.14333;      -1.72368; 54.31977;80.00000;20.00000;0.67969;2
384.35901;102.15667;      -1.72291; 54.31782;80.00000;20.00000;0.67965;2
384.40900;102.17000;      -1.72342; 54.30806;80.00000;20.00000;0.67962;2
384.49100;102.18333;      -1.72332; 54.29927;80.00000;20.00000;0.67957;2
384.54599;102.19667;      -1.72318; 54.28951;80.00000;20.00000;0.67954;2
384.61801;102.21000;      -1.72372; 54.27779;80.00000;20.00000;0.67950;2
384.68399;102.22333;      -1.72371; 54.26120;80.00000;20.00000;0.67946;2
384.74899;102.23667;      -1.72402; 54.24655;80.00000;20.00000;0.67943;2
384.81400;102.25000;      -1.72488; 54.24558;80.00000;20.00000;0.67939;2
384.87399;102.26333;      -1.72518; 54.23777;80.00000;20.00000;0.67935;2
384.95599;102.27667;      -1.72563; 54.22605;80.00000;20.00000;0.67931;2
385.01001;102.29000;      -1.72571; 54.21434;80.00000;20.00000;0.67928;2
385.08200;102.30333;      -1.72537; 54.20458;80.00000;20.00000;0.67924;2
385.14899;102.31667;      -1.72536; 54.18993;80.00000;20.00000;0.67920;2
385.20599;102.33000;      -1.72577; 54.17822;80.00000;20.00000;0.67917;2
385.27802;102.34333;      -1.72664; 54.17627;80.00000;20.00000;0.67913;2
385.34500;102.35667;      -1.72707; 54.16748;80.00000;20.00000;0.67909;2
385.41699;102.37000;      -1.72717; 54.15869;80.00000;20.00000;0.67905;2
385.47400;102.38333;      -1.72758; 54.14991;80.00000;20.00000;0.67901;2
385.54800;102.39667;      -1.72758; 54.13819;80.00000;20.00000;0.67897;2
385.60901;102.41000;      -1.72767; 54.11574;80.00000;20.00000;0.67894;2
385.67599;102.42333;      -1.72798; 54.11086;80.00000;20.00000;0.67890;2
385.74100;102.43667;      -1.72863; 54.10695;80.00000;20.00000;0.67886;2
385.80899;102.45000;      -1.72872; 54.09914;80.00000;20.00000;0.67882;2
385.87000;102.46333;      -1.72892; 54.09036;80.00000;20.00000;0.67879;2
385.93301;102.47667;      -1.72890; 54.07572;80.00000;20.00000;0.67875;2
386.00900;102.49000;      -1.72967; 54.06888;80.00000;20.00000;0.67871;2
386.07199;102.50333;      -1.72987; 54.06107;80.00000;20.00000;0.67868;2
386.13699;102.51667;      -1.73030; 54.05326;80.00000;20.00000;0.67864;2
386.21399;102.53000;      -1.73085; 54.04155;80.00000;20.00000;0.67860;2
386.26801;102.54333;      -1.73180; 54.02788;80.00000;20.00000;0.67857;2
386.33301;102.55667;      -1.73190; 54.01617;80.00000;20.00000;0.67853;2
386.40900;102.57000;      -1.73266; 54.01909;80.00000;20.00000;0.67849;2
386.47400;102.58333;      -1.73309; 54.01129;80.00000;20.00000;0.67845;2
386.54700;102.59667;      -1.73341; 54.00445;80.00000;20.00000;0.67841;2
386.61700;102.61000;      -1.73428; 54.00055;80.00000;20.00000;0.67837;2
386.68100;102.62333;      -1.73448; 53.99567;80.00000;20.00000;0.67833;2
386.74399;102.63667;      -1.73479; 53.98981;80.00000;20.00000;0.67830;2
386.81699;102.65000;      -1.73490; 53.98102;80.00000;20.00000;0.67825;2
386.88300;102.66333;      -1.73554; 53.97126;80.00000;20.00000;0.67822;2
386.94400;102.67667;      -1.73541; 53.95564;80.00000;20.00000;0.67818;2
387.01300;102.69000;      -1.73540; 53.95271;80.00000;20.00000;0.67814;2
387.08099;102.70333;      -1.73594; 53.94881;80.00000;20.00000;0.67811;2
387.14600;102.71667;      -1.73647; 53.93514;80.00000;20.00000;0.67807;2
387.20999;102.73000;      -1.73690; 53.92635;80.00000;20.00000;0.67803;2
387.28299;102.74333;      -1.73711; 53.91757;80.00000;20.00000;0.67799;2
387.34799;102.75667;      -1.73677; 53.91171;80.00000;20.00000;0.67795;2
387.40601;102.77000;      -1.73707; 53.90000;80.00000;20.00000;0.67792;2
387.48099;102.78333;      -1.73696; 53.88535;80.00000;20.00000;0.67788;2
387.54800;102.79667;      -1.73695; 53.88438;80.00000;20.00000;0.67784;2
387.61499;102.81000;      -1.73715; 53.87950;80.00000;20.00000;0.67780;2
387.67801;102.82333;      -1.73691; 53.87266;80.00000;20.00000;0.67777;2
387.75299;102.83667;      -1.73691; 53.86290;80.00000;20.00000;0.67773;2
387.81100;102.85000;      -1.73766; 53.84728;80.00000;20.00000;0.67769;2
387.88000;102.86333;      -1.73765; 53.84045;80.00000;20.00000;0.67765;2
387.93799;102.87667;      -1.73762; 53.83264;80.00000;20.00000;0.67762;2
388.00699;102.89000;      -1.73772; 53.82385;80.00000;20.00000;0.67758;2
388.07001;102.90333;      -1.73869; 53.81311;80.00000;20.00000;0.67755;2
388.14700;102.91667;      -1.73814; 53.79749;80.00000;20.00000;0.67750;2
388.20700;102.93000;      -1.73812; 53.78773;80.00000;20.00000;0.67747;2
388.27301;102.94333;      -1.73810; 53.78675;80.00000;20.00000;0.67743;2
388.34399;102.95667;      -1.73843; 53.77894;80.00000;20.00000;0.67739;2
388.40799;102.97000;      -1.73885; 53.77016;80.00000;20.00000;0.67736;2
388.47400;102.98333;      -1.73883; 53.76040;80.00000;20.00000;0.67732;2
388.53101;102.99667;      -1.73837; 53.74868;80.00000;20.00000;0.67729;2
388.60400;103.01000;      -1.73858; 53.74087;80.00000;20.00000;0.67725;2
388.67401;103.02333;      -1.73934; 53.72232;80.00000;20.00000;0.67721;2
388.74301;103.03667;      -1.73922; 53.70963;80.00000;20.00000;0.67717;2
388.80899;103.05000;      -1.73877; 53.70573;80.00000;20.00000;0.67713;2
388.87601;103.06333;      -1.73887; 53.69597;80.00000;20.00000;0.67709;2
388.95099;103.07667;      -1.73930; 53.68620;80.00000;20.00000;0.67705;2
389.00500;103.09000;      -1.73993; 53.67156;80.00000;20.00000;0.67702;2
389.07401;103.10333;      -1.74047; 53.66473;80.00000;20.00000;0.67698;2
389.13101;103.11667;      -1.74067; 53.65692;80.00000;20.00000;0.67695;2
389.19800;103.13000;      -1.74065; 53.64325;80.00000;20.00000;0.67691;2
389.26801;103.14333;      -1.74064; 53.63154;80.00000;20.00000;0.67687;2
389.33200;103.15667;      -1.74052; 53.62958;80.00000;20.00000;0.67684;2
389.40302;103.17000;      -1.74073; 53.61787;80.00000;20.00000;0.67680;2
389.47000;103.18333;      -1.74094; 53.60908;80.00000;20.00000;0.67676;2
389.52499;103.19667;      -1.74146; 53.60127;80.00000;20.00000;0.67673;2
389.58701;103.21000;      -1.74177; 53.58956;80.00000;20.00000;0.67669;2
389.66501;103.22333;      -1.74221; 53.56808;80.00000;20.00000;0.67665;2
389.72900;103.23667;      -1.74318; 53.56320;80.00000;20.00000;0.67661;2
389.79300;103.25000;      -1.74295; 53.55930;80.00000;20.00000;0.67658;2
389.86200;103.26333;      -1.74272; 53.55051;80.00000;20.00000;0.67654;2
389.92200;103.27667;      -1.74302; 53.54270;80.00000;20.00000;0.67650;2
389.99701;103.29000;      -1.74291; 53.53099;80.00000;20.00000;0.67646;2
390.06100;103.30333;      -1.74300; 53.52220;80.00000;20.00000;0.67643;2
390.12900;103.31667;      -1.74288; 53.51439;80.00000;20.00000;0.67639;2
390.19501;103.33000;      -1.74529; 53.49194;80.00000;20.00000;0.67635;2
390.26401;103.34333;      -1.74473; 53.48803;80.00000;20.00000;0.67631;2
390.32999;103.35667;      -1.74494; 53.48022;80.00000;20.00000;0.67627;2
390.38901;103.37000;      -1.74568; 53.46948;80.00000;20.00000;0.67624;2
390.45999;103.38333;      -1.74634; 53.45972;80.00000;20.00000;0.67620;2
390.52301;103.39667;      -1.74676; 53.44020;80.00000;20.00000;0.67617;2
390.58499;103.41000;      -1.74718; 53.43239;80.00000;20.00000;0.67613;2
390.65701;103.42333;      -1.74717; 53.43336;80.00000;20.00000;0.67609;2
390.72699;103.43667;      -1.74749; 53.42165;80.00000;20.00000;0.67605;2
390.79199;103.45000;      -1.74836; 53.41286;80.00000;20.00000;0.67601;2
390.86200;103.46333;      -1.74868; 53.40310;80.00000;20.00000;0.67598;2
390.92801;103.47667;      -1.74845; 53.38846;80.00000;20.00000;0.67594;2
390.98901;103.49000;      -1.74931; 53.38553;80.00000;20.00000;0.67590;2
391.05099;103.50333;      -1.74973; 53.37967;80.00000;20.00000;0.67587;2
391.12601;103.51667;      -1.74984; 53.36796;80.00000;20.00000;0.67583;2
391.19000;103.53000;      -1.75004; 53.36112;80.00000;20.00000;0.67579;2
391.25500;103.54333;      -1.75002; 53.35429;80.00000;20.00000;0.67575;2
391.33099;103.55667;      -1.75002; 53.34550;80.00000;20.00000;0.67571;2
391.39301;103.57000;      -1.74967; 53.33672;80.00000;20.00000;0.67568;2
391.46399;103.58333;      -1.75033; 53.32696;80.00000;20.00000;0.67564;2
391.53101;103.59667;      -1.75010; 53.31134;80.00000;20.00000;0.67560;2
391.59500;103.61000;      -1.75096; 53.30353;80.00000;20.00000;0.67556;2
391.65201;103.62333;      -1.75104; 53.29865;80.00000;20.00000;0.67553;2
391.71701;103.63667;      -1.75158; 53.28400;80.00000;20.00000;0.67550;2
391.79599;103.65000;      -1.75235; 53.27814;80.00000;20.00000;0.67545;2
391.86099;103.66333;      -1.75201; 53.26936;80.00000;20.00000;0.67541;2
391.92200;103.67667;      -1.75254; 53.25374;80.00000;20.00000;0.67538;2
391.99600;103.69000;      -1.75386; 53.23910;80.00000;20.00000;0.67534;2
392.05899;103.70333;      -1.75351; 53.23031;80.00000;20.00000;0.67530;2
392.12701;103.71667;      -1.75383; 53.22055;80.00000;20.00000;0.67527;2
392.20200;103.73000;      -1.75416; 53.21079;80.00000;20.00000;0.67522;2
392.26199;103.74333;      -1.75370; 53.19517;80.00000;20.00000;0.67519;2
392.32101;103.75667;      -1.75345; 53.17857;80.00000;20.00000;0.67516;2
392.38800;103.77000;      -1.75399; 53.17759;80.00000;20.00000;0.67512;2
392.45300;103.78333;      -1.75375; 53.16783;80.00000;20.00000;0.67508;2
392.52701;103.79667;      -1.75342; 53.15416;80.00000;20.00000;0.67504;2
392.58200;103.81000;      -1.75339; 53.14831;80.00000;20.00000;0.67501;2
392.65701;103.82333;      -1.75416; 53.14245;80.00000;20.00000;0.67497;2
392.71500;103.83667;      -1.75491; 53.13562;80.00000;20.00000;0.67494;2
392.78699;103.85000;      -1.75523; 53.12097;80.00000;20.00000;0.67490;2
392.84900;103.86333;      -1.75455; 53.11023;80.00000;20.00000;0.67486;2
392.92001;103.87667;      -1.75509; 53.10438;80.00000;20.00000;0.67482;2
392.98300;103.89000;      -1.75541; 53.09462;80.00000;20.00000;0.67479;2
393.04800;103.90333;      -1.75616; 53.09071;80.00000;20.00000;0.67475;2
393.12100;103.91667;      -1.75594; 53.07704;80.00000;20.00000;0.67471;2
393.19000;103.93000;      -1.75604; 53.06630;80.00000;20.00000;0.67467;2
393.26599;103.94333;      -1.75637; 53.05850;80.00000;20.00000;0.67463;2
393.32101;103.95667;      -1.75623; 53.05166;80.00000;20.00000;0.67460;2
393.38101;103.97000;      -1.75698; 53.03409;80.00000;20.00000;0.67456;2
393.45099;103.98333;      -1.75664; 53.02530;80.00000;20.00000;0.67452;2
393.52399;103.99667;      -1.75730; 53.01945;80.00000;20.00000;0.67448;2
393.57599;104.01000;      -1.75738; 53.00968;80.00000;20.00000;0.67445;2
393.65601;104.02333;      -1.75804; 53.00383;80.00000;20.00000;0.67441;2
393.72101;104.03667;      -1.75814; 52.98821;80.00000;20.00000;0.67437;2
393.78799;104.05000;      -1.75846; 52.98137;80.00000;20.00000;0.67434;2
393.84399;104.06333;      -1.75832; 52.97161;80.00000;20.00000;0.67430;2
393.91501;104.07667;      -1.75831; 52.95502;80.00000;20.00000;0.67426;2
393.98099;104.09000;      -1.75907; 52.94916;80.00000;20.00000;0.67423;2
394.05099;104.10333;      -1.75928; 52.94330;80.00000;20.00000;0.67419;2
394.12201;104.11667;      -1.75950; 52.92963;80.00000;20.00000;0.67415;2
394.18500;104.13000;      -1.76003; 52.92280;80.00000;20.00000;0.67411;2
394.25101;104.14333;      -1.76035; 52.91206;80.00000;20.00000;0.67408;2
394.31601;104.15667;      -1.76066; 52.89742;80.00000;20.00000;0.67404;2
394.39600;104.17000;      -1.76067; 52.89254;80.00000;20.00000;0.67400;2
394.44299;104.18333;      -1.76008; 52.88570;80.00000;20.00000;0.67397;2
394.52100;104.19667;      -1.76052; 52.87497;80.00000;20.00000;0.67393;2
394.58701;104.21000;      -1.76117; 52.86716;80.00000;20.00000;0.67389;2
394.64200;104.22333;      -1.76114; 52.84958;80.00000;20.00000;0.67386;2
394.71100;104.23667;      -1.76102; 52.83592;80.00000;20.00000;0.67382;2
394.78500;104.25000;      -1.76113; 52.83494;80.00000;20.00000;0.67378;2
394.85300;104.26333;      -1.76134; 52.82713;80.00000;20.00000;0.67374;2
394.91400;104.27667;      -1.76198; 52.81542;80.00000;20.00000;0.67371;2
394.98099;104.29000;      -1.76164; 52.80370;80.00000;20.00000;0.67367;2
395.04599;104.30333;      -1.76151; 52.79394;80.00000;20.00000;0.67363;2
395.11700;104.31667;      -1.76150; 52.77930;80.00000;20.00000;0.67359;2
395.18100;104.33000;      -1.76237; 52.76758;80.00000;20.00000;0.67356;2
395.26099;104.34333;      -1.76315; 52.76563;80.00000;20.00000;0.67351;2
395.33099;104.35667;      -1.76237; 52.75099;80.00000;20.00000;0.67347;2
395.39001;104.37000;      -1.76279; 52.74025;80.00000;20.00000;0.67344;2
395.44699;104.38333;      -1.76243; 52.73341;80.00000;20.00000;0.67341;2
395.52600;104.39667;      -1.76265; 52.71975;80.00000;20.00000;0.67336;2
395.57901;104.41000;      -1.76339; 52.70022;80.00000;20.00000;0.67333;2
395.64801;104.42333;      -1.76294; 52.69827;80.00000;20.00000;0.67330;2
395.71600;104.43667;      -1.76359; 52.68948;80.00000;20.00000;0.67326;2
395.78101;104.45000;      -1.76380; 52.67875;80.00000;20.00000;0.67322;2
395.84799;104.46333;      -1.76379; 52.66703;80.00000;20.00000;0.67318;2
395.90799;104.47667;      -1.76410; 52.65727;80.00000;20.00000;0.67315;2
395.96500;104.49000;      -1.76462; 52.64263;80.00000;20.00000;0.67312;2
396.04599;104.50333;      -1.76529; 52.63091;80.00000;20.00000;0.67307;2
396.11600;104.51667;      -1.76473; 52.62896;80.00000;20.00000;0.67304;2
396.18201;104.53000;      -1.76472; 52.62017;80.00000;20.00000;0.67300;2
396.23901;104.54333;      -1.76524; 52.61139;80.00000;20.00000;0.67297;2
396.30801;104.55667;      -1.76634; 52.60260;80.00000;20.00000;0.67293;2
396.38000;104.57000;      -1.76600; 52.58698;80.00000;20.00000;0.67289;2
396.44800;104.58333;      -1.76654; 52.56355;80.00000;20.00000;0.67285;2
396.51401;104.59667;      -1.76675; 52.56258;80.00000;20.00000;0.67281;2
396.57800;104.61000;      -1.76673; 52.55574;80.00000;20.00000;0.67278;2
396.63300;104.62333;      -1.76704; 52.54696;80.00000;20.00000;0.67275;2
396.70999;104.63667;      -1.76792; 52.53719;80.00000;20.00000;0.67270;2
396.78201;104.65000;      -1.76836; 52.52548;80.00000;20.00000;0.67266;2
396.85101;104.66333;      -1.76813; 52.51767;80.00000;20.00000;0.67263;2
396.91101;104.67667;      -1.76888; 52.50986;80.00000;20.00000;0.67259;2
396.98099;104.69000;      -1.76876; 52.49912;80.00000;20.00000;0.67255;2
397.05600;104.70333;      -1.76843; 52.47764;80.00000;20.00000;0.67251;2
397.11401;104.71667;      -1.76785; 52.47472;80.00000;20.00000;0.67248;2
397.18301;104.73000;      -1.76828; 52.46886;80.00000;20.00000;0.67244;2
397.24600;104.74333;      -1.76860; 52.46105;80.00000;20.00000;0.67241;2
397.31601;104.75667;      -1.76837; 52.45226;80.00000;20.00000;0.67237;2
397.38800;104.77000;      -1.76825; 52.43664;80.00000;20.00000;0.67233;2
397.45999;104.78333;      -1.76891; 52.42981;80.00000;20.00000;0.67229;2
397.51199;104.79667;      -1.76998; 52.42200;80.00000;20.00000;0.67226;2
397.58200;104.81000;      -1.76964; 52.41321;80.00000;20.00000;0.67222;2
397.64801;104.82333;      -1.76941; 52.40248;80.00000;20.00000;0.67218;2
397.71701;104.83667;      -1.76940; 52.39271;80.00000;20.00000;0.67214;2
397.78500;104.85000;      -1.76872; 52.37709;80.00000;20.00000;0.67211;2
397.84399;104.86333;      -1.76925; 52.36733;80.00000;20.00000;0.67207;2
397.90799;104.87667;      -1.76901; 52.36440;80.00000;20.00000;0.67204;2
397.98499;104.89000;      -1.76935; 52.34878;80.00000;20.00000;0.67200;2
398.05099;104.90333;      -1.76922; 52.34195;80.00000;20.00000;0.67196;2
398.11401;104.91667;      -1.76931; 52.33219;80.00000;20.00000;0.67192;2
398.18399;104.93000;      -1.76986; 52.31462;80.00000;20.00000;0.67188;2
398.23401;104.94333;      -1.76927; 52.30876;80.00000;20.00000;0.67186;2
398.29401;104.95667;      -1.76902; 52.29802;80.00000;20.00000;0.67182;2
398.37399;104.97000;      -1.76836; 52.28533;80.00000;20.00000;0.67178;2
398.43600;104.98333;      -1.76890; 52.28240;80.00000;20.00000;0.67174;2
398.51001;104.99667;      -1.76890; 52.26385;80.00000;20.00000;0.67170;2
398.57800;105.01000;      -1.76911; 52.26092;80.00000;20.00000;0.67167;2
398.64099;105.02333;      -1.76942; 52.26190;80.00000;20.00000;0.67163;2
398.71600;105.03667;      -1.76953; 52.25702;80.00000;20.00000;0.67159;2
398.78500;105.05000;      -1.77030; 52.25214;80.00000;20.00000;0.67155;2
398.84799;105.06333;      -1.77028; 52.24042;80.00000;20.00000;0.67152;2
398.90799;105.07667;      -1.77037; 52.23457;80.00000;20.00000;0.67148;2
398.98801;105.09000;      -1.77026; 52.23066;80.00000;20.00000;0.67144;2
399.04300;105.10333;      -1.77012; 52.21602;80.00000;20.00000;0.67141;2
399.11200;105.11667;      -1.77022; 52.20821;80.00000;20.00000;0.67137;2
399.17200;105.13000;      -1.77086; 52.20040;80.00000;20.00000;0.67134;2
399.24301;105.14333;      -1.77097; 52.18771;80.00000;20.00000;0.67130;2
399.30499;105.15667;      -1.77128; 52.17599;80.00000;20.00000;0.67126;2
399.37799;105.17000;      -1.77116; 52.16233;80.00000;20.00000;0.67122;2
399.44299;105.18333;      -1.77193; 52.14378;80.00000;20.00000;0.67119;2
399.50299;105.19667;      -1.77146; 52.14280;80.00000;20.00000;0.67115;2
399.57599;105.21000;      -1.77145; 52.13890;80.00000;20.00000;0.67111;2
399.63199;105.22333;      -1.77143; 52.12328;80.00000;20.00000;0.67108;2
399.70001;105.23667;      -1.77119; 52.11351;80.00000;20.00000;0.67104;2
399.76700;105.25000;      -1.77184; 52.09399;80.00000;20.00000;0.67101;2
399.84399;105.26333;      -1.77196; 52.08423;80.00000;20.00000;0.67096;2
399.89899;105.27667;      -1.77248; 52.08228;80.00000;20.00000;0.67093;2
399.96500;105.29000;      -1.77236; 52.06763;80.00000;20.00000;0.67090;2
400.03299;105.30333;      -1.77190; 52.05689;80.00000;20.00000;0.67086;2
400.10300;105.31667;      -1.77256; 52.05006;80.00000;20.00000;0.67082;2
400.17099;105.33000;      -1.77310; 52.03639;80.00000;20.00000;0.67078;2
400.24399;105.34333;      -1.77365; 52.01687;80.00000;20.00000;0.67074;2
400.29800;105.35667;      -1.77329; 52.01492;80.00000;20.00000;0.67071;2
400.36401;105.37000;      -1.77339; 52.00613;80.00000;20.00000;0.67068;2
400.43500;105.38333;      -1.77338; 51.99246;80.00000;20.00000;0.67064;2
400.51199;105.39667;      -1.77394; 51.98075;80.00000;20.00000;0.67059;2
400.57700;105.41000;      -1.77414; 51.97196;80.00000;20.00000;0.67056;2
400.63400;105.42333;      -1.77400; 51.96220;80.00000;20.00000;0.67053;2
400.69800;105.43667;      -1.77454; 51.94561;80.00000;20.00000;0.67049;2
400.76901;105.45000;      -1.77520; 51.93780;80.00000;20.00000;0.67045;2
400.84299;105.46333;      -1.77475; 51.93389;80.00000;20.00000;0.67041;2
400.90799;105.47667;      -1.77485; 51.92120;80.00000;20.00000;0.67037;2
400.96600;105.49000;      -1.77549; 51.91339;80.00000;20.00000;0.67034;2
401.03400;105.50333;      -1.77592; 51.89972;80.00000;20.00000;0.67030;2
401.10501;105.51667;      -1.77592; 51.88020;80.00000;20.00000;0.67026;2
401.16901;105.53000;      -1.77601; 51.87922;80.00000;20.00000;0.67023;2
401.23599;105.54333;      -1.77666; 51.87239;80.00000;20.00000;0.67019;2
401.30200;105.55667;      -1.77654; 51.86360;80.00000;20.00000;0.67016;2
401.35901;105.57000;      -1.77673; 51.85579;80.00000;20.00000;0.67012;2
401.42499;105.58333;      -1.77661; 51.84017;80.00000;20.00000;0.67009;2
401.49200;105.59667;      -1.77682; 51.82846;80.00000;20.00000;0.67005;2
401.56500;105.61000;      -1.77715; 51.82260;80.00000;20.00000;0.67001;2
401.63101;105.62333;      -1.77646; 51.80698;80.00000;20.00000;0.66997;2
401.68900;105.63667;      -1.77677; 51.79136;80.00000;20.00000;0.66994;2
401.75800;105.65000;      -1.77743; 51.78746;80.00000;20.00000;0.66990;2
401.83099;105.66333;      -1.77765; 51.77672;80.00000;20.00000;0.66986;2
401.89600;105.67667;      -1.77707; 51.76793;80.00000;20.00000;0.66983;2
401.97000;105.69000;      -1.77785; 51.75329;80.00000;20.00000;0.66979;2
402.02802;105.70333;      -1.77816; 51.73572;80.00000;20.00000;0.66975;2
402.08801;105.71667;      -1.77813; 51.72303;80.00000;20.00000;0.66972;2
402.16101;105.73000;      -1.77880; 51.72205;80.00000;20.00000;0.66968;2
402.23499;105.74333;      -1.77913; 51.71229;80.00000;20.00000;0.66964;2
402.30200;105.75667;      -1.77956; 51.70253;80.00000;20.00000;0.66960;2
402.36401;105.77000;      -1.77987; 51.69472;80.00000;20.00000;0.66957;2
402.43701;105.78333;      -1.78076; 51.68691;80.00000;20.00000;0.66953;2
402.50299;105.79667;      -1.78019; 51.67617;80.00000;20.00000;0.66949;2
402.56601;105.81000;      -1.78062; 51.66738;80.00000;20.00000;0.66946;2
402.63400;105.82333;      -1.78049; 51.65469;80.00000;20.00000;0.66942;2
402.70200;105.83667;      -1.78059; 51.64005;80.00000;20.00000;0.66938;2
402.76199;105.85000;      -1.78057; 51.64102;80.00000;20.00000;0.66935;2
402.83200;105.86333;      -1.78067; 51.63517;80.00000;20.00000;0.66931;2
402.88800;105.87667;      -1.78064; 51.62541;80.00000;20.00000;0.66928;2
402.95901;105.89000;      -1.78064; 51.62052;80.00000;20.00000;0.66924;2
403.03201;105.90333;      -1.78097; 51.61760;80.00000;20.00000;0.66920;2
403.10501;105.91667;      -1.78074; 51.61369;80.00000;20.00000;0.66916;2
403.16699;105.93000;      -1.78094; 51.60881;80.00000;20.00000;0.66913;2
403.23099;105.94333;      -1.78026; 51.59709;80.00000;20.00000;0.66909;2
403.30600;105.95667;      -1.78048; 51.59514;80.00000;20.00000;0.66905;2
403.36801;105.97000;      -1.78057; 51.59514;80.00000;20.00000;0.66901;2
403.43100;105.98333;      -1.78088; 51.58050;80.00000;20.00000;0.66898;2
403.50000;105.99667;      -1.78087; 51.57464;80.00000;20.00000;0.66894;2
403.56100;106.01000;      -1.78152; 51.56683;80.00000;20.00000;0.66891;2
403.62299;106.02333;      -1.78183; 51.56000;80.00000;20.00000;0.66887;2
403.68799;106.03667;      -1.78115; 51.55219;80.00000;20.00000;0.66884;2
403.76300;106.05000;      -1.78081; 51.54145;80.00000;20.00000;0.66880;2
403.83200;106.06333;      -1.78114; 51.51997;80.00000;20.00000;0.66876;2
403.89999;106.07667;      -1.78135; 51.51314;80.00000;20.00000;0.66872;2
403.95999;106.09000;      -1.78166; 51.50728;80.00000;20.00000;0.66869;2
404.02301;106.10333;      -1.78131; 51.49362;80.00000;20.00000;0.66865;2
404.08301;106.11667;      -1.78106; 51.47702;80.00000;20.00000;0.66862;2
404.16000;106.13000;      -1.78117; 51.46140;80.00000;20.00000;0.66858;2
404.22000;106.14333;      -1.78126; 51.44969;80.00000;20.00000;0.66855;2
404.29901;106.15667;      -1.78138; 51.43699;80.00000;20.00000;0.66850;2
404.35199;106.17000;      -1.78146; 51.42430;80.00000;20.00000;0.66847;2
404.42099;106.18333;      -1.78245; 51.41161;80.00000;20.00000;0.66843;2
404.48499;106.19667;      -1.78232; 51.39404;80.00000;20.00000;0.66840;2
404.55801;106.21000;      -1.78220; 51.38818;80.00000;20.00000;0.66836;2
404.62299;106.22333;      -1.78252; 51.38037;80.00000;20.00000;0.66832;2
404.68301;106.23667;      -1.78172; 51.36378;80.00000;20.00000;0.66829;2
404.75900;106.25000;      -1.78172; 51.35597;80.00000;20.00000;0.66825;2
404.80899;106.26333;      -1.78202; 51.34718;80.00000;20.00000;0.66822;2
404.87701;106.27667;      -1.78301; 51.32863;80.00000;20.00000;0.66818;2
404.95300;106.29000;      -1.78290; 51.31204;80.00000;20.00000;0.66814;2
405.01099;106.30333;      -1.78209; 51.30813;80.00000;20.00000;0.66811;2
405.08301;106.31667;      -1.78208; 51.29642;80.00000;20.00000;0.66807;2
405.15100;106.33000;      -1.78319; 51.28861;80.00000;20.00000;0.66803;2
405.21500;106.34333;      -1.78328; 51.28275;80.00000;20.00000;0.66800;2
405.28900;106.35667;      -1.78372; 51.27201;80.00000;20.00000;0.66796;2
405.35001;106.37000;      -1.78348; 51.25444;80.00000;20.00000;0.66792;2
405.41501;106.38333;      -1.78369; 51.25444;80.00000;20.00000;0.66789;2
405.48099;106.39667;      -1.78367; 51.24956;80.00000;20.00000;0.66785;2
405.55301;106.41000;      -1.78411; 51.23785;80.00000;20.00000;0.66781;2
405.61499;106.42333;      -1.78476; 51.23101;80.00000;20.00000;0.66778;2
405.68201;106.43667;      -1.78553; 51.22418;80.00000;20.00000;0.66774;2
405.74799;106.45000;      -1.78574; 51.21442;80.00000;20.00000;0.66770;2
405.82001;106.46333;      -1.78629; 51.20563;80.00000;20.00000;0.66767;2
405.88300;106.47667;      -1.78649; 51.19684;80.00000;20.00000;0.66763;2
405.93100;106.49000;      -1.78612; 51.18025;80.00000;20.00000;0.66760;2
406.01099;106.50333;      -1.78768; 51.17342;80.00000;20.00000;0.66756;2
406.07599;106.51667;      -1.78778; 51.17049;80.00000;20.00000;0.66752;2
406.14401;106.53000;      -1.78654; 51.15487;80.00000;20.00000;0.66749;2
406.20901;106.54333;      -1.78664; 51.14608;80.00000;20.00000;0.66745;2
406.28500;106.55667;      -1.78686; 51.13925;80.00000;20.00000;0.66741;2
406.34500;106.57000;      -1.78795; 51.12265;80.00000;20.00000;0.66738;2
406.42499;106.58333;      -1.78874; 51.10801;80.00000;20.00000;0.66733;2
406.48199;106.59667;      -1.78905; 51.10410;80.00000;20.00000;0.66730;2
406.54401;106.61000;      -1.78970; 51.09337;80.00000;20.00000;0.66727;2
406.61499;106.62333;      -1.78958; 51.08458;80.00000;20.00000;0.66723;2
406.68301;106.63667;      -1.78945; 51.06994;80.00000;20.00000;0.66719;2
406.75101;106.65000;      -1.78944; 51.06017;80.00000;20.00000;0.66715;2
406.82199;106.66333;      -1.78932; 51.04748;80.00000;20.00000;0.66712;2
406.88901;106.67667;      -1.78920; 51.03186;80.00000;20.00000;0.66708;2
406.94699;106.69000;      -1.78928; 51.02796;80.00000;20.00000;0.66705;2
407.01999;106.70333;      -1.78984; 51.01429;80.00000;20.00000;0.66701;2
407.07800;106.71667;      -1.78970; 51.00551;80.00000;20.00000;0.66698;2
407.14600;106.73000;      -1.79014; 50.99574;80.00000;20.00000;0.66694;2
407.21500;106.74333;      -1.79057; 50.97427;80.00000;20.00000;0.66690;2
407.27701;106.75667;      -1.79033; 50.97134;80.00000;20.00000;0.66687;2
407.33600;106.77000;      -1.79075; 50.96255;80.00000;20.00000;0.66683;2
407.40302;106.78333;      -1.79118; 50.95181;80.00000;20.00000;0.66680;2
407.47198;106.79667;      -1.79151; 50.94108;80.00000;20.00000;0.66676;2
407.54401;106.81000;      -1.79161; 50.93131;80.00000;20.00000;0.66672;2
407.60699;106.82333;      -1.79171; 50.92448;80.00000;20.00000;0.66669;2
407.67300;106.83667;      -1.79192; 50.91081;80.00000;20.00000;0.66665;2
407.74301;106.85000;      -1.79180; 50.89519;80.00000;20.00000;0.66661;2
407.80499;106.86333;      -1.79233; 50.89129;80.00000;20.00000;0.66658;2
407.87100;106.87667;      -1.79288; 50.87762;80.00000;20.00000;0.66654;2
407.93900;106.89000;      -1.79298; 50.86786;80.00000;20.00000;0.66650;2
408.00699;106.90333;      -1.79274; 50.85419;80.00000;20.00000;0.66647;2
408.08099;106.91667;      -1.79296; 50.83662;80.00000;20.00000;0.66643;2
408.14700;106.93000;      -1.79373; 50.82491;80.00000;20.00000;0.66639;2
408.21600;106.94333;      -1.79395; 50.82393;80.00000;20.00000;0.66635;2
408.28101;106.95667;      -1.79415; 50.80929;80.00000;20.00000;0.66632;2
408.34601;106.97000;      -1.79470; 50.79952;80.00000;20.00000;0.66628;2
408.41901;106.98333;      -1.79458; 50.78976;80.00000;20.00000;0.66624;2
408.48300;106.99667;      -1.79479; 50.78098;80.00000;20.00000;0.66621;2
408.54300;107.01000;      -1.79476; 50.77317;80.00000;20.00000;0.66617;2
408.60800;107.02333;      -1.79475; 50.75267;80.00000;20.00000;0.66614;2
408.67801;107.03667;      -1.79440; 50.75071;80.00000;20.00000;0.66610;2
408.75201;107.05000;      -1.79474; 50.74583;80.00000;20.00000;0.66606;2
408.81299;107.06333;      -1.79449; 50.73509;80.00000;20.00000;0.66602;2
408.87500;107.07667;      -1.79436; 50.71654;80.00000;20.00000;0.66599;2
408.95099;107.09000;      -1.79480; 50.70483;80.00000;20.00000;0.66595;2
409.01401;107.10333;      -1.79389; 50.69995;80.00000;20.00000;0.66592;2
409.08200;107.11667;      -1.79421; 50.68921;80.00000;20.00000;0.66588;2
409.14801;107.13000;      -1.79409; 50.67945;80.00000;20.00000;0.66584;2
409.21600;107.14333;      -1.79464; 50.66871;80.00000;20.00000;0.66580;2
409.28000;107.15667;      -1.79451; 50.65895;80.00000;20.00000;0.66577;2
409.34500;107.17000;      -1.79449; 50.64235;80.00000;20.00000;0.66573;2
409.41501;107.18333;      -1.79392; 50.63942;80.00000;20.00000;0.66570;2
409.47400;107.19667;      -1.79379; 50.63259;80.00000;20.00000;0.66566;2
409.54401;107.21000;      -1.79389; 50.61697;80.00000;20.00000;0.66563;2
409.60800;107.22333;      -1.79353; 50.60818;80.00000;20.00000;0.66559;2
409.67999;107.23667;      -1.79398; 50.60233;80.00000;20.00000;0.66555;2
409.73801;107.25000;      -1.79384; 50.59257;80.00000;20.00000;0.66552;2
409.80301;107.26333;      -1.79393; 50.57890;80.00000;20.00000;0.66548;2
409.87000;107.27667;      -1.79370; 50.56425;80.00000;20.00000;0.66545;2
409.95001;107.29000;      -1.79415; 50.56425;80.00000;20.00000;0.66540;2
410.00699;107.30333;      -1.79446; 50.55742;80.00000;20.00000;0.66537;2
410.07101;107.31667;      -1.79489; 50.54278;80.00000;20.00000;0.66534;2
410.13400;107.33000;      -1.79520; 50.53302;80.00000;20.00000;0.66530;2
410.20700;107.34333;      -1.79587; 50.52325;80.00000;20.00000;0.66526;2
410.27899;107.35667;      -1.79609; 50.51837;80.00000;20.00000;0.66522;2
410.34799;107.37000;      -1.79597; 50.50080;80.00000;20.00000;0.66519;2
410.40100;107.38333;      -1.79649; 50.49397;80.00000;20.00000;0.66516;2
410.47501;107.39667;      -1.79638; 50.49104;80.00000;20.00000;0.66512;2
410.53601;107.41000;      -1.79669; 50.48128;80.00000;20.00000;0.66508;2
410.60699;107.42333;      -1.79646; 50.46468;80.00000;20.00000;0.66505;2
410.67099;107.43667;      -1.79644; 50.45101;80.00000;20.00000;0.66501;2
410.74399;107.45000;      -1.79666; 50.44906;80.00000;20.00000;0.66497;2
410.80801;107.46333;      -1.79631; 50.44027;80.00000;20.00000;0.66494;2
410.87701;107.47667;      -1.79731; 50.43149;80.00000;20.00000;0.66490;2
410.94101;107.49000;      -1.79774; 50.41880;80.00000;20.00000;0.66486;2
411.02200;107.50333;      -1.79763; 50.40904;80.00000;20.00000;0.66482;2
411.07700;107.51667;      -1.79704; 50.39830;80.00000;20.00000;0.66479;2
411.14099;107.53000;      -1.79714; 50.38268;80.00000;20.00000;0.66475;2
411.20401;107.54333;      -1.79801; 50.37877;80.00000;20.00000;0.66472;2
411.27701;107.55667;      -1.79790; 50.36608;80.00000;20.00000;0.66468;2
411.33401;107.57000;      -1.79753; 50.35730;80.00000;20.00000;0.66465;2
411.41101;107.58333;      -1.79809; 50.35046;80.00000;20.00000;0.66461;2
411.47000;107.59667;      -1.79807; 50.33680;80.00000;20.00000;0.66457;2
411.53900;107.61000;      -1.79839; 50.31727;80.00000;20.00000;0.66454;2
411.60400;107.62333;      -1.79871; 50.31532;80.00000;20.00000;0.66450;2
411.67001;107.63667;      -1.79892; 50.30556;80.00000;20.00000;0.66447;2
411.73300;107.65000;      -1.79935; 50.29384;80.00000;20.00000;0.66443;2
411.79800;107.66333;      -1.79922; 50.28408;80.00000;20.00000;0.66440;2
411.86301;107.67667;      -1.80022; 50.27920;80.00000;20.00000;0.66436;2
411.93399;107.69000;      -1.80055; 50.27237;80.00000;20.00000;0.66432;2
412.00000;107.70333;      -1.80064; 50.25479;80.00000;20.00000;0.66429;2
412.06400;107.71667;      -1.80085; 50.24210;80.00000;20.00000;0.66425;2
412.12900;107.73000;      -1.80083; 50.24210;80.00000;20.00000;0.66422;2
412.20499;107.74333;      -1.80117; 50.23136;80.00000;20.00000;0.66417;2
412.26801;107.75667;      -1.80025; 50.22160;80.00000;20.00000;0.66414;2
412.32901;107.77000;      -1.80113; 50.21086;80.00000;20.00000;0.66411;2
412.40201;107.78333;      -1.80124; 50.20501;80.00000;20.00000;0.66407;2
412.46701;107.79667;      -1.80178; 50.18939;80.00000;20.00000;0.66403;2
412.53799;107.81000;      -1.80256; 50.17572;80.00000;20.00000;0.66399;2
412.60199;107.82333;      -1.80333; 50.17474;80.00000;20.00000;0.66396;2
412.66501;107.83667;      -1.80286; 50.16400;80.00000;20.00000;0.66392;2
412.73199;107.85000;      -1.80296; 50.15424;80.00000;20.00000;0.66389;2
412.79800;107.86333;      -1.80294; 50.14643;80.00000;20.00000;0.66385;2
412.86600;107.87667;      -1.80349; 50.13862;80.00000;20.00000;0.66382;2
412.93799;107.89000;      -1.80382; 50.12007;80.00000;20.00000;0.66378;2
412.99500;107.90333;      -1.80346; 50.10738;80.00000;20.00000;0.66375;2
413.06400;107.91667;      -1.80412; 50.10348;80.00000;20.00000;0.66371;2
413.13300;107.93000;      -1.80490; 50.09176;80.00000;20.00000;0.66367;2
413.20401;107.94333;      -1.80478; 50.08200;80.00000;20.00000;0.66363;2
413.27200;107.95667;      -1.80499; 50.07224;80.00000;20.00000;0.66359;2
413.33499;107.97000;      -1.80475; 50.06345;80.00000;20.00000;0.66356;2
413.39801;107.98333;      -1.80405; 50.05662;80.00000;20.00000;0.66353;2
413.45901;107.99667;      -1.80414; 50.04881;80.00000;20.00000;0.66349;2
413.53201;108.01000;      -1.80470; 50.02636;80.00000;20.00000;0.66345;2
413.60501;108.02333;      -1.80413; 50.01952;80.00000;20.00000;0.66341;2
413.66699;108.03667;      -1.80378; 50.01464;80.00000;20.00000;0.66338;2
413.73099;108.05000;      -1.80432; 50.00683;80.00000;20.00000;0.66335;2
413.79599;108.06333;      -1.80487; 49.99902;80.00000;20.00000;0.66331;2
413.86401;108.07667;      -1.80497; 49.98731;80.00000;20.00000;0.66327;2
413.93399;108.09000;      -1.80518; 49.97950;80.00000;20.00000;0.66324;2
413.99100;108.10333;      -1.80470; 49.97169;80.00000;20.00000;0.66320;2
414.06000;108.11667;      -1.80447; 49.96388;80.00000;20.00000;0.66317;2
414.12701;108.13000;      -1.80446; 49.94436;80.00000;20.00000;0.66313;2
414.20300;108.14333;      -1.80502; 49.93459;80.00000;20.00000;0.66309;2
414.25800;108.15667;      -1.80499; 49.93362;80.00000;20.00000;0.66306;2
414.34201;108.17000;      -1.80567; 49.92190;80.00000;20.00000;0.66301;2
414.40500;108.18333;      -1.80576; 49.91214;80.00000;20.00000;0.66298;2
414.47101;108.19667;      -1.80620; 49.90238;80.00000;20.00000;0.66294;2
414.53500;108.21000;      -1.80674; 49.88578;80.00000;20.00000;0.66291;2
414.58899;108.22333;      -1.80615; 49.87895;80.00000;20.00000;0.66288;2
414.66599;108.23667;      -1.80626; 49.87700;80.00000;20.00000;0.66284;2
414.73099;108.25000;      -1.80670; 49.87016;80.00000;20.00000;0.66280;2
414.79199;108.26333;      -1.80690; 49.85845;80.00000;20.00000;0.66277;2
414.86200;108.27667;      -1.80644; 49.84771;80.00000;20.00000;0.66273;2
414.93900;108.29000;      -1.80655; 49.84185;80.00000;20.00000;0.66269;2
414.99100;108.30333;      -1.80618; 49.82428;80.00000;20.00000;0.66266;2
415.07101;108.31667;      -1.80686; 49.80476;80.00000;20.00000;0.66262;2
415.12500;108.33000;      -1.80750; 49.80378;80.00000;20.00000;0.66259;2
415.19000;108.34333;      -1.80704; 49.79988;80.00000;20.00000;0.66255;2
415.25601;108.35667;      -1.80680; 49.79304;80.00000;20.00000;0.66252;2
415.32901;108.37000;      -1.80679; 49.78328;80.00000;20.00000;0.66248;2
415.39499;108.38333;      -1.80666; 49.76961;80.00000;20.00000;0.66244;2
415.46899;108.39667;      -1.80666; 49.76180;80.00000;20.00000;0.66240;2
415.52701;108.41000;      -1.80675; 49.75399;80.00000;20.00000;0.66237;2
415.60101;108.42333;      -1.80697; 49.73642;80.00000;20.00000;0.66233;2
415.66101;108.43667;      -1.80728; 49.72861;80.00000;20.00000;0.66230;2
415.73001;108.45000;      -1.80693; 49.72178;80.00000;20.00000;0.66226;2
415.79901;108.46333;      -1.80704; 49.71104;80.00000;20.00000;0.66223;2
415.86801;108.47667;      -1.80703; 49.70421;80.00000;20.00000;0.66219;2
415.93201;108.49000;      -1.80712; 49.69444;80.00000;20.00000;0.66215;2
415.99500;108.50333;      -1.80766; 49.68273;80.00000;20.00000;0.66212;2
416.06699;108.51667;      -1.80732; 49.66711;80.00000;20.00000;0.66208;2
416.12601;108.53000;      -1.80752; 49.66320;80.00000;20.00000;0.66205;2
416.19101;108.54333;      -1.80716; 49.66028;80.00000;20.00000;0.66201;2
416.26001;108.55667;      -1.80727; 49.64270;80.00000;20.00000;0.66198;2
416.31601;108.57000;      -1.80757; 49.63392;80.00000;20.00000;0.66195;2
416.39001;108.58333;      -1.80768; 49.62904;80.00000;20.00000;0.66191;2
416.45901;108.59667;      -1.80756; 49.61439;80.00000;20.00000;0.66187;2
416.51999;108.61000;      -1.80799; 49.59877;80.00000;20.00000;0.66184;2
416.59299;108.62333;      -1.80888; 49.59585;80.00000;20.00000;0.66180;2
416.65201;108.63667;      -1.80852; 49.58706;80.00000;20.00000;0.66176;2
416.72699;108.65000;      -1.80886; 49.57925;80.00000;20.00000;0.66172;2
416.78201;108.66333;      -1.80961; 49.57437;80.00000;20.00000;0.66169;2
416.85999;108.67667;      -1.80928; 49.55973;80.00000;20.00000;0.66165;2
416.92200;108.69000;      -1.80903; 49.54996;80.00000;20.00000;0.66162;2
416.98999;108.70333;      -1.80936; 49.54313;80.00000;20.00000;0.66158;2
417.05499;108.71667;      -1.80900; 49.52946;80.00000;20.00000;0.66155;2
417.12100;108.73000;      -1.80876; 49.51384;80.00000;20.00000;0.66151;2
417.19699;108.74333;      -1.80944; 49.51189;80.00000;20.00000;0.66147;2
417.25000;108.75667;      -1.80952; 49.50506;80.00000;20.00000;0.66144;2
417.32800;108.77000;      -1.80963; 49.49627;80.00000;20.00000;0.66140;2
417.39801;108.78333;      -1.81007; 49.49041;80.00000;20.00000;0.66136;2
417.45801;108.79667;      -1.81084; 49.47577;80.00000;20.00000;0.66133;2
417.52399;108.81000;      -1.81071; 49.46601;80.00000;20.00000;0.66129;2
417.59201;108.82333;      -1.80980; 49.46015;80.00000;20.00000;0.66126;2
417.65100;108.83667;      -1.81000; 49.45039;80.00000;20.00000;0.66122;2
417.73700;108.85000;      -1.80990; 49.43282;80.00000;20.00000;0.66118;2
417.79599;108.86333;      -1.81077; 49.42794;80.00000;20.00000;0.66115;2
417.85599;108.87667;      -1.81176; 49.41720;80.00000;20.00000;0.66111;2
417.93301;108.89000;      -1.81233; 49.40451;80.00000;20.00000;0.66107;2
417.99301;108.90333;      -1.81140; 49.39963;80.00000;20.00000;0.66104;2
418.06201;108.91667;      -1.81195; 49.37717;80.00000;20.00000;0.66100;2
418.11801;108.93000;      -1.81192; 49.37131;80.00000;20.00000;0.66097;2
418.19299;108.94333;      -1.81158; 49.36839;80.00000;20.00000;0.66093;2
418.25400;108.95667;      -1.81134; 49.35667;80.00000;20.00000;0.66090;2
418.33701;108.97000;      -1.81078; 49.34691;80.00000;20.00000;0.66085;2
418.40201;108.98333;      -1.81144; 49.33715;80.00000;20.00000;0.66082;2
418.45999;108.99667;      -1.81119; 49.32836;80.00000;20.00000;0.66079;2
418.52802;109.01000;      -1.81107; 49.31567;80.00000;20.00000;0.66075;2
418.58301;109.02333;      -1.81148; 49.29712;80.00000;20.00000;0.66072;2
418.66000;109.03667;      -1.81115; 49.29615;80.00000;20.00000;0.66068;2
418.73401;109.05000;      -1.81047; 49.28834;80.00000;20.00000;0.66064;2
418.78500;109.06333;      -1.81122; 49.27857;80.00000;20.00000;0.66061;2
418.85101;109.07667;      -1.81199; 49.27174;80.00000;20.00000;0.66058;2
418.91800;109.09000;      -1.81108; 49.25417;80.00000;20.00000;0.66054;2
418.99399;109.10333;      -1.81130; 49.23464;80.00000;20.00000;0.66050;2
419.05801;109.11667;      -1.81117; 49.22976;80.00000;20.00000;0.66047;2
419.11401;109.13000;      -1.81159; 49.22879;80.00000;20.00000;0.66044;2
419.19101;109.14333;      -1.81204; 49.21610;80.00000;20.00000;0.66039;2
419.25400;109.15667;      -1.81225; 49.20829;80.00000;20.00000;0.66036;2
419.32300;109.17000;      -1.81213; 49.20243;80.00000;20.00000;0.66032;2
419.38599;109.18333;      -1.81278; 49.19560;80.00000;20.00000;0.66029;2
419.45901;109.19667;      -1.81221; 49.18290;80.00000;20.00000;0.66025;2
419.51999;109.21000;      -1.81208; 49.16436;80.00000;20.00000;0.66022;2
419.58899;109.22333;      -1.81195; 49.16436;80.00000;20.00000;0.66018;2
419.65601;109.23667;      -1.81273; 49.15752;80.00000;20.00000;0.66014;2
419.71701;109.25000;      -1.81271; 49.14678;80.00000;20.00000;0.66011;2
419.79001;109.26333;      -1.81293; 49.13702;80.00000;20.00000;0.66007;2
419.85400;109.27667;      -1.81302; 49.12726;80.00000;20.00000;0.66004;2
419.91699;109.29000;      -1.81289; 49.12140;80.00000;20.00000;0.66000;2
419.98700;109.30333;      -1.81345; 49.11066;80.00000;20.00000;0.65997;2
420.05701;109.31667;      -1.81389; 49.09407;80.00000;20.00000;0.65993;2
420.12399;109.33000;      -1.81320; 49.09016;80.00000;20.00000;0.65989;2
420.19299;109.34333;      -1.81386; 49.08235;80.00000;20.00000;0.65986;2
420.25400;109.35667;      -1.81395; 49.07162;80.00000;20.00000;0.65982;2
420.32501;109.37000;      -1.81428; 49.06478;80.00000;20.00000;0.65979;2
420.38599;109.38333;      -1.81449; 49.05502;80.00000;20.00000;0.65975;2
420.46301;109.39667;      -1.81471; 49.04526;80.00000;20.00000;0.65971;2
420.52399;109.41000;      -1.81503; 49.03257;80.00000;20.00000;0.65968;2
420.58600;109.42333;      -1.81535; 49.01792;80.00000;20.00000;0.65964;2
420.65500;109.43667;      -1.81579; 49.01695;80.00000;20.00000;0.65961;2
420.72198;109.45000;      -1.81532; 49.01011;80.00000;20.00000;0.65957;2
420.77899;109.46333;      -1.81563; 49.00133;80.00000;20.00000;0.65954;2
420.85101;109.47667;      -1.81562; 48.99352;80.00000;20.00000;0.65950;2
420.92599;109.49000;      -1.81641; 48.98278;80.00000;20.00000;0.65946;2
420.98499;109.50333;      -1.81684; 48.97204;80.00000;20.00000;0.65943;2
421.05499;109.51667;      -1.81638; 48.96130;80.00000;20.00000;0.65939;2
421.12399;109.53000;      -1.81693; 48.95056;80.00000;20.00000;0.65936;2
421.19101;109.54333;      -1.81669; 48.93690;80.00000;20.00000;0.65932;2
421.25500;109.55667;      -1.81713; 48.93494;80.00000;20.00000;0.65929;2
421.32001;109.57000;      -1.81790; 48.92616;80.00000;20.00000;0.65925;2
421.39001;109.58333;      -1.81800; 48.91737;80.00000;20.00000;0.65921;2
421.45499;109.59667;      -1.81753; 48.90663;80.00000;20.00000;0.65918;2
421.52399;109.61000;      -1.81741; 48.89687;80.00000;20.00000;0.65914;2
421.58600;109.62333;      -1.81807; 48.88711;80.00000;20.00000;0.65911;2
421.66501;109.63667;      -1.81852; 48.87735;80.00000;20.00000;0.65907;2
421.73099;109.65000;      -1.81828; 48.86270;80.00000;20.00000;0.65903;2
421.79199;109.66333;      -1.81769; 48.85392;80.00000;20.00000;0.65900;2
421.85199;109.67667;      -1.81722; 48.85099;80.00000;20.00000;0.65897;2
421.92700;109.69000;      -1.81778; 48.83635;80.00000;20.00000;0.65893;2
421.99399;109.70333;      -1.81822; 48.83049;80.00000;20.00000;0.65889;2
422.04599;109.71667;      -1.81796; 48.82073;80.00000;20.00000;0.65886;2
422.12399;109.73000;      -1.81762; 48.80413;80.00000;20.00000;0.65882;2
422.19901;109.74333;      -1.81875; 48.79925;80.00000;20.00000;0.65878;2
422.26099;109.75667;      -1.81873; 48.79046;80.00000;20.00000;0.65875;2
422.32300;109.77000;      -1.81893; 48.77875;80.00000;20.00000;0.65871;2
422.39099;109.78333;      -1.81903; 48.76411;80.00000;20.00000;0.65868;2
422.46100;109.79667;      -1.81913; 48.75532;80.00000;20.00000;0.65864;2
422.52200;109.81000;      -1.81968; 48.73970;80.00000;20.00000;0.65861;2
422.58801;109.82333;      -1.81966; 48.73384;80.00000;20.00000;0.65857;2
422.66599;109.83667;      -1.81978; 48.73482;80.00000;20.00000;0.65853;2
422.72400;109.85000;      -1.81964; 48.73384;80.00000;20.00000;0.65850;2
422.79501;109.86333;      -1.81940; 48.71725;80.00000;20.00000;0.65846;2
422.86099;109.87667;      -1.81995; 48.71237;80.00000;20.00000;0.65843;2
422.91400;109.89000;      -1.81958; 48.70553;80.00000;20.00000;0.65840;2
422.98001;109.90333;      -1.81979; 48.69968;80.00000;20.00000;0.65836;2
423.05399;109.91667;      -1.81956; 48.69284;80.00000;20.00000;0.65832;2
423.12299;109.93000;      -1.81966; 48.68308;80.00000;20.00000;0.65829;2
423.18301;109.94333;      -1.81952; 48.66941;80.00000;20.00000;0.65825;2
423.25800;109.95667;      -1.82009; 48.65575;80.00000;20.00000;0.65821;2
423.32101;109.97000;      -1.82007; 48.65672;80.00000;20.00000;0.65818;2
423.38501;109.98333;      -1.82050; 48.64794;80.00000;20.00000;0.65815;2
423.45300;109.99667;      -1.82094; 48.63525;80.00000;20.00000;0.65811;2
423.51401;110.01000;      -1.82081; 48.62548;80.00000;20.00000;0.65808;2
423.58401;110.02333;      -1.82080; 48.61865;80.00000;20.00000;0.65804;2
423.65500;110.03667;      -1.82158; 48.61377;80.00000;20.00000;0.65800;2
423.71399;110.05000;      -1.82223; 48.59229;80.00000;20.00000;0.65797;2
423.78000;110.06333;      -1.82176; 48.58448;80.00000;20.00000;0.65793;2
423.85501;110.07667;      -1.82108; 48.58351;80.00000;20.00000;0.65789;2
423.92200;110.09000;      -1.82118; 48.57667;80.00000;20.00000;0.65786;2
423.98401;110.10333;      -1.82184; 48.56593;80.00000;20.00000;0.65783;2
424.04999;110.11667;      -1.82239; 48.55520;80.00000;20.00000;0.65779;2
424.11801;110.13000;      -1.82283; 48.53372;80.00000;20.00000;0.65775;2
424.18201;110.14333;      -1.82179; 48.52981;80.00000;20.00000;0.65772;2
424.25101;110.15667;      -1.82201; 48.52689;80.00000;20.00000;0.65768;2
424.31100;110.17000;      -1.82232; 48.51810;80.00000;20.00000;0.65765;2
424.38699;110.18333;      -1.82289; 48.51127;80.00000;20.00000;0.65761;2
424.45599;110.19667;      -1.82322; 48.50931;80.00000;20.00000;0.65757;2
424.51700;110.21000;      -1.82319; 48.49857;80.00000;20.00000;0.65754;2
424.57901;110.22333;      -1.82306; 48.49174;80.00000;20.00000;0.65751;2
424.64099;110.23667;      -1.82270; 48.48296;80.00000;20.00000;0.65747;2
424.71701;110.25000;      -1.82315; 48.47222;80.00000;20.00000;0.65743;2
424.78000;110.26333;      -1.82324; 48.45953;80.00000;20.00000;0.65740;2
424.84799;110.27667;      -1.82368; 48.45074;80.00000;20.00000;0.65736;2
424.91599;110.29000;      -1.82401; 48.45172;80.00000;20.00000;0.65733;2
424.97601;110.30333;      -1.82410; 48.44195;80.00000;20.00000;0.65730;2
425.05301;110.31667;      -1.82467; 48.43219;80.00000;20.00000;0.65725;2
425.11200;110.33000;      -1.82441; 48.42731;80.00000;20.00000;0.65722;2
425.17599;110.34333;      -1.82530; 48.42048;80.00000;20.00000;0.65719;2
425.25000;110.35667;      -1.82507; 48.41462;80.00000;20.00000;0.65715;2
425.31699;110.37000;      -1.82517; 48.40583;80.00000;20.00000;0.65711;2
425.37701;110.38333;      -1.82481; 48.39510;80.00000;20.00000;0.65708;2
425.45200;110.39667;      -1.82514; 48.38533;80.00000;20.00000;0.65704;2
425.51001;110.41000;      -1.82591; 48.36874;80.00000;20.00000;0.65701;2
425.58600;110.42333;      -1.82693; 48.36483;80.00000;20.00000;0.65697;2
425.64801;110.43667;      -1.82770; 48.35800;80.00000;20.00000;0.65694;2
425.71201;110.45000;      -1.82734; 48.34921;80.00000;20.00000;0.65690;2
425.78400;110.46333;      -1.82745; 48.34140;80.00000;20.00000;0.65687;2
425.84900;110.47667;      -1.82800; 48.32871;80.00000;20.00000;0.65683;2
425.91599;110.49000;      -1.82833; 48.31895;80.00000;20.00000;0.65679;2
425.99200;110.50333;      -1.82810; 48.30821;80.00000;20.00000;0.65675;2
426.06299;110.51667;      -1.82798; 48.29162;80.00000;20.00000;0.65672;2
426.12500;110.53000;      -1.82875; 48.28869;80.00000;20.00000;0.65668;2
426.18799;110.54333;      -1.82907; 48.28576;80.00000;20.00000;0.65665;2
426.25400;110.55667;      -1.82837; 48.27990;80.00000;20.00000;0.65661;2
426.32800;110.57000;      -1.82780; 48.27014;80.00000;20.00000;0.65658;2
426.38699;110.58333;      -1.82766; 48.25940;80.00000;20.00000;0.65654;2
426.45499;110.59667;      -1.82731; 48.25062;80.00000;20.00000;0.65651;2
426.51901;110.61000;      -1.82695; 48.24476;80.00000;20.00000;0.65647;2
426.57401;110.62333;      -1.82703; 48.22328;80.00000;20.00000;0.65644;2
426.65500;110.63667;      -1.82715; 48.21840;80.00000;20.00000;0.65640;2
426.71100;110.65000;      -1.82735; 48.21840;80.00000;20.00000;0.65637;2
426.79501;110.66333;      -1.82759; 48.21157;80.00000;20.00000;0.65633;2
426.86401;110.67667;      -1.82769; 48.20473;80.00000;20.00000;0.65629;2
426.92401;110.69000;      -1.82721; 48.19595;80.00000;20.00000;0.65626;2
426.98099;110.70333;      -1.82661; 48.18521;80.00000;20.00000;0.65623;2
427.04700;110.71667;      -1.82671; 48.18033;80.00000;20.00000;0.65619;2
427.13000;110.73000;      -1.82615; 48.17447;80.00000;20.00000;0.65615;2
427.18799;110.74333;      -1.82635; 48.16959;80.00000;20.00000;0.65612;2
427.25400;110.75667;      -1.82622; 48.15299;80.00000;20.00000;0.65608;2
427.32300;110.77000;      -1.82621; 48.14030;80.00000;20.00000;0.65605;2
427.38300;110.78333;      -1.82585; 48.14030;80.00000;20.00000;0.65601;2
427.45999;110.79667;      -1.82562; 48.13542;80.00000;20.00000;0.65597;2
427.51001;110.81000;      -1.82535; 48.12566;80.00000;20.00000;0.65595;2
427.58499;110.82333;      -1.82546; 48.11492;80.00000;20.00000;0.65591;2
427.63901;110.83667;      -1.82509; 48.10613;80.00000;20.00000;0.65588;2
427.71301;110.85000;      -1.82463; 48.09930;80.00000;20.00000;0.65584;2
427.78201;110.86333;      -1.82507; 48.08173;80.00000;20.00000;0.65580;2
427.84601;110.87667;      -1.82517; 48.07197;80.00000;20.00000;0.65577;2
427.91501;110.89000;      -1.82504; 48.06904;80.00000;20.00000;0.65573;2
427.99500;110.90333;      -1.82584; 48.06123;80.00000;20.00000;0.65569;2
428.04599;110.91667;      -1.82569; 48.05342;80.00000;20.00000;0.65566;2
428.11301;110.93000;      -1.82624; 48.04854;80.00000;20.00000;0.65563;2
428.17700;110.94333;      -1.82577; 48.03975;80.00000;20.00000;0.65559;2
428.25500;110.95667;      -1.82611; 48.02901;80.00000;20.00000;0.65555;2
428.31201;110.97000;      -1.82665; 48.02120;80.00000;20.00000;0.65552;2
428.38501;110.98333;      -1.82619; 48.01437;80.00000;20.00000;0.65548;2
428.45200;110.99667;      -1.82606; 48.00754;80.00000;20.00000;0.65545;2
428.51401;111.01000;      -1.82661; 47.98899;80.00000;20.00000;0.65541;2
428.59399;111.02333;      -1.82661; 47.97923;80.00000;20.00000;0.65537;2
428.65601;111.03667;      -1.82705; 47.97434;80.00000;20.00000;0.65534;2
428.71399;111.05000;      -1.82770; 47.96556;80.00000;20.00000;0.65531;2
428.78400;111.06333;      -1.82758; 47.95970;80.00000;20.00000;0.65527;2
428.84299;111.07667;      -1.82778; 47.94896;80.00000;20.00000;0.65524;2
428.91299;111.09000;      -1.82777; 47.93725;80.00000;20.00000;0.65520;2
428.99200;111.10333;      -1.82800; 47.92846;80.00000;20.00000;0.65516;2
429.05701;111.11667;      -1.82866; 47.91284;80.00000;20.00000;0.65513;2
429.11401;111.13000;      -1.82932; 47.90601;80.00000;20.00000;0.65510;2
429.19601;111.14333;      -1.82841; 47.90308;80.00000;20.00000;0.65505;2
429.25101;111.15667;      -1.82872; 47.89429;80.00000;20.00000;0.65502;2
429.32401;111.17000;      -1.82849; 47.88649;80.00000;20.00000;0.65499;2
429.39401;111.18333;      -1.82848; 47.87868;80.00000;20.00000;0.65495;2
429.45999;111.19667;      -1.82880; 47.86989;80.00000;20.00000;0.65491;2
429.51999;111.21000;      -1.82866; 47.85329;80.00000;20.00000;0.65488;2
429.58499;111.22333;      -1.82899; 47.84256;80.00000;20.00000;0.65485;2
429.65799;111.23667;      -1.82853; 47.84158;80.00000;20.00000;0.65481;2
429.72299;111.25000;      -1.82862; 47.83572;80.00000;20.00000;0.65477;2
429.78799;111.26333;      -1.83008; 47.82791;80.00000;20.00000;0.65474;2
429.85599;111.27667;      -1.83007; 47.82303;80.00000;20.00000;0.65470;2
429.92401;111.29000;      -1.83006; 47.81229;80.00000;20.00000;0.65467;2
429.99200;111.30333;      -1.82982; 47.80351;80.00000;20.00000;0.65463;2
430.06699;111.31667;      -1.82959; 47.79082;80.00000;20.00000;0.65459;2
430.12299;111.33000;      -1.82921; 47.77910;80.00000;20.00000;0.65456;2
430.18600;111.34333;      -1.82863; 47.77812;80.00000;20.00000;0.65453;2
430.26199;111.35667;      -1.82908; 47.77129;80.00000;20.00000;0.65449;2
430.31799;111.37000;      -1.82996; 47.76348;80.00000;20.00000;0.65446;2
430.39600;111.38333;      -1.82962; 47.75274;80.00000;20.00000;0.65442;2
430.45801;111.39667;      -1.82994; 47.74298;80.00000;20.00000;0.65438;2
430.52399;111.41000;      -1.82992; 47.73517;80.00000;20.00000;0.65435;2
430.59299;111.42333;      -1.83014; 47.72639;80.00000;20.00000;0.65431;2
430.66000;111.43667;      -1.82978; 47.70881;80.00000;20.00000;0.65428;2
430.72601;111.45000;      -1.83033; 47.70100;80.00000;20.00000;0.65424;2
430.79501;111.46333;      -1.82987; 47.69905;80.00000;20.00000;0.65421;2
430.86200;111.47667;      -1.82951; 47.69124;80.00000;20.00000;0.65417;2
430.92300;111.49000;      -1.82960; 47.68050;80.00000;20.00000;0.65414;2
430.98999;111.50333;      -1.83027; 47.67074;80.00000;20.00000;0.65410;2
431.06799;111.51667;      -1.82993; 47.66195;80.00000;20.00000;0.65406;2
431.12799;111.53000;      -1.82990; 47.65122;80.00000;20.00000;0.65403;2
431.18799;111.54333;      -1.82976; 47.64145;80.00000;20.00000;0.65400;2
431.26501;111.55667;      -1.82942; 47.63462;80.00000;20.00000;0.65396;2
431.31699;111.57000;      -1.82995; 47.62095;80.00000;20.00000;0.65393;2
431.38599;111.58333;      -1.83006; 47.60533;80.00000;20.00000;0.65389;2
431.46201;111.59667;      -1.82994; 47.60338;80.00000;20.00000;0.65385;2
431.52399;111.61000;      -1.83060; 47.59557;80.00000;20.00000;0.65382;2
431.59299;111.62333;      -1.83059; 47.58679;80.00000;20.00000;0.65379;2
431.66199;111.63667;      -1.83035; 47.58093;80.00000;20.00000;0.65375;2
431.72501;111.65000;      -1.83067; 47.57214;80.00000;20.00000;0.65372;2
431.79099;111.66333;      -1.83111; 47.56238;80.00000;20.00000;0.65368;2
431.86899;111.67667;      -1.83100; 47.55067;80.00000;20.00000;0.65364;2
431.91901;111.69000;      -1.83027; 47.54481;80.00000;20.00000;0.65361;2
431.98901;111.70333;      -1.83072; 47.53895;80.00000;20.00000;0.65358;2
432.05600;111.71667;      -1.83048; 47.53309;80.00000;20.00000;0.65354;2
432.12500;111.73000;      -1.83069; 47.51845;80.00000;20.00000;0.65350;2
432.19901;111.74333;      -1.83069; 47.50674;80.00000;20.00000;0.65347;2
432.24701;111.75667;      -1.83087; 47.50576;80.00000;20.00000;0.65344;2
432.33600;111.77000;      -1.83100; 47.49893;80.00000;20.00000;0.65339;2
432.38501;111.78333;      -1.83073; 47.49112;80.00000;20.00000;0.65337;2
432.44901;111.79667;      -1.83094; 47.48526;80.00000;20.00000;0.65333;2
432.52200;111.81000;      -1.82968; 47.47354;80.00000;20.00000;0.65330;2
432.59399;111.82333;      -1.83047; 47.46476;80.00000;20.00000;0.65326;2
432.65799;111.83667;      -1.83091; 47.45792;80.00000;20.00000;0.65322;2
432.72198;111.85000;      -1.83123; 47.44523;80.00000;20.00000;0.65319;2
432.78201;111.86333;      -1.83189; 47.43254;80.00000;20.00000;0.65316;2
432.85901;111.87667;      -1.83189; 47.43059;80.00000;20.00000;0.65312;2
432.92200;111.89000;      -1.83141; 47.42864;80.00000;20.00000;0.65308;2
432.98801;111.90333;      -1.83140; 47.42278;80.00000;20.00000;0.65305;2
433.05600;111.91667;      -1.83127; 47.41497;80.00000;20.00000;0.65301;2
433.12100;111.93000;      -1.83171; 47.40521;80.00000;20.00000;0.65298;2
433.18701;111.94333;      -1.83215; 47.39349;80.00000;20.00000;0.65295;2
433.25601;111.95667;      -1.83168; 47.38568;80.00000;20.00000;0.65291;2
433.32199;111.97000;      -1.83178; 47.37787;80.00000;20.00000;0.65287;2
433.39001;111.98333;      -1.83153; 47.36909;80.00000;20.00000;0.65284;2
433.45200;111.99667;      -1.83128; 47.36128;80.00000;20.00000;0.65281;2
433.52399;112.01000;      -1.83116; 47.34761;80.00000;20.00000;0.65277;2
433.57800;112.02333;      -1.83113; 47.33883;80.00000;20.00000;0.65274;2
433.66299;112.03667;      -1.83125; 47.33199;80.00000;20.00000;0.65270;2
433.72601;112.05000;      -1.83123; 47.32125;80.00000;20.00000;0.65266;2
433.79599;112.06333;      -1.83133; 47.31442;80.00000;20.00000;0.65263;2
433.84500;112.07667;      -1.83175; 47.29685;80.00000;20.00000;0.65260;2
433.92099;112.09000;      -1.83118; 47.28318;80.00000;20.00000;0.65256;2
433.98801;112.10333;      -1.83128; 47.28221;80.00000;20.00000;0.65252;2
434.05701;112.11667;      -1.83138; 47.27537;80.00000;20.00000;0.65249;2
434.11700;112.13000;      -1.83044; 47.26659;80.00000;20.00000;0.65246;2
434.19000;112.14333;      -1.83043; 47.25878;80.00000;20.00000;0.65242;2
434.24899;112.15667;      -1.83075; 47.24706;80.00000;20.00000;0.65239;2
434.32300;112.17000;      -1.83063; 47.23047;80.00000;20.00000;0.65235;2
434.38699;112.18333;      -1.83038; 47.22754;80.00000;20.00000;0.65231;2
434.45499;112.19667;      -1.83116; 47.22558;80.00000;20.00000;0.65228;2
434.51999;112.21000;      -1.83149; 47.21582;80.00000;20.00000;0.65224;2
434.59100;112.22333;      -1.83171; 47.20606;80.00000;20.00000;0.65221;2
434.65900;112.23667;      -1.83135; 47.19825;80.00000;20.00000;0.65217;2
434.72000;112.25000;      -1.83053; 47.19337;80.00000;20.00000;0.65214;2
434.79099;112.26333;      -1.83166; 47.18654;80.00000;20.00000;0.65210;2
434.85501;112.27667;      -1.83107; 47.17189;80.00000;20.00000;0.65207;2
434.91699;112.29000;      -1.83082; 47.16213;80.00000;20.00000;0.65204;2
434.98901;112.30333;      -1.83092; 47.15823;80.00000;20.00000;0.65200;2
435.05801;112.31667;      -1.83114; 47.15042;80.00000;20.00000;0.65196;2
435.11301;112.33000;      -1.83042; 47.14358;80.00000;20.00000;0.65193;2
435.18600;112.34333;      -1.83076; 47.13870;80.00000;20.00000;0.65190;2
435.24100;112.35667;      -1.83050; 47.13187;80.00000;20.00000;0.65187;2
435.31299;112.37000;      -1.83026; 47.12503;80.00000;20.00000;0.65183;2
435.39001;112.38333;      -1.83014; 47.11820;80.00000;20.00000;0.65179;2
435.45300;112.39667;      -1.83012; 47.10746;80.00000;20.00000;0.65175;2
435.51199;112.41000;      -1.83078; 47.10063;80.00000;20.00000;0.65172;2
435.57901;112.42333;      -1.83134; 47.09380;80.00000;20.00000;0.65169;2
435.64600;112.43667;      -1.83109; 47.08599;80.00000;20.00000;0.65165;2
435.71399;112.45000;      -1.83165; 47.07720;80.00000;20.00000;0.65162;2
435.78201;112.46333;      -1.83186; 47.06646;80.00000;20.00000;0.65158;2
435.84698;112.47667;      -1.83173; 47.05377;80.00000;20.00000;0.65155;2
435.91800;112.49000;      -1.83184; 47.04889;80.00000;20.00000;0.65151;2
435.98499;112.50333;      -1.83193; 47.04791;80.00000;20.00000;0.65148;2
436.05099;112.51667;      -1.83123; 47.04303;80.00000;20.00000;0.65144;2
436.11899;112.53000;      -1.83190; 47.03620;80.00000;20.00000;0.65141;2
436.19000;112.54333;      -1.83201; 47.02936;80.00000;20.00000;0.65137;2
436.25699;112.55667;      -1.83245; 47.02448;80.00000;20.00000;0.65133;2
436.31799;112.57000;      -1.83265; 47.01277;80.00000;20.00000;0.65130;2
436.38400;112.58333;      -1.83275; 47.00301;80.00000;20.00000;0.65127;2
436.44199;112.59667;      -1.83272; 46.99032;80.00000;20.00000;0.65124;2
436.51099;112.61000;      -1.83248; 46.97763;80.00000;20.00000;0.65120;2
436.58401;112.62333;      -1.83270; 46.97958;80.00000;20.00000;0.65116;2
436.65601;112.63667;      -1.83247; 46.97567;80.00000;20.00000;0.65112;2
436.71701;112.65000;      -1.83301; 46.96298;80.00000;20.00000;0.65109;2
436.78799;112.66333;      -1.83335; 46.95615;80.00000;20.00000;0.65106;2
436.84601;112.67667;      -1.83343; 46.94931;80.00000;20.00000;0.65103;2
436.91901;112.69000;      -1.83400; 46.94248;80.00000;20.00000;0.65099;2
436.98700;112.70333;      -1.83353; 46.93760;80.00000;20.00000;0.65095;2
437.05399;112.71667;      -1.83294; 46.92491;80.00000;20.00000;0.65092;2
437.12500;112.73000;      -1.83281; 46.90929;80.00000;20.00000;0.65088;2
437.17999;112.74333;      -1.83289; 46.90831;80.00000;20.00000;0.65085;2
437.25500;112.75667;      -1.83300; 46.90636;80.00000;20.00000;0.65081;2
437.31699;112.77000;      -1.83264; 46.89855;80.00000;20.00000;0.65078;2
437.38501;112.78333;      -1.83217; 46.89074;80.00000;20.00000;0.65074;2
437.44901;112.79667;      -1.83237; 46.88293;80.00000;20.00000;0.65071;2
437.51901;112.81000;      -1.83351; 46.87805;80.00000;20.00000;0.65067;2
437.58301;112.82333;      -1.83326; 46.87219;80.00000;20.00000;0.65064;2
437.65201;112.83667;      -1.83313; 46.86926;80.00000;20.00000;0.65060;2
437.71399;112.85000;      -1.83368; 46.86438;80.00000;20.00000;0.65057;2
437.78699;112.86333;      -1.83333; 46.85169;80.00000;20.00000;0.65053;2
437.85599;112.87667;      -1.83332; 46.84193;80.00000;20.00000;0.65050;2
437.92300;112.89000;      -1.83319; 46.83900;80.00000;20.00000;0.65046;2
437.98300;112.90333;      -1.83328; 46.83217;80.00000;20.00000;0.65043;2
438.05899;112.91667;      -1.83293; 46.82436;80.00000;20.00000;0.65039;2
438.11899;112.93000;      -1.83256; 46.82241;80.00000;20.00000;0.65036;2
438.18399;112.94333;      -1.83311; 46.81753;80.00000;20.00000;0.65033;2
438.26199;112.95667;      -1.83288; 46.81167;80.00000;20.00000;0.65029;2
438.32300;112.97000;      -1.83332; 46.79995;80.00000;20.00000;0.65025;2
438.39099;112.98333;      -1.83376; 46.79019;80.00000;20.00000;0.65022;2
438.45801;112.99667;      -1.83363; 46.78238;80.00000;20.00000;0.65018;2
438.52100;113.01000;      -1.83327; 46.77652;80.00000;20.00000;0.65015;2
438.59000;113.02333;      -1.83314; 46.76774;80.00000;20.00000;0.65011;2
438.65900;113.03667;      -1.83301; 46.75993;80.00000;20.00000;0.65008;2
438.72501;113.05000;      -1.83276; 46.75114;80.00000;20.00000;0.65004;2
438.79001;113.06333;      -1.83263; 46.73455;80.00000;20.00000;0.65001;2
438.85699;113.07667;      -1.83238; 46.72674;80.00000;20.00000;0.64997;2
438.92099;113.09000;      -1.83282; 46.72674;80.00000;20.00000;0.64994;2
438.98700;113.10333;      -1.83280; 46.71990;80.00000;20.00000;0.64991;2
439.05701;113.11667;      -1.83176; 46.70916;80.00000;20.00000;0.64987;2
439.11899;113.13000;      -1.83174; 46.70331;80.00000;20.00000;0.64984;2
439.19000;113.14333;      -1.83196; 46.69647;80.00000;20.00000;0.64980;2
439.25400;113.15667;      -1.83217; 46.69159;80.00000;20.00000;0.64977;2
439.31799;113.17000;      -1.83215; 46.68281;80.00000;20.00000;0.64973;2
439.39301;113.18333;      -1.83260; 46.67597;80.00000;20.00000;0.64970;2
439.45999;113.19667;      -1.83304; 46.66816;80.00000;20.00000;0.64966;2
439.51999;113.21000;      -1.83290; 46.66426;80.00000;20.00000;0.64963;2
439.58401;113.22333;      -1.83277; 46.65352;80.00000;20.00000;0.64960;2
439.64899;113.23667;      -1.83286; 46.64083;80.00000;20.00000;0.64956;2
439.71799;113.25000;      -1.83205; 46.63400;80.00000;20.00000;0.64953;2
439.78299;113.26333;      -1.83248; 46.63400;80.00000;20.00000;0.64949;2
439.84601;113.27667;      -1.83292; 46.62619;80.00000;20.00000;0.64946;2
439.91000;113.29000;      -1.83324; 46.61545;80.00000;20.00000;0.64943;2
439.97400;113.30333;      -1.83334; 46.60959;80.00000;20.00000;0.64939;2
440.04700;113.31667;      -1.83413; 46.60178;80.00000;20.00000;0.64935;2
440.11301;113.33000;      -1.83400; 46.59495;80.00000;20.00000;0.64932;2
440.17499;113.34333;      -1.83398; 46.58714;80.00000;20.00000;0.64929;2
440.25000;113.35667;      -1.83443; 46.57542;80.00000;20.00000;0.64925;2
440.31400;113.37000;      -1.83556; 46.56176;80.00000;20.00000;0.64922;2
440.39001;113.38333;      -1.83521; 46.55883;80.00000;20.00000;0.64918;2
440.44199;113.39667;      -1.83529; 46.55687;80.00000;20.00000;0.64915;2
440.51300;113.41000;      -1.83505; 46.55102;80.00000;20.00000;0.64911;2
440.58200;113.42333;      -1.83549; 46.54418;80.00000;20.00000;0.64908;2
440.64700;113.43667;      -1.83605; 46.53735;80.00000;20.00000;0.64904;2
440.71600;113.45000;      -1.83649; 46.53149;80.00000;20.00000;0.64901;2
440.78101;113.46333;      -1.83636; 46.52173;80.00000;20.00000;0.64897;2
440.85501;113.47667;      -1.83613; 46.51490;80.00000;20.00000;0.64893;2
440.90799;113.49000;      -1.83597; 46.50806;80.00000;20.00000;0.64891;2
440.97601;113.50333;      -1.83642; 46.50221;80.00000;20.00000;0.64887;2
441.04099;113.51667;      -1.83789; 46.49049;80.00000;20.00000;0.64884;2
441.11600;113.53000;      -1.83777; 46.47682;80.00000;20.00000;0.64880;2
441.17999;113.54333;      -1.83775; 46.47292;80.00000;20.00000;0.64877;2
441.24100;113.55667;      -1.83807; 46.47194;80.00000;20.00000;0.64873;2
441.31201;113.57000;      -1.83863; 46.46511;80.00000;20.00000;0.64870;2
441.38300;113.58333;      -1.83943; 46.45828;80.00000;20.00000;0.64866;2
441.44901;113.59667;      -1.83872; 46.45437;80.00000;20.00000;0.64863;2
441.51300;113.61000;      -1.83847; 46.45047;80.00000;20.00000;0.64859;2
441.58099;113.62333;      -1.83857; 46.44070;80.00000;20.00000;0.64856;2
441.65100;113.63667;      -1.83925; 46.43387;80.00000;20.00000;0.64852;2
441.71600;113.65000;      -1.83911; 46.42508;80.00000;20.00000;0.64849;2
441.78799;113.66333;      -1.83899; 46.41728;80.00000;20.00000;0.64845;2
441.85101;113.67667;      -1.83954; 46.41142;80.00000;20.00000;0.64842;2
441.91599;113.69000;      -1.83941; 46.40556;80.00000;20.00000;0.64838;2
441.98099;113.70333;      -1.83973; 46.39873;80.00000;20.00000;0.64835;2
442.05301;113.71667;      -1.83938; 46.38311;80.00000;20.00000;0.64831;2
442.11499;113.73000;      -1.83936; 46.37139;80.00000;20.00000;0.64828;2
442.18701;113.74333;      -1.83992; 46.37042;80.00000;20.00000;0.64824;2
442.24500;113.75667;      -1.84001; 46.36554;80.00000;20.00000;0.64821;2
442.31699;113.77000;      -1.83954; 46.35773;80.00000;20.00000;0.64818;2
442.37900;113.78333;      -1.83917; 46.35089;80.00000;20.00000;0.64814;2
442.44299;113.79667;      -1.83938; 46.34406;80.00000;20.00000;0.64811;2
442.52100;113.81000;      -1.83938; 46.33039;80.00000;20.00000;0.64807;2
442.58801;113.82333;      -1.83936; 46.32551;80.00000;20.00000;0.64803;2
442.65399;113.83667;      -1.83900; 46.31868;80.00000;20.00000;0.64800;2
442.71600;113.85000;      -1.83898; 46.31282;80.00000;20.00000;0.64797;2
442.79099;113.86333;      -1.83909; 46.30403;80.00000;20.00000;0.64793;2
442.85001;113.87667;      -1.83837; 46.29622;80.00000;20.00000;0.64790;2
442.91800;113.89000;      -1.83813; 46.28158;80.00000;20.00000;0.64786;2
442.98901;113.90333;      -1.83811; 46.27377;80.00000;20.00000;0.64783;2
443.05499;113.91667;      -1.83741; 46.27475;80.00000;20.00000;0.64779;2
443.12000;113.93000;      -1.83762; 46.27084;80.00000;20.00000;0.64776;2
443.17999;113.94333;      -1.83771; 46.25620;80.00000;20.00000;0.64773;2
443.25201;113.95667;      -1.83816; 46.25034;80.00000;20.00000;0.64769;2
443.30399;113.97000;      -1.83720; 46.24546;80.00000;20.00000;0.64766;2
443.37601;113.98333;      -1.83719; 46.24058;80.00000;20.00000;0.64763;2
443.43900;113.99667;      -1.83648; 46.23375;80.00000;20.00000;0.64759;2
443.51801;114.01000;      -1.83625; 46.21715;80.00000;20.00000;0.64755;2
443.58099;114.02333;      -1.83645; 46.20739;80.00000;20.00000;0.64752;2
443.64401;114.03667;      -1.83620; 46.20544;80.00000;20.00000;0.64749;2
443.70901;114.05000;      -1.83664; 46.19763;80.00000;20.00000;0.64745;2
443.77499;114.06333;      -1.83685; 46.18982;80.00000;20.00000;0.64742;2
443.83701;114.07667;      -1.83671; 46.18591;80.00000;20.00000;0.64739;2
443.91400;114.09000;      -1.83706; 46.18005;80.00000;20.00000;0.64735;2
443.97800;114.10333;      -1.83727; 46.17322;80.00000;20.00000;0.64732;2
444.03400;114.11667;      -1.83769; 46.16541;80.00000;20.00000;0.64729;2
444.09799;114.13000;      -1.83744; 46.15565;80.00000;20.00000;0.64725;2
444.17801;114.14333;      -1.83745; 46.14784;80.00000;20.00000;0.64721;2
444.23499;114.15667;      -1.83695; 46.14101;80.00000;20.00000;0.64718;2
444.29999;114.17000;      -1.83751; 46.13320;80.00000;20.00000;0.64715;2
444.36700;114.18333;      -1.83761; 46.12539;80.00000;20.00000;0.64711;2
444.44000;114.19667;      -1.83795; 46.12246;80.00000;20.00000;0.64708;2
444.50000;114.21000;      -1.83769; 46.11660;80.00000;20.00000;0.64705;2
444.57401;114.22333;      -1.83768; 46.11367;80.00000;20.00000;0.64701;2
444.63599;114.23667;      -1.83766; 46.10781;80.00000;20.00000;0.64698;2
444.70001;114.25000;      -1.83752; 46.09415;80.00000;20.00000;0.64694;2
444.77701;114.26333;      -1.83832; 46.08438;80.00000;20.00000;0.64690;2
444.83499;114.27667;      -1.83841; 46.08146;80.00000;20.00000;0.64687;2
444.90399;114.29000;      -1.83840; 46.07560;80.00000;20.00000;0.64684;2
444.97000;114.30333;      -1.83849; 46.06779;80.00000;20.00000;0.64680;2
445.05200;114.31667;      -1.83907; 46.06193;80.00000;20.00000;0.64676;2
445.10501;114.33000;      -1.83915; 46.05607;80.00000;20.00000;0.64673;2
445.17999;114.34333;      -1.84018; 46.04924;80.00000;20.00000;0.64669;2
445.23801;114.35667;      -1.83981; 46.04143;80.00000;20.00000;0.64666;2
445.30899;114.37000;      -1.84003; 46.03460;80.00000;20.00000;0.64663;2
445.38599;114.38333;      -1.84060; 46.02679;80.00000;20.00000;0.64659;2
445.44501;114.39667;      -1.84000; 46.02288;80.00000;20.00000;0.64656;2
445.50800;114.41000;      -1.84055; 46.02093;80.00000;20.00000;0.64652;2
445.56500;114.42333;      -1.84063; 46.00922;80.00000;20.00000;0.64650;2
445.64801;114.43667;      -1.84018; 46.00141;80.00000;20.00000;0.64645;2
445.70901;114.45000;      -1.84038; 45.99848;80.00000;20.00000;0.64642;2
445.78400;114.46333;      -1.84015; 45.99262;80.00000;20.00000;0.64638;2
445.83701;114.47667;      -1.83988; 45.98774;80.00000;20.00000;0.64636;2
445.90302;114.49000;      -1.83975; 45.98286;80.00000;20.00000;0.64632;2
445.98001;114.50333;      -1.84021; 45.97798;80.00000;20.00000;0.64628;2
446.04501;114.51667;      -1.84030; 45.97310;80.00000;20.00000;0.64625;2
446.10800;114.53000;      -1.84028; 45.96626;80.00000;20.00000;0.64622;2
446.17499;114.54333;      -1.84049; 45.95748;80.00000;20.00000;0.64618;2
446.23300;114.55667;      -1.84035; 45.94869;80.00000;20.00000;0.64615;2
446.30399;114.57000;      -1.84068; 45.94674;80.00000;20.00000;0.64611;2
446.37399;114.58333;      -1.84090; 45.94576;80.00000;20.00000;0.64608;2
446.43201;114.59667;      -1.84041; 45.94186;80.00000;20.00000;0.64605;2
446.51501;114.61000;      -1.84030; 45.93698;80.00000;20.00000;0.64601;2
446.56601;114.62333;      -1.84060; 45.93307;80.00000;20.00000;0.64598;2
446.64301;114.63667;      -1.84060; 45.92624;80.00000;20.00000;0.64594;2
446.71600;114.65000;      -1.84013; 45.92038;80.00000;20.00000;0.64590;2
446.77600;114.66333;      -1.84034; 45.91062;80.00000;20.00000;0.64587;2
446.83899;114.67667;      -1.84043; 45.90476;80.00000;20.00000;0.64584;2
446.90701;114.69000;      -1.84041; 45.89890;80.00000;20.00000;0.64580;2
446.97299;114.70333;      -1.84016; 45.89305;80.00000;20.00000;0.64577;2
447.03799;114.71667;      -1.84014; 45.88719;80.00000;20.00000;0.64574;2
447.10400;114.73000;      -1.84047; 45.87352;80.00000;20.00000;0.64570;2
447.16901;114.74333;      -1.84103; 45.86278;80.00000;20.00000;0.64567;2
447.23801;114.75667;      -1.84124; 45.85985;80.00000;20.00000;0.64563;2
447.29901;114.77000;      -1.84099; 45.85595;80.00000;20.00000;0.64560;2
447.37299;114.78333;      -1.84133; 45.85009;80.00000;20.00000;0.64556;2
447.44101;114.79667;      -1.84154; 45.84423;80.00000;20.00000;0.64553;2
447.50500;114.81000;      -1.84117; 45.83838;80.00000;20.00000;0.64550;2
447.57501;114.82333;      -1.84105; 45.83252;80.00000;20.00000;0.64546;2
447.63400;114.83667;      -1.84148; 45.82666;80.00000;20.00000;0.64543;2
447.70999;114.85000;      -1.84159; 45.82081;80.00000;20.00000;0.64539;2
447.77600;114.86333;      -1.84146; 45.81788;80.00000;20.00000;0.64536;2
447.83701;114.87667;      -1.84062; 45.81495;80.00000;20.00000;0.64533;2
447.91400;114.89000;      -1.84085; 45.80811;80.00000;20.00000;0.64529;2
447.98001;114.90333;      -1.84141; 45.80421;80.00000;20.00000;0.64525;2
448.03201;114.91667;      -1.84218; 45.80030;80.00000;20.00000;0.64523;2
448.10699;114.93000;      -1.84113; 45.79738;80.00000;20.00000;0.64519;2
448.18201;114.94333;      -1.84101; 45.79640;80.00000;20.00000;0.64515;2
448.23300;114.95667;      -1.84086; 45.78957;80.00000;20.00000;0.64512;2
448.30801;114.97000;      -1.84050; 45.78566;80.00000;20.00000;0.64508;2
448.36899;114.98333;      -1.84071; 45.78469;80.00000;20.00000;0.64505;2
448.43600;114.99667;      -1.84139; 45.78469;80.00000;20.00000;0.64502;2
448.50201;115.01000;      -1.84171; 45.78176;80.00000;20.00000;0.64498;2
448.57199;115.02333;      -1.84239; 45.77688;80.00000;20.00000;0.64495;2
448.63400;115.03667;      -1.84202; 45.77395;80.00000;20.00000;0.64492;2
448.70200;115.05000;      -1.84328; 45.77004;80.00000;20.00000;0.64488;2
448.77802;115.06333;      -1.84200; 45.76418;80.00000;20.00000;0.64484;2
448.84100;115.07667;      -1.84244; 45.75930;80.00000;20.00000;0.64481;2
448.89899;115.09000;      -1.84218; 45.75149;80.00000;20.00000;0.64478;2
448.96399;115.10333;      -1.84308; 45.74856;80.00000;20.00000;0.64475;2
449.03601;115.11667;      -1.84365; 45.74368;80.00000;20.00000;0.64471;2
449.09000;115.13000;      -1.84373; 45.73490;80.00000;20.00000;0.64468;2
449.16299;115.14333;      -1.84337; 45.72611;80.00000;20.00000;0.64465;2
449.23801;115.15667;      -1.84360; 45.72416;80.00000;20.00000;0.64461;2
449.29999;115.17000;      -1.84300; 45.72318;80.00000;20.00000;0.64457;2
449.36401;115.18333;      -1.84298; 45.71733;80.00000;20.00000;0.64454;2
449.44101;115.19667;      -1.84274; 45.71244;80.00000;20.00000;0.64450;2
449.51501;115.21000;      -1.84285; 45.70464;80.00000;20.00000;0.64446;2
449.57001;115.22333;      -1.84282; 45.69878;80.00000;20.00000;0.64444;2
449.64099;115.23667;      -1.84304; 45.69194;80.00000;20.00000;0.64440;2
449.70001;115.25000;      -1.84370; 45.68413;80.00000;20.00000;0.64437;2
449.77499;115.26333;      -1.84439; 45.67437;80.00000;20.00000;0.64433;2
449.84100;115.27667;      -1.84391; 45.66656;80.00000;20.00000;0.64430;2
449.89499;115.29000;      -1.84329; 45.65875;80.00000;20.00000;0.64427;2
449.97101;115.30333;      -1.84317; 45.64997;80.00000;20.00000;0.64423;2
450.03400;115.31667;      -1.84407; 45.63923;80.00000;20.00000;0.64420;2
450.09500;115.33000;      -1.84370; 45.62751;80.00000;20.00000;0.64417;2
450.16901;115.34333;      -1.84392; 45.61873;80.00000;20.00000;0.64413;2
450.23199;115.35667;      -1.84413; 45.61092;80.00000;20.00000;0.64410;2
450.29901;115.37000;      -1.84400; 45.59823;80.00000;20.00000;0.64406;2
450.36700;115.38333;      -1.84433; 45.58651;80.00000;20.00000;0.64403;2
450.43500;115.39667;      -1.84397; 45.58163;80.00000;20.00000;0.64399;2
450.50400;115.41000;      -1.84407; 45.57577;80.00000;20.00000;0.64396;2
450.56400;115.42333;      -1.84404; 45.56699;80.00000;20.00000;0.64393;2
450.63101;115.43667;      -1.84437; 45.56015;80.00000;20.00000;0.64389;2
450.70300;115.45000;      -1.84505; 45.55234;80.00000;20.00000;0.64386;2
450.76300;115.46333;      -1.84572; 45.54161;80.00000;20.00000;0.64383;2
450.83401;115.47667;      -1.84617; 45.53184;80.00000;20.00000;0.64379;2
450.90201;115.49000;      -1.84616; 45.52208;80.00000;20.00000;0.64375;2
450.97000;115.50333;      -1.84718; 45.51525;80.00000;20.00000;0.64372;2
451.03000;115.51667;      -1.84808; 45.50842;80.00000;20.00000;0.64369;2
451.10800;115.53000;      -1.84854; 45.50061;80.00000;20.00000;0.64365;2
451.17001;115.54333;      -1.84805; 45.48596;80.00000;20.00000;0.64362;2
451.23401;115.55667;      -1.84826; 45.47229;80.00000;20.00000;0.64359;2
451.29999;115.57000;      -1.84871; 45.46937;80.00000;20.00000;0.64355;2
451.36801;115.58333;      -1.84973; 45.46741;80.00000;20.00000;0.64352;2
451.43500;115.59667;      -1.85064; 45.46058;80.00000;20.00000;0.64348;2
451.50201;115.61000;      -1.84947; 45.45472;80.00000;20.00000;0.64345;2
451.57101;115.62333;      -1.84968; 45.44789;80.00000;20.00000;0.64341;2
451.62701;115.63667;      -1.85034; 45.44398;80.00000;20.00000;0.64338;2
451.70300;115.65000;      -1.85022; 45.43325;80.00000;20.00000;0.64335;2
451.76901;115.66333;      -1.85044; 45.42544;80.00000;20.00000;0.64331;2
451.83899;115.67667;      -1.85112; 45.42153;80.00000;20.00000;0.64328;2
451.89801;115.69000;      -1.85121; 45.41567;80.00000;20.00000;0.64325;2
451.96799;115.70333;      -1.85119; 45.41275;80.00000;20.00000;0.64321;2
452.03601;115.71667;      -1.85199; 45.40884;80.00000;20.00000;0.64318;2
452.09698;115.73000;      -1.85069; 45.40396;80.00000;20.00000;0.64314;2
452.16599;115.74333;      -1.85021; 45.40103;80.00000;20.00000;0.64311;2
452.22900;115.75667;      -1.85077; 45.39713;80.00000;20.00000;0.64308;2
452.29901;115.77000;      -1.85110; 45.39029;80.00000;20.00000;0.64304;2
452.37000;115.78333;      -1.85144; 45.38541;80.00000;20.00000;0.64301;2
452.43900;115.79667;      -1.85223; 45.38248;80.00000;20.00000;0.64297;2
452.50201;115.81000;      -1.85279; 45.37858;80.00000;20.00000;0.64294;2
452.56400;115.82333;      -1.85357; 45.37467;80.00000;20.00000;0.64291;2
452.63800;115.83667;      -1.85345; 45.37174;80.00000;20.00000;0.64287;2
452.69800;115.85000;      -1.85319; 45.36882;80.00000;20.00000;0.64284;2
452.76999;115.86333;      -1.85411; 45.36393;80.00000;20.00000;0.64280;2
452.84000;115.87667;      -1.85410; 45.35905;80.00000;20.00000;0.64277;2
452.90100;115.89000;      -1.85407; 45.35710;80.00000;20.00000;0.64273;2
452.97400;115.90333;      -1.85452; 45.35320;80.00000;20.00000;0.64270;2
453.03799;115.91667;      -1.85450; 45.34929;80.00000;20.00000;0.64266;2
453.09399;115.93000;      -1.85447; 45.34441;80.00000;20.00000;0.64264;2
453.16400;115.94333;      -1.85480; 45.34051;80.00000;20.00000;0.64260;2
453.24399;115.95667;      -1.85504; 45.33660;80.00000;20.00000;0.64256;2
453.29800;115.97000;      -1.85489; 45.32879;80.00000;20.00000;0.64253;2
453.36700;115.98333;      -1.85557; 45.32196;80.00000;20.00000;0.64250;2
453.43399;115.99667;      -1.85532; 45.31708;80.00000;20.00000;0.64246;2
453.49600;116.01000;      -1.85541; 45.31415;80.00000;20.00000;0.64243;2
453.57101;116.02333;      -1.85494; 45.31122;80.00000;20.00000;0.64239;2
453.62601;116.03667;      -1.85548; 45.30731;80.00000;20.00000;0.64237;2
453.70001;116.05000;      -1.85652; 45.30146;80.00000;20.00000;0.64233;2
453.76199;116.06333;      -1.85673; 45.29267;80.00000;20.00000;0.64230;2
453.82800;116.07667;      -1.85636; 45.28193;80.00000;20.00000;0.64226;2
453.89899;116.09000;      -1.85670; 45.27705;80.00000;20.00000;0.64223;2
453.96799;116.10333;      -1.85680; 45.27705;80.00000;20.00000;0.64219;2
454.04001;116.11667;      -1.85748; 45.27217;80.00000;20.00000;0.64215;2
454.10400;116.13000;      -1.85642; 45.26143;80.00000;20.00000;0.64212;2
454.16800;116.14333;      -1.85698; 45.25655;80.00000;20.00000;0.64209;2
454.23199;116.15667;      -1.85707; 45.25362;80.00000;20.00000;0.64206;2
454.29700;116.17000;      -1.85693; 45.24972;80.00000;20.00000;0.64202;2
454.36499;116.18333;      -1.85715; 45.24484;80.00000;20.00000;0.64199;2
454.43500;116.19667;      -1.85748; 45.23800;80.00000;20.00000;0.64195;2
454.49301;116.21000;      -1.85676; 45.22336;80.00000;20.00000;0.64192;2
454.56299;116.22333;      -1.85674; 45.20872;80.00000;20.00000;0.64189;2
454.64700;116.23667;      -1.85733; 45.20872;80.00000;20.00000;0.64185;2
454.70001;116.25000;      -1.85718; 45.20872;80.00000;20.00000;0.64182;2
454.76501;116.26333;      -1.85565; 45.21067;80.00000;20.00000;0.64179;2
454.83401;116.27667;      -1.85529; 45.20774;80.00000;20.00000;0.64175;2
454.89999;116.29000;      -1.85620; 45.20481;80.00000;20.00000;0.64172;2
454.97299;116.30333;      -1.85549; 45.20188;80.00000;20.00000;0.64168;2
455.03299;116.31667;      -1.85593; 45.19700;80.00000;20.00000;0.64165;2
455.09900;116.33000;      -1.85614; 45.19212;80.00000;20.00000;0.64162;2
455.16299;116.34333;      -1.85612; 45.18529;80.00000;20.00000;0.64158;2
455.22601;116.35667;      -1.85563; 45.17943;80.00000;20.00000;0.64155;2
455.29401;116.37000;      -1.85550; 45.17650;80.00000;20.00000;0.64152;2
455.35199;116.38333;      -1.85477; 45.17260;80.00000;20.00000;0.64149;2
455.43201;116.39667;      -1.85454; 45.16869;80.00000;20.00000;0.64145;2
455.49799;116.41000;      -1.85533; 45.16479;80.00000;20.00000;0.64141;2
455.55499;116.42333;      -1.85565; 45.16186;80.00000;20.00000;0.64139;2
455.62701;116.43667;      -1.85575; 45.15893;80.00000;20.00000;0.64135;2
455.69501;116.45000;      -1.85585; 45.15502;80.00000;20.00000;0.64131;2
455.75299;116.46333;      -1.85582; 45.15209;80.00000;20.00000;0.64128;2
455.82501;116.47667;      -1.85593; 45.14917;80.00000;20.00000;0.64125;2
455.89301;116.49000;      -1.85603; 45.13843;80.00000;20.00000;0.64121;2
455.96301;116.50333;      -1.85578; 45.12867;80.00000;20.00000;0.64118;2
456.02399;116.51667;      -1.85599; 45.12378;80.00000;20.00000;0.64115;2
456.09201;116.53000;      -1.85620; 45.12183;80.00000;20.00000;0.64111;2
456.15701;116.54333;      -1.85746; 45.12183;80.00000;20.00000;0.64108;2
456.22198;116.55667;      -1.85732; 45.11988;80.00000;20.00000;0.64105;2
456.27802;116.57000;      -1.85834; 45.11597;80.00000;20.00000;0.64102;2
456.35300;116.58333;      -1.85787; 45.11305;80.00000;20.00000;0.64098;2
456.42200;116.59667;      -1.85820; 45.11012;80.00000;20.00000;0.64095;2
456.49399;116.61000;      -1.85772; 45.10719;80.00000;20.00000;0.64091;2
456.55899;116.62333;      -1.85782; 45.10524;80.00000;20.00000;0.64088;2
456.61600;116.63667;      -1.85767; 45.10231;80.00000;20.00000;0.64085;2
456.68900;116.65000;      -1.85766; 45.09938;80.00000;20.00000;0.64081;2
456.74399;116.66333;      -1.85786; 45.09352;80.00000;20.00000;0.64078;2
456.81900;116.67667;      -1.85785; 45.08766;80.00000;20.00000;0.64074;2
456.89499;116.69000;      -1.85808; 45.08083;80.00000;20.00000;0.64071;2
456.95300;116.70333;      -1.85828; 45.07595;80.00000;20.00000;0.64068;2
457.01901;116.71667;      -1.85838; 45.07204;80.00000;20.00000;0.64064;2
457.09601;116.73000;      -1.85861; 45.06716;80.00000;20.00000;0.64060;2
457.15399;116.74333;      -1.85916; 45.06424;80.00000;20.00000;0.64057;2
457.22400;116.75667;      -1.85926; 45.06131;80.00000;20.00000;0.64054;2
457.28699;116.77000;      -1.86017; 45.05643;80.00000;20.00000;0.64051;2
457.35699;116.78333;      -1.86015; 45.04764;80.00000;20.00000;0.64047;2
457.42401;116.79667;      -1.86037; 45.03983;80.00000;20.00000;0.64044;2
457.49399;116.81000;      -1.86070; 45.02812;80.00000;20.00000;0.64040;2
457.57101;116.82333;      -1.86128; 45.01835;80.00000;20.00000;0.64036;2
457.63000;116.83667;      -1.86148; 45.01152;80.00000;20.00000;0.64033;2
457.69101;116.85000;      -1.86088; 45.00761;80.00000;20.00000;0.64030;2
457.75601;116.86333;      -1.86051; 45.00176;80.00000;20.00000;0.64027;2
457.82599;116.87667;      -1.86131; 44.99590;80.00000;20.00000;0.64024;2
457.89999;116.89000;      -1.86118; 44.98907;80.00000;20.00000;0.64020;2
457.96500;116.90333;      -1.86046; 44.98321;80.00000;20.00000;0.64016;2
458.02899;116.91667;      -1.86172; 44.97638;80.00000;20.00000;0.64013;2
458.09698;116.93000;      -1.86147; 44.97052;80.00000;20.00000;0.64010;2
458.16800;116.94333;      -1.86204; 44.96466;80.00000;20.00000;0.64006;2
458.22699;116.95667;      -1.86178; 44.96076;80.00000;20.00000;0.64003;2
458.29999;116.97000;      -1.86177; 44.94709;80.00000;20.00000;0.64000;2
458.36099;116.98333;      -1.86128; 44.93928;80.00000;20.00000;0.63996;2
458.42099;116.99667;      -1.86125; 44.93049;80.00000;20.00000;0.63993;2
458.49100;117.01000;      -1.86147; 44.92464;80.00000;20.00000;0.63990;2
458.55801;117.02333;      -1.86157; 44.91780;80.00000;20.00000;0.63987;2
458.62399;117.03667;      -1.86167; 44.91195;80.00000;20.00000;0.63983;2
458.69800;117.05000;      -1.86201; 44.89730;80.00000;20.00000;0.63979;2
458.75201;117.06333;      -1.86220; 44.88559;80.00000;20.00000;0.63977;2
458.82300;117.07667;      -1.86254; 44.88266;80.00000;20.00000;0.63973;2
458.89200;117.09000;      -1.86276; 44.88168;80.00000;20.00000;0.63970;2
458.95401;117.10333;      -1.86262; 44.87875;80.00000;20.00000;0.63967;2
459.01999;117.11667;      -1.86236; 44.87778;80.00000;20.00000;0.63963;2
459.08899;117.13000;      -1.86200; 44.87582;80.00000;20.00000;0.63960;2
459.14401;117.14333;      -1.86254; 44.87094;80.00000;20.00000;0.63957;2
459.22101;117.15667;      -1.86289; 44.86802;80.00000;20.00000;0.63953;2
459.27499;117.17000;      -1.86274; 44.86313;80.00000;20.00000;0.63950;2
459.35199;117.18333;      -1.86355; 44.86118;80.00000;20.00000;0.63946;2
459.42099;117.19667;      -1.86307; 44.86216;80.00000;20.00000;0.63943;2
459.48801;117.21000;      -1.86328; 44.86118;80.00000;20.00000;0.63940;2
459.54800;117.22333;      -1.86407; 44.85532;80.00000;20.00000;0.63937;2
459.61600;117.23667;      -1.86475; 44.85337;80.00000;20.00000;0.63933;2
459.68500;117.25000;      -1.86579; 44.84947;80.00000;20.00000;0.63930;2
459.75101;117.26333;      -1.86553; 44.84654;80.00000;20.00000;0.63926;2
459.81500;117.27667;      -1.86563; 44.84263;80.00000;20.00000;0.63923;2
459.89700;117.29000;      -1.86610; 44.83873;80.00000;20.00000;0.63919;2
459.95099;117.30333;      -1.86676; 44.83482;80.00000;20.00000;0.63916;2
460.02301;117.31667;      -1.86687; 44.83092;80.00000;20.00000;0.63913;2
460.09100;117.33000;      -1.86743; 44.82604;80.00000;20.00000;0.63909;2
460.15500;117.34333;      -1.86741; 44.81823;80.00000;20.00000;0.63906;2
460.22198;117.35667;      -1.86727; 44.80944;80.00000;20.00000;0.63903;2
460.28799;117.37000;      -1.86749; 44.80358;80.00000;20.00000;0.63899;2
460.37399;117.38333;      -1.86808; 44.80261;80.00000;20.00000;0.63895;2
460.41901;117.39667;      -1.86780; 44.80066;80.00000;20.00000;0.63893;2
460.49600;117.41000;      -1.86756; 44.79675;80.00000;20.00000;0.63889;2
460.56400;117.42333;      -1.86754; 44.79382;80.00000;20.00000;0.63885;2
460.62100;117.43667;      -1.86775; 44.78797;80.00000;20.00000;0.63883;2
460.68500;117.45000;      -1.86726; 44.78113;80.00000;20.00000;0.63879;2
460.75699;117.46333;      -1.86701; 44.77137;80.00000;20.00000;0.63876;2
460.82501;117.47667;      -1.86723; 44.76551;80.00000;20.00000;0.63872;2
460.89099;117.49000;      -1.86674; 44.76063;80.00000;20.00000;0.63869;2
460.95200;117.50333;      -1.86707; 44.75575;80.00000;20.00000;0.63866;2
461.01599;117.51667;      -1.86693; 44.74989;80.00000;20.00000;0.63863;2
461.09500;117.53000;      -1.86669; 44.74501;80.00000;20.00000;0.63859;2
461.14899;117.54333;      -1.86631; 44.73818;80.00000;20.00000;0.63856;2
461.23001;117.55667;      -1.86619; 44.73427;80.00000;20.00000;0.63852;2
461.28500;117.57000;      -1.86651; 44.73134;80.00000;20.00000;0.63849;2
461.34698;117.58333;      -1.86671; 44.72646;80.00000;20.00000;0.63846;2
461.41800;117.59667;      -1.86647; 44.72353;80.00000;20.00000;0.63843;2
461.48700;117.61000;      -1.86657; 44.72061;80.00000;20.00000;0.63839;2
461.54700;117.62333;      -1.86712; 44.70889;80.00000;20.00000;0.63836;2
461.61301;117.63667;      -1.86710; 44.70108;80.00000;20.00000;0.63833;2
461.68100;117.65000;      -1.86650; 44.69718;80.00000;20.00000;0.63829;2
461.75699;117.66333;      -1.86603; 44.69620;80.00000;20.00000;0.63826;2
461.81900;117.67667;      -1.86659; 44.69230;80.00000;20.00000;0.63822;2
461.88199;117.69000;      -1.86762; 44.68741;80.00000;20.00000;0.63819;2
461.95700;117.70333;      -1.86808; 44.68449;80.00000;20.00000;0.63815;2
462.01999;117.71667;      -1.86758; 44.67863;80.00000;20.00000;0.63812;2
462.08499;117.73000;      -1.86826; 44.67375;80.00000;20.00000;0.63809;2
462.14301;117.74333;      -1.86847; 44.66301;80.00000;20.00000;0.63806;2
462.21701;117.75667;      -1.86869; 44.65618;80.00000;20.00000;0.63802;2
462.29401;117.77000;      -1.86857; 44.65032;80.00000;20.00000;0.63799;2
462.34601;117.78333;      -1.86876; 44.64544;80.00000;20.00000;0.63796;2
462.41400;117.79667;      -1.86851; 44.64153;80.00000;20.00000;0.63793;2
462.46799;117.81000;      -1.86848; 44.63763;80.00000;20.00000;0.63790;2
462.55499;117.82333;      -1.87001; 44.63275;80.00000;20.00000;0.63785;2
462.60699;117.83667;      -1.87032; 44.62884;80.00000;20.00000;0.63783;2
462.67999;117.85000;      -1.87042; 44.61420;80.00000;20.00000;0.63779;2
462.73801;117.86333;      -1.87086; 44.60444;80.00000;20.00000;0.63776;2
462.81500;117.87667;      -1.87179; 44.60151;80.00000;20.00000;0.63772;2
462.88199;117.89000;      -1.87154; 44.59955;80.00000;20.00000;0.63769;2
462.94000;117.90333;      -1.87080; 44.59955;80.00000;20.00000;0.63766;2
463.01300;117.91667;      -1.87126; 44.59565;80.00000;20.00000;0.63763;2
463.07300;117.93000;      -1.87170; 44.59272;80.00000;20.00000;0.63760;2
463.14001;117.94333;      -1.87203; 44.58882;80.00000;20.00000;0.63756;2
463.21399;117.95667;      -1.87238; 44.58296;80.00000;20.00000;0.63752;2
463.27802;117.97000;      -1.87305; 44.58003;80.00000;20.00000;0.63749;2
463.34399;117.98333;      -1.87257; 44.57613;80.00000;20.00000;0.63746;2
463.41299;117.99667;      -1.87232; 44.57222;80.00000;20.00000;0.63742;2
463.47601;118.01000;      -1.87276; 44.57027;80.00000;20.00000;0.63739;2
463.54199;118.02333;      -1.87321; 44.56734;80.00000;20.00000;0.63736;2
463.61401;118.03667;      -1.87320; 44.56051;80.00000;20.00000;0.63732;2
463.67801;118.05000;      -1.87329; 44.55660;80.00000;20.00000;0.63729;2
463.73999;118.06333;      -1.87408; 44.55172;80.00000;20.00000;0.63726;2
463.81299;118.07667;      -1.87431; 44.54684;80.00000;20.00000;0.63722;2
463.87601;118.09000;      -1.87499; 44.54293;80.00000;20.00000;0.63719;2
463.94601;118.10333;      -1.87579; 44.53805;80.00000;20.00000;0.63716;2
464.00699;118.11667;      -1.87588; 44.53512;80.00000;20.00000;0.63713;2
464.07700;118.13000;      -1.87528; 44.53122;80.00000;20.00000;0.63709;2
464.14600;118.14333;      -1.87585; 44.52829;80.00000;20.00000;0.63706;2
464.21701;118.15667;      -1.87596; 44.52439;80.00000;20.00000;0.63702;2
464.26801;118.17000;      -1.87603; 44.51560;80.00000;20.00000;0.63700;2
464.34100;118.18333;      -1.87567; 44.50681;80.00000;20.00000;0.63696;2
464.39899;118.19667;      -1.87611; 44.49998;80.00000;20.00000;0.63693;2
464.47299;118.21000;      -1.87692; 44.49803;80.00000;20.00000;0.63689;2
464.54501;118.22333;      -1.87737; 44.49803;80.00000;20.00000;0.63686;2
464.61700;118.23667;      -1.87771; 44.49608;80.00000;20.00000;0.63682;2
464.68100;118.25000;      -1.87757; 44.49315;80.00000;20.00000;0.63679;2
464.74899;118.26333;      -1.87721; 44.49022;80.00000;20.00000;0.63676;2
464.81500;118.27667;      -1.87719; 44.48631;80.00000;20.00000;0.63672;2
464.88599;118.29000;      -1.87682; 44.48241;80.00000;20.00000;0.63669;2
464.94601;118.30333;      -1.87750; 44.47362;80.00000;20.00000;0.63666;2
465.02100;118.31667;      -1.87737; 44.46972;80.00000;20.00000;0.63662;2
465.09000;118.33000;      -1.87677; 44.46581;80.00000;20.00000;0.63659;2
465.15201;118.34333;      -1.87686; 44.46191;80.00000;20.00000;0.63656;2
465.21399;118.35667;      -1.87660; 44.45507;80.00000;20.00000;0.63652;2
465.26999;118.37000;      -1.87751; 44.44922;80.00000;20.00000;0.63650;2
465.34698;118.38333;      -1.87797; 44.44238;80.00000;20.00000;0.63646;2
465.41699;118.39667;      -1.87819; 44.43848;80.00000;20.00000;0.63642;2
465.48700;118.41000;      -1.87829; 44.43360;80.00000;20.00000;0.63639;2
465.54800;118.42333;      -1.87710; 44.42774;80.00000;20.00000;0.63636;2
465.61099;118.43667;      -1.87684; 44.41798;80.00000;20.00000;0.63633;2
465.67401;118.45000;      -1.87670; 44.41017;80.00000;20.00000;0.63630;2
465.75000;118.46333;      -1.87704; 44.40529;80.00000;20.00000;0.63626;2
465.81201;118.47667;      -1.87748; 44.40236;80.00000;20.00000;0.63623;2
465.88000;118.49000;      -1.87606; 44.39650;80.00000;20.00000;0.63619;2
465.94501;118.50333;      -1.87616; 44.39162;80.00000;20.00000;0.63616;2
466.00601;118.51667;      -1.87636; 44.38576;80.00000;20.00000;0.63613;2
466.06601;118.53000;      -1.87657; 44.38186;80.00000;20.00000;0.63610;2
466.14600;118.54333;      -1.87692; 44.37600;80.00000;20.00000;0.63606;2
466.21301;118.55667;      -1.87749; 44.36917;80.00000;20.00000;0.63603;2
466.28201;118.57000;      -1.87689; 44.36429;80.00000;20.00000;0.63599;2
466.33801;118.58333;      -1.87732; 44.35745;80.00000;20.00000;0.63596;2
466.40399;118.59667;      -1.87777; 44.35160;80.00000;20.00000;0.63593;2
466.48099;118.61000;      -1.87800; 44.34867;80.00000;20.00000;0.63589;2
466.55200;118.62333;      -1.87810; 44.34476;80.00000;20.00000;0.63586;2
466.61099;118.63667;      -1.87831; 44.34086;80.00000;20.00000;0.63583;2
466.67700;118.65000;      -1.87841; 44.33988;80.00000;20.00000;0.63580;2
466.74899;118.66333;      -1.87851; 44.33793;80.00000;20.00000;0.63576;2
466.81500;118.67667;      -1.87826; 44.33500;80.00000;20.00000;0.63573;2
466.87701;118.69000;      -1.87870; 44.33305;80.00000;20.00000;0.63570;2
466.94601;118.70333;      -1.87915; 44.33012;80.00000;20.00000;0.63566;2
467.01099;118.71667;      -1.87936; 44.32719;80.00000;20.00000;0.63563;2
467.07300;118.73000;      -1.87934; 44.31938;80.00000;20.00000;0.63560;2
467.15100;118.74333;      -1.87898; 44.31157;80.00000;20.00000;0.63556;2
467.20801;118.75667;      -1.87848; 44.30278;80.00000;20.00000;0.63553;2
467.27200;118.77000;      -1.87893; 44.29986;80.00000;20.00000;0.63550;2
467.33499;118.78333;      -1.87949; 44.29790;80.00000;20.00000;0.63547;2
467.40701;118.79667;      -1.87936; 44.29595;80.00000;20.00000;0.63543;2
467.47800;118.81000;      -1.87947; 44.29205;80.00000;20.00000;0.63540;2
467.53799;118.82333;      -1.87909; 44.29009;80.00000;20.00000;0.63537;2
467.60699;118.83667;      -1.87919; 44.28814;80.00000;20.00000;0.63533;2
467.66599;118.85000;      -1.87880; 44.28619;80.00000;20.00000;0.63530;2
467.74399;118.86333;      -1.87880; 44.28424;80.00000;20.00000;0.63526;2
467.81201;118.87667;      -1.87961; 44.27838;80.00000;20.00000;0.63523;2
467.87399;118.89000;      -1.87958; 44.27545;80.00000;20.00000;0.63520;2
467.94199;118.90333;      -1.87933; 44.27155;80.00000;20.00000;0.63517;2
467.99899;118.91667;      -1.87976; 44.26764;80.00000;20.00000;0.63514;2
468.07901;118.93000;      -1.88011; 44.26374;80.00000;20.00000;0.63510;2
468.13901;118.94333;      -1.87950; 44.25983;80.00000;20.00000;0.63507;2
468.20901;118.95667;      -1.87995; 44.25495;80.00000;20.00000;0.63503;2
468.28101;118.97000;      -1.87959; 44.24909;80.00000;20.00000;0.63500;2
468.34201;118.98333;      -1.87956; 44.24616;80.00000;20.00000;0.63497;2
468.40900;118.99667;      -1.87978; 44.24226;80.00000;20.00000;0.63493;2
468.47299;119.01000;      -1.88011; 44.23835;80.00000;20.00000;0.63490;2
468.54099;119.02333;      -1.87950; 44.23640;80.00000;20.00000;0.63487;2
468.60599;119.03667;      -1.87913; 44.23445;80.00000;20.00000;0.63484;2
468.67200;119.05000;      -1.88005; 44.23250;80.00000;20.00000;0.63480;2
468.73700;119.06333;      -1.88014; 44.22957;80.00000;20.00000;0.63477;2
468.81000;119.07667;      -1.88002; 44.22762;80.00000;20.00000;0.63474;2
468.87500;119.09000;      -1.88046; 44.22469;80.00000;20.00000;0.63470;2
468.94000;119.10333;      -1.88044; 44.22176;80.00000;20.00000;0.63467;2
469.00201;119.11667;      -1.88065; 44.22078;80.00000;20.00000;0.63464;2
469.07700;119.13000;      -1.88064; 44.21590;80.00000;20.00000;0.63460;2
469.14001;119.14333;      -1.88085; 44.21297;80.00000;20.00000;0.63457;2
469.21100;119.15667;      -1.88072; 44.20809;80.00000;20.00000;0.63454;2
469.27100;119.17000;      -1.88116; 44.20614;80.00000;20.00000;0.63451;2
469.33701;119.18333;      -1.88079; 44.20516;80.00000;20.00000;0.63447;2
469.41400;119.19667;      -1.88079; 44.20321;80.00000;20.00000;0.63444;2
469.48199;119.21000;      -1.88218; 44.19930;80.00000;20.00000;0.63440;2
469.54800;119.22333;      -1.88180; 44.19638;80.00000;20.00000;0.63437;2
469.60300;119.23667;      -1.88142; 44.19345;80.00000;20.00000;0.63434;2
469.67999;119.25000;      -1.88094; 44.19052;80.00000;20.00000;0.63430;2
469.74399;119.26333;      -1.88139; 44.18759;80.00000;20.00000;0.63427;2
469.81201;119.27667;      -1.88137; 44.18466;80.00000;20.00000;0.63424;2
469.87000;119.29000;      -1.88134; 44.18076;80.00000;20.00000;0.63421;2
469.93500;119.30333;      -1.88132; 44.17685;80.00000;20.00000;0.63418;2
470.00201;119.31667;      -1.88095; 44.17295;80.00000;20.00000;0.63414;2
470.06000;119.33000;      -1.88138; 44.16611;80.00000;20.00000;0.63412;2
470.13501;119.34333;      -1.88196; 44.16318;80.00000;20.00000;0.63408;2
470.20499;119.35667;      -1.88148; 44.16026;80.00000;20.00000;0.63404;2
470.26401;119.37000;      -1.88145; 44.15635;80.00000;20.00000;0.63402;2
470.33401;119.38333;      -1.88108; 44.15342;80.00000;20.00000;0.63398;2
470.39499;119.39667;      -1.88093; 44.15049;80.00000;20.00000;0.63395;2
470.46701;119.41000;      -1.88116; 44.14757;80.00000;20.00000;0.63391;2
470.53799;119.42333;      -1.88091; 44.14268;80.00000;20.00000;0.63388;2
470.59601;119.43667;      -1.88135; 44.13878;80.00000;20.00000;0.63385;2
470.66800;119.45000;      -1.88216; 44.13292;80.00000;20.00000;0.63382;2
470.72900;119.46333;      -1.88248; 44.12804;80.00000;20.00000;0.63379;2
470.80099;119.47667;      -1.88294; 44.12609;80.00000;20.00000;0.63375;2
470.86700;119.49000;      -1.88304; 44.12218;80.00000;20.00000;0.63372;2
470.94601;119.50333;      -1.88362; 44.12023;80.00000;20.00000;0.63368;2
471.00201;119.51667;      -1.88371; 44.11828;80.00000;20.00000;0.63365;2
471.06699;119.53000;      -1.88427; 44.11633;80.00000;20.00000;0.63362;2
471.13199;119.54333;      -1.88472; 44.11340;80.00000;20.00000;0.63359;2
471.19699;119.55667;      -1.88470; 44.10852;80.00000;20.00000;0.63355;2
471.27200;119.57000;      -1.88410; 44.09973;80.00000;20.00000;0.63352;2
471.33899;119.58333;      -1.88432; 44.09290;80.00000;20.00000;0.63348;2
471.39999;119.59667;      -1.88453; 44.08997;80.00000;20.00000;0.63345;2
471.47400;119.61000;      -1.88475; 44.08899;80.00000;20.00000;0.63342;2
471.54099;119.62333;      -1.88544; 44.08606;80.00000;20.00000;0.63338;2
471.58701;119.63667;      -1.88504; 44.08313;80.00000;20.00000;0.63336;2
471.66800;119.65000;      -1.88527; 44.07923;80.00000;20.00000;0.63332;2
471.72699;119.66333;      -1.88512; 44.07630;80.00000;20.00000;0.63329;2
471.79700;119.67667;      -1.88476; 44.07435;80.00000;20.00000;0.63326;2
471.86301;119.69000;      -1.88521; 44.07142;80.00000;20.00000;0.63323;2
471.93201;119.70333;      -1.88495; 44.06752;80.00000;20.00000;0.63319;2
472.00601;119.71667;      -1.88542; 44.06459;80.00000;20.00000;0.63315;2
472.05499;119.73000;      -1.88466; 44.06068;80.00000;20.00000;0.63313;2
472.12799;119.74333;      -1.88442; 44.05775;80.00000;20.00000;0.63309;2
472.18799;119.75667;      -1.88474; 44.05482;80.00000;20.00000;0.63306;2
472.26501;119.77000;      -1.88474; 44.05092;80.00000;20.00000;0.63303;2
472.33701;119.78333;      -1.88484; 44.04604;80.00000;20.00000;0.63299;2
472.40601;119.79667;      -1.88542; 44.04116;80.00000;20.00000;0.63296;2
472.47000;119.81000;      -1.88504; 44.03823;80.00000;20.00000;0.63293;2
472.52802;119.82333;      -1.88430; 44.03335;80.00000;20.00000;0.63290;2
472.59900;119.83667;      -1.88417; 44.02944;80.00000;20.00000;0.63286;2
472.66501;119.85000;      -1.88438; 44.02554;80.00000;20.00000;0.63283;2
472.73599;119.86333;      -1.88461; 44.02261;80.00000;20.00000;0.63279;2
472.80301;119.87667;      -1.88435; 44.01870;80.00000;20.00000;0.63276;2
472.86499;119.89000;      -1.88456; 44.01578;80.00000;20.00000;0.63273;2
472.93301;119.90333;      -1.88489; 44.01285;80.00000;20.00000;0.63270;2
473.00299;119.91667;      -1.88511; 44.00992;80.00000;20.00000;0.63266;2
473.06900;119.93000;      -1.88439; 44.00699;80.00000;20.00000;0.63263;2
473.13501;119.94333;      -1.88448; 44.00504;80.00000;20.00000;0.63260;2
473.19800;119.95667;      -1.88434; 44.00211;80.00000;20.00000;0.63257;2
473.26001;119.97000;      -1.88384; 43.99918;80.00000;20.00000;0.63254;2
473.32700;119.98333;      -1.88441; 43.99332;80.00000;20.00000;0.63250;2
473.40601;119.99667;      -1.88359; 43.98844;80.00000;20.00000;0.63246;2
473.46799;120.01000;      -1.88368; 43.98551;80.00000;20.00000;0.63243;2
473.53101;120.02333;      -1.88377; 43.98258;80.00000;20.00000;0.63240;2
473.60199;120.03667;      -1.88352; 43.97868;80.00000;20.00000;0.63237;2
473.66599;120.05000;      -1.88338; 43.97575;80.00000;20.00000;0.63234;2
473.72800;120.06333;      -1.88370; 43.97185;80.00000;20.00000;0.63231;2
473.79700;120.07667;      -1.88404; 43.96794;80.00000;20.00000;0.63227;2
473.87201;120.09000;      -1.88344; 43.96501;80.00000;20.00000;0.63224;2
473.92999;120.10333;      -1.88318; 43.95915;80.00000;20.00000;0.63221;2
473.99399;120.11667;      -1.88374; 43.95427;80.00000;20.00000;0.63218;2
474.07001;120.13000;      -1.88373; 43.94842;80.00000;20.00000;0.63214;2
474.13300;120.14333;      -1.88312; 43.94354;80.00000;20.00000;0.63211;2
474.20001;120.15667;      -1.88393; 43.94158;80.00000;20.00000;0.63207;2
474.26501;120.17000;      -1.88496; 43.93768;80.00000;20.00000;0.63204;2
474.33701;120.18333;      -1.88460; 43.93377;80.00000;20.00000;0.63201;2
474.40100;120.19667;      -1.88446; 43.92987;80.00000;20.00000;0.63198;2
474.45801;120.21000;      -1.88466; 43.92596;80.00000;20.00000;0.63195;2
474.53000;120.22333;      -1.88441; 43.92011;80.00000;20.00000;0.63191;2
474.60199;120.23667;      -1.88510; 43.91034;80.00000;20.00000;0.63188;2
474.66199;120.25000;      -1.88566; 43.90351;80.00000;20.00000;0.63185;2
474.73001;120.26333;      -1.88564; 43.89863;80.00000;20.00000;0.63181;2
474.80099;120.27667;      -1.88528; 43.89277;80.00000;20.00000;0.63178;2
474.86401;120.29000;      -1.88549; 43.88887;80.00000;20.00000;0.63175;2
474.92899;120.30333;      -1.88558; 43.88496;80.00000;20.00000;0.63172;2
474.99500;120.31667;      -1.88521; 43.88008;80.00000;20.00000;0.63168;2
475.06201;120.33000;      -1.88566; 43.87618;80.00000;20.00000;0.63165;2
475.13300;120.34333;      -1.88600; 43.87032;80.00000;20.00000;0.63162;2
475.20300;120.35667;      -1.88646; 43.86446;80.00000;20.00000;0.63158;2
475.26801;120.37000;      -1.88643; 43.85763;80.00000;20.00000;0.63155;2
475.33701;120.38333;      -1.88571; 43.84884;80.00000;20.00000;0.63152;2
475.40399;120.39667;      -1.88486; 43.84103;80.00000;20.00000;0.63148;2
475.45901;120.41000;      -1.88471; 43.83908;80.00000;20.00000;0.63146;2
475.53000;120.42333;      -1.88481; 43.83713;80.00000;20.00000;0.63142;2
475.60400;120.43667;      -1.88457; 43.83518;80.00000;20.00000;0.63139;2
475.66299;120.45000;      -1.88465; 43.83322;80.00000;20.00000;0.63136;2
475.72501;120.46333;      -1.88510; 43.83029;80.00000;20.00000;0.63133;2
475.79401;120.47667;      -1.88543; 43.82737;80.00000;20.00000;0.63129;2
475.86899;120.49000;      -1.88460; 43.81956;80.00000;20.00000;0.63126;2
475.93301;120.50333;      -1.88410; 43.81370;80.00000;20.00000;0.63122;2
475.99899;120.51667;      -1.88491; 43.80784;80.00000;20.00000;0.63119;2
476.07101;120.53000;      -1.88548; 43.80296;80.00000;20.00000;0.63116;2
476.13400;120.54333;      -1.88581; 43.79710;80.00000;20.00000;0.63113;2
476.19299;120.55667;      -1.88519; 43.79320;80.00000;20.00000;0.63110;2
476.27301;120.57000;      -1.88566; 43.78539;80.00000;20.00000;0.63106;2
476.33401;120.58333;      -1.88575; 43.77953;80.00000;20.00000;0.63103;2
476.39801;120.59667;      -1.88596; 43.77660;80.00000;20.00000;0.63100;2
476.45901;120.61000;      -1.88617; 43.77172;80.00000;20.00000;0.63097;2
476.53299;120.62333;      -1.88746; 43.76293;80.00000;20.00000;0.63093;2
476.59900;120.63667;      -1.88638; 43.75610;80.00000;20.00000;0.63090;2
476.65900;120.65000;      -1.88611; 43.74829;80.00000;20.00000;0.63087;2
476.73499;120.66333;      -1.88587; 43.74927;80.00000;20.00000;0.63083;2
476.79999;120.67667;      -1.88679; 43.74829;80.00000;20.00000;0.63080;2
476.86600;120.69000;      -1.88736; 43.74536;80.00000;20.00000;0.63077;2
476.92899;120.70333;      -1.88698; 43.74243;80.00000;20.00000;0.63074;2
477.00299;120.71667;      -1.88673; 43.73755;80.00000;20.00000;0.63070;2
477.06699;120.73000;      -1.88635; 43.73658;80.00000;20.00000;0.63067;2
477.12900;120.74333;      -1.88632; 43.73658;80.00000;20.00000;0.63064;2
477.19299;120.75667;      -1.88595; 43.73755;80.00000;20.00000;0.63061;2
477.26501;120.77000;      -1.88641; 43.73560;80.00000;20.00000;0.63057;2
477.33401;120.78333;      -1.88662; 43.73462;80.00000;20.00000;0.63054;2
477.39600;120.79667;      -1.88719; 43.73267;80.00000;20.00000;0.63051;2
477.46600;120.81000;      -1.88764; 43.73072;80.00000;20.00000;0.63047;2
477.54099;120.82333;      -1.88834; 43.72877;80.00000;20.00000;0.63044;2
477.60101;120.83667;      -1.88831; 43.72486;80.00000;20.00000;0.63041;2
477.66699;120.85000;      -1.88770; 43.71998;80.00000;20.00000;0.63038;2
477.73300;120.86333;      -1.88768; 43.71510;80.00000;20.00000;0.63034;2
477.80200;120.87667;      -1.88707; 43.71022;80.00000;20.00000;0.63031;2
477.86499;120.89000;      -1.88693; 43.70534;80.00000;20.00000;0.63028;2
477.93399;120.90333;      -1.88715; 43.70241;80.00000;20.00000;0.63025;2
478.00101;120.91667;      -1.88689; 43.69948;80.00000;20.00000;0.63021;2
478.07199;120.93000;      -1.88664; 43.69558;80.00000;20.00000;0.63018;2
478.14099;120.94333;      -1.88686; 43.69167;80.00000;20.00000;0.63014;2
478.20401;120.95667;      -1.88671; 43.68679;80.00000;20.00000;0.63011;2
478.26700;120.97000;      -1.88669; 43.68191;80.00000;20.00000;0.63008;2
478.34201;120.98333;      -1.88786; 43.67898;80.00000;20.00000;0.63005;2
478.40500;120.99667;      -1.88772; 43.67508;80.00000;20.00000;0.63002;2
478.46799;121.01000;      -1.88793; 43.67215;80.00000;20.00000;0.62998;2
478.52899;121.02333;      -1.88802; 43.67019;80.00000;20.00000;0.62995;2
478.60901;121.03667;      -1.88825; 43.66336;80.00000;20.00000;0.62992;2
478.67001;121.05000;      -1.88751; 43.65848;80.00000;20.00000;0.62989;2
478.74301;121.06333;      -1.88679; 43.65262;80.00000;20.00000;0.62985;2
478.79901;121.07667;      -1.88758; 43.64872;80.00000;20.00000;0.62982;2
478.86499;121.09000;      -1.88839; 43.64774;80.00000;20.00000;0.62979;2
478.94000;121.10333;      -1.88767; 43.64579;80.00000;20.00000;0.62975;2
479.00000;121.11667;      -1.88811; 43.64188;80.00000;20.00000;0.62973;2
479.07401;121.13000;      -1.88799; 43.63896;80.00000;20.00000;0.62969;2
479.13400;121.14333;      -1.88736; 43.63603;80.00000;20.00000;0.62966;2
479.19199;121.15667;      -1.88721; 43.63212;80.00000;20.00000;0.62963;2
479.26700;121.17000;      -1.88732; 43.62919;80.00000;20.00000;0.62960;2
479.32501;121.18333;      -1.88752; 43.62724;80.00000;20.00000;0.62957;2
479.39899;121.19667;      -1.88728; 43.62724;80.00000;20.00000;0.62953;2
479.46500;121.21000;      -1.88761; 43.62529;80.00000;20.00000;0.62950;2
479.53400;121.22333;      -1.88724; 43.62431;80.00000;20.00000;0.62947;2
479.59698;121.23667;      -1.88804; 43.62236;80.00000;20.00000;0.62943;2
479.67599;121.25000;      -1.88815; 43.62041;80.00000;20.00000;0.62940;2
479.73499;121.26333;      -1.88753; 43.61748;80.00000;20.00000;0.62937;2
479.79901;121.27667;      -1.88691; 43.61650;80.00000;20.00000;0.62934;2
479.87299;121.29000;      -1.88738; 43.61748;80.00000;20.00000;0.62930;2
479.93900;121.30333;      -1.88724; 43.61650;80.00000;20.00000;0.62927;2
479.99899;121.31667;      -1.88685; 43.61455;80.00000;20.00000;0.62924;2
480.07599;121.33000;      -1.88625; 43.61260;80.00000;20.00000;0.62920;2
480.14600;121.34333;      -1.88636; 43.60967;80.00000;20.00000;0.62917;2
480.20099;121.35667;      -1.88608; 43.60772;80.00000;20.00000;0.62914;2
480.27100;121.37000;      -1.88654; 43.60674;80.00000;20.00000;0.62911;2
480.33200;121.38333;      -1.88615; 43.60576;80.00000;20.00000;0.62908;2
480.40500;121.39667;      -1.88661; 43.60479;80.00000;20.00000;0.62904;2
480.47900;121.41000;      -1.88637; 43.60088;80.00000;20.00000;0.62901;2
480.53201;121.42333;      -1.88585; 43.59795;80.00000;20.00000;0.62898;2
480.59799;121.43667;      -1.88547; 43.59503;80.00000;20.00000;0.62895;2
480.66400;121.45000;      -1.88581; 43.59307;80.00000;20.00000;0.62892;2
480.73001;121.46333;      -1.88555; 43.59014;80.00000;20.00000;0.62888;2
480.79700;121.47667;      -1.88553; 43.58624;80.00000;20.00000;0.62885;2
480.87000;121.49000;      -1.88623; 43.58331;80.00000;20.00000;0.62882;2
480.92899;121.50333;      -1.88548; 43.58038;80.00000;20.00000;0.62879;2
481.00000;121.51667;      -1.88594; 43.57550;80.00000;20.00000;0.62875;2
481.06601;121.53000;      -1.88580; 43.57160;80.00000;20.00000;0.62872;2
481.12601;121.54333;      -1.88553; 43.56183;80.00000;20.00000;0.62869;2
481.20099;121.55667;      -1.88623; 43.55305;80.00000;20.00000;0.62865;2
481.25699;121.57000;      -1.88691; 43.54621;80.00000;20.00000;0.62863;2
481.32901;121.58333;      -1.88654; 43.54329;80.00000;20.00000;0.62859;2
481.41000;121.59667;      -1.88607; 43.54036;80.00000;20.00000;0.62855;2
481.46500;121.61000;      -1.88638; 43.53840;80.00000;20.00000;0.62853;2
481.53299;121.62333;      -1.88684; 43.53548;80.00000;20.00000;0.62849;2
481.60400;121.63667;      -1.88682; 43.53255;80.00000;20.00000;0.62846;2
481.67099;121.65000;      -1.88704; 43.52962;80.00000;20.00000;0.62843;2
481.73499;121.66333;      -1.88737; 43.52571;80.00000;20.00000;0.62840;2
481.80499;121.67667;      -1.88747; 43.52083;80.00000;20.00000;0.62836;2
481.86801;121.69000;      -1.88732; 43.51693;80.00000;20.00000;0.62833;2
481.93399;121.70333;      -1.88754; 43.51302;80.00000;20.00000;0.62830;2
482.00601;121.71667;      -1.88681; 43.50814;80.00000;20.00000;0.62826;2
482.06100;121.73000;      -1.88772; 43.50326;80.00000;20.00000;0.62824;2
482.12900;121.74333;      -1.88747; 43.49740;80.00000;20.00000;0.62820;2
482.19901;121.75667;      -1.88698; 43.49252;80.00000;20.00000;0.62817;2
482.26599;121.77000;      -1.88779; 43.48666;80.00000;20.00000;0.62814;2
482.32999;121.78333;      -1.88906; 43.48178;80.00000;20.00000;0.62811;2
482.40399;121.79667;      -1.88905; 43.47690;80.00000;20.00000;0.62807;2
482.47198;121.81000;      -1.88892; 43.47202;80.00000;20.00000;0.62804;2
482.53601;121.82333;      -1.88806; 43.46714;80.00000;20.00000;0.62801;2
482.59900;121.83667;      -1.88863; 43.46226;80.00000;20.00000;0.62798;2
482.66400;121.85000;      -1.88848; 43.45738;80.00000;20.00000;0.62795;2
482.72299;121.86333;      -1.88821; 43.45250;80.00000;20.00000;0.62792;2
482.79300;121.87667;      -1.88784; 43.44762;80.00000;20.00000;0.62788;2
482.86700;121.89000;      -1.88795; 43.44273;80.00000;20.00000;0.62785;2
482.93399;121.90333;      -1.88817; 43.43883;80.00000;20.00000;0.62781;2
482.99701;121.91667;      -1.88838; 43.43395;80.00000;20.00000;0.62778;2
483.06699;121.93000;      -1.88812; 43.42907;80.00000;20.00000;0.62775;2
483.12900;121.94333;      -1.88809; 43.42419;80.00000;20.00000;0.62772;2
483.19601;121.95667;      -1.88783; 43.41345;80.00000;20.00000;0.62769;2
483.26300;121.97000;      -1.88746; 43.40271;80.00000;20.00000;0.62766;2
483.33301;121.98333;      -1.88708; 43.39881;80.00000;20.00000;0.62762;2
483.39999;121.99667;      -1.88754; 43.39490;80.00000;20.00000;0.62759;2
483.46701;122.01000;      -1.88847; 43.39295;80.00000;20.00000;0.62756;2
483.52701;122.02333;      -1.88772; 43.39197;80.00000;20.00000;0.62753;2
483.59698;122.03667;      -1.88747; 43.39100;80.00000;20.00000;0.62749;2
483.66101;122.05000;      -1.88673; 43.39002;80.00000;20.00000;0.62746;2
483.72900;122.06333;      -1.88588; 43.38514;80.00000;20.00000;0.62743;2
483.79901;122.07667;      -1.88598; 43.38123;80.00000;20.00000;0.62740;2
483.86401;122.09000;      -1.88655; 43.38123;80.00000;20.00000;0.62737;2
483.93201;122.10333;      -1.88689; 43.38026;80.00000;20.00000;0.62733;2
483.99899;122.11667;      -1.88580; 43.38026;80.00000;20.00000;0.62730;2
484.06500;122.13000;      -1.88613; 43.38123;80.00000;20.00000;0.62727;2
484.13300;122.14333;      -1.88599; 43.38319;80.00000;20.00000;0.62724;2
484.19501;122.15667;      -1.88596; 43.38221;80.00000;20.00000;0.62721;2
484.26099;122.17000;      -1.88618; 43.38026;80.00000;20.00000;0.62717;2
484.32999;122.18333;      -1.88473; 43.37245;80.00000;20.00000;0.62714;2
484.39999;122.19667;      -1.88495; 43.36952;80.00000;20.00000;0.62711;2
484.47101;122.21000;      -1.88530; 43.36268;80.00000;20.00000;0.62707;2
484.52802;122.22333;      -1.88550; 43.35780;80.00000;20.00000;0.62704;2
484.59698;122.23667;      -1.88548; 43.35488;80.00000;20.00000;0.62701;2
484.66101;122.25000;      -1.88474; 43.35097;80.00000;20.00000;0.62698;2
484.73499;122.26333;      -1.88473; 43.34707;80.00000;20.00000;0.62694;2
484.79001;122.27667;      -1.88350; 43.34414;80.00000;20.00000;0.62692;2
484.85800;122.29000;      -1.88265; 43.34121;80.00000;20.00000;0.62689;2
484.93201;122.30333;      -1.88311; 43.33730;80.00000;20.00000;0.62685;2
484.99399;122.31667;      -1.88261; 43.33340;80.00000;20.00000;0.62682;2
485.06100;122.33000;      -1.88318; 43.32949;80.00000;20.00000;0.62679;2
485.12701;122.34333;      -1.88375; 43.32364;80.00000;20.00000;0.62676;2
485.19601;122.35667;      -1.88385; 43.31876;80.00000;20.00000;0.62672;2
485.25699;122.37000;      -1.88251; 43.31485;80.00000;20.00000;0.62669;2
485.31900;122.38333;      -1.88272; 43.31095;80.00000;20.00000;0.62666;2
485.39801;122.39667;      -1.88307; 43.30606;80.00000;20.00000;0.62662;2
485.46799;122.41000;      -1.88306; 43.30216;80.00000;20.00000;0.62659;2
485.52899;122.42333;      -1.88326; 43.29825;80.00000;20.00000;0.62656;2
485.59900;122.43667;      -1.88301; 43.29044;80.00000;20.00000;0.62653;2
485.65900;122.45000;      -1.88274; 43.28361;80.00000;20.00000;0.62650;2
485.72900;122.46333;      -1.88320; 43.27678;80.00000;20.00000;0.62647;2
485.79199;122.47667;      -1.88293; 43.27385;80.00000;20.00000;0.62644;2
485.85800;122.49000;      -1.88303; 43.26994;80.00000;20.00000;0.62640;2
485.92700;122.50333;      -1.88360; 43.26506;80.00000;20.00000;0.62637;2
485.99600;122.51667;      -1.88394; 43.26018;80.00000;20.00000;0.62634;2
486.06601;122.53000;      -1.88392; 43.25530;80.00000;20.00000;0.62630;2
486.12601;122.54333;      -1.88365; 43.25237;80.00000;20.00000;0.62627;2
486.19199;122.55667;      -1.88363; 43.25140;80.00000;20.00000;0.62624;2
486.26401;122.57000;      -1.88385; 43.24847;80.00000;20.00000;0.62621;2
486.33200;122.58333;      -1.88431; 43.24456;80.00000;20.00000;0.62618;2
486.39700;122.59667;      -1.88488; 43.24163;80.00000;20.00000;0.62614;2
486.46701;122.61000;      -1.88438; 43.23773;80.00000;20.00000;0.62611;2
486.53000;122.62333;      -1.88376; 43.23187;80.00000;20.00000;0.62608;2
486.59900;122.63667;      -1.88327; 43.22797;80.00000;20.00000;0.62605;2
486.66501;122.65000;      -1.88277; 43.22309;80.00000;20.00000;0.62601;2
486.73199;122.66333;      -1.88263; 43.21820;80.00000;20.00000;0.62598;2
486.79800;122.67667;      -1.88320; 43.21430;80.00000;20.00000;0.62595;2
486.86301;122.69000;      -1.88329; 43.21039;80.00000;20.00000;0.62592;2
486.93301;122.70333;      -1.88351; 43.20649;80.00000;20.00000;0.62589;2
486.99200;122.71667;      -1.88348; 43.20063;80.00000;20.00000;0.62586;2
487.06201;122.73000;      -1.88429; 43.19575;80.00000;20.00000;0.62582;2
487.12900;122.74333;      -1.88487; 43.19282;80.00000;20.00000;0.62579;2
487.20599;122.75667;      -1.88426; 43.18989;80.00000;20.00000;0.62575;2
487.25101;122.77000;      -1.88409; 43.18599;80.00000;20.00000;0.62573;2
487.32901;122.78333;      -1.88385; 43.18306;80.00000;20.00000;0.62570;2
487.39099;122.79667;      -1.88405; 43.18013;80.00000;20.00000;0.62567;2
487.45801;122.81000;      -1.88427; 43.17720;80.00000;20.00000;0.62563;2
487.52100;122.82333;      -1.88448; 43.17427;80.00000;20.00000;0.62560;2
487.59000;122.83667;      -1.88458; 43.17135;80.00000;20.00000;0.62557;2
487.66101;122.85000;      -1.88480; 43.16842;80.00000;20.00000;0.62554;2
487.72601;122.86333;      -1.88394; 43.16549;80.00000;20.00000;0.62551;2
487.78799;122.87667;      -1.88522; 43.16451;80.00000;20.00000;0.62548;2
487.86499;122.89000;      -1.88510; 43.15866;80.00000;20.00000;0.62544;2
487.92700;122.90333;      -1.88376; 43.15280;80.00000;20.00000;0.62541;2
487.99500;122.91667;      -1.88481; 43.14792;80.00000;20.00000;0.62538;2
488.06100;122.93000;      -1.88490; 43.14694;80.00000;20.00000;0.62534;2
488.12399;122.94333;      -1.88440; 43.14694;80.00000;20.00000;0.62531;2
488.19601;122.95667;      -1.88439; 43.14499;80.00000;20.00000;0.62528;2
488.26401;122.97000;      -1.88484; 43.14499;80.00000;20.00000;0.62525;2
488.33600;122.98333;      -1.88423; 43.14304;80.00000;20.00000;0.62521;2
488.39899;122.99667;      -1.88408; 43.14108;80.00000;20.00000;0.62518;2
488.46701;123.01000;      -1.88418; 43.14108;80.00000;20.00000;0.62515;2
488.52802;123.02333;      -1.88415; 43.14011;80.00000;20.00000;0.62512;2
488.59299;123.03667;      -1.88436; 43.13815;80.00000;20.00000;0.62509;2
488.66299;123.05000;      -1.88375; 43.13425;80.00000;20.00000;0.62506;2
488.72501;123.06333;      -1.88420; 43.13132;80.00000;20.00000;0.62503;2
488.79501;123.07667;      -1.88430; 43.12839;80.00000;20.00000;0.62499;2
488.85901;123.09000;      -1.88367; 43.12546;80.00000;20.00000;0.62496;2
488.91901;123.10333;      -1.88376; 43.12351;80.00000;20.00000;0.62493;2
488.99100;123.11667;      -1.88363; 43.12058;80.00000;20.00000;0.62490;2
489.05301;123.13000;      -1.88241; 43.11765;80.00000;20.00000;0.62487;2
489.13101;123.14333;      -1.88323; 43.11473;80.00000;20.00000;0.62483;2
489.19101;123.15667;      -1.88344; 43.11180;80.00000;20.00000;0.62480;2
489.26401;123.17000;      -1.88319; 43.10887;80.00000;20.00000;0.62477;2
489.32599;123.18333;      -1.88316; 43.10594;80.00000;20.00000;0.62474;2
489.38400;123.19667;      -1.88312; 43.10496;80.00000;20.00000;0.62471;2
489.46500;123.21000;      -1.88336; 43.10399;80.00000;20.00000;0.62467;2
489.53201;123.22333;      -1.88345; 43.10203;80.00000;20.00000;0.62464;2
489.59601;123.23667;      -1.88343; 43.10008;80.00000;20.00000;0.62461;2
489.64999;123.25000;      -1.88339; 43.09813;80.00000;20.00000;0.62458;2
489.72299;123.26333;      -1.88373; 43.09520;80.00000;20.00000;0.62455;2
489.79599;123.27667;      -1.88407; 43.09325;80.00000;20.00000;0.62451;2
489.85300;123.29000;      -1.88392; 43.09130;80.00000;20.00000;0.62449;2
489.92801;123.30333;      -1.88355; 43.08837;80.00000;20.00000;0.62445;2
489.98300;123.31667;      -1.88303; 43.08641;80.00000;20.00000;0.62442;2
490.05200;123.33000;      -1.88313; 43.08544;80.00000;20.00000;0.62439;2
490.12201;123.34333;      -1.88383; 43.08349;80.00000;20.00000;0.62436;2
490.19601;123.35667;      -1.88370; 43.08153;80.00000;20.00000;0.62432;2
490.26300;123.37000;      -1.88355; 43.07665;80.00000;20.00000;0.62429;2
490.32199;123.38333;      -1.88507; 43.07177;80.00000;20.00000;0.62426;2
490.39301;123.39667;      -1.88481; 43.06787;80.00000;20.00000;0.62423;2
490.46701;123.41000;      -1.88480; 43.06299;80.00000;20.00000;0.62419;2
490.52399;123.42333;      -1.88465; 43.05908;80.00000;20.00000;0.62417;2
490.59299;123.43667;      -1.88486; 43.05322;80.00000;20.00000;0.62413;2
490.66299;123.45000;      -1.88508; 43.04834;80.00000;20.00000;0.62410;2
490.72900;123.46333;      -1.88530; 43.04249;80.00000;20.00000;0.62407;2
490.79099;123.47667;      -1.88491; 43.03077;80.00000;20.00000;0.62404;2
490.85101;123.49000;      -1.88464; 43.02101;80.00000;20.00000;0.62401;2
490.92599;123.50333;      -1.88439; 43.01515;80.00000;20.00000;0.62397;2
490.98999;123.51667;      -1.88448; 43.00929;80.00000;20.00000;0.62394;2
491.06100;123.53000;      -1.88458; 43.00344;80.00000;20.00000;0.62391;2
491.12201;123.54333;      -1.88431; 42.99856;80.00000;20.00000;0.62388;2
491.19601;123.55667;      -1.88394; 42.99270;80.00000;20.00000;0.62385;2
491.25000;123.57000;      -1.88307; 42.99075;80.00000;20.00000;0.62382;2
491.32700;123.58333;      -1.88294; 42.98782;80.00000;20.00000;0.62378;2
491.38599;123.59667;      -1.88290; 42.98586;80.00000;20.00000;0.62375;2
491.45300;123.61000;      -1.88324; 42.98294;80.00000;20.00000;0.62372;2
491.52701;123.62333;      -1.88382; 42.97903;80.00000;20.00000;0.62369;2
491.58899;123.63667;      -1.88403; 42.97610;80.00000;20.00000;0.62366;2
491.65201;123.65000;      -1.88352; 42.97220;80.00000;20.00000;0.62363;2
491.72299;123.66333;      -1.88363; 42.97024;80.00000;20.00000;0.62359;2
491.79099;123.67667;      -1.88444; 42.96829;80.00000;20.00000;0.62356;2
491.85699;123.69000;      -1.88430; 42.96536;80.00000;20.00000;0.62353;2
491.92300;123.70333;      -1.88344; 42.96244;80.00000;20.00000;0.62350;2
491.98999;123.71667;      -1.88341; 42.95755;80.00000;20.00000;0.62347;2
492.05301;123.73000;      -1.88458; 42.95365;80.00000;20.00000;0.62344;2
492.12601;123.74333;      -1.88492; 42.94877;80.00000;20.00000;0.62340;2
492.19400;123.75667;      -1.88442; 42.94389;80.00000;20.00000;0.62337;2
492.26199;123.77000;      -1.88392; 42.93901;80.00000;20.00000;0.62334;2
492.33499;123.78333;      -1.88391; 42.93608;80.00000;20.00000;0.62330;2
492.39099;123.79667;      -1.88399; 42.93315;80.00000;20.00000;0.62328;2
492.46701;123.81000;      -1.88422; 42.93022;80.00000;20.00000;0.62324;2
492.53101;123.82333;      -1.88407; 42.92534;80.00000;20.00000;0.62321;2
492.60400;123.83667;      -1.88418; 42.92143;80.00000;20.00000;0.62317;2
492.67200;123.85000;      -1.88380; 42.91851;80.00000;20.00000;0.62314;2
492.73199;123.86333;      -1.88341; 42.91655;80.00000;20.00000;0.62311;2
492.80399;123.87667;      -1.88279; 42.91265;80.00000;20.00000;0.62308;2
492.86801;123.89000;      -1.88265; 42.90972;80.00000;20.00000;0.62305;2
492.93900;123.90333;      -1.88251; 42.90679;80.00000;20.00000;0.62302;2
493.00500;123.91667;      -1.88189; 42.90386;80.00000;20.00000;0.62298;2
493.06400;123.93000;      -1.88089; 42.90093;80.00000;20.00000;0.62296;2
493.13101;123.94333;      -1.88147; 42.89703;80.00000;20.00000;0.62292;2
493.19501;123.95667;      -1.88192; 42.89117;80.00000;20.00000;0.62289;2
493.26801;123.97000;      -1.88071; 42.88434;80.00000;20.00000;0.62286;2
493.33099;123.98333;      -1.87984; 42.87750;80.00000;20.00000;0.62283;2
493.39200;123.99667;      -1.87933; 42.87360;80.00000;20.00000;0.62280;2
493.45999;124.01000;      -1.87919; 42.86872;80.00000;20.00000;0.62277;2
493.53299;124.02333;      -1.87846; 42.86481;80.00000;20.00000;0.62273;2
493.59799;124.03667;      -1.87783; 42.85896;80.00000;20.00000;0.62270;2
493.66400;124.05000;      -1.87757; 42.85603;80.00000;20.00000;0.62267;2
493.72198;124.06333;      -1.87801; 42.85115;80.00000;20.00000;0.62264;2
493.79300;124.07667;      -1.87823; 42.84724;80.00000;20.00000;0.62261;2
493.86200;124.09000;      -1.87737; 42.84236;80.00000;20.00000;0.62258;2
493.92200;124.10333;      -1.87698; 42.83943;80.00000;20.00000;0.62255;2
493.99100;124.11667;      -1.87744; 42.83553;80.00000;20.00000;0.62252;2
494.06799;124.13000;      -1.87743; 42.83357;80.00000;20.00000;0.62248;2
494.13400;124.14333;      -1.87764; 42.83260;80.00000;20.00000;0.62245;2
494.19101;124.15667;      -1.87796; 42.83260;80.00000;20.00000;0.62242;2
494.26199;124.17000;      -1.87795; 42.83260;80.00000;20.00000;0.62239;2
494.32101;124.18333;      -1.87815; 42.83162;80.00000;20.00000;0.62236;2
494.39099;124.19667;      -1.87777; 42.83260;80.00000;20.00000;0.62233;2
494.45599;124.21000;      -1.87763; 42.83260;80.00000;20.00000;0.62229;2
494.51401;124.22333;      -1.87795; 42.83260;80.00000;20.00000;0.62227;2
494.57800;124.23667;      -1.87852; 42.83162;80.00000;20.00000;0.62224;2
494.64401;124.25000;      -1.87873; 42.82869;80.00000;20.00000;0.62221;2
494.71799;124.26333;      -1.87908; 42.82576;80.00000;20.00000;0.62217;2
494.78000;124.27667;      -1.87965; 42.82284;80.00000;20.00000;0.62214;2
494.84698;124.29000;      -1.87962; 42.81893;80.00000;20.00000;0.62211;2
494.91599;124.30333;      -1.87960; 42.81795;80.00000;20.00000;0.62208;2
494.98300;124.31667;      -1.88030; 42.81600;80.00000;20.00000;0.62205;2
495.04501;124.33000;      -1.88086; 42.81405;80.00000;20.00000;0.62202;2
495.11600;124.34333;      -1.88168; 42.81210;80.00000;20.00000;0.62198;2
495.18701;124.35667;      -1.88166; 42.81014;80.00000;20.00000;0.62195;2
495.25299;124.37000;      -1.88200; 42.80819;80.00000;20.00000;0.62192;2
495.32101;124.38333;      -1.88198; 42.80722;80.00000;20.00000;0.62188;2
495.38800;124.39667;      -1.88231; 42.80429;80.00000;20.00000;0.62185;2
495.45801;124.41000;      -1.88193; 42.80234;80.00000;20.00000;0.62182;2
495.52100;124.42333;      -1.88346; 42.80136;80.00000;20.00000;0.62179;2
495.58200;124.43667;      -1.88367; 42.79941;80.00000;20.00000;0.62176;2
495.65302;124.45000;      -1.88377; 42.79843;80.00000;20.00000;0.62173;2
495.71701;124.46333;      -1.88362; 42.79843;80.00000;20.00000;0.62170;2
495.78500;124.47667;      -1.88468; 42.79648;80.00000;20.00000;0.62167;2
495.84500;124.49000;      -1.88440; 42.79550;80.00000;20.00000;0.62164;2
495.91199;124.50333;      -1.88486; 42.79355;80.00000;20.00000;0.62161;2
495.98700;124.51667;      -1.88533; 42.79062;80.00000;20.00000;0.62157;2
496.04999;124.53000;      -1.88530; 42.78867;80.00000;20.00000;0.62154;2
496.11801;124.54333;      -1.88468; 42.78379;80.00000;20.00000;0.62151;2
496.18500;124.55667;      -1.88489; 42.77793;80.00000;20.00000;0.62148;2
496.25299;124.57000;      -1.88523; 42.77110;80.00000;20.00000;0.62144;2
496.32401;124.58333;      -1.88521; 42.76622;80.00000;20.00000;0.62141;2
496.38599;124.59667;      -1.88518; 42.76329;80.00000;20.00000;0.62138;2
496.45700;124.61000;      -1.88468; 42.76036;80.00000;20.00000;0.62135;2
496.52301;124.62333;      -1.88466; 42.75938;80.00000;20.00000;0.62132;2
496.59100;124.63667;      -1.88440; 42.75645;80.00000;20.00000;0.62128;2
496.65500;124.65000;      -1.88485; 42.75450;80.00000;20.00000;0.62125;2
496.72800;124.66333;      -1.88435; 42.75157;80.00000;20.00000;0.62122;2
496.79300;124.67667;      -1.88409; 42.74864;80.00000;20.00000;0.62119;2
496.86499;124.69000;      -1.88431; 42.74571;80.00000;20.00000;0.62116;2
496.92801;124.70333;      -1.88380; 42.74376;80.00000;20.00000;0.62113;2
496.98300;124.71667;      -1.88340; 42.74083;80.00000;20.00000;0.62110;2
497.04901;124.73000;      -1.88349; 42.73790;80.00000;20.00000;0.62107;2
497.12299;124.74333;      -1.88360; 42.73595;80.00000;20.00000;0.62103;2
497.18100;124.75667;      -1.88308; 42.73302;80.00000;20.00000;0.62101;2
497.24399;124.77000;      -1.88269; 42.73009;80.00000;20.00000;0.62098;2
497.31500;124.78333;      -1.88279; 42.72717;80.00000;20.00000;0.62094;2
497.38199;124.79667;      -1.88241; 42.72424;80.00000;20.00000;0.62091;2
497.45401;124.81000;      -1.88275; 42.72229;80.00000;20.00000;0.62088;2
497.51099;124.82333;      -1.88247; 42.71936;80.00000;20.00000;0.62085;2
497.58499;124.83667;      -1.88270; 42.71740;80.00000;20.00000;0.62082;2
497.64999;124.85000;      -1.88195; 42.71350;80.00000;20.00000;0.62078;2
497.72601;124.86333;      -1.88158; 42.71057;80.00000;20.00000;0.62075;2
497.79001;124.87667;      -1.88131; 42.70764;80.00000;20.00000;0.62072;2
497.85901;124.89000;      -1.88105; 42.70471;80.00000;20.00000;0.62069;2
497.92700;124.90333;      -1.88103; 42.70178;80.00000;20.00000;0.62065;2
497.99301;124.91667;      -1.88064; 42.69983;80.00000;20.00000;0.62062;2
498.06000;124.93000;      -1.88062; 42.69690;80.00000;20.00000;0.62059;2
498.12000;124.94333;      -1.88106; 42.69397;80.00000;20.00000;0.62056;2
498.19501;124.95667;      -1.88069; 42.69202;80.00000;20.00000;0.62053;2
498.25299;124.97000;      -1.88005; 42.69202;80.00000;20.00000;0.62050;2
498.32401;124.98333;      -1.87944; 42.69105;80.00000;20.00000;0.62047;2
498.39700;124.99667;      -1.87906; 42.69007;80.00000;20.00000;0.62043;2
498.45801;125.01000;      -1.87975; 42.68909;80.00000;20.00000;0.62040;2
498.52600;125.02333;      -1.87900; 42.68909;80.00000;20.00000;0.62037;2
498.59601;125.03667;      -1.87886; 42.68812;80.00000;20.00000;0.62034;2
498.66699;125.05000;      -1.87884; 42.68519;80.00000;20.00000;0.62031;2
498.72299;125.06333;      -1.87796; 42.68421;80.00000;20.00000;0.62028;2
498.79901;125.07667;      -1.87819; 42.68324;80.00000;20.00000;0.62024;2
498.86301;125.09000;      -1.87804; 42.68128;80.00000;20.00000;0.62021;2
498.92801;125.10333;      -1.87753; 42.68128;80.00000;20.00000;0.62018;2
498.99100;125.11667;      -1.87666; 42.67933;80.00000;20.00000;0.62015;2
499.05499;125.13000;      -1.87736; 42.67836;80.00000;20.00000;0.62012;2
499.12500;125.14333;      -1.87794; 42.67640;80.00000;20.00000;0.62009;2
499.18900;125.15667;      -1.87683; 42.67640;80.00000;20.00000;0.62006;2
499.26199;125.17000;      -1.87765; 42.67543;80.00000;20.00000;0.62003;2
499.32300;125.18333;      -1.87738; 42.67445;80.00000;20.00000;0.62000;2
499.38901;125.19667;      -1.87711; 42.67445;80.00000;20.00000;0.61997;2
499.45200;125.21000;      -1.87708; 42.67347;80.00000;20.00000;0.61994;2
499.52301;125.22333;      -1.87766; 42.67152;80.00000;20.00000;0.61990;2
499.59698;125.23667;      -1.87669; 42.66957;80.00000;20.00000;0.61987;2
499.65399;125.25000;      -1.87689; 42.66664;80.00000;20.00000;0.61984;2
499.72699;125.26333;      -1.87699; 42.66371;80.00000;20.00000;0.61981;2
499.78900;125.27667;      -1.87744; 42.66176;80.00000;20.00000;0.61978;2
499.85800;125.29000;      -1.87790; 42.66078;80.00000;20.00000;0.61975;2
499.91800;125.30333;      -1.87822; 42.65981;80.00000;20.00000;0.61972;2
499.98801;125.31667;      -1.87796; 42.65883;80.00000;20.00000;0.61968;2
500.05301;125.33000;      -1.87769; 42.65688;80.00000;20.00000;0.61965;2
500.12399;125.34333;      -1.87743; 42.65590;80.00000;20.00000;0.61962;2
500.18201;125.35667;      -1.87776; 42.65493;80.00000;20.00000;0.61959;2
500.25400;125.37000;      -1.87798; 42.65297;80.00000;20.00000;0.61956;2
500.31900;125.38333;      -1.87855; 42.65297;80.00000;20.00000;0.61953;2
500.38300;125.39667;      -1.87852; 42.65200;80.00000;20.00000;0.61950;2
500.45700;125.41000;      -1.87899; 42.65200;80.00000;20.00000;0.61946;2
500.52701;125.42333;      -1.87945; 42.65297;80.00000;20.00000;0.61943;2
500.58301;125.43667;      -1.88013; 42.65493;80.00000;20.00000;0.61941;2
500.65302;125.45000;      -1.88023; 42.65493;80.00000;20.00000;0.61937;2
500.72400;125.46333;      -1.87985; 42.65395;80.00000;20.00000;0.61934;2
500.79599;125.47667;      -1.88055; 42.65200;80.00000;20.00000;0.61931;2
500.85501;125.49000;      -1.87980; 42.65102;80.00000;20.00000;0.61928;2
500.92401;125.50333;      -1.88026; 42.64809;80.00000;20.00000;0.61925;2
500.98499;125.51667;      -1.88022; 42.64516;80.00000;20.00000;0.61922;2
501.05600;125.53000;      -1.87948; 42.64224;80.00000;20.00000;0.61918;2
501.12701;125.54333;      -1.87934; 42.63931;80.00000;20.00000;0.61915;2
501.18799;125.55667;      -1.87967; 42.63638;80.00000;20.00000;0.61912;2
501.25601;125.57000;      -1.88049; 42.63345;80.00000;20.00000;0.61909;2
501.32001;125.58333;      -1.88070; 42.63150;80.00000;20.00000;0.61906;2
501.38901;125.59667;      -1.88044; 42.62857;80.00000;20.00000;0.61903;2
501.46100;125.61000;      -1.88066; 42.62466;80.00000;20.00000;0.61899;2
501.53299;125.62333;      -1.88028; 42.62173;80.00000;20.00000;0.61896;2
501.60001;125.63667;      -1.87965; 42.61881;80.00000;20.00000;0.61893;2
501.66901;125.65000;      -1.87915; 42.61685;80.00000;20.00000;0.61890;2
501.73099;125.66333;      -1.87948; 42.61295;80.00000;20.00000;0.61887;2
501.79300;125.67667;      -1.87945; 42.61002;80.00000;20.00000;0.61884;2
501.85400;125.69000;      -1.87905; 42.60709;80.00000;20.00000;0.61881;2
501.93399;125.70333;      -1.87820; 42.60514;80.00000;20.00000;0.61877;2
501.99200;125.71667;      -1.87816; 42.60612;80.00000;20.00000;0.61875;2
502.06500;125.73000;      -1.87839; 42.60709;80.00000;20.00000;0.61871;2
502.12799;125.74333;      -1.87788; 42.60807;80.00000;20.00000;0.61868;2
502.18701;125.75667;      -1.87688; 42.61002;80.00000;20.00000;0.61865;2
502.26401;125.77000;      -1.87638; 42.61002;80.00000;20.00000;0.61862;2
502.32199;125.78333;      -1.87610; 42.61100;80.00000;20.00000;0.61859;2
502.39099;125.79667;      -1.87692; 42.61197;80.00000;20.00000;0.61856;2
502.46301;125.81000;      -1.87558; 42.61100;80.00000;20.00000;0.61853;2
502.52600;125.82333;      -1.87435; 42.60904;80.00000;20.00000;0.61850;2
502.59100;125.83667;      -1.87504; 42.60807;80.00000;20.00000;0.61847;2
502.65900;125.85000;      -1.87490; 42.60612;80.00000;20.00000;0.61843;2
502.72900;125.86333;      -1.87488; 42.60416;80.00000;20.00000;0.61840;2
502.79001;125.87667;      -1.87400; 42.60221;80.00000;20.00000;0.61837;2
502.85999;125.89000;      -1.87277; 42.60026;80.00000;20.00000;0.61834;2
502.92599;125.90333;      -1.87287; 42.59733;80.00000;20.00000;0.61831;2
502.98901;125.91667;      -1.87283; 42.59440;80.00000;20.00000;0.61828;2
503.06299;125.93000;      -1.87330; 42.59147;80.00000;20.00000;0.61825;2
503.12100;125.94333;      -1.87362; 42.58561;80.00000;20.00000;0.61822;2
503.18701;125.95667;      -1.87348; 42.57780;80.00000;20.00000;0.61819;2
503.26199;125.97000;      -1.87455; 42.56609;80.00000;20.00000;0.61815;2
503.31699;125.98333;      -1.87462; 42.55633;80.00000;20.00000;0.61813;2
503.39401;125.99667;      -1.87401; 42.54754;80.00000;20.00000;0.61809;2
503.46100;126.01000;      -1.87410; 42.54266;80.00000;20.00000;0.61806;2
503.51901;126.02333;      -1.87346; 42.53876;80.00000;20.00000;0.61803;2
503.57999;126.03667;      -1.87367; 42.53387;80.00000;20.00000;0.61800;2
503.65302;126.05000;      -1.87353; 42.53095;80.00000;20.00000;0.61797;2
503.71100;126.06333;      -1.87349; 42.52802;80.00000;20.00000;0.61794;2
503.78699;126.07667;      -1.87396; 42.52509;80.00000;20.00000;0.61791;2
503.85800;126.09000;      -1.87455; 42.52216;80.00000;20.00000;0.61787;2
503.91599;126.10333;      -1.87354; 42.51923;80.00000;20.00000;0.61785;2
503.98700;126.11667;      -1.87352; 42.51533;80.00000;20.00000;0.61781;2
504.05600;126.13000;      -1.87386; 42.51240;80.00000;20.00000;0.61778;2
504.12500;126.14333;      -1.87408; 42.50849;80.00000;20.00000;0.61775;2
504.19101;126.15667;      -1.87441; 42.50459;80.00000;20.00000;0.61772;2
504.25000;126.17000;      -1.87426; 42.49971;80.00000;20.00000;0.61769;2
504.32401;126.18333;      -1.87436; 42.49580;80.00000;20.00000;0.61766;2
504.38901;126.19667;      -1.87469; 42.49190;80.00000;20.00000;0.61763;2
504.45001;126.21000;      -1.87466; 42.48897;80.00000;20.00000;0.61760;2
504.53101;126.22333;      -1.87405; 42.48311;80.00000;20.00000;0.61756;2
504.58401;126.23667;      -1.87388; 42.47921;80.00000;20.00000;0.61754;2
504.65500;126.25000;      -1.87386; 42.47237;80.00000;20.00000;0.61750;2
504.71899;126.26333;      -1.87407; 42.46652;80.00000;20.00000;0.61747;2
504.78799;126.27667;      -1.87405; 42.46066;80.00000;20.00000;0.61744;2
504.85400;126.29000;      -1.87414; 42.45578;80.00000;20.00000;0.61741;2
504.92200;126.30333;      -1.87388; 42.44992;80.00000;20.00000;0.61738;2
504.98199;126.31667;      -1.87384; 42.44602;80.00000;20.00000;0.61735;2
505.05099;126.33000;      -1.87370; 42.44113;80.00000;20.00000;0.61732;2
505.12000;126.34333;      -1.87380; 42.43821;80.00000;20.00000;0.61729;2
505.18701;126.35667;      -1.87353; 42.43430;80.00000;20.00000;0.61726;2
505.25101;126.37000;      -1.87362; 42.43528;80.00000;20.00000;0.61723;2
505.32199;126.38333;      -1.87312; 42.43625;80.00000;20.00000;0.61719;2
505.38699;126.39667;      -1.87236; 42.43625;80.00000;20.00000;0.61716;2
505.45499;126.41000;      -1.87186; 42.43625;80.00000;20.00000;0.61713;2
505.53000;126.42333;      -1.87269; 42.43332;80.00000;20.00000;0.61710;2
505.59500;126.43667;      -1.87278; 42.42942;80.00000;20.00000;0.61707;2
505.66199;126.45000;      -1.87360; 42.42747;80.00000;20.00000;0.61703;2
505.72900;126.46333;      -1.87369; 42.42649;80.00000;20.00000;0.61700;2
505.79401;126.47667;      -1.87378; 42.42551;80.00000;20.00000;0.61697;2
505.86301;126.49000;      -1.87412; 42.42356;80.00000;20.00000;0.61694;2
505.93301;126.50333;      -1.87362; 42.42161;80.00000;20.00000;0.61691;2
505.98801;126.51667;      -1.87357; 42.41966;80.00000;20.00000;0.61688;2
506.04999;126.53000;      -1.87330; 42.41282;80.00000;20.00000;0.61685;2
506.12399;126.54333;      -1.87352; 42.40501;80.00000;20.00000;0.61682;2
506.19299;126.55667;      -1.87362; 42.39623;80.00000;20.00000;0.61679;2
506.26001;126.57000;      -1.87347; 42.38744;80.00000;20.00000;0.61676;2
506.32800;126.58333;      -1.87260; 42.38061;80.00000;20.00000;0.61673;2
506.39001;126.59667;      -1.87245; 42.37670;80.00000;20.00000;0.61670;2
506.46301;126.61000;      -1.87231; 42.37377;80.00000;20.00000;0.61666;2
506.51999;126.62333;      -1.87179; 42.37280;80.00000;20.00000;0.61664;2
506.59201;126.63667;      -1.87189; 42.37182;80.00000;20.00000;0.61660;2
506.66101;126.65000;      -1.87138; 42.37085;80.00000;20.00000;0.61657;2
506.72900;126.66333;      -1.87148; 42.37085;80.00000;20.00000;0.61654;2
506.79800;126.67667;      -1.87073; 42.37085;80.00000;20.00000;0.61651;2
506.86499;126.69000;      -1.87034; 42.36889;80.00000;20.00000;0.61648;2
506.92801;126.70333;      -1.87079; 42.36792;80.00000;20.00000;0.61645;2
506.99500;126.71667;      -1.87064; 42.36987;80.00000;20.00000;0.61642;2
507.05399;126.73000;      -1.87097; 42.37280;80.00000;20.00000;0.61639;2
507.12900;126.74333;      -1.87107; 42.37475;80.00000;20.00000;0.61635;2
507.19101;126.75667;      -1.87080; 42.37573;80.00000;20.00000;0.61632;2
507.26599;126.77000;      -1.87127; 42.37475;80.00000;20.00000;0.61629;2
507.32199;126.78333;      -1.87062; 42.37573;80.00000;20.00000;0.61626;2
507.39301;126.79667;      -1.87084; 42.37866;80.00000;20.00000;0.61623;2
507.46701;126.81000;      -1.87082; 42.38158;80.00000;20.00000;0.61620;2
507.52600;126.82333;      -1.87115; 42.38354;80.00000;20.00000;0.61617;2
507.59100;126.83667;      -1.87209; 42.38549;80.00000;20.00000;0.61614;2
507.66299;126.85000;      -1.87243; 42.38647;80.00000;20.00000;0.61611;2
507.73099;126.86333;      -1.87156; 42.38549;80.00000;20.00000;0.61607;2
507.79599;126.87667;      -1.87117; 42.38451;80.00000;20.00000;0.61604;2
507.86401;126.89000;      -1.87150; 42.38354;80.00000;20.00000;0.61601;2
507.92200;126.90333;      -1.87158; 42.38061;80.00000;20.00000;0.61599;2
507.99399;126.91667;      -1.87217; 42.37475;80.00000;20.00000;0.61595;2
508.05399;126.93000;      -1.87237; 42.36792;80.00000;20.00000;0.61593;2
508.12201;126.94333;      -1.87332; 42.36206;80.00000;20.00000;0.61589;2
508.19000;126.95667;      -1.87341; 42.35327;80.00000;20.00000;0.61586;2
508.25299;126.97000;      -1.87398; 42.34644;80.00000;20.00000;0.61583;2
508.33200;126.98333;      -1.87373; 42.34156;80.00000;20.00000;0.61580;2
508.39099;126.99667;      -1.87321; 42.33570;80.00000;20.00000;0.61577;2
508.47101;127.01000;      -1.87357; 42.33277;80.00000;20.00000;0.61573;2
508.52899;127.02333;      -1.87389; 42.32984;80.00000;20.00000;0.61571;2
508.59601;127.03667;      -1.87362; 42.32594;80.00000;20.00000;0.61567;2
508.66800;127.05000;      -1.87408; 42.32496;80.00000;20.00000;0.61564;2
508.73999;127.06333;      -1.87407; 42.32692;80.00000;20.00000;0.61561;2
508.80200;127.07667;      -1.87415; 42.32692;80.00000;20.00000;0.61558;2
508.86499;127.09000;      -1.87424; 42.32789;80.00000;20.00000;0.61555;2
508.93600;127.10333;      -1.87434; 42.32887;80.00000;20.00000;0.61552;2
508.99701;127.11667;      -1.87418; 42.32887;80.00000;20.00000;0.61549;2
509.06500;127.13000;      -1.87331; 42.32789;80.00000;20.00000;0.61546;2
509.12601;127.14333;      -1.87279; 42.32789;80.00000;20.00000;0.61543;2
509.20999;127.15667;      -1.87303; 42.32594;80.00000;20.00000;0.61539;2
509.26599;127.17000;      -1.87299; 42.32399;80.00000;20.00000;0.61537;2
509.32700;127.18333;      -1.87223; 42.32106;80.00000;20.00000;0.61534;2
509.39899;127.19667;      -1.87306; 42.31813;80.00000;20.00000;0.61530;2
509.45999;127.21000;      -1.87254; 42.31520;80.00000;20.00000;0.61528;2
509.52499;127.22333;      -1.87214; 42.31227;80.00000;20.00000;0.61525;2
509.59698;127.23667;      -1.87212; 42.30837;80.00000;20.00000;0.61521;2
509.65701;127.25000;      -1.87245; 42.30446;80.00000;20.00000;0.61518;2
509.72299;127.26333;      -1.87266; 42.30056;80.00000;20.00000;0.61515;2
509.79999;127.27667;      -1.87229; 42.29665;80.00000;20.00000;0.61512;2
509.85800;127.29000;      -1.87261; 42.29372;80.00000;20.00000;0.61509;2
509.93100;127.30333;      -1.87162; 42.29080;80.00000;20.00000;0.61506;2
509.98999;127.31667;      -1.87158; 42.28787;80.00000;20.00000;0.61503;2
510.07101;127.33000;      -1.87194; 42.28494;80.00000;20.00000;0.61499;2
510.13199;127.34333;      -1.87203; 42.28103;80.00000;20.00000;0.61497;2
510.20001;127.35667;      -1.87188; 42.27713;80.00000;20.00000;0.61493;2
510.26700;127.37000;      -1.87125; 42.27615;80.00000;20.00000;0.61490;2
510.33701;127.38333;      -1.86989; 42.27713;80.00000;20.00000;0.61487;2
510.40399;127.39667;      -1.87011; 42.28006;80.00000;20.00000;0.61484;2
510.45700;127.41000;      -1.87030; 42.28396;80.00000;20.00000;0.61482;2
510.53900;127.42333;      -1.87078; 42.28787;80.00000;20.00000;0.61478;2
510.60501;127.43667;      -1.87051; 42.29080;80.00000;20.00000;0.61475;2
510.66699;127.45000;      -1.87072; 42.28982;80.00000;20.00000;0.61472;2
510.73001;127.46333;      -1.87032; 42.28982;80.00000;20.00000;0.61469;2
510.79999;127.47667;      -1.86872; 42.28982;80.00000;20.00000;0.61466;2
510.86600;127.49000;      -1.86966; 42.28982;80.00000;20.00000;0.61463;2
510.92999;127.50333;      -1.86975; 42.28884;80.00000;20.00000;0.61460;2
511.00000;127.51667;      -1.86973; 42.28787;80.00000;20.00000;0.61457;2
511.07101;127.53000;      -1.86874; 42.28689;80.00000;20.00000;0.61453;2
511.13300;127.54333;      -1.86907; 42.28592;80.00000;20.00000;0.61450;2
511.20599;127.55667;      -1.86844; 42.28396;80.00000;20.00000;0.61447;2
511.26801;127.57000;      -1.86901; 42.27908;80.00000;20.00000;0.61444;2
511.33099;127.58333;      -1.86862; 42.27420;80.00000;20.00000;0.61441;2
511.39899;127.59667;      -1.86750; 42.26932;80.00000;20.00000;0.61438;2
511.47101;127.61000;      -1.86809; 42.26444;80.00000;20.00000;0.61435;2
511.54001;127.62333;      -1.86745; 42.26053;80.00000;20.00000;0.61432;2
511.59399;127.63667;      -1.86717; 42.25760;80.00000;20.00000;0.61429;2
511.66901;127.65000;      -1.86727; 42.25565;80.00000;20.00000;0.61426;2
511.73901;127.66333;      -1.86688; 42.24979;80.00000;20.00000;0.61423;2
511.79800;127.67667;      -1.86660; 42.24296;80.00000;20.00000;0.61420;2
511.86700;127.69000;      -1.86682; 42.23613;80.00000;20.00000;0.61417;2
511.94400;127.70333;      -1.86729; 42.22929;80.00000;20.00000;0.61413;2
512.00201;127.71667;      -1.86774; 42.22051;80.00000;20.00000;0.61411;2
512.07098;127.73000;      -1.86735; 42.21270;80.00000;20.00000;0.61407;2
512.13599;127.74333;      -1.86732; 42.20587;80.00000;20.00000;0.61404;2
512.20001;127.75667;      -1.86704; 42.20098;80.00000;20.00000;0.61401;2
512.27002;127.77000;      -1.86653; 42.19610;80.00000;20.00000;0.61398;2
512.33197;127.78333;      -1.86686; 42.19220;80.00000;20.00000;0.61395;2
512.40302;127.79667;      -1.86648; 42.18732;80.00000;20.00000;0.61392;2
512.47302;127.81000;      -1.86633; 42.18439;80.00000;20.00000;0.61389;2
512.54102;127.82333;      -1.86630; 42.18146;80.00000;20.00000;0.61386;2
512.60901;127.83667;      -1.86591; 42.17951;80.00000;20.00000;0.61383;2
512.67902;127.85000;      -1.86565; 42.17658;80.00000;20.00000;0.61379;2
512.74200;127.86333;      -1.86586; 42.17267;80.00000;20.00000;0.61377;2
512.80902;127.87667;      -1.86583; 42.16877;80.00000;20.00000;0.61373;2
512.88098;127.89000;      -1.86569; 42.16584;80.00000;20.00000;0.61370;2
512.94897;127.90333;      -1.86590; 42.16194;80.00000;20.00000;0.61367;2
513.01099;127.91667;      -1.86550; 42.15901;80.00000;20.00000;0.61364;2
513.07599;127.93000;      -1.86487; 42.15608;80.00000;20.00000;0.61361;2
513.14600;127.94333;      -1.86448; 42.15315;80.00000;20.00000;0.61358;2
513.20300;127.95667;      -1.86480; 42.15022;80.00000;20.00000;0.61355;2
513.27698;127.97000;      -1.86430; 42.14827;80.00000;20.00000;0.61352;2
513.33698;127.98333;      -1.86377; 42.14729;80.00000;20.00000;0.61349;2
513.39899;127.99667;      -1.86325; 42.14729;80.00000;20.00000;0.61346;2
513.47601;128.01000;      -1.86287; 42.14632;80.00000;20.00000;0.61343;2
513.53003;128.02333;      -1.86343; 42.14534;80.00000;20.00000;0.61340;2
513.60498;128.03667;      -1.86366; 42.14436;80.00000;20.00000;0.61337;2
513.67499;128.05000;      -1.86279; 42.13948;80.00000;20.00000;0.61334;2
513.73602;128.06333;      -1.86275; 42.13948;80.00000;20.00000;0.61331;2
513.80798;128.07667;      -1.86273; 42.13655;80.00000;20.00000;0.61328;2
513.86902;128.09000;      -1.86257; 42.13362;80.00000;20.00000;0.61325;2
513.93701;128.10333;      -1.86291; 42.13070;80.00000;20.00000;0.61322;2
514.01300;128.11667;      -1.86314; 42.12679;80.00000;20.00000;0.61318;2
514.07001;128.13000;      -1.86236; 42.12386;80.00000;20.00000;0.61316;2
514.13599;128.14333;      -1.86161; 42.12289;80.00000;20.00000;0.61313;2
514.20502;128.15667;      -1.86134; 42.12191;80.00000;20.00000;0.61310;2
514.27502;128.17000;      -1.86192; 42.12093;80.00000;20.00000;0.61306;2
514.33698;128.18333;      -1.86176; 42.11898;80.00000;20.00000;0.61304;2
514.39801;128.19667;      -1.86136; 42.11801;80.00000;20.00000;0.61301;2
514.45502;128.21000;      -1.86120; 42.11605;80.00000;20.00000;0.61298;2
514.53998;128.22333;      -1.86095; 42.11410;80.00000;20.00000;0.61294;2
514.59998;128.23667;      -1.86103; 42.11312;80.00000;20.00000;0.61291;2
514.65503;128.25000;      -1.86184; 42.11215;80.00000;20.00000;0.61289;2
514.72198;128.26333;      -1.86266; 42.11117;80.00000;20.00000;0.61286;2
514.80499;128.27667;      -1.86266; 42.11020;80.00000;20.00000;0.61282;2
514.86798;128.29000;      -1.86347; 42.10922;80.00000;20.00000;0.61279;2
514.93103;128.30333;      -1.86344; 42.10922;80.00000;20.00000;0.61276;2
514.99500;128.31667;      -1.86341; 42.11020;80.00000;20.00000;0.61273;2
515.07001;128.33000;      -1.86351; 42.11215;80.00000;20.00000;0.61270;2
515.14203;128.34333;      -1.86373; 42.11312;80.00000;20.00000;0.61267;2
515.21301;128.35667;      -1.86407; 42.11410;80.00000;20.00000;0.61263;2
515.26898;128.37000;      -1.86512; 42.11605;80.00000;20.00000;0.61261;2
515.34003;128.38333;      -1.86474; 42.11508;80.00000;20.00000;0.61258;2
515.40601;128.39667;      -1.86471; 42.11410;80.00000;20.00000;0.61255;2
515.46997;128.41000;      -1.86480; 42.11312;80.00000;20.00000;0.61252;2
515.53900;128.42333;      -1.86501; 42.11215;80.00000;20.00000;0.61249;2
515.60101;128.43667;      -1.86571; 42.10629;80.00000;20.00000;0.61246;2
515.68298;128.45000;      -1.86594; 42.10141;80.00000;20.00000;0.61242;2
515.73602;128.46333;      -1.86529; 42.09555;80.00000;20.00000;0.61240;2
515.81799;128.47667;      -1.86528; 42.09067;80.00000;20.00000;0.61236;2
515.88098;128.49000;      -1.86512; 42.08481;80.00000;20.00000;0.61233;2
515.94000;128.50333;      -1.86496; 42.07896;80.00000;20.00000;0.61230;2
516.01398;128.51667;      -1.86470; 42.07310;80.00000;20.00000;0.61227;2
516.07300;128.53000;      -1.86490; 42.06627;80.00000;20.00000;0.61224;2
516.15503;128.54333;      -1.86429; 42.06041;80.00000;20.00000;0.61220;2
516.21002;128.55667;      -1.86363; 42.05455;80.00000;20.00000;0.61218;2
516.27399;128.57000;      -1.86311; 42.04772;80.00000;20.00000;0.61215;2
516.34302;128.58333;      -1.86248; 42.04479;80.00000;20.00000;0.61212;2
516.41199;128.59667;      -1.86172; 42.04186;80.00000;20.00000;0.61209;2
516.47400;128.61000;      -1.86169; 42.03893;80.00000;20.00000;0.61206;2
516.54901;128.62333;      -1.86167; 42.03600;80.00000;20.00000;0.61203;2
516.61102;128.63667;      -1.86115; 42.03307;80.00000;20.00000;0.61200;2
516.68103;128.65000;      -1.86039; 42.02917;80.00000;20.00000;0.61197;2
516.74597;128.66333;      -1.85963; 42.02526;80.00000;20.00000;0.61194;2
516.80701;128.67667;      -1.85947; 42.02331;80.00000;20.00000;0.61191;2
516.87799;128.69000;      -1.85896; 42.02136;80.00000;20.00000;0.61188;2
516.94299;128.70333;      -1.85869; 42.02136;80.00000;20.00000;0.61185;2
517.02002;128.71667;      -1.85904; 42.02331;80.00000;20.00000;0.61181;2
517.07599;128.73000;      -1.85729; 42.02819;80.00000;20.00000;0.61179;2
517.15002;128.74333;      -1.85727; 42.03112;80.00000;20.00000;0.61175;2
517.21301;128.75667;      -1.85748; 42.03307;80.00000;20.00000;0.61172;2
517.27600;128.77000;      -1.85769; 42.03405;80.00000;20.00000;0.61169;2
517.35498;128.78333;      -1.85719; 42.03698;80.00000;20.00000;0.61166;2
517.41699;128.79667;      -1.85605; 42.03698;80.00000;20.00000;0.61163;2
517.47302;128.81000;      -1.85564; 42.03698;80.00000;20.00000;0.61160;2
517.54602;128.82333;      -1.85599; 42.03503;80.00000;20.00000;0.61157;2
517.61102;128.83667;      -1.85620; 42.03503;80.00000;20.00000;0.61154;2
517.67603;128.85000;      -1.85617; 42.03307;80.00000;20.00000;0.61151;2
517.74500;128.86333;      -1.85614; 42.03015;80.00000;20.00000;0.61148;2
517.80701;128.87667;      -1.85574; 42.02722;80.00000;20.00000;0.61145;2
517.87903;128.89000;      -1.85608; 42.02331;80.00000;20.00000;0.61142;2
517.94397;128.90333;      -1.85642; 42.01843;80.00000;20.00000;0.61139;2
518.00702;128.91667;      -1.85601; 42.01355;80.00000;20.00000;0.61136;2
518.08197;128.93000;      -1.85624; 42.00965;80.00000;20.00000;0.61133;2
518.15503;128.94333;      -1.85610; 42.00476;80.00000;20.00000;0.61129;2
518.21600;128.95667;      -1.85582; 42.00086;80.00000;20.00000;0.61127;2
518.28101;128.97000;      -1.85505; 41.99793;80.00000;20.00000;0.61124;2
518.34900;128.98333;      -1.85466; 41.99403;80.00000;20.00000;0.61121;2
518.41199;128.99667;      -1.85414; 41.99012;80.00000;20.00000;0.61118;2
518.47900;129.01000;      -1.85459; 41.98622;80.00000;20.00000;0.61115;2
518.54602;129.02333;      -1.85432; 41.98133;80.00000;20.00000;0.61112;2
518.61401;129.03667;      -1.85405; 41.97352;80.00000;20.00000;0.61109;2
518.68402;129.05000;      -1.85439; 41.96572;80.00000;20.00000;0.61105;2
518.75201;129.06333;      -1.85473; 41.95986;80.00000;20.00000;0.61102;2
518.80902;129.07667;      -1.85444; 41.95791;80.00000;20.00000;0.61100;2
518.88202;129.09000;      -1.85308; 41.95498;80.00000;20.00000;0.61096;2
518.95001;129.10333;      -1.85207; 41.95693;80.00000;20.00000;0.61093;2
519.02802;129.11667;      -1.85206; 41.95888;80.00000;20.00000;0.61090;2
519.07800;129.13000;      -1.85225; 41.95986;80.00000;20.00000;0.61088;2
519.14697;129.14333;      -1.85247; 41.96083;80.00000;20.00000;0.61084;2
519.21997;129.15667;      -1.85208; 41.96181;80.00000;20.00000;0.61081;2
519.28400;129.17000;      -1.85204; 41.96181;80.00000;20.00000;0.61078;2
519.34302;129.18333;      -1.85164; 41.96279;80.00000;20.00000;0.61076;2
519.41400;129.19667;      -1.85247; 41.96279;80.00000;20.00000;0.61072;2
519.47998;129.21000;      -1.85256; 41.96181;80.00000;20.00000;0.61069;2
519.54901;129.22333;      -1.85192; 41.96181;80.00000;20.00000;0.61066;2
519.61902;129.23667;      -1.85165; 41.96083;80.00000;20.00000;0.61063;2
519.69000;129.25000;      -1.85114; 41.95986;80.00000;20.00000;0.61060;2
519.75598;129.26333;      -1.85111; 41.95888;80.00000;20.00000;0.61057;2
519.81403;129.27667;      -1.85094; 41.95693;80.00000;20.00000;0.61054;2
519.88300;129.29000;      -1.85128; 41.95498;80.00000;20.00000;0.61051;2
519.94897;129.30333;      -1.85088; 41.95302;80.00000;20.00000;0.61048;2
520.01801;129.31667;      -1.85025; 41.95107;80.00000;20.00000;0.61045;2
520.08502;129.33000;      -1.85034; 41.94912;80.00000;20.00000;0.61042;2
520.15302;129.34333;      -1.85080; 41.94717;80.00000;20.00000;0.61039;2
520.21802;129.35667;      -1.85052; 41.94424;80.00000;20.00000;0.61036;2
520.28497;129.37000;      -1.85049; 41.94229;80.00000;20.00000;0.61033;2
520.35199;129.38333;      -1.85070; 41.93936;80.00000;20.00000;0.61030;2
520.41199;129.39667;      -1.84981; 41.93740;80.00000;20.00000;0.61027;2
520.48499;129.41000;      -1.85003; 41.93545;80.00000;20.00000;0.61024;2
520.54401;129.42333;      -1.84975; 41.93252;80.00000;20.00000;0.61021;2
520.60498;129.43667;      -1.84898; 41.93057;80.00000;20.00000;0.61018;2
520.67999;129.45000;      -1.84957; 41.92569;80.00000;20.00000;0.61015;2
520.74103;129.46333;      -1.84953; 41.92276;80.00000;20.00000;0.61012;2
520.81403;129.47667;      -1.85036; 41.91886;80.00000;20.00000;0.61009;2
520.88000;129.49000;      -1.85057; 41.91495;80.00000;20.00000;0.61006;2
520.94598;129.50333;      -1.85018; 41.91105;80.00000;20.00000;0.61003;2
521.01599;129.51667;      -1.84966; 41.90714;80.00000;20.00000;0.61000;2
521.07800;129.53000;      -1.84901; 41.90324;80.00000;20.00000;0.60997;2
521.14697;129.54333;      -1.85045; 41.89933;80.00000;20.00000;0.60994;2
521.21399;129.55667;      -1.85030; 41.89543;80.00000;20.00000;0.60991;2
521.27502;129.57000;      -1.84953; 41.89250;80.00000;20.00000;0.60988;2
521.34302;129.58333;      -1.84913; 41.88859;80.00000;20.00000;0.60985;2
521.41998;129.59667;      -1.84924; 41.88567;80.00000;20.00000;0.60982;2
521.47900;129.61000;      -1.84883; 41.88274;80.00000;20.00000;0.60979;2
521.55298;129.62333;      -1.84942; 41.87981;80.00000;20.00000;0.60976;2
521.61798;129.63667;      -1.84927; 41.87688;80.00000;20.00000;0.60973;2
521.67700;129.65000;      -1.84971; 41.87395;80.00000;20.00000;0.60970;2
521.74103;129.66333;      -1.84956; 41.87102;80.00000;20.00000;0.60967;2
521.81500;129.67667;      -1.84905; 41.87102;80.00000;20.00000;0.60964;2
521.88501;129.69000;      -1.84865; 41.87005;80.00000;20.00000;0.60961;2
521.95398;129.70333;      -1.84814; 41.87005;80.00000;20.00000;0.60958;2
522.01001;129.71667;      -1.84834; 41.87200;80.00000;20.00000;0.60955;2
522.07300;129.73000;      -1.84781; 41.87005;80.00000;20.00000;0.60952;2
522.14801;129.74333;      -1.84767; 41.87005;80.00000;20.00000;0.60949;2
522.21399;129.75667;      -1.84764; 41.86809;80.00000;20.00000;0.60946;2
522.27802;129.77000;      -1.84760; 41.86809;80.00000;20.00000;0.60943;2
522.35101;129.78333;      -1.84770; 41.86809;80.00000;20.00000;0.60940;2
522.41901;129.79667;      -1.84731; 41.86809;80.00000;20.00000;0.60937;2
522.48102;129.81000;      -1.84702; 41.86809;80.00000;20.00000;0.60934;2
522.54498;129.82333;      -1.84564; 41.87005;80.00000;20.00000;0.60931;2
522.61499;129.83667;      -1.84611; 41.87005;80.00000;20.00000;0.60928;2
522.68201;129.85000;      -1.84644; 41.87102;80.00000;20.00000;0.60925;2
522.74500;129.86333;      -1.84616; 41.87297;80.00000;20.00000;0.60922;2
522.80701;129.87667;      -1.84576; 41.87297;80.00000;20.00000;0.60919;2
522.87903;129.89000;      -1.84537; 41.87395;80.00000;20.00000;0.60916;2
522.94098;129.90333;      -1.84459; 41.87395;80.00000;20.00000;0.60913;2
523.01099;129.91667;      -1.84506; 41.87102;80.00000;20.00000;0.60910;2
523.08099;129.93000;      -1.84479; 41.86809;80.00000;20.00000;0.60907;2
523.14001;129.94333;      -1.84401; 41.86419;80.00000;20.00000;0.60904;2
523.21503;129.95667;      -1.84436; 41.85833;80.00000;20.00000;0.60901;2
523.27399;129.97000;      -1.84419; 41.85540;80.00000;20.00000;0.60898;2
523.34900;129.98333;      -1.84368; 41.85247;80.00000;20.00000;0.60895;2
523.41699;129.99667;      -1.84402; 41.85052;80.00000;20.00000;0.60892;2
523.48199;130.01000;      -1.84374; 41.84759;80.00000;20.00000;0.60889;2
523.54498;130.02333;      -1.84419; 41.84466;80.00000;20.00000;0.60886;2
523.60999;130.03667;      -1.84428; 41.84174;80.00000;20.00000;0.60883;2
523.67499;130.05000;      -1.84376; 41.83783;80.00000;20.00000;0.60880;2
523.73999;130.06333;      -1.84311; 41.83490;80.00000;20.00000;0.60877;2
523.80298;130.07667;      -1.84283; 41.83295;80.00000;20.00000;0.60874;2
523.88202;130.09000;      -1.84380; 41.83100;80.00000;20.00000;0.60871;2
523.94098;130.10333;      -1.84376; 41.82904;80.00000;20.00000;0.60868;2
524.02197;130.11667;      -1.84313; 41.82612;80.00000;20.00000;0.60864;2
524.08600;130.13000;      -1.84224; 41.82416;80.00000;20.00000;0.60862;2
524.14301;130.14333;      -1.84232; 41.82123;80.00000;20.00000;0.60859;2
524.21802;130.15667;      -1.84230; 41.81928;80.00000;20.00000;0.60856;2
524.28601;130.17000;      -1.84251; 41.81635;80.00000;20.00000;0.60853;2
524.34698;130.18333;      -1.84247; 41.81342;80.00000;20.00000;0.60850;2
524.42200;130.19667;      -1.84221; 41.81147;80.00000;20.00000;0.60847;2
524.48297;130.21000;      -1.84192; 41.80952;80.00000;20.00000;0.60844;2
524.55402;130.22333;      -1.84092; 41.80757;80.00000;20.00000;0.60841;2
524.61902;130.23667;      -1.84088; 41.80562;80.00000;20.00000;0.60838;2
524.67700;130.25000;      -1.84108; 41.80269;80.00000;20.00000;0.60835;2
524.74597;130.26333;      -1.84142; 41.80073;80.00000;20.00000;0.60832;2
524.82001;130.27667;      -1.84067; 41.79976;80.00000;20.00000;0.60829;2
524.88397;130.29000;      -1.84112; 41.79683;80.00000;20.00000;0.60826;2
524.95001;130.30333;      -1.84023; 41.79585;80.00000;20.00000;0.60823;2
525.01501;130.31667;      -1.84032; 41.79390;80.00000;20.00000;0.60820;2
525.08099;130.33000;      -1.83980; 41.79390;80.00000;20.00000;0.60817;2
525.14502;130.34333;      -1.84000; 41.79292;80.00000;20.00000;0.60814;2
525.21802;130.35667;      -1.83974; 41.79292;80.00000;20.00000;0.60811;2
525.27899;130.37000;      -1.83847; 41.79195;80.00000;20.00000;0.60808;2
525.33600;130.38333;      -1.83879; 41.79000;80.00000;20.00000;0.60806;2
525.41803;130.39667;      -1.83927; 41.79097;80.00000;20.00000;0.60802;2
525.47302;130.41000;      -1.83898; 41.79097;80.00000;20.00000;0.60799;2
525.53699;130.42333;      -1.83882; 41.78902;80.00000;20.00000;0.60797;2
525.61401;130.43667;      -1.83917; 41.78804;80.00000;20.00000;0.60793;2
525.67700;130.45000;      -1.83938; 41.78804;80.00000;20.00000;0.60790;2
525.74701;130.46333;      -1.83972; 41.78609;80.00000;20.00000;0.60787;2
525.80499;130.47667;      -1.83857; 41.78511;80.00000;20.00000;0.60785;2
525.87201;130.49000;      -1.83805; 41.78316;80.00000;20.00000;0.60782;2
525.94098;130.50333;      -1.83814; 41.78316;80.00000;20.00000;0.60778;2
526.00897;130.51667;      -1.83885; 41.78219;80.00000;20.00000;0.60775;2
526.07001;130.53000;      -1.83979; 41.77828;80.00000;20.00000;0.60773;2
526.14899;130.54333;      -1.83904; 41.77535;80.00000;20.00000;0.60769;2
526.21503;130.55667;      -1.83900; 41.77145;80.00000;20.00000;0.60766;2
526.27502;130.57000;      -1.83945; 41.76950;80.00000;20.00000;0.60763;2
526.34302;130.58333;      -1.83955; 41.76559;80.00000;20.00000;0.60760;2
526.41498;130.59667;      -1.84001; 41.76266;80.00000;20.00000;0.60757;2
526.48199;130.61000;      -1.83900; 41.75973;80.00000;20.00000;0.60754;2
526.53998;130.62333;      -1.83871; 41.75876;80.00000;20.00000;0.60752;2
526.61798;130.63667;      -1.83857; 41.75680;80.00000;20.00000;0.60748;2
526.67102;130.65000;      -1.83864; 41.75583;80.00000;20.00000;0.60746;2
526.74902;130.66333;      -1.83850; 41.75388;80.00000;20.00000;0.60742;2
526.80701;130.67667;      -1.83858; 41.74899;80.00000;20.00000;0.60740;2
526.87402;130.69000;      -1.83818; 41.74314;80.00000;20.00000;0.60737;2
526.94098;130.70333;      -1.83864; 41.73826;80.00000;20.00000;0.60734;2
527.00000;130.71667;      -1.83786; 41.73240;80.00000;20.00000;0.60731;2
527.07599;130.73000;      -1.83759; 41.72557;80.00000;20.00000;0.60728;2
527.15002;130.74333;      -1.83708; 41.72166;80.00000;20.00000;0.60724;2
527.20898;130.75667;      -1.83630; 41.71678;80.00000;20.00000;0.60722;2
527.27802;130.77000;      -1.83664; 41.71483;80.00000;20.00000;0.60719;2
527.34497;130.78333;      -1.83673; 41.71385;80.00000;20.00000;0.60716;2
527.40802;130.79667;      -1.83706; 41.71190;80.00000;20.00000;0.60713;2
527.47803;130.81000;      -1.83654; 41.70995;80.00000;20.00000;0.60710;2
527.54602;130.82333;      -1.83602; 41.70897;80.00000;20.00000;0.60707;2
527.61700;130.83667;      -1.83599; 41.70799;80.00000;20.00000;0.60704;2
527.67798;130.85000;      -1.83644; 41.70799;80.00000;20.00000;0.60701;2
527.73700;130.86333;      -1.83652; 41.70702;80.00000;20.00000;0.60698;2
527.80200;130.87667;      -1.83661; 41.70604;80.00000;20.00000;0.60695;2
527.87402;130.89000;      -1.83646; 41.70506;80.00000;20.00000;0.60692;2
527.93701;130.90333;      -1.83618; 41.70311;80.00000;20.00000;0.60689;2
528.00800;130.91667;      -1.83628; 41.70214;80.00000;20.00000;0.60686;2
528.07501;130.93000;      -1.83465; 41.70116;80.00000;20.00000;0.60683;2
528.14203;130.94333;      -1.83437; 41.70409;80.00000;20.00000;0.60680;2
528.21503;130.95667;      -1.83361; 41.70311;80.00000;20.00000;0.60677;2
528.27899;130.97000;      -1.83419; 41.70214;80.00000;20.00000;0.60674;2
528.34399;130.98333;      -1.83489; 41.69921;80.00000;20.00000;0.60671;2
528.40601;130.99667;      -1.83534; 41.69628;80.00000;20.00000;0.60668;2
528.47498;131.01000;      -1.83592; 41.69335;80.00000;20.00000;0.60665;2
528.54401;131.02333;      -1.83589; 41.69140;80.00000;20.00000;0.60662;2
528.61401;131.03667;      -1.83574; 41.68847;80.00000;20.00000;0.60659;2
528.67297;131.05000;      -1.83460; 41.68652;80.00000;20.00000;0.60656;2
528.73999;131.06333;      -1.83419; 41.68456;80.00000;20.00000;0.60653;2
528.80701;131.07667;      -1.83478; 41.68164;80.00000;20.00000;0.60650;2
528.86401;131.09000;      -1.83473; 41.67871;80.00000;20.00000;0.60648;2
528.94098;131.10333;      -1.83397; 41.67773;80.00000;20.00000;0.60645;2
529.00702;131.11667;      -1.83320; 41.67871;80.00000;20.00000;0.60642;2
529.07898;131.13000;      -1.83379; 41.67773;80.00000;20.00000;0.60638;2
529.14801;131.14333;      -1.83352; 41.67675;80.00000;20.00000;0.60635;2
529.20801;131.15667;      -1.83286; 41.67578;80.00000;20.00000;0.60633;2
529.27100;131.17000;      -1.83331; 41.67480;80.00000;20.00000;0.60630;2
529.34802;131.18333;      -1.83329; 41.67383;80.00000;20.00000;0.60626;2
529.41998;131.19667;      -1.83302; 41.67187;80.00000;20.00000;0.60623;2
529.48602;131.21000;      -1.83336; 41.66894;80.00000;20.00000;0.60620;2
529.53998;131.22333;      -1.83343; 41.66602;80.00000;20.00000;0.60618;2
529.61902;131.23667;      -1.83218; 41.66309;80.00000;20.00000;0.60614;2
529.67700;131.25000;      -1.83066; 41.65918;80.00000;20.00000;0.60612;2
529.74701;131.26333;      -1.83063; 41.65528;80.00000;20.00000;0.60609;2
529.81500;131.27667;      -1.83060; 41.65235;80.00000;20.00000;0.60606;2
529.88397;131.29000;      -1.83057; 41.65040;80.00000;20.00000;0.60603;2
529.95300;131.30333;      -1.82993; 41.64942;80.00000;20.00000;0.60600;2
530.01703;131.31667;      -1.82940; 41.64747;80.00000;20.00000;0.60597;2
530.07397;131.33000;      -1.82862; 41.64552;80.00000;20.00000;0.60594;2
530.14697;131.34333;      -1.82847; 41.64356;80.00000;20.00000;0.60591;2
530.21399;131.35667;      -1.82770; 41.64161;80.00000;20.00000;0.60588;2
530.27600;131.37000;      -1.82741; 41.64063;80.00000;20.00000;0.60585;2
530.34399;131.38333;      -1.82689; 41.63966;80.00000;20.00000;0.60582;2
530.41498;131.39667;      -1.82711; 41.63966;80.00000;20.00000;0.60579;2
530.48102;131.41000;      -1.82707; 41.63868;80.00000;20.00000;0.60576;2
530.55103;131.42333;      -1.82680; 41.63771;80.00000;20.00000;0.60573;2
530.60999;131.43667;      -1.82626; 41.63673;80.00000;20.00000;0.60570;2
530.68103;131.45000;      -1.82635; 41.63380;80.00000;20.00000;0.60567;2
530.74298;131.46333;      -1.82582; 41.63087;80.00000;20.00000;0.60564;2
530.81403;131.47667;      -1.82469; 41.62697;80.00000;20.00000;0.60561;2
530.88202;131.49000;      -1.82478; 41.62306;80.00000;20.00000;0.60558;2
530.93701;131.50333;      -1.82497; 41.62013;80.00000;20.00000;0.60556;2
531.01801;131.51667;      -1.82484; 41.61623;80.00000;20.00000;0.60552;2
531.08099;131.53000;      -1.82517; 41.61330;80.00000;20.00000;0.60549;2
531.14099;131.54333;      -1.82451; 41.61037;80.00000;20.00000;0.60547;2
531.21100;131.55667;      -1.82423; 41.60842;80.00000;20.00000;0.60544;2
531.28101;131.57000;      -1.82470; 41.60549;80.00000;20.00000;0.60541;2
531.34698;131.58333;      -1.82466; 41.60354;80.00000;20.00000;0.60538;2
531.40698;131.59667;      -1.82499; 41.60061;80.00000;20.00000;0.60535;2
531.47198;131.61000;      -1.82520; 41.59866;80.00000;20.00000;0.60532;2
531.54199;131.62333;      -1.82505; 41.59670;80.00000;20.00000;0.60529;2
531.61499;131.63667;      -1.82539; 41.59378;80.00000;20.00000;0.60526;2
531.67798;131.65000;      -1.82498; 41.59280;80.00000;20.00000;0.60523;2
531.74200;131.66333;      -1.82556; 41.59182;80.00000;20.00000;0.60520;2
531.82001;131.67667;      -1.82517; 41.58987;80.00000;20.00000;0.60517;2
531.87903;131.69000;      -1.82525; 41.58889;80.00000;20.00000;0.60514;2
531.94299;131.70333;      -1.82509; 41.58694;80.00000;20.00000;0.60511;2
532.01398;131.71667;      -1.82494; 41.58597;80.00000;20.00000;0.60508;2
532.07300;131.73000;      -1.82452; 41.58401;80.00000;20.00000;0.60506;2
532.14801;131.74333;      -1.82438; 41.58206;80.00000;20.00000;0.60502;2
532.20599;131.75667;      -1.82458; 41.58108;80.00000;20.00000;0.60500;2
532.27698;131.77000;      -1.82480; 41.58108;80.00000;20.00000;0.60496;2
532.34497;131.78333;      -1.82415; 41.58108;80.00000;20.00000;0.60493;2
532.41803;131.79667;      -1.82424; 41.58108;80.00000;20.00000;0.60490;2
532.47900;131.81000;      -1.82396; 41.57913;80.00000;20.00000;0.60488;2
532.54102;131.82333;      -1.82367; 41.57816;80.00000;20.00000;0.60485;2
532.61200;131.83667;      -1.82340; 41.57620;80.00000;20.00000;0.60482;2
532.67902;131.85000;      -1.82435; 41.57523;80.00000;20.00000;0.60479;2
532.75000;131.86333;      -1.82407; 41.57328;80.00000;20.00000;0.60476;2
532.81598;131.87667;      -1.82391; 41.56937;80.00000;20.00000;0.60473;2
532.89203;131.89000;      -1.82328; 41.56449;80.00000;20.00000;0.60469;2
532.94800;131.90333;      -1.82310; 41.55961;80.00000;20.00000;0.60467;2
533.01898;131.91667;      -1.82320; 41.55668;80.00000;20.00000;0.60464;2
533.07898;131.93000;      -1.82254; 41.55570;80.00000;20.00000;0.60461;2
533.14502;131.94333;      -1.82201; 41.55668;80.00000;20.00000;0.60458;2
533.21399;131.95667;      -1.82173; 41.56058;80.00000;20.00000;0.60455;2
533.28601;131.97000;      -1.82158; 41.56449;80.00000;20.00000;0.60452;2
533.35498;131.98333;      -1.82167; 41.56644;80.00000;20.00000;0.60449;2
533.41199;131.99667;      -1.82261; 41.56742;80.00000;20.00000;0.60446;2
533.48401;132.01000;      -1.82172; 41.56742;80.00000;20.00000;0.60443;2
533.54602;132.02333;      -1.82119; 41.56449;80.00000;20.00000;0.60440;2
533.60602;132.03667;      -1.82139; 41.56351;80.00000;20.00000;0.60438;2
533.67401;132.05000;      -1.82148; 41.56254;80.00000;20.00000;0.60435;2
533.74103;132.06333;      -1.82046; 41.56254;80.00000;20.00000;0.60432;2
533.80402;132.07667;      -1.81981; 41.56254;80.00000;20.00000;0.60429;2
533.86902;132.09000;      -1.81965; 41.56254;80.00000;20.00000;0.60426;2
533.94598;132.10333;      -1.82037; 41.56254;80.00000;20.00000;0.60423;2
534.00800;132.11667;      -1.82131; 41.56156;80.00000;20.00000;0.60420;2
534.07202;132.13000;      -1.82103; 41.56156;80.00000;20.00000;0.60417;2
534.13898;132.14333;      -1.82161; 41.55961;80.00000;20.00000;0.60414;2
534.20599;132.15667;      -1.82120; 41.55766;80.00000;20.00000;0.60411;2
534.27502;132.17000;      -1.82142; 41.55766;80.00000;20.00000;0.60408;2
534.34601;132.18333;      -1.82102; 41.55570;80.00000;20.00000;0.60405;2
534.41199;132.19667;      -1.82098; 41.55375;80.00000;20.00000;0.60402;2
534.47400;132.21000;      -1.82119; 41.55277;80.00000;20.00000;0.60400;2
534.54102;132.22333;      -1.82103; 41.55082;80.00000;20.00000;0.60397;2
534.60797;132.23667;      -1.82174; 41.54985;80.00000;20.00000;0.60394;2
534.67401;132.25000;      -1.82121; 41.54789;80.00000;20.00000;0.60391;2
534.73999;132.26333;      -1.82080; 41.54692;80.00000;20.00000;0.60388;2
534.81403;132.27667;      -1.82028; 41.54496;80.00000;20.00000;0.60385;2
534.88202;132.29000;      -1.82025; 41.54301;80.00000;20.00000;0.60382;2
534.95099;132.30333;      -1.82059; 41.54204;80.00000;20.00000;0.60379;2
535.01703;132.31667;      -1.82031; 41.53911;80.00000;20.00000;0.60376;2
535.07800;132.33000;      -1.81965; 41.53715;80.00000;20.00000;0.60373;2
535.14398;132.34333;      -1.81961; 41.53520;80.00000;20.00000;0.60370;2
535.20898;132.35667;      -1.81958; 41.53325;80.00000;20.00000;0.60367;2
535.27502;132.37000;      -1.81905; 41.53032;80.00000;20.00000;0.60364;2
535.34802;132.38333;      -1.81865; 41.52739;80.00000;20.00000;0.60361;2
535.40601;132.39667;      -1.81799; 41.52544;80.00000;20.00000;0.60358;2
535.47803;132.41000;      -1.81722; 41.52251;80.00000;20.00000;0.60355;2
535.54303;132.42333;      -1.81669; 41.51958;80.00000;20.00000;0.60352;2
535.60101;132.43667;      -1.81750; 41.51665;80.00000;20.00000;0.60350;2
535.67102;132.45000;      -1.81649; 41.51373;80.00000;20.00000;0.60347;2
535.74402;132.46333;      -1.81559; 41.50982;80.00000;20.00000;0.60344;2
535.81097;132.47667;      -1.81519; 41.50689;80.00000;20.00000;0.60341;2
535.87598;132.49000;      -1.81478; 41.50299;80.00000;20.00000;0.60338;2
535.94598;132.50333;      -1.81500; 41.50006;80.00000;20.00000;0.60335;2
536.00403;132.51667;      -1.81532; 41.49615;80.00000;20.00000;0.60332;2
536.06897;132.53000;      -1.81442; 41.49323;80.00000;20.00000;0.60329;2
536.14301;132.54333;      -1.81353; 41.49127;80.00000;20.00000;0.60326;2
536.20599;132.55667;      -1.81435; 41.49030;80.00000;20.00000;0.60323;2
536.27301;132.57000;      -1.81432; 41.48932;80.00000;20.00000;0.60320;2
536.34198;132.58333;      -1.81453; 41.48834;80.00000;20.00000;0.60317;2
536.40302;132.59667;      -1.81474; 41.48834;80.00000;20.00000;0.60315;2
536.47699;132.61000;      -1.81434; 41.48932;80.00000;20.00000;0.60311;2
536.54999;132.62333;      -1.81431; 41.49030;80.00000;20.00000;0.60308;2
536.59399;132.63667;      -1.81462; 41.48932;80.00000;20.00000;0.60306;2
536.67401;132.65000;      -1.81448; 41.48932;80.00000;20.00000;0.60303;2
536.74103;132.66333;      -1.81407; 41.48834;80.00000;20.00000;0.60300;2
536.81000;132.67667;      -1.81404; 41.48444;80.00000;20.00000;0.60297;2
536.87201;132.69000;      -1.81449; 41.48053;80.00000;20.00000;0.60294;2
536.93701;132.70333;      -1.81396; 41.47761;80.00000;20.00000;0.60291;2
537.00299;132.71667;      -1.81368; 41.47370;80.00000;20.00000;0.60288;2
537.07800;132.73000;      -1.81439; 41.46980;80.00000;20.00000;0.60285;2
537.13300;132.74333;      -1.81422; 41.46687;80.00000;20.00000;0.60283;2
537.20801;132.75667;      -1.81358; 41.46491;80.00000;20.00000;0.60279;2
537.27197;132.77000;      -1.81428; 41.46394;80.00000;20.00000;0.60277;2
537.34003;132.78333;      -1.81400; 41.46199;80.00000;20.00000;0.60274;2
537.40601;132.79667;      -1.81371; 41.45906;80.00000;20.00000;0.60271;2
537.47699;132.81000;      -1.81405; 41.45710;80.00000;20.00000;0.60268;2
537.54303;132.82333;      -1.81426; 41.45418;80.00000;20.00000;0.60265;2
537.59900;132.83667;      -1.81421; 41.45125;80.00000;20.00000;0.60262;2
537.67499;132.85000;      -1.81456; 41.44832;80.00000;20.00000;0.60259;2
537.74402;132.86333;      -1.81453; 41.44441;80.00000;20.00000;0.60256;2
537.80499;132.87667;      -1.81350; 41.44149;80.00000;20.00000;0.60253;2
537.88397;132.89000;      -1.81298; 41.43758;80.00000;20.00000;0.60250;2
537.94397;132.90333;      -1.81306; 41.43465;80.00000;20.00000;0.60247;2
538.01202;132.91667;      -1.81315; 41.43172;80.00000;20.00000;0.60244;2
538.07800;132.93000;      -1.81299; 41.42879;80.00000;20.00000;0.60241;2
538.15002;132.94333;      -1.81272; 41.42684;80.00000;20.00000;0.60238;2
538.21399;132.95667;      -1.81243; 41.42587;80.00000;20.00000;0.60235;2
538.28900;132.97000;      -1.81240; 41.42489;80.00000;20.00000;0.60232;2
538.35199;132.98333;      -1.81137; 41.42391;80.00000;20.00000;0.60229;2
538.42200;132.99667;      -1.81097; 41.42391;80.00000;20.00000;0.60226;2
538.48700;133.01000;      -1.80970; 41.42098;80.00000;20.00000;0.60223;2
538.55103;133.02333;      -1.81052; 41.41610;80.00000;20.00000;0.60221;2
538.61401;133.03667;      -1.81135; 41.41122;80.00000;20.00000;0.60218;2
538.68402;133.05000;      -1.81107; 41.40732;80.00000;20.00000;0.60215;2
538.74902;133.06333;      -1.81041; 41.40439;80.00000;20.00000;0.60212;2
538.82098;133.07667;      -1.80927; 41.40146;80.00000;20.00000;0.60209;2
538.87903;133.09000;      -1.80873; 41.39853;80.00000;20.00000;0.60206;2
538.94702;133.10333;      -1.80857; 41.39658;80.00000;20.00000;0.60203;2
539.01099;133.11667;      -1.80915; 41.39365;80.00000;20.00000;0.60201;2
539.07300;133.13000;      -1.80849; 41.39072;80.00000;20.00000;0.60198;2
539.14697;133.14333;      -1.80883; 41.38779;80.00000;20.00000;0.60195;2
539.21198;133.15667;      -1.80879; 41.38291;80.00000;20.00000;0.60192;2
539.28497;133.17000;      -1.80815; 41.37803;80.00000;20.00000;0.60189;2
539.35199;133.18333;      -1.80799; 41.37413;80.00000;20.00000;0.60186;2
539.41699;133.19667;      -1.80683; 41.37120;80.00000;20.00000;0.60183;2
539.48401;133.21000;      -1.80729; 41.36729;80.00000;20.00000;0.60180;2
539.55701;133.22333;      -1.80702; 41.36534;80.00000;20.00000;0.60177;2
539.60999;133.23667;      -1.80684; 41.36436;80.00000;20.00000;0.60174;2
539.67999;133.25000;      -1.80644; 41.36436;80.00000;20.00000;0.60171;2
539.74402;133.26333;      -1.80652; 41.36436;80.00000;20.00000;0.60169;2
539.81702;133.27667;      -1.80649; 41.36632;80.00000;20.00000;0.60165;2
539.87201;133.29000;      -1.80607; 41.36827;80.00000;20.00000;0.60163;2
539.94800;133.30333;      -1.80642; 41.37022;80.00000;20.00000;0.60160;2
540.01703;133.31667;      -1.80601; 41.37217;80.00000;20.00000;0.60157;2
540.07501;133.33000;      -1.80559; 41.37413;80.00000;20.00000;0.60154;2
540.14001;133.34333;      -1.80543; 41.37608;80.00000;20.00000;0.60151;2
540.21899;133.35667;      -1.80566; 41.37705;80.00000;20.00000;0.60148;2
540.28198;133.37000;      -1.80611; 41.37413;80.00000;20.00000;0.60145;2
540.34497;133.38333;      -1.80619; 41.37315;80.00000;20.00000;0.60142;2
540.41498;133.39667;      -1.80591; 41.36925;80.00000;20.00000;0.60139;2
540.48401;133.41000;      -1.80501; 41.36534;80.00000;20.00000;0.60136;2
540.54700;133.42333;      -1.80497; 41.36144;80.00000;20.00000;0.60134;2
540.61499;133.43667;      -1.80605; 41.35753;80.00000;20.00000;0.60131;2
540.68402;133.45000;      -1.80614; 41.35363;80.00000;20.00000;0.60128;2
540.74597;133.46333;      -1.80622; 41.35070;80.00000;20.00000;0.60125;2
540.81299;133.47667;      -1.80631; 41.34874;80.00000;20.00000;0.60122;2
540.87701;133.49000;      -1.80590; 41.34679;80.00000;20.00000;0.60119;2
540.95001;133.50333;      -1.80525; 41.34484;80.00000;20.00000;0.60116;2
541.00800;133.51667;      -1.80508; 41.34484;80.00000;20.00000;0.60113;2
541.07800;133.53000;      -1.80467; 41.34484;80.00000;20.00000;0.60110;2
541.14600;133.54333;      -1.80476; 41.34484;80.00000;20.00000;0.60107;2
541.22101;133.55667;      -1.80498; 41.34484;80.00000;20.00000;0.60104;2
541.28101;133.57000;      -1.80543; 41.34582;80.00000;20.00000;0.60102;2
541.34399;133.58333;      -1.80601; 41.34777;80.00000;20.00000;0.60099;2
541.40900;133.59667;      -1.80560; 41.35167;80.00000;20.00000;0.60096;2
541.47302;133.61000;      -1.80506; 41.35460;80.00000;20.00000;0.60093;2
541.54797;133.62333;      -1.80479; 41.35558;80.00000;20.00000;0.60090;2
541.62201;133.63667;      -1.80489; 41.35363;80.00000;20.00000;0.60087;2
541.68903;133.65000;      -1.80473; 41.34582;80.00000;20.00000;0.60084;2
541.76202;133.66333;      -1.80457; 41.33508;80.00000;20.00000;0.60081;2
541.81500;133.67667;      -1.80415; 41.32434;80.00000;20.00000;0.60078;2
541.89099;133.69000;      -1.80387; 41.31653;80.00000;20.00000;0.60075;2
541.94702;133.70333;      -1.80420; 41.30970;80.00000;20.00000;0.60073;2
542.01398;133.71667;      -1.80490; 41.30481;80.00000;20.00000;0.60070;2
542.08398;133.73000;      -1.80499; 41.29993;80.00000;20.00000;0.60067;2
542.15198;133.74333;      -1.80384; 41.29798;80.00000;20.00000;0.60064;2
542.21100;133.75667;      -1.80417; 41.29505;80.00000;20.00000;0.60061;2
542.28302;133.77000;      -1.80463; 41.29310;80.00000;20.00000;0.60058;2
542.34100;133.78333;      -1.80421; 41.29115;80.00000;20.00000;0.60056;2
542.41498;133.79667;      -1.80431; 41.28920;80.00000;20.00000;0.60052;2
542.48798;133.81000;      -1.80441; 41.28724;80.00000;20.00000;0.60049;2
542.54999;133.82333;      -1.80399; 41.28529;80.00000;20.00000;0.60046;2
542.61798;133.83667;      -1.80321; 41.28334;80.00000;20.00000;0.60044;2
542.67603;133.85000;      -1.80242; 41.28139;80.00000;20.00000;0.60041;2
542.76099;133.86333;      -1.80278; 41.27943;80.00000;20.00000;0.60037;2
542.81897;133.87667;      -1.80273; 41.27748;80.00000;20.00000;0.60035;2
542.87799;133.89000;      -1.80342; 41.27553;80.00000;20.00000;0.60032;2
542.95099;133.90333;      -1.80265; 41.27455;80.00000;20.00000;0.60029;2
543.01898;133.91667;      -1.80237; 41.27358;80.00000;20.00000;0.60026;2
543.08099;133.93000;      -1.80232; 41.27358;80.00000;20.00000;0.60023;2
543.15601;133.94333;      -1.80217; 41.27455;80.00000;20.00000;0.60020;2
543.21399;133.95667;      -1.80212; 41.27846;80.00000;20.00000;0.60018;2
543.28699;133.97000;      -1.80197; 41.28236;80.00000;20.00000;0.60015;2
543.35199;133.98333;      -1.80193; 41.28334;80.00000;20.00000;0.60012;2
543.41400;133.99667;      -1.80164; 41.28431;80.00000;20.00000;0.60009;2
543.47900;134.01000;      -1.80110; 41.28334;80.00000;20.00000;0.60006;2
543.54901;134.02333;      -1.80120; 41.28334;80.00000;20.00000;0.60003;2
543.61298;134.03667;      -1.80016; 41.28334;80.00000;20.00000;0.60000;2
543.68103;134.05000;      -1.80050; 41.27943;80.00000;20.00000;0.59997;2
543.74103;134.06333;      -1.80070; 41.27553;80.00000;20.00000;0.59995;2
543.81097;134.07667;      -1.80079; 41.27260;80.00000;20.00000;0.59992;2
543.88397;134.09000;      -1.80151; 41.26869;80.00000;20.00000;0.59989;2
543.94501;134.10333;      -1.80084; 41.26577;80.00000;20.00000;0.59986;2
544.01599;134.11667;      -1.80031; 41.26284;80.00000;20.00000;0.59983;2
544.08600;134.13000;      -1.79978; 41.25991;80.00000;20.00000;0.59980;2
544.14600;134.14333;      -1.79936; 41.25796;80.00000;20.00000;0.59977;2
544.20697;134.15667;      -1.79994; 41.25698;80.00000;20.00000;0.59975;2
544.28802;134.17000;      -1.80017; 41.25600;80.00000;20.00000;0.59971;2
544.33899;134.18333;      -1.79961; 41.25503;80.00000;20.00000;0.59969;2
544.40900;134.19667;      -1.80033; 41.25405;80.00000;20.00000;0.59966;2
544.48700;134.21000;      -1.80043; 41.25210;80.00000;20.00000;0.59963;2
544.55200;134.22333;      -1.79989; 41.25112;80.00000;20.00000;0.59960;2
544.62097;134.23667;      -1.80023; 41.24917;80.00000;20.00000;0.59957;2
544.68701;134.25000;      -1.80031; 41.24722;80.00000;20.00000;0.59954;2
544.75299;134.26333;      -1.79953; 41.24624;80.00000;20.00000;0.59951;2
544.81702;134.27667;      -1.79912; 41.24429;80.00000;20.00000;0.59948;2
544.88599;134.29000;      -1.79796; 41.24331;80.00000;20.00000;0.59945;2
544.95697;134.30333;      -1.79743; 41.24429;80.00000;20.00000;0.59942;2
545.01801;134.31667;      -1.79751; 41.24429;80.00000;20.00000;0.59940;2
545.08502;134.33000;      -1.79772; 41.24624;80.00000;20.00000;0.59937;2
545.15698;134.34333;      -1.79720; 41.25112;80.00000;20.00000;0.59934;2
545.22198;134.35667;      -1.79641; 41.25796;80.00000;20.00000;0.59931;2
545.28003;134.37000;      -1.79512; 41.26284;80.00000;20.00000;0.59928;2
545.34399;134.38333;      -1.79458; 41.26674;80.00000;20.00000;0.59926;2
545.41803;134.39667;      -1.79455; 41.26577;80.00000;20.00000;0.59922;2
545.47900;134.41000;      -1.79450; 41.26479;80.00000;20.00000;0.59920;2
545.55298;134.42333;      -1.79336; 41.26186;80.00000;20.00000;0.59917;2
545.61798;134.43667;      -1.79344; 41.25893;80.00000;20.00000;0.59914;2
545.68402;134.45000;      -1.79340; 41.25503;80.00000;20.00000;0.59911;2
545.74500;134.46333;      -1.79323; 41.25210;80.00000;20.00000;0.59908;2
545.82098;134.47667;      -1.79296; 41.24917;80.00000;20.00000;0.59905;2
545.88501;134.49000;      -1.79316; 41.24136;80.00000;20.00000;0.59902;2
545.95599;134.50333;      -1.79338; 41.23160;80.00000;20.00000;0.59899;2
546.01300;134.51667;      -1.79345; 41.22379;80.00000;20.00000;0.59897;2
546.07397;134.53000;      -1.79291; 41.21695;80.00000;20.00000;0.59894;2
546.14600;134.54333;      -1.79300; 41.21110;80.00000;20.00000;0.59891;2
546.21802;134.55667;      -1.79285; 41.20719;80.00000;20.00000;0.59888;2
546.28198;134.57000;      -1.79368; 41.20329;80.00000;20.00000;0.59885;2
546.34698;134.58333;      -1.79289; 41.20036;80.00000;20.00000;0.59882;2
546.41498;134.59667;      -1.79260; 41.19841;80.00000;20.00000;0.59879;2
546.48999;134.61000;      -1.79270; 41.20036;80.00000;20.00000;0.59876;2
546.54901;134.62333;      -1.79240; 41.20426;80.00000;20.00000;0.59874;2
546.61603;134.63667;      -1.79212; 41.20622;80.00000;20.00000;0.59871;2
546.68903;134.65000;      -1.79221; 41.20915;80.00000;20.00000;0.59868;2
546.75201;134.66333;      -1.79179; 41.21110;80.00000;20.00000;0.59865;2
546.80902;134.67667;      -1.79174; 41.21207;80.00000;20.00000;0.59862;2
546.87903;134.69000;      -1.79183; 41.21305;80.00000;20.00000;0.59859;2
546.94501;134.70333;      -1.79242; 41.21403;80.00000;20.00000;0.59857;2
547.00201;134.71667;      -1.79224; 41.21500;80.00000;20.00000;0.59854;2
547.08600;134.73000;      -1.79297; 41.21598;80.00000;20.00000;0.59851;2
547.15100;134.74333;      -1.79281; 41.21695;80.00000;20.00000;0.59848;2
547.22198;134.75667;      -1.79252; 41.21695;80.00000;20.00000;0.59845;2
547.28302;134.77000;      -1.79298; 41.21598;80.00000;20.00000;0.59842;2
547.35199;134.78333;      -1.79282; 41.21500;80.00000;20.00000;0.59839;2
547.40997;134.79667;      -1.79227; 41.21207;80.00000;20.00000;0.59837;2
547.47803;134.81000;      -1.79211; 41.20915;80.00000;20.00000;0.59834;2
547.55200;134.82333;      -1.79233; 41.20622;80.00000;20.00000;0.59830;2
547.61499;134.83667;      -1.79191; 41.20036;80.00000;20.00000;0.59828;2
547.68298;134.85000;      -1.79150; 41.19450;80.00000;20.00000;0.59825;2
547.75598;134.86333;      -1.79134; 41.18864;80.00000;20.00000;0.59822;2
547.81403;134.87667;      -1.79092; 41.18376;80.00000;20.00000;0.59819;2
547.88202;134.89000;      -1.79126; 41.17986;80.00000;20.00000;0.59816;2
547.95203;134.90333;      -1.79060; 41.17791;80.00000;20.00000;0.59813;2
548.01202;134.91667;      -1.78993; 41.17693;80.00000;20.00000;0.59811;2
548.08398;134.93000;      -1.79002; 41.17595;80.00000;20.00000;0.59808;2
548.15399;134.94333;      -1.78961; 41.17498;80.00000;20.00000;0.59805;2
548.22198;134.95667;      -1.78908; 41.17498;80.00000;20.00000;0.59802;2
548.28998;134.97000;      -1.78991; 41.17400;80.00000;20.00000;0.59799;2
548.34998;134.98333;      -1.78924; 41.17010;80.00000;20.00000;0.59796;2
548.41803;134.99667;      -1.78946; 41.16522;80.00000;20.00000;0.59793;2
548.48499;135.01000;      -1.79004; 41.16033;80.00000;20.00000;0.59790;2
548.54797;135.02333;      -1.79000; 41.15545;80.00000;20.00000;0.59788;2
548.61603;135.03667;      -1.78946; 41.15252;80.00000;20.00000;0.59785;2
548.68103;135.05000;      -1.78892; 41.14960;80.00000;20.00000;0.59782;2
548.74902;135.06333;      -1.78901; 41.14667;80.00000;20.00000;0.59779;2
548.81799;135.07667;      -1.78897; 41.14374;80.00000;20.00000;0.59776;2
548.88501;135.09000;      -1.78781; 41.14179;80.00000;20.00000;0.59773;2
548.95300;135.10333;      -1.78777; 41.13983;80.00000;20.00000;0.59770;2
549.01501;135.11667;      -1.78748; 41.13983;80.00000;20.00000;0.59768;2
549.08899;135.13000;      -1.78708; 41.14179;80.00000;20.00000;0.59765;2
549.15002;135.14333;      -1.78753; 41.14374;80.00000;20.00000;0.59762;2
549.21503;135.15667;      -1.78686; 41.14471;80.00000;20.00000;0.59759;2
549.28198;135.17000;      -1.78633; 41.14667;80.00000;20.00000;0.59756;2
549.35602;135.18333;      -1.78630; 41.14667;80.00000;20.00000;0.59753;2
549.42200;135.19667;      -1.78663; 41.14764;80.00000;20.00000;0.59750;2
549.48199;135.21000;      -1.78658; 41.14862;80.00000;20.00000;0.59748;2
549.54901;135.22333;      -1.78667; 41.14862;80.00000;20.00000;0.59745;2
549.60602;135.23667;      -1.78637; 41.14960;80.00000;20.00000;0.59742;2
549.68402;135.25000;      -1.78609; 41.14960;80.00000;20.00000;0.59739;2
549.74402;135.26333;      -1.78642; 41.14960;80.00000;20.00000;0.59736;2
549.81598;135.27667;      -1.78664; 41.14862;80.00000;20.00000;0.59733;2
549.88300;135.29000;      -1.78660; 41.14862;80.00000;20.00000;0.59731;2
549.94897;135.30333;      -1.78706; 41.14764;80.00000;20.00000;0.59728;2
550.01599;135.31667;      -1.78714; 41.14764;80.00000;20.00000;0.59725;2
550.08301;135.33000;      -1.78710; 41.14764;80.00000;20.00000;0.59722;2
550.14502;135.34333;      -1.78781; 41.14764;80.00000;20.00000;0.59719;2
550.21100;135.35667;      -1.78627; 41.14764;80.00000;20.00000;0.59717;2
550.28198;135.37000;      -1.78623; 41.14667;80.00000;20.00000;0.59713;2
550.34497;135.38333;      -1.78656; 41.14667;80.00000;20.00000;0.59711;2
550.40503;135.39667;      -1.78627; 41.14569;80.00000;20.00000;0.59708;2
550.47601;135.41000;      -1.78623; 41.14667;80.00000;20.00000;0.59705;2
550.55103;135.42333;      -1.78608; 41.14569;80.00000;20.00000;0.59702;2
550.61603;135.43667;      -1.78629; 41.14471;80.00000;20.00000;0.59699;2
550.67401;135.45000;      -1.78649; 41.14276;80.00000;20.00000;0.59697;2
550.75098;135.46333;      -1.78671; 41.14179;80.00000;20.00000;0.59693;2
550.82202;135.47667;      -1.78680; 41.13983;80.00000;20.00000;0.59690;2
550.88098;135.49000;      -1.78625; 41.13788;80.00000;20.00000;0.59688;2
550.94702;135.50333;      -1.78571; 41.13690;80.00000;20.00000;0.59685;2
551.01801;135.51667;      -1.78605; 41.13398;80.00000;20.00000;0.59682;2
551.07898;135.53000;      -1.78613; 41.13007;80.00000;20.00000;0.59679;2
551.14600;135.54333;      -1.78634; 41.12714;80.00000;20.00000;0.59677;2
551.21997;135.55667;      -1.78581; 41.12031;80.00000;20.00000;0.59673;2
551.27899;135.57000;      -1.78576; 41.11445;80.00000;20.00000;0.59671;2
551.35101;135.58333;      -1.78523; 41.10859;80.00000;20.00000;0.59668;2
551.41101;135.59667;      -1.78468; 41.10469;80.00000;20.00000;0.59665;2
551.48102;135.61000;      -1.78440; 41.10274;80.00000;20.00000;0.59662;2
551.54797;135.62333;      -1.78461; 41.10078;80.00000;20.00000;0.59659;2
551.61401;135.63667;      -1.78394; 41.10078;80.00000;20.00000;0.59657;2
551.68201;135.65000;      -1.78328; 41.10078;80.00000;20.00000;0.59654;2
551.75403;135.66333;      -1.78200; 41.09981;80.00000;20.00000;0.59651;2
551.82001;135.67667;      -1.78258; 41.09688;80.00000;20.00000;0.59648;2
551.87701;135.69000;      -1.78290; 41.09298;80.00000;20.00000;0.59645;2
551.94800;135.70333;      -1.78187; 41.09102;80.00000;20.00000;0.59642;2
552.02502;135.71667;      -1.78084; 41.08712;80.00000;20.00000;0.59639;2
552.08398;135.73000;      -1.78092; 41.08419;80.00000;20.00000;0.59637;2
552.15503;135.74333;      -1.78126; 41.07931;80.00000;20.00000;0.59634;2
552.21503;135.75667;      -1.78084; 41.07345;80.00000;20.00000;0.59631;2
552.28497;135.77000;      -1.78080; 41.06662;80.00000;20.00000;0.59628;2
552.34900;135.78333;      -1.77976; 41.06174;80.00000;20.00000;0.59625;2
552.40900;135.79667;      -1.77996; 41.05783;80.00000;20.00000;0.59623;2
552.48499;135.81000;      -1.78006; 41.05490;80.00000;20.00000;0.59620;2
552.55103;135.82333;      -1.77976; 41.05100;80.00000;20.00000;0.59617;2
552.61902;135.83667;      -1.77910; 41.04709;80.00000;20.00000;0.59614;2
552.68903;135.85000;      -1.77969; 41.04416;80.00000;20.00000;0.59611;2
552.74597;135.86333;      -1.77901; 41.04319;80.00000;20.00000;0.59608;2
552.81299;135.87667;      -1.77910; 41.04026;80.00000;20.00000;0.59606;2
552.88098;135.89000;      -1.77906; 41.03831;80.00000;20.00000;0.59603;2
552.94598;135.90333;      -1.77852; 41.03538;80.00000;20.00000;0.59600;2
553.01801;135.91667;      -1.77798; 41.03245;80.00000;20.00000;0.59597;2
553.08301;135.93000;      -1.77744; 41.02366;80.00000;20.00000;0.59594;2
553.14203;135.94333;      -1.77777; 41.01781;80.00000;20.00000;0.59592;2
553.21997;135.95667;      -1.77674; 41.01097;80.00000;20.00000;0.59588;2
553.28198;135.97000;      -1.77669; 41.00609;80.00000;20.00000;0.59586;2
553.34998;135.98333;      -1.77653; 41.00121;80.00000;20.00000;0.59583;2
553.41199;135.99667;      -1.77673; 40.99731;80.00000;20.00000;0.59580;2
553.48297;136.01000;      -1.77695; 40.99535;80.00000;20.00000;0.59577;2
553.55103;136.02333;      -1.77691; 40.99438;80.00000;20.00000;0.59574;2
553.61499;136.03667;      -1.77637; 40.99438;80.00000;20.00000;0.59571;2
553.68298;136.05000;      -1.77633; 40.99535;80.00000;20.00000;0.59569;2
553.75098;136.06333;      -1.77641; 40.99731;80.00000;20.00000;0.59566;2
553.81299;136.07667;      -1.77662; 41.00023;80.00000;20.00000;0.59563;2
553.88000;136.09000;      -1.77658; 41.00414;80.00000;20.00000;0.59560;2
553.95001;136.10333;      -1.77616; 41.00902;80.00000;20.00000;0.59557;2
554.01099;136.11667;      -1.77574; 41.01195;80.00000;20.00000;0.59555;2
554.07898;136.13000;      -1.77645; 41.01683;80.00000;20.00000;0.59552;2
554.14301;136.14333;      -1.77641; 41.01976;80.00000;20.00000;0.59549;2
554.21198;136.15667;      -1.77524; 41.02073;80.00000;20.00000;0.59546;2
554.27399;136.17000;      -1.77545; 41.02269;80.00000;20.00000;0.59543;2
554.34198;136.18333;      -1.77541; 41.02269;80.00000;20.00000;0.59541;2
554.40698;136.19667;      -1.77537; 41.02366;80.00000;20.00000;0.59538;2
554.47998;136.21000;      -1.77521; 41.02366;80.00000;20.00000;0.59535;2
554.54401;136.22333;      -1.77479; 41.02366;80.00000;20.00000;0.59532;2
554.60999;136.23667;      -1.77500; 41.02659;80.00000;20.00000;0.59529;2
554.67499;136.25000;      -1.77571; 41.03050;80.00000;20.00000;0.59526;2
554.74902;136.26333;      -1.77517; 41.03733;80.00000;20.00000;0.59523;2
554.81897;136.27667;      -1.77489; 41.04416;80.00000;20.00000;0.59520;2
554.87903;136.29000;      -1.77546; 41.05295;80.00000;20.00000;0.59518;2
554.94598;136.30333;      -1.77592; 41.05881;80.00000;20.00000;0.59515;2
555.01398;136.31667;      -1.77563; 41.06271;80.00000;20.00000;0.59512;2
555.08698;136.33000;      -1.77635; 41.06466;80.00000;20.00000;0.59509;2
555.15002;136.34333;      -1.77668; 41.06564;80.00000;20.00000;0.59506;2
555.22198;136.35667;      -1.77627; 41.06759;80.00000;20.00000;0.59503;2
555.28003;136.37000;      -1.77597; 41.06857;80.00000;20.00000;0.59501;2
555.35101;136.38333;      -1.77568; 41.07052;80.00000;20.00000;0.59498;2
555.41901;136.39667;      -1.77564; 41.07247;80.00000;20.00000;0.59495;2
555.48199;136.41000;      -1.77522; 41.07345;80.00000;20.00000;0.59492;2
555.54401;136.42333;      -1.77555; 41.06955;80.00000;20.00000;0.59490;2
555.61401;136.43667;      -1.77489; 41.06759;80.00000;20.00000;0.59487;2
555.68201;136.45000;      -1.77422; 41.06564;80.00000;20.00000;0.59484;2
555.75201;136.46333;      -1.77318; 41.06369;80.00000;20.00000;0.59481;2
555.81097;136.47667;      -1.77301; 41.06271;80.00000;20.00000;0.59478;2
555.87799;136.49000;      -1.77297; 41.06271;80.00000;20.00000;0.59476;2
555.94598;136.50333;      -1.77305; 41.06271;80.00000;20.00000;0.59473;2
556.00201;136.51667;      -1.77325; 41.06271;80.00000;20.00000;0.59470;2
556.08301;136.53000;      -1.77248; 41.06076;80.00000;20.00000;0.59467;2
556.14001;136.54333;      -1.77154; 41.05588;80.00000;20.00000;0.59464;2
556.21301;136.55667;      -1.77176; 41.05100;80.00000;20.00000;0.59461;2
556.27600;136.57000;      -1.77197; 41.04905;80.00000;20.00000;0.59459;2
556.34198;136.58333;      -1.77130; 41.04612;80.00000;20.00000;0.59456;2
556.41901;136.59667;      -1.77089; 41.04319;80.00000;20.00000;0.59453;2
556.48602;136.61000;      -1.77110; 41.03928;80.00000;20.00000;0.59450;2
556.55603;136.62333;      -1.77182; 41.03440;80.00000;20.00000;0.59447;2
556.61798;136.63667;      -1.77315; 41.03050;80.00000;20.00000;0.59444;2
556.68701;136.65000;      -1.77173; 41.02757;80.00000;20.00000;0.59441;2
556.75201;136.66333;      -1.77206; 41.02269;80.00000;20.00000;0.59439;2
556.81799;136.67667;      -1.77140; 41.01000;80.00000;20.00000;0.59436;2
556.88300;136.69000;      -1.77022; 41.00023;80.00000;20.00000;0.59433;2
556.95001;136.70333;      -1.77006; 40.98950;80.00000;20.00000;0.59430;2
557.01703;136.71667;      -1.77027; 40.97485;80.00000;20.00000;0.59427;2
557.07703;136.73000;      -1.77034; 40.96216;80.00000;20.00000;0.59425;2
557.14697;136.74333;      -1.77081; 40.95338;80.00000;20.00000;0.59422;2
557.21100;136.75667;      -1.77001; 40.94557;80.00000;20.00000;0.59419;2
557.28601;136.77000;      -1.76998; 40.93971;80.00000;20.00000;0.59416;2
557.35400;136.78333;      -1.76994; 40.93483;80.00000;20.00000;0.59413;2
557.41998;136.79667;      -1.76940; 40.93092;80.00000;20.00000;0.59410;2
557.48700;136.81000;      -1.76935; 40.93288;80.00000;20.00000;0.59408;2
557.54700;136.82333;      -1.76855; 40.93873;80.00000;20.00000;0.59405;2
557.61200;136.83667;      -1.76876; 40.94557;80.00000;20.00000;0.59402;2
557.68298;136.85000;      -1.76860; 40.95142;80.00000;20.00000;0.59399;2
557.74402;136.86333;      -1.76805; 40.95630;80.00000;20.00000;0.59397;2
557.81000;136.87667;      -1.76738; 40.95923;80.00000;20.00000;0.59394;2
557.87201;136.89000;      -1.76771; 40.95826;80.00000;20.00000;0.59391;2
557.93799;136.90333;      -1.76716; 40.95630;80.00000;20.00000;0.59389;2
558.01001;136.91667;      -1.76951; 40.95142;80.00000;20.00000;0.59386;2
558.08197;136.93000;      -1.76897; 40.94557;80.00000;20.00000;0.59383;2
558.14502;136.94333;      -1.76817; 40.93873;80.00000;20.00000;0.59380;2
558.21997;136.95667;      -1.76889; 40.93385;80.00000;20.00000;0.59377;2
558.28302;136.97000;      -1.76822; 40.93092;80.00000;20.00000;0.59374;2
558.34900;136.98333;      -1.76768; 40.92897;80.00000;20.00000;0.59371;2
558.41101;136.99667;      -1.76763; 40.92799;80.00000;20.00000;0.59369;2
558.48297;137.01000;      -1.76784; 40.92702;80.00000;20.00000;0.59366;2
558.54498;137.02333;      -1.76817; 40.92604;80.00000;20.00000;0.59363;2
558.61102;137.03667;      -1.76851; 40.92604;80.00000;20.00000;0.59360;2
558.67700;137.05000;      -1.76859; 40.92604;80.00000;20.00000;0.59358;2
558.74298;137.06333;      -1.76767; 40.92604;80.00000;20.00000;0.59355;2
558.81299;137.07667;      -1.76813; 40.92604;80.00000;20.00000;0.59352;2
558.87903;137.09000;      -1.76671; 40.92604;80.00000;20.00000;0.59349;2
558.93597;137.10333;      -1.76665; 40.92604;80.00000;20.00000;0.59347;2
558.99902;137.11667;      -1.76761; 40.92702;80.00000;20.00000;0.59344;2
559.08002;137.13000;      -1.76709; 40.92604;80.00000;20.00000;0.59341;2
559.14001;137.14333;      -1.76578; 40.93580;80.00000;20.00000;0.59338;2
559.20898;137.15667;      -1.76536; 40.93971;80.00000;20.00000;0.59335;2
559.28003;137.17000;      -1.76646; 40.94654;80.00000;20.00000;0.59332;2
559.34998;137.18333;      -1.76654; 40.95142;80.00000;20.00000;0.59329;2
559.40900;137.19667;      -1.76624; 40.95338;80.00000;20.00000;0.59327;2
559.47998;137.21000;      -1.76658; 40.95240;80.00000;20.00000;0.59324;2
559.54797;137.22333;      -1.76667; 40.95240;80.00000;20.00000;0.59321;2
559.61603;137.23667;      -1.76700; 40.94557;80.00000;20.00000;0.59318;2
559.67700;137.25000;      -1.76746; 40.93483;80.00000;20.00000;0.59315;2
559.74298;137.26333;      -1.76741; 40.92507;80.00000;20.00000;0.59313;2
559.81000;137.27667;      -1.76687; 40.89090;80.00000;20.00000;0.59310;2
559.87903;137.29000;      -1.76696; 40.87821;80.00000;20.00000;0.59307;2
559.94702;137.30333;      -1.76691; 40.86942;80.00000;20.00000;0.59304;2
560.01501;137.31667;      -1.76662; 40.86454;80.00000;20.00000;0.59301;2
560.07501;137.33000;      -1.76557; 40.86161;80.00000;20.00000;0.59299;2
560.14600;137.34333;      -1.76478; 40.85966;80.00000;20.00000;0.59296;2
560.21698;137.35667;      -1.76399; 40.85868;80.00000;20.00000;0.59293;2
560.27698;137.37000;      -1.76494; 40.86844;80.00000;20.00000;0.59290;2
560.34100;137.38333;      -1.76427; 40.87235;80.00000;20.00000;0.59288;2
560.41901;137.39667;      -1.76411; 40.87723;80.00000;20.00000;0.59284;2
560.48199;137.41000;      -1.76394; 40.88797;80.00000;20.00000;0.59282;2
560.54498;137.42333;      -1.76326; 40.89676;80.00000;20.00000;0.59279;2
560.61401;137.43667;      -1.76335; 40.90456;80.00000;20.00000;0.59276;2
560.68500;137.45000;      -1.76218; 40.90945;80.00000;20.00000;0.59273;2
560.74298;137.46333;      -1.76188; 40.91237;80.00000;20.00000;0.59271;2
560.81097;137.47667;      -1.76209; 40.91433;80.00000;20.00000;0.59268;2
560.87500;137.49000;      -1.76267; 40.91530;80.00000;20.00000;0.59265;2
560.94897;137.50333;      -1.76188; 40.91530;80.00000;20.00000;0.59262;2
561.02301;137.51667;      -1.76185; 40.91628;80.00000;20.00000;0.59259;2
561.09003;137.53000;      -1.76130; 40.91628;80.00000;20.00000;0.59256;2
561.15399;137.54333;      -1.76201; 40.91433;80.00000;20.00000;0.59254;2
561.21198;137.55667;      -1.76196; 40.91042;80.00000;20.00000;0.59251;2
561.28802;137.57000;      -1.76180; 40.90554;80.00000;20.00000;0.59248;2
561.34802;137.58333;      -1.76188; 40.90066;80.00000;20.00000;0.59245;2
561.41302;137.59667;      -1.76145; 40.89676;80.00000;20.00000;0.59243;2
561.48700;137.61000;      -1.76104; 40.88797;80.00000;20.00000;0.59240;2
561.54602;137.62333;      -1.76036; 40.88016;80.00000;20.00000;0.59237;2
561.61499;137.63667;      -1.75995; 40.87333;80.00000;20.00000;0.59234;2
561.67603;137.65000;      -1.75977; 40.86747;80.00000;20.00000;0.59232;2
561.74298;137.66333;      -1.75935; 40.86063;80.00000;20.00000;0.59229;2
561.82202;137.67667;      -1.75920; 40.85380;80.00000;20.00000;0.59226;2
561.88397;137.69000;      -1.75915; 40.84794;80.00000;20.00000;0.59223;2
561.93903;137.70333;      -1.75947; 40.84209;80.00000;20.00000;0.59221;2
562.01398;137.71667;      -1.75969; 40.83623;80.00000;20.00000;0.59218;2
562.08197;137.73000;      -1.75877; 40.83330;80.00000;20.00000;0.59215;2
562.14398;137.74333;      -1.75935; 40.82940;80.00000;20.00000;0.59212;2
562.21503;137.75667;      -1.75880; 40.82647;80.00000;20.00000;0.59209;2
562.27399;137.77000;      -1.75875; 40.82354;80.00000;20.00000;0.59207;2
562.34497;137.78333;      -1.75884; 40.81963;80.00000;20.00000;0.59204;2
562.40601;137.79667;      -1.75929; 40.81573;80.00000;20.00000;0.59201;2
562.48499;137.81000;      -1.75964; 40.81085;80.00000;20.00000;0.59198;2
562.55200;137.82333;      -1.75910; 40.80597;80.00000;20.00000;0.59195;2
562.61102;137.83667;      -1.75867; 40.80109;80.00000;20.00000;0.59193;2
562.67499;137.85000;      -1.75975; 40.79816;80.00000;20.00000;0.59190;2
562.74902;137.86333;      -1.75896; 40.79523;80.00000;20.00000;0.59187;2
562.80200;137.87667;      -1.76004; 40.79230;80.00000;20.00000;0.59185;2
562.88300;137.89000;      -1.75837; 40.79230;80.00000;20.00000;0.59181;2
562.96198;137.90333;      -1.75772; 40.79523;80.00000;20.00000;0.59178;2
563.01703;137.91667;      -1.75841; 40.79718;80.00000;20.00000;0.59176;2
563.07703;137.93000;      -1.75824; 40.79913;80.00000;20.00000;0.59173;2
563.14099;137.94333;      -1.75794; 40.80109;80.00000;20.00000;0.59171;2
563.21503;137.95667;      -1.75791; 40.80109;80.00000;20.00000;0.59167;2
563.27600;137.97000;      -1.75836; 40.80206;80.00000;20.00000;0.59165;2
563.34198;137.98333;      -1.75857; 40.80304;80.00000;20.00000;0.59162;2
563.40698;137.99667;      -1.75764; 40.80499;80.00000;20.00000;0.59159;2
563.48199;138.01000;      -1.75849; 40.80987;80.00000;20.00000;0.59156;2
563.54901;138.02333;      -1.75794; 40.81378;80.00000;20.00000;0.59154;2
563.61603;138.03667;      -1.75865; 40.81768;80.00000;20.00000;0.59151;2
563.67798;138.05000;      -1.75898; 40.82159;80.00000;20.00000;0.59148;2
563.74200;138.06333;      -1.75843; 40.82451;80.00000;20.00000;0.59146;2
563.81799;138.07667;      -1.75676; 40.82647;80.00000;20.00000;0.59142;2
563.87097;138.09000;      -1.75758; 40.82940;80.00000;20.00000;0.59140;2
563.95099;138.10333;      -1.75831; 40.83135;80.00000;20.00000;0.59137;2
564.02197;138.11667;      -1.75752; 40.83330;80.00000;20.00000;0.59134;2
564.07800;138.13000;      -1.75734; 40.83428;80.00000;20.00000;0.59132;2
564.15100;138.14333;      -1.75667; 40.83623;80.00000;20.00000;0.59128;2
564.21002;138.15667;      -1.75624; 40.83818;80.00000;20.00000;0.59126;2
564.28198;138.17000;      -1.75671; 40.84306;80.00000;20.00000;0.59123;2
564.33899;138.18333;      -1.75728; 40.84794;80.00000;20.00000;0.59121;2
564.40503;138.19667;      -1.75698; 40.85185;80.00000;20.00000;0.59118;2
564.46802;138.21000;      -1.75694; 40.85380;80.00000;20.00000;0.59115;2
564.54102;138.22333;      -1.75741; 40.85575;80.00000;20.00000;0.59112;2
564.61200;138.23667;      -1.75762; 40.85673;80.00000;20.00000;0.59109;2
564.67798;138.25000;      -1.75694; 40.85673;80.00000;20.00000;0.59107;2
564.74402;138.26333;      -1.75740; 40.85478;80.00000;20.00000;0.59104;2
564.81500;138.27667;      -1.75749; 40.85283;80.00000;20.00000;0.59101;2
564.87701;138.29000;      -1.75782; 40.84990;80.00000;20.00000;0.59098;2
564.95001;138.30333;      -1.75690; 40.84794;80.00000;20.00000;0.59095;2
565.01501;138.31667;      -1.75648; 40.84013;80.00000;20.00000;0.59093;2
565.07800;138.33000;      -1.75744; 40.83330;80.00000;20.00000;0.59090;2
565.14801;138.34333;      -1.75702; 40.82549;80.00000;20.00000;0.59087;2
565.21301;138.35667;      -1.75685; 40.81963;80.00000;20.00000;0.59084;2
565.28802;138.37000;      -1.75732; 40.81378;80.00000;20.00000;0.59081;2
565.34399;138.38333;      -1.75752; 40.80597;80.00000;20.00000;0.59079;2
565.40997;138.39667;      -1.75634; 40.79913;80.00000;20.00000;0.59076;2
565.48401;138.41000;      -1.75655; 40.79230;80.00000;20.00000;0.59073;2
565.53497;138.42333;      -1.75662; 40.78644;80.00000;20.00000;0.59071;2
565.61798;138.43667;      -1.75684; 40.78254;80.00000;20.00000;0.59068;2
565.68103;138.45000;      -1.75629; 40.77961;80.00000;20.00000;0.59065;2
565.75098;138.46333;      -1.75587; 40.77766;80.00000;20.00000;0.59062;2
565.81403;138.47667;      -1.75482; 40.77570;80.00000;20.00000;0.59059;2
565.87500;138.49000;      -1.75514; 40.77375;80.00000;20.00000;0.59057;2
565.95099;138.50333;      -1.75448; 40.77082;80.00000;20.00000;0.59054;2
566.01300;138.51667;      -1.75431; 40.76887;80.00000;20.00000;0.59051;2
566.08502;138.53000;      -1.75414; 40.76594;80.00000;20.00000;0.59048;2
566.14001;138.54333;      -1.75396; 40.76301;80.00000;20.00000;0.59046;2
566.20398;138.55667;      -1.75404; 40.76106;80.00000;20.00000;0.59043;2
566.27600;138.57000;      -1.75349; 40.75813;80.00000;20.00000;0.59040;2
566.34399;138.58333;      -1.75358; 40.75423;80.00000;20.00000;0.59037;2
566.41998;138.59667;      -1.75291; 40.75130;80.00000;20.00000;0.59034;2
566.47803;138.61000;      -1.75261; 40.74739;80.00000;20.00000;0.59032;2
566.53998;138.62333;      -1.75281; 40.74349;80.00000;20.00000;0.59029;2
566.61102;138.63667;      -1.75252; 40.73958;80.00000;20.00000;0.59026;2
566.68298;138.65000;      -1.75235; 40.73568;80.00000;20.00000;0.59023;2
566.74902;138.66333;      -1.75206; 40.73275;80.00000;20.00000;0.59021;2
566.82001;138.67667;      -1.75164; 40.72982;80.00000;20.00000;0.59018;2
566.87701;138.69000;      -1.75083; 40.72787;80.00000;20.00000;0.59015;2
566.95203;138.70333;      -1.75067; 40.72689;80.00000;20.00000;0.59012;2
567.01801;138.71667;      -1.75049; 40.72787;80.00000;20.00000;0.59010;2
567.08197;138.73000;      -1.75070; 40.72787;80.00000;20.00000;0.59007;2
567.14001;138.74333;      -1.75027; 40.72787;80.00000;20.00000;0.59004;2
567.21399;138.75667;      -1.75048; 40.72787;80.00000;20.00000;0.59001;2
567.28101;138.77000;      -1.75094; 40.72787;80.00000;20.00000;0.58999;2
567.33698;138.78333;      -1.75013; 40.72689;80.00000;20.00000;0.58996;2
567.40900;138.79667;      -1.74933; 40.72592;80.00000;20.00000;0.58993;2
567.48102;138.81000;      -1.74866; 40.72494;80.00000;20.00000;0.58990;2
567.53802;138.82333;      -1.74949; 40.72299;80.00000;20.00000;0.58988;2
567.61200;138.83667;      -1.74870; 40.72299;80.00000;20.00000;0.58985;2
567.67798;138.85000;      -1.74928; 40.72201;80.00000;20.00000;0.58982;2
567.74500;138.86333;      -1.74911; 40.72104;80.00000;20.00000;0.58979;2
567.81702;138.87667;      -1.74870; 40.72104;80.00000;20.00000;0.58976;2
567.87299;138.89000;      -1.74978; 40.72104;80.00000;20.00000;0.58974;2
567.95300;138.90333;      -1.74937; 40.72006;80.00000;20.00000;0.58971;2
568.01398;138.91667;      -1.74944; 40.71908;80.00000;20.00000;0.58968;2
568.07898;138.93000;      -1.74826; 40.71713;80.00000;20.00000;0.58966;2
568.14398;138.94333;      -1.74859; 40.71615;80.00000;20.00000;0.58963;2
568.20502;138.95667;      -1.74867; 40.71518;80.00000;20.00000;0.58960;2
568.28003;138.97000;      -1.74863; 40.71323;80.00000;20.00000;0.58957;2
568.34399;138.98333;      -1.74896; 40.71323;80.00000;20.00000;0.58955;2
568.41302;138.99667;      -1.74968; 40.71127;80.00000;20.00000;0.58952;2
568.48199;139.01000;      -1.74901; 40.71030;80.00000;20.00000;0.58949;2
568.54498;139.02333;      -1.74908; 40.70932;80.00000;20.00000;0.58946;2
568.61102;139.03667;      -1.74853; 40.70932;80.00000;20.00000;0.58944;2
568.67798;139.05000;      -1.74823; 40.70834;80.00000;20.00000;0.58941;2
568.74902;139.06333;      -1.74908; 40.70834;80.00000;20.00000;0.58938;2
568.81598;139.07667;      -1.74929; 40.70932;80.00000;20.00000;0.58935;2
568.88000;139.09000;      -1.74949; 40.71030;80.00000;20.00000;0.58933;2
568.94501;139.10333;      -1.74919; 40.71030;80.00000;20.00000;0.58930;2
569.01898;139.11667;      -1.74903; 40.70737;80.00000;20.00000;0.58927;2
569.07703;139.13000;      -1.74910; 40.69956;80.00000;20.00000;0.58924;2
569.14001;139.14333;      -1.74918; 40.69077;80.00000;20.00000;0.58922;2
569.21198;139.15667;      -1.74977; 40.67906;80.00000;20.00000;0.58919;2
569.27899;139.17000;      -1.75099; 40.66930;80.00000;20.00000;0.58916;2
569.34601;139.18333;      -1.75032; 40.65758;80.00000;20.00000;0.58913;2
569.40997;139.19667;      -1.75090; 40.64587;80.00000;20.00000;0.58911;2
569.48999;139.21000;      -1.75011; 40.63318;80.00000;20.00000;0.58907;2
569.54901;139.22333;      -1.74955; 40.61853;80.00000;20.00000;0.58905;2
569.61200;139.23667;      -1.75014; 40.60975;80.00000;20.00000;0.58902;2
569.68701;139.25000;      -1.75073; 40.60584;80.00000;20.00000;0.58899;2
569.75702;139.26333;      -1.75057; 40.60487;80.00000;20.00000;0.58896;2
569.82599;139.27667;      -1.74951; 40.60584;80.00000;20.00000;0.58894;2
569.88202;139.29000;      -1.75009; 40.60779;80.00000;20.00000;0.58891;2
569.95502;139.30333;      -1.74967; 40.61658;80.00000;20.00000;0.58888;2
570.02197;139.31667;      -1.74887; 40.63122;80.00000;20.00000;0.58886;2
570.09003;139.33000;      -1.74857; 40.63806;80.00000;20.00000;0.58883;2
570.15997;139.34333;      -1.74929; 40.64880;80.00000;20.00000;0.58880;2
570.21503;139.35667;      -1.74834; 40.65465;80.00000;20.00000;0.58878;2
570.28900;139.37000;      -1.74793; 40.65758;80.00000;20.00000;0.58875;2
570.35400;139.38333;      -1.74725; 40.66246;80.00000;20.00000;0.58872;2
570.41998;139.39667;      -1.74682; 40.66637;80.00000;20.00000;0.58869;2
570.48297;139.41000;      -1.74728; 40.67027;80.00000;20.00000;0.58867;2
570.54602;139.42333;      -1.74596; 40.67125;80.00000;20.00000;0.58864;2
570.62000;139.43667;      -1.74605; 40.67125;80.00000;20.00000;0.58861;2
570.68500;139.45000;      -1.74613; 40.67222;80.00000;20.00000;0.58858;2
570.73901;139.46333;      -1.74569; 40.67222;80.00000;20.00000;0.58856;2
570.81702;139.47667;      -1.74516; 40.67222;80.00000;20.00000;0.58853;2
570.89001;139.49000;      -1.74562; 40.67222;80.00000;20.00000;0.58850;2
570.96002;139.50333;      -1.74546; 40.67222;80.00000;20.00000;0.58847;2
571.02301;139.51667;      -1.74629; 40.67222;80.00000;20.00000;0.58844;2
571.08099;139.53000;      -1.74662; 40.67222;80.00000;20.00000;0.58842;2
571.15198;139.54333;      -1.74645; 40.67222;80.00000;20.00000;0.58839;2
571.21698;139.55667;      -1.74615; 40.67222;80.00000;20.00000;0.58836;2
571.28900;139.57000;      -1.74649; 40.67222;80.00000;20.00000;0.58834;2
571.35199;139.58333;      -1.74581; 40.67222;80.00000;20.00000;0.58831;2
571.41998;139.59667;      -1.74551; 40.67222;80.00000;20.00000;0.58828;2
571.47803;139.61000;      -1.74507; 40.66637;80.00000;20.00000;0.58826;2
571.54498;139.62333;      -1.74554; 40.66344;80.00000;20.00000;0.58823;2
571.61401;139.63667;      -1.74511; 40.66246;80.00000;20.00000;0.58820;2
571.69000;139.65000;      -1.74470; 40.65758;80.00000;20.00000;0.58817;2
571.74402;139.66333;      -1.74476; 40.65270;80.00000;20.00000;0.58815;2
571.82501;139.67667;      -1.74499; 40.64684;80.00000;20.00000;0.58812;2
571.87598;139.69000;      -1.74531; 40.64391;80.00000;20.00000;0.58809;2
571.95203;139.70333;      -1.74502; 40.64001;80.00000;20.00000;0.58806;2
572.00800;139.71667;      -1.74496; 40.63806;80.00000;20.00000;0.58804;2
572.08197;139.73000;      -1.74505; 40.63220;80.00000;20.00000;0.58801;2
572.15698;139.74333;      -1.74463; 40.62829;80.00000;20.00000;0.58798;2
572.21301;139.75667;      -1.74420; 40.62439;80.00000;20.00000;0.58796;2
572.28900;139.77000;      -1.74441; 40.62146;80.00000;20.00000;0.58793;2
572.34497;139.78333;      -1.74575; 40.61658;80.00000;20.00000;0.58790;2
572.42401;139.79667;      -1.74547; 40.61268;80.00000;20.00000;0.58787;2
572.47900;139.81000;      -1.74515; 40.60975;80.00000;20.00000;0.58785;2
572.54498;139.82333;      -1.74536; 40.60584;80.00000;20.00000;0.58782;2
572.60797;139.83667;      -1.74518; 40.60389;80.00000;20.00000;0.58779;2
572.67700;139.85000;      -1.74527; 40.60194;80.00000;20.00000;0.58777;2
572.75000;139.86333;      -1.74497; 40.60487;80.00000;20.00000;0.58774;2
572.82202;139.87667;      -1.74494; 40.60682;80.00000;20.00000;0.58771;2
572.88898;139.89000;      -1.74476; 40.60877;80.00000;20.00000;0.58768;2
572.95099;139.90333;      -1.74497; 40.61170;80.00000;20.00000;0.58765;2
573.03101;139.91667;      -1.74532; 40.61463;80.00000;20.00000;0.58762;2
573.08899;139.93000;      -1.74551; 40.61756;80.00000;20.00000;0.58760;2
573.16101;139.94333;      -1.74484; 40.62146;80.00000;20.00000;0.58757;2
573.21698;139.95667;      -1.74465; 40.62341;80.00000;20.00000;0.58755;2
573.29303;139.97000;      -1.74411; 40.62439;80.00000;20.00000;0.58751;2
573.35101;139.98333;      -1.74431; 40.62439;80.00000;20.00000;0.58749;2
573.42902;139.99667;      -1.74428; 40.62048;80.00000;20.00000;0.58746;2
573.48700;140.01000;      -1.74422; 40.61463;80.00000;20.00000;0.58743;2
573.55200;140.02333;      -1.74367; 40.60779;80.00000;20.00000;0.58741;2
573.61603;140.03667;      -1.74349; 40.60194;80.00000;20.00000;0.58738;2
573.69202;140.05000;      -1.74295; 40.59413;80.00000;20.00000;0.58735;2
573.75500;140.06333;      -1.74252; 40.58827;80.00000;20.00000;0.58733;2
573.82098;140.07667;      -1.74234; 40.58241;80.00000;20.00000;0.58730;2
573.88599;140.09000;      -1.74255; 40.57558;80.00000;20.00000;0.58727;2
573.95300;140.10333;      -1.74263; 40.57070;80.00000;20.00000;0.58724;2
574.02399;140.11667;      -1.74284; 40.56582;80.00000;20.00000;0.58722;2
574.08801;140.13000;      -1.74241; 40.56386;80.00000;20.00000;0.58719;2
574.15100;140.14333;      -1.74198; 40.56191;80.00000;20.00000;0.58716;2
574.21899;140.15667;      -1.74004; 40.56289;80.00000;20.00000;0.58714;2
574.28900;140.17000;      -1.74025; 40.56582;80.00000;20.00000;0.58711;2
574.35699;140.18333;      -1.73957; 40.56875;80.00000;20.00000;0.58708;2
574.41998;140.19667;      -1.74028; 40.57265;80.00000;20.00000;0.58705;2
574.49500;140.21000;      -1.74113; 40.57460;80.00000;20.00000;0.58702;2
574.55200;140.22333;      -1.74133; 40.57656;80.00000;20.00000;0.58700;2
574.62000;140.23667;      -1.74052; 40.57851;80.00000;20.00000;0.58697;2
574.69202;140.25000;      -1.74035; 40.57851;80.00000;20.00000;0.58694;2
574.75098;140.26333;      -1.73992; 40.57948;80.00000;20.00000;0.58692;2
574.82501;140.27667;      -1.74001; 40.57948;80.00000;20.00000;0.58689;2
574.88800;140.29000;      -1.74034; 40.57948;80.00000;20.00000;0.58686;2
574.96399;140.30333;      -1.73954; 40.57948;80.00000;20.00000;0.58683;2
575.01501;140.31667;      -1.74011; 40.57948;80.00000;20.00000;0.58681;2
575.08502;140.33000;      -1.73956; 40.57948;80.00000;20.00000;0.58678;2
575.15198;140.34333;      -1.73913; 40.57948;80.00000;20.00000;0.58676;2
575.22198;140.35667;      -1.73858; 40.57948;80.00000;20.00000;0.58673;2
575.28302;140.37000;      -1.73827; 40.57948;80.00000;20.00000;0.58670;2
575.35901;140.38333;      -1.73875; 40.57948;80.00000;20.00000;0.58667;2
575.41199;140.39667;      -1.73919; 40.57851;80.00000;20.00000;0.58665;2
575.47998;140.41000;      -1.73839; 40.57656;80.00000;20.00000;0.58662;2
575.54797;140.42333;      -1.73809; 40.57558;80.00000;20.00000;0.58659;2
575.61499;140.43667;      -1.73779; 40.57363;80.00000;20.00000;0.58657;2
575.68701;140.45000;      -1.73775; 40.57265;80.00000;20.00000;0.58654;2
575.74701;140.46333;      -1.73795; 40.57167;80.00000;20.00000;0.58651;2
575.81702;140.47667;      -1.73778; 40.56484;80.00000;20.00000;0.58648;2
575.88800;140.49000;      -1.73837; 40.55996;80.00000;20.00000;0.58646;2
575.95801;140.50333;      -1.73845; 40.55508;80.00000;20.00000;0.58643;2
576.02100;140.51667;      -1.73815; 40.55020;80.00000;20.00000;0.58640;2
576.08698;140.53000;      -1.73886; 40.54629;80.00000;20.00000;0.58638;2
576.15399;140.54333;      -1.73894; 40.54239;80.00000;20.00000;0.58635;2
576.22400;140.55667;      -1.73852; 40.53946;80.00000;20.00000;0.58632;2
576.28302;140.57000;      -1.73758; 40.53751;80.00000;20.00000;0.58630;2
576.35101;140.58333;      -1.73804; 40.53653;80.00000;20.00000;0.58627;2
576.42297;140.59667;      -1.73762; 40.53751;80.00000;20.00000;0.58624;2
576.48700;140.61000;      -1.73693; 40.53555;80.00000;20.00000;0.58621;2
576.54901;140.62333;      -1.73815; 40.53458;80.00000;20.00000;0.58619;2
576.61798;140.63667;      -1.73836; 40.53360;80.00000;20.00000;0.58616;2
576.69000;140.65000;      -1.73896; 40.53165;80.00000;20.00000;0.58613;2
576.75201;140.66333;      -1.73890; 40.52970;80.00000;20.00000;0.58610;2
576.81097;140.67667;      -1.73834; 40.52774;80.00000;20.00000;0.58608;2
576.88800;140.69000;      -1.73856; 40.52384;80.00000;20.00000;0.58605;2
576.94897;140.70333;      -1.73927; 40.51993;80.00000;20.00000;0.58602;2
577.01501;140.71667;      -1.73947; 40.51701;80.00000;20.00000;0.58600;2
577.09198;140.73000;      -1.73893; 40.51310;80.00000;20.00000;0.58597;2
577.15997;140.74333;      -1.73876; 40.51017;80.00000;20.00000;0.58594;2
577.21600;140.75667;      -1.73832; 40.50627;80.00000;20.00000;0.58592;2
577.28601;140.77000;      -1.73840; 40.50236;80.00000;20.00000;0.58589;2
577.34998;140.78333;      -1.73950; 40.49846;80.00000;20.00000;0.58586;2
577.41101;140.79667;      -1.73792; 40.49553;80.00000;20.00000;0.58584;2
577.48297;140.81000;      -1.73762; 40.49358;80.00000;20.00000;0.58581;2
577.55798;140.82333;      -1.73822; 40.49065;80.00000;20.00000;0.58578;2
577.61700;140.83667;      -1.73791; 40.49455;80.00000;20.00000;0.58575;2
577.68500;140.85000;      -1.73774; 40.49748;80.00000;20.00000;0.58573;2
577.75800;140.86333;      -1.73795; 40.50139;80.00000;20.00000;0.58570;2
577.81500;140.87667;      -1.73764; 40.50724;80.00000;20.00000;0.58567;2
577.88098;140.89000;      -1.73759; 40.51115;80.00000;20.00000;0.58565;2
577.95502;140.90333;      -1.73730; 40.51408;80.00000;20.00000;0.58562;2
578.00598;140.91667;      -1.73685; 40.51603;80.00000;20.00000;0.58560;2
578.08301;140.93000;      -1.73669; 40.51798;80.00000;20.00000;0.58557;2
578.15601;140.94333;      -1.73614; 40.51896;80.00000;20.00000;0.58554;2
578.20898;140.95667;      -1.73582; 40.51993;80.00000;20.00000;0.58551;2
578.28302;140.97000;      -1.73629; 40.51798;80.00000;20.00000;0.58548;2
578.35199;140.98333;      -1.73676; 40.51408;80.00000;20.00000;0.58546;2
578.42401;140.99667;      -1.73608; 40.50822;80.00000;20.00000;0.58543;2
578.48999;141.01000;      -1.73642; 40.50334;80.00000;20.00000;0.58540;2
578.55701;141.02333;      -1.73675; 40.49943;80.00000;20.00000;0.58537;2
578.62201;141.03667;      -1.73759; 40.49455;80.00000;20.00000;0.58535;2
578.68903;141.05000;      -1.73742; 40.49065;80.00000;20.00000;0.58532;2
578.76398;141.06333;      -1.73700; 40.48772;80.00000;20.00000;0.58529;2
578.81598;141.07667;      -1.73732; 40.48577;80.00000;20.00000;0.58527;2
578.88501;141.09000;      -1.73765; 40.48186;80.00000;20.00000;0.58524;2
578.95697;141.10333;      -1.73761; 40.47796;80.00000;20.00000;0.58521;2
579.02899;141.11667;      -1.73757; 40.47503;80.00000;20.00000;0.58518;2
579.09900;141.13000;      -1.73727; 40.47210;80.00000;20.00000;0.58515;2
579.15698;141.14333;      -1.73658; 40.47015;80.00000;20.00000;0.58513;2
579.22601;141.15667;      -1.73692; 40.46722;80.00000;20.00000;0.58510;2
579.28400;141.17000;      -1.73699; 40.46527;80.00000;20.00000;0.58508;2
579.35699;141.18333;      -1.73656; 40.46234;80.00000;20.00000;0.58505;2
579.42700;141.19667;      -1.73576; 40.46039;80.00000;20.00000;0.58502;2
579.48999;141.21000;      -1.73609; 40.45843;80.00000;20.00000;0.58500;2
579.55402;141.22333;      -1.73655; 40.45550;80.00000;20.00000;0.58497;2
579.62097;141.23667;      -1.73637; 40.45355;80.00000;20.00000;0.58494;2
579.69202;141.25000;      -1.73658; 40.45160;80.00000;20.00000;0.58491;2
579.76099;141.26333;      -1.73654; 40.44867;80.00000;20.00000;0.58489;2
579.82599;141.27667;      -1.73674; 40.44574;80.00000;20.00000;0.58486;2
579.89801;141.29000;      -1.73645; 40.44379;80.00000;20.00000;0.58483;2
579.95398;141.30333;      -1.73728; 40.44184;80.00000;20.00000;0.58481;2
580.02301;141.31667;      -1.73609; 40.43988;80.00000;20.00000;0.58478;2
580.09601;141.33000;      -1.73618; 40.43988;80.00000;20.00000;0.58475;2
580.16699;141.34333;      -1.73562; 40.44281;80.00000;20.00000;0.58472;2
580.22498;141.35667;      -1.73518; 40.44574;80.00000;20.00000;0.58470;2
580.29700;141.37000;      -1.73527; 40.44672;80.00000;20.00000;0.58467;2
580.36401;141.38333;      -1.73484; 40.44965;80.00000;20.00000;0.58464;2
580.42700;141.39667;      -1.73428; 40.45258;80.00000;20.00000;0.58462;2
580.49103;141.41000;      -1.73397; 40.45550;80.00000;20.00000;0.58459;2
580.55798;141.42333;      -1.73354; 40.45648;80.00000;20.00000;0.58457;2
580.61902;141.43667;      -1.73324; 40.45746;80.00000;20.00000;0.58454;2
580.69397;141.45000;      -1.73307; 40.45746;80.00000;20.00000;0.58451;2
580.75500;141.46333;      -1.73289; 40.45648;80.00000;20.00000;0.58449;2
580.82001;141.47667;      -1.73233; 40.45453;80.00000;20.00000;0.58446;2
580.88898;141.49000;      -1.73190; 40.45355;80.00000;20.00000;0.58443;2
580.95203;141.50333;      -1.73210; 40.45062;80.00000;20.00000;0.58441;2
581.02502;141.51667;      -1.73219; 40.44672;80.00000;20.00000;0.58438;2
581.08398;141.53000;      -1.73264; 40.44184;80.00000;20.00000;0.58435;2
581.15100;141.54333;      -1.73247; 40.43696;80.00000;20.00000;0.58433;2
581.22302;141.55667;      -1.73255; 40.43110;80.00000;20.00000;0.58430;2
581.29303;141.57000;      -1.73328; 40.42622;80.00000;20.00000;0.58427;2
581.34998;141.58333;      -1.73334; 40.42329;80.00000;20.00000;0.58425;2
581.42297;141.59667;      -1.73356; 40.42134;80.00000;20.00000;0.58422;2
581.49500;141.61000;      -1.73428; 40.42036;80.00000;20.00000;0.58419;2
581.55402;141.62333;      -1.73448; 40.41841;80.00000;20.00000;0.58416;2
581.62903;141.63667;      -1.73470; 40.41646;80.00000;20.00000;0.58413;2
581.69098;141.65000;      -1.73477; 40.41450;80.00000;20.00000;0.58411;2
581.75000;141.66333;      -1.73357; 40.41353;80.00000;20.00000;0.58409;2
581.81500;141.67667;      -1.73428; 40.41255;80.00000;20.00000;0.58406;2
581.88397;141.69000;      -1.73385; 40.41255;80.00000;20.00000;0.58403;2
581.94702;141.70333;      -1.73342; 40.41548;80.00000;20.00000;0.58401;2
582.00800;141.71667;      -1.73336; 40.42134;80.00000;20.00000;0.58398;2
582.08801;141.73000;      -1.73346; 40.42817;80.00000;20.00000;0.58395;2
582.15698;141.74333;      -1.73354; 40.43403;80.00000;20.00000;0.58392;2
582.23700;141.75667;      -1.73338; 40.43891;80.00000;20.00000;0.58389;2
582.29401;141.77000;      -1.73370; 40.44477;80.00000;20.00000;0.58387;2
582.36102;141.78333;      -1.73302; 40.45453;80.00000;20.00000;0.58384;2
582.42499;141.79667;      -1.73310; 40.46429;80.00000;20.00000;0.58381;2
582.48999;141.81000;      -1.73368; 40.47503;80.00000;20.00000;0.58379;2
582.56598;141.82333;      -1.73365; 40.48186;80.00000;20.00000;0.58376;2
582.63202;141.83667;      -1.73321; 40.48674;80.00000;20.00000;0.58373;2
582.69501;141.85000;      -1.73316; 40.48870;80.00000;20.00000;0.58371;2
582.76501;141.86333;      -1.73222; 40.48870;80.00000;20.00000;0.58368;2
582.82397;141.87667;      -1.73191; 40.48186;80.00000;20.00000;0.58365;2
582.89697;141.89000;      -1.73136; 40.47600;80.00000;20.00000;0.58362;2
582.95099;141.90333;      -1.73155; 40.46624;80.00000;20.00000;0.58360;2
583.01801;141.91667;      -1.73176; 40.45843;80.00000;20.00000;0.58358;2
583.08502;141.93000;      -1.73197; 40.44965;80.00000;20.00000;0.58355;2
583.15900;141.94333;      -1.73155; 40.43891;80.00000;20.00000;0.58352;2
583.21698;141.95667;      -1.73085; 40.42524;80.00000;20.00000;0.58350;2
583.29199;141.97000;      -1.73068; 40.41548;80.00000;20.00000;0.58347;2
583.35999;141.98333;      -1.73076; 40.40181;80.00000;20.00000;0.58344;2
583.41901;141.99667;      -1.73032; 40.38912;80.00000;20.00000;0.58342;2
583.48199;142.01000;      -1.73027; 40.38229;80.00000;20.00000;0.58339;2
583.54199;142.02333;      -1.72996; 40.37741;80.00000;20.00000;0.58337;2
583.62000;142.03667;      -1.72941; 40.37350;80.00000;20.00000;0.58334;2
583.68402;142.05000;      -1.73000; 40.37057;80.00000;20.00000;0.58331;2
583.74402;142.06333;      -1.73058; 40.36960;80.00000;20.00000;0.58329;2
583.81201;142.07667;      -1.73053; 40.36667;80.00000;20.00000;0.58326;2
583.88397;142.09000;      -1.73062; 40.36472;80.00000;20.00000;0.58323;2
583.95203;142.10333;      -1.73057; 40.35983;80.00000;20.00000;0.58320;2
584.02002;142.11667;      -1.73014; 40.35593;80.00000;20.00000;0.58317;2
584.08502;142.13000;      -1.73009; 40.34324;80.00000;20.00000;0.58315;2
584.15399;142.14333;      -1.73068; 40.33348;80.00000;20.00000;0.58312;2
584.21503;142.15667;      -1.73037; 40.32274;80.00000;20.00000;0.58310;2
584.28601;142.17000;      -1.73046; 40.31200;80.00000;20.00000;0.58307;2
584.34698;142.18333;      -1.73040; 40.30224;80.00000;20.00000;0.58304;2
584.41498;142.19667;      -1.73061; 40.29540;80.00000;20.00000;0.58302;2
584.48401;142.21000;      -1.73095; 40.29052;80.00000;20.00000;0.58299;2
584.54498;142.22333;      -1.73128; 40.28564;80.00000;20.00000;0.58296;2
584.61298;142.23667;      -1.73123; 40.28857;80.00000;20.00000;0.58294;2
584.68402;142.25000;      -1.73068; 40.29443;80.00000;20.00000;0.58291;2
584.75598;142.26333;      -1.73063; 40.30126;80.00000;20.00000;0.58288;2
584.81702;142.27667;      -1.73122; 40.30614;80.00000;20.00000;0.58286;2
584.88397;142.29000;      -1.73155; 40.32079;80.00000;20.00000;0.58283;2
584.96002;142.30333;      -1.73075; 40.33445;80.00000;20.00000;0.58280;2
585.01703;142.31667;      -1.73018; 40.34226;80.00000;20.00000;0.58278;2
585.08099;142.33000;      -1.73012; 40.35398;80.00000;20.00000;0.58275;2
585.14801;142.34333;      -1.73059; 40.35788;80.00000;20.00000;0.58272;2
585.21600;142.35667;      -1.73041; 40.36179;80.00000;20.00000;0.58270;2
585.28802;142.37000;      -1.73011; 40.37057;80.00000;20.00000;0.58267;2
585.35498;142.38333;      -1.73032; 40.37350;80.00000;20.00000;0.58264;2
585.41803;142.39667;      -1.73001; 40.37741;80.00000;20.00000;0.58262;2
585.49298;142.41000;      -1.73036; 40.37936;80.00000;20.00000;0.58259;2
585.55902;142.42333;      -1.73082; 40.38229;80.00000;20.00000;0.58256;2
585.62598;142.43667;      -1.73154; 40.38619;80.00000;20.00000;0.58253;2
585.69397;142.45000;      -1.73187; 40.38814;80.00000;20.00000;0.58251;2
585.75000;142.46333;      -1.73156; 40.37155;80.00000;20.00000;0.58248;2
585.81897;142.47667;      -1.73202; 40.36179;80.00000;20.00000;0.58246;2
585.88300;142.49000;      -1.73274; 40.35593;80.00000;20.00000;0.58243;2
585.96100;142.50333;      -1.73283; 40.34617;80.00000;20.00000;0.58240;2
586.02698;142.51667;      -1.73240; 40.34226;80.00000;20.00000;0.58237;2
586.08801;142.53000;      -1.73209; 40.33445;80.00000;20.00000;0.58235;2
586.15198;142.54333;      -1.73242; 40.32957;80.00000;20.00000;0.58232;2
586.21399;142.55667;      -1.73262; 40.31981;80.00000;20.00000;0.58230;2
586.28802;142.57000;      -1.73322; 40.31102;80.00000;20.00000;0.58227;2
586.35498;142.58333;      -1.73253; 40.30419;80.00000;20.00000;0.58224;2
586.41998;142.59667;      -1.73286; 40.29736;80.00000;20.00000;0.58222;2
586.49402;142.61000;      -1.73231; 40.29345;80.00000;20.00000;0.58219;2
586.55499;142.62333;      -1.73213; 40.29052;80.00000;20.00000;0.58216;2
586.62000;142.63667;      -1.73246; 40.28759;80.00000;20.00000;0.58214;2
586.68500;142.65000;      -1.73254; 40.28662;80.00000;20.00000;0.58211;2
586.75403;142.66333;      -1.73249; 40.28369;80.00000;20.00000;0.58208;2
586.82703;142.67667;      -1.73232; 40.28271;80.00000;20.00000;0.58205;2
586.88300;142.69000;      -1.73226; 40.27978;80.00000;20.00000;0.58203;2
586.95801;142.70333;      -1.73273; 40.28076;80.00000;20.00000;0.58200;2
587.02698;142.71667;      -1.73256; 40.28467;80.00000;20.00000;0.58197;2
587.08698;142.73000;      -1.73237; 40.28662;80.00000;20.00000;0.58195;2
587.15997;142.74333;      -1.73233; 40.28857;80.00000;20.00000;0.58192;2
587.22601;142.75667;      -1.73267; 40.28857;80.00000;20.00000;0.58190;2
587.28497;142.77000;      -1.73261; 40.28759;80.00000;20.00000;0.58187;2
587.35303;142.78333;      -1.73282; 40.28759;80.00000;20.00000;0.58185;2
587.42297;142.79667;      -1.73200; 40.28759;80.00000;20.00000;0.58182;2
587.50000;142.81000;      -1.73158; 40.28857;80.00000;20.00000;0.58179;2
587.56403;142.82333;      -1.73204; 40.28955;80.00000;20.00000;0.58176;2
587.63397;142.83667;      -1.73277; 40.29052;80.00000;20.00000;0.58173;2
587.69202;142.85000;      -1.73283; 40.29052;80.00000;20.00000;0.58171;2
587.76300;142.86333;      -1.73266; 40.28955;80.00000;20.00000;0.58168;2
587.82599;142.87667;      -1.73248; 40.28955;80.00000;20.00000;0.58166;2
587.89697;142.89000;      -1.73205; 40.28759;80.00000;20.00000;0.58163;2
587.95502;142.90333;      -1.73122; 40.28369;80.00000;20.00000;0.58161;2
588.02802;142.91667;      -1.73169; 40.27978;80.00000;20.00000;0.58158;2
588.08801;142.93000;      -1.73074; 40.27588;80.00000;20.00000;0.58155;2
588.15698;142.94333;      -1.72967; 40.27197;80.00000;20.00000;0.58153;2
588.22601;142.95667;      -1.72885; 40.26905;80.00000;20.00000;0.58150;2
588.29602;142.97000;      -1.72894; 40.26416;80.00000;20.00000;0.58147;2
588.35101;142.98333;      -1.72964; 40.25928;80.00000;20.00000;0.58145;2
588.42499;142.99667;      -1.72806; 40.25538;80.00000;20.00000;0.58142;2
588.48999;143.01000;      -1.72737; 40.25050;80.00000;20.00000;0.58139;2
588.55603;143.02333;      -1.72796; 40.24659;80.00000;20.00000;0.58137;2
588.61700;143.03667;      -1.72855; 40.24366;80.00000;20.00000;0.58134;2
588.68597;143.05000;      -1.72799; 40.24074;80.00000;20.00000;0.58132;2
588.76001;143.06333;      -1.72820; 40.23976;80.00000;20.00000;0.58129;2
588.82501;143.07667;      -1.72790; 40.23878;80.00000;20.00000;0.58126;2
588.89899;143.09000;      -1.72786; 40.23878;80.00000;20.00000;0.58123;2
588.96802;143.10333;      -1.72858; 40.23781;80.00000;20.00000;0.58120;2
589.02802;143.11667;      -1.72878; 40.23781;80.00000;20.00000;0.58118;2
589.09802;143.13000;      -1.72950; 40.23585;80.00000;20.00000;0.58115;2
589.16101;143.14333;      -1.72945; 40.23585;80.00000;20.00000;0.58113;2
589.22699;143.15667;      -1.72939; 40.23390;80.00000;20.00000;0.58110;2
589.29700;143.17000;      -1.72884; 40.23390;80.00000;20.00000;0.58107;2
589.35797;143.18333;      -1.72827; 40.23000;80.00000;20.00000;0.58105;2
589.42401;143.19667;      -1.72822; 40.22804;80.00000;20.00000;0.58102;2
589.49701;143.21000;      -1.72805; 40.22609;80.00000;20.00000;0.58099;2
589.55798;143.22333;      -1.72863; 40.22414;80.00000;20.00000;0.58097;2
589.62500;143.23667;      -1.72897; 40.22121;80.00000;20.00000;0.58094;2
589.68500;143.25000;      -1.72814; 40.21828;80.00000;20.00000;0.58092;2
589.75000;143.26333;      -1.72873; 40.21535;80.00000;20.00000;0.58089;2
589.82599;143.27667;      -1.72882; 40.21243;80.00000;20.00000;0.58086;2
589.88898;143.29000;      -1.72851; 40.21145;80.00000;20.00000;0.58084;2
589.95898;143.30333;      -1.72949; 40.21340;80.00000;20.00000;0.58081;2
590.02399;143.31667;      -1.73072; 40.21535;80.00000;20.00000;0.58079;2
590.09198;143.33000;      -1.73131; 40.21633;80.00000;20.00000;0.58076;2
590.16498;143.34333;      -1.73127; 40.21243;80.00000;20.00000;0.58073;2
590.22302;143.35667;      -1.73236; 40.20559;80.00000;20.00000;0.58071;2
590.29498;143.37000;      -1.73194; 40.19583;80.00000;20.00000;0.58068;2
590.34698;143.38333;      -1.73174; 40.18509;80.00000;20.00000;0.58066;2
590.41998;143.39667;      -1.73183; 40.17631;80.00000;20.00000;0.58063;2
590.48602;143.41000;      -1.73255; 40.17045;80.00000;20.00000;0.58060;2
590.55798;143.42333;      -1.73289; 40.16654;80.00000;20.00000;0.58057;2
590.62799;143.43667;      -1.73194; 40.16264;80.00000;20.00000;0.58055;2
590.68799;143.45000;      -1.73150; 40.16069;80.00000;20.00000;0.58052;2
590.75403;143.46333;      -1.73222; 40.16557;80.00000;20.00000;0.58050;2
590.82397;143.47667;      -1.73218; 40.17728;80.00000;20.00000;0.58047;2
590.89301;143.49000;      -1.73315; 40.18802;80.00000;20.00000;0.58044;2
590.96399;143.50333;      -1.73273; 40.19778;80.00000;20.00000;0.58041;2
591.02698;143.51667;      -1.73293; 40.20657;80.00000;20.00000;0.58039;2
591.09601;143.53000;      -1.73365; 40.21243;80.00000;20.00000;0.58036;2
591.15997;143.54333;      -1.73450; 40.21535;80.00000;20.00000;0.58034;2
591.23297;143.55667;      -1.73381; 40.21535;80.00000;20.00000;0.58031;2
591.29303;143.57000;      -1.73388; 40.21633;80.00000;20.00000;0.58028;2
591.36401;143.58333;      -1.73345; 40.21535;80.00000;20.00000;0.58026;2
591.43298;143.59667;      -1.73366; 40.21438;80.00000;20.00000;0.58023;2
591.50000;143.61000;      -1.73297; 40.21340;80.00000;20.00000;0.58020;2
591.55902;143.62333;      -1.73343; 40.20754;80.00000;20.00000;0.58018;2
591.63397;143.63667;      -1.73390; 40.20169;80.00000;20.00000;0.58015;2
591.69800;143.65000;      -1.73346; 40.19290;80.00000;20.00000;0.58012;2
591.75897;143.66333;      -1.73315; 40.18411;80.00000;20.00000;0.58010;2
591.84003;143.67667;      -1.73234; 40.17923;80.00000;20.00000;0.58007;2
591.90002;143.69000;      -1.73113; 40.17533;80.00000;20.00000;0.58005;2
591.96503;143.70333;      -1.73121; 40.17826;80.00000;20.00000;0.58002;2
592.02899;143.71667;      -1.73103; 40.19290;80.00000;20.00000;0.57999;2
592.09900;143.73000;      -1.73072; 40.20852;80.00000;20.00000;0.57997;2
592.16803;143.74333;      -1.73068; 40.22219;80.00000;20.00000;0.57994;2
592.23199;143.75667;      -1.73024; 40.23390;80.00000;20.00000;0.57991;2
592.29700;143.77000;      -1.73070; 40.24269;80.00000;20.00000;0.57989;2
592.35699;143.78333;      -1.72987; 40.24757;80.00000;20.00000;0.57987;2
592.42902;143.79667;      -1.72970; 40.24757;80.00000;20.00000;0.57984;2
592.50098;143.81000;      -1.72978; 40.24269;80.00000;20.00000;0.57981;2
592.56000;143.82333;      -1.73011; 40.23195;80.00000;20.00000;0.57979;2
592.63202;143.83667;      -1.73071; 40.22414;80.00000;20.00000;0.57976;2
592.69098;143.85000;      -1.73142; 40.21633;80.00000;20.00000;0.57973;2
592.76398;143.86333;      -1.73125; 40.21243;80.00000;20.00000;0.57971;2
592.83698;143.87667;      -1.73043; 40.20462;80.00000;20.00000;0.57968;2
592.90302;143.89000;      -1.73000; 40.19778;80.00000;20.00000;0.57965;2
592.96301;143.90333;      -1.73020; 40.18997;80.00000;20.00000;0.57963;2
593.03003;143.91667;      -1.73066; 40.18509;80.00000;20.00000;0.57960;2
593.09399;143.93000;      -1.73074; 40.18119;80.00000;20.00000;0.57958;2
593.15997;143.94333;      -1.73056; 40.17826;80.00000;20.00000;0.57955;2
593.22998;143.95667;      -1.73128; 40.17533;80.00000;20.00000;0.57952;2
593.29303;143.97000;      -1.73046; 40.17240;80.00000;20.00000;0.57950;2
593.37402;143.98333;      -1.73106; 40.17338;80.00000;20.00000;0.57947;2
593.43500;143.99667;      -1.73114; 40.17631;80.00000;20.00000;0.57944;2
593.50299;144.01000;      -1.73083; 40.17826;80.00000;20.00000;0.57941;2
593.57599;144.02333;      -1.73002; 40.18021;80.00000;20.00000;0.57939;2
593.63202;144.03667;      -1.73034; 40.18216;80.00000;20.00000;0.57936;2
593.69897;144.05000;      -1.73016; 40.18314;80.00000;20.00000;0.57934;2
593.76599;144.06333;      -1.72985; 40.18509;80.00000;20.00000;0.57931;2
593.83398;144.07667;      -1.72916; 40.18802;80.00000;20.00000;0.57928;2
593.90601;144.09000;      -1.72873; 40.19192;80.00000;20.00000;0.57926;2
593.97601;144.10333;      -1.72869; 40.19485;80.00000;20.00000;0.57923;2
594.03003;144.11667;      -1.72875; 40.19876;80.00000;20.00000;0.57921;2
594.10199;144.13000;      -1.72909; 40.20169;80.00000;20.00000;0.57918;2
594.16998;144.14333;      -1.72891; 40.20559;80.00000;20.00000;0.57915;2
594.24597;144.15667;      -1.72836; 40.20754;80.00000;20.00000;0.57912;2
594.30798;144.17000;      -1.72869; 40.20950;80.00000;20.00000;0.57910;2
594.36499;144.18333;      -1.72875; 40.20657;80.00000;20.00000;0.57908;2
594.43597;144.19667;      -1.72781; 40.20266;80.00000;20.00000;0.57905;2
594.50702;144.21000;      -1.72802; 40.19778;80.00000;20.00000;0.57902;2
594.57001;144.22333;      -1.72809; 40.19583;80.00000;20.00000;0.57900;2
594.63702;144.23667;      -1.72779; 40.19192;80.00000;20.00000;0.57897;2
594.69897;144.25000;      -1.72696; 40.18900;80.00000;20.00000;0.57895;2
594.76501;144.26333;      -1.72704; 40.18607;80.00000;20.00000;0.57892;2
594.84399;144.27667;      -1.72661; 40.18119;80.00000;20.00000;0.57889;2
594.91302;144.29000;      -1.72734; 40.17631;80.00000;20.00000;0.57886;2
594.96399;144.30333;      -1.72765; 40.17142;80.00000;20.00000;0.57884;2
595.04102;144.31667;      -1.72762; 40.16166;80.00000;20.00000;0.57881;2
595.10400;144.33000;      -1.72782; 40.15288;80.00000;20.00000;0.57879;2
595.17102;144.34333;      -1.72815; 40.14507;80.00000;20.00000;0.57876;2
595.23798;144.35667;      -1.72849; 40.13823;80.00000;20.00000;0.57873;2
595.29797;144.37000;      -1.72882; 40.13335;80.00000;20.00000;0.57871;2
595.36603;144.38333;      -1.72851; 40.12847;80.00000;20.00000;0.57868;2
595.44202;144.39667;      -1.72808; 40.12554;80.00000;20.00000;0.57865;2
595.50598;144.41000;      -1.72842; 40.12164;80.00000;20.00000;0.57863;2
595.58099;144.42333;      -1.72889; 40.11773;80.00000;20.00000;0.57860;2
595.64697;144.43667;      -1.72845; 40.11383;80.00000;20.00000;0.57857;2
595.70801;144.45000;      -1.72891; 40.11090;80.00000;20.00000;0.57855;2
595.77002;144.46333;      -1.72873; 40.10797;80.00000;20.00000;0.57853;2
595.83899;144.47667;      -1.72932; 40.10504;80.00000;20.00000;0.57850;2
595.90900;144.49000;      -1.72850; 40.10114;80.00000;20.00000;0.57847;2
595.97803;144.50333;      -1.72832; 40.09821;80.00000;20.00000;0.57844;2
596.03400;144.51667;      -1.72852; 40.09528;80.00000;20.00000;0.57842;2
596.11298;144.53000;      -1.72797; 40.09235;80.00000;20.00000;0.57839;2
596.17798;144.54333;      -1.72817; 40.08942;80.00000;20.00000;0.57837;2
596.24298;144.55667;      -1.72889; 40.08845;80.00000;20.00000;0.57834;2
596.30499;144.57000;      -1.72896; 40.08747;80.00000;20.00000;0.57832;2
596.37598;144.58333;      -1.72827; 40.08552;80.00000;20.00000;0.57829;2
596.43701;144.59667;      -1.72873; 40.08356;80.00000;20.00000;0.57827;2
596.50403;144.61000;      -1.72894; 40.08161;80.00000;20.00000;0.57824;2
596.58197;144.62333;      -1.72877; 40.07966;80.00000;20.00000;0.57821;2
596.63898;144.63667;      -1.72858; 40.07771;80.00000;20.00000;0.57819;2
596.71301;144.65000;      -1.72841; 40.07575;80.00000;20.00000;0.57816;2
596.77100;144.66333;      -1.72848; 40.07478;80.00000;20.00000;0.57814;2
596.84497;144.67667;      -1.72779; 40.07771;80.00000;20.00000;0.57811;2
596.90802;144.69000;      -1.72658; 40.08064;80.00000;20.00000;0.57808;2
596.97101;144.70333;      -1.72678; 40.08552;80.00000;20.00000;0.57806;2
597.05200;144.71667;      -1.72726; 40.09626;80.00000;20.00000;0.57803;2
597.11700;144.73000;      -1.72875; 40.10699;80.00000;20.00000;0.57800;2
597.17700;144.74333;      -1.72753; 40.11871;80.00000;20.00000;0.57798;2
597.24597;144.75667;      -1.72774; 40.13042;80.00000;20.00000;0.57795;2
597.31598;144.77000;      -1.72795; 40.13530;80.00000;20.00000;0.57792;2
597.38000;144.78333;      -1.72841; 40.13921;80.00000;20.00000;0.57790;2
597.44397;144.79667;      -1.72784; 40.14214;80.00000;20.00000;0.57787;2
597.52002;144.81000;      -1.72819; 40.14507;80.00000;20.00000;0.57784;2
597.57703;144.82333;      -1.72787; 40.14604;80.00000;20.00000;0.57782;2
597.64899;144.83667;      -1.72783; 40.14604;80.00000;20.00000;0.57779;2
597.71698;144.85000;      -1.72803; 40.14409;80.00000;20.00000;0.57777;2
597.77802;144.86333;      -1.72836; 40.14214;80.00000;20.00000;0.57774;2
597.84802;144.87667;      -1.72832; 40.13823;80.00000;20.00000;0.57772;2
597.90900;144.89000;      -1.72813; 40.13628;80.00000;20.00000;0.57769;2
597.97900;144.90333;      -1.72692; 40.12749;80.00000;20.00000;0.57766;2
598.04602;144.91667;      -1.72661; 40.12066;80.00000;20.00000;0.57764;2
598.11401;144.93000;      -1.72746; 40.10895;80.00000;20.00000;0.57761;2
598.18103;144.94333;      -1.72767; 40.09821;80.00000;20.00000;0.57759;2
598.24799;144.95667;      -1.72762; 40.09040;80.00000;20.00000;0.57756;2
598.31897;144.97000;      -1.72770; 40.08454;80.00000;20.00000;0.57753;2
598.38702;144.98333;      -1.72727; 40.07966;80.00000;20.00000;0.57751;2
598.44501;144.99667;      -1.72695; 40.07380;80.00000;20.00000;0.57748;2
598.51599;145.01000;      -1.72703; 40.06794;80.00000;20.00000;0.57746;2
598.58801;145.02333;      -1.72647; 40.06306;80.00000;20.00000;0.57743;2
598.65100;145.03667;      -1.72577; 40.05721;80.00000;20.00000;0.57740;2
598.71997;145.05000;      -1.72546; 40.05818;80.00000;20.00000;0.57738;2
598.78601;145.06333;      -1.72554; 40.05916;80.00000;20.00000;0.57735;2
598.84698;145.07667;      -1.72548; 40.06014;80.00000;20.00000;0.57733;2
598.91803;145.09000;      -1.72414; 40.06111;80.00000;20.00000;0.57730;2
598.98602;145.10333;      -1.72409; 40.06404;80.00000;20.00000;0.57727;2
599.05298;145.11667;      -1.72456; 40.06599;80.00000;20.00000;0.57725;2
599.12201;145.13000;      -1.72490; 40.06794;80.00000;20.00000;0.57722;2
599.18298;145.14333;      -1.72406; 40.06794;80.00000;20.00000;0.57720;2
599.24298;145.15667;      -1.72375; 40.06794;80.00000;20.00000;0.57717;2
599.31403;145.17000;      -1.72344; 40.06599;80.00000;20.00000;0.57715;2
599.37799;145.18333;      -1.72300; 40.06404;80.00000;20.00000;0.57712;2
599.44800;145.19667;      -1.72373; 40.06209;80.00000;20.00000;0.57709;2
599.51398;145.21000;      -1.72329; 40.05721;80.00000;20.00000;0.57707;2
599.58002;145.22333;      -1.72401; 40.05037;80.00000;20.00000;0.57704;2
599.65198;145.23667;      -1.72370; 40.04061;80.00000;20.00000;0.57701;2
599.71198;145.25000;      -1.72416; 40.02597;80.00000;20.00000;0.57699;2
599.78497;145.26333;      -1.72463; 40.00840;80.00000;20.00000;0.57696;2
599.85199;145.27667;      -1.72445; 39.99375;80.00000;20.00000;0.57694;2
599.91602;145.29000;      -1.72530; 39.98399;80.00000;20.00000;0.57691;2
599.98199;145.30333;      -1.72589; 39.97813;80.00000;20.00000;0.57689;2
600.05103;145.31667;      -1.72520; 39.97325;80.00000;20.00000;0.57686;2
600.11499;145.33000;      -1.72514; 39.97130;80.00000;20.00000;0.57683;2
600.19000;145.34333;      -1.72510; 39.97032;80.00000;20.00000;0.57681;2
600.25500;145.35667;      -1.72518; 39.96935;80.00000;20.00000;0.57678;2
600.31403;145.37000;      -1.72512; 39.97130;80.00000;20.00000;0.57676;2
600.39203;145.38333;      -1.72443; 39.97618;80.00000;20.00000;0.57673;2
600.45697;145.39667;      -1.72399; 39.98204;80.00000;20.00000;0.57670;2
600.51398;145.41000;      -1.72367; 39.99180;80.00000;20.00000;0.57668;2
600.58197;145.42333;      -1.72272; 40.00156;80.00000;20.00000;0.57665;2
600.65399;145.43667;      -1.72189; 40.01328;80.00000;20.00000;0.57663;2
600.71301;145.45000;      -1.72170; 40.03475;80.00000;20.00000;0.57660;2
600.78302;145.46333;      -1.72101; 40.06404;80.00000;20.00000;0.57658;2
600.84998;145.47667;      -1.71993; 40.07966;80.00000;20.00000;0.57655;2
600.91602;145.49000;      -1.71987; 40.08942;80.00000;20.00000;0.57652;2
600.98499;145.50333;      -1.71995; 40.09723;80.00000;20.00000;0.57650;2
601.04999;145.51667;      -1.72003; 40.09626;80.00000;20.00000;0.57647;2
601.12598;145.53000;      -1.71986; 40.09430;80.00000;20.00000;0.57644;2
601.17999;145.54333;      -1.72018; 40.09430;80.00000;20.00000;0.57642;2
601.24500;145.55667;      -1.71986; 40.09918;80.00000;20.00000;0.57640;2
601.31201;145.57000;      -1.71981; 40.10211;80.00000;20.00000;0.57637;2
601.39203;145.58333;      -1.72003; 40.10504;80.00000;20.00000;0.57634;2
601.44800;145.59667;      -1.72036; 40.10602;80.00000;20.00000;0.57632;2
601.51300;145.61000;      -1.71953; 40.10406;80.00000;20.00000;0.57629;2
601.58398;145.62333;      -1.72026; 40.10016;80.00000;20.00000;0.57627;2
601.65002;145.63667;      -1.71994; 40.08356;80.00000;20.00000;0.57624;2
601.71503;145.65000;      -1.71924; 40.07380;80.00000;20.00000;0.57621;2
601.77899;145.66333;      -1.71945; 40.06697;80.00000;20.00000;0.57619;2
601.85400;145.67667;      -1.71927; 40.06014;80.00000;20.00000;0.57616;2
601.91901;145.69000;      -1.71974; 40.04744;80.00000;20.00000;0.57614;2
601.98602;145.70333;      -1.72020; 40.03475;80.00000;20.00000;0.57611;2
602.05499;145.71667;      -1.72028; 40.02499;80.00000;20.00000;0.57608;2
602.11700;145.73000;      -1.71971; 40.01718;80.00000;20.00000;0.57606;2
602.17902;145.74333;      -1.71939; 40.01230;80.00000;20.00000;0.57604;2
602.24902;145.75667;      -1.71960; 40.00840;80.00000;20.00000;0.57601;2
602.31897;145.77000;      -1.71942; 40.00644;80.00000;20.00000;0.57598;2
602.38397;145.78333;      -1.71989; 40.00449;80.00000;20.00000;0.57596;2
602.46100;145.79667;      -1.71984; 40.00156;80.00000;20.00000;0.57593;2
602.52502;145.81000;      -1.72031; 39.99863;80.00000;20.00000;0.57590;2
602.58801;145.82333;      -1.72090; 39.99570;80.00000;20.00000;0.57588;2
602.65997;145.83667;      -1.71943; 39.98692;80.00000;20.00000;0.57585;2
602.72198;145.85000;      -1.71924; 39.97911;80.00000;20.00000;0.57583;2
602.79102;145.86333;      -1.71932; 39.97032;80.00000;20.00000;0.57580;2
602.85602;145.87667;      -1.71836; 39.96251;80.00000;20.00000;0.57577;2
602.92200;145.89000;      -1.71701; 39.95373;80.00000;20.00000;0.57575;2
602.98297;145.90333;      -1.71631; 39.94689;80.00000;20.00000;0.57573;2
603.04999;145.91667;      -1.71625; 39.94104;80.00000;20.00000;0.57570;2
603.11603;145.93000;      -1.71504; 39.93616;80.00000;20.00000;0.57567;2
603.18597;145.94333;      -1.71538; 39.93420;80.00000;20.00000;0.57565;2
603.24402;145.95667;      -1.71518; 39.93225;80.00000;20.00000;0.57563;2
603.31598;145.97000;      -1.71462; 39.93127;80.00000;20.00000;0.57560;2
603.38202;145.98333;      -1.71379; 39.93127;80.00000;20.00000;0.57557;2
603.44702;145.99667;      -1.71386; 39.93030;80.00000;20.00000;0.57555;2
603.52600;146.01000;      -1.71408; 39.93030;80.00000;20.00000;0.57552;2
603.58002;146.02333;      -1.71402; 39.93030;80.00000;20.00000;0.57550;2
603.65100;146.03667;      -1.71371; 39.93030;80.00000;20.00000;0.57547;2
603.71997;146.05000;      -1.71379; 39.93030;80.00000;20.00000;0.57544;2
603.78302;146.06333;      -1.71502; 39.93030;80.00000;20.00000;0.57542;2
603.85699;146.07667;      -1.71407; 39.92835;80.00000;20.00000;0.57539;2
603.91400;146.09000;      -1.71466; 39.92346;80.00000;20.00000;0.57537;2
603.98798;146.10333;      -1.71422; 39.91956;80.00000;20.00000;0.57534;2
604.05298;146.11667;      -1.71365; 39.91565;80.00000;20.00000;0.57531;2
604.12299;146.13000;      -1.71373; 39.91370;80.00000;20.00000;0.57529;2
604.18402;146.14333;      -1.71406; 39.91175;80.00000;20.00000;0.57526;2
604.24597;146.15667;      -1.71348; 39.90882;80.00000;20.00000;0.57524;2
604.31598;146.17000;      -1.71344; 39.90687;80.00000;20.00000;0.57521;2
604.38898;146.18333;      -1.71352; 39.90394;80.00000;20.00000;0.57518;2
604.44897;146.19667;      -1.71346; 39.90296;80.00000;20.00000;0.57516;2
604.51898;146.21000;      -1.71419; 39.90101;80.00000;20.00000;0.57513;2
604.58002;146.22333;      -1.71426; 39.89906;80.00000;20.00000;0.57511;2
604.65198;146.23667;      -1.71356; 39.89711;80.00000;20.00000;0.57508;2
604.71503;146.25000;      -1.71389; 39.89515;80.00000;20.00000;0.57506;2
604.78198;146.26333;      -1.71397; 39.89320;80.00000;20.00000;0.57503;2
604.84802;146.27667;      -1.71404; 39.89320;80.00000;20.00000;0.57501;2
604.90997;146.29000;      -1.71334; 39.89515;80.00000;20.00000;0.57498;2
604.98700;146.30333;      -1.71330; 39.89711;80.00000;20.00000;0.57495;2
605.04797;146.31667;      -1.71363; 39.89906;80.00000;20.00000;0.57493;2
605.11298;146.33000;      -1.71318; 39.90296;80.00000;20.00000;0.57491;2
605.17999;146.34333;      -1.71326; 39.90589;80.00000;20.00000;0.57488;2
605.24500;146.35667;      -1.71528; 39.90882;80.00000;20.00000;0.57486;2
605.31201;146.37000;      -1.71445; 39.90980;80.00000;20.00000;0.57483;2
605.37701;146.38333;      -1.71374; 39.91175;80.00000;20.00000;0.57480;2
605.44000;146.39667;      -1.71381; 39.91273;80.00000;20.00000;0.57478;2
605.51099;146.41000;      -1.71428; 39.91273;80.00000;20.00000;0.57475;2
605.58600;146.42333;      -1.71398; 39.91468;80.00000;20.00000;0.57472;2
605.64502;146.43667;      -1.71405; 39.91468;80.00000;20.00000;0.57470;2
605.70599;146.45000;      -1.71399; 39.91565;80.00000;20.00000;0.57468;2
605.78101;146.46333;      -1.71498; 39.91468;80.00000;20.00000;0.57465;2
605.84998;146.47667;      -1.71545; 39.91565;80.00000;20.00000;0.57462;2
605.91400;146.49000;      -1.71526; 39.91663;80.00000;20.00000;0.57460;2
605.98499;146.50333;      -1.71509; 39.91663;80.00000;20.00000;0.57457;2
606.04797;146.51667;      -1.71555; 39.91663;80.00000;20.00000;0.57455;2
606.10699;146.53000;      -1.71497; 39.91858;80.00000;20.00000;0.57453;2
606.19098;146.54333;      -1.71506; 39.91663;80.00000;20.00000;0.57449;2
606.24597;146.55667;      -1.71513; 39.91273;80.00000;20.00000;0.57447;2
606.31500;146.57000;      -1.71533; 39.90980;80.00000;20.00000;0.57445;2
606.38397;146.58333;      -1.71528; 39.90589;80.00000;20.00000;0.57442;2
606.45300;146.59667;      -1.71549; 39.90296;80.00000;20.00000;0.57439;2
606.51300;146.61000;      -1.71491; 39.89808;80.00000;20.00000;0.57437;2
606.58801;146.62333;      -1.71513; 39.89613;80.00000;20.00000;0.57434;2
606.64301;146.63667;      -1.71480; 39.89418;80.00000;20.00000;0.57432;2
606.71802;146.65000;      -1.71489; 39.89223;80.00000;20.00000;0.57429;2
606.78400;146.66333;      -1.71483; 39.89027;80.00000;20.00000;0.57427;2
606.84900;146.67667;      -1.71439; 39.88832;80.00000;20.00000;0.57424;2
606.92603;146.69000;      -1.71318; 39.88539;80.00000;20.00000;0.57421;2
606.98901;146.70333;      -1.71390; 39.88344;80.00000;20.00000;0.57419;2
607.05103;146.71667;      -1.71384; 39.88344;80.00000;20.00000;0.57416;2
607.11401;146.73000;      -1.71274; 39.88442;80.00000;20.00000;0.57414;2
607.18201;146.74333;      -1.71243; 39.88539;80.00000;20.00000;0.57411;2
607.25403;146.75667;      -1.71342; 39.88734;80.00000;20.00000;0.57409;2
607.31201;146.77000;      -1.71284; 39.88637;80.00000;20.00000;0.57406;2
607.38000;146.78333;      -1.71266; 39.88539;80.00000;20.00000;0.57404;2
607.45203;146.79667;      -1.71222; 39.88442;80.00000;20.00000;0.57401;2
607.52197;146.81000;      -1.71165; 39.88344;80.00000;20.00000;0.57398;2
607.58698;146.82333;      -1.71199; 39.88442;80.00000;20.00000;0.57396;2
607.64801;146.83667;      -1.71206; 39.88246;80.00000;20.00000;0.57394;2
607.71600;146.85000;      -1.71304; 39.88246;80.00000;20.00000;0.57391;2
607.79401;146.86333;      -1.71287; 39.88149;80.00000;20.00000;0.57388;2
607.84802;146.87667;      -1.71410; 39.88246;80.00000;20.00000;0.57386;2
607.91498;146.89000;      -1.71366; 39.87856;80.00000;20.00000;0.57383;2
607.97803;146.90333;      -1.71347; 39.87368;80.00000;20.00000;0.57381;2
608.04901;146.91667;      -1.71355; 39.86977;80.00000;20.00000;0.57378;2
608.11200;146.93000;      -1.71245; 39.86489;80.00000;20.00000;0.57376;2
608.17999;146.94333;      -1.71201; 39.86099;80.00000;20.00000;0.57373;2
608.24402;146.95667;      -1.71209; 39.85611;80.00000;20.00000;0.57371;2
608.31097;146.97000;      -1.71151; 39.85318;80.00000;20.00000;0.57368;2
608.37799;146.98333;      -1.71172; 39.84830;80.00000;20.00000;0.57366;2
608.43701;146.99667;      -1.71153; 39.84537;80.00000;20.00000;0.57363;2
608.52100;147.01000;      -1.71175; 39.84146;80.00000;20.00000;0.57360;2
608.58197;147.02333;      -1.71182; 39.83756;80.00000;20.00000;0.57358;2
608.65802;147.03667;      -1.71165; 39.83268;80.00000;20.00000;0.57355;2
608.71600;147.05000;      -1.71184; 39.82975;80.00000;20.00000;0.57353;2
608.77899;147.06333;      -1.71243; 39.82584;80.00000;20.00000;0.57350;2
608.84900;147.07667;      -1.71212; 39.82389;80.00000;20.00000;0.57348;2
608.91699;147.09000;      -1.71220; 39.82096;80.00000;20.00000;0.57345;2
608.99298;147.10333;      -1.71177; 39.81901;80.00000;20.00000;0.57342;2
609.04797;147.11667;      -1.71300; 39.81901;80.00000;20.00000;0.57340;2
609.11700;147.13000;      -1.71282; 39.82096;80.00000;20.00000;0.57338;2
609.18597;147.14333;      -1.71147; 39.82389;80.00000;20.00000;0.57335;2
609.25098;147.15667;      -1.71076; 39.82584;80.00000;20.00000;0.57332;2
609.32098;147.17000;      -1.71123; 39.82877;80.00000;20.00000;0.57330;2
609.39203;147.18333;      -1.71014; 39.82975;80.00000;20.00000;0.57327;2
609.44897;147.19667;      -1.70930; 39.82877;80.00000;20.00000;0.57325;2
609.51703;147.21000;      -1.70938; 39.82779;80.00000;20.00000;0.57322;2
609.58698;147.22333;      -1.70959; 39.82291;80.00000;20.00000;0.57320;2
609.65503;147.23667;      -1.70914; 39.81706;80.00000;20.00000;0.57317;2
609.71802;147.25000;      -1.70895; 39.80827;80.00000;20.00000;0.57315;2
609.77899;147.26333;      -1.70785; 39.80339;80.00000;20.00000;0.57312;2
609.84497;147.27667;      -1.70806; 39.79948;80.00000;20.00000;0.57310;2
609.91498;147.29000;      -1.70853; 39.79656;80.00000;20.00000;0.57307;2
609.98700;147.30333;      -1.70952; 39.79558;80.00000;20.00000;0.57304;2
610.05701;147.31667;      -1.70947; 39.79460;80.00000;20.00000;0.57302;2
610.12500;147.33000;      -1.71020; 39.79363;80.00000;20.00000;0.57299;2
610.18201;147.34333;      -1.71039; 39.79363;80.00000;20.00000;0.57297;2
610.25201;147.35667;      -1.70982; 39.79363;80.00000;20.00000;0.57294;2
610.31500;147.37000;      -1.71015; 39.79363;80.00000;20.00000;0.57292;2
610.37903;147.38333;      -1.71035; 39.79070;80.00000;20.00000;0.57290;2
610.45203;147.39667;      -1.71122; 39.78582;80.00000;20.00000;0.57287;2
610.51703;147.41000;      -1.71129; 39.78191;80.00000;20.00000;0.57284;2
610.58197;147.42333;      -1.71006; 39.77898;80.00000;20.00000;0.57282;2
610.65100;147.43667;      -1.71053; 39.77703;80.00000;20.00000;0.57279;2
610.73199;147.45000;      -1.71062; 39.77508;80.00000;20.00000;0.57276;2
610.78497;147.46333;      -1.71094; 39.77410;80.00000;20.00000;0.57274;2
610.85999;147.47667;      -1.71090; 39.77215;80.00000;20.00000;0.57271;2
610.91803;147.49000;      -1.71149; 39.77117;80.00000;20.00000;0.57269;2
610.97900;147.50333;      -1.71051; 39.77020;80.00000;20.00000;0.57267;2
611.05200;147.51667;      -1.71099; 39.77020;80.00000;20.00000;0.57264;2
611.11298;147.53000;      -1.71145; 39.77117;80.00000;20.00000;0.57262;2
611.17999;147.54333;      -1.71061; 39.77703;80.00000;20.00000;0.57259;2
611.25702;147.55667;      -1.71161; 39.78972;80.00000;20.00000;0.57256;2
611.31799;147.57000;      -1.71090; 39.79851;80.00000;20.00000;0.57254;2
611.38397;147.58333;      -1.71110; 39.80729;80.00000;20.00000;0.57251;2
611.45099;147.59667;      -1.71157; 39.80925;80.00000;20.00000;0.57249;2
611.51599;147.61000;      -1.71268; 39.80632;80.00000;20.00000;0.57246;2
611.58801;147.62333;      -1.71276; 39.80241;80.00000;20.00000;0.57244;2
611.64801;147.63667;      -1.71270; 39.79753;80.00000;20.00000;0.57241;2
611.71997;147.65000;      -1.71304; 39.78972;80.00000;20.00000;0.57239;2
611.77899;147.66333;      -1.71376; 39.78094;80.00000;20.00000;0.57236;2
611.85101;147.67667;      -1.71345; 39.77313;80.00000;20.00000;0.57234;2
611.91998;147.69000;      -1.71262; 39.76629;80.00000;20.00000;0.57231;2
611.98199;147.70333;      -1.71217; 39.76141;80.00000;20.00000;0.57229;2
612.03802;147.71667;      -1.71236; 39.75848;80.00000;20.00000;0.57227;2
612.11603;147.73000;      -1.71245; 39.75946;80.00000;20.00000;0.57224;2
612.18201;147.74333;      -1.71227; 39.76825;80.00000;20.00000;0.57221;2
612.24701;147.75667;      -1.71182; 39.79070;80.00000;20.00000;0.57219;2
612.31500;147.77000;      -1.71229; 39.80827;80.00000;20.00000;0.57216;2
612.37903;147.78333;      -1.71132; 39.81999;80.00000;20.00000;0.57214;2
612.44299;147.79667;      -1.71152; 39.83072;80.00000;20.00000;0.57211;2
612.51703;147.81000;      -1.71160; 39.84049;80.00000;20.00000;0.57209;2
612.58502;147.82333;      -1.71181; 39.84537;80.00000;20.00000;0.57206;2
612.65698;147.83667;      -1.71176; 39.84830;80.00000;20.00000;0.57203;2
612.72400;147.85000;      -1.71145; 39.84244;80.00000;20.00000;0.57201;2
612.78198;147.86333;      -1.71086; 39.83463;80.00000;20.00000;0.57199;2
612.84601;147.87667;      -1.71133; 39.82487;80.00000;20.00000;0.57196;2
612.91803;147.89000;      -1.71089; 39.80339;80.00000;20.00000;0.57193;2
612.98499;147.90333;      -1.71096; 39.79070;80.00000;20.00000;0.57191;2
613.05499;147.91667;      -1.71065; 39.76141;80.00000;20.00000;0.57188;2
613.12097;147.93000;      -1.71072; 39.73994;80.00000;20.00000;0.57186;2
613.18402;147.94333;      -1.71080; 39.72920;80.00000;20.00000;0.57183;2
613.25500;147.95667;      -1.71062; 39.72334;80.00000;20.00000;0.57181;2
613.31403;147.97000;      -1.71003; 39.72041;80.00000;20.00000;0.57178;2
613.37799;147.98333;      -1.70932; 39.71748;80.00000;20.00000;0.57176;2
613.45502;147.99667;      -1.70915; 39.71651;80.00000;20.00000;0.57173;2
613.51099;148.01000;      -1.70882; 39.71651;80.00000;20.00000;0.57171;2
613.57703;148.02333;      -1.70890; 39.72432;80.00000;20.00000;0.57168;2
613.64801;148.03667;      -1.70884; 39.73115;80.00000;20.00000;0.57166;2
613.71600;148.05000;      -1.70788; 39.73408;80.00000;20.00000;0.57163;2
613.78497;148.06333;      -1.70796; 39.74482;80.00000;20.00000;0.57161;2
613.85602;148.07667;      -1.70869; 39.75067;80.00000;20.00000;0.57158;2
613.91901;148.09000;      -1.70928; 39.76239;80.00000;20.00000;0.57156;2
613.98700;148.10333;      -1.70988; 39.77117;80.00000;20.00000;0.57153;2
614.04797;148.11667;      -1.70969; 39.77703;80.00000;20.00000;0.57151;2
614.11798;148.13000;      -1.70898; 39.77801;80.00000;20.00000;0.57148;2
614.18500;148.14333;      -1.70815; 39.77703;80.00000;20.00000;0.57146;2
614.24902;148.15667;      -1.70809; 39.77215;80.00000;20.00000;0.57143;2
614.31702;148.17000;      -1.70764; 39.76434;80.00000;20.00000;0.57141;2
614.39001;148.18333;      -1.70877; 39.75848;80.00000;20.00000;0.57138;2
614.45099;148.19667;      -1.70845; 39.75360;80.00000;20.00000;0.57136;2
614.51599;148.21000;      -1.70852; 39.75165;80.00000;20.00000;0.57133;2
614.58398;148.22333;      -1.70860; 39.75067;80.00000;20.00000;0.57131;2
614.65302;148.23667;      -1.70907; 39.75067;80.00000;20.00000;0.57128;2
614.71399;148.25000;      -1.70926; 39.74970;80.00000;20.00000;0.57126;2
614.78601;148.26333;      -1.70948; 39.74872;80.00000;20.00000;0.57123;2
614.85199;148.27667;      -1.70955; 39.74677;80.00000;20.00000;0.57120;2
614.93103;148.29000;      -1.70951; 39.73994;80.00000;20.00000;0.57117;2
614.97998;148.30333;      -1.70917; 39.73310;80.00000;20.00000;0.57116;2
615.04700;148.31667;      -1.70912; 39.72627;80.00000;20.00000;0.57113;2
615.11700;148.33000;      -1.70868; 39.72139;80.00000;20.00000;0.57110;2
615.18201;148.34333;      -1.70914; 39.71651;80.00000;20.00000;0.57108;2
615.24902;148.35667;      -1.70882; 39.71260;80.00000;20.00000;0.57106;2
615.31500;148.37000;      -1.70812; 39.70967;80.00000;20.00000;0.57103;2
615.37799;148.38333;      -1.70806; 39.70674;80.00000;20.00000;0.57101;2
615.44897;148.39667;      -1.70761; 39.70479;80.00000;20.00000;0.57098;2
615.51703;148.41000;      -1.70704; 39.70284;80.00000;20.00000;0.57095;2
615.57501;148.42333;      -1.70736; 39.70186;80.00000;20.00000;0.57093;2
615.65399;148.43667;      -1.70771; 39.70479;80.00000;20.00000;0.57090;2
615.71503;148.45000;      -1.70726; 39.70967;80.00000;20.00000;0.57088;2
615.78699;148.46333;      -1.70695; 39.71455;80.00000;20.00000;0.57085;2
615.83600;148.47667;      -1.70674; 39.71455;80.00000;20.00000;0.57083;2
615.92200;148.49000;      -1.70723; 39.71358;80.00000;20.00000;0.57080;2
615.98297;148.50333;      -1.70808; 39.71162;80.00000;20.00000;0.57078;2
616.04901;148.51667;      -1.70751; 39.71065;80.00000;20.00000;0.57075;2
616.11902;148.53000;      -1.70719; 39.70772;80.00000;20.00000;0.57073;2
616.18298;148.54333;      -1.70726; 39.70674;80.00000;20.00000;0.57070;2
616.24200;148.55667;      -1.70694; 39.70674;80.00000;20.00000;0.57068;2
616.31403;148.57000;      -1.70806; 39.70577;80.00000;20.00000;0.57065;2
616.39001;148.58333;      -1.70789; 39.70577;80.00000;20.00000;0.57063;2
616.45398;148.59667;      -1.70822; 39.70577;80.00000;20.00000;0.57060;2
616.51001;148.61000;      -1.70868; 39.70577;80.00000;20.00000;0.57058;2
616.57800;148.62333;      -1.70797; 39.70577;80.00000;20.00000;0.57056;2
616.64600;148.63667;      -1.70765; 39.70577;80.00000;20.00000;0.57053;2
616.71198;148.65000;      -1.70799; 39.70577;80.00000;20.00000;0.57051;2
616.78101;148.66333;      -1.70807; 39.70577;80.00000;20.00000;0.57048;2
616.84497;148.67667;      -1.70801; 39.70577;80.00000;20.00000;0.57046;2
616.91199;148.69000;      -1.70834; 39.70577;80.00000;20.00000;0.57043;2
616.97998;148.70333;      -1.70933; 39.70674;80.00000;20.00000;0.57041;2
617.04797;148.71667;      -1.70915; 39.70870;80.00000;20.00000;0.57038;2
617.11298;148.73000;      -1.70909; 39.71065;80.00000;20.00000;0.57036;2
617.18402;148.74333;      -1.70878; 39.71162;80.00000;20.00000;0.57033;2
617.24597;148.75667;      -1.70924; 39.71358;80.00000;20.00000;0.57031;2
617.31097;148.77000;      -1.70971; 39.71455;80.00000;20.00000;0.57028;2
617.39398;148.78333;      -1.70954; 39.71651;80.00000;20.00000;0.57025;2
617.45099;148.79667;      -1.71026; 39.71748;80.00000;20.00000;0.57023;2
617.51599;148.81000;      -1.71007; 39.71943;80.00000;20.00000;0.57020;2
617.58502;148.82333;      -1.71054; 39.72041;80.00000;20.00000;0.57018;2
617.64899;148.83667;      -1.71022; 39.72139;80.00000;20.00000;0.57015;2
617.71002;148.85000;      -1.70950; 39.72139;80.00000;20.00000;0.57013;2
617.78101;148.86333;      -1.70958; 39.72041;80.00000;20.00000;0.57011;2
617.85602;148.87667;      -1.70888; 39.71846;80.00000;20.00000;0.57008;2
617.91199;148.89000;      -1.70907; 39.71651;80.00000;20.00000;0.57006;2
617.98199;148.90333;      -1.70837; 39.71455;80.00000;20.00000;0.57003;2
618.04901;148.91667;      -1.70857; 39.71358;80.00000;20.00000;0.57000;2
618.10699;148.93000;      -1.70903; 39.71260;80.00000;20.00000;0.56998;2
618.18402;148.94333;      -1.70860; 39.71162;80.00000;20.00000;0.56995;2
618.24701;148.95667;      -1.70827; 39.71065;80.00000;20.00000;0.56993;2
618.31201;148.97000;      -1.70861; 39.70967;80.00000;20.00000;0.56991;2
618.38397;148.98333;      -1.70908; 39.70870;80.00000;20.00000;0.56988;2
618.44800;148.99667;      -1.70837; 39.70772;80.00000;20.00000;0.56986;2
618.52100;149.01000;      -1.70871; 39.70577;80.00000;20.00000;0.56983;2
618.58698;149.02333;      -1.70774; 39.70089;80.00000;20.00000;0.56980;2
618.65997;149.03667;      -1.70900; 39.69503;80.00000;20.00000;0.56978;2
618.72601;149.05000;      -1.70907; 39.69015;80.00000;20.00000;0.56975;2
618.77802;149.06333;      -1.70756; 39.68527;80.00000;20.00000;0.56973;2
618.85602;149.07667;      -1.70791; 39.67941;80.00000;20.00000;0.56970;2
618.91901;149.09000;      -1.70733; 39.67355;80.00000;20.00000;0.56968;2
618.98700;149.10333;      -1.70675; 39.66769;80.00000;20.00000;0.56965;2
619.05103;149.11667;      -1.70669; 39.66184;80.00000;20.00000;0.56963;2
619.12201;149.13000;      -1.70625; 39.65793;80.00000;20.00000;0.56960;2
619.19299;149.14333;      -1.70554; 39.65403;80.00000;20.00000;0.56958;2
619.24200;149.15667;      -1.70625; 39.65110;80.00000;20.00000;0.56956;2
619.31897;149.17000;      -1.70621; 39.64719;80.00000;20.00000;0.56953;2
619.38898;149.18333;      -1.70576; 39.64622;80.00000;20.00000;0.56950;2
619.46100;149.19667;      -1.70532; 39.64622;80.00000;20.00000;0.56948;2
619.51300;149.21000;      -1.70590; 39.64524;80.00000;20.00000;0.56946;2
619.58398;149.22333;      -1.70532; 39.64427;80.00000;20.00000;0.56943;2
619.65302;149.23667;      -1.70422; 39.64524;80.00000;20.00000;0.56941;2
619.71802;149.25000;      -1.70417; 39.65012;80.00000;20.00000;0.56938;2
619.78101;149.26333;      -1.70371; 39.65891;80.00000;20.00000;0.56936;2
619.84302;149.27667;      -1.70326; 39.66769;80.00000;20.00000;0.56934;2
619.91199;149.29000;      -1.70281; 39.67941;80.00000;20.00000;0.56931;2
619.97803;149.30333;      -1.70380; 39.69015;80.00000;20.00000;0.56928;2
620.04999;149.31667;      -1.70427; 39.69796;80.00000;20.00000;0.56926;2
620.11902;149.33000;      -1.70435; 39.70186;80.00000;20.00000;0.56923;2
620.17297;149.34333;      -1.70428; 39.69991;80.00000;20.00000;0.56921;2
620.23798;149.35667;      -1.70448; 39.69210;80.00000;20.00000;0.56919;2
620.31799;149.37000;      -1.70470; 39.68331;80.00000;20.00000;0.56916;2
620.38501;149.38333;      -1.70556; 39.67453;80.00000;20.00000;0.56913;2
620.44598;149.39667;      -1.70668; 39.66574;80.00000;20.00000;0.56911;2
620.51898;149.41000;      -1.70676; 39.65891;80.00000;20.00000;0.56908;2
620.58002;149.42333;      -1.70670; 39.65110;80.00000;20.00000;0.56906;2
620.65100;149.43667;      -1.70652; 39.64817;80.00000;20.00000;0.56903;2
620.71198;149.45000;      -1.70711; 39.64329;80.00000;20.00000;0.56901;2
620.77600;149.46333;      -1.70744; 39.64036;80.00000;20.00000;0.56899;2
620.84998;149.47667;      -1.70674; 39.63646;80.00000;20.00000;0.56896;2
620.91803;149.49000;      -1.70629; 39.63353;80.00000;20.00000;0.56893;2
620.98102;149.50333;      -1.70544; 39.62962;80.00000;20.00000;0.56891;2
621.04199;149.51667;      -1.70512; 39.62572;80.00000;20.00000;0.56889;2
621.11102;149.53000;      -1.70624; 39.62181;80.00000;20.00000;0.56886;2
621.17700;149.54333;      -1.70645; 39.61888;80.00000;20.00000;0.56884;2
621.24597;149.55667;      -1.70613; 39.61693;80.00000;20.00000;0.56881;2
621.30701;149.57000;      -1.70568; 39.61888;80.00000;20.00000;0.56879;2
621.38599;149.58333;      -1.70603; 39.62084;80.00000;20.00000;0.56876;2
621.44897;149.59667;      -1.70544; 39.62377;80.00000;20.00000;0.56874;2
621.50800;149.61000;      -1.70524; 39.62865;80.00000;20.00000;0.56872;2
621.58099;149.62333;      -1.70441; 39.63450;80.00000;20.00000;0.56869;2
621.65802;149.63667;      -1.70397; 39.64036;80.00000;20.00000;0.56866;2
621.71399;149.65000;      -1.70338; 39.64427;80.00000;20.00000;0.56864;2
621.79199;149.66333;      -1.70438; 39.64817;80.00000;20.00000;0.56861;2
621.85303;149.67667;      -1.70511; 39.65110;80.00000;20.00000;0.56859;2
621.91998;149.69000;      -1.70479; 39.65500;80.00000;20.00000;0.56856;2
621.98602;149.70333;      -1.70421; 39.65891;80.00000;20.00000;0.56854;2
622.05103;149.71667;      -1.70454; 39.66281;80.00000;20.00000;0.56851;2
622.11298;149.73000;      -1.70513; 39.66086;80.00000;20.00000;0.56849;2
622.18903;149.74333;      -1.70509; 39.65598;80.00000;20.00000;0.56846;2
622.25098;149.75667;      -1.70476; 39.65110;80.00000;20.00000;0.56844;2
622.30798;149.77000;      -1.70391; 39.64622;80.00000;20.00000;0.56842;2
622.37701;149.78333;      -1.70372; 39.64231;80.00000;20.00000;0.56839;2
622.44897;149.79667;      -1.70367; 39.63841;80.00000;20.00000;0.56837;2
622.51599;149.81000;      -1.70453; 39.63548;80.00000;20.00000;0.56834;2
622.58600;149.82333;      -1.70487; 39.63450;80.00000;20.00000;0.56832;2
622.64697;149.83667;      -1.70481; 39.63353;80.00000;20.00000;0.56829;2
622.71698;149.85000;      -1.70541; 39.63353;80.00000;20.00000;0.56827;2
622.78699;149.86333;      -1.70536; 39.63255;80.00000;20.00000;0.56824;2
622.85400;149.87667;      -1.70609; 39.63255;80.00000;20.00000;0.56822;2
622.91699;149.89000;      -1.70498; 39.63157;80.00000;20.00000;0.56819;2
622.97803;149.90333;      -1.70544; 39.63157;80.00000;20.00000;0.56817;2
623.04498;149.91667;      -1.70525; 39.63060;80.00000;20.00000;0.56815;2
623.11200;149.93000;      -1.70454; 39.62962;80.00000;20.00000;0.56812;2
623.17700;149.94333;      -1.70409; 39.62767;80.00000;20.00000;0.56810;2
623.24799;149.95667;      -1.70456; 39.62181;80.00000;20.00000;0.56807;2
623.31897;149.97000;      -1.70438; 39.61693;80.00000;20.00000;0.56804;2
623.38501;149.98333;      -1.70471; 39.61205;80.00000;20.00000;0.56802;2
623.44897;149.99667;      -1.70452; 39.60815;80.00000;20.00000;0.56800;2
623.52197;150.01000;      -1.70460; 39.60424;80.00000;20.00000;0.56797;2
623.58899;150.02333;      -1.70415; 39.60131;80.00000;20.00000;0.56794;2
623.64203;150.03667;      -1.70316; 39.59838;80.00000;20.00000;0.56792;2
623.72498;150.05000;      -1.70299; 39.59643;80.00000;20.00000;0.56789;2
623.78998;150.06333;      -1.70346; 39.59545;80.00000;20.00000;0.56787;2
623.84998;150.07667;      -1.70260; 39.59448;80.00000;20.00000;0.56785;2
623.91998;150.09000;      -1.70255; 39.59350;80.00000;20.00000;0.56782;2
623.98499;150.10333;      -1.70236; 39.59350;80.00000;20.00000;0.56780;2
624.05499;150.11667;      -1.70231; 39.59643;80.00000;20.00000;0.56777;2
624.12201;150.13000;      -1.70212; 39.60034;80.00000;20.00000;0.56775;2
624.18298;150.14333;      -1.70245; 39.60326;80.00000;20.00000;0.56772;2
624.24902;150.15667;      -1.70213; 39.60522;80.00000;20.00000;0.56770;2
624.32501;150.17000;      -1.70195; 39.60619;80.00000;20.00000;0.56767;2
624.37903;150.18333;      -1.70201; 39.60522;80.00000;20.00000;0.56765;2
624.45898;150.19667;      -1.70275; 39.60522;80.00000;20.00000;0.56762;2
624.52197;150.21000;      -1.70217; 39.60326;80.00000;20.00000;0.56760;2
624.57397;150.22333;      -1.70249; 39.60326;80.00000;20.00000;0.56758;2
624.65198;150.23667;      -1.70192; 39.60326;80.00000;20.00000;0.56755;2
624.72498;150.25000;      -1.70147; 39.60229;80.00000;20.00000;0.56752;2
624.78497;150.26333;      -1.70193; 39.60131;80.00000;20.00000;0.56750;2
624.85901;150.27667;      -1.70215; 39.60034;80.00000;20.00000;0.56748;2
624.92297;150.29000;      -1.70156; 39.59741;80.00000;20.00000;0.56745;2
624.98999;150.30333;      -1.70255; 39.59448;80.00000;20.00000;0.56743;2
625.04999;150.31667;      -1.70223; 39.59155;80.00000;20.00000;0.56740;2
625.12201;150.33000;      -1.70270; 39.58862;80.00000;20.00000;0.56738;2
625.18597;150.34333;      -1.70238; 39.58569;80.00000;20.00000;0.56735;2
625.26099;150.35667;      -1.70272; 39.58276;80.00000;20.00000;0.56733;2
625.32397;150.37000;      -1.70240; 39.57984;80.00000;20.00000;0.56730;2
625.38898;150.38333;      -1.70221; 39.57788;80.00000;20.00000;0.56728;2
625.46002;150.39667;      -1.70137; 39.57593;80.00000;20.00000;0.56725;2
625.52399;150.41000;      -1.70078; 39.57398;80.00000;20.00000;0.56723;2
625.59003;150.42333;      -1.70112; 39.57203;80.00000;20.00000;0.56721;2
625.65601;150.43667;      -1.70158; 39.57007;80.00000;20.00000;0.56718;2
625.72198;150.45000;      -1.70205; 39.56910;80.00000;20.00000;0.56716;2
625.78302;150.46333;      -1.70107; 39.56812;80.00000;20.00000;0.56713;2
625.85498;150.47667;      -1.70115; 39.56617;80.00000;20.00000;0.56711;2
625.92700;150.49000;      -1.70136; 39.56422;80.00000;20.00000;0.56708;2
625.98297;150.50333;      -1.70116; 39.56324;80.00000;20.00000;0.56706;2
626.05200;150.51667;      -1.70137; 39.56129;80.00000;20.00000;0.56704;2
626.11603;150.53000;      -1.70157; 39.56031;80.00000;20.00000;0.56701;2
626.18799;150.54333;      -1.70138; 39.55836;80.00000;20.00000;0.56699;2
626.25598;150.55667;      -1.70198; 39.55738;80.00000;20.00000;0.56696;2
626.31097;150.57000;      -1.70191; 39.55543;80.00000;20.00000;0.56694;2
626.38599;150.58333;      -1.70213; 39.55445;80.00000;20.00000;0.56691;2
626.45203;150.59667;      -1.70207; 39.55250;80.00000;20.00000;0.56689;2
626.51703;150.61000;      -1.70214; 39.55152;80.00000;20.00000;0.56686;2
626.59302;150.62333;      -1.70262; 39.54860;80.00000;20.00000;0.56684;2
626.65503;150.63667;      -1.70335; 39.54567;80.00000;20.00000;0.56681;2
626.72900;150.65000;      -1.70356; 39.54372;80.00000;20.00000;0.56679;2
626.79102;150.66333;      -1.70310; 39.54079;80.00000;20.00000;0.56676;2
626.85999;150.67667;      -1.70305; 39.53883;80.00000;20.00000;0.56674;2
626.93103;150.69000;      -1.70312; 39.53688;80.00000;20.00000;0.56671;2
626.99902;150.70333;      -1.70215; 39.53591;80.00000;20.00000;0.56669;2
627.06097;150.71667;      -1.70235; 39.53591;80.00000;20.00000;0.56666;2
627.13300;150.73000;      -1.70216; 39.53493;80.00000;20.00000;0.56664;2
627.18597;150.74333;      -1.70157; 39.53493;80.00000;20.00000;0.56662;2
627.25500;150.75667;      -1.70098; 39.53493;80.00000;20.00000;0.56659;2
627.32599;150.77000;      -1.70054; 39.53493;80.00000;20.00000;0.56657;2
627.39398;150.78333;      -1.70127; 39.53395;80.00000;20.00000;0.56654;2
627.45599;150.79667;      -1.70068; 39.53395;80.00000;20.00000;0.56652;2
627.52502;150.81000;      -1.70076; 39.53298;80.00000;20.00000;0.56649;2
627.58600;150.82333;      -1.70003; 39.53102;80.00000;20.00000;0.56647;2
627.65802;150.83667;      -1.70090; 39.52810;80.00000;20.00000;0.56645;2
627.72198;150.85000;      -1.70071; 39.52517;80.00000;20.00000;0.56642;2
627.79102;150.86333;      -1.69908; 39.52029;80.00000;20.00000;0.56640;2
627.85999;150.87667;      -1.70007; 39.51638;80.00000;20.00000;0.56637;2
627.92401;150.89000;      -1.69962; 39.51345;80.00000;20.00000;0.56635;2
627.99298;150.90333;      -1.69943; 39.51443;80.00000;20.00000;0.56632;2
628.06000;150.91667;      -1.70016; 39.51638;80.00000;20.00000;0.56630;2
628.12799;150.93000;      -1.69918; 39.51638;80.00000;20.00000;0.56627;2
628.19598;150.94333;      -1.69886; 39.51443;80.00000;20.00000;0.56625;2
628.25800;150.95667;      -1.69893; 39.51638;80.00000;20.00000;0.56623;2
628.31598;150.97000;      -1.69873; 39.51931;80.00000;20.00000;0.56620;2
628.39600;150.98333;      -1.69869; 39.52126;80.00000;20.00000;0.56617;2
628.45203;150.99667;      -1.69849; 39.52517;80.00000;20.00000;0.56615;2
628.52002;151.01000;      -1.69817; 39.52810;80.00000;20.00000;0.56613;2
628.58600;151.02333;      -1.69745; 39.53102;80.00000;20.00000;0.56611;2
628.65997;151.03667;      -1.69740; 39.53395;80.00000;20.00000;0.56608;2
628.72198;151.05000;      -1.69760; 39.53786;80.00000;20.00000;0.56606;2
628.79999;151.06333;      -1.69808; 39.54079;80.00000;20.00000;0.56603;2
628.86798;151.07667;      -1.69802; 39.54469;80.00000;20.00000;0.56600;2
628.91998;151.09000;      -1.69795; 39.54860;80.00000;20.00000;0.56598;2
628.99500;151.10333;      -1.69790; 39.55055;80.00000;20.00000;0.56596;2
629.05402;151.11667;      -1.69797; 39.55250;80.00000;20.00000;0.56593;2
629.12299;151.13000;      -1.69804; 39.55348;80.00000;20.00000;0.56591;2
629.19098;151.14333;      -1.69654; 39.55250;80.00000;20.00000;0.56588;2
629.26099;151.15667;      -1.69622; 39.55250;80.00000;20.00000;0.56586;2
629.32397;151.17000;      -1.69642; 39.55250;80.00000;20.00000;0.56584;2
629.39301;151.18333;      -1.69597; 39.55250;80.00000;20.00000;0.56581;2
629.45697;151.19667;      -1.69591; 39.55250;80.00000;20.00000;0.56579;2
629.52002;151.21000;      -1.69650; 39.55348;80.00000;20.00000;0.56576;2
629.59003;151.22333;      -1.69684; 39.55543;80.00000;20.00000;0.56574;2
629.65302;151.23667;      -1.69678; 39.55738;80.00000;20.00000;0.56572;2
629.72101;151.25000;      -1.69580; 39.55933;80.00000;20.00000;0.56569;2
629.77899;151.26333;      -1.69507; 39.56129;80.00000;20.00000;0.56567;2
629.84998;151.27667;      -1.69502; 39.56324;80.00000;20.00000;0.56564;2
629.91699;151.29000;      -1.69522; 39.56422;80.00000;20.00000;0.56562;2
629.98700;151.30333;      -1.69635; 39.56519;80.00000;20.00000;0.56559;2
630.05103;151.31667;      -1.69708; 39.56519;80.00000;20.00000;0.56557;2
630.11798;151.33000;      -1.69729; 39.56519;80.00000;20.00000;0.56555;2
630.18402;151.34333;      -1.69618; 39.56519;80.00000;20.00000;0.56552;2
630.25598;151.35667;      -1.69652; 39.56519;80.00000;20.00000;0.56549;2
630.31500;151.37000;      -1.69737; 39.56422;80.00000;20.00000;0.56547;2
630.39099;151.38333;      -1.69693; 39.56324;80.00000;20.00000;0.56545;2
630.44897;151.39667;      -1.69686; 39.55933;80.00000;20.00000;0.56542;2
630.52301;151.41000;      -1.69681; 39.55543;80.00000;20.00000;0.56540;2
630.57800;151.42333;      -1.69648; 39.55152;80.00000;20.00000;0.56538;2
630.65399;151.43667;      -1.69682; 39.54860;80.00000;20.00000;0.56535;2
630.72601;151.45000;      -1.69677; 39.54567;80.00000;20.00000;0.56532;2
630.79199;151.46333;      -1.69671; 39.54372;80.00000;20.00000;0.56530;2
630.85400;151.47667;      -1.69730; 39.54176;80.00000;20.00000;0.56528;2
630.91699;151.49000;      -1.69671; 39.53688;80.00000;20.00000;0.56525;2
630.98199;151.50333;      -1.69731; 39.53298;80.00000;20.00000;0.56523;2
631.04797;151.51667;      -1.69738; 39.52907;80.00000;20.00000;0.56521;2
631.12402;151.53000;      -1.69747; 39.52614;80.00000;20.00000;0.56518;2
631.17999;151.54333;      -1.69779; 39.52321;80.00000;20.00000;0.56516;2
631.25598;151.55667;      -1.69761; 39.51736;80.00000;20.00000;0.56513;2
631.31097;151.57000;      -1.69794; 39.51150;80.00000;20.00000;0.56511;2
631.38501;151.58333;      -1.69815; 39.50564;80.00000;20.00000;0.56508;2
631.45001;151.59667;      -1.69835; 39.49783;80.00000;20.00000;0.56506;2
631.51501;151.61000;      -1.69869; 39.49100;80.00000;20.00000;0.56504;2
631.58398;151.62333;      -1.69929; 39.48514;80.00000;20.00000;0.56501;2
631.66101;151.63667;      -1.70030; 39.47928;80.00000;20.00000;0.56498;2
631.71698;151.65000;      -1.69983; 39.47440;80.00000;20.00000;0.56496;2
631.78900;151.66333;      -1.69938; 39.47050;80.00000;20.00000;0.56494;2
631.85498;151.67667;      -1.69879; 39.46659;80.00000;20.00000;0.56491;2
631.91699;151.69000;      -1.69820; 39.46464;80.00000;20.00000;0.56489;2
631.98901;151.70333;      -1.69815; 39.46367;80.00000;20.00000;0.56486;2
632.04498;151.71667;      -1.69979; 39.46269;80.00000;20.00000;0.56484;2
632.12097;151.73000;      -1.69869; 39.46171;80.00000;20.00000;0.56482;2
632.19202;151.74333;      -1.69877; 39.46367;80.00000;20.00000;0.56479;2
632.25201;151.75667;      -1.69778; 39.46757;80.00000;20.00000;0.56477;2
632.32397;151.77000;      -1.69759; 39.47245;80.00000;20.00000;0.56474;2
632.38397;151.78333;      -1.69792; 39.47538;80.00000;20.00000;0.56472;2
632.45502;151.79667;      -1.69866; 39.48124;80.00000;20.00000;0.56469;2
632.52100;151.81000;      -1.69794; 39.48709;80.00000;20.00000;0.56467;2
632.58899;151.82333;      -1.69722; 39.48905;80.00000;20.00000;0.56465;2
632.65601;151.83667;      -1.69598; 39.49198;80.00000;20.00000;0.56462;2
632.73102;151.85000;      -1.69672; 39.49295;80.00000;20.00000;0.56459;2
632.78998;151.86333;      -1.69691; 39.49198;80.00000;20.00000;0.56457;2
632.85699;151.87667;      -1.69765; 39.49002;80.00000;20.00000;0.56455;2
632.92603;151.89000;      -1.69667; 39.48709;80.00000;20.00000;0.56452;2
632.99103;151.90333;      -1.69661; 39.48612;80.00000;20.00000;0.56450;2
633.05499;151.91667;      -1.69720; 39.48612;80.00000;20.00000;0.56448;2
633.11798;151.93000;      -1.69727; 39.48709;80.00000;20.00000;0.56445;2
633.19501;151.94333;      -1.69617; 39.48709;80.00000;20.00000;0.56443;2
633.25897;151.95667;      -1.69624; 39.48709;80.00000;20.00000;0.56440;2
633.32202;151.97000;      -1.69604; 39.48709;80.00000;20.00000;0.56438;2
633.38702;151.98333;      -1.69559; 39.48417;80.00000;20.00000;0.56436;2
633.44501;151.99667;      -1.69512; 39.48124;80.00000;20.00000;0.56433;2
633.52100;152.01000;      -1.69520; 39.47928;80.00000;20.00000;0.56431;2
633.58899;152.02333;      -1.69435; 39.47733;80.00000;20.00000;0.56428;2
633.66302;152.03667;      -1.69351; 39.47928;80.00000;20.00000;0.56426;2
633.72803;152.05000;      -1.69411; 39.48026;80.00000;20.00000;0.56423;2
633.79199;152.06333;      -1.69405; 39.48124;80.00000;20.00000;0.56421;2
633.85699;152.07667;      -1.69280; 39.48221;80.00000;20.00000;0.56419;2
633.92499;152.09000;      -1.69261; 39.48319;80.00000;20.00000;0.56416;2
634.00299;152.10333;      -1.69335; 39.48514;80.00000;20.00000;0.56413;2
634.05402;152.11667;      -1.69262; 39.48514;80.00000;20.00000;0.56411;2
634.12799;152.13000;      -1.69151; 39.48612;80.00000;20.00000;0.56409;2
634.19397;152.14333;      -1.69079; 39.48807;80.00000;20.00000;0.56406;2
634.25702;152.15667;      -1.69138; 39.48709;80.00000;20.00000;0.56404;2
634.32501;152.17000;      -1.69093; 39.48709;80.00000;20.00000;0.56402;2
634.39001;152.18333;      -1.68955; 39.48709;80.00000;20.00000;0.56399;2
634.45599;152.19667;      -1.68936; 39.48612;80.00000;20.00000;0.56397;2
634.52899;152.21000;      -1.69009; 39.48612;80.00000;20.00000;0.56394;2
634.59100;152.22333;      -1.68963; 39.48612;80.00000;20.00000;0.56392;2
634.66101;152.23667;      -1.68931; 39.48905;80.00000;20.00000;0.56389;2
634.72400;152.25000;      -1.68925; 39.50076;80.00000;20.00000;0.56387;2
634.79303;152.26333;      -1.68919; 39.50759;80.00000;20.00000;0.56385;2
634.85999;152.27667;      -1.68860; 39.51540;80.00000;20.00000;0.56382;2
634.91803;152.29000;      -1.68801; 39.52419;80.00000;20.00000;0.56380;2
634.98798;152.30333;      -1.68795; 39.53102;80.00000;20.00000;0.56378;2
635.06097;152.31667;      -1.68790; 39.53688;80.00000;20.00000;0.56375;2
635.12201;152.33000;      -1.68783; 39.53981;80.00000;20.00000;0.56373;2
635.18298;152.34333;      -1.68763; 39.53591;80.00000;20.00000;0.56371;2
635.25403;152.35667;      -1.68890; 39.53102;80.00000;20.00000;0.56368;2
635.32098;152.37000;      -1.68924; 39.52517;80.00000;20.00000;0.56366;2
635.38898;152.38333;      -1.68971; 39.52126;80.00000;20.00000;0.56363;2
635.46399;152.39667;      -1.68820; 39.51638;80.00000;20.00000;0.56360;2
635.51801;152.41000;      -1.68733; 39.51248;80.00000;20.00000;0.56358;2
635.59802;152.42333;      -1.68769; 39.50955;80.00000;20.00000;0.56356;2
635.66101;152.43667;      -1.68815; 39.50759;80.00000;20.00000;0.56353;2
635.71899;152.45000;      -1.68834; 39.50467;80.00000;20.00000;0.56351;2
635.78198;152.46333;      -1.68868; 39.50271;80.00000;20.00000;0.56349;2
635.85303;152.47667;      -1.68823; 39.50076;80.00000;20.00000;0.56346;2
635.91998;152.49000;      -1.68764; 39.49979;80.00000;20.00000;0.56344;2
635.98901;152.50333;      -1.68837; 39.49881;80.00000;20.00000;0.56341;2
636.04999;152.51667;      -1.68804; 39.49783;80.00000;20.00000;0.56339;2
636.12299;152.53000;      -1.68825; 39.49686;80.00000;20.00000;0.56337;2
636.18903;152.54333;      -1.68899; 39.49588;80.00000;20.00000;0.56334;2
636.25800;152.55667;      -1.68906; 39.49490;80.00000;20.00000;0.56332;2
636.32397;152.57000;      -1.68913; 39.49490;80.00000;20.00000;0.56329;2
636.39099;152.58333;      -1.69013; 39.48709;80.00000;20.00000;0.56327;2
636.45599;152.59667;      -1.69086; 39.47538;80.00000;20.00000;0.56325;2
636.52002;152.61000;      -1.69159; 39.45390;80.00000;20.00000;0.56322;2
636.59900;152.62333;      -1.69194; 39.43535;80.00000;20.00000;0.56319;2
636.65198;152.63667;      -1.69279; 39.42169;80.00000;20.00000;0.56318;2
636.71399;152.65000;      -1.69220; 39.41095;80.00000;20.00000;0.56315;2
636.78900;152.66333;      -1.69175; 39.40509;80.00000;20.00000;0.56313;2
636.84900;152.67667;      -1.69181; 39.40021;80.00000;20.00000;0.56310;2
636.91901;152.69000;      -1.69215; 39.39728;80.00000;20.00000;0.56308;2
636.98700;152.70333;      -1.69249; 39.39142;80.00000;20.00000;0.56306;2
637.05603;152.71667;      -1.69270; 39.38654;80.00000;20.00000;0.56303;2
637.12299;152.73000;      -1.69211; 39.38947;80.00000;20.00000;0.56301;2
637.19598;152.74333;      -1.69285; 39.39045;80.00000;20.00000;0.56298;2
637.25201;152.75667;      -1.69397; 39.39142;80.00000;20.00000;0.56296;2
637.32501;152.77000;      -1.69405; 39.39142;80.00000;20.00000;0.56293;2
637.38702;152.78333;      -1.69306; 39.39435;80.00000;20.00000;0.56291;2
637.46002;152.79667;      -1.69300; 39.39728;80.00000;20.00000;0.56289;2
637.52197;152.81000;      -1.69188; 39.40119;80.00000;20.00000;0.56286;2
637.59497;152.82333;      -1.69289; 39.40607;80.00000;20.00000;0.56284;2
637.65900;152.83667;      -1.69296; 39.40997;80.00000;20.00000;0.56281;2
637.72400;152.85000;      -1.69289; 39.41193;80.00000;20.00000;0.56279;2
637.78699;152.86333;      -1.69203; 39.41193;80.00000;20.00000;0.56277;2
637.85400;152.87667;      -1.69158; 39.41095;80.00000;20.00000;0.56274;2
637.92297;152.89000;      -1.69152; 39.41095;80.00000;20.00000;0.56272;2
637.99597;152.90333;      -1.69147; 39.40997;80.00000;20.00000;0.56269;2
638.05798;152.91667;      -1.69167; 39.40997;80.00000;20.00000;0.56267;2
638.13000;152.93000;      -1.69161; 39.41095;80.00000;20.00000;0.56264;2
638.19501;152.94333;      -1.69102; 39.41290;80.00000;20.00000;0.56262;2
638.26703;152.95667;      -1.69096; 39.41485;80.00000;20.00000;0.56260;2
638.33600;152.97000;      -1.69104; 39.41583;80.00000;20.00000;0.56257;2
638.39801;152.98333;      -1.69164; 39.41876;80.00000;20.00000;0.56255;2
638.45502;152.99667;      -1.69090; 39.42071;80.00000;20.00000;0.56253;2
638.53198;153.01000;      -1.69019; 39.42169;80.00000;20.00000;0.56250;2
638.60199;153.02333;      -1.69040; 39.42755;80.00000;20.00000;0.56247;2
638.66400;153.03667;      -1.69007; 39.43145;80.00000;20.00000;0.56245;2
638.73102;153.05000;      -1.68935; 39.43438;80.00000;20.00000;0.56243;2
638.79901;153.06333;      -1.68916; 39.43633;80.00000;20.00000;0.56240;2
638.86798;153.07667;      -1.68896; 39.43633;80.00000;20.00000;0.56238;2
638.92603;153.09000;      -1.68837; 39.43535;80.00000;20.00000;0.56236;2
638.99902;153.10333;      -1.68805; 39.43243;80.00000;20.00000;0.56233;2
639.06500;153.11667;      -1.68838; 39.42950;80.00000;20.00000;0.56231;2
639.12097;153.13000;      -1.68857; 39.42852;80.00000;20.00000;0.56229;2
639.18903;153.14333;      -1.68785; 39.43243;80.00000;20.00000;0.56226;2
639.25702;153.15667;      -1.68700; 39.43340;80.00000;20.00000;0.56224;2
639.32501;153.17000;      -1.68720; 39.43438;80.00000;20.00000;0.56222;2
639.39203;153.18333;      -1.68754; 39.43438;80.00000;20.00000;0.56219;2
639.46503;153.19667;      -1.68696; 39.43535;80.00000;20.00000;0.56217;2
639.52802;153.21000;      -1.68650; 39.43633;80.00000;20.00000;0.56214;2
639.60498;153.22333;      -1.68724; 39.43731;80.00000;20.00000;0.56212;2
639.66699;153.23667;      -1.68558; 39.44024;80.00000;20.00000;0.56209;2
639.72198;153.25000;      -1.68525; 39.44121;80.00000;20.00000;0.56207;2
639.79498;153.26333;      -1.68519; 39.44121;80.00000;20.00000;0.56205;2
639.86298;153.27667;      -1.68540; 39.44219;80.00000;20.00000;0.56202;2
639.92297;153.29000;      -1.68533; 39.43535;80.00000;20.00000;0.56200;2
639.99799;153.30333;      -1.68581; 39.43243;80.00000;20.00000;0.56197;2
640.06403;153.31667;      -1.68535; 39.42950;80.00000;20.00000;0.56195;2
640.13098;153.33000;      -1.68436; 39.42657;80.00000;20.00000;0.56193;2
640.19800;153.34333;      -1.68536; 39.42462;80.00000;20.00000;0.56190;2
640.26202;153.35667;      -1.68397; 39.42266;80.00000;20.00000;0.56188;2
640.32397;153.37000;      -1.68404; 39.42169;80.00000;20.00000;0.56186;2
640.39899;153.38333;      -1.68438; 39.41974;80.00000;20.00000;0.56183;2
640.45099;153.39667;      -1.68364; 39.41876;80.00000;20.00000;0.56181;2
640.52502;153.41000;      -1.68399; 39.41778;80.00000;20.00000;0.56179;2
640.58502;153.42333;      -1.68405; 39.41681;80.00000;20.00000;0.56176;2
640.65698;153.43667;      -1.68439; 39.41583;80.00000;20.00000;0.56174;2
640.71899;153.45000;      -1.68366; 39.41485;80.00000;20.00000;0.56172;2
640.78601;153.46333;      -1.68506; 39.41485;80.00000;20.00000;0.56169;2
640.86298;153.47667;      -1.68581; 39.41388;80.00000;20.00000;0.56167;2
640.92999;153.49000;      -1.68508; 39.41778;80.00000;20.00000;0.56164;2
640.98901;153.50333;      -1.68501; 39.42071;80.00000;20.00000;0.56162;2
641.06598;153.51667;      -1.68536; 39.42364;80.00000;20.00000;0.56159;2
641.12097;153.53000;      -1.68555; 39.42559;80.00000;20.00000;0.56157;2
641.20502;153.54333;      -1.68684; 39.42755;80.00000;20.00000;0.56154;2
641.27197;153.55667;      -1.68678; 39.42852;80.00000;20.00000;0.56152;2
641.33301;153.57000;      -1.68711; 39.42950;80.00000;20.00000;0.56150;2
641.39899;153.58333;      -1.68744; 39.43047;80.00000;20.00000;0.56147;2
641.46503;153.59667;      -1.68738; 39.43145;80.00000;20.00000;0.56145;2
641.53601;153.61000;      -1.68600; 39.43243;80.00000;20.00000;0.56143;2
641.60400;153.62333;      -1.68567; 39.43438;80.00000;20.00000;0.56140;2
641.66498;153.63667;      -1.68521; 39.43243;80.00000;20.00000;0.56138;2
641.72900;153.65000;      -1.68475; 39.43047;80.00000;20.00000;0.56136;2
641.79498;153.66333;      -1.68495; 39.42950;80.00000;20.00000;0.56133;2
641.86603;153.67667;      -1.68410; 39.42755;80.00000;20.00000;0.56131;2
641.93103;153.69000;      -1.68377; 39.42559;80.00000;20.00000;0.56128;2
642.00598;153.70333;      -1.68371; 39.42462;80.00000;20.00000;0.56126;2
642.06097;153.71667;      -1.68298; 39.41974;80.00000;20.00000;0.56124;2
642.13702;153.73000;      -1.68306; 39.41485;80.00000;20.00000;0.56121;2
642.20099;153.74333;      -1.68366; 39.40900;80.00000;20.00000;0.56119;2
642.26898;153.75667;      -1.68360; 39.40314;80.00000;20.00000;0.56116;2
642.33002;153.77000;      -1.68313; 39.39631;80.00000;20.00000;0.56114;2
642.40302;153.78333;      -1.68321; 39.39045;80.00000;20.00000;0.56112;2
642.46198;153.79667;      -1.68354; 39.38264;80.00000;20.00000;0.56110;2
642.53101;153.81000;      -1.68321; 39.37581;80.00000;20.00000;0.56107;2
642.60602;153.82333;      -1.68237; 39.37092;80.00000;20.00000;0.56104;2
642.66199;153.83667;      -1.68163; 39.36702;80.00000;20.00000;0.56102;2
642.73102;153.85000;      -1.68250; 39.36311;80.00000;20.00000;0.56100;2
642.80298;153.86333;      -1.68191; 39.36311;80.00000;20.00000;0.56097;2
642.86700;153.87667;      -1.68078; 39.36311;80.00000;20.00000;0.56095;2
642.93201;153.89000;      -1.68059; 39.36311;80.00000;20.00000;0.56093;2
642.99500;153.90333;      -1.68212; 39.36311;80.00000;20.00000;0.56091;2
643.07098;153.91667;      -1.68167; 39.36116;80.00000;20.00000;0.56088;2
643.13599;153.93000;      -1.68081; 39.35921;80.00000;20.00000;0.56086;2
643.19299;153.94333;      -1.68100; 39.35433;80.00000;20.00000;0.56084;2
643.26202;153.95667;      -1.68134; 39.34554;80.00000;20.00000;0.56081;2
643.32300;153.97000;      -1.68140; 39.33578;80.00000;20.00000;0.56079;2
643.40198;153.98333;      -1.68149; 39.32504;80.00000;20.00000;0.56076;2
643.46198;153.99667;      -1.68182; 39.31528;80.00000;20.00000;0.56074;2
643.53101;154.01000;      -1.68229; 39.30942;80.00000;20.00000;0.56071;2
643.59100;154.02333;      -1.68275; 39.30552;80.00000;20.00000;0.56069;2
643.65802;154.03667;      -1.68229; 39.30259;80.00000;20.00000;0.56067;2
643.72803;154.05000;      -1.68197; 39.30161;80.00000;20.00000;0.56064;2
643.79303;154.06333;      -1.68177; 39.30357;80.00000;20.00000;0.56062;2
643.86298;154.07667;      -1.68171; 39.30942;80.00000;20.00000;0.56060;2
643.93103;154.09000;      -1.68311; 39.31528;80.00000;20.00000;0.56057;2
644.00702;154.10333;      -1.68373; 39.32016;80.00000;20.00000;0.56055;2
644.06799;154.11667;      -1.68339; 39.32407;80.00000;20.00000;0.56052;2
644.14001;154.13000;      -1.68334; 39.32699;80.00000;20.00000;0.56050;2
644.20599;154.14333;      -1.68354; 39.33188;80.00000;20.00000;0.56048;2
644.27600;154.15667;      -1.68282; 39.33578;80.00000;20.00000;0.56045;2
644.34900;154.17000;      -1.68303; 39.34066;80.00000;20.00000;0.56042;2
644.40399;154.18333;      -1.68295; 39.34554;80.00000;20.00000;0.56041;2
644.47803;154.19667;      -1.68263; 39.35042;80.00000;20.00000;0.56038;2
644.54901;154.21000;      -1.68165; 39.35628;80.00000;20.00000;0.56035;2
644.60901;154.22333;      -1.68025; 39.36116;80.00000;20.00000;0.56033;2
644.66998;154.23667;      -1.68005; 39.36604;80.00000;20.00000;0.56031;2
644.73999;154.25000;      -1.67799; 39.36897;80.00000;20.00000;0.56029;2
644.81201;154.26333;      -1.67794; 39.36604;80.00000;20.00000;0.56026;2
644.87701;154.27667;      -1.67920; 39.36311;80.00000;20.00000;0.56024;2
644.93701;154.29000;      -1.67780; 39.36019;80.00000;20.00000;0.56022;2
644.99597;154.30333;      -1.67787; 39.35628;80.00000;20.00000;0.56020;2
645.07098;154.31667;      -1.67781; 39.35530;80.00000;20.00000;0.56017;2
645.12903;154.33000;      -1.67761; 39.35530;80.00000;20.00000;0.56015;2
645.20300;154.34333;      -1.67769; 39.35628;80.00000;20.00000;0.56012;2
645.26898;154.35667;      -1.67776; 39.35921;80.00000;20.00000;0.56010;2
645.33698;154.37000;      -1.67703; 39.36116;80.00000;20.00000;0.56007;2
645.40100;154.38333;      -1.67604; 39.36214;80.00000;20.00000;0.56005;2
645.46698;154.39667;      -1.67557; 39.36214;80.00000;20.00000;0.56003;2
645.53302;154.41000;      -1.67777; 39.35726;80.00000;20.00000;0.56001;2
645.60303;154.42333;      -1.67785; 39.35335;80.00000;20.00000;0.55998;2
645.67200;154.43667;      -1.67712; 39.34945;80.00000;20.00000;0.55996;2
645.73602;154.45000;      -1.67666; 39.34554;80.00000;20.00000;0.55993;2
645.80499;154.46333;      -1.67686; 39.34554;80.00000;20.00000;0.55991;2
645.87201;154.47667;      -1.67733; 39.34750;80.00000;20.00000;0.55989;2
645.93298;154.49000;      -1.67780; 39.34847;80.00000;20.00000;0.55986;2
646.00500;154.50333;      -1.67814; 39.34945;80.00000;20.00000;0.55984;2
646.07397;154.51667;      -1.67835; 39.35140;80.00000;20.00000;0.55981;2
646.13800;154.53000;      -1.67908; 39.35335;80.00000;20.00000;0.55979;2
646.21198;154.54333;      -1.67889; 39.35530;80.00000;20.00000;0.55977;2
646.28101;154.55667;      -1.67856; 39.35628;80.00000;20.00000;0.55974;2
646.33301;154.57000;      -1.67928; 39.35726;80.00000;20.00000;0.55972;2
646.40802;154.58333;      -1.67923; 39.35823;80.00000;20.00000;0.55970;2
646.47900;154.59667;      -1.67944; 39.35726;80.00000;20.00000;0.55967;2
646.54102;154.61000;      -1.67937; 39.35823;80.00000;20.00000;0.55965;2
646.61200;154.62333;      -1.67892; 39.35726;80.00000;20.00000;0.55962;2
646.66901;154.63667;      -1.67911; 39.35726;80.00000;20.00000;0.55960;2
646.72998;154.65000;      -1.67824; 39.35628;80.00000;20.00000;0.55958;2
646.80499;154.66333;      -1.67792; 39.35530;80.00000;20.00000;0.55956;2
646.87701;154.67667;      -1.67813; 39.35238;80.00000;20.00000;0.55953;2
646.94397;154.69000;      -1.67887; 39.35140;80.00000;20.00000;0.55951;2
647.01001;154.70333;      -1.67974; 39.34652;80.00000;20.00000;0.55948;2
647.07202;154.71667;      -1.67967; 39.34554;80.00000;20.00000;0.55946;2
647.14301;154.73000;      -1.67988; 39.34457;80.00000;20.00000;0.55944;2
647.20398;154.74333;      -1.68021; 39.34359;80.00000;20.00000;0.55941;2
647.27399;154.75667;      -1.68028; 39.34261;80.00000;20.00000;0.55939;2
647.34497;154.77000;      -1.67982; 39.34261;80.00000;20.00000;0.55937;2
647.40698;154.78333;      -1.68002; 39.34261;80.00000;20.00000;0.55934;2
647.47302;154.79667;      -1.67956; 39.34554;80.00000;20.00000;0.55932;2
647.54602;154.81000;      -1.67884; 39.34945;80.00000;20.00000;0.55929;2
647.61401;154.82333;      -1.67864; 39.35433;80.00000;20.00000;0.55927;2
647.67999;154.83667;      -1.67871; 39.35921;80.00000;20.00000;0.55925;2
647.74902;154.85000;      -1.67799; 39.36409;80.00000;20.00000;0.55922;2
647.81097;154.86333;      -1.67765; 39.36702;80.00000;20.00000;0.55920;2
647.87903;154.87667;      -1.67719; 39.36995;80.00000;20.00000;0.55918;2
647.94299;154.89000;      -1.67646; 39.37288;80.00000;20.00000;0.55915;2
648.00598;154.90333;      -1.67600; 39.37483;80.00000;20.00000;0.55913;2
648.07599;154.91667;      -1.67580; 39.37483;80.00000;20.00000;0.55911;2
648.13702;154.93000;      -1.67533; 39.37483;80.00000;20.00000;0.55909;2
648.20801;154.94333;      -1.67448; 39.37288;80.00000;20.00000;0.55906;2
648.27698;154.95667;      -1.67468; 39.37190;80.00000;20.00000;0.55904;2
648.33600;154.97000;      -1.67514; 39.36995;80.00000;20.00000;0.55902;2
648.40198;154.98333;      -1.67508; 39.36897;80.00000;20.00000;0.55899;2
648.47900;154.99667;      -1.67450; 39.36702;80.00000;20.00000;0.55897;2
648.54498;155.01000;      -1.67403; 39.36604;80.00000;20.00000;0.55894;2
648.60797;155.02333;      -1.67277; 39.36409;80.00000;20.00000;0.55892;2
648.67798;155.03667;      -1.67297; 39.36311;80.00000;20.00000;0.55890;2
648.74200;155.05000;      -1.67411; 39.36116;80.00000;20.00000;0.55887;2
648.80603;155.06333;      -1.67417; 39.35921;80.00000;20.00000;0.55885;2
648.87701;155.07667;      -1.67412; 39.35726;80.00000;20.00000;0.55883;2
648.94299;155.09000;      -1.67498; 39.35530;80.00000;20.00000;0.55880;2
648.99902;155.10333;      -1.67491; 39.35238;80.00000;20.00000;0.55878;2
649.07001;155.11667;      -1.67538; 39.34261;80.00000;20.00000;0.55876;2
649.14301;155.13000;      -1.67559; 39.33285;80.00000;20.00000;0.55873;2
649.21198;155.14333;      -1.67567; 39.32114;80.00000;20.00000;0.55871;2
649.27502;155.15667;      -1.67600; 39.31040;80.00000;20.00000;0.55869;2
649.34003;155.17000;      -1.67674; 39.30161;80.00000;20.00000;0.55866;2
649.41901;155.18333;      -1.67629; 39.29380;80.00000;20.00000;0.55864;2
649.48102;155.19667;      -1.67595; 39.28502;80.00000;20.00000;0.55861;2
649.54102;155.21000;      -1.67508; 39.27721;80.00000;20.00000;0.55859;2
649.61102;155.22333;      -1.67529; 39.26842;80.00000;20.00000;0.55857;2
649.66998;155.23667;      -1.67482; 39.26354;80.00000;20.00000;0.55855;2
649.74500;155.25000;      -1.67463; 39.25768;80.00000;20.00000;0.55852;2
649.80902;155.26333;      -1.67443; 39.25183;80.00000;20.00000;0.55850;2
649.87799;155.27667;      -1.67397; 39.24987;80.00000;20.00000;0.55847;2
649.94098;155.29000;      -1.67363; 39.24890;80.00000;20.00000;0.55845;2
650.01501;155.30333;      -1.67358; 39.25085;80.00000;20.00000;0.55843;2
650.08301;155.31667;      -1.67338; 39.25183;80.00000;20.00000;0.55840;2
650.14203;155.33000;      -1.67371; 39.25280;80.00000;20.00000;0.55838;2
650.21399;155.34333;      -1.67379; 39.25475;80.00000;20.00000;0.55836;2
650.28802;155.35667;      -1.67333; 39.25573;80.00000;20.00000;0.55833;2
650.34998;155.37000;      -1.67300; 39.25573;80.00000;20.00000;0.55831;2
650.40198;155.38333;      -1.67238; 39.25280;80.00000;20.00000;0.55829;2
650.47699;155.39667;      -1.67246; 39.24987;80.00000;20.00000;0.55826;2
650.54102;155.41000;      -1.67160; 39.24597;80.00000;20.00000;0.55824;2
650.60303;155.42333;      -1.67180; 39.24109;80.00000;20.00000;0.55822;2
650.67499;155.43667;      -1.67240; 39.24011;80.00000;20.00000;0.55820;2
650.74298;155.45000;      -1.67221; 39.24109;80.00000;20.00000;0.55817;2
650.80902;155.46333;      -1.67201; 39.24597;80.00000;20.00000;0.55815;2
650.87701;155.47667;      -1.67235; 39.25378;80.00000;20.00000;0.55812;2
650.93903;155.49000;      -1.67108; 39.26256;80.00000;20.00000;0.55810;2
651.00800;155.50333;      -1.67315; 39.26940;80.00000;20.00000;0.55808;2
651.08002;155.51667;      -1.67230; 39.27428;80.00000;20.00000;0.55805;2
651.14203;155.53000;      -1.67316; 39.27818;80.00000;20.00000;0.55803;2
651.20300;155.54333;      -1.67309; 39.28209;80.00000;20.00000;0.55801;2
651.28198;155.55667;      -1.67211; 39.28306;80.00000;20.00000;0.55798;2
651.34601;155.57000;      -1.67124; 39.28209;80.00000;20.00000;0.55796;2
651.41302;155.58333;      -1.67104; 39.28014;80.00000;20.00000;0.55794;2
651.47803;155.59667;      -1.67084; 39.27916;80.00000;20.00000;0.55791;2
651.54797;155.61000;      -1.66985; 39.27721;80.00000;20.00000;0.55789;2
651.60498;155.62333;      -1.66964; 39.27721;80.00000;20.00000;0.55787;2
651.66400;155.63667;      -1.67050; 39.27721;80.00000;20.00000;0.55785;2
651.73999;155.65000;      -1.67085; 39.27623;80.00000;20.00000;0.55782;2
651.80298;155.66333;      -1.67012; 39.27623;80.00000;20.00000;0.55780;2
651.87500;155.67667;      -1.67032; 39.27525;80.00000;20.00000;0.55778;2
651.94000;155.69000;      -1.67053; 39.27428;80.00000;20.00000;0.55775;2
652.00702;155.70333;      -1.67033; 39.27330;80.00000;20.00000;0.55773;2
652.07703;155.71667;      -1.66947; 39.27135;80.00000;20.00000;0.55770;2
652.14502;155.73000;      -1.66954; 39.26647;80.00000;20.00000;0.55768;2
652.21503;155.74333;      -1.67015; 39.26256;80.00000;20.00000;0.55766;2
652.28101;155.75667;      -1.67062; 39.25768;80.00000;20.00000;0.55763;2
652.34998;155.77000;      -1.67096; 39.25378;80.00000;20.00000;0.55761;2
652.41699;155.78333;      -1.67089; 39.24987;80.00000;20.00000;0.55759;2
652.48199;155.79667;      -1.67069; 39.24694;80.00000;20.00000;0.55756;2
652.54102;155.81000;      -1.67035; 39.24499;80.00000;20.00000;0.55754;2
652.62201;155.82333;      -1.67084; 39.24402;80.00000;20.00000;0.55751;2
652.67401;155.83667;      -1.66969; 39.24304;80.00000;20.00000;0.55750;2
652.75299;155.85000;      -1.67017; 39.24206;80.00000;20.00000;0.55747;2
652.81897;155.86333;      -1.66971; 39.24206;80.00000;20.00000;0.55745;2
652.87701;155.87667;      -1.66950; 39.24206;80.00000;20.00000;0.55743;2
652.94897;155.89000;      -1.67025; 39.24206;80.00000;20.00000;0.55740;2
653.01001;155.90333;      -1.66964; 39.24109;80.00000;20.00000;0.55738;2
653.07501;155.91667;      -1.66944; 39.23816;80.00000;20.00000;0.55736;2
653.14899;155.93000;      -1.66925; 39.23425;80.00000;20.00000;0.55733;2
653.20398;155.94333;      -1.66864; 39.23132;80.00000;20.00000;0.55731;2
653.27002;155.95667;      -1.66737; 39.22937;80.00000;20.00000;0.55729;2
653.33398;155.97000;      -1.66811; 39.22742;80.00000;20.00000;0.55727;2
653.41400;155.98333;      -1.66859; 39.22644;80.00000;20.00000;0.55724;2
653.48602;155.99667;      -1.66867; 39.22644;80.00000;20.00000;0.55721;2
653.54700;156.01000;      -1.66793; 39.22547;80.00000;20.00000;0.55719;2
653.60797;156.02333;      -1.66813; 39.22547;80.00000;20.00000;0.55717;2
653.68500;156.03667;      -1.66794; 39.22449;80.00000;20.00000;0.55714;2
653.74200;156.05000;      -1.66720; 39.22449;80.00000;20.00000;0.55712;2
653.81097;156.06333;      -1.66687; 39.22547;80.00000;20.00000;0.55710;2
653.87598;156.07667;      -1.66653; 39.22742;80.00000;20.00000;0.55708;2
653.94397;156.09000;      -1.66687; 39.23230;80.00000;20.00000;0.55705;2
654.02002;156.10333;      -1.66642; 39.23913;80.00000;20.00000;0.55703;2
654.07898;156.11667;      -1.66608; 39.24499;80.00000;20.00000;0.55701;2
654.14600;156.13000;      -1.66655; 39.25183;80.00000;20.00000;0.55698;2
654.22498;156.14333;      -1.66636; 39.25866;80.00000;20.00000;0.55696;2
654.29303;156.15667;      -1.66576; 39.26549;80.00000;20.00000;0.55693;2
654.34601;156.17000;      -1.66582; 39.27037;80.00000;20.00000;0.55691;2
654.41302;156.18333;      -1.66469; 39.27721;80.00000;20.00000;0.55689;2
654.48199;156.19667;      -1.66409; 39.28111;80.00000;20.00000;0.55687;2
654.54999;156.21000;      -1.66456; 39.28306;80.00000;20.00000;0.55684;2
654.60901;156.22333;      -1.66395; 39.28404;80.00000;20.00000;0.55682;2
654.67999;156.23667;      -1.66443; 39.28306;80.00000;20.00000;0.55680;2
654.75299;156.25000;      -1.66490; 39.28306;80.00000;20.00000;0.55677;2
654.81897;156.26333;      -1.66430; 39.28111;80.00000;20.00000;0.55675;2
654.88898;156.27667;      -1.66264; 39.27818;80.00000;20.00000;0.55673;2
654.94897;156.29000;      -1.66350; 39.27623;80.00000;20.00000;0.55670;2
655.00897;156.30333;      -1.66303; 39.26842;80.00000;20.00000;0.55668;2
655.07397;156.31667;      -1.66229; 39.26159;80.00000;20.00000;0.55666;2
655.14099;156.33000;      -1.66183; 39.25573;80.00000;20.00000;0.55664;2
655.21503;156.34333;      -1.66137; 39.25085;80.00000;20.00000;0.55661;2
655.27002;156.35667;      -1.66049; 39.24792;80.00000;20.00000;0.55659;2
655.34497;156.37000;      -1.66124; 39.24499;80.00000;20.00000;0.55657;2
655.40997;156.38333;      -1.66064; 39.24206;80.00000;20.00000;0.55654;2
655.48199;156.39667;      -1.66151; 39.24011;80.00000;20.00000;0.55652;2
655.54602;156.41000;      -1.66118; 39.23718;80.00000;20.00000;0.55650;2
655.61102;156.42333;      -1.66138; 39.23523;80.00000;20.00000;0.55648;2
655.67401;156.43667;      -1.66077; 39.23425;80.00000;20.00000;0.55645;2
655.73401;156.45000;      -1.66137; 39.23328;80.00000;20.00000;0.55643;2
655.79602;156.46333;      -1.66157; 39.23328;80.00000;20.00000;0.55641;2
655.87402;156.47667;      -1.66205; 39.23230;80.00000;20.00000;0.55638;2
655.94000;156.49000;      -1.66212; 39.23230;80.00000;20.00000;0.55636;2
656.01599;156.50333;      -1.66140; 39.23230;80.00000;20.00000;0.55633;2
656.08301;156.51667;      -1.66227; 39.23230;80.00000;20.00000;0.55631;2
656.14502;156.53000;      -1.66287; 39.23132;80.00000;20.00000;0.55629;2
656.21503;156.54333;      -1.66281; 39.23132;80.00000;20.00000;0.55627;2
656.27698;156.55667;      -1.66260; 39.23035;80.00000;20.00000;0.55624;2
656.34497;156.57000;      -1.66321; 39.22937;80.00000;20.00000;0.55622;2
656.40997;156.58333;      -1.66287; 39.22840;80.00000;20.00000;0.55620;2
656.46899;156.59667;      -1.66347; 39.22742;80.00000;20.00000;0.55618;2
656.53302;156.61000;      -1.66314; 39.22742;80.00000;20.00000;0.55616;2
656.60602;156.62333;      -1.66308; 39.22644;80.00000;20.00000;0.55613;2
656.67603;156.63667;      -1.66395; 39.22547;80.00000;20.00000;0.55611;2
656.73901;156.65000;      -1.66228; 39.22449;80.00000;20.00000;0.55608;2
656.81000;156.66333;      -1.66182; 39.22352;80.00000;20.00000;0.55606;2
656.88000;156.67667;      -1.66323; 39.22254;80.00000;20.00000;0.55604;2
656.94501;156.69000;      -1.66262; 39.22156;80.00000;20.00000;0.55601;2
657.00897;156.70333;      -1.66349; 39.21961;80.00000;20.00000;0.55599;2
657.07599;156.71667;      -1.66343; 39.21668;80.00000;20.00000;0.55597;2
657.14001;156.73000;      -1.66376; 39.21375;80.00000;20.00000;0.55595;2
657.21600;156.74333;      -1.66250; 39.21180;80.00000;20.00000;0.55592;2
657.27698;156.75667;      -1.66243; 39.20985;80.00000;20.00000;0.55590;2
657.34399;156.77000;      -1.66223; 39.20887;80.00000;20.00000;0.55588;2
657.41400;156.78333;      -1.66204; 39.20692;80.00000;20.00000;0.55585;2
657.47198;156.79667;      -1.66196; 39.21082;80.00000;20.00000;0.55583;2
657.54498;156.81000;      -1.66164; 39.21375;80.00000;20.00000;0.55581;2
657.59998;156.82333;      -1.66129; 39.21668;80.00000;20.00000;0.55579;2
657.66901;156.83667;      -1.66029; 39.21863;80.00000;20.00000;0.55576;2
657.73999;156.85000;      -1.66130; 39.21863;80.00000;20.00000;0.55574;2
657.81403;156.86333;      -1.66111; 39.21961;80.00000;20.00000;0.55571;2
657.86798;156.87667;      -1.66063; 39.21961;80.00000;20.00000;0.55569;2
657.93799;156.89000;      -1.65963; 39.21863;80.00000;20.00000;0.55567;2
658.01501;156.90333;      -1.66038; 39.21766;80.00000;20.00000;0.55564;2
658.07599;156.91667;      -1.66098; 39.21766;80.00000;20.00000;0.55562;2
658.13202;156.93000;      -1.66104; 39.22254;80.00000;20.00000;0.55560;2
658.20398;156.94333;      -1.66124; 39.22644;80.00000;20.00000;0.55558;2
658.27399;156.95667;      -1.66051; 39.23035;80.00000;20.00000;0.55555;2
658.33899;156.97000;      -1.66071; 39.23425;80.00000;20.00000;0.55553;2
658.40997;156.98333;      -1.66038; 39.23718;80.00000;20.00000;0.55551;2
658.47400;156.99667;      -1.66112; 39.23913;80.00000;20.00000;0.55549;2
658.55200;157.01000;      -1.66120; 39.24109;80.00000;20.00000;0.55546;2
658.61298;157.02333;      -1.66126; 39.24304;80.00000;20.00000;0.55544;2
658.67798;157.03667;      -1.66120; 39.24402;80.00000;20.00000;0.55542;2
658.74402;157.05000;      -1.66140; 39.24597;80.00000;20.00000;0.55539;2
658.81201;157.06333;      -1.66053; 39.24597;80.00000;20.00000;0.55537;2
658.88202;157.07667;      -1.66047; 39.24694;80.00000;20.00000;0.55534;2
658.95001;157.09000;      -1.66000; 39.24597;80.00000;20.00000;0.55532;2
659.01398;157.10333;      -1.66034; 39.24499;80.00000;20.00000;0.55530;2
659.07501;157.11667;      -1.66053; 39.24109;80.00000;20.00000;0.55528;2
659.14502;157.13000;      -1.65913; 39.23328;80.00000;20.00000;0.55525;2
659.21698;157.14333;      -1.65894; 39.22156;80.00000;20.00000;0.55523;2
659.27301;157.15667;      -1.65779; 39.20692;80.00000;20.00000;0.55521;2
659.34601;157.17000;      -1.65759; 39.19325;80.00000;20.00000;0.55519;2
659.40900;157.18333;      -1.65672; 39.17666;80.00000;20.00000;0.55516;2
659.47699;157.19667;      -1.65706; 39.15908;80.00000;20.00000;0.55514;2
659.54199;157.21000;      -1.65672; 39.14639;80.00000;20.00000;0.55512;2
659.60797;157.22333;      -1.65612; 39.13663;80.00000;20.00000;0.55509;2
659.67603;157.23667;      -1.65592; 39.13175;80.00000;20.00000;0.55507;2
659.74597;157.25000;      -1.65492; 39.12882;80.00000;20.00000;0.55505;2
659.81500;157.26333;      -1.65472; 39.12687;80.00000;20.00000;0.55502;2
659.88098;157.27667;      -1.65492; 39.12394;80.00000;20.00000;0.55500;2
659.94897;157.29000;      -1.65539; 39.12101;80.00000;20.00000;0.55498;2
660.00897;157.30333;      -1.65478; 39.11808;80.00000;20.00000;0.55496;2
660.07898;157.31667;      -1.65526; 39.11515;80.00000;20.00000;0.55493;2
660.13702;157.33000;      -1.65398; 39.11125;80.00000;20.00000;0.55491;2
660.20502;157.34333;      -1.65418; 39.10930;80.00000;20.00000;0.55489;2
660.28699;157.35667;      -1.65426; 39.10735;80.00000;20.00000;0.55486;2
660.34399;157.37000;      -1.65365; 39.10637;80.00000;20.00000;0.55484;2
660.41400;157.38333;      -1.65319; 39.10637;80.00000;20.00000;0.55482;2
660.47498;157.39667;      -1.65298; 39.10539;80.00000;20.00000;0.55480;2
660.54498;157.41000;      -1.65332; 39.10539;80.00000;20.00000;0.55477;2
660.61401;157.42333;      -1.65366; 39.10832;80.00000;20.00000;0.55475;2
660.68103;157.43667;      -1.65319; 39.11125;80.00000;20.00000;0.55473;2
660.75000;157.45000;      -1.65393; 39.11613;80.00000;20.00000;0.55470;2
660.81299;157.46333;      -1.65238; 39.12101;80.00000;20.00000;0.55468;2
660.88202;157.47667;      -1.65246; 39.12687;80.00000;20.00000;0.55466;2
660.93701;157.49000;      -1.65251; 39.13566;80.00000;20.00000;0.55464;2
661.01599;157.50333;      -1.65192; 39.14444;80.00000;20.00000;0.55461;2
661.08002;157.51667;      -1.65266; 39.14932;80.00000;20.00000;0.55459;2
661.14697;157.53000;      -1.65273; 39.15225;80.00000;20.00000;0.55457;2
661.20398;157.54333;      -1.65278; 39.15420;80.00000;20.00000;0.55455;2
661.27502;157.55667;      -1.65178; 39.15713;80.00000;20.00000;0.55452;2
661.34003;157.57000;      -1.65158; 39.15908;80.00000;20.00000;0.55450;2
661.42102;157.58333;      -1.65207; 39.16201;80.00000;20.00000;0.55447;2
661.48199;157.59667;      -1.65119; 39.16494;80.00000;20.00000;0.55445;2
661.55298;157.61000;      -1.65126; 39.16689;80.00000;20.00000;0.55443;2
661.61603;157.62333;      -1.65173; 39.16787;80.00000;20.00000;0.55441;2
661.67401;157.63667;      -1.65152; 39.16982;80.00000;20.00000;0.55439;2
661.75000;157.65000;      -1.65146; 39.17275;80.00000;20.00000;0.55436;2
661.80902;157.66333;      -1.65139; 39.17763;80.00000;20.00000;0.55434;2
661.88202;157.67667;      -1.65160; 39.18740;80.00000;20.00000;0.55431;2
661.95099;157.69000;      -1.65113; 39.19228;80.00000;20.00000;0.55429;2
662.01398;157.70333;      -1.65106; 39.19716;80.00000;20.00000;0.55427;2
662.07703;157.71667;      -1.65085; 39.20106;80.00000;20.00000;0.55425;2
662.13898;157.73000;      -1.65213; 39.20399;80.00000;20.00000;0.55423;2
662.21698;157.74333;      -1.65207; 39.20692;80.00000;20.00000;0.55420;2
662.28003;157.75667;      -1.65214; 39.20887;80.00000;20.00000;0.55418;2
662.35498;157.77000;      -1.65141; 39.20887;80.00000;20.00000;0.55415;2
662.41302;157.78333;      -1.65147; 39.20887;80.00000;20.00000;0.55413;2
662.47998;157.79667;      -1.65153; 39.20790;80.00000;20.00000;0.55411;2
662.54797;157.81000;      -1.65174; 39.20790;80.00000;20.00000;0.55409;2
662.61798;157.82333;      -1.65141; 39.20692;80.00000;20.00000;0.55406;2
662.67798;157.83667;      -1.65160; 39.20106;80.00000;20.00000;0.55404;2
662.75000;157.85000;      -1.65127; 39.19520;80.00000;20.00000;0.55402;2
662.81500;157.86333;      -1.65161; 39.19130;80.00000;20.00000;0.55400;2
662.89099;157.87667;      -1.65168; 39.18642;80.00000;20.00000;0.55397;2
662.94800;157.89000;      -1.65134; 39.18251;80.00000;20.00000;0.55395;2
663.01801;157.90333;      -1.65168; 39.17959;80.00000;20.00000;0.55393;2
663.08301;157.91667;      -1.65094; 39.17568;80.00000;20.00000;0.55390;2
663.14697;157.93000;      -1.65087; 39.17275;80.00000;20.00000;0.55388;2
663.21997;157.94333;      -1.65054; 39.16689;80.00000;20.00000;0.55386;2
663.28101;157.95667;      -1.65087; 39.16299;80.00000;20.00000;0.55384;2
663.34698;157.97000;      -1.65080; 39.15811;80.00000;20.00000;0.55381;2
663.42401;157.98333;      -1.64994; 39.15420;80.00000;20.00000;0.55379;2
663.48700;157.99667;      -1.64987; 39.15127;80.00000;20.00000;0.55377;2
663.54999;158.01000;      -1.64886; 39.15030;80.00000;20.00000;0.55374;2
663.61298;158.02333;      -1.64825; 39.14932;80.00000;20.00000;0.55372;2
663.68402;158.03667;      -1.64819; 39.15030;80.00000;20.00000;0.55370;2
663.74799;158.05000;      -1.64906; 39.15127;80.00000;20.00000;0.55368;2
663.82001;158.06333;      -1.64765; 39.15127;80.00000;20.00000;0.55365;2
663.88898;158.07667;      -1.64772; 39.15225;80.00000;20.00000;0.55363;2
663.95099;158.09000;      -1.64657; 39.15225;80.00000;20.00000;0.55361;2
664.01801;158.10333;      -1.64610; 39.15127;80.00000;20.00000;0.55358;2
664.08600;158.11667;      -1.64590; 39.15127;80.00000;20.00000;0.55356;2
664.14899;158.13000;      -1.64489; 39.14932;80.00000;20.00000;0.55354;2
664.21997;158.14333;      -1.64469; 39.14639;80.00000;20.00000;0.55352;2
664.28198;158.15667;      -1.64435; 39.14249;80.00000;20.00000;0.55349;2
664.35199;158.17000;      -1.64402; 39.13566;80.00000;20.00000;0.55347;2
664.40900;158.18333;      -1.64354; 39.12785;80.00000;20.00000;0.55345;2
664.48499;158.19667;      -1.64362; 39.12004;80.00000;20.00000;0.55343;2
664.54602;158.21000;      -1.64314; 39.11320;80.00000;20.00000;0.55341;2
664.61798;158.22333;      -1.64348; 39.10930;80.00000;20.00000;0.55338;2
664.68298;158.23667;      -1.64328; 39.10539;80.00000;20.00000;0.55336;2
664.75201;158.25000;      -1.64389; 39.10246;80.00000;20.00000;0.55333;2
664.81702;158.26333;      -1.64355; 39.10051;80.00000;20.00000;0.55331;2
664.88702;158.27667;      -1.64348; 39.09758;80.00000;20.00000;0.55329;2
664.94897;158.29000;      -1.64382; 39.09563;80.00000;20.00000;0.55327;2
665.01801;158.30333;      -1.64402; 39.09368;80.00000;20.00000;0.55324;2
665.08600;158.31667;      -1.64382; 39.08977;80.00000;20.00000;0.55322;2
665.15198;158.33000;      -1.64321; 39.08684;80.00000;20.00000;0.55320;2
665.21698;158.34333;      -1.64301; 39.08489;80.00000;20.00000;0.55318;2
665.28699;158.35667;      -1.64335; 39.08196;80.00000;20.00000;0.55315;2
665.35901;158.37000;      -1.64329; 39.07806;80.00000;20.00000;0.55313;2
665.42200;158.38333;      -1.64308; 39.07513;80.00000;20.00000;0.55311;2
665.48499;158.39667;      -1.64328; 39.07513;80.00000;20.00000;0.55309;2
665.55701;158.41000;      -1.64295; 39.07611;80.00000;20.00000;0.55306;2
665.61798;158.42333;      -1.64193; 39.08001;80.00000;20.00000;0.55304;2
665.68597;158.43667;      -1.64133; 39.08587;80.00000;20.00000;0.55302;2
665.74298;158.45000;      -1.64031; 39.09173;80.00000;20.00000;0.55300;2
665.80902;158.46333;      -1.63957; 39.09465;80.00000;20.00000;0.55298;2
665.88098;158.47667;      -1.63897; 39.09758;80.00000;20.00000;0.55295;2
665.94000;158.49000;      -1.63916; 39.09856;80.00000;20.00000;0.55293;2
666.01501;158.50333;      -1.64085; 39.09954;80.00000;20.00000;0.55291;2
666.08698;158.51667;      -1.64079; 39.10051;80.00000;20.00000;0.55288;2
666.15002;158.53000;      -1.64058; 39.10051;80.00000;20.00000;0.55286;2
666.22601;158.54333;      -1.64107; 39.10051;80.00000;20.00000;0.55283;2
666.28601;158.55667;      -1.64166; 39.10051;80.00000;20.00000;0.55281;2
666.35602;158.57000;      -1.64147; 39.10051;80.00000;20.00000;0.55279;2
666.41602;158.58333;      -1.64099; 39.10051;80.00000;20.00000;0.55277;2
666.48297;158.59667;      -1.64132; 39.10051;80.00000;20.00000;0.55275;2
666.54602;158.61000;      -1.64139; 39.10051;80.00000;20.00000;0.55273;2
666.61700;158.62333;      -1.64159; 39.10051;80.00000;20.00000;0.55270;2
666.69501;158.63667;      -1.64248; 39.09954;80.00000;20.00000;0.55267;2
666.75897;158.65000;      -1.64160; 39.09954;80.00000;20.00000;0.55265;2
666.82501;158.66333;      -1.64113; 39.09856;80.00000;20.00000;0.55263;2
666.88397;158.67667;      -1.64119; 39.09758;80.00000;20.00000;0.55261;2
666.95203;158.69000;      -1.64072; 39.09661;80.00000;20.00000;0.55259;2
667.01202;158.70333;      -1.64051; 39.09661;80.00000;20.00000;0.55257;2
667.08099;158.71667;      -1.64112; 39.09661;80.00000;20.00000;0.55254;2
667.15698;158.73000;      -1.64012; 39.09563;80.00000;20.00000;0.55252;2
667.21503;158.74333;      -1.63990; 39.09465;80.00000;20.00000;0.55250;2
667.27899;158.75667;      -1.63970; 39.09465;80.00000;20.00000;0.55248;2
667.34003;158.77000;      -1.63949; 39.09465;80.00000;20.00000;0.55246;2
667.41901;158.78333;      -1.63903; 39.09270;80.00000;20.00000;0.55243;2
667.48602;158.79667;      -1.63856; 39.08977;80.00000;20.00000;0.55241;2
667.55103;158.81000;      -1.63862; 39.08684;80.00000;20.00000;0.55238;2
667.61700;158.82333;      -1.63923; 39.08489;80.00000;20.00000;0.55236;2
667.68103;158.83667;      -1.63848; 39.08294;80.00000;20.00000;0.55234;2
667.75299;158.85000;      -1.63856; 39.08099;80.00000;20.00000;0.55232;2
667.81201;158.86333;      -1.63875; 39.08294;80.00000;20.00000;0.55230;2
667.88702;158.87667;      -1.63829; 39.08587;80.00000;20.00000;0.55227;2
667.94702;158.89000;      -1.63889; 39.08880;80.00000;20.00000;0.55225;2
668.02698;158.90333;      -1.63897; 39.09173;80.00000;20.00000;0.55222;2
668.09198;158.91667;      -1.63917; 39.09368;80.00000;20.00000;0.55220;2
668.15503;158.93000;      -1.63896; 39.09270;80.00000;20.00000;0.55218;2
668.22498;158.94333;      -1.63849; 39.09270;80.00000;20.00000;0.55216;2
668.28198;158.95667;      -1.63747; 39.09173;80.00000;20.00000;0.55214;2
668.35999;158.97000;      -1.63741; 39.09173;80.00000;20.00000;0.55211;2
668.41998;158.98333;      -1.63734; 39.09173;80.00000;20.00000;0.55209;2
668.48700;158.99667;      -1.63713; 39.09075;80.00000;20.00000;0.55207;2
668.55402;159.01000;      -1.63639; 39.09075;80.00000;20.00000;0.55205;2
668.61798;159.02333;      -1.63632; 39.09075;80.00000;20.00000;0.55202;2
668.68701;159.03667;      -1.63626; 39.09075;80.00000;20.00000;0.55200;2
668.75403;159.05000;      -1.63551; 39.09075;80.00000;20.00000;0.55198;2
668.81097;159.06333;      -1.63598; 39.09075;80.00000;20.00000;0.55196;2
668.88098;159.07667;      -1.63632; 39.09075;80.00000;20.00000;0.55194;2
668.94800;159.09000;      -1.63598; 39.09075;80.00000;20.00000;0.55191;2
669.02802;159.10333;      -1.63619; 39.09075;80.00000;20.00000;0.55189;2
669.07898;159.11667;      -1.63651; 39.09075;80.00000;20.00000;0.55187;2
669.15302;159.13000;      -1.63632; 39.09075;80.00000;20.00000;0.55184;2
669.22101;159.14333;      -1.63571; 39.09075;80.00000;20.00000;0.55182;2
669.29401;159.15667;      -1.63524; 39.09075;80.00000;20.00000;0.55180;2
669.35400;159.17000;      -1.63571; 39.09075;80.00000;20.00000;0.55178;2
669.41803;159.18333;      -1.63537; 39.09075;80.00000;20.00000;0.55175;2
669.49298;159.19667;      -1.63490; 39.09075;80.00000;20.00000;0.55173;2
669.55902;159.21000;      -1.63551; 39.09075;80.00000;20.00000;0.55171;2
669.61700;159.22333;      -1.63503; 39.09075;80.00000;20.00000;0.55169;2
669.69299;159.23667;      -1.63551; 39.08977;80.00000;20.00000;0.55166;2
669.75702;159.25000;      -1.63557; 39.08684;80.00000;20.00000;0.55164;2
669.82703;159.26333;      -1.63375; 39.08392;80.00000;20.00000;0.55162;2
669.88898;159.27667;      -1.63314; 39.08001;80.00000;20.00000;0.55160;2
669.95898;159.29000;      -1.63348; 39.07611;80.00000;20.00000;0.55157;2
670.02002;159.30333;      -1.63421; 39.07318;80.00000;20.00000;0.55155;2
670.09198;159.31667;      -1.63320; 39.06927;80.00000;20.00000;0.55153;2
670.15100;159.33000;      -1.63313; 39.06634;80.00000;20.00000;0.55151;2
670.22601;159.34333;      -1.63158; 39.06439;80.00000;20.00000;0.55148;2
670.29102;159.35667;      -1.63111; 39.06244;80.00000;20.00000;0.55146;2
670.35498;159.37000;      -1.63050; 39.06049;80.00000;20.00000;0.55144;2
670.42200;159.38333;      -1.63083; 39.05463;80.00000;20.00000;0.55142;2
670.49701;159.39667;      -1.63131; 39.04975;80.00000;20.00000;0.55139;2
670.56201;159.41000;      -1.63165; 39.04487;80.00000;20.00000;0.55137;2
670.62000;159.42333;      -1.63171; 39.04096;80.00000;20.00000;0.55135;2
670.69397;159.43667;      -1.63191; 39.03803;80.00000;20.00000;0.55132;2
670.75702;159.45000;      -1.63103; 39.03803;80.00000;20.00000;0.55130;2
670.82703;159.46333;      -1.63002; 39.03608;80.00000;20.00000;0.55128;2
670.89600;159.47667;      -1.63103; 39.03608;80.00000;20.00000;0.55126;2
670.95502;159.49000;      -1.63069; 39.03510;80.00000;20.00000;0.55124;2
671.02502;159.50333;      -1.63089; 39.03413;80.00000;20.00000;0.55121;2
671.09198;159.51667;      -1.63055; 39.03413;80.00000;20.00000;0.55119;2
671.15997;159.53000;      -1.63022; 39.03510;80.00000;20.00000;0.55117;2
671.23700;159.54333;      -1.63043; 39.03608;80.00000;20.00000;0.55114;2
671.29602;159.55667;      -1.63062; 39.03608;80.00000;20.00000;0.55112;2
671.36401;159.57000;      -1.63015; 39.03608;80.00000;20.00000;0.55110;2
671.43103;159.58333;      -1.63008; 39.03706;80.00000;20.00000;0.55108;2
671.49799;159.59667;      -1.63015; 39.03999;80.00000;20.00000;0.55105;2
671.56500;159.61000;      -1.62981; 39.04584;80.00000;20.00000;0.55103;2
671.62799;159.62333;      -1.62987; 39.05268;80.00000;20.00000;0.55101;2
671.68903;159.63667;      -1.62952; 39.05756;80.00000;20.00000;0.55099;2
671.75897;159.65000;      -1.62851; 39.06146;80.00000;20.00000;0.55097;2
671.83002;159.66333;      -1.62791; 39.06342;80.00000;20.00000;0.55094;2
671.90002;159.67667;      -1.62784; 39.06342;80.00000;20.00000;0.55092;2
671.96100;159.69000;      -1.62763; 39.06244;80.00000;20.00000;0.55090;2
672.02502;159.70333;      -1.62675; 39.06244;80.00000;20.00000;0.55088;2
672.09698;159.71667;      -1.62641; 39.06146;80.00000;20.00000;0.55085;2
672.16199;159.73000;      -1.62634; 39.05951;80.00000;20.00000;0.55083;2
672.23102;159.74333;      -1.62682; 39.05853;80.00000;20.00000;0.55081;2
672.29700;159.75667;      -1.62661; 39.05268;80.00000;20.00000;0.55079;2
672.35901;159.77000;      -1.62586; 39.04682;80.00000;20.00000;0.55077;2
672.42700;159.78333;      -1.62552; 39.04096;80.00000;20.00000;0.55074;2
672.49500;159.79667;      -1.62600; 39.03413;80.00000;20.00000;0.55072;2
672.56299;159.81000;      -1.62593; 39.02632;80.00000;20.00000;0.55070;2
672.62903;159.82333;      -1.62681; 39.02046;80.00000;20.00000;0.55068;2
672.69897;159.83667;      -1.62660; 39.01363;80.00000;20.00000;0.55065;2
672.76501;159.85000;      -1.62572; 39.00777;80.00000;20.00000;0.55063;2
672.83099;159.86333;      -1.62633; 39.00387;80.00000;20.00000;0.55061;2
672.89301;159.87667;      -1.62626; 39.00094;80.00000;20.00000;0.55059;2
672.96100;159.89000;      -1.62686; 38.99801;80.00000;20.00000;0.55056;2
673.03802;159.90333;      -1.62613; 38.99508;80.00000;20.00000;0.55054;2
673.09802;159.91667;      -1.62538; 38.99410;80.00000;20.00000;0.55052;2
673.16400;159.93000;      -1.62531; 38.99410;80.00000;20.00000;0.55050;2
673.23199;159.94333;      -1.62402; 38.99313;80.00000;20.00000;0.55047;2
673.29401;159.95667;      -1.62354; 38.99410;80.00000;20.00000;0.55045;2
673.36200;159.97000;      -1.62401; 38.99703;80.00000;20.00000;0.55043;2
673.42798;159.98333;      -1.62394; 38.99996;80.00000;20.00000;0.55041;2
673.50403;159.99667;      -1.62334; 39.00484;80.00000;20.00000;0.55038;2
673.55701;160.01000;      -1.62285; 39.00972;80.00000;20.00000;0.55036;2
673.63800;160.02333;      -1.62253; 39.01656;80.00000;20.00000;0.55034;2
673.69000;160.03667;      -1.62312; 39.02534;80.00000;20.00000;0.55032;2
673.76202;160.05000;      -1.62251; 39.03608;80.00000;20.00000;0.55030;2
673.82501;160.06333;      -1.62122; 39.04487;80.00000;20.00000;0.55027;2
673.89600;160.07667;      -1.62143; 39.05268;80.00000;20.00000;0.55025;2
673.97101;160.09000;      -1.62150; 39.05756;80.00000;20.00000;0.55023;2
674.03302;160.10333;      -1.62170; 39.06342;80.00000;20.00000;0.55021;2
674.10199;160.11667;      -1.62136; 39.06732;80.00000;20.00000;0.55018;2
674.16199;160.13000;      -1.62142; 39.07025;80.00000;20.00000;0.55016;2
674.23499;160.14333;      -1.62068; 39.07122;80.00000;20.00000;0.55014;2
674.30298;160.15667;      -1.62074; 39.07122;80.00000;20.00000;0.55012;2
674.36902;160.17000;      -1.61959; 39.07025;80.00000;20.00000;0.55009;2
674.43903;160.18333;      -1.62007; 39.07025;80.00000;20.00000;0.55007;2
674.50098;160.19667;      -1.61999; 39.06927;80.00000;20.00000;0.55005;2
674.56799;160.21000;      -1.61857; 39.06830;80.00000;20.00000;0.55003;2
674.63898;160.22333;      -1.61850; 39.06732;80.00000;20.00000;0.55000;2
674.70300;160.23667;      -1.61843; 39.06732;80.00000;20.00000;0.54998;2
674.76898;160.25000;      -1.61876; 39.06537;80.00000;20.00000;0.54996;2
674.83398;160.26333;      -1.61788; 39.06049;80.00000;20.00000;0.54994;2
674.89899;160.27667;      -1.61659; 39.05756;80.00000;20.00000;0.54992;2
674.96600;160.29000;      -1.61571; 39.05072;80.00000;20.00000;0.54989;2
675.03400;160.30333;      -1.61591; 39.04487;80.00000;20.00000;0.54987;2
675.09998;160.31667;      -1.61570; 39.03999;80.00000;20.00000;0.54985;2
675.16302;160.33000;      -1.61549; 39.03706;80.00000;20.00000;0.54983;2
675.23199;160.34333;      -1.61502; 39.03413;80.00000;20.00000;0.54981;2
675.29303;160.35667;      -1.61481; 39.03218;80.00000;20.00000;0.54978;2
675.35999;160.37000;      -1.61515; 39.03120;80.00000;20.00000;0.54976;2
675.42499;160.38333;      -1.61480; 39.02437;80.00000;20.00000;0.54974;2
675.49597;160.39667;      -1.61501; 39.01851;80.00000;20.00000;0.54972;2
675.56897;160.41000;      -1.61440; 39.01265;80.00000;20.00000;0.54969;2
675.63300;160.42333;      -1.61487; 39.00777;80.00000;20.00000;0.54967;2
675.69897;160.43667;      -1.61548; 39.00289;80.00000;20.00000;0.54965;2
675.77301;160.45000;      -1.61650; 38.99898;80.00000;20.00000;0.54963;2
675.83398;160.46333;      -1.61574; 38.99606;80.00000;20.00000;0.54960;2
675.89697;160.47667;      -1.61567; 38.99215;80.00000;20.00000;0.54958;2
675.97498;160.49000;      -1.61548; 38.98922;80.00000;20.00000;0.54956;2
676.03699;160.50333;      -1.61540; 38.98532;80.00000;20.00000;0.54954;2
676.10303;160.51667;      -1.61560; 38.98239;80.00000;20.00000;0.54952;2
676.15997;160.53000;      -1.61620; 38.97848;80.00000;20.00000;0.54950;2
676.22302;160.54333;      -1.61626; 38.97653;80.00000;20.00000;0.54948;2
676.30298;160.55667;      -1.61566; 38.97556;80.00000;20.00000;0.54945;2
676.36798;160.57000;      -1.61478; 38.97848;80.00000;20.00000;0.54943;2
676.42999;160.58333;      -1.61538; 38.98239;80.00000;20.00000;0.54941;2
676.49597;160.59667;      -1.61504; 38.98532;80.00000;20.00000;0.54938;2
676.57098;160.61000;      -1.61525; 38.98727;80.00000;20.00000;0.54936;2
676.64697;160.62333;      -1.61478; 38.98922;80.00000;20.00000;0.54933;2
676.70599;160.63667;      -1.61483; 38.99215;80.00000;20.00000;0.54931;2
676.76898;160.65000;      -1.61571; 38.99410;80.00000;20.00000;0.54929;2
676.84802;160.66333;      -1.61606; 38.99606;80.00000;20.00000;0.54927;2
676.91302;160.67667;      -1.61558; 38.99703;80.00000;20.00000;0.54925;2
676.97900;160.69000;      -1.61510; 38.99801;80.00000;20.00000;0.54922;2
677.03601;160.70333;      -1.61421; 38.99606;80.00000;20.00000;0.54921;2
677.11298;160.71667;      -1.61252; 38.99410;80.00000;20.00000;0.54918;2
677.17401;160.73000;      -1.61258; 38.99215;80.00000;20.00000;0.54916;2
677.23199;160.74333;      -1.61169; 38.99117;80.00000;20.00000;0.54914;2
677.30103;160.75667;      -1.61053; 38.98922;80.00000;20.00000;0.54912;2
677.36902;160.77000;      -1.61046; 38.98825;80.00000;20.00000;0.54909;2
677.44598;160.78333;      -1.61176; 38.98825;80.00000;20.00000;0.54907;2
677.50800;160.79667;      -1.61060; 38.98727;80.00000;20.00000;0.54905;2
677.57202;160.81000;      -1.60985; 38.98629;80.00000;20.00000;0.54903;2
677.64099;160.82333;      -1.60964; 38.98434;80.00000;20.00000;0.54900;2
677.70898;160.83667;      -1.60889; 38.98239;80.00000;20.00000;0.54898;2
677.77899;160.85000;      -1.60883; 38.97946;80.00000;20.00000;0.54896;2
677.83398;160.86333;      -1.60820; 38.97848;80.00000;20.00000;0.54894;2
677.91400;160.87667;      -1.60733; 38.97556;80.00000;20.00000;0.54891;2
677.96899;160.89000;      -1.60725; 38.97360;80.00000;20.00000;0.54890;2
678.04303;160.90333;      -1.60732; 38.97165;80.00000;20.00000;0.54887;2
678.11499;160.91667;      -1.60685; 38.96970;80.00000;20.00000;0.54885;2
678.18500;160.93000;      -1.60691; 38.96677;80.00000;20.00000;0.54882;2
678.24597;160.94333;      -1.60725; 38.96579;80.00000;20.00000;0.54880;2
678.31299;160.95667;      -1.60663; 38.96482;80.00000;20.00000;0.54878;2
678.37598;160.97000;      -1.60588; 38.96286;80.00000;20.00000;0.54876;2
678.44501;160.98333;      -1.60513; 38.95798;80.00000;20.00000;0.54874;2
678.50299;160.99667;      -1.60464; 38.95505;80.00000;20.00000;0.54872;2
678.57703;161.01000;      -1.60404; 38.95213;80.00000;20.00000;0.54869;2
678.64001;161.02333;      -1.60328; 38.95017;80.00000;20.00000;0.54867;2
678.70801;161.03667;      -1.60281; 38.94920;80.00000;20.00000;0.54865;2
678.77600;161.05000;      -1.60328; 38.94822;80.00000;20.00000;0.54863;2
678.84900;161.06333;      -1.60254; 38.94822;80.00000;20.00000;0.54860;2
678.91302;161.07667;      -1.60097; 38.94725;80.00000;20.00000;0.54858;2
678.98297;161.09000;      -1.60199; 38.94725;80.00000;20.00000;0.54856;2
679.04498;161.10333;      -1.60110; 38.94627;80.00000;20.00000;0.54854;2
679.11798;161.11667;      -1.60049; 38.94627;80.00000;20.00000;0.54852;2
679.17798;161.13000;      -1.59987; 38.94627;80.00000;20.00000;0.54850;2
679.25098;161.14333;      -1.60021; 38.94529;80.00000;20.00000;0.54847;2
679.31598;161.15667;      -1.59973; 38.94529;80.00000;20.00000;0.54845;2
679.38800;161.17000;      -1.59980; 38.94529;80.00000;20.00000;0.54843;2
679.44598;161.18333;      -1.59849; 38.94432;80.00000;20.00000;0.54841;2
679.52197;161.19667;      -1.59762; 38.94432;80.00000;20.00000;0.54838;2
679.57800;161.21000;      -1.59699; 38.94529;80.00000;20.00000;0.54836;2
679.64001;161.22333;      -1.59692; 38.94822;80.00000;20.00000;0.54834;2
679.70697;161.23667;      -1.59698; 38.95017;80.00000;20.00000;0.54832;2
679.78003;161.25000;      -1.59515; 38.95017;80.00000;20.00000;0.54830;2
679.84003;161.26333;      -1.59548; 38.94920;80.00000;20.00000;0.54828;2
679.91199;161.27667;      -1.59595; 38.94822;80.00000;20.00000;0.54825;2
679.97198;161.29000;      -1.59547; 38.94529;80.00000;20.00000;0.54823;2
680.03900;161.30333;      -1.59526; 38.94432;80.00000;20.00000;0.54821;2
680.11401;161.31667;      -1.59615; 38.94432;80.00000;20.00000;0.54819;2
680.17700;161.33000;      -1.59621; 38.94432;80.00000;20.00000;0.54817;2
680.24799;161.34333;      -1.59682; 38.94432;80.00000;20.00000;0.54814;2
680.31799;161.35667;      -1.59662; 38.94432;80.00000;20.00000;0.54812;2
680.38000;161.37000;      -1.59708; 38.94529;80.00000;20.00000;0.54810;2
680.44598;161.38333;      -1.59647; 38.94627;80.00000;20.00000;0.54808;2
680.51898;161.39667;      -1.59572; 38.94725;80.00000;20.00000;0.54805;2
680.58502;161.41000;      -1.59565; 38.94822;80.00000;20.00000;0.54803;2
680.64398;161.42333;      -1.59557; 38.95017;80.00000;20.00000;0.54801;2
680.71698;161.43667;      -1.59578; 38.95115;80.00000;20.00000;0.54799;2
680.77301;161.45000;      -1.59515; 38.95213;80.00000;20.00000;0.54797;2
680.84802;161.46333;      -1.59495; 38.95115;80.00000;20.00000;0.54794;2
680.91699;161.47667;      -1.59597; 38.94725;80.00000;20.00000;0.54792;2
680.98297;161.49000;      -1.59549; 38.94432;80.00000;20.00000;0.54790;2
681.04700;161.50333;      -1.59596; 38.94627;80.00000;20.00000;0.54788;2
681.11200;161.51667;      -1.59534; 38.94920;80.00000;20.00000;0.54786;2
681.18201;161.53000;      -1.59500; 38.95310;80.00000;20.00000;0.54783;2
681.25201;161.54333;      -1.59452; 38.95505;80.00000;20.00000;0.54781;2
681.32599;161.55667;      -1.59405; 38.95798;80.00000;20.00000;0.54779;2
681.38202;161.57000;      -1.59451; 38.95896;80.00000;20.00000;0.54777;2
681.45001;161.58333;      -1.59390; 38.96091;80.00000;20.00000;0.54775;2
681.52502;161.59667;      -1.59261; 38.96286;80.00000;20.00000;0.54772;2
681.58197;161.61000;      -1.59294; 38.96482;80.00000;20.00000;0.54770;2
681.65399;161.62333;      -1.59287; 38.96579;80.00000;20.00000;0.54768;2
681.71698;161.63667;      -1.59293; 38.96677;80.00000;20.00000;0.54766;2
681.78601;161.65000;      -1.59259; 38.96579;80.00000;20.00000;0.54764;2
681.85602;161.66333;      -1.59265; 38.96579;80.00000;20.00000;0.54761;2
681.91199;161.67667;      -1.59230; 38.96482;80.00000;20.00000;0.54759;2
681.98999;161.69000;      -1.59142; 38.96384;80.00000;20.00000;0.54757;2
682.05402;161.70333;      -1.59148; 38.96189;80.00000;20.00000;0.54755;2
682.11401;161.71667;      -1.59100; 38.96091;80.00000;20.00000;0.54753;2
682.17499;161.73000;      -1.59092; 38.95798;80.00000;20.00000;0.54751;2
682.25000;161.74333;      -1.59140; 38.95505;80.00000;20.00000;0.54748;2
682.31403;161.75667;      -1.59187; 38.95115;80.00000;20.00000;0.54746;2
682.37598;161.77000;      -1.59111; 38.94627;80.00000;20.00000;0.54744;2
682.45099;161.78333;      -1.59173; 38.94139;80.00000;20.00000;0.54742;2
682.51703;161.79667;      -1.59124; 38.93553;80.00000;20.00000;0.54740;2
682.58398;161.81000;      -1.59158; 38.93065;80.00000;20.00000;0.54737;2
682.65601;161.82333;      -1.59260; 38.92772;80.00000;20.00000;0.54735;2
682.72302;161.83667;      -1.59280; 38.92674;80.00000;20.00000;0.54733;2
682.79102;161.85000;      -1.59314; 38.92577;80.00000;20.00000;0.54731;2
682.85199;161.86333;      -1.59279; 38.92577;80.00000;20.00000;0.54729;2
682.92401;161.87667;      -1.59204; 38.92479;80.00000;20.00000;0.54726;2
682.99103;161.89000;      -1.59238; 38.92479;80.00000;20.00000;0.54724;2
683.05298;161.90333;      -1.59053; 38.92479;80.00000;20.00000;0.54722;2
683.12097;161.91667;      -1.58964; 38.92479;80.00000;20.00000;0.54720;2
683.19598;161.93000;      -1.58890; 38.92479;80.00000;20.00000;0.54717;2
683.25403;161.94333;      -1.58895; 38.92479;80.00000;20.00000;0.54715;2
683.32300;161.95667;      -1.58943; 38.92479;80.00000;20.00000;0.54713;2
683.39801;161.97000;      -1.58664; 38.92479;80.00000;20.00000;0.54711;2
683.45398;161.98333;      -1.58669; 38.92479;80.00000;20.00000;0.54709;2
683.52399;161.99667;      -1.58703; 38.92382;80.00000;20.00000;0.54706;2
683.58398;162.01000;      -1.58627; 38.92284;80.00000;20.00000;0.54705;2
683.65503;162.02333;      -1.58593; 38.92186;80.00000;20.00000;0.54702;2
683.72101;162.03667;      -1.58490; 38.92089;80.00000;20.00000;0.54700;2
683.78900;162.05000;      -1.58388; 38.91991;80.00000;20.00000;0.54698;2
683.86298;162.06333;      -1.58232; 38.91893;80.00000;20.00000;0.54695;2
683.92902;162.07667;      -1.58211; 38.91405;80.00000;20.00000;0.54693;2
683.97998;162.09000;      -1.58134; 38.90917;80.00000;20.00000;0.54692;2
684.05298;162.10333;      -1.58141; 38.90527;80.00000;20.00000;0.54689;2
684.12000;162.11667;      -1.58147; 38.90332;80.00000;20.00000;0.54687;2
684.19000;162.13000;      -1.58154; 38.90136;80.00000;20.00000;0.54685;2
684.25500;162.14333;      -1.58078; 38.90136;80.00000;20.00000;0.54683;2
684.31897;162.15667;      -1.58002; 38.90234;80.00000;20.00000;0.54680;2
684.37903;162.17000;      -1.58022; 38.90332;80.00000;20.00000;0.54678;2
684.44702;162.18333;      -1.57919; 38.90527;80.00000;20.00000;0.54676;2
684.52197;162.19667;      -1.57940; 38.90917;80.00000;20.00000;0.54674;2
684.58301;162.21000;      -1.58000; 38.91308;80.00000;20.00000;0.54672;2
684.65503;162.22333;      -1.58007; 38.91796;80.00000;20.00000;0.54669;2
684.72601;162.23667;      -1.58163; 38.92186;80.00000;20.00000;0.54667;2
684.78802;162.25000;      -1.58169; 38.92577;80.00000;20.00000;0.54665;2
684.86102;162.26333;      -1.58135; 38.92870;80.00000;20.00000;0.54663;2
684.92297;162.27667;      -1.58087; 38.93163;80.00000;20.00000;0.54661;2
684.99500;162.29000;      -1.57985; 38.93455;80.00000;20.00000;0.54658;2
685.06097;162.30333;      -1.57991; 38.93748;80.00000;20.00000;0.54656;2
685.12097;162.31667;      -1.57983; 38.94139;80.00000;20.00000;0.54654;2
685.19397;162.33000;      -1.58017; 38.94432;80.00000;20.00000;0.54652;2
685.25702;162.34333;      -1.57955; 38.94529;80.00000;20.00000;0.54650;2
685.33002;162.35667;      -1.57893; 38.94627;80.00000;20.00000;0.54647;2
685.39801;162.37000;      -1.57900; 38.94627;80.00000;20.00000;0.54645;2
685.45801;162.38333;      -1.57851; 38.94529;80.00000;20.00000;0.54643;2
685.52600;162.39667;      -1.57694; 38.94041;80.00000;20.00000;0.54641;2
685.59497;162.41000;      -1.57687; 38.93553;80.00000;20.00000;0.54639;2
685.65100;162.42333;      -1.57733; 38.92870;80.00000;20.00000;0.54637;2
685.72302;162.43667;      -1.57685; 38.91893;80.00000;20.00000;0.54635;2
685.79303;162.45000;      -1.57583; 38.90527;80.00000;20.00000;0.54632;2
685.85797;162.46333;      -1.57602; 38.89453;80.00000;20.00000;0.54630;2
685.92700;162.47667;      -1.57595; 38.88574;80.00000;20.00000;0.54628;2
685.98199;162.49000;      -1.57560; 38.87793;80.00000;20.00000;0.54626;2
686.04999;162.50333;      -1.57593; 38.87012;80.00000;20.00000;0.54624;2
686.13000;162.51667;      -1.57614; 38.86231;80.00000;20.00000;0.54621;2
686.19702;162.53000;      -1.57580; 38.85646;80.00000;20.00000;0.54619;2
686.26001;162.54333;      -1.57572; 38.85060;80.00000;20.00000;0.54617;2
686.32397;162.55667;      -1.57564; 38.84572;80.00000;20.00000;0.54615;2
686.39899;162.57000;      -1.57490; 38.84084;80.00000;20.00000;0.54613;2
686.46600;162.58333;      -1.57482; 38.83693;80.00000;20.00000;0.54610;2
686.52899;162.59667;      -1.57502; 38.83303;80.00000;20.00000;0.54608;2
686.59497;162.61000;      -1.57494; 38.83108;80.00000;20.00000;0.54606;2
686.66498;162.62333;      -1.57556; 38.82717;80.00000;20.00000;0.54604;2
686.73901;162.63667;      -1.57494; 38.82327;80.00000;20.00000;0.54601;2
686.80103;162.65000;      -1.57459; 38.82034;80.00000;20.00000;0.54599;2
686.87000;162.66333;      -1.57466; 38.82034;80.00000;20.00000;0.54597;2
686.92297;162.67667;      -1.57457; 38.82131;80.00000;20.00000;0.54595;2
686.99701;162.69000;      -1.57328; 38.82522;80.00000;20.00000;0.54593;2
687.06097;162.70333;      -1.57238; 38.83010;80.00000;20.00000;0.54591;2
687.13202;162.71667;      -1.57204; 38.83693;80.00000;20.00000;0.54589;2
687.19800;162.73000;      -1.57183; 38.84474;80.00000;20.00000;0.54586;2
687.26398;162.74333;      -1.57107; 38.85255;80.00000;20.00000;0.54584;2
687.33197;162.75667;      -1.57100; 38.85841;80.00000;20.00000;0.54582;2
687.39697;162.77000;      -1.57024; 38.86231;80.00000;20.00000;0.54580;2
687.45898;162.78333;      -1.56934; 38.86427;80.00000;20.00000;0.54578;2
687.53302;162.79667;      -1.56955; 38.86427;80.00000;20.00000;0.54576;2
687.59003;162.81000;      -1.56919; 38.86329;80.00000;20.00000;0.54574;2
687.65698;162.82333;      -1.56885; 38.86427;80.00000;20.00000;0.54572;2
687.72601;162.83667;      -1.56918; 38.86329;80.00000;20.00000;0.54569;2
687.79498;162.85000;      -1.57020; 38.86231;80.00000;20.00000;0.54567;2
687.86603;162.86333;      -1.57027; 38.86231;80.00000;20.00000;0.54565;2
687.93298;162.87667;      -1.56965; 38.86231;80.00000;20.00000;0.54563;2
687.98901;162.89000;      -1.56875; 38.86329;80.00000;20.00000;0.54561;2
688.06598;162.90333;      -1.56964; 38.86427;80.00000;20.00000;0.54558;2
688.13702;162.91667;      -1.56970; 38.86524;80.00000;20.00000;0.54556;2
688.20099;162.93000;      -1.56867; 38.86720;80.00000;20.00000;0.54554;2
688.26703;162.94333;      -1.56996; 38.86817;80.00000;20.00000;0.54552;2
688.33002;162.95667;      -1.57043; 38.87012;80.00000;20.00000;0.54550;2
688.39697;162.97000;      -1.56981; 38.87110;80.00000;20.00000;0.54548;2
688.46802;162.98333;      -1.56988; 38.87208;80.00000;20.00000;0.54545;2
688.53998;162.99667;      -1.57076; 38.87208;80.00000;20.00000;0.54543;2
688.60498;163.01000;      -1.56987; 38.87012;80.00000;20.00000;0.54541;2
688.67297;163.02333;      -1.56884; 38.86817;80.00000;20.00000;0.54539;2
688.73199;163.03667;      -1.56780; 38.86524;80.00000;20.00000;0.54537;2
688.80701;163.05000;      -1.56828; 38.86231;80.00000;20.00000;0.54534;2
688.87299;163.06333;      -1.56793; 38.85939;80.00000;20.00000;0.54532;2
688.94000;163.07667;      -1.56799; 38.85646;80.00000;20.00000;0.54530;2
689.00000;163.09000;      -1.56737; 38.85353;80.00000;20.00000;0.54528;2
689.06097;163.10333;      -1.56729; 38.84865;80.00000;20.00000;0.54526;2
689.13000;163.11667;      -1.56722; 38.84377;80.00000;20.00000;0.54524;2
689.20203;163.13000;      -1.56592; 38.83791;80.00000;20.00000;0.54521;2
689.26801;163.14333;      -1.56584; 38.83303;80.00000;20.00000;0.54519;2
689.33398;163.15667;      -1.56563; 38.82912;80.00000;20.00000;0.54517;2
689.40698;163.17000;      -1.56488; 38.82619;80.00000;20.00000;0.54515;2
689.46997;163.18333;      -1.56371; 38.82424;80.00000;20.00000;0.54513;2
689.53198;163.19667;      -1.56349; 38.82229;80.00000;20.00000;0.54511;2
689.60101;163.21000;      -1.56315; 38.82131;80.00000;20.00000;0.54509;2
689.67200;163.22333;      -1.56280; 38.81838;80.00000;20.00000;0.54506;2
689.73798;163.23667;      -1.56245; 38.81643;80.00000;20.00000;0.54504;2
689.80499;163.25000;      -1.56210; 38.81350;80.00000;20.00000;0.54502;2
689.86298;163.26333;      -1.56120; 38.81057;80.00000;20.00000;0.54500;2
689.92902;163.27667;      -1.56058; 38.80765;80.00000;20.00000;0.54498;2
690.00098;163.29000;      -1.56010; 38.80569;80.00000;20.00000;0.54496;2
690.06403;163.30333;      -1.56016; 38.80276;80.00000;20.00000;0.54494;2
690.13501;163.31667;      -1.55995; 38.79984;80.00000;20.00000;0.54491;2
690.20099;163.33000;      -1.55974; 38.79691;80.00000;20.00000;0.54489;2
690.26703;163.34333;      -1.55994; 38.79398;80.00000;20.00000;0.54487;2
690.34302;163.35667;      -1.55960; 38.79203;80.00000;20.00000;0.54485;2
690.40100;163.37000;      -1.55965; 38.78910;80.00000;20.00000;0.54483;2
690.46698;163.38333;      -1.55848; 38.78715;80.00000;20.00000;0.54480;2
690.53400;163.39667;      -1.55868; 38.78519;80.00000;20.00000;0.54478;2
690.60901;163.41000;      -1.55834; 38.78422;80.00000;20.00000;0.54476;2
690.66498;163.42333;      -1.55730; 38.78422;80.00000;20.00000;0.54474;2
690.73499;163.43667;      -1.55668; 38.78324;80.00000;20.00000;0.54472;2
690.80103;163.45000;      -1.55592; 38.78324;80.00000;20.00000;0.54470;2
690.87000;163.46333;      -1.55598; 38.78324;80.00000;20.00000;0.54467;2
690.93201;163.47667;      -1.55590; 38.78324;80.00000;20.00000;0.54465;2
690.99799;163.49000;      -1.55514; 38.78226;80.00000;20.00000;0.54463;2
691.05701;163.50333;      -1.55424; 38.78129;80.00000;20.00000;0.54461;2
691.13898;163.51667;      -1.55390; 38.77934;80.00000;20.00000;0.54459;2
691.19897;163.53000;      -1.55369; 38.77836;80.00000;20.00000;0.54457;2
691.26300;163.54333;      -1.55279; 38.77738;80.00000;20.00000;0.54455;2
691.32397;163.55667;      -1.55312; 38.77543;80.00000;20.00000;0.54453;2
691.39600;163.57000;      -1.55291; 38.77445;80.00000;20.00000;0.54450;2
691.46503;163.58333;      -1.55311; 38.77250;80.00000;20.00000;0.54448;2
691.53302;163.59667;      -1.55345; 38.77153;80.00000;20.00000;0.54446;2
691.60797;163.61000;      -1.55270; 38.76957;80.00000;20.00000;0.54444;2
691.65997;163.62333;      -1.55220; 38.76664;80.00000;20.00000;0.54442;2
691.73102;163.63667;      -1.55226; 38.76567;80.00000;20.00000;0.54440;2
691.80103;163.65000;      -1.55287; 38.76372;80.00000;20.00000;0.54437;2
691.86902;163.66333;      -1.55184; 38.76079;80.00000;20.00000;0.54435;2
691.93701;163.67667;      -1.55177; 38.76079;80.00000;20.00000;0.54433;2
692.00299;163.69000;      -1.55292; 38.76274;80.00000;20.00000;0.54431;2
692.06598;163.70333;      -1.55257; 38.76567;80.00000;20.00000;0.54429;2
692.13599;163.71667;      -1.55140; 38.76957;80.00000;20.00000;0.54427;2
692.21002;163.73000;      -1.55161; 38.77153;80.00000;20.00000;0.54424;2
692.27002;163.74333;      -1.55070; 38.77348;80.00000;20.00000;0.54422;2
692.33801;163.75667;      -1.55008; 38.77641;80.00000;20.00000;0.54420;2
692.39600;163.77000;      -1.54986; 38.77738;80.00000;20.00000;0.54418;2
692.47101;163.78333;      -1.55034; 38.77934;80.00000;20.00000;0.54416;2
692.53699;163.79667;      -1.54999; 38.77934;80.00000;20.00000;0.54414;2
692.60699;163.81000;      -1.54964; 38.77836;80.00000;20.00000;0.54411;2
692.66699;163.82333;      -1.54929; 38.77836;80.00000;20.00000;0.54410;2
692.73199;163.83667;      -1.54866; 38.77641;80.00000;20.00000;0.54407;2
692.79602;163.85000;      -1.54886; 38.77543;80.00000;20.00000;0.54405;2
692.86902;163.86333;      -1.54824; 38.77250;80.00000;20.00000;0.54403;2
692.92902;163.87667;      -1.54816; 38.77055;80.00000;20.00000;0.54401;2
693.00098;163.89000;      -1.54781; 38.76860;80.00000;20.00000;0.54399;2
693.06500;163.90333;      -1.54705; 38.76664;80.00000;20.00000;0.54397;2
693.13397;163.91667;      -1.54753; 38.76469;80.00000;20.00000;0.54395;2
693.19897;163.93000;      -1.54717; 38.76274;80.00000;20.00000;0.54392;2
693.25500;163.94333;      -1.54695; 38.76079;80.00000;20.00000;0.54391;2
693.32703;163.95667;      -1.54715; 38.75981;80.00000;20.00000;0.54388;2
693.39899;163.97000;      -1.54654; 38.75786;80.00000;20.00000;0.54386;2
693.46802;163.98333;      -1.54701; 38.75591;80.00000;20.00000;0.54384;2
693.53302;163.99667;      -1.54707; 38.75493;80.00000;20.00000;0.54382;2
693.60498;164.01000;      -1.54741; 38.75298;80.00000;20.00000;0.54379;2
693.66400;164.02333;      -1.54760; 38.75200;80.00000;20.00000;0.54377;2
693.73499;164.03667;      -1.54739; 38.75103;80.00000;20.00000;0.54375;2
693.80298;164.05000;      -1.54663; 38.75005;80.00000;20.00000;0.54373;2
693.87402;164.06333;      -1.54656; 38.75005;80.00000;20.00000;0.54371;2
693.94000;164.07667;      -1.54662; 38.75005;80.00000;20.00000;0.54369;2
694.00897;164.09000;      -1.54682; 38.75005;80.00000;20.00000;0.54366;2
694.05902;164.10333;      -1.54755; 38.74907;80.00000;20.00000;0.54365;2
694.14600;164.11667;      -1.54653; 38.74810;80.00000;20.00000;0.54362;2
694.19299;164.13000;      -1.54575; 38.74614;80.00000;20.00000;0.54360;2
694.26599;164.14333;      -1.54514; 38.74517;80.00000;20.00000;0.54358;2
694.33197;164.15667;      -1.54369; 38.74224;80.00000;20.00000;0.54356;2
694.40198;164.17000;      -1.54375; 38.74029;80.00000;20.00000;0.54354;2
694.46997;164.18333;      -1.54244; 38.73833;80.00000;20.00000;0.54352;2
694.53802;164.19667;      -1.54196; 38.73736;80.00000;20.00000;0.54349;2
694.59497;164.21000;      -1.54228; 38.73443;80.00000;20.00000;0.54348;2
694.67200;164.22333;      -1.54249; 38.73345;80.00000;20.00000;0.54345;2
694.74200;164.23667;      -1.54214; 38.73150;80.00000;20.00000;0.54343;2
694.80298;164.25000;      -1.54206; 38.73150;80.00000;20.00000;0.54341;2
694.87201;164.26333;      -1.54130; 38.73150;80.00000;20.00000;0.54339;2
694.93298;164.27667;      -1.54108; 38.72955;80.00000;20.00000;0.54337;2
694.99597;164.29000;      -1.54100; 38.72857;80.00000;20.00000;0.54335;2
695.06799;164.30333;      -1.54066; 38.72857;80.00000;20.00000;0.54332;2
695.13599;164.31667;      -1.54017; 38.72857;80.00000;20.00000;0.54330;2
695.20001;164.33000;      -1.53982; 38.72857;80.00000;20.00000;0.54328;2
695.26001;164.34333;      -1.53878; 38.72857;80.00000;20.00000;0.54326;2
695.33899;164.35667;      -1.53857; 38.72955;80.00000;20.00000;0.54324;2
695.40399;164.37000;      -1.53849; 38.72955;80.00000;20.00000;0.54322;2
695.46899;164.38333;      -1.53773; 38.73052;80.00000;20.00000;0.54320;2
695.52600;164.39667;      -1.53710; 38.73150;80.00000;20.00000;0.54318;2
695.60199;164.41000;      -1.53771; 38.73052;80.00000;20.00000;0.54315;2
695.66199;164.42333;      -1.53736; 38.73150;80.00000;20.00000;0.54313;2
695.73700;164.43667;      -1.53784; 38.73150;80.00000;20.00000;0.54311;2
695.80499;164.45000;      -1.53845; 38.73052;80.00000;20.00000;0.54309;2
695.86499;164.46333;      -1.53905; 38.73052;80.00000;20.00000;0.54307;2
695.93500;164.47667;      -1.53870; 38.72760;80.00000;20.00000;0.54305;2
696.00702;164.49000;      -1.53890; 38.72564;80.00000;20.00000;0.54302;2
696.07501;164.50333;      -1.53938; 38.72369;80.00000;20.00000;0.54300;2
696.14203;164.51667;      -1.53889; 38.72174;80.00000;20.00000;0.54298;2
696.20099;164.53000;      -1.53853; 38.71881;80.00000;20.00000;0.54296;2
696.26801;164.54333;      -1.53832; 38.71588;80.00000;20.00000;0.54294;2
696.34497;164.55667;      -1.53784; 38.71393;80.00000;20.00000;0.54292;2
696.40601;164.57000;      -1.53844; 38.71100;80.00000;20.00000;0.54290;2
696.47302;164.58333;      -1.53891; 38.70905;80.00000;20.00000;0.54288;2
696.53601;164.59667;      -1.53925; 38.70710;80.00000;20.00000;0.54285;2
696.60901;164.61000;      -1.53835; 38.70612;80.00000;20.00000;0.54283;2
696.66998;164.62333;      -1.53758; 38.70417;80.00000;20.00000;0.54281;2
696.73999;164.63667;      -1.53765; 38.70221;80.00000;20.00000;0.54279;2
696.80798;164.65000;      -1.53716; 38.69929;80.00000;20.00000;0.54277;2
696.87598;164.66333;      -1.53667; 38.69636;80.00000;20.00000;0.54275;2
696.93701;164.67667;      -1.53590; 38.69343;80.00000;20.00000;0.54273;2
697.00800;164.69000;      -1.53597; 38.69050;80.00000;20.00000;0.54270;2
697.06897;164.70333;      -1.53520; 38.68757;80.00000;20.00000;0.54268;2
697.14801;164.71667;      -1.53349; 38.68562;80.00000;20.00000;0.54266;2
697.21503;164.73000;      -1.53286; 38.68367;80.00000;20.00000;0.54264;2
697.27802;164.74333;      -1.53319; 38.68269;80.00000;20.00000;0.54262;2
697.34802;164.75667;      -1.53257; 38.68171;80.00000;20.00000;0.54260;2
697.40900;164.77000;      -1.53221; 38.68074;80.00000;20.00000;0.54258;2
697.47302;164.78333;      -1.53172; 38.68074;80.00000;20.00000;0.54256;2
697.54602;164.79667;      -1.53000; 38.68074;80.00000;20.00000;0.54253;2
697.60797;164.81000;      -1.53019; 38.68074;80.00000;20.00000;0.54251;2
697.66803;164.82333;      -1.52984; 38.68074;80.00000;20.00000;0.54249;2
697.73602;164.83667;      -1.52949; 38.67976;80.00000;20.00000;0.54247;2
697.80200;164.85000;      -1.52968; 38.67781;80.00000;20.00000;0.54245;2
697.86700;164.86333;      -1.52960; 38.67488;80.00000;20.00000;0.54243;2
697.93597;164.87667;      -1.52939; 38.67293;80.00000;20.00000;0.54241;2
698.00500;164.89000;      -1.52959; 38.67195;80.00000;20.00000;0.54239;2
698.08398;164.90333;      -1.52980; 38.67098;80.00000;20.00000;0.54236;2
698.14398;164.91667;      -1.52971; 38.67098;80.00000;20.00000;0.54234;2
698.20300;164.93000;      -1.52977; 38.67000;80.00000;20.00000;0.54232;2
698.27698;164.94333;      -1.52983; 38.67000;80.00000;20.00000;0.54230;2
698.33600;164.95667;      -1.52961; 38.67098;80.00000;20.00000;0.54228;2
698.40698;164.97000;      -1.52968; 38.67195;80.00000;20.00000;0.54226;2
698.47302;164.98333;      -1.53028; 38.67293;80.00000;20.00000;0.54224;2
698.54199;164.99667;      -1.52966; 38.67586;80.00000;20.00000;0.54222;2
698.60602;165.01000;      -1.52944; 38.67878;80.00000;20.00000;0.54220;2
698.67603;165.02333;      -1.52950; 38.68171;80.00000;20.00000;0.54217;2
698.74500;165.03667;      -1.52998; 38.68562;80.00000;20.00000;0.54215;2
698.80798;165.05000;      -1.53004; 38.68952;80.00000;20.00000;0.54213;2
698.87299;165.06333;      -1.53037; 38.69343;80.00000;20.00000;0.54211;2
698.93799;165.07667;      -1.52974; 38.69636;80.00000;20.00000;0.54209;2
699.01001;165.09000;      -1.52747; 38.69245;80.00000;20.00000;0.54207;2
699.07599;165.10333;      -1.52725; 38.68952;80.00000;20.00000;0.54205;2
699.14398;165.11667;      -1.52759; 38.68659;80.00000;20.00000;0.54202;2
699.20203;165.13000;      -1.52723; 38.68464;80.00000;20.00000;0.54201;2
699.27502;165.14333;      -1.52633; 38.68367;80.00000;20.00000;0.54198;2
699.34399;165.15667;      -1.52653; 38.68562;80.00000;20.00000;0.54196;2
699.40997;165.17000;      -1.52686; 38.68757;80.00000;20.00000;0.54194;2
699.47400;165.18333;      -1.52665; 38.69050;80.00000;20.00000;0.54192;2
699.53802;165.19667;      -1.52657; 38.69440;80.00000;20.00000;0.54190;2
699.61102;165.21000;      -1.52595; 38.69636;80.00000;20.00000;0.54188;2
699.67102;165.22333;      -1.52545; 38.70026;80.00000;20.00000;0.54186;2
699.73602;165.23667;      -1.52537; 38.70514;80.00000;20.00000;0.54184;2
699.79999;165.25000;      -1.52570; 38.70905;80.00000;20.00000;0.54182;2
699.88599;165.26333;      -1.52537; 38.71393;80.00000;20.00000;0.54179;2
699.93903;165.27667;      -1.52500; 38.71783;80.00000;20.00000;0.54177;2
700.00403;165.29000;      -1.52533; 38.72076;80.00000;20.00000;0.54175;2
700.07501;165.30333;      -1.52457; 38.72271;80.00000;20.00000;0.54173;2
700.14899;165.31667;      -1.52436; 38.72369;80.00000;20.00000;0.54171;2
700.21301;165.33000;      -1.52470; 38.72369;80.00000;20.00000;0.54169;2
700.27698;165.34333;      -1.52544; 38.71881;80.00000;20.00000;0.54166;2
700.34302;165.35667;      -1.52467; 38.71393;80.00000;20.00000;0.54164;2
700.40698;165.37000;      -1.52294; 38.70905;80.00000;20.00000;0.54162;2
700.46997;165.38333;      -1.52272; 38.70514;80.00000;20.00000;0.54160;2
700.54498;165.39667;      -1.52293; 38.70124;80.00000;20.00000;0.54158;2
700.60602;165.41000;      -1.52216; 38.69831;80.00000;20.00000;0.54156;2
700.67902;165.42333;      -1.52181; 38.69538;80.00000;20.00000;0.54154;2
700.74701;165.43667;      -1.52146; 38.69245;80.00000;20.00000;0.54152;2
700.81299;165.45000;      -1.52055; 38.68952;80.00000;20.00000;0.54149;2
700.88000;165.46333;      -1.52089; 38.68659;80.00000;20.00000;0.54147;2
700.94000;165.47667;      -1.51984; 38.68367;80.00000;20.00000;0.54145;2
701.01300;165.49000;      -1.51991; 38.68171;80.00000;20.00000;0.54143;2
701.07800;165.50333;      -1.51969; 38.67976;80.00000;20.00000;0.54141;2
701.14203;165.51667;      -1.52016; 38.67976;80.00000;20.00000;0.54139;2
701.21301;165.53000;      -1.51995; 38.67390;80.00000;20.00000;0.54137;2
701.28198;165.54333;      -1.51946; 38.67098;80.00000;20.00000;0.54135;2
701.34998;165.55667;      -1.51828; 38.66707;80.00000;20.00000;0.54132;2
701.41199;165.57000;      -1.51833; 38.66414;80.00000;20.00000;0.54131;2
701.47900;165.58333;      -1.51757; 38.66219;80.00000;20.00000;0.54128;2
701.54199;165.59667;      -1.51721; 38.66414;80.00000;20.00000;0.54126;2
701.61401;165.61000;      -1.51631; 38.66707;80.00000;20.00000;0.54124;2
701.66803;165.62333;      -1.51595; 38.67000;80.00000;20.00000;0.54122;2
701.74902;165.63667;      -1.51643; 38.67098;80.00000;20.00000;0.54120;2
701.80603;165.65000;      -1.51745; 38.67293;80.00000;20.00000;0.54118;2
701.87598;165.66333;      -1.51627; 38.67293;80.00000;20.00000;0.54116;2
701.94202;165.67667;      -1.51564; 38.67586;80.00000;20.00000;0.54114;2
702.01001;165.69000;      -1.51570; 38.68074;80.00000;20.00000;0.54112;2
702.07800;165.70333;      -1.51562; 38.68562;80.00000;20.00000;0.54109;2
702.14001;165.71667;      -1.51568; 38.68952;80.00000;20.00000;0.54108;2
702.20697;165.73000;      -1.51601; 38.69343;80.00000;20.00000;0.54105;2
702.27399;165.74333;      -1.51662; 38.69733;80.00000;20.00000;0.54103;2
702.34900;165.75667;      -1.51669; 38.70124;80.00000;20.00000;0.54101;2
702.41602;165.77000;      -1.51647; 38.70417;80.00000;20.00000;0.54099;2
702.48297;165.78333;      -1.51612; 38.70417;80.00000;20.00000;0.54097;2
702.54797;165.79667;      -1.51618; 38.70221;80.00000;20.00000;0.54095;2
702.60699;165.81000;      -1.51526; 38.69831;80.00000;20.00000;0.54093;2
702.68298;165.82333;      -1.51519; 38.69343;80.00000;20.00000;0.54090;2
702.75000;165.83667;      -1.51429; 38.68855;80.00000;20.00000;0.54088;2
702.80603;165.85000;      -1.51393; 38.68562;80.00000;20.00000;0.54087;2
702.87799;165.86333;      -1.51385; 38.67781;80.00000;20.00000;0.54084;2
702.94397;165.87667;      -1.51363; 38.67195;80.00000;20.00000;0.54082;2
703.01501;165.89000;      -1.51356; 38.66707;80.00000;20.00000;0.54080;2
703.07098;165.90333;      -1.51333; 38.66121;80.00000;20.00000;0.54078;2
703.14099;165.91667;      -1.51271; 38.65536;80.00000;20.00000;0.54076;2
703.21503;165.93000;      -1.51291; 38.65047;80.00000;20.00000;0.54074;2
703.28198;165.94333;      -1.51352; 38.64657;80.00000;20.00000;0.54072;2
703.34198;165.95667;      -1.51357; 38.64364;80.00000;20.00000;0.54070;2
703.40802;165.97000;      -1.51322; 38.63974;80.00000;20.00000;0.54068;2
703.48102;165.98333;      -1.51356; 38.63778;80.00000;20.00000;0.54065;2
703.53699;165.99667;      -1.51402; 38.63583;80.00000;20.00000;0.54063;2
703.62000;166.01000;      -1.51409; 38.63485;80.00000;20.00000;0.54061;2
703.68597;166.02333;      -1.51401; 38.63290;80.00000;20.00000;0.54059;2
703.75000;166.03667;      -1.51490; 38.63193;80.00000;20.00000;0.54057;2
703.81097;166.05000;      -1.51481; 38.63095;80.00000;20.00000;0.54055;2
703.87903;166.06333;      -1.51446; 38.62997;80.00000;20.00000;0.54053;2
703.94702;166.07667;      -1.51355; 38.62900;80.00000;20.00000;0.54051;2
704.01300;166.09000;      -1.51403; 38.62802;80.00000;20.00000;0.54048;2
704.08398;166.10333;      -1.51381; 38.62607;80.00000;20.00000;0.54046;2
704.15100;166.11667;      -1.51373; 38.62412;80.00000;20.00000;0.54044;2
704.21997;166.13000;      -1.51421; 38.62021;80.00000;20.00000;0.54042;2
704.28400;166.14333;      -1.51289; 38.61533;80.00000;20.00000;0.54040;2
704.35797;166.15667;      -1.51295; 38.61045;80.00000;20.00000;0.54038;2
704.42200;166.17000;      -1.51232; 38.60654;80.00000;20.00000;0.54036;2
704.47498;166.18333;      -1.51085; 38.60362;80.00000;20.00000;0.54034;2
704.54498;166.19667;      -1.50995; 38.60166;80.00000;20.00000;0.54032;2
704.61798;166.21000;      -1.50932; 38.59971;80.00000;20.00000;0.54029;2
704.68500;166.22333;      -1.50841; 38.59873;80.00000;20.00000;0.54027;2
704.75702;166.23667;      -1.50875; 38.60264;80.00000;20.00000;0.54025;2
704.81897;166.25000;      -1.50729; 38.61143;80.00000;20.00000;0.54023;2
704.87903;166.26333;      -1.50707; 38.62216;80.00000;20.00000;0.54021;2
704.95203;166.27667;      -1.50644; 38.63388;80.00000;20.00000;0.54019;2
705.02301;166.29000;      -1.50637; 38.64266;80.00000;20.00000;0.54017;2
705.08002;166.30333;      -1.50559; 38.64950;80.00000;20.00000;0.54015;2
705.15100;166.31667;      -1.50469; 38.65340;80.00000;20.00000;0.54013;2
705.22198;166.33000;      -1.50489; 38.65536;80.00000;20.00000;0.54010;2
705.28101;166.34333;      -1.50466; 38.65536;80.00000;20.00000;0.54009;2
705.35400;166.35667;      -1.50500; 38.65536;80.00000;20.00000;0.54006;2
705.41602;166.37000;      -1.50478; 38.65145;80.00000;20.00000;0.54004;2
705.48199;166.38333;      -1.50456; 38.64657;80.00000;20.00000;0.54002;2
705.54901;166.39667;      -1.50434; 38.63681;80.00000;20.00000;0.54000;2
705.61603;166.41000;      -1.50385; 38.62802;80.00000;20.00000;0.53998;2
705.66998;166.42333;      -1.50431; 38.61826;80.00000;20.00000;0.53996;2
705.74597;166.43667;      -1.50452; 38.61240;80.00000;20.00000;0.53994;2
705.80298;166.45000;      -1.50429; 38.60850;80.00000;20.00000;0.53992;2
705.87903;166.46333;      -1.50463; 38.60752;80.00000;20.00000;0.53990;2
705.94897;166.47667;      -1.50497; 38.60752;80.00000;20.00000;0.53988;2
706.00897;166.49000;      -1.50433; 38.60850;80.00000;20.00000;0.53986;2
706.08600;166.50333;      -1.50454; 38.61045;80.00000;20.00000;0.53983;2
706.15302;166.51667;      -1.50446; 38.61045;80.00000;20.00000;0.53981;2
706.21503;166.53000;      -1.50589; 38.61143;80.00000;20.00000;0.53979;2
706.28601;166.54333;      -1.50623; 38.61435;80.00000;20.00000;0.53977;2
706.34698;166.55667;      -1.50532; 38.61631;80.00000;20.00000;0.53975;2
706.41699;166.57000;      -1.50593; 38.61924;80.00000;20.00000;0.53973;2
706.47601;166.58333;      -1.50584; 38.62216;80.00000;20.00000;0.53971;2
706.56000;166.59667;      -1.50481; 38.62509;80.00000;20.00000;0.53969;2
706.62000;166.61000;      -1.50528; 38.62705;80.00000;20.00000;0.53967;2
706.69098;166.62333;      -1.50534; 38.62997;80.00000;20.00000;0.53964;2
706.75702;166.63667;      -1.50402; 38.63193;80.00000;20.00000;0.53962;2
706.82397;166.65000;      -1.50256; 38.63388;80.00000;20.00000;0.53960;2
706.88599;166.66333;      -1.50206; 38.63485;80.00000;20.00000;0.53958;2
706.95697;166.67667;      -1.50157; 38.63583;80.00000;20.00000;0.53956;2
707.02100;166.69000;      -1.50135; 38.63681;80.00000;20.00000;0.53954;2
707.08600;166.70333;      -1.50030; 38.63681;80.00000;20.00000;0.53952;2
707.15601;166.71667;      -1.49940; 38.63681;80.00000;20.00000;0.53950;2
707.22498;166.73000;      -1.49973; 38.63681;80.00000;20.00000;0.53948;2
707.28497;166.74333;      -1.49979; 38.63681;80.00000;20.00000;0.53946;2
707.35303;166.75667;      -1.49998; 38.63681;80.00000;20.00000;0.53944;2
707.41803;166.77000;      -1.49976; 38.63681;80.00000;20.00000;0.53942;2
707.48798;166.78333;      -1.49858; 38.63778;80.00000;20.00000;0.53940;2
707.55603;166.79667;      -1.49878; 38.63778;80.00000;20.00000;0.53937;2
707.62097;166.81000;      -1.49883; 38.63974;80.00000;20.00000;0.53935;2
707.68903;166.82333;      -1.49820; 38.64657;80.00000;20.00000;0.53933;2
707.75098;166.83667;      -1.49757; 38.65243;80.00000;20.00000;0.53931;2
707.82397;166.85000;      -1.49873; 38.65926;80.00000;20.00000;0.53929;2
707.88501;166.86333;      -1.49865; 38.66414;80.00000;20.00000;0.53927;2
707.94702;166.87667;      -1.49787; 38.66805;80.00000;20.00000;0.53925;2
708.01599;166.89000;      -1.49780; 38.67098;80.00000;20.00000;0.53923;2
708.08301;166.90333;      -1.49827; 38.67195;80.00000;20.00000;0.53921;2
708.15002;166.91667;      -1.49847; 38.66805;80.00000;20.00000;0.53919;2
708.21997;166.93000;      -1.49894; 38.66512;80.00000;20.00000;0.53917;2
708.28900;166.94333;      -1.49831; 38.66024;80.00000;20.00000;0.53915;2
708.34601;166.95667;      -1.49808; 38.65731;80.00000;20.00000;0.53913;2
708.41602;166.97000;      -1.49759; 38.65438;80.00000;20.00000;0.53911;2
708.49701;166.98333;      -1.49890; 38.65243;80.00000;20.00000;0.53908;2
708.55499;166.99667;      -1.49895; 38.64950;80.00000;20.00000;0.53906;2
708.62097;167.01000;      -1.49791; 38.64755;80.00000;20.00000;0.53904;2
708.69098;167.02333;      -1.49728; 38.64657;80.00000;20.00000;0.53902;2
708.75500;167.03667;      -1.49733; 38.64462;80.00000;20.00000;0.53900;2
708.81799;167.05000;      -1.49739; 38.64462;80.00000;20.00000;0.53898;2
708.88300;167.06333;      -1.49717; 38.64266;80.00000;20.00000;0.53896;2
708.96002;167.07667;      -1.49640; 38.64169;80.00000;20.00000;0.53894;2
709.01300;167.09000;      -1.49617; 38.64169;80.00000;20.00000;0.53892;2
709.08801;167.10333;      -1.49596; 38.64071;80.00000;20.00000;0.53890;2
709.15900;167.11667;      -1.49561; 38.64071;80.00000;20.00000;0.53887;2
709.22101;167.13000;      -1.49552; 38.63974;80.00000;20.00000;0.53885;2
709.28699;167.14333;      -1.49530; 38.63876;80.00000;20.00000;0.53883;2
709.34601;167.15667;      -1.49508; 38.63876;80.00000;20.00000;0.53882;2
709.41400;167.17000;      -1.49486; 38.63778;80.00000;20.00000;0.53879;2
709.49200;167.18333;      -1.49493; 38.63778;80.00000;20.00000;0.53877;2
709.55499;167.19667;      -1.49471; 38.63681;80.00000;20.00000;0.53875;2
709.61902;167.21000;      -1.49490; 38.63388;80.00000;20.00000;0.53873;2
709.69098;167.22333;      -1.49496; 38.62802;80.00000;20.00000;0.53871;2
709.75800;167.23667;      -1.49460; 38.61826;80.00000;20.00000;0.53869;2
709.82703;167.25000;      -1.49425; 38.60752;80.00000;20.00000;0.53867;2
709.88501;167.26333;      -1.49458; 38.59873;80.00000;20.00000;0.53865;2
709.95300;167.27667;      -1.49436; 38.59190;80.00000;20.00000;0.53863;2
710.01801;167.29000;      -1.49400; 38.58409;80.00000;20.00000;0.53861;2
710.08801;167.30333;      -1.49309; 38.57726;80.00000;20.00000;0.53858;2
710.15399;167.31667;      -1.49177; 38.57238;80.00000;20.00000;0.53856;2
710.22498;167.33000;      -1.49197; 38.56847;80.00000;20.00000;0.53854;2
710.28802;167.34333;      -1.49160; 38.56945;80.00000;20.00000;0.53852;2
710.35602;167.35667;      -1.49152; 38.57433;80.00000;20.00000;0.53850;2
710.42200;167.37000;      -1.49117; 38.58312;80.00000;20.00000;0.53848;2
710.48700;167.38333;      -1.49095; 38.59288;80.00000;20.00000;0.53846;2
710.55103;167.39667;      -1.49031; 38.60362;80.00000;20.00000;0.53844;2
710.62299;167.41000;      -1.48954; 38.61435;80.00000;20.00000;0.53842;2
710.69202;167.42333;      -1.48877; 38.62216;80.00000;20.00000;0.53840;2
710.76202;167.43667;      -1.48925; 38.62900;80.00000;20.00000;0.53838;2
710.83398;167.45000;      -1.48931; 38.63681;80.00000;20.00000;0.53835;2
710.89502;167.46333;      -1.48853; 38.64852;80.00000;20.00000;0.53833;2
710.96399;167.47667;      -1.48817; 38.65633;80.00000;20.00000;0.53831;2
711.03101;167.49000;      -1.48602; 38.65926;80.00000;20.00000;0.53829;2
711.09998;167.50333;      -1.48566; 38.66317;80.00000;20.00000;0.53827;2
711.16699;167.51667;      -1.48572; 38.66512;80.00000;20.00000;0.53825;2
711.22601;167.53000;      -1.48494; 38.66512;80.00000;20.00000;0.53823;2
711.29797;167.54333;      -1.48417; 38.66512;80.00000;20.00000;0.53821;2
711.35901;167.55667;      -1.48312; 38.66414;80.00000;20.00000;0.53819;2
711.43103;167.57000;      -1.48221; 38.66317;80.00000;20.00000;0.53817;2
711.49597;167.58333;      -1.48282; 38.66219;80.00000;20.00000;0.53815;2
711.55402;167.59667;      -1.48259; 38.66121;80.00000;20.00000;0.53813;2
711.63202;167.61000;      -1.48224; 38.66024;80.00000;20.00000;0.53811;2
711.69598;167.62333;      -1.48160; 38.65926;80.00000;20.00000;0.53809;2
711.76099;167.63667;      -1.48138; 38.65828;80.00000;20.00000;0.53807;2
711.83197;167.65000;      -1.48158; 38.65633;80.00000;20.00000;0.53804;2
711.89600;167.66333;      -1.48094; 38.65536;80.00000;20.00000;0.53802;2
711.95599;167.67667;      -1.48141; 38.65438;80.00000;20.00000;0.53801;2
712.02502;167.69000;      -1.48050; 38.65340;80.00000;20.00000;0.53798;2
712.09900;167.70333;      -1.48056; 38.65243;80.00000;20.00000;0.53796;2
712.16101;167.71667;      -1.47965; 38.65243;80.00000;20.00000;0.53794;2
712.22803;167.73000;      -1.48012; 38.65145;80.00000;20.00000;0.53792;2
712.29102;167.74333;      -1.47962; 38.65145;80.00000;20.00000;0.53790;2
712.36700;167.75667;      -1.47913; 38.65145;80.00000;20.00000;0.53788;2
712.43201;167.77000;      -1.47905; 38.65633;80.00000;20.00000;0.53786;2
712.50098;167.78333;      -1.47952; 38.66219;80.00000;20.00000;0.53784;2
712.56598;167.79667;      -1.47847; 38.67098;80.00000;20.00000;0.53782;2
712.62903;167.81000;      -1.47714; 38.67683;80.00000;20.00000;0.53780;2
712.70001;167.82333;      -1.47761; 38.67781;80.00000;20.00000;0.53777;2
712.76898;167.83667;      -1.47726; 38.67488;80.00000;20.00000;0.53775;2
712.83197;167.85000;      -1.47786; 38.66805;80.00000;20.00000;0.53773;2
712.89697;167.86333;      -1.47792; 38.65828;80.00000;20.00000;0.53771;2
712.96600;167.87667;      -1.47839; 38.64755;80.00000;20.00000;0.53769;2
713.02899;167.89000;      -1.47803; 38.63974;80.00000;20.00000;0.53767;2
713.09302;167.90333;      -1.47767; 38.63388;80.00000;20.00000;0.53765;2
713.16602;167.91667;      -1.47718; 38.63095;80.00000;20.00000;0.53763;2
713.23102;167.93000;      -1.47751; 38.62314;80.00000;20.00000;0.53761;2
713.29602;167.94333;      -1.47687; 38.61924;80.00000;20.00000;0.53759;2
713.36298;167.95667;      -1.47790; 38.61533;80.00000;20.00000;0.53757;2
713.42297;167.97000;      -1.47837; 38.61143;80.00000;20.00000;0.53755;2
713.49597;167.98333;      -1.47829; 38.60752;80.00000;20.00000;0.53753;2
713.56299;167.99667;      -1.47765; 38.60362;80.00000;20.00000;0.53751;2
713.62701;168.01000;      -1.47799; 38.59971;80.00000;20.00000;0.53749;2
713.69299;168.02333;      -1.47804; 38.59776;80.00000;20.00000;0.53747;2
713.76202;168.03667;      -1.47824; 38.59581;80.00000;20.00000;0.53745;2
713.83698;168.05000;      -1.47900; 38.59385;80.00000;20.00000;0.53742;2
713.89502;168.06333;      -1.47807; 38.59385;80.00000;20.00000;0.53741;2
713.96301;168.07667;      -1.47744; 38.59288;80.00000;20.00000;0.53738;2
714.03802;168.09000;      -1.47820; 38.59288;80.00000;20.00000;0.53736;2
714.09900;168.10333;      -1.47714; 38.59288;80.00000;20.00000;0.53734;2
714.16699;168.11667;      -1.47595; 38.59288;80.00000;20.00000;0.53732;2
714.22998;168.13000;      -1.47614; 38.59288;80.00000;20.00000;0.53730;2
714.29498;168.14333;      -1.47536; 38.59776;80.00000;20.00000;0.53728;2
714.35999;168.15667;      -1.47556; 38.60166;80.00000;20.00000;0.53726;2
714.42999;168.17000;      -1.47520; 38.60557;80.00000;20.00000;0.53724;2
714.49701;168.18333;      -1.47498; 38.60850;80.00000;20.00000;0.53722;2
714.56403;168.19667;      -1.47531; 38.61045;80.00000;20.00000;0.53720;2
714.62299;168.21000;      -1.47495; 38.61240;80.00000;20.00000;0.53718;2
714.69800;168.22333;      -1.47543; 38.61435;80.00000;20.00000;0.53716;2
714.76898;168.23667;      -1.47563; 38.61631;80.00000;20.00000;0.53714;2
714.82501;168.25000;      -1.47470; 38.61826;80.00000;20.00000;0.53712;2
714.89398;168.26333;      -1.47462; 38.61924;80.00000;20.00000;0.53710;2
714.96802;168.27667;      -1.47469; 38.62119;80.00000;20.00000;0.53707;2
715.03497;168.29000;      -1.47474; 38.62216;80.00000;20.00000;0.53705;2
715.09003;168.30333;      -1.47410; 38.62314;80.00000;20.00000;0.53704;2
715.16199;168.31667;      -1.47443; 38.62412;80.00000;20.00000;0.53702;2
715.22699;168.33000;      -1.47338; 38.62216;80.00000;20.00000;0.53700;2
715.29602;168.34333;      -1.47385; 38.61826;80.00000;20.00000;0.53697;2
715.35400;168.35667;      -1.47321; 38.61435;80.00000;20.00000;0.53696;2
715.42401;168.37000;      -1.47341; 38.61045;80.00000;20.00000;0.53693;2
715.49799;168.38333;      -1.47319; 38.60850;80.00000;20.00000;0.53691;2
715.56500;168.39667;      -1.47283; 38.60557;80.00000;20.00000;0.53689;2
715.63202;168.41000;      -1.47330; 38.59776;80.00000;20.00000;0.53687;2
715.70099;168.42333;      -1.47392; 38.59093;80.00000;20.00000;0.53685;2
715.77002;168.43667;      -1.47328; 38.58409;80.00000;20.00000;0.53683;2
715.83099;168.45000;      -1.47236; 38.57726;80.00000;20.00000;0.53681;2
715.89001;168.46333;      -1.47324; 38.57335;80.00000;20.00000;0.53679;2
715.96399;168.47667;      -1.47220; 38.56945;80.00000;20.00000;0.53677;2
716.03998;168.49000;      -1.47171; 38.56554;80.00000;20.00000;0.53675;2
716.10101;168.50333;      -1.47079; 38.56359;80.00000;20.00000;0.53673;2
716.16498;168.51667;      -1.47001; 38.55871;80.00000;20.00000;0.53671;2
716.22601;168.53000;      -1.46909; 38.55578;80.00000;20.00000;0.53669;2
716.29401;168.54333;      -1.46928; 38.55383;80.00000;20.00000;0.53667;2
716.36298;168.55667;      -1.47004; 38.55090;80.00000;20.00000;0.53665;2
716.43201;168.57000;      -1.46898; 38.54797;80.00000;20.00000;0.53662;2
716.49799;168.58333;      -1.46890; 38.54602;80.00000;20.00000;0.53660;2
716.56799;168.59667;      -1.46951; 38.54700;80.00000;20.00000;0.53658;2
716.63599;168.61000;      -1.46943; 38.54895;80.00000;20.00000;0.53656;2
716.70599;168.62333;      -1.46935; 38.55090;80.00000;20.00000;0.53654;2
716.76801;168.63667;      -1.46954; 38.55188;80.00000;20.00000;0.53652;2
716.84198;168.65000;      -1.46905; 38.55383;80.00000;20.00000;0.53650;2
716.89203;168.66333;      -1.46909; 38.55578;80.00000;20.00000;0.53648;2
716.97101;168.67667;      -1.46819; 38.55676;80.00000;20.00000;0.53646;2
717.03601;168.69000;      -1.46921; 38.55969;80.00000;20.00000;0.53644;2
717.09198;168.70333;      -1.46870; 38.56359;80.00000;20.00000;0.53642;2
717.16498;168.71667;      -1.46793; 38.56847;80.00000;20.00000;0.53640;2
717.22803;168.73000;      -1.46771; 38.57140;80.00000;20.00000;0.53638;2
717.30298;168.74333;      -1.46708; 38.57335;80.00000;20.00000;0.53636;2
717.37000;168.75667;      -1.46713; 38.57531;80.00000;20.00000;0.53634;2
717.43402;168.77000;      -1.46677; 38.57628;80.00000;20.00000;0.53632;2
717.49799;168.78333;      -1.46641; 38.57726;80.00000;20.00000;0.53630;2
717.56299;168.79667;      -1.46660; 38.57823;80.00000;20.00000;0.53628;2
717.63202;168.81000;      -1.46638; 38.57921;80.00000;20.00000;0.53626;2
717.69897;168.82333;      -1.46588; 38.58019;80.00000;20.00000;0.53624;2
717.77002;168.83667;      -1.46636; 38.58116;80.00000;20.00000;0.53621;2
717.83301;168.85000;      -1.46627; 38.58214;80.00000;20.00000;0.53620;2
717.90302;168.86333;      -1.46675; 38.58312;80.00000;20.00000;0.53617;2
717.97498;168.87667;      -1.46597; 38.58409;80.00000;20.00000;0.53615;2
718.03400;168.89000;      -1.46658; 38.58507;80.00000;20.00000;0.53613;2
718.09497;168.90333;      -1.46663; 38.58214;80.00000;20.00000;0.53611;2
718.16602;168.91667;      -1.46613; 38.57921;80.00000;20.00000;0.53609;2
718.23401;168.93000;      -1.46549; 38.57628;80.00000;20.00000;0.53607;2
718.30103;168.94333;      -1.46541; 38.57238;80.00000;20.00000;0.53605;2
718.36298;168.95667;      -1.46463; 38.56847;80.00000;20.00000;0.53603;2
718.43799;168.97000;      -1.46400; 38.56554;80.00000;20.00000;0.53601;2
718.50598;168.98333;      -1.46308; 38.56164;80.00000;20.00000;0.53599;2
718.56897;168.99667;      -1.46313; 38.56066;80.00000;20.00000;0.53597;2
718.64203;169.01000;      -1.46361; 38.55969;80.00000;20.00000;0.53595;2
718.70599;169.02333;      -1.46339; 38.55969;80.00000;20.00000;0.53593;2
718.76898;169.03667;      -1.46261; 38.55969;80.00000;20.00000;0.53591;2
718.83197;169.05000;      -1.46155; 38.55969;80.00000;20.00000;0.53589;2
718.90002;169.06333;      -1.46230; 38.56066;80.00000;20.00000;0.53587;2
718.97101;169.07667;      -1.46083; 38.56164;80.00000;20.00000;0.53585;2
719.03302;169.09000;      -1.46005; 38.56066;80.00000;20.00000;0.53583;2
719.09998;169.10333;      -1.45955; 38.55871;80.00000;20.00000;0.53581;2
719.16901;169.11667;      -1.45974; 38.55480;80.00000;20.00000;0.53579;2
719.24200;169.13000;      -1.45966; 38.54992;80.00000;20.00000;0.53576;2
719.30798;169.14333;      -1.45861; 38.54602;80.00000;20.00000;0.53574;2
719.36902;169.15667;      -1.45741; 38.54211;80.00000;20.00000;0.53573;2
719.43597;169.17000;      -1.45691; 38.53821;80.00000;20.00000;0.53571;2
719.50598;169.18333;      -1.45627; 38.53430;80.00000;20.00000;0.53568;2
719.56201;169.19667;      -1.45604; 38.53235;80.00000;20.00000;0.53567;2
719.63702;169.21000;      -1.45624; 38.53138;80.00000;20.00000;0.53564;2
719.70697;169.22333;      -1.45588; 38.52942;80.00000;20.00000;0.53562;2
719.76501;169.23667;      -1.45523; 38.52845;80.00000;20.00000;0.53560;2
719.84003;169.25000;      -1.45543; 38.52845;80.00000;20.00000;0.53558;2
719.90601;169.26333;      -1.45563; 38.53138;80.00000;20.00000;0.53556;2
719.97302;169.27667;      -1.45540; 38.53528;80.00000;20.00000;0.53554;2
720.04797;169.29000;      -1.45477; 38.53919;80.00000;20.00000;0.53552;2
720.09998;169.30333;      -1.45481; 38.54407;80.00000;20.00000;0.53550;2
720.15997;169.31667;      -1.45473; 38.54797;80.00000;20.00000;0.53548;2
720.23700;169.33000;      -1.45562; 38.55383;80.00000;20.00000;0.53546;2
720.30298;169.34333;      -1.45512; 38.55871;80.00000;20.00000;0.53544;2
720.37598;169.35667;      -1.45477; 38.56652;80.00000;20.00000;0.53542;2
720.43903;169.37000;      -1.45496; 38.57628;80.00000;20.00000;0.53540;2
720.50598;169.38333;      -1.45459; 38.58800;80.00000;20.00000;0.53538;2
720.56897;169.39667;      -1.45492; 38.60166;80.00000;20.00000;0.53536;2
720.63098;169.41000;      -1.45484; 38.61240;80.00000;20.00000;0.53534;2
720.70099;169.42333;      -1.45462; 38.61924;80.00000;20.00000;0.53532;2
720.77100;169.43667;      -1.45551; 38.62216;80.00000;20.00000;0.53530;2
720.83502;169.45000;      -1.45501; 38.62216;80.00000;20.00000;0.53528;2
720.90198;169.46333;      -1.45464; 38.62119;80.00000;20.00000;0.53526;2
720.96600;169.47667;      -1.45428; 38.62119;80.00000;20.00000;0.53524;2
721.03998;169.49000;      -1.45420; 38.62021;80.00000;20.00000;0.53522;2
721.11401;169.50333;      -1.45412; 38.61143;80.00000;20.00000;0.53519;2
721.17401;169.51667;      -1.45362; 38.60264;80.00000;20.00000;0.53518;2
721.23901;169.53000;      -1.45492; 38.59190;80.00000;20.00000;0.53516;2
721.31201;169.54333;      -1.45387; 38.57823;80.00000;20.00000;0.53513;2
721.37701;169.55667;      -1.45225; 38.56261;80.00000;20.00000;0.53511;2
721.44098;169.57000;      -1.45286; 38.54895;80.00000;20.00000;0.53509;2
721.50897;169.58333;      -1.45222; 38.54114;80.00000;20.00000;0.53507;2
721.57202;169.59667;      -1.45144; 38.53919;80.00000;20.00000;0.53505;2
721.63300;169.61000;      -1.45079; 38.54016;80.00000;20.00000;0.53504;2
721.70203;169.62333;      -1.45002; 38.54114;80.00000;20.00000;0.53501;2
721.77399;169.63667;      -1.44896; 38.54309;80.00000;20.00000;0.53499;2
721.83600;169.65000;      -1.44859; 38.54114;80.00000;20.00000;0.53497;2
721.91101;169.66333;      -1.44824; 38.54016;80.00000;20.00000;0.53495;2
721.98199;169.67667;      -1.44774; 38.53723;80.00000;20.00000;0.53493;2
722.04401;169.69000;      -1.44737; 38.53430;80.00000;20.00000;0.53491;2
722.10602;169.70333;      -1.44742; 38.52747;80.00000;20.00000;0.53489;2
722.17700;169.71667;      -1.44762; 38.52064;80.00000;20.00000;0.53487;2
722.24200;169.73000;      -1.44754; 38.51673;80.00000;20.00000;0.53485;2
722.30499;169.74333;      -1.44773; 38.51673;80.00000;20.00000;0.53483;2
722.36798;169.75667;      -1.44625; 38.51966;80.00000;20.00000;0.53481;2
722.44299;169.77000;      -1.44589; 38.52454;80.00000;20.00000;0.53479;2
722.51300;169.78333;      -1.44553; 38.53235;80.00000;20.00000;0.53477;2
722.57001;169.79667;      -1.44432; 38.53821;80.00000;20.00000;0.53475;2
722.64001;169.81000;      -1.44382; 38.54309;80.00000;20.00000;0.53473;2
722.71100;169.82333;      -1.44374; 38.54504;80.00000;20.00000;0.53471;2
722.76501;169.83667;      -1.44462; 38.54700;80.00000;20.00000;0.53469;2
722.84100;169.85000;      -1.44455; 38.54797;80.00000;20.00000;0.53467;2
722.90302;169.86333;      -1.44543; 38.54797;80.00000;20.00000;0.53465;2
722.96399;169.87667;      -1.44492; 38.54797;80.00000;20.00000;0.53463;2
723.03400;169.89000;      -1.44498; 38.54602;80.00000;20.00000;0.53461;2
723.10400;169.90333;      -1.44448; 38.54504;80.00000;20.00000;0.53459;2
723.17499;169.91667;      -1.44482; 38.54309;80.00000;20.00000;0.53457;2
723.24103;169.93000;      -1.44557; 38.53723;80.00000;20.00000;0.53455;2
723.30499;169.94333;      -1.44548; 38.53333;80.00000;20.00000;0.53453;2
723.37201;169.95667;      -1.44568; 38.52845;80.00000;20.00000;0.53451;2
723.44000;169.97000;      -1.44559; 38.52454;80.00000;20.00000;0.53449;2
723.50201;169.98333;      -1.44620; 38.51966;80.00000;20.00000;0.53447;2
723.57300;169.99667;      -1.44556; 38.51673;80.00000;20.00000;0.53445;2
723.64502;170.01000;      -1.44562; 38.51283;80.00000;20.00000;0.53443;2
723.70203;170.02333;      -1.44511; 38.50892;80.00000;20.00000;0.53441;2
723.77301;170.03667;      -1.44503; 38.50502;80.00000;20.00000;0.53439;2
723.84198;170.05000;      -1.44564; 38.50209;80.00000;20.00000;0.53437;2
723.90802;170.06333;      -1.44626; 38.49818;80.00000;20.00000;0.53435;2
723.96899;170.07667;      -1.44589; 38.49526;80.00000;20.00000;0.53433;2
724.03601;170.09000;      -1.44455; 38.49330;80.00000;20.00000;0.53431;2
724.11102;170.10333;      -1.44405; 38.49233;80.00000;20.00000;0.53428;2
724.17401;170.11667;      -1.44313; 38.49135;80.00000;20.00000;0.53427;2
724.24103;170.13000;      -1.44332; 38.49037;80.00000;20.00000;0.53425;2
724.30902;170.14333;      -1.44338; 38.49037;80.00000;20.00000;0.53422;2
724.37799;170.15667;      -1.44302; 38.49037;80.00000;20.00000;0.53420;2
724.43903;170.17000;      -1.44251; 38.49037;80.00000;20.00000;0.53419;2
724.51501;170.18333;      -1.44173; 38.49037;80.00000;20.00000;0.53416;2
724.58002;170.19667;      -1.44179; 38.49037;80.00000;20.00000;0.53414;2
724.63800;170.21000;      -1.44155; 38.49037;80.00000;20.00000;0.53413;2
724.70697;170.22333;      -1.44036; 38.49037;80.00000;20.00000;0.53410;2
724.77197;170.23667;      -1.44055; 38.49037;80.00000;20.00000;0.53408;2
724.84900;170.25000;      -1.43963; 38.49037;80.00000;20.00000;0.53406;2
724.91302;170.26333;      -1.43955; 38.49037;80.00000;20.00000;0.53404;2
724.97302;170.27667;      -1.44029; 38.49037;80.00000;20.00000;0.53402;2
725.03900;170.29000;      -1.44090; 38.49037;80.00000;20.00000;0.53400;2
725.10797;170.30333;      -1.44054; 38.49037;80.00000;20.00000;0.53398;2
725.17499;170.31667;      -1.43990; 38.49037;80.00000;20.00000;0.53396;2
725.24200;170.33000;      -1.44163; 38.49037;80.00000;20.00000;0.53394;2
725.30402;170.34333;      -1.44140; 38.49037;80.00000;20.00000;0.53392;2
725.37500;170.35667;      -1.44104; 38.49037;80.00000;20.00000;0.53390;2
725.44397;170.37000;      -1.44026; 38.49037;80.00000;20.00000;0.53388;2
725.51001;170.38333;      -1.44101; 38.49037;80.00000;20.00000;0.53386;2
725.57599;170.39667;      -1.44023; 38.49037;80.00000;20.00000;0.53384;2
725.64502;170.41000;      -1.43903; 38.49037;80.00000;20.00000;0.53382;2
725.71198;170.42333;      -1.43880; 38.49037;80.00000;20.00000;0.53380;2
725.78302;170.43667;      -1.43914; 38.49037;80.00000;20.00000;0.53378;2
725.84998;170.45000;      -1.43891; 38.49037;80.00000;20.00000;0.53376;2
725.90997;170.46333;      -1.43827; 38.49037;80.00000;20.00000;0.53374;2
725.97498;170.47667;      -1.43776; 38.49233;80.00000;20.00000;0.53372;2
726.03900;170.49000;      -1.43711; 38.49330;80.00000;20.00000;0.53370;2
726.11798;170.50333;      -1.43620; 38.49233;80.00000;20.00000;0.53368;2
726.18298;170.51667;      -1.43472; 38.48940;80.00000;20.00000;0.53366;2
726.24799;170.53000;      -1.43379; 38.48549;80.00000;20.00000;0.53364;2
726.31702;170.54333;      -1.43427; 38.48159;80.00000;20.00000;0.53362;2
726.37799;170.55667;      -1.43460; 38.47964;80.00000;20.00000;0.53360;2
726.44800;170.57000;      -1.43284; 38.47671;80.00000;20.00000;0.53358;2
726.51099;170.58333;      -1.43219; 38.47378;80.00000;20.00000;0.53356;2
726.57397;170.59667;      -1.43266; 38.47183;80.00000;20.00000;0.53354;2
726.64398;170.61000;      -1.43230; 38.47280;80.00000;20.00000;0.53352;2
726.70898;170.62333;      -1.43305; 38.47866;80.00000;20.00000;0.53350;2
726.77698;170.63667;      -1.43283; 38.48549;80.00000;20.00000;0.53348;2
726.84698;170.65000;      -1.43302; 38.49233;80.00000;20.00000;0.53346;2
726.91199;170.66333;      -1.43294; 38.49818;80.00000;20.00000;0.53344;2
726.97998;170.67667;      -1.43397; 38.50209;80.00000;20.00000;0.53342;2
727.04401;170.69000;      -1.43360; 38.50599;80.00000;20.00000;0.53340;2
727.10602;170.70333;      -1.43323; 38.50795;80.00000;20.00000;0.53338;2
727.17603;170.71667;      -1.43357; 38.50892;80.00000;20.00000;0.53336;2
727.24298;170.73000;      -1.43334; 38.51088;80.00000;20.00000;0.53334;2
727.31403;170.74333;      -1.43354; 38.51088;80.00000;20.00000;0.53332;2
727.37701;170.75667;      -1.43359; 38.51185;80.00000;20.00000;0.53330;2
727.44397;170.77000;      -1.43337; 38.51088;80.00000;20.00000;0.53328;2
727.51202;170.78333;      -1.43384; 38.51088;80.00000;20.00000;0.53326;2
727.57397;170.79667;      -1.43347; 38.51088;80.00000;20.00000;0.53324;2
727.64697;170.81000;      -1.43353; 38.50990;80.00000;20.00000;0.53322;2
727.71301;170.82333;      -1.43316; 38.50990;80.00000;20.00000;0.53320;2
727.78198;170.83667;      -1.43308; 38.50990;80.00000;20.00000;0.53318;2
727.85498;170.85000;      -1.43356; 38.50990;80.00000;20.00000;0.53316;2
727.91302;170.86333;      -1.43388; 38.50990;80.00000;20.00000;0.53314;2
727.98499;170.87667;      -1.43324; 38.50990;80.00000;20.00000;0.53312;2
728.05298;170.89000;      -1.43232; 38.50990;80.00000;20.00000;0.53310;2
728.11200;170.90333;      -1.43097; 38.50990;80.00000;20.00000;0.53308;2
728.17902;170.91667;      -1.43047; 38.50990;80.00000;20.00000;0.53306;2
728.24799;170.93000;      -1.43024; 38.51088;80.00000;20.00000;0.53304;2
728.31598;170.94333;      -1.43030; 38.51088;80.00000;20.00000;0.53302;2
728.37598;170.95667;      -1.42951; 38.51185;80.00000;20.00000;0.53300;2
728.44702;170.97000;      -1.42942; 38.51283;80.00000;20.00000;0.53298;2
728.51599;170.98333;      -1.42990; 38.51478;80.00000;20.00000;0.53296;2
728.59198;170.99667;      -1.43052; 38.51576;80.00000;20.00000;0.53294;2
728.64801;171.01000;      -1.43042; 38.51673;80.00000;20.00000;0.53292;2
728.70697;171.02333;      -1.43019; 38.51478;80.00000;20.00000;0.53290;2
728.78198;171.03667;      -1.43025; 38.51380;80.00000;20.00000;0.53288;2
728.84900;171.05000;      -1.42975; 38.51088;80.00000;20.00000;0.53286;2
728.91699;171.06333;      -1.42785; 38.51088;80.00000;20.00000;0.53284;2
728.98499;171.07667;      -1.42790; 38.50990;80.00000;20.00000;0.53282;2
729.05103;171.09000;      -1.42781; 38.50892;80.00000;20.00000;0.53280;2
729.11298;171.10333;      -1.42716; 38.50599;80.00000;20.00000;0.53278;2
729.18799;171.11667;      -1.42694; 38.50209;80.00000;20.00000;0.53276;2
729.25201;171.13000;      -1.42797; 38.49526;80.00000;20.00000;0.53274;2
729.31897;171.14333;      -1.42719; 38.48842;80.00000;20.00000;0.53272;2
729.38800;171.15667;      -1.42627; 38.48354;80.00000;20.00000;0.53270;2
729.45599;171.17000;      -1.42590; 38.47964;80.00000;20.00000;0.53268;2
729.52399;171.18333;      -1.42484; 38.47671;80.00000;20.00000;0.53266;2
729.58600;171.19667;      -1.42391; 38.47378;80.00000;20.00000;0.53264;2
729.65399;171.21000;      -1.42312; 38.46987;80.00000;20.00000;0.53262;2
729.71698;171.22333;      -1.42233; 38.46597;80.00000;20.00000;0.53260;2
729.78699;171.23667;      -1.42211; 38.46206;80.00000;20.00000;0.53258;2
729.84900;171.25000;      -1.42132; 38.45914;80.00000;20.00000;0.53256;2
729.91602;171.26333;      -1.42151; 38.45621;80.00000;20.00000;0.53254;2
729.97699;171.27667;      -1.42184; 38.45230;80.00000;20.00000;0.53252;2
730.04901;171.29000;      -1.42204; 38.44937;80.00000;20.00000;0.53250;2
730.12000;171.30333;      -1.42196; 38.44547;80.00000;20.00000;0.53248;2
730.18103;171.31667;      -1.42229; 38.44254;80.00000;20.00000;0.53246;2
730.24701;171.33000;      -1.42262; 38.44059;80.00000;20.00000;0.53244;2
730.32098;171.34333;      -1.42226; 38.43863;80.00000;20.00000;0.53242;2
730.38397;171.35667;      -1.42259; 38.43766;80.00000;20.00000;0.53240;2
730.45398;171.37000;      -1.42236; 38.43766;80.00000;20.00000;0.53238;2
730.52600;171.38333;      -1.42242; 38.43668;80.00000;20.00000;0.53236;2
730.58301;171.39667;      -1.42275; 38.43668;80.00000;20.00000;0.53234;2
730.65002;171.41000;      -1.42294; 38.43668;80.00000;20.00000;0.53232;2
730.72601;171.42333;      -1.42384; 38.43668;80.00000;20.00000;0.53230;2
730.79303;171.43667;      -1.42375; 38.43668;80.00000;20.00000;0.53228;2
730.84998;171.45000;      -1.42268; 38.43668;80.00000;20.00000;0.53226;2
730.91803;171.46333;      -1.42245; 38.44059;80.00000;20.00000;0.53224;2
730.98901;171.47667;      -1.42195; 38.44352;80.00000;20.00000;0.53222;2
731.05200;171.49000;      -1.42200; 38.44742;80.00000;20.00000;0.53220;2
731.12500;171.50333;      -1.42164; 38.45133;80.00000;20.00000;0.53218;2
731.19800;171.51667;      -1.42128; 38.45328;80.00000;20.00000;0.53216;2
731.26501;171.53000;      -1.42147; 38.45425;80.00000;20.00000;0.53214;2
731.32501;171.54333;      -1.42096; 38.45523;80.00000;20.00000;0.53212;2
731.38800;171.55667;      -1.42073; 38.45523;80.00000;20.00000;0.53210;2
731.46198;171.57000;      -1.42051; 38.45621;80.00000;20.00000;0.53208;2
731.52301;171.58333;      -1.42056; 38.45621;80.00000;20.00000;0.53206;2
731.58600;171.59667;      -1.42047; 38.45230;80.00000;20.00000;0.53204;2
731.65399;171.61000;      -1.42066; 38.44742;80.00000;20.00000;0.53202;2
731.72198;171.62333;      -1.42030; 38.44352;80.00000;20.00000;0.53200;2
731.78497;171.63667;      -1.41979; 38.44059;80.00000;20.00000;0.53198;2
731.85901;171.65000;      -1.42026; 38.43766;80.00000;20.00000;0.53196;2
731.91498;171.66333;      -1.42059; 38.43473;80.00000;20.00000;0.53194;2
731.98798;171.67667;      -1.42079; 38.43278;80.00000;20.00000;0.53192;2
732.05499;171.69000;      -1.42042; 38.43278;80.00000;20.00000;0.53190;2
732.12402;171.70333;      -1.41977; 38.43473;80.00000;20.00000;0.53188;2
732.19098;171.71667;      -1.42025; 38.43766;80.00000;20.00000;0.53186;2
732.25800;171.73000;      -1.42002; 38.44254;80.00000;20.00000;0.53184;2
732.33301;171.74333;      -1.42008; 38.44742;80.00000;20.00000;0.53182;2
732.39001;171.75667;      -1.41971; 38.45035;80.00000;20.00000;0.53180;2
732.46802;171.77000;      -1.41949; 38.45328;80.00000;20.00000;0.53178;2
732.52600;171.78333;      -1.41981; 38.45425;80.00000;20.00000;0.53176;2
732.59497;171.79667;      -1.41777; 38.44937;80.00000;20.00000;0.53174;2
732.66199;171.81000;      -1.41824; 38.44156;80.00000;20.00000;0.53172;2
732.73199;171.82333;      -1.41802; 38.42887;80.00000;20.00000;0.53170;2
732.79498;171.83667;      -1.41807; 38.41716;80.00000;20.00000;0.53168;2
732.86700;171.85000;      -1.41770; 38.40935;80.00000;20.00000;0.53166;2
732.92700;171.86333;      -1.41649; 38.40251;80.00000;20.00000;0.53164;2
732.99200;171.87667;      -1.41612; 38.39568;80.00000;20.00000;0.53162;2
733.05798;171.89000;      -1.41519; 38.38885;80.00000;20.00000;0.53160;2
733.12701;171.90333;      -1.41259; 38.38494;80.00000;20.00000;0.53158;2
733.19000;171.91667;      -1.41165; 38.38201;80.00000;20.00000;0.53156;2
733.26599;171.93000;      -1.41129; 38.38006;80.00000;20.00000;0.53154;2
733.32300;171.94333;      -1.41176; 38.37811;80.00000;20.00000;0.53152;2
733.39600;171.95667;      -1.41154; 38.37616;80.00000;20.00000;0.53150;2
733.46100;171.97000;      -1.41117; 38.37420;80.00000;20.00000;0.53148;2
733.53003;171.98333;      -1.41038; 38.37128;80.00000;20.00000;0.53146;2
733.59302;171.99667;      -1.41001; 38.36835;80.00000;20.00000;0.53144;2
733.66199;172.01000;      -1.41035; 38.36542;80.00000;20.00000;0.53142;2
733.72498;172.02333;      -1.41082; 38.36737;80.00000;20.00000;0.53140;2
733.79797;172.03667;      -1.41115; 38.36932;80.00000;20.00000;0.53138;2
733.86298;172.05000;      -1.41050; 38.37128;80.00000;20.00000;0.53136;2
733.92902;172.06333;      -1.41028; 38.37420;80.00000;20.00000;0.53134;2
733.99597;172.07667;      -1.40977; 38.37616;80.00000;20.00000;0.53132;2
734.07397;172.09000;      -1.41067; 38.37909;80.00000;20.00000;0.53130;2
734.12903;172.10333;      -1.41113; 38.38104;80.00000;20.00000;0.53128;2
734.18903;172.11667;      -1.41160; 38.38397;80.00000;20.00000;0.53127;2
734.26599;172.13000;      -1.41180; 38.38690;80.00000;20.00000;0.53124;2
734.34100;172.14333;      -1.41158; 38.38787;80.00000;20.00000;0.53122;2
734.40698;172.15667;      -1.41079; 38.39178;80.00000;20.00000;0.53120;2
734.46899;172.17000;      -1.41028; 38.39373;80.00000;20.00000;0.53118;2
734.54498;172.18333;      -1.40978; 38.39568;80.00000;20.00000;0.53116;2
734.60303;172.19667;      -1.40940; 38.39666;80.00000;20.00000;0.53114;2
734.67401;172.21000;      -1.40834; 38.39763;80.00000;20.00000;0.53112;2
734.73102;172.22333;      -1.40824; 38.39763;80.00000;20.00000;0.53110;2
734.81000;172.23667;      -1.40704; 38.39763;80.00000;20.00000;0.53108;2
734.87201;172.25000;      -1.40569; 38.39763;80.00000;20.00000;0.53106;2
734.93903;172.26333;      -1.40462; 38.39763;80.00000;20.00000;0.53104;2
735.00800;172.27667;      -1.40355; 38.39763;80.00000;20.00000;0.53102;2
735.07098;172.29000;      -1.40332; 38.39763;80.00000;20.00000;0.53100;2
735.13098;172.30333;      -1.40295; 38.39763;80.00000;20.00000;0.53099;2
735.19897;172.31667;      -1.40104; 38.39763;80.00000;20.00000;0.53097;2
735.26398;172.33000;      -1.40109; 38.39763;80.00000;20.00000;0.53095;2
735.33502;172.34333;      -1.40156; 38.39666;80.00000;20.00000;0.53093;2
735.39801;172.35667;      -1.40119; 38.39568;80.00000;20.00000;0.53091;2
735.47601;172.37000;      -1.40069; 38.39568;80.00000;20.00000;0.53088;2
735.52899;172.38333;      -1.40185; 38.39470;80.00000;20.00000;0.53087;2
735.60303;172.39667;      -1.40233; 38.39373;80.00000;20.00000;0.53085;2
735.67401;172.41000;      -1.40225; 38.39275;80.00000;20.00000;0.53083;2
735.73401;172.42333;      -1.40089; 38.39178;80.00000;20.00000;0.53081;2
735.80200;172.43667;      -1.40179; 38.39080;80.00000;20.00000;0.53079;2
735.86902;172.45000;      -1.40226; 38.39178;80.00000;20.00000;0.53077;2
735.93903;172.46333;      -1.40217; 38.39080;80.00000;20.00000;0.53075;2
736.00598;172.47667;      -1.40153; 38.39080;80.00000;20.00000;0.53073;2
736.07098;172.49000;      -1.40144; 38.39178;80.00000;20.00000;0.53071;2
736.14398;172.50333;      -1.40205; 38.39178;80.00000;20.00000;0.53069;2
736.20697;172.51667;      -1.40126; 38.39275;80.00000;20.00000;0.53067;2
736.27698;172.53000;      -1.40146; 38.39373;80.00000;20.00000;0.53065;2
736.34198;172.54333;      -1.40066; 38.39470;80.00000;20.00000;0.53063;2
736.40997;172.55667;      -1.40212; 38.39568;80.00000;20.00000;0.53061;2
736.47101;172.57000;      -1.40105; 38.39666;80.00000;20.00000;0.53059;2
736.53998;172.58333;      -1.40096; 38.39568;80.00000;20.00000;0.53057;2
736.61298;172.59667;      -1.39989; 38.39275;80.00000;20.00000;0.53055;2
736.66498;172.61000;      -1.39993; 38.38690;80.00000;20.00000;0.53053;2
736.73602;172.62333;      -1.39929; 38.37909;80.00000;20.00000;0.53051;2
736.80701;172.63667;      -1.39906; 38.37225;80.00000;20.00000;0.53049;2
736.87097;172.65000;      -1.39897; 38.36737;80.00000;20.00000;0.53047;2
736.94000;172.66333;      -1.39902; 38.36249;80.00000;20.00000;0.53045;2
737.00098;172.67667;      -1.39907; 38.35663;80.00000;20.00000;0.53043;2
737.06702;172.69000;      -1.39884; 38.35078;80.00000;20.00000;0.53041;2
737.13000;172.70333;      -1.39959; 38.34589;80.00000;20.00000;0.53040;2
737.19800;172.71667;      -1.39880; 38.34101;80.00000;20.00000;0.53038;2
737.26898;172.73000;      -1.39774; 38.33613;80.00000;20.00000;0.53035;2
737.32501;172.74333;      -1.39736; 38.33223;80.00000;20.00000;0.53034;2
737.40002;172.75667;      -1.39742; 38.32930;80.00000;20.00000;0.53032;2
737.46802;172.77000;      -1.39775; 38.32832;80.00000;20.00000;0.53030;2
737.54102;172.78333;      -1.39837; 38.32637;80.00000;20.00000;0.53027;2
737.60101;172.79667;      -1.39926; 38.32442;80.00000;20.00000;0.53026;2
737.66998;172.81000;      -1.39889; 38.32442;80.00000;20.00000;0.53024;2
737.73999;172.82333;      -1.39880; 38.32539;80.00000;20.00000;0.53022;2
737.80402;172.83667;      -1.39998; 38.33223;80.00000;20.00000;0.53020;2
737.86798;172.85000;      -1.39918; 38.33906;80.00000;20.00000;0.53018;2
737.94897;172.86333;      -1.39981; 38.34492;80.00000;20.00000;0.53015;2
738.02301;172.87667;      -1.39973; 38.35273;80.00000;20.00000;0.53013;2
738.07703;172.89000;      -1.40019; 38.36347;80.00000;20.00000;0.53012;2
738.14600;172.90333;      -1.40081; 38.37420;80.00000;20.00000;0.53010;2
738.21198;172.91667;      -1.39959; 38.38592;80.00000;20.00000;0.53008;2
738.28101;172.93000;      -1.39852; 38.39470;80.00000;20.00000;0.53006;2
738.34802;172.94333;      -1.39773; 38.40154;80.00000;20.00000;0.53004;2
738.40900;172.95667;      -1.39665; 38.40642;80.00000;20.00000;0.53002;2
738.47400;172.97000;      -1.39586; 38.40740;80.00000;20.00000;0.53000;2
738.53601;172.98333;      -1.39535; 38.40642;80.00000;20.00000;0.52998;2
738.61798;172.99667;      -1.39499; 38.40251;80.00000;20.00000;0.52996;2
738.66901;173.01000;      -1.39419; 38.39666;80.00000;20.00000;0.52994;2
738.74402;173.02333;      -1.39410; 38.39178;80.00000;20.00000;0.52992;2
738.80298;173.03667;      -1.39401; 38.38787;80.00000;20.00000;0.52990;2
738.87402;173.05000;      -1.39364; 38.38397;80.00000;20.00000;0.52988;2
738.95203;173.06333;      -1.39300; 38.37713;80.00000;20.00000;0.52986;2
739.00800;173.07667;      -1.39318; 38.37030;80.00000;20.00000;0.52984;2
739.06702;173.09000;      -1.39281; 38.36444;80.00000;20.00000;0.52983;2
739.14398;173.10333;      -1.39343; 38.36054;80.00000;20.00000;0.52980;2
739.21198;173.11667;      -1.39292; 38.35761;80.00000;20.00000;0.52978;2
739.27600;173.13000;      -1.39283; 38.35468;80.00000;20.00000;0.52976;2
739.33801;173.14333;      -1.39259; 38.35273;80.00000;20.00000;0.52975;2
739.41101;173.15667;      -1.39279; 38.35078;80.00000;20.00000;0.52972;2
739.47400;173.17000;      -1.39228; 38.35273;80.00000;20.00000;0.52971;2
739.54498;173.18333;      -1.39247; 38.35468;80.00000;20.00000;0.52968;2
739.61200;173.19667;      -1.39224; 38.35761;80.00000;20.00000;0.52967;2
739.68201;173.21000;      -1.39216; 38.35956;80.00000;20.00000;0.52964;2
739.73700;173.22333;      -1.39262; 38.36151;80.00000;20.00000;0.52963;2
739.81097;173.23667;      -1.39352; 38.36347;80.00000;20.00000;0.52961;2
739.88300;173.25000;      -1.39372; 38.36444;80.00000;20.00000;0.52959;2
739.94098;173.26333;      -1.39404; 38.36542;80.00000;20.00000;0.52957;2
740.01398;173.27667;      -1.39326; 38.36932;80.00000;20.00000;0.52955;2
740.08398;173.29000;      -1.39345; 38.37323;80.00000;20.00000;0.52953;2
740.15002;173.30333;      -1.39266; 38.37713;80.00000;20.00000;0.52951;2
740.22101;173.31667;      -1.39201; 38.38299;80.00000;20.00000;0.52949;2
740.27100;173.33000;      -1.39261; 38.38787;80.00000;20.00000;0.52947;2
740.34399;173.34333;      -1.39225; 38.39178;80.00000;20.00000;0.52945;2
740.41498;173.35667;      -1.39174; 38.39373;80.00000;20.00000;0.52943;2
740.48602;173.37000;      -1.39039; 38.39275;80.00000;20.00000;0.52941;2
740.55298;173.38333;      -1.38945; 38.39275;80.00000;20.00000;0.52939;2
740.62701;173.39667;      -1.38866; 38.39275;80.00000;20.00000;0.52937;2
740.68201;173.41000;      -1.38913; 38.38982;80.00000;20.00000;0.52935;2
740.74500;173.42333;      -1.38861; 38.38787;80.00000;20.00000;0.52933;2
740.81598;173.43667;      -1.38811; 38.38494;80.00000;20.00000;0.52931;2
740.87701;173.45000;      -1.38731; 38.38397;80.00000;20.00000;0.52929;2
740.94897;173.46333;      -1.38722; 38.38201;80.00000;20.00000;0.52927;2
741.01501;173.47667;      -1.38685; 38.38006;80.00000;20.00000;0.52925;2
741.07898;173.49000;      -1.38704; 38.37909;80.00000;20.00000;0.52924;2
741.15100;173.50333;      -1.38682; 38.37909;80.00000;20.00000;0.52921;2
741.21698;173.51667;      -1.38673; 38.37811;80.00000;20.00000;0.52919;2
741.28003;173.53000;      -1.38663; 38.37811;80.00000;20.00000;0.52918;2
741.34601;173.54333;      -1.38725; 38.37811;80.00000;20.00000;0.52916;2
741.41302;173.55667;      -1.38716; 38.37616;80.00000;20.00000;0.52914;2
741.48499;173.57000;      -1.38735; 38.37225;80.00000;20.00000;0.52912;2
741.55298;173.58333;      -1.38783; 38.36835;80.00000;20.00000;0.52910;2
741.62500;173.59667;      -1.38774; 38.36444;80.00000;20.00000;0.52908;2
741.69098;173.61000;      -1.38850; 38.35956;80.00000;20.00000;0.52906;2
741.75201;173.62333;      -1.38868; 38.35370;80.00000;20.00000;0.52904;2
741.82202;173.63667;      -1.38803; 38.34687;80.00000;20.00000;0.52902;2
741.88898;173.65000;      -1.38766; 38.34199;80.00000;20.00000;0.52900;2
741.95801;173.66333;      -1.38772; 38.33711;80.00000;20.00000;0.52898;2
742.02301;173.67667;      -1.38763; 38.33223;80.00000;20.00000;0.52896;2
742.09003;173.69000;      -1.38725; 38.32832;80.00000;20.00000;0.52894;2
742.15302;173.70333;      -1.38618; 38.32539;80.00000;20.00000;0.52892;2
742.21899;173.71667;      -1.38679; 38.32246;80.00000;20.00000;0.52890;2
742.28802;173.73000;      -1.38586; 38.32149;80.00000;20.00000;0.52888;2
742.34998;173.74333;      -1.38675; 38.31954;80.00000;20.00000;0.52886;2
742.42499;173.75667;      -1.38582; 38.31758;80.00000;20.00000;0.52884;2
742.48700;173.77000;      -1.38376; 38.31466;80.00000;20.00000;0.52882;2
742.54999;173.78333;      -1.38310; 38.31270;80.00000;20.00000;0.52881;2
742.62201;173.79667;      -1.38287; 38.31075;80.00000;20.00000;0.52878;2
742.68799;173.81000;      -1.38222; 38.30977;80.00000;20.00000;0.52876;2
742.74902;173.82333;      -1.38086; 38.30782;80.00000;20.00000;0.52875;2
742.81403;173.83667;      -1.38260; 38.30685;80.00000;20.00000;0.52873;2
742.89001;173.85000;      -1.38322; 38.30587;80.00000;20.00000;0.52871;2
742.94397;173.86333;      -1.38227; 38.30294;80.00000;20.00000;0.52869;2
743.01300;173.87667;      -1.38247; 38.29708;80.00000;20.00000;0.52867;2
743.08502;173.89000;      -1.38210; 38.29123;80.00000;20.00000;0.52865;2
743.15302;173.90333;      -1.38229; 38.28244;80.00000;20.00000;0.52863;2
743.21899;173.91667;      -1.38248; 38.27268;80.00000;20.00000;0.52861;2
743.28198;173.93000;      -1.38183; 38.26584;80.00000;20.00000;0.52859;2
743.35498;173.94333;      -1.38230; 38.25901;80.00000;20.00000;0.52857;2
743.41302;173.95667;      -1.38319; 38.25413;80.00000;20.00000;0.52855;2
743.48102;173.97000;      -1.38268; 38.25022;80.00000;20.00000;0.52853;2
743.55701;173.98333;      -1.38288; 38.24925;80.00000;20.00000;0.52851;2
743.62201;173.99667;      -1.38321; 38.24730;80.00000;20.00000;0.52849;2
743.68103;174.01000;      -1.38340; 38.24730;80.00000;20.00000;0.52848;2
743.74799;174.02333;      -1.38246; 38.24632;80.00000;20.00000;0.52846;2
743.82001;174.03667;      -1.38238; 38.24632;80.00000;20.00000;0.52843;2
743.88300;174.05000;      -1.38228; 38.24632;80.00000;20.00000;0.52842;2
743.95502;174.06333;      -1.38206; 38.24632;80.00000;20.00000;0.52840;2
744.02197;174.07667;      -1.38140; 38.24632;80.00000;20.00000;0.52838;2
744.08600;174.09000;      -1.38258; 38.24925;80.00000;20.00000;0.52836;2
744.16199;174.10333;      -1.38250; 38.25413;80.00000;20.00000;0.52834;2
744.22900;174.11667;      -1.38227; 38.25803;80.00000;20.00000;0.52832;2
744.29901;174.13000;      -1.38232; 38.26096;80.00000;20.00000;0.52830;2
744.36603;174.14333;      -1.38124; 38.26292;80.00000;20.00000;0.52828;2
744.42999;174.15667;      -1.38129; 38.26682;80.00000;20.00000;0.52826;2
744.48700;174.17000;      -1.38162; 38.26682;80.00000;20.00000;0.52824;2
744.56201;174.18333;      -1.38097; 38.26682;80.00000;20.00000;0.52822;2
744.62598;174.19667;      -1.38031; 38.26682;80.00000;20.00000;0.52820;2
744.68500;174.21000;      -1.37866; 38.26584;80.00000;20.00000;0.52818;2
744.74799;174.22333;      -1.37801; 38.26584;80.00000;20.00000;0.52816;2
744.82898;174.23667;      -1.37779; 38.26584;80.00000;20.00000;0.52814;2
744.89301;174.25000;      -1.37685; 38.26584;80.00000;20.00000;0.52812;2
744.95898;174.26333;      -1.37690; 38.26194;80.00000;20.00000;0.52810;2
745.02002;174.27667;      -1.37737; 38.25608;80.00000;20.00000;0.52809;2
745.09399;174.29000;      -1.37728; 38.25120;80.00000;20.00000;0.52806;2
745.16199;174.30333;      -1.37705; 38.24632;80.00000;20.00000;0.52804;2
745.22998;174.31667;      -1.37682; 38.24144;80.00000;20.00000;0.52802;2
745.29102;174.33000;      -1.37461; 38.23851;80.00000;20.00000;0.52801;2
745.35901;174.34333;      -1.37382; 38.23656;80.00000;20.00000;0.52799;2
745.42401;174.35667;      -1.37485; 38.23558;80.00000;20.00000;0.52797;2
745.48499;174.37000;      -1.37419; 38.23656;80.00000;20.00000;0.52795;2
745.55701;174.38333;      -1.37382; 38.23753;80.00000;20.00000;0.52793;2
745.62299;174.39667;      -1.37387; 38.23851;80.00000;20.00000;0.52791;2
745.68597;174.41000;      -1.37420; 38.24046;80.00000;20.00000;0.52789;2
745.76703;174.42333;      -1.37384; 38.24144;80.00000;20.00000;0.52787;2
745.82501;174.43667;      -1.37431; 38.24339;80.00000;20.00000;0.52785;2
745.89099;174.45000;      -1.37422; 38.24632;80.00000;20.00000;0.52783;2
745.95898;174.46333;      -1.37385; 38.25022;80.00000;20.00000;0.52781;2
746.02399;174.47667;      -1.37418; 38.25413;80.00000;20.00000;0.52779;2
746.08801;174.49000;      -1.37451; 38.25999;80.00000;20.00000;0.52778;2
746.15802;174.50333;      -1.37414; 38.26487;80.00000;20.00000;0.52776;2
746.21899;174.51667;      -1.37404; 38.26877;80.00000;20.00000;0.52774;2
746.29199;174.53000;      -1.37367; 38.27170;80.00000;20.00000;0.52772;2
746.36603;174.54333;      -1.37345; 38.27365;80.00000;20.00000;0.52770;2
746.42700;174.55667;      -1.37434; 38.27463;80.00000;20.00000;0.52768;2
746.48901;174.57000;      -1.37481; 38.27463;80.00000;20.00000;0.52766;2
746.56000;174.58333;      -1.37458; 38.27561;80.00000;20.00000;0.52764;2
746.62598;174.59667;      -1.37350; 38.27561;80.00000;20.00000;0.52762;2
746.68500;174.61000;      -1.37383; 38.27561;80.00000;20.00000;0.52760;2
746.75403;174.62333;      -1.37332; 38.27561;80.00000;20.00000;0.52758;2
746.83099;174.63667;      -1.37295; 38.27561;80.00000;20.00000;0.52756;2
746.89801;174.65000;      -1.37286; 38.27561;80.00000;20.00000;0.52754;2
746.96301;174.66333;      -1.37291; 38.27561;80.00000;20.00000;0.52752;2
747.02802;174.67667;      -1.37296; 38.27561;80.00000;20.00000;0.52750;2
747.09497;174.69000;      -1.37273; 38.27561;80.00000;20.00000;0.52748;2
747.16101;174.70333;      -1.37292; 38.27561;80.00000;20.00000;0.52746;2
747.23901;174.71667;      -1.37199; 38.27561;80.00000;20.00000;0.52744;2
747.30103;174.73000;      -1.37274; 38.27561;80.00000;20.00000;0.52742;2
747.36102;174.74333;      -1.37095; 38.27561;80.00000;20.00000;0.52741;2
747.42603;174.75667;      -1.37114; 38.27561;80.00000;20.00000;0.52739;2
747.49597;174.77000;      -1.37105; 38.27561;80.00000;20.00000;0.52737;2
747.56598;174.78333;      -1.37096; 38.27561;80.00000;20.00000;0.52735;2
747.62903;174.79667;      -1.37101; 38.27561;80.00000;20.00000;0.52733;2
747.69000;174.81000;      -1.37219; 38.27658;80.00000;20.00000;0.52731;2
747.76501;174.82333;      -1.37125; 38.27756;80.00000;20.00000;0.52729;2
747.83301;174.83667;      -1.37088; 38.27658;80.00000;20.00000;0.52727;2
747.90399;174.85000;      -1.37009; 38.27756;80.00000;20.00000;0.52725;2
747.96002;174.86333;      -1.37041; 38.28342;80.00000;20.00000;0.52723;2
748.02301;174.87667;      -1.37018; 38.28830;80.00000;20.00000;0.52722;2
748.08899;174.89000;      -1.36938; 38.29220;80.00000;20.00000;0.52720;2
748.16101;174.90333;      -1.36929; 38.29611;80.00000;20.00000;0.52718;2
748.22400;174.91667;      -1.36948; 38.30001;80.00000;20.00000;0.52716;2
748.29199;174.93000;      -1.36939; 38.30294;80.00000;20.00000;0.52714;2
748.36700;174.94333;      -1.37015; 38.30489;80.00000;20.00000;0.52712;2
748.43201;174.95667;      -1.37091; 38.30587;80.00000;20.00000;0.52710;2
748.49597;174.97000;      -1.37124; 38.30782;80.00000;20.00000;0.52708;2
748.56598;174.98333;      -1.37186; 38.30685;80.00000;20.00000;0.52706;2
748.63202;174.99667;      -1.37162; 38.30685;80.00000;20.00000;0.52704;2
748.69598;175.01000;      -1.37125; 38.30685;80.00000;20.00000;0.52702;2
748.77002;175.02333;      -1.37060; 38.30587;80.00000;20.00000;0.52700;2
748.83301;175.03667;      -1.37093; 38.30587;80.00000;20.00000;0.52698;2
748.89697;175.05000;      -1.37154; 38.30489;80.00000;20.00000;0.52696;2
748.96100;175.06333;      -1.37145; 38.30489;80.00000;20.00000;0.52694;2
749.03003;175.07667;      -1.37037; 38.30392;80.00000;20.00000;0.52692;2
749.09497;175.09000;      -1.36985; 38.30196;80.00000;20.00000;0.52691;2
749.16901;175.10333;      -1.37033; 38.29904;80.00000;20.00000;0.52688;2
749.23602;175.11667;      -1.36996; 38.29708;80.00000;20.00000;0.52687;2
749.30902;175.13000;      -1.37015; 38.29513;80.00000;20.00000;0.52684;2
749.37500;175.14333;      -1.36964; 38.29415;80.00000;20.00000;0.52683;2
749.43500;175.15667;      -1.36926; 38.29220;80.00000;20.00000;0.52681;2
749.50403;175.17000;      -1.36959; 38.28732;80.00000;20.00000;0.52679;2
749.57098;175.18333;      -1.36851; 38.28244;80.00000;20.00000;0.52677;2
749.64600;175.19667;      -1.36786; 38.27658;80.00000;20.00000;0.52675;2
749.70898;175.21000;      -1.36621; 38.27170;80.00000;20.00000;0.52673;2
749.76801;175.22333;      -1.36597; 38.26780;80.00000;20.00000;0.52671;2
749.84302;175.23667;      -1.36603; 38.26389;80.00000;20.00000;0.52669;2
749.90302;175.25000;      -1.36423; 38.25999;80.00000;20.00000;0.52667;2
749.96997;175.26333;      -1.36386; 38.25706;80.00000;20.00000;0.52665;2
750.03400;175.27667;      -1.36179; 38.25511;80.00000;20.00000;0.52664;2
750.10199;175.29000;      -1.36240; 38.25315;80.00000;20.00000;0.52662;2
750.17200;175.30333;      -1.36161; 38.25022;80.00000;20.00000;0.52660;2
750.24402;175.31667;      -1.36123; 38.24730;80.00000;20.00000;0.52658;2
750.30798;175.33000;      -1.36128; 38.24437;80.00000;20.00000;0.52656;2
750.38098;175.34333;      -1.36020; 38.24046;80.00000;20.00000;0.52654;2
750.43402;175.35667;      -1.36024; 38.23753;80.00000;20.00000;0.52652;2
750.50000;175.37000;      -1.35944; 38.23461;80.00000;20.00000;0.52650;2
750.56702;175.38333;      -1.35808; 38.23363;80.00000;20.00000;0.52648;2
750.63202;175.39667;      -1.35883; 38.23265;80.00000;20.00000;0.52646;2
750.70697;175.41000;      -1.35903; 38.23265;80.00000;20.00000;0.52644;2
750.76300;175.42333;      -1.35865; 38.23168;80.00000;20.00000;0.52643;2
750.83600;175.43667;      -1.35828; 38.23168;80.00000;20.00000;0.52640;2
750.90503;175.45000;      -1.35762; 38.23070;80.00000;20.00000;0.52639;2
750.97302;175.46333;      -1.35880; 38.23070;80.00000;20.00000;0.52637;2
751.04303;175.47667;      -1.35886; 38.22972;80.00000;20.00000;0.52635;2
751.10797;175.49000;      -1.35919; 38.22875;80.00000;20.00000;0.52633;2
751.17297;175.50333;      -1.35924; 38.22777;80.00000;20.00000;0.52631;2
751.24103;175.51667;      -1.35915; 38.22680;80.00000;20.00000;0.52629;2
751.31201;175.53000;      -1.35863; 38.22484;80.00000;20.00000;0.52627;2
751.37402;175.54333;      -1.35854; 38.22387;80.00000;20.00000;0.52625;2
751.43799;175.55667;      -1.35816; 38.22289;80.00000;20.00000;0.52623;2
751.50800;175.57000;      -1.35524; 38.22289;80.00000;20.00000;0.52621;2
751.56897;175.58333;      -1.35557; 38.22191;80.00000;20.00000;0.52619;2
751.63599;175.59667;      -1.35505; 38.22289;80.00000;20.00000;0.52618;2
751.70203;175.61000;      -1.35453; 38.22289;80.00000;20.00000;0.52616;2
751.77301;175.62333;      -1.35487; 38.22191;80.00000;20.00000;0.52614;2
751.83801;175.63667;      -1.35492; 38.22191;80.00000;20.00000;0.52612;2
751.89697;175.65000;      -1.35468; 38.22094;80.00000;20.00000;0.52610;2
751.97601;175.66333;      -1.35389; 38.22191;80.00000;20.00000;0.52608;2
752.03497;175.67667;      -1.35464; 38.21899;80.00000;20.00000;0.52606;2
752.10199;175.69000;      -1.35525; 38.21606;80.00000;20.00000;0.52604;2
752.18298;175.70333;      -1.35616; 38.21313;80.00000;20.00000;0.52602;2
752.24701;175.71667;      -1.35678; 38.21020;80.00000;20.00000;0.52600;2
752.30402;175.73000;      -1.35710; 38.20727;80.00000;20.00000;0.52598;2
752.37402;175.74333;      -1.35744; 38.20434;80.00000;20.00000;0.52596;2
752.43903;175.75667;      -1.35763; 38.20239;80.00000;20.00000;0.52594;2
752.51202;175.77000;      -1.35768; 38.20044;80.00000;20.00000;0.52592;2
752.57397;175.78333;      -1.35673; 38.20239;80.00000;20.00000;0.52591;2
752.64502;175.79667;      -1.35650; 38.20922;80.00000;20.00000;0.52589;2
752.70502;175.81000;      -1.35641; 38.21703;80.00000;20.00000;0.52587;2
752.77100;175.82333;      -1.35631; 38.22387;80.00000;20.00000;0.52585;2
752.83502;175.83667;      -1.35608; 38.23070;80.00000;20.00000;0.52583;2
752.91101;175.85000;      -1.35670; 38.23558;80.00000;20.00000;0.52581;2
752.97699;175.86333;      -1.35661; 38.23949;80.00000;20.00000;0.52579;2
753.04401;175.87667;      -1.35666; 38.24241;80.00000;20.00000;0.52577;2
753.10400;175.89000;      -1.35656; 38.24339;80.00000;20.00000;0.52575;2
753.17499;175.90333;      -1.35675; 38.24339;80.00000;20.00000;0.52573;2
753.23499;175.91667;      -1.35651; 38.23949;80.00000;20.00000;0.52572;2
753.30701;175.93000;      -1.35685; 38.23753;80.00000;20.00000;0.52570;2
753.37701;175.94333;      -1.35690; 38.23363;80.00000;20.00000;0.52568;2
753.43903;175.95667;      -1.35737; 38.23070;80.00000;20.00000;0.52566;2
753.50897;175.97000;      -1.35544; 38.22875;80.00000;20.00000;0.52564;2
753.57800;175.98333;      -1.35634; 38.22582;80.00000;20.00000;0.52562;2
753.64398;175.99667;      -1.35653; 38.22387;80.00000;20.00000;0.52560;2
753.71301;176.01000;      -1.35644; 38.22191;80.00000;20.00000;0.52558;2
753.77502;176.02333;      -1.35720; 38.21996;80.00000;20.00000;0.52556;2
753.84497;176.03667;      -1.35725; 38.21801;80.00000;20.00000;0.52554;2
753.90900;176.05000;      -1.35630; 38.21508;80.00000;20.00000;0.52552;2
753.97699;176.06333;      -1.35579; 38.21215;80.00000;20.00000;0.52550;2
754.04303;176.07667;      -1.35598; 38.20825;80.00000;20.00000;0.52549;2
754.10901;176.09000;      -1.35518; 38.20825;80.00000;20.00000;0.52547;2
754.17603;176.10333;      -1.35381; 38.20629;80.00000;20.00000;0.52545;2
754.24799;176.11667;      -1.35400; 38.20727;80.00000;20.00000;0.52543;2
754.31097;176.13000;      -1.35504; 38.21118;80.00000;20.00000;0.52541;2
754.37201;176.14333;      -1.35367; 38.21313;80.00000;20.00000;0.52539;2
754.44397;176.15667;      -1.35344; 38.21703;80.00000;20.00000;0.52537;2
754.51001;176.17000;      -1.35264; 38.21899;80.00000;20.00000;0.52535;2
754.58502;176.18333;      -1.35255; 38.21996;80.00000;20.00000;0.52533;2
754.64001;176.19667;      -1.35046; 38.22094;80.00000;20.00000;0.52532;2
754.71002;176.21000;      -1.35136; 38.22094;80.00000;20.00000;0.52530;2
754.78101;176.22333;      -1.35113; 38.22191;80.00000;20.00000;0.52528;2
754.85101;176.23667;      -1.35033; 38.22191;80.00000;20.00000;0.52526;2
754.90997;176.25000;      -1.35038; 38.22191;80.00000;20.00000;0.52524;2
754.98102;176.26333;      -1.34986; 38.22191;80.00000;20.00000;0.52522;2
755.04797;176.27667;      -1.35019; 38.22191;80.00000;20.00000;0.52520;2
755.11499;176.29000;      -1.34911; 38.22191;80.00000;20.00000;0.52518;2
755.18103;176.30333;      -1.34902; 38.22191;80.00000;20.00000;0.52516;2
755.24597;176.31667;      -1.34779; 38.22191;80.00000;20.00000;0.52514;2
755.31201;176.33000;      -1.34642; 38.22191;80.00000;20.00000;0.52512;2
755.38397;176.34333;      -1.34647; 38.22191;80.00000;20.00000;0.52510;2
755.44702;176.35667;      -1.34666; 38.22191;80.00000;20.00000;0.52509;2
755.51398;176.37000;      -1.34671; 38.22289;80.00000;20.00000;0.52507;2
755.58197;176.38333;      -1.34676; 38.22680;80.00000;20.00000;0.52505;2
755.64502;176.39667;      -1.34666; 38.22972;80.00000;20.00000;0.52503;2
755.71503;176.41000;      -1.34572; 38.23363;80.00000;20.00000;0.52501;2
755.78802;176.42333;      -1.34563; 38.23753;80.00000;20.00000;0.52499;2
755.85400;176.43667;      -1.34582; 38.23949;80.00000;20.00000;0.52497;2
755.91199;176.45000;      -1.34643; 38.24241;80.00000;20.00000;0.52495;2
755.98297;176.46333;      -1.34691; 38.24534;80.00000;20.00000;0.52493;2
756.04797;176.47667;      -1.34653; 38.24534;80.00000;20.00000;0.52491;2
756.11798;176.49000;      -1.34701; 38.24632;80.00000;20.00000;0.52489;2
756.18597;176.50333;      -1.34677; 38.24632;80.00000;20.00000;0.52487;2
756.25299;176.51667;      -1.34668; 38.24632;80.00000;20.00000;0.52486;2
756.31897;176.53000;      -1.34658; 38.24534;80.00000;20.00000;0.52484;2
756.38501;176.54333;      -1.34720; 38.24534;80.00000;20.00000;0.52482;2
756.45203;176.55667;      -1.34626; 38.24437;80.00000;20.00000;0.52480;2
756.51599;176.57000;      -1.34573; 38.24339;80.00000;20.00000;0.52478;2
756.57703;176.58333;      -1.34535; 38.24241;80.00000;20.00000;0.52476;2
756.64600;176.59667;      -1.34555; 38.24144;80.00000;20.00000;0.52474;2
756.71997;176.61000;      -1.34603; 38.23461;80.00000;20.00000;0.52472;2
756.78601;176.62333;      -1.34593; 38.22777;80.00000;20.00000;0.52470;2
756.85101;176.63667;      -1.34669; 38.22191;80.00000;20.00000;0.52469;2
756.91699;176.65000;      -1.34688; 38.21703;80.00000;20.00000;0.52467;2
756.99103;176.66333;      -1.34622; 38.21215;80.00000;20.00000;0.52465;2
757.05603;176.67667;      -1.34556; 38.20825;80.00000;20.00000;0.52463;2
757.12299;176.69000;      -1.34589; 38.20532;80.00000;20.00000;0.52461;2
757.19000;176.70333;      -1.34608; 38.19848;80.00000;20.00000;0.52459;2
757.25500;176.71667;      -1.34642; 38.19263;80.00000;20.00000;0.52457;2
757.32599;176.73000;      -1.34675; 38.18482;80.00000;20.00000;0.52455;2
757.39301;176.74333;      -1.34609; 38.17603;80.00000;20.00000;0.52453;2
757.45697;176.75667;      -1.34543; 38.16725;80.00000;20.00000;0.52451;2
757.52899;176.77000;      -1.34477; 38.16041;80.00000;20.00000;0.52449;2
757.58600;176.78333;      -1.34467; 38.15456;80.00000;20.00000;0.52448;2
757.65100;176.79667;      -1.34415; 38.15163;80.00000;20.00000;0.52446;2
757.72699;176.81000;      -1.34349; 38.14967;80.00000;20.00000;0.52444;2
757.79498;176.82333;      -1.34255; 38.14967;80.00000;20.00000;0.52442;2
757.86102;176.83667;      -1.34174; 38.14967;80.00000;20.00000;0.52440;2
757.91498;176.85000;      -1.34164; 38.15065;80.00000;20.00000;0.52438;2
757.98901;176.86333;      -1.34113; 38.15163;80.00000;20.00000;0.52436;2
758.05402;176.87667;      -1.34018; 38.15260;80.00000;20.00000;0.52434;2
758.12299;176.89000;      -1.34037; 38.15553;80.00000;20.00000;0.52432;2
758.19000;176.90333;      -1.34028; 38.15651;80.00000;20.00000;0.52431;2
758.25800;176.91667;      -1.34104; 38.15748;80.00000;20.00000;0.52429;2
758.32397;176.93000;      -1.34066; 38.15651;80.00000;20.00000;0.52427;2
758.39203;176.94333;      -1.34028; 38.15748;80.00000;20.00000;0.52425;2
758.45697;176.95667;      -1.33877; 38.16041;80.00000;20.00000;0.52423;2
758.52698;176.97000;      -1.33896; 38.16432;80.00000;20.00000;0.52421;2
758.59497;176.98333;      -1.33986; 38.17310;80.00000;20.00000;0.52419;2
758.66901;176.99667;      -1.33977; 38.18189;80.00000;20.00000;0.52417;2
758.73499;177.01000;      -1.34025; 38.19068;80.00000;20.00000;0.52415;2
758.79498;177.02333;      -1.33887; 38.19653;80.00000;20.00000;0.52413;2
758.85999;177.03667;      -1.33821; 38.20141;80.00000;20.00000;0.52412;2
758.92603;177.05000;      -1.33840; 38.20434;80.00000;20.00000;0.52410;2
758.99298;177.06333;      -1.33788; 38.20532;80.00000;20.00000;0.52408;2
759.05902;177.07667;      -1.33863; 38.20629;80.00000;20.00000;0.52406;2
759.12500;177.09000;      -1.33882; 38.20727;80.00000;20.00000;0.52404;2
759.18597;177.10333;      -1.33858; 38.20727;80.00000;20.00000;0.52402;2
759.26202;177.11667;      -1.33807; 38.20727;80.00000;20.00000;0.52400;2
759.32397;177.13000;      -1.33797; 38.20727;80.00000;20.00000;0.52398;2
759.39203;177.14333;      -1.33745; 38.20727;80.00000;20.00000;0.52397;2
759.46301;177.15667;      -1.33836; 38.20727;80.00000;20.00000;0.52395;2
759.53497;177.17000;      -1.33756; 38.20727;80.00000;20.00000;0.52392;2
759.60199;177.18333;      -1.33675; 38.20727;80.00000;20.00000;0.52391;2
759.65802;177.19667;      -1.33708; 38.20727;80.00000;20.00000;0.52389;2
759.72498;177.21000;      -1.33769; 38.20727;80.00000;20.00000;0.52387;2
759.79797;177.22333;      -1.33803; 38.20727;80.00000;20.00000;0.52385;2
759.86700;177.23667;      -1.33879; 38.20727;80.00000;20.00000;0.52383;2
759.92798;177.25000;      -1.33855; 38.20629;80.00000;20.00000;0.52381;2
759.98798;177.26333;      -1.33817; 38.20044;80.00000;20.00000;0.52380;2
760.05603;177.27667;      -1.33779; 38.19458;80.00000;20.00000;0.52378;2
760.12598;177.29000;      -1.33770; 38.19068;80.00000;20.00000;0.52376;2
760.19897;177.30333;      -1.33775; 38.18677;80.00000;20.00000;0.52374;2
760.27002;177.31667;      -1.33780; 38.18482;80.00000;20.00000;0.52372;2
760.33002;177.33000;      -1.33785; 38.18384;80.00000;20.00000;0.52370;2
760.39899;177.34333;      -1.33790; 38.18384;80.00000;20.00000;0.52368;2
760.46198;177.35667;      -1.33709; 38.18287;80.00000;20.00000;0.52366;2
760.53003;177.37000;      -1.33827; 38.18287;80.00000;20.00000;0.52364;2
760.60400;177.38333;      -1.33833; 38.18287;80.00000;20.00000;0.52362;2
760.65997;177.39667;      -1.33808; 38.18189;80.00000;20.00000;0.52361;2
760.73798;177.41000;      -1.33800; 38.18189;80.00000;20.00000;0.52358;2
760.79700;177.42333;      -1.33861; 38.17994;80.00000;20.00000;0.52357;2
760.86603;177.43667;      -1.33880; 38.17701;80.00000;20.00000;0.52355;2
760.93701;177.45000;      -1.33786; 38.17408;80.00000;20.00000;0.52353;2
761.00201;177.46333;      -1.33733; 38.17115;80.00000;20.00000;0.52351;2
761.06598;177.47667;      -1.33724; 38.16920;80.00000;20.00000;0.52349;2
761.14203;177.49000;      -1.33644; 38.16627;80.00000;20.00000;0.52347;2
761.19897;177.50333;      -1.33548; 38.16529;80.00000;20.00000;0.52345;2
761.27399;177.51667;      -1.33440; 38.16432;80.00000;20.00000;0.52343;2
761.32800;177.53000;      -1.33302; 38.16334;80.00000;20.00000;0.52342;2
761.40100;177.54333;      -1.33193; 38.16236;80.00000;20.00000;0.52340;2
761.47400;177.55667;      -1.33198; 38.16139;80.00000;20.00000;0.52338;2
761.54102;177.57000;      -1.33132; 38.16041;80.00000;20.00000;0.52336;2
761.60498;177.58333;      -1.33122; 38.15846;80.00000;20.00000;0.52334;2
761.66901;177.59667;      -1.32999; 38.15748;80.00000;20.00000;0.52332;2
761.73798;177.61000;      -1.32904; 38.15553;80.00000;20.00000;0.52330;2
761.79303;177.62333;      -1.32993; 38.15358;80.00000;20.00000;0.52329;2
761.86401;177.63667;      -1.32927; 38.15260;80.00000;20.00000;0.52327;2
761.93402;177.65000;      -1.32904; 38.15065;80.00000;20.00000;0.52325;2
762.00098;177.66333;      -1.32880; 38.14967;80.00000;20.00000;0.52323;2
762.06799;177.67667;      -1.32856; 38.14870;80.00000;20.00000;0.52321;2
762.12903;177.69000;      -1.32889; 38.14675;80.00000;20.00000;0.52319;2
762.20099;177.70333;      -1.32894; 38.14577;80.00000;20.00000;0.52317;2
762.27002;177.71667;      -1.32842; 38.14382;80.00000;20.00000;0.52315;2
762.34302;177.73000;      -1.32933; 38.14382;80.00000;20.00000;0.52313;2
762.40399;177.74333;      -1.32937; 38.14186;80.00000;20.00000;0.52312;2
762.46802;177.75667;      -1.32914; 38.14089;80.00000;20.00000;0.52310;2
762.53601;177.77000;      -1.32990; 38.13991;80.00000;20.00000;0.52308;2
762.60199;177.78333;      -1.33066; 38.13894;80.00000;20.00000;0.52306;2
762.66699;177.79667;      -1.33099; 38.13991;80.00000;20.00000;0.52304;2
762.74200;177.81000;      -1.33132; 38.13894;80.00000;20.00000;0.52302;2
762.80701;177.82333;      -1.33009; 38.13991;80.00000;20.00000;0.52300;2
762.87598;177.83667;      -1.32900; 38.13894;80.00000;20.00000;0.52298;2
762.93903;177.85000;      -1.32919; 38.13894;80.00000;20.00000;0.52297;2
763.01001;177.86333;      -1.32881; 38.13894;80.00000;20.00000;0.52295;2
763.07397;177.87667;      -1.32957; 38.13698;80.00000;20.00000;0.52293;2
763.14099;177.89000;      -1.32933; 38.13601;80.00000;20.00000;0.52291;2
763.20398;177.90333;      -1.32938; 38.13308;80.00000;20.00000;0.52289;2
763.27698;177.91667;      -1.33000; 38.13405;80.00000;20.00000;0.52287;2
763.34399;177.93000;      -1.32976; 38.13405;80.00000;20.00000;0.52285;2
763.40100;177.94333;      -1.32895; 38.13503;80.00000;20.00000;0.52284;2
763.47302;177.95667;      -1.32843; 38.13601;80.00000;20.00000;0.52282;2
763.54102;177.97000;      -1.32791; 38.13601;80.00000;20.00000;0.52280;2
763.60101;177.98333;      -1.32881; 38.13796;80.00000;20.00000;0.52278;2
763.66803;177.99667;      -1.32857; 38.13796;80.00000;20.00000;0.52276;2
763.73999;178.01000;      -1.32819; 38.13894;80.00000;20.00000;0.52274;2
763.79700;178.02333;      -1.32838; 38.13991;80.00000;20.00000;0.52272;2
763.86798;178.03667;      -1.32814; 38.14089;80.00000;20.00000;0.52270;2
763.93701;178.05000;      -1.32776; 38.14186;80.00000;20.00000;0.52268;2
764.01398;178.06333;      -1.32881; 38.14284;80.00000;20.00000;0.52266;2
764.07898;178.07667;      -1.32929; 38.14479;80.00000;20.00000;0.52265;2
764.13898;178.09000;      -1.32976; 38.14772;80.00000;20.00000;0.52263;2
764.21002;178.10333;      -1.32895; 38.15065;80.00000;20.00000;0.52261;2
764.28400;178.11667;      -1.32815; 38.15358;80.00000;20.00000;0.52259;2
764.34100;178.13000;      -1.32819; 38.15651;80.00000;20.00000;0.52257;2
764.40900;178.14333;      -1.32739; 38.15748;80.00000;20.00000;0.52255;2
764.48199;178.15667;      -1.32758; 38.15944;80.00000;20.00000;0.52253;2
764.54401;178.17000;      -1.32748; 38.15651;80.00000;20.00000;0.52251;2
764.60498;178.18333;      -1.32596; 38.15553;80.00000;20.00000;0.52250;2
764.67401;178.19667;      -1.32629; 38.15456;80.00000;20.00000;0.52248;2
764.74200;178.21000;      -1.32634; 38.15260;80.00000;20.00000;0.52246;2
764.81201;178.22333;      -1.32639; 38.15260;80.00000;20.00000;0.52244;2
764.88098;178.23667;      -1.32630; 38.15260;80.00000;20.00000;0.52242;2
764.94202;178.25000;      -1.32634; 38.15260;80.00000;20.00000;0.52240;2
765.00098;178.26333;      -1.32595; 38.15163;80.00000;20.00000;0.52239;2
765.07501;178.27667;      -1.32629; 38.14870;80.00000;20.00000;0.52237;2
765.14801;178.29000;      -1.32563; 38.14675;80.00000;20.00000;0.52235;2
765.21600;178.30333;      -1.32468; 38.14382;80.00000;20.00000;0.52233;2
765.28101;178.31667;      -1.32573; 38.14186;80.00000;20.00000;0.52231;2
765.34601;178.33000;      -1.32577; 38.13894;80.00000;20.00000;0.52229;2
765.40198;178.34333;      -1.32453; 38.13601;80.00000;20.00000;0.52227;2
765.47400;178.35667;      -1.32387; 38.13308;80.00000;20.00000;0.52225;2
765.54700;178.37000;      -1.32449; 38.13210;80.00000;20.00000;0.52223;2
765.60901;178.38333;      -1.32396; 38.13210;80.00000;20.00000;0.52222;2
765.68201;178.39667;      -1.32401; 38.13698;80.00000;20.00000;0.52220;2
765.74597;178.41000;      -1.32434; 38.14186;80.00000;20.00000;0.52218;2
765.80402;178.42333;      -1.32396; 38.14675;80.00000;20.00000;0.52216;2
765.87201;178.43667;      -1.32401; 38.15065;80.00000;20.00000;0.52214;2
765.94202;178.45000;      -1.32363; 38.15358;80.00000;20.00000;0.52212;2
766.01398;178.46333;      -1.32282; 38.15553;80.00000;20.00000;0.52210;2
766.07397;178.47667;      -1.32286; 38.15846;80.00000;20.00000;0.52209;2
766.14697;178.49000;      -1.32249; 38.16041;80.00000;20.00000;0.52207;2
766.20697;178.50333;      -1.32296; 38.16236;80.00000;20.00000;0.52205;2
766.27899;178.51667;      -1.32315; 38.16432;80.00000;20.00000;0.52203;2
766.34497;178.53000;      -1.32291; 38.16139;80.00000;20.00000;0.52201;2
766.41400;178.54333;      -1.32268; 38.15846;80.00000;20.00000;0.52199;2
766.48602;178.55667;      -1.32273; 38.14967;80.00000;20.00000;0.52197;2
766.54797;178.57000;      -1.32249; 38.13991;80.00000;20.00000;0.52195;2
766.61102;178.58333;      -1.32253; 38.13210;80.00000;20.00000;0.52194;2
766.68298;178.59667;      -1.32258; 38.12624;80.00000;20.00000;0.52192;2
766.74298;178.61000;      -1.32148; 38.12429;80.00000;20.00000;0.52190;2
766.81403;178.62333;      -1.32025; 38.12332;80.00000;20.00000;0.52188;2
766.88000;178.63667;      -1.31915; 38.12332;80.00000;20.00000;0.52186;2
766.95001;178.65000;      -1.31935; 38.12234;80.00000;20.00000;0.52184;2
767.01398;178.66333;      -1.31825; 38.12234;80.00000;20.00000;0.52182;2
767.07300;178.67667;      -1.31786; 38.12136;80.00000;20.00000;0.52181;2
767.14899;178.69000;      -1.31749; 38.11843;80.00000;20.00000;0.52179;2
767.20300;178.70333;      -1.31738; 38.11551;80.00000;20.00000;0.52177;2
767.26801;178.71667;      -1.31729; 38.11355;80.00000;20.00000;0.52175;2
767.33899;178.73000;      -1.31776; 38.11258;80.00000;20.00000;0.52173;2
767.41699;178.74333;      -1.31810; 38.11160;80.00000;20.00000;0.52171;2
767.48401;178.75667;      -1.31787; 38.11063;80.00000;20.00000;0.52169;2
767.55200;178.77000;      -1.31891; 38.10965;80.00000;20.00000;0.52167;2
767.62500;178.78333;      -1.31911; 38.10965;80.00000;20.00000;0.52165;2
767.68701;178.79667;      -1.32015; 38.10965;80.00000;20.00000;0.52164;2
767.75201;178.81000;      -1.32048; 38.10965;80.00000;20.00000;0.52162;2
767.82098;178.82333;      -1.32067; 38.10965;80.00000;20.00000;0.52160;2
767.88098;178.83667;      -1.32114; 38.10965;80.00000;20.00000;0.52158;2
767.95203;178.85000;      -1.32019; 38.10965;80.00000;20.00000;0.52156;2
768.02502;178.86333;      -1.31896; 38.10965;80.00000;20.00000;0.52154;2
768.09198;178.87667;      -1.31901; 38.10965;80.00000;20.00000;0.52152;2
768.15198;178.89000;      -1.31891; 38.10965;80.00000;20.00000;0.52151;2
768.21899;178.90333;      -1.31867; 38.10965;80.00000;20.00000;0.52149;2
768.27899;178.91667;      -1.31757; 38.10965;80.00000;20.00000;0.52147;2
768.35400;178.93000;      -1.31719; 38.10965;80.00000;20.00000;0.52145;2
768.41803;178.94333;      -1.31638; 38.10965;80.00000;20.00000;0.52143;2
768.48999;178.95667;      -1.31543; 38.10965;80.00000;20.00000;0.52141;2
768.55902;178.97000;      -1.31505; 38.10965;80.00000;20.00000;0.52139;2
768.62299;178.98333;      -1.31453; 38.10965;80.00000;20.00000;0.52138;2
768.68903;178.99667;      -1.31471; 38.10965;80.00000;20.00000;0.52136;2
768.76202;179.01000;      -1.31448; 38.10965;80.00000;20.00000;0.52134;2
768.82300;179.02333;      -1.31381; 38.10965;80.00000;20.00000;0.52132;2
768.89697;179.03667;      -1.31357; 38.10965;80.00000;20.00000;0.52130;2
768.95398;179.05000;      -1.31261; 38.10574;80.00000;20.00000;0.52128;2
769.02399;179.06333;      -1.31266; 38.10184;80.00000;20.00000;0.52126;2
769.08301;179.07667;      -1.31242; 38.09598;80.00000;20.00000;0.52125;2
769.15198;179.09000;      -1.31204; 38.08915;80.00000;20.00000;0.52123;2
769.21899;179.10333;      -1.31194; 38.08329;80.00000;20.00000;0.52121;2
769.27802;179.11667;      -1.31113; 38.07841;80.00000;20.00000;0.52119;2
769.34802;179.13000;      -1.31046; 38.07451;80.00000;20.00000;0.52117;2
769.42200;179.14333;      -1.31065; 38.07255;80.00000;20.00000;0.52115;2
769.48999;179.15667;      -1.31070; 38.07158;80.00000;20.00000;0.52113;2
769.56000;179.17000;      -1.30975; 38.07158;80.00000;20.00000;0.52112;2
769.62299;179.18333;      -1.30979; 38.07060;80.00000;20.00000;0.52110;2
769.69202;179.19667;      -1.30984; 38.07060;80.00000;20.00000;0.52108;2
769.75403;179.21000;      -1.30989; 38.07451;80.00000;20.00000;0.52106;2
769.82599;179.22333;      -1.30879; 38.07743;80.00000;20.00000;0.52104;2
769.88898;179.23667;      -1.30841; 38.08134;80.00000;20.00000;0.52102;2
769.96002;179.25000;      -1.30731; 38.08524;80.00000;20.00000;0.52100;2
770.01898;179.26333;      -1.30664; 38.08817;80.00000;20.00000;0.52099;2
770.08502;179.27667;      -1.30583; 38.09305;80.00000;20.00000;0.52097;2
770.14801;179.29000;      -1.30602; 38.09598;80.00000;20.00000;0.52095;2
770.22302;179.30333;      -1.30650; 38.09989;80.00000;20.00000;0.52093;2
770.28198;179.31667;      -1.30625; 38.10282;80.00000;20.00000;0.52092;2
770.35199;179.33000;      -1.30558; 38.10379;80.00000;20.00000;0.52090;2
770.42401;179.34333;      -1.30664; 38.10282;80.00000;20.00000;0.52088;2
770.49500;179.35667;      -1.30683; 38.10282;80.00000;20.00000;0.52086;2
770.55200;179.37000;      -1.30773; 38.10086;80.00000;20.00000;0.52084;2
770.62097;179.38333;      -1.30820; 38.09989;80.00000;20.00000;0.52082;2
770.68597;179.39667;      -1.30882; 38.09598;80.00000;20.00000;0.52080;2
770.75897;179.41000;      -1.30859; 38.09012;80.00000;20.00000;0.52078;2
770.82202;179.42333;      -1.30877; 38.08622;80.00000;20.00000;0.52077;2
770.89502;179.43667;      -1.30911; 38.08231;80.00000;20.00000;0.52075;2
770.95697;179.45000;      -1.30901; 38.07939;80.00000;20.00000;0.52073;2
771.02399;179.46333;      -1.30863; 38.07548;80.00000;20.00000;0.52071;2
771.08600;179.47667;      -1.30881; 38.07353;80.00000;20.00000;0.52069;2
771.15002;179.49000;      -1.30886; 38.07060;80.00000;20.00000;0.52067;2
771.21899;179.50333;      -1.30919; 38.06865;80.00000;20.00000;0.52066;2
771.29303;179.51667;      -1.30853; 38.06670;80.00000;20.00000;0.52063;2
771.35303;179.53000;      -1.30843; 38.06474;80.00000;20.00000;0.52062;2
771.41901;179.54333;      -1.30804; 38.06279;80.00000;20.00000;0.52060;2
771.48102;179.55667;      -1.30823; 38.06181;80.00000;20.00000;0.52058;2
771.55603;179.57000;      -1.30857; 38.06181;80.00000;20.00000;0.52056;2
771.63098;179.58333;      -1.30919; 38.06377;80.00000;20.00000;0.52054;2
771.68500;179.59667;      -1.30937; 38.06670;80.00000;20.00000;0.52053;2
771.76001;179.61000;      -1.30957; 38.06865;80.00000;20.00000;0.52051;2
771.82202;179.62333;      -1.30832; 38.07060;80.00000;20.00000;0.52049;2
771.89301;179.63667;      -1.30751; 38.07158;80.00000;20.00000;0.52047;2
771.96198;179.65000;      -1.30728; 38.07451;80.00000;20.00000;0.52045;2
772.02600;179.66333;      -1.30703; 38.07451;80.00000;20.00000;0.52043;2
772.09003;179.67667;      -1.30694; 38.07353;80.00000;20.00000;0.52041;2
772.15302;179.69000;      -1.30684; 38.07451;80.00000;20.00000;0.52040;2
772.22101;179.70333;      -1.30645; 38.07548;80.00000;20.00000;0.52038;2
772.28998;179.71667;      -1.30593; 38.07548;80.00000;20.00000;0.52036;2
772.35901;179.73000;      -1.30483; 38.07743;80.00000;20.00000;0.52034;2
772.41803;179.74333;      -1.30473; 38.07841;80.00000;20.00000;0.52032;2
772.48798;179.75667;      -1.30406; 38.08036;80.00000;20.00000;0.52030;2
772.55902;179.77000;      -1.30425; 38.08231;80.00000;20.00000;0.52029;2
772.61499;179.78333;      -1.30429; 38.08524;80.00000;20.00000;0.52027;2
772.68597;179.79667;      -1.30348; 38.08817;80.00000;20.00000;0.52025;2
772.75299;179.81000;      -1.30296; 38.09110;80.00000;20.00000;0.52023;2
772.81299;179.82333;      -1.30286; 38.09305;80.00000;20.00000;0.52021;2
772.88599;179.83667;      -1.30305; 38.09501;80.00000;20.00000;0.52019;2
772.95599;179.85000;      -1.30295; 38.09598;80.00000;20.00000;0.52018;2
773.01599;179.86333;      -1.30300; 38.09793;80.00000;20.00000;0.52016;2
773.09399;179.87667;      -1.30362; 38.09696;80.00000;20.00000;0.52014;2
773.15601;179.89000;      -1.30495; 38.09696;80.00000;20.00000;0.52012;2
773.22302;179.90333;      -1.30629; 38.09501;80.00000;20.00000;0.52010;2
773.29498;179.91667;      -1.30663; 38.09208;80.00000;20.00000;0.52008;2
773.36298;179.93000;      -1.30624; 38.09012;80.00000;20.00000;0.52006;2
773.41803;179.94333;      -1.30585; 38.08817;80.00000;20.00000;0.52005;2
773.48401;179.95667;      -1.30633; 38.08622;80.00000;20.00000;0.52003;2
773.56000;179.97000;      -1.30552; 38.08427;80.00000;20.00000;0.52001;2
773.62799;179.98333;      -1.30643; 38.08231;80.00000;20.00000;0.51999;2
773.69897;179.99667;      -1.30705; 38.08134;80.00000;20.00000;0.51997;2
773.76501;180.01000;      -1.30609; 38.08134;80.00000;20.00000;0.51995;2
773.83301;180.02333;      -1.30528; 38.08036;80.00000;20.00000;0.51993;2
773.89801;180.03667;      -1.30418; 38.08036;80.00000;20.00000;0.51992;2
773.95099;180.05000;      -1.30364; 38.08036;80.00000;20.00000;0.51990;2
774.02502;180.06333;      -1.30255; 38.08036;80.00000;20.00000;0.51988;2
774.09198;180.07667;      -1.30116; 38.08036;80.00000;20.00000;0.51986;2
774.15997;180.09000;      -1.30092; 38.08036;80.00000;20.00000;0.51984;2
774.21997;180.10333;      -1.30068; 38.07939;80.00000;20.00000;0.51983;2
774.28900;180.11667;      -1.30015; 38.07743;80.00000;20.00000;0.51981;2
774.36298;180.13000;      -1.30049; 38.07548;80.00000;20.00000;0.51979;2
774.42499;180.14333;      -1.30067; 38.07353;80.00000;20.00000;0.51977;2
774.49597;180.15667;      -1.30115; 38.07255;80.00000;20.00000;0.51975;2
774.55902;180.17000;      -1.30048; 38.07060;80.00000;20.00000;0.51973;2
774.62701;180.18333;      -1.30053; 38.06962;80.00000;20.00000;0.51971;2
774.69098;180.19667;      -1.30071; 38.06865;80.00000;20.00000;0.51970;2
774.76599;180.21000;      -1.30091; 38.06670;80.00000;20.00000;0.51968;2
774.82599;180.22333;      -1.30124; 38.06572;80.00000;20.00000;0.51966;2
774.90002;180.23667;      -1.30086; 38.06377;80.00000;20.00000;0.51964;2
774.95898;180.25000;      -1.30032; 38.06084;80.00000;20.00000;0.51962;2
775.02698;180.26333;      -1.30080; 38.05791;80.00000;20.00000;0.51960;2
775.09198;180.27667;      -1.30085; 38.05498;80.00000;20.00000;0.51959;2
775.16400;180.29000;      -1.30133; 38.05303;80.00000;20.00000;0.51957;2
775.22699;180.30333;      -1.30094; 38.05108;80.00000;20.00000;0.51955;2
775.28998;180.31667;      -1.30127; 38.04912;80.00000;20.00000;0.51953;2
775.36401;180.33000;      -1.30146; 38.04815;80.00000;20.00000;0.51951;2
775.41901;180.34333;      -1.30064; 38.04619;80.00000;20.00000;0.51950;2
775.49597;180.35667;      -1.30155; 38.04424;80.00000;20.00000;0.51948;2
775.55499;180.37000;      -1.30116; 38.04229;80.00000;20.00000;0.51946;2
775.62903;180.38333;      -1.30179; 38.04131;80.00000;20.00000;0.51944;2
775.69598;180.39667;      -1.30112; 38.04229;80.00000;20.00000;0.51942;2
775.76398;180.41000;      -1.30145; 38.04229;80.00000;20.00000;0.51940;2
775.83301;180.42333;      -1.30207; 38.04424;80.00000;20.00000;0.51938;2
775.89502;180.43667;      -1.30140; 38.04424;80.00000;20.00000;0.51937;2
775.95898;180.45000;      -1.30087; 38.04424;80.00000;20.00000;0.51935;2
776.03601;180.46333;      -1.30049; 38.04424;80.00000;20.00000;0.51933;2
776.09198;180.47667;      -1.29996; 38.04327;80.00000;20.00000;0.51931;2
776.16400;180.49000;      -1.30001; 38.04229;80.00000;20.00000;0.51929;2
776.23102;180.50333;      -1.29948; 38.04229;80.00000;20.00000;0.51927;2
776.30103;180.51667;      -1.29881; 38.04131;80.00000;20.00000;0.51926;2
776.36200;180.53000;      -1.29899; 38.04034;80.00000;20.00000;0.51924;2
776.42297;180.54333;      -1.29904; 38.03741;80.00000;20.00000;0.51922;2
776.50201;180.55667;      -1.29909; 38.03643;80.00000;20.00000;0.51920;2
776.56799;180.57000;      -1.29942; 38.03350;80.00000;20.00000;0.51918;2
776.63501;180.58333;      -1.29846; 38.03058;80.00000;20.00000;0.51916;2
776.69702;180.59667;      -1.29822; 38.02472;80.00000;20.00000;0.51915;2
776.76703;180.61000;      -1.29827; 38.01886;80.00000;20.00000;0.51913;2
776.83301;180.62333;      -1.29831; 38.01398;80.00000;20.00000;0.51911;2
776.89899;180.63667;      -1.29750; 38.00910;80.00000;20.00000;0.51909;2
776.96399;180.65000;      -1.29582; 38.00422;80.00000;20.00000;0.51907;2
777.02698;180.66333;      -1.29572; 37.99934;80.00000;20.00000;0.51906;2
777.10199;180.67667;      -1.29577; 37.99446;80.00000;20.00000;0.51904;2
777.16699;180.69000;      -1.29596; 37.98957;80.00000;20.00000;0.51902;2
777.23499;180.70333;      -1.29629; 37.98860;80.00000;20.00000;0.51900;2
777.29999;180.71667;      -1.29562; 37.99250;80.00000;20.00000;0.51898;2
777.35999;180.73000;      -1.29537; 37.99738;80.00000;20.00000;0.51896;2
777.43103;180.74333;      -1.29514; 38.00031;80.00000;20.00000;0.51895;2
777.49902;180.75667;      -1.29432; 38.00324;80.00000;20.00000;0.51893;2
777.56097;180.77000;      -1.29350; 38.00519;80.00000;20.00000;0.51891;2
777.62903;180.78333;      -1.29398; 38.00910;80.00000;20.00000;0.51889;2
777.69397;180.79667;      -1.29345; 38.01105;80.00000;20.00000;0.51887;2
777.76300;180.81000;      -1.29307; 38.01496;80.00000;20.00000;0.51885;2
777.82898;180.82333;      -1.29325; 38.01886;80.00000;20.00000;0.51884;2
777.89600;180.83667;      -1.29387; 38.02179;80.00000;20.00000;0.51882;2
777.95801;180.85000;      -1.29349; 38.02374;80.00000;20.00000;0.51880;2
778.03003;180.86333;      -1.29239; 38.02569;80.00000;20.00000;0.51878;2
778.09698;180.87667;      -1.29243; 38.02569;80.00000;20.00000;0.51876;2
778.16302;180.89000;      -1.29248; 38.02569;80.00000;20.00000;0.51875;2
778.23102;180.90333;      -1.29180; 38.02179;80.00000;20.00000;0.51873;2
778.30298;180.91667;      -1.29214; 38.01788;80.00000;20.00000;0.51871;2
778.36298;180.93000;      -1.29132; 38.01496;80.00000;20.00000;0.51869;2
778.42902;180.94333;      -1.29065; 38.01105;80.00000;20.00000;0.51867;2
778.49902;180.95667;      -1.28983; 38.00715;80.00000;20.00000;0.51865;2
778.56299;180.97000;      -1.29016; 38.00422;80.00000;20.00000;0.51864;2
778.64398;180.98333;      -1.29079; 38.00031;80.00000;20.00000;0.51861;2
778.69397;180.99667;      -1.29097; 37.99543;80.00000;20.00000;0.51860;2
778.75702;181.01000;      -1.28943; 37.98957;80.00000;20.00000;0.51858;2
778.83099;181.02333;      -1.28977; 37.98372;80.00000;20.00000;0.51856;2
778.89600;181.03667;      -1.28867; 37.97786;80.00000;20.00000;0.51854;2
778.96802;181.05000;      -1.28828; 37.97395;80.00000;20.00000;0.51853;2
779.02100;181.06333;      -1.28832; 37.97103;80.00000;20.00000;0.51851;2
779.09100;181.07667;      -1.28866; 37.97005;80.00000;20.00000;0.51849;2
779.15900;181.09000;      -1.28856; 37.97103;80.00000;20.00000;0.51847;2
779.22900;181.10333;      -1.28875; 37.97591;80.00000;20.00000;0.51845;2
779.29901;181.11667;      -1.28837; 37.97786;80.00000;20.00000;0.51843;2
779.36298;181.13000;      -1.28985; 37.97884;80.00000;20.00000;0.51842;2
779.43201;181.14333;      -1.28874; 37.97884;80.00000;20.00000;0.51840;2
779.49402;181.15667;      -1.28950; 37.97786;80.00000;20.00000;0.51838;2
779.55798;181.17000;      -1.29113; 37.97688;80.00000;20.00000;0.51836;2
779.62903;181.18333;      -1.29031; 37.97493;80.00000;20.00000;0.51834;2
779.69598;181.19667;      -1.29007; 37.97200;80.00000;20.00000;0.51833;2
779.76202;181.21000;      -1.29083; 37.97005;80.00000;20.00000;0.51831;2
779.82898;181.22333;      -1.29131; 37.96907;80.00000;20.00000;0.51829;2
779.89899;181.23667;      -1.29107; 37.96712;80.00000;20.00000;0.51827;2
779.95898;181.25000;      -1.29068; 37.96517;80.00000;20.00000;0.51825;2
780.03497;181.26333;      -1.29059; 37.96322;80.00000;20.00000;0.51823;2
780.09399;181.27667;      -1.28919; 37.96126;80.00000;20.00000;0.51822;2
780.16901;181.29000;      -1.28996; 37.96029;80.00000;20.00000;0.51820;2
780.22101;181.30333;      -1.28942; 37.95931;80.00000;20.00000;0.51818;2
780.29401;181.31667;      -1.28947; 37.95931;80.00000;20.00000;0.51816;2
780.36200;181.33000;      -1.28966; 37.95833;80.00000;20.00000;0.51815;2
780.43103;181.34333;      -1.28899; 37.95931;80.00000;20.00000;0.51813;2
780.48798;181.35667;      -1.28860; 37.95931;80.00000;20.00000;0.51811;2
780.56702;181.37000;      -1.28937; 37.96029;80.00000;20.00000;0.51809;2
780.63300;181.38333;      -1.28956; 37.96126;80.00000;20.00000;0.51807;2
780.70300;181.39667;      -1.28917; 37.96224;80.00000;20.00000;0.51805;2
780.77197;181.41000;      -1.28893; 37.96322;80.00000;20.00000;0.51803;2
780.83698;181.42333;      -1.28855; 37.96419;80.00000;20.00000;0.51802;2
780.90698;181.43667;      -1.28960; 37.96614;80.00000;20.00000;0.51800;2
780.96698;181.45000;      -1.28921; 37.96712;80.00000;20.00000;0.51798;2
781.03601;181.46333;      -1.28868; 37.96810;80.00000;20.00000;0.51796;2
781.08801;181.47667;      -1.28756; 37.97005;80.00000;20.00000;0.51795;2
781.16602;181.49000;      -1.28819; 37.97298;80.00000;20.00000;0.51793;2
781.23199;181.50333;      -1.28809; 37.97493;80.00000;20.00000;0.51791;2
781.30103;181.51667;      -1.28756; 37.97786;80.00000;20.00000;0.51789;2
781.36700;181.53000;      -1.28718; 37.97981;80.00000;20.00000;0.51787;2
781.43103;181.54333;      -1.28636; 37.98176;80.00000;20.00000;0.51785;2
781.49597;181.55667;      -1.28568; 37.98372;80.00000;20.00000;0.51784;2
781.56000;181.57000;      -1.28515; 37.98567;80.00000;20.00000;0.51782;2
781.63098;181.58333;      -1.28621; 37.98567;80.00000;20.00000;0.51780;2
781.69598;181.59667;      -1.28654; 37.98665;80.00000;20.00000;0.51778;2
781.75800;181.61000;      -1.28701; 37.98665;80.00000;20.00000;0.51777;2
781.83801;181.62333;      -1.28721; 37.98762;80.00000;20.00000;0.51774;2
781.89697;181.63667;      -1.28768; 37.98860;80.00000;20.00000;0.51773;2
781.96698;181.65000;      -1.28830; 37.99153;80.00000;20.00000;0.51771;2
782.03198;181.66333;      -1.28763; 37.99543;80.00000;20.00000;0.51769;2
782.10101;181.67667;      -1.28753; 38.00031;80.00000;20.00000;0.51767;2
782.15802;181.69000;      -1.28728; 38.00422;80.00000;20.00000;0.51766;2
782.23401;181.70333;      -1.28848; 38.00617;80.00000;20.00000;0.51764;2
782.29999;181.71667;      -1.28824; 38.00715;80.00000;20.00000;0.51762;2
782.36798;181.73000;      -1.28857; 38.00715;80.00000;20.00000;0.51760;2
782.44000;181.74333;      -1.28819; 38.00422;80.00000;20.00000;0.51758;2
782.49902;181.75667;      -1.28794; 38.00129;80.00000;20.00000;0.51756;2
782.56702;181.77000;      -1.28856; 37.99836;80.00000;20.00000;0.51755;2
782.64001;181.78333;      -1.28761; 37.99641;80.00000;20.00000;0.51753;2
782.70203;181.79667;      -1.28808; 37.99641;80.00000;20.00000;0.51751;2
782.76398;181.81000;      -1.28812; 37.99543;80.00000;20.00000;0.51749;2
782.83099;181.82333;      -1.28788; 37.99446;80.00000;20.00000;0.51747;2
782.89899;181.83667;      -1.28735; 37.99250;80.00000;20.00000;0.51746;2
782.96600;181.85000;      -1.28667; 37.99055;80.00000;20.00000;0.51744;2
783.03101;181.86333;      -1.28672; 37.98762;80.00000;20.00000;0.51742;2
783.10199;181.87667;      -1.28662; 37.98469;80.00000;20.00000;0.51740;2
783.17401;181.89000;      -1.28725; 37.98176;80.00000;20.00000;0.51738;2
783.23700;181.90333;      -1.28786; 37.97981;80.00000;20.00000;0.51736;2
783.29602;181.91667;      -1.28805; 37.97688;80.00000;20.00000;0.51735;2
783.38098;181.93000;      -1.28739; 37.97395;80.00000;20.00000;0.51732;2
783.42999;181.94333;      -1.28699; 37.97200;80.00000;20.00000;0.51731;2
783.50098;181.95667;      -1.28833; 37.97005;80.00000;20.00000;0.51729;2
783.57599;181.97000;      -1.28737; 37.96907;80.00000;20.00000;0.51727;2
783.63898;181.98333;      -1.28482; 37.96907;80.00000;20.00000;0.51726;2
783.70502;181.99667;      -1.28559; 37.96810;80.00000;20.00000;0.51724;2
783.76501;182.01000;      -1.28491; 37.96614;80.00000;20.00000;0.51722;2
783.83600;182.02333;      -1.28352; 37.96517;80.00000;20.00000;0.51720;2
783.89899;182.03667;      -1.28298; 37.96322;80.00000;20.00000;0.51718;2
783.96698;182.05000;      -1.28216; 37.96224;80.00000;20.00000;0.51717;2
784.03900;182.06333;      -1.28221; 37.96029;80.00000;20.00000;0.51715;2
784.10199;182.07667;      -1.28240; 37.95833;80.00000;20.00000;0.51713;2
784.15698;182.09000;      -1.28200; 37.95638;80.00000;20.00000;0.51711;2
784.23297;182.10333;      -1.28234; 37.95541;80.00000;20.00000;0.51709;2
784.29901;182.11667;      -1.28296; 37.95345;80.00000;20.00000;0.51708;2
784.36401;182.13000;      -1.28416; 37.95150;80.00000;20.00000;0.51706;2
784.43201;182.14333;      -1.28348; 37.95053;80.00000;20.00000;0.51704;2
784.49103;182.15667;      -1.28410; 37.94955;80.00000;20.00000;0.51702;2
784.57397;182.17000;      -1.28444; 37.94955;80.00000;20.00000;0.51700;2
784.64001;182.18333;      -1.28579; 37.94857;80.00000;20.00000;0.51698;2
784.70502;182.19667;      -1.28626; 37.94857;80.00000;20.00000;0.51697;2
784.76300;182.21000;      -1.28745; 37.94760;80.00000;20.00000;0.51695;2
784.83099;182.22333;      -1.28865; 37.94662;80.00000;20.00000;0.51693;2
784.91199;182.23667;      -1.28842; 37.94564;80.00000;20.00000;0.51691;2
784.97198;182.25000;      -1.28875; 37.94467;80.00000;20.00000;0.51689;2
785.04498;182.26333;      -1.28779; 37.94369;80.00000;20.00000;0.51687;2
785.10901;182.27667;      -1.28711; 37.94174;80.00000;20.00000;0.51686;2
785.17499;182.29000;      -1.28845; 37.94076;80.00000;20.00000;0.51684;2
785.24200;182.30333;      -1.28792; 37.93979;80.00000;20.00000;0.51682;2
785.30603;182.31667;      -1.28652; 37.93881;80.00000;20.00000;0.51680;2
785.37598;182.33000;      -1.28599; 37.94076;80.00000;20.00000;0.51679;2
785.44702;182.34333;      -1.28517; 37.94369;80.00000;20.00000;0.51677;2
785.51898;182.35667;      -1.28450; 37.94662;80.00000;20.00000;0.51675;2
785.58398;182.37000;      -1.28383; 37.94857;80.00000;20.00000;0.51673;2
785.64502;182.38333;      -1.28315; 37.95150;80.00000;20.00000;0.51671;2
785.71002;182.39667;      -1.28232; 37.95736;80.00000;20.00000;0.51670;2
785.76898;182.41000;      -1.28193; 37.96322;80.00000;20.00000;0.51668;2
785.84998;182.42333;      -1.28069; 37.97005;80.00000;20.00000;0.51666;2
785.90997;182.43667;      -1.28001; 37.97493;80.00000;20.00000;0.51664;2
785.97400;182.45000;      -1.27846; 37.97786;80.00000;20.00000;0.51662;2
786.03998;182.46333;      -1.27851; 37.97981;80.00000;20.00000;0.51661;2
786.10901;182.47667;      -1.27798; 37.98176;80.00000;20.00000;0.51659;2
786.16901;182.49000;      -1.27715; 37.98176;80.00000;20.00000;0.51657;2
786.23999;182.50333;      -1.27662; 37.98372;80.00000;20.00000;0.51655;2
786.30902;182.51667;      -1.27638; 37.98469;80.00000;20.00000;0.51653;2
786.37701;182.53000;      -1.27571; 37.98665;80.00000;20.00000;0.51652;2
786.43903;182.54333;      -1.27430; 37.98860;80.00000;20.00000;0.51650;2
786.50000;182.55667;      -1.27434; 37.99153;80.00000;20.00000;0.51648;2
786.57599;182.57000;      -1.27483; 37.99250;80.00000;20.00000;0.51646;2
786.64099;182.58333;      -1.27516; 37.99543;80.00000;20.00000;0.51644;2
786.70898;182.59667;      -1.27578; 37.99641;80.00000;20.00000;0.51643;2
786.77399;182.61000;      -1.27525; 37.99641;80.00000;20.00000;0.51641;2
786.83398;182.62333;      -1.27644; 37.99348;80.00000;20.00000;0.51639;2
786.90997;182.63667;      -1.27635; 37.98957;80.00000;20.00000;0.51637;2
786.97601;182.65000;      -1.27755; 37.98665;80.00000;20.00000;0.51635;2
787.04303;182.66333;      -1.27774; 37.98176;80.00000;20.00000;0.51634;2
787.10901;182.67667;      -1.27792; 37.97786;80.00000;20.00000;0.51632;2
787.17297;182.69000;      -1.27768; 37.97395;80.00000;20.00000;0.51630;2
787.24103;182.70333;      -1.27816; 37.97200;80.00000;20.00000;0.51628;2
787.31000;182.71667;      -1.27907; 37.96907;80.00000;20.00000;0.51626;2
787.37799;182.73000;      -1.27839; 37.96712;80.00000;20.00000;0.51625;2
787.44501;182.74333;      -1.27815; 37.96419;80.00000;20.00000;0.51623;2
787.51001;182.75667;      -1.27805; 37.96224;80.00000;20.00000;0.51621;2
787.57898;182.77000;      -1.27780; 37.96126;80.00000;20.00000;0.51619;2
787.64697;182.78333;      -1.27799; 37.95931;80.00000;20.00000;0.51617;2
787.71198;182.79667;      -1.27760; 37.95931;80.00000;20.00000;0.51616;2
787.76703;182.81000;      -1.27721; 37.95833;80.00000;20.00000;0.51614;2
787.85400;182.82333;      -1.27770; 37.95833;80.00000;20.00000;0.51612;2
787.90100;182.83667;      -1.27715; 37.95833;80.00000;20.00000;0.51611;2
787.97498;182.85000;      -1.27677; 37.95736;80.00000;20.00000;0.51609;2
788.04901;182.86333;      -1.27494; 37.95638;80.00000;20.00000;0.51607;2
788.10999;182.87667;      -1.27527; 37.95541;80.00000;20.00000;0.51605;2
788.17297;182.89000;      -1.27574; 37.95443;80.00000;20.00000;0.51603;2
788.24402;182.90333;      -1.27536; 37.95345;80.00000;20.00000;0.51601;2
788.30298;182.91667;      -1.27583; 37.95248;80.00000;20.00000;0.51600;2
788.37500;182.93000;      -1.27602; 37.95053;80.00000;20.00000;0.51598;2
788.45398;182.94333;      -1.27636; 37.95053;80.00000;20.00000;0.51596;2
788.50500;182.95667;      -1.27669; 37.94955;80.00000;20.00000;0.51594;2
788.57800;182.97000;      -1.27616; 37.94857;80.00000;20.00000;0.51592;2
788.64801;182.98333;      -1.27707; 37.94857;80.00000;20.00000;0.51590;2
788.71100;182.99667;      -1.27783; 37.94857;80.00000;20.00000;0.51589;2
788.77502;183.01000;      -1.27716; 37.94857;80.00000;20.00000;0.51587;2
788.84198;183.02333;      -1.27662; 37.94857;80.00000;20.00000;0.51585;2
788.91101;183.03667;      -1.27710; 37.94857;80.00000;20.00000;0.51583;2
788.98102;183.05000;      -1.27758; 37.94857;80.00000;20.00000;0.51582;2
789.04700;183.06333;      -1.27820; 37.94857;80.00000;20.00000;0.51580;2
789.10999;183.07667;      -1.27781; 37.94857;80.00000;20.00000;0.51578;2
789.18298;183.09000;      -1.27757; 37.94857;80.00000;20.00000;0.51576;2
789.25098;183.10333;      -1.27790; 37.94760;80.00000;20.00000;0.51574;2
789.31403;183.11667;      -1.27881; 37.94760;80.00000;20.00000;0.51573;2
789.38501;183.13000;      -1.27872; 37.94662;80.00000;20.00000;0.51571;2
789.45001;183.14333;      -1.27804; 37.94369;80.00000;20.00000;0.51569;2
789.52197;183.15667;      -1.27794; 37.94076;80.00000;20.00000;0.51567;2
789.58099;183.17000;      -1.27798; 37.93783;80.00000;20.00000;0.51565;2
789.65601;183.18333;      -1.27875; 37.93491;80.00000;20.00000;0.51563;2
789.71399;183.19667;      -1.27735; 37.93198;80.00000;20.00000;0.51562;2
789.78400;183.21000;      -1.27638; 37.92905;80.00000;20.00000;0.51560;2
789.84998;183.22333;      -1.27512; 37.92612;80.00000;20.00000;0.51558;2
789.91803;183.23667;      -1.27503; 37.92417;80.00000;20.00000;0.51556;2
789.97302;183.25000;      -1.27419; 37.92221;80.00000;20.00000;0.51555;2
790.04700;183.26333;      -1.27410; 37.92026;80.00000;20.00000;0.51553;2
790.10498;183.27667;      -1.27443; 37.91831;80.00000;20.00000;0.51551;2
790.17603;183.29000;      -1.27332; 37.91636;80.00000;20.00000;0.51550;2
790.25000;183.30333;      -1.27351; 37.91441;80.00000;20.00000;0.51548;2
790.31201;183.31667;      -1.27514; 37.91245;80.00000;20.00000;0.51546;2
790.38000;183.33000;      -1.27591; 37.91148;80.00000;20.00000;0.51544;2
790.44501;183.34333;      -1.27610; 37.91050;80.00000;20.00000;0.51542;2
790.52100;183.35667;      -1.27644; 37.90952;80.00000;20.00000;0.51540;2
790.58600;183.37000;      -1.27706; 37.90464;80.00000;20.00000;0.51539;2
790.64398;183.38333;      -1.27695; 37.89683;80.00000;20.00000;0.51537;2
790.71698;183.39667;      -1.27787; 37.88902;80.00000;20.00000;0.51535;2
790.77399;183.41000;      -1.27747; 37.88317;80.00000;20.00000;0.51534;2
790.85498;183.42333;      -1.27752; 37.87731;80.00000;20.00000;0.51531;2
790.92297;183.43667;      -1.27757; 37.87243;80.00000;20.00000;0.51530;2
790.97998;183.45000;      -1.27703; 37.86657;80.00000;20.00000;0.51528;2
791.05103;183.46333;      -1.27679; 37.86267;80.00000;20.00000;0.51526;2
791.11401;183.47667;      -1.27640; 37.85974;80.00000;20.00000;0.51524;2
791.18500;183.49000;      -1.27514; 37.85681;80.00000;20.00000;0.51523;2
791.24701;183.50333;      -1.27518; 37.85388;80.00000;20.00000;0.51521;2
791.31403;183.51667;      -1.27595; 37.85095;80.00000;20.00000;0.51519;2
791.38098;183.53000;      -1.27556; 37.84802;80.00000;20.00000;0.51517;2
791.44800;183.54333;      -1.27474; 37.84412;80.00000;20.00000;0.51515;2
791.51398;183.55667;      -1.27493; 37.84119;80.00000;20.00000;0.51514;2
791.58002;183.57000;      -1.27526; 37.83924;80.00000;20.00000;0.51512;2
791.65698;183.58333;      -1.27632; 37.83826;80.00000;20.00000;0.51510;2
791.71600;183.59667;      -1.27694; 37.83728;80.00000;20.00000;0.51508;2
791.79199;183.61000;      -1.27713; 37.83631;80.00000;20.00000;0.51506;2
791.85101;183.62333;      -1.27761; 37.83631;80.00000;20.00000;0.51505;2
791.91699;183.63667;      -1.27678; 37.83631;80.00000;20.00000;0.51503;2
791.98297;183.65000;      -1.27697; 37.83631;80.00000;20.00000;0.51501;2
792.04700;183.66333;      -1.27672; 37.83631;80.00000;20.00000;0.51500;2
792.11298;183.67667;      -1.27648; 37.83631;80.00000;20.00000;0.51498;2
792.18500;183.69000;      -1.27725; 37.83631;80.00000;20.00000;0.51496;2
792.25598;183.70333;      -1.27773; 37.83728;80.00000;20.00000;0.51494;2
792.31799;183.71667;      -1.27690; 37.84314;80.00000;20.00000;0.51492;2
792.37903;183.73000;      -1.27709; 37.84900;80.00000;20.00000;0.51491;2
792.45300;183.74333;      -1.27728; 37.85583;80.00000;20.00000;0.51489;2
792.51300;183.75667;      -1.27645; 37.86071;80.00000;20.00000;0.51487;2
792.58899;183.77000;      -1.27607; 37.86657;80.00000;20.00000;0.51485;2
792.65198;183.78333;      -1.27553; 37.86950;80.00000;20.00000;0.51483;2
792.72198;183.79667;      -1.27601; 37.87243;80.00000;20.00000;0.51481;2
792.78497;183.81000;      -1.27663; 37.87340;80.00000;20.00000;0.51480;2
792.85303;183.82333;      -1.27740; 37.87438;80.00000;20.00000;0.51478;2
792.91498;183.83667;      -1.27773; 37.87536;80.00000;20.00000;0.51476;2
792.98700;183.85000;      -1.27749; 37.87536;80.00000;20.00000;0.51474;2
793.05298;183.86333;      -1.27826; 37.87438;80.00000;20.00000;0.51473;2
793.12201;183.87667;      -1.27787; 37.87340;80.00000;20.00000;0.51471;2
793.19098;183.89000;      -1.27820; 37.87340;80.00000;20.00000;0.51469;2
793.25201;183.90333;      -1.27723; 37.87243;80.00000;20.00000;0.51467;2
793.31897;183.91667;      -1.27742; 37.87145;80.00000;20.00000;0.51466;2
793.38501;183.93000;      -1.27775; 37.87145;80.00000;20.00000;0.51464;2
793.46002;183.94333;      -1.27766; 37.86755;80.00000;20.00000;0.51462;2
793.52399;183.95667;      -1.27712; 37.86462;80.00000;20.00000;0.51460;2
793.58301;183.97000;      -1.27658; 37.86364;80.00000;20.00000;0.51459;2
793.65601;183.98333;      -1.27591; 37.86462;80.00000;20.00000;0.51457;2
793.71698;183.99667;      -1.27624; 37.86755;80.00000;20.00000;0.51455;2
793.78302;184.01000;      -1.27570; 37.86950;80.00000;20.00000;0.51453;2
793.85303;184.02333;      -1.27560; 37.87340;80.00000;20.00000;0.51451;2
793.90900;184.03667;      -1.27636; 37.87438;80.00000;20.00000;0.51450;2
793.98700;184.05000;      -1.27598; 37.87536;80.00000;20.00000;0.51448;2
794.05298;184.06333;      -1.27675; 37.87536;80.00000;20.00000;0.51446;2
794.12201;184.07667;      -1.27563; 37.87340;80.00000;20.00000;0.51444;2
794.19299;184.09000;      -1.27597; 37.87340;80.00000;20.00000;0.51442;2
794.24902;184.10333;      -1.27557; 37.87243;80.00000;20.00000;0.51441;2
794.31799;184.11667;      -1.27518; 37.87048;80.00000;20.00000;0.51439;2
794.38202;184.13000;      -1.27479; 37.86950;80.00000;20.00000;0.51437;2
794.45300;184.14333;      -1.27542; 37.86852;80.00000;20.00000;0.51435;2
794.51801;184.15667;      -1.27633; 37.86755;80.00000;20.00000;0.51434;2
794.58899;184.17000;      -1.27565; 37.86559;80.00000;20.00000;0.51432;2
794.65002;184.18333;      -1.27598; 37.86462;80.00000;20.00000;0.51430;2
794.72302;184.19667;      -1.27646; 37.86364;80.00000;20.00000;0.51428;2
794.78699;184.21000;      -1.27564; 37.86169;80.00000;20.00000;0.51427;2
794.85400;184.22333;      -1.27626; 37.86071;80.00000;20.00000;0.51425;2
794.92102;184.23667;      -1.27616; 37.85974;80.00000;20.00000;0.51423;2
794.99298;184.25000;      -1.27664; 37.85876;80.00000;20.00000;0.51421;2
795.05701;184.26333;      -1.27668; 37.85778;80.00000;20.00000;0.51419;2
795.12701;184.27667;      -1.27630; 37.85681;80.00000;20.00000;0.51418;2
795.18903;184.29000;      -1.27692; 37.85681;80.00000;20.00000;0.51416;2
795.25500;184.30333;      -1.27725; 37.85583;80.00000;20.00000;0.51414;2
795.30798;184.31667;      -1.27801; 37.85583;80.00000;20.00000;0.51413;2
795.37598;184.33000;      -1.27805; 37.85583;80.00000;20.00000;0.51411;2
795.46301;184.34333;      -1.27797; 37.85583;80.00000;20.00000;0.51409;2
795.52600;184.35667;      -1.27772; 37.85583;80.00000;20.00000;0.51407;2
795.59198;184.37000;      -1.27747; 37.85583;80.00000;20.00000;0.51405;2
795.65698;184.38333;      -1.27679; 37.85388;80.00000;20.00000;0.51403;2
795.71899;184.39667;      -1.27727; 37.85095;80.00000;20.00000;0.51402;2
795.79602;184.41000;      -1.27645; 37.84997;80.00000;20.00000;0.51400;2
795.86200;184.42333;      -1.27591; 37.85095;80.00000;20.00000;0.51398;2
795.92902;184.43667;      -1.27509; 37.85095;80.00000;20.00000;0.51396;2
795.99200;184.45000;      -1.27455; 37.85290;80.00000;20.00000;0.51395;2
796.05298;184.46333;      -1.27415; 37.85486;80.00000;20.00000;0.51393;2
796.12402;184.47667;      -1.27434; 37.85778;80.00000;20.00000;0.51391;2
796.19202;184.49000;      -1.27424; 37.86364;80.00000;20.00000;0.51389;2
796.24902;184.50333;      -1.27341; 37.87048;80.00000;20.00000;0.51388;2
796.32501;184.51667;      -1.27259; 37.87633;80.00000;20.00000;0.51386;2
796.38501;184.53000;      -1.27176; 37.88121;80.00000;20.00000;0.51384;2
796.45898;184.54333;      -1.27152; 37.88219;80.00000;20.00000;0.51382;2
796.53400;184.55667;      -1.27171; 37.88121;80.00000;20.00000;0.51380;2
796.59302;184.57000;      -1.27262; 37.87926;80.00000;20.00000;0.51379;2
796.65698;184.58333;      -1.27252; 37.87536;80.00000;20.00000;0.51377;2
796.72998;184.59667;      -1.27315; 37.86755;80.00000;20.00000;0.51375;2
796.78900;184.61000;      -1.27319; 37.85974;80.00000;20.00000;0.51373;2
796.86102;184.62333;      -1.27381; 37.85388;80.00000;20.00000;0.51372;2
796.92700;184.63667;      -1.27313; 37.84802;80.00000;20.00000;0.51370;2
796.98499;184.65000;      -1.27303; 37.84314;80.00000;20.00000;0.51368;2
797.05902;184.66333;      -1.27322; 37.83826;80.00000;20.00000;0.51366;2
797.12598;184.67667;      -1.27399; 37.83436;80.00000;20.00000;0.51365;2
797.18597;184.69000;      -1.27417; 37.83045;80.00000;20.00000;0.51363;2
797.26202;184.70333;      -1.27509; 37.82752;80.00000;20.00000;0.51361;2
797.32501;184.71667;      -1.27484; 37.82264;80.00000;20.00000;0.51359;2
797.38501;184.73000;      -1.27488; 37.81874;80.00000;20.00000;0.51358;2
797.46002;184.74333;      -1.27551; 37.81678;80.00000;20.00000;0.51356;2
797.52698;184.75667;      -1.27498; 37.82069;80.00000;20.00000;0.51354;2
797.59698;184.77000;      -1.27517; 37.82264;80.00000;20.00000;0.51352;2
797.66302;184.78333;      -1.27507; 37.82362;80.00000;20.00000;0.51350;2
797.73602;184.79667;      -1.27410; 37.82459;80.00000;20.00000;0.51348;2
797.79797;184.81000;      -1.27486; 37.82557;80.00000;20.00000;0.51347;2
797.86102;184.82333;      -1.27476; 37.82557;80.00000;20.00000;0.51345;2
797.92798;184.83667;      -1.27408; 37.82655;80.00000;20.00000;0.51343;2
797.99298;184.85000;      -1.27282; 37.82752;80.00000;20.00000;0.51342;2
798.06299;184.86333;      -1.27257; 37.82850;80.00000;20.00000;0.51340;2
798.13098;184.87667;      -1.27160; 37.82947;80.00000;20.00000;0.51338;2
798.19800;184.89000;      -1.27063; 37.83143;80.00000;20.00000;0.51336;2
798.26398;184.90333;      -1.26980; 37.83338;80.00000;20.00000;0.51334;2
798.33197;184.91667;      -1.26854; 37.83436;80.00000;20.00000;0.51333;2
798.40399;184.93000;      -1.26844; 37.83436;80.00000;20.00000;0.51331;2
798.46399;184.94333;      -1.26848; 37.83533;80.00000;20.00000;0.51329;2
798.52899;184.95667;      -1.26794; 37.83533;80.00000;20.00000;0.51327;2
798.59900;184.97000;      -1.26813; 37.83631;80.00000;20.00000;0.51326;2
798.66302;184.98333;      -1.26789; 37.83631;80.00000;20.00000;0.51324;2
798.73901;184.99667;      -1.26677; 37.83728;80.00000;20.00000;0.51322;2

