#EXPORTTYPE:DATA ALL
#FILE:75wt20hr.ngb-ds3
#FORMAT:NETZSCH5
#FTYPE:ANSI
#IDENTITY:75wt20hr
#DECIMAL:POINT
#SEPARATOR:SEMICOLON
#MTYPE:DSC
#INSTRUMENT:NETZSCH STA 449F3
#PROJECT:copyrolysis
#DATE/TIME:18.03.2021 06:51
#CORR. FILE:correction 20kmin.ngb-bs3
#TEMPCAL:2021 CAL T 20KMIN .ngb-ts3
#SENSITIVITY:2021 CAL s 20KMIN REVISAR.ngb-ts3.ngb-es3
#LABORATORY:UNA - FCQ - AI
#OPERATOR:AD
#REMARK:
#SAMPLE:75wt20hr
#SAMPLE MASS /mg:10.3628
#MATERIAL:EMPTY
#REFERENCE:Empty
#REFERENCE MASS /mg:0
#TYPE OF CRUCIBLE:DSC/TG pan Al2O3
#SAMPLE CRUCIBLE MASS /mg:139.1255
#REFERENCE CRUCIBLE MASS /mg:140.87
#DSC RANGE /µV:5000
#TG RANGE /mg:35000
#TAU-R:---
#CORR. CODE:020
#EXO:-1
#RANGE:25°C/00:00/25°C/20,0(K/min)/800°C/
#SEGMENT:S1-2/2
#SEG. 1:25°C/00:30/25°C
#SEG. 2:25°C/20,0(K/min)/800°C

##Temp./°C;Time/min;DSC/(mW/mg);Mass/%;Gas Flow(purge2)/(ml/min);Gas Flow(protective)/(ml/min);Sensit./(uV/mW);Segment
 25.25200; 0.00000;       0.20190;100.00000;80.00000;20.00000;0.80440;1
 25.28600; 0.05000;       0.20978; 99.95561;80.00000;20.00000;0.80440;1
 25.29300; 0.10000;       0.21509; 99.93052;80.00000;20.00000;0.80439;1
 25.30800; 0.15000;       0.22030; 99.90543;80.00000;20.00000;0.80439;1
 25.31800; 0.20000;       0.22360; 99.87938;80.00000;20.00000;0.80439;1
 25.35600; 0.25000;       0.22818; 99.86008;80.00000;20.00000;0.80438;1
 25.37100; 0.30000;       0.23166; 99.82727;80.00000;20.00000;0.80438;1
 25.37400; 0.35000;       0.23459; 99.80025;80.00000;20.00000;0.80438;1
 25.39900; 0.40000;       0.23669; 99.77419;80.00000;20.00000;0.80437;1
 25.41400; 0.45000;       0.23862; 99.74524;80.00000;20.00000;0.80437;1
 25.42500; 0.50000;       0.23898; 99.72015;80.00000;20.00000;0.80437;1
 25.43700; 0.55000;       0.23926; 99.68927;80.00000;20.00000;0.80437;1
 25.45500; 0.60000;       0.23889; 99.65260;80.00000;20.00000;0.80436;1
 25.46400; 0.65000;       0.23816; 99.61883;80.00000;20.00000;0.80436;1
 25.46600; 0.70000;       0.23807; 99.58505;80.00000;20.00000;0.80436;1
 25.48900; 0.75000;       0.23734; 99.56961;80.00000;20.00000;0.80436;1
 25.49600; 0.80000;       0.23532; 99.54838;80.00000;20.00000;0.80436;1
 25.51200; 0.85000;       0.23441; 99.52522;80.00000;20.00000;0.80435;1
 25.50400; 0.90000;       0.23221; 99.49145;80.00000;20.00000;0.80435;1
 25.51800; 0.95000;       0.23057; 99.45478;80.00000;20.00000;0.80435;1
 25.53500; 1.00000;       0.22819; 99.42680;80.00000;20.00000;0.80435;1
 25.55700; 1.05000;       0.22627; 99.40557;80.00000;20.00000;0.80434;1
 25.55100; 1.10000;       0.22425; 99.37758;80.00000;20.00000;0.80434;1
 25.56000; 1.15000;       0.22132; 99.36793;80.00000;20.00000;0.80434;1
 25.56200; 1.20000;       0.21940; 99.33995;80.00000;20.00000;0.80434;1
 25.58900; 1.25000;       0.21620; 99.32161;80.00000;20.00000;0.80434;1
 25.58200; 1.30000;       0.21354; 99.30135;80.00000;20.00000;0.80434;1
 25.58000; 1.35000;       0.21226; 99.28301;80.00000;20.00000;0.80434;1
 25.57600; 1.40000;       0.20897; 99.26178;80.00000;20.00000;0.80434;1
 25.60100; 1.45000;       0.20714; 99.23283;80.00000;20.00000;0.80434;1
 25.60000; 1.50000;       0.20448; 99.20388;80.00000;20.00000;0.80434;1
 25.61200; 1.55000;       0.20174; 99.18651;80.00000;20.00000;0.80433;1
 25.60800; 1.60000;       0.19963; 99.16528;80.00000;20.00000;0.80433;1
 25.62400; 1.65000;       0.19689; 99.14502;80.00000;20.00000;0.80433;1
 25.62300; 1.70000;       0.19469; 99.12861;80.00000;20.00000;0.80433;1
 25.61600; 1.75000;       0.19259; 99.11028;80.00000;20.00000;0.80433;1
 25.63300; 1.80000;       0.18984; 99.08519;80.00000;20.00000;0.80433;1
 25.61500; 1.85000;       0.18828; 99.06975;80.00000;20.00000;0.80433;1
 25.62400; 1.90000;       0.18535; 99.05527;80.00000;20.00000;0.80433;1
 25.63000; 1.95000;       0.18343; 99.03018;80.00000;20.00000;0.80433;1
 25.62900; 2.00000;       0.18124; 99.00799;80.00000;20.00000;0.80433;1
 25.63500; 2.05000;       0.17913; 98.98097;80.00000;20.00000;0.80433;1
 25.63000; 2.10000;       0.17666; 98.97036;80.00000;20.00000;0.80433;1
 25.63300; 2.15000;       0.17519; 98.94720;80.00000;20.00000;0.80433;1
 25.65000; 2.20000;       0.17236; 98.93369;80.00000;20.00000;0.80433;1
 25.62400; 2.25000;       0.17053; 98.90956;80.00000;20.00000;0.80433;1
 25.64100; 2.30000;       0.16870; 98.88737;80.00000;20.00000;0.80433;1
 25.64200; 2.35000;       0.16723; 98.85938;80.00000;20.00000;0.80433;1
 25.63800; 2.40000;       0.16503; 98.84587;80.00000;20.00000;0.80433;1
 25.63800; 2.45000;       0.16293; 98.82850;80.00000;20.00000;0.80433;1
 25.63900; 2.50000;       0.16037; 98.81596;80.00000;20.00000;0.80433;1
 25.64000; 2.55000;       0.15918; 98.79859;80.00000;20.00000;0.80433;1
 25.63000; 2.60000;       0.15771; 98.78122;80.00000;20.00000;0.80433;1
 25.65300; 2.65000;       0.15607; 98.76867;80.00000;20.00000;0.80433;1
 25.62900; 2.70000;       0.15240; 98.74841;80.00000;20.00000;0.80433;1
 25.63600; 2.75000;       0.15158; 98.73683;80.00000;20.00000;0.80433;1
 25.64500; 2.80000;       0.14966; 98.72428;80.00000;20.00000;0.80433;1
 25.64500; 2.85000;       0.14847; 98.70691;80.00000;20.00000;0.80433;1
 25.64400; 2.90000;       0.14609; 98.69051;80.00000;20.00000;0.80433;1
 25.63300; 2.95000;       0.14517; 98.67603;80.00000;20.00000;0.80433;1
 25.61700; 3.00000;       0.14279; 98.65191;80.00000;20.00000;0.80433;1
 25.61400; 3.05000;       0.14169; 98.64515;80.00000;20.00000;0.80433;1
 25.62600; 3.10000;       0.14032; 98.62971;80.00000;20.00000;0.80433;1
 25.62500; 3.15000;       0.13794; 98.61524;80.00000;20.00000;0.80433;1
 25.62100; 3.20000;       0.13693; 98.60076;80.00000;20.00000;0.80433;1
 25.61000; 3.25000;       0.13593; 98.58339;80.00000;20.00000;0.80433;1
 25.61200; 3.30000;       0.13492; 98.57085;80.00000;20.00000;0.80433;1
 25.61400; 3.35000;       0.13263; 98.55155;80.00000;20.00000;0.80433;1
 25.60700; 3.40000;       0.13080; 98.53707;80.00000;20.00000;0.80433;1
 25.60700; 3.45000;       0.12943; 98.52357;80.00000;20.00000;0.80433;1
 25.58900; 3.50000;       0.12805; 98.49848;80.00000;20.00000;0.80434;1
 25.58900; 3.55000;       0.12696; 98.48979;80.00000;20.00000;0.80434;1
 25.60000; 3.60000;       0.12494; 98.47918;80.00000;20.00000;0.80434;1
 25.59200; 3.65000;       0.12348; 98.47049;80.00000;20.00000;0.80434;1
 25.58500; 3.70000;       0.12256; 98.45988;80.00000;20.00000;0.80434;1
 25.57200; 3.75000;       0.12064; 98.44251;80.00000;20.00000;0.80434;1
 25.58900; 3.80000;       0.11927; 98.43286;80.00000;20.00000;0.80434;1
 25.57600; 3.85000;       0.11853; 98.42031;80.00000;20.00000;0.80434;1
 25.57500; 3.90000;       0.11725; 98.39812;80.00000;20.00000;0.80434;1
 25.56100; 3.95000;       0.11606; 98.38847;80.00000;20.00000;0.80434;1
 25.55600; 4.00000;       0.11478; 98.38075;80.00000;20.00000;0.80434;1
 25.55000; 4.05000;       0.11441; 98.37303;80.00000;20.00000;0.80434;1
 25.55300; 4.10000;       0.11277; 98.36820;80.00000;20.00000;0.80434;1
 25.54400; 4.15000;       0.11139; 98.35566;80.00000;20.00000;0.80435;1
 25.53600; 4.20000;       0.11030; 98.34408;80.00000;20.00000;0.80435;1
 25.53000; 4.25000;       0.10947; 98.33057;80.00000;20.00000;0.80435;1
 25.54000; 4.30000;       0.10846; 98.31030;80.00000;20.00000;0.80435;1
 25.51100; 4.35000;       0.10709; 98.29583;80.00000;20.00000;0.80435;1
 25.51200; 4.40000;       0.10618; 98.28521;80.00000;20.00000;0.80435;1
 25.51500; 4.45000;       0.10462; 98.27363;80.00000;20.00000;0.80435;1
 25.51200; 4.50000;       0.10325; 98.26302;80.00000;20.00000;0.80435;1
 25.49900; 4.55000;       0.10306; 98.24372;80.00000;20.00000;0.80435;1
 25.49800; 4.60000;       0.10160; 98.22828;80.00000;20.00000;0.80435;1
 25.48800; 4.65000;       0.10032; 98.21959;80.00000;20.00000;0.80436;1
 25.48900; 4.70000; 9.921874e-002; 98.21284;80.00000;20.00000;0.80436;1
 25.47400; 4.75000; 9.894380e-002; 98.21091;80.00000;20.00000;0.80436;1
 25.47400; 4.80000; 9.702168e-002; 98.20415;80.00000;20.00000;0.80436;1
 25.45300; 4.85000; 9.656354e-002; 98.19547;80.00000;20.00000;0.80436;1
 25.45200; 4.90000; 9.546517e-002; 98.18678;80.00000;20.00000;0.80436;1
 25.44900; 4.95000; 9.500745e-002; 98.17713;80.00000;20.00000;0.80436;1
 25.44200; 5.00000; 9.381742e-002; 98.16459;80.00000;20.00000;0.80437;1
 25.44200; 5.05000; 9.262754e-002; 98.15494;80.00000;20.00000;0.80437;1
 25.44400; 5.10000; 9.189535e-002; 98.14722;80.00000;20.00000;0.80437;1
 25.42400; 5.15000; 9.125421e-002; 98.14143;80.00000;20.00000;0.80437;1
 25.42600; 5.20000; 9.033897e-002; 98.14239;80.00000;20.00000;0.80437;1
 25.41200; 5.25000; 9.006409e-002; 98.14143;80.00000;20.00000;0.80437;1
 25.39800; 5.30000; 8.969767e-002; 98.13757;80.00000;20.00000;0.80437;1
 25.39300; 5.35000; 8.823312e-002; 98.12792;80.00000;20.00000;0.80437;1
 25.38700; 5.40000; 8.759229e-002; 98.12020;80.00000;20.00000;0.80438;1
 25.38900; 5.45000; 8.704317e-002; 98.11055;80.00000;20.00000;0.80438;1
 25.39000; 5.50000; 8.686014e-002; 98.09511;80.00000;20.00000;0.80438;1
 25.37900; 5.55000; 8.612768e-002; 98.08449;80.00000;20.00000;0.80438;1
 25.38500; 5.60000; 8.484641e-002; 98.07774;80.00000;20.00000;0.80438;1
 25.35600; 5.65000; 8.493736e-002; 98.06809;80.00000;20.00000;0.80438;1
 25.35300; 5.70000; 8.319828e-002; 98.05940;80.00000;20.00000;0.80438;1
 25.35500; 5.75000; 8.255762e-002; 98.04879;80.00000;20.00000;0.80438;1
 25.34100; 5.80000; 8.200818e-002; 98.04203;80.00000;20.00000;0.80438;1
 25.34600; 5.85000; 8.127607e-002; 98.03432;80.00000;20.00000;0.80438;1
 25.33400; 5.90000; 8.017751e-002; 98.02467;80.00000;20.00000;0.80439;1
 25.33300; 5.95000; 7.971987e-002; 98.01502;80.00000;20.00000;0.80439;1
 25.33000; 6.00000; 7.944522e-002; 98.01116;80.00000;20.00000;0.80439;1
 25.31600; 6.05000; 7.880428e-002; 98.00633;80.00000;20.00000;0.80439;1
 25.31400; 6.10000; 7.843814e-002; 98.00054;80.00000;20.00000;0.80439;1
 25.30200; 6.15000; 7.752266e-002; 97.99475;80.00000;20.00000;0.80439;1
 25.28800; 6.20000; 7.715629e-002; 97.98510;80.00000;20.00000;0.80439;1
 25.27800; 6.25000; 7.642390e-002; 97.97256;80.00000;20.00000;0.80440;1
 25.27400; 6.30000; 7.523400e-002; 97.96291;80.00000;20.00000;0.80440;1
 25.27200; 6.35000; 7.441023e-002; 97.95422;80.00000;20.00000;0.80440;1
 25.27200; 6.40000; 7.441023e-002; 97.94554;80.00000;20.00000;0.80440;1
 25.26000; 6.45000; 7.395240e-002; 97.94168;80.00000;20.00000;0.80440;1
 25.26200; 6.50000; 7.349481e-002; 97.94071;80.00000;20.00000;0.80440;1
 25.26000; 6.55000; 7.248800e-002; 97.93299;80.00000;20.00000;0.80440;1
 25.24600; 6.60000; 7.267080e-002; 97.92045;80.00000;20.00000;0.80440;1
 25.23100; 6.65000; 7.175530e-002; 97.90983;80.00000;20.00000;0.80441;1
 25.23100; 6.70000; 7.148073e-002; 97.90404;80.00000;20.00000;0.80441;1
 25.21500; 6.75000; 7.093131e-002; 97.89825;80.00000;20.00000;0.80441;1
 25.22300; 6.80000; 6.983316e-002; 97.89632;80.00000;20.00000;0.80441;1
 25.20600; 6.85000; 7.029049e-002; 97.89343;80.00000;20.00000;0.80441;1
 25.21500; 6.90000; 6.836863e-002; 97.88667;80.00000;20.00000;0.80441;1
 25.20000; 6.95000; 6.928363e-002; 97.88088;80.00000;20.00000;0.80441;1
 25.19500; 7.00000; 6.818526e-002; 97.87702;80.00000;20.00000;0.80441;1
 25.19500; 7.05000; 6.763612e-002; 97.87123;80.00000;20.00000;0.80441;1
 25.20500; 7.10000; 6.708713e-002; 97.86255;80.00000;20.00000;0.80441;1
 25.19000; 7.15000; 6.763604e-002; 97.85290;80.00000;20.00000;0.80441;1
 25.18700; 7.20000; 6.635466e-002; 97.84518;80.00000;20.00000;0.80441;1
 25.18600; 7.25000; 6.617160e-002; 97.83746;80.00000;20.00000;0.80441;1
 25.16700; 7.30000; 6.553064e-002; 97.83167;80.00000;20.00000;0.80442;1
 25.15800; 7.35000; 6.507288e-002; 97.82588;80.00000;20.00000;0.80442;1
 25.16400; 7.40000; 6.434079e-002; 97.81719;80.00000;20.00000;0.80442;1
 25.16000; 7.45000; 6.315092e-002; 97.80851;80.00000;20.00000;0.80442;1
 25.16500; 7.50000; 6.388319e-002; 97.80079;80.00000;20.00000;0.80442;1
 25.13800; 7.55000; 6.324212e-002; 97.79307;80.00000;20.00000;0.80442;1
 25.10500; 7.60000; 6.360771e-002; 97.78728;80.00000;20.00000;0.80443;1
 25.12200; 7.65000; 6.296731e-002; 97.78149;80.00000;20.00000;0.80443;1
 25.13300; 7.70000; 6.232681e-002; 97.77570;80.00000;20.00000;0.80442;1
 25.10100; 7.75000; 6.131961e-002; 97.76894;80.00000;20.00000;0.80443;1
 25.11400; 7.80000; 6.168588e-002; 97.76701;80.00000;20.00000;0.80443;1
 25.10500; 7.85000; 6.095358e-002; 97.76315;80.00000;20.00000;0.80443;1
 25.09600; 7.90000; 6.049584e-002; 97.75833;80.00000;20.00000;0.80443;1
 25.10200; 7.95000; 5.985527e-002; 97.75254;80.00000;20.00000;0.80443;1
 25.10200; 8.00000; 6.012984e-002; 97.74675;80.00000;20.00000;0.80443;1
 25.08700; 8.05000; 5.958050e-002; 97.74096;80.00000;20.00000;0.80443;1
 25.08500; 8.10000; 5.994655e-002; 97.73131;80.00000;20.00000;0.80443;1
 25.08300; 8.15000; 5.903131e-002; 97.71780;80.00000;20.00000;0.80443;1
 25.07400; 8.20000; 5.875662e-002; 97.70622;80.00000;20.00000;0.80444;1
 25.07600; 8.25000; 5.829905e-002; 97.69753;80.00000;20.00000;0.80444;1
 25.07100; 8.30000; 5.866506e-002; 97.69560;80.00000;20.00000;0.80444;1
 25.06200; 8.35000; 5.774973e-002; 97.69560;80.00000;20.00000;0.80444;1
 25.05900; 8.40000; 5.738360e-002; 97.69367;80.00000;20.00000;0.80444;1
 25.05700; 8.45000; 5.683445e-002; 97.68885;80.00000;20.00000;0.80444;1
 25.05700; 8.50000; 5.710901e-002; 97.68113;80.00000;20.00000;0.80444;1
 25.03900; 8.55000; 5.619356e-002; 97.67630;80.00000;20.00000;0.80444;1
 25.05300; 8.60000; 5.564462e-002; 97.67051;80.00000;20.00000;0.80444;1
 25.03600; 8.65000; 5.582744e-002; 97.66472;80.00000;20.00000;0.80444;1
 25.03000; 8.70000; 5.573584e-002; 97.65990;80.00000;20.00000;0.80444;1
 25.04600; 8.75000; 5.482085e-002; 97.65507;80.00000;20.00000;0.80444;1
 25.03500; 8.80000; 5.445462e-002; 97.64735;80.00000;20.00000;0.80444;1
 25.02700; 8.85000; 5.491212e-002; 97.64156;80.00000;20.00000;0.80444;1
 25.02400; 8.90000; 5.363080e-002; 97.63577;80.00000;20.00000;0.80445;1
 25.01500; 8.95000; 5.317309e-002; 97.62709;80.00000;20.00000;0.80445;1
 25.02100; 9.00000; 5.372229e-002; 97.62226;80.00000;20.00000;0.80445;1
 25.00100; 9.05000; 5.308139e-002; 97.62130;80.00000;20.00000;0.80445;1
 25.00100; 9.10000; 5.317291e-002; 97.61744;80.00000;20.00000;0.80445;1
 25.01300; 9.15000; 5.262394e-002; 97.61358;80.00000;20.00000;0.80445;1
 25.00100; 9.20000; 5.253227e-002; 97.61261;80.00000;20.00000;0.80445;1
 25.00700; 9.25000; 5.189172e-002; 97.61165;80.00000;20.00000;0.80445;1
 24.97000; 9.30000; 5.216581e-002; 97.60972;80.00000;20.00000;0.80446;1
 24.98300; 9.35000; 5.152534e-002; 97.60779;80.00000;20.00000;0.80445;1
 24.97900; 9.40000; 5.106769e-002; 97.59910;80.00000;20.00000;0.80445;1
 24.99000; 9.45000; 4.996959e-002; 97.59138;80.00000;20.00000;0.80445;1
 24.98000; 9.50000; 5.006099e-002; 97.58559;80.00000;20.00000;0.80445;1
 24.98200; 9.55000; 5.015254e-002; 97.57884;80.00000;20.00000;0.80445;1
 24.98700; 9.60000; 5.079323e-002; 97.57305;80.00000;20.00000;0.80445;1
 24.97000; 9.65000; 4.932873e-002; 97.56629;80.00000;20.00000;0.80446;1
 24.98200; 9.70000; 4.987798e-002; 97.55954;80.00000;20.00000;0.80445;1
 24.97400; 9.75000; 4.987789e-002; 97.55278;80.00000;20.00000;0.80445;1
 24.95700; 9.80000; 4.923706e-002; 97.54603;80.00000;20.00000;0.80446;1
 24.95700; 9.85000; 4.877946e-002; 97.54314;80.00000;20.00000;0.80446;1
 24.94800; 9.90000; 4.841329e-002; 97.53059;80.00000;20.00000;0.80446;1
 24.95000; 9.95000; 4.832179e-002; 97.52094;80.00000;20.00000;0.80446;1
 24.95400;10.00000; 4.813880e-002; 97.51226;80.00000;20.00000;0.80446;1
 24.94000;10.05000; 4.795560e-002; 97.50261;80.00000;20.00000;0.80446;1
 24.94000;10.10000; 4.777257e-002; 97.49585;80.00000;20.00000;0.80446;1
 24.94200;10.15000; 4.786411e-002; 97.49006;80.00000;20.00000;0.80446;1
 24.94000;10.20000; 4.740649e-002; 97.48910;80.00000;20.00000;0.80446;1
 24.93100;10.25000; 4.667425e-002; 97.48813;80.00000;20.00000;0.80446;1
 24.94800;10.30000; 4.713203e-002; 97.48717;80.00000;20.00000;0.80446;1
 24.94200;10.35000; 4.667437e-002; 97.48234;80.00000;20.00000;0.80446;1
 24.94000;10.40000; 4.658283e-002; 97.47366;80.00000;20.00000;0.80446;1
 24.92800;10.45000; 4.585055e-002; 97.46304;80.00000;20.00000;0.80446;1
 24.93700;10.50000; 4.521002e-002; 97.45339;80.00000;20.00000;0.80446;1
 24.92500;10.55000; 4.585052e-002; 97.44953;80.00000;20.00000;0.80446;1
 24.92000;10.60000; 4.594198e-002; 97.44374;80.00000;20.00000;0.80446;1
 24.92900;10.65000; 4.585056e-002; 97.43506;80.00000;20.00000;0.80446;1
 24.91700;10.70000; 4.475222e-002; 97.42830;80.00000;20.00000;0.80447;1
 24.92300;10.75000; 4.493532e-002; 97.42734;80.00000;20.00000;0.80446;1
 24.92500;10.80000; 4.539293e-002; 97.42541;80.00000;20.00000;0.80446;1
 24.92700;10.85000; 4.502688e-002; 97.42348;80.00000;20.00000;0.80446;1
 24.91600;10.90000; 4.411159e-002; 97.42155;80.00000;20.00000;0.80447;1
 24.93200;10.95000; 4.383720e-002; 97.41769;80.00000;20.00000;0.80446;1
 24.91800;11.00000; 4.402009e-002; 97.41383;80.00000;20.00000;0.80447;1
 24.92400;11.05000; 4.402015e-002; 97.40804;80.00000;20.00000;0.80446;1
 24.91400;11.10000; 4.356246e-002; 97.40321;80.00000;20.00000;0.80447;1
 24.92900;11.15000; 4.319654e-002; 97.39935;80.00000;20.00000;0.80446;1
 24.93100;11.20000; 4.374567e-002; 97.39646;80.00000;20.00000;0.80446;1
 24.92500;11.25000; 4.356257e-002; 97.39453;80.00000;20.00000;0.80446;1
 24.91100;11.30000; 4.283028e-002; 97.39260;80.00000;20.00000;0.80447;1
 24.92000;11.35000; 4.264734e-002; 97.39067;80.00000;20.00000;0.80446;1
 24.92300;11.40000; 4.228129e-002; 97.38681;80.00000;20.00000;0.80446;1
 24.90400;11.45000; 4.228110e-002; 97.38391;80.00000;20.00000;0.80447;1
 24.90700;11.50000; 4.191507e-002; 97.38005;80.00000;20.00000;0.80447;1
 24.90900;11.55000; 4.173205e-002; 97.37619;80.00000;20.00000;0.80447;1
 24.91200;11.60000; 4.136601e-002; 97.36944;80.00000;20.00000;0.80447;1
 24.91500;11.65000; 4.081693e-002; 97.36461;80.00000;20.00000;0.80447;1
 24.92000;11.70000; 4.100002e-002; 97.36172;80.00000;20.00000;0.80446;1
 24.89800;11.75000; 4.127436e-002; 97.35979;80.00000;20.00000;0.80447;1
 24.91500;11.80000; 4.072541e-002; 97.35303;80.00000;20.00000;0.80447;1
 24.89900;11.85000; 4.026767e-002; 97.34531;80.00000;20.00000;0.80447;1
 24.91600;11.90000; 4.109150e-002; 97.33663;80.00000;20.00000;0.80447;1
 24.89500;11.95000; 4.118281e-002; 97.32794;80.00000;20.00000;0.80447;1
 24.90600;12.00000; 3.981015e-002; 97.31636;80.00000;20.00000;0.80447;1
 24.90400;12.05000; 4.054227e-002; 97.30961;80.00000;20.00000;0.80447;1
 24.90800;12.10000; 3.999320e-002; 97.30864;80.00000;20.00000;0.80447;1
 24.90400;12.15000; 3.953558e-002; 97.30864;80.00000;20.00000;0.80447;1
 24.88600;12.20000; 3.916934e-002; 97.30864;80.00000;20.00000;0.80447;1
 24.90100;12.25000; 3.880341e-002; 97.30864;80.00000;20.00000;0.80447;1
 24.91100;12.30000; 3.834592e-002; 97.30864;80.00000;20.00000;0.80447;1
 24.91000;12.35000; 3.852894e-002; 97.30768;80.00000;20.00000;0.80447;1
 24.91600;12.40000; 3.770534e-002; 97.30478;80.00000;20.00000;0.80447;1
 24.91600;12.45000; 3.770534e-002; 97.29224;80.00000;20.00000;0.80447;1
 24.92200;12.50000; 3.733932e-002; 97.28066;80.00000;20.00000;0.80446;1
 24.91600;12.55000; 3.761382e-002; 97.27294;80.00000;20.00000;0.80447;1
 24.90500;12.60000; 3.770524e-002; 97.27004;80.00000;20.00000;0.80447;1
 24.91200;12.65000; 3.697316e-002; 97.27004;80.00000;20.00000;0.80447;1
 24.90900;12.70000; 3.660706e-002; 97.27004;80.00000;20.00000;0.80447;1
 24.89700;12.75000; 3.688151e-002; 97.27004;80.00000;20.00000;0.80447;1
 24.91200;12.80000; 3.679012e-002; 97.27004;80.00000;20.00000;0.80447;1
 24.90000;12.85000; 3.477664e-002; 97.26908;80.00000;20.00000;0.80447;1
 24.91800;12.90000; 3.523437e-002; 97.26715;80.00000;20.00000;0.80447;1
 24.91100;12.95000; 3.514280e-002; 97.26425;80.00000;20.00000;0.80447;1
 24.90400;13.00000; 3.459363e-002; 97.26232;80.00000;20.00000;0.80447;1
 24.93100;13.05000; 3.486841e-002; 97.25943;80.00000;20.00000;0.80446;1
 24.90800;13.10000; 3.495974e-002; 97.25750;80.00000;20.00000;0.80447;1
 24.90600;13.15000; 3.413606e-002; 97.25460;80.00000;20.00000;0.80447;1
 24.90100;13.20000; 3.459361e-002; 97.25267;80.00000;20.00000;0.80447;1
 24.89800;13.25000; 3.340386e-002; 97.25074;80.00000;20.00000;0.80447;1
 24.90900;13.30000; 3.422761e-002; 97.24785;80.00000;20.00000;0.80447;1
 24.90600;13.35000; 3.331240e-002; 97.24592;80.00000;20.00000;0.80447;1
 24.91000;13.40000; 3.322091e-002; 97.24302;80.00000;20.00000;0.80447;1
 24.90600;13.45000; 3.267178e-002; 97.24013;80.00000;20.00000;0.80447;1
 24.88700;13.50000; 3.221405e-002; 97.23530;80.00000;20.00000;0.80447;1
 24.88300;13.55000; 3.322070e-002; 97.23241;80.00000;20.00000;0.80447;1
 24.88700;13.60000; 3.267163e-002; 97.22662;80.00000;20.00000;0.80447;1
 24.89900;13.65000; 3.258021e-002; 97.22276;80.00000;20.00000;0.80447;1
 24.89900;13.70000; 3.166503e-002; 97.21890;80.00000;20.00000;0.80447;1
 24.91700;13.75000; 3.139062e-002; 97.21697;80.00000;20.00000;0.80447;1
 24.91300;13.80000; 3.139059e-002; 97.21697;80.00000;20.00000;0.80447;1
 24.90900;13.85000; 3.193966e-002; 97.21697;80.00000;20.00000;0.80447;1
 24.92000;13.90000; 3.120760e-002; 97.21504;80.00000;20.00000;0.80446;1
 24.89900;13.95000; 3.102441e-002; 97.21311;80.00000;20.00000;0.80447;1
 24.90900;14.00000; 3.065841e-002; 97.21118;80.00000;20.00000;0.80447;1
 24.91800;14.05000; 3.038393e-002; 97.20925;80.00000;20.00000;0.80447;1
 24.90300;14.10000; 3.056685e-002; 97.20732;80.00000;20.00000;0.80447;1
 24.90700;14.15000; 3.029233e-002; 97.20442;80.00000;20.00000;0.80447;1
 24.91300;14.20000; 3.065844e-002; 97.20153;80.00000;20.00000;0.80447;1
 24.89800;14.25000; 2.974316e-002; 97.19477;80.00000;20.00000;0.80447;1
 24.90600;14.30000; 2.937715e-002; 97.18995;80.00000;20.00000;0.80447;1
 24.90400;14.35000; 2.956017e-002; 97.18609;80.00000;20.00000;0.80447;1
 24.90600;14.40000; 2.974322e-002; 97.18609;80.00000;20.00000;0.80447;1
 24.89400;14.45000; 2.919403e-002; 97.18609;80.00000;20.00000;0.80447;1
 24.90100;14.50000; 2.919408e-002; 97.18512;80.00000;20.00000;0.80447;1
 24.90700;14.55000; 2.855349e-002; 97.18512;80.00000;20.00000;0.80447;1
 24.89800;14.60000; 2.928557e-002; 97.18416;80.00000;20.00000;0.80447;1
 24.89800;14.65000; 2.919406e-002; 97.17933;80.00000;20.00000;0.80447;1
 24.88700;14.70000; 2.809577e-002; 97.17161;80.00000;20.00000;0.80447;1
 24.90400;14.75000; 2.827892e-002; 97.16389;80.00000;20.00000;0.80447;1
 24.90700;14.80000; 2.800439e-002; 97.15714;80.00000;20.00000;0.80447;1
 24.90900;14.85000; 2.745530e-002; 97.15424;80.00000;20.00000;0.80447;1
 24.92100;14.90000; 2.772993e-002; 97.15424;80.00000;20.00000;0.80446;1
 24.92400;14.95000; 2.754691e-002; 97.15424;80.00000;20.00000;0.80446;1
 24.90600;15.00000; 2.708921e-002; 97.15328;80.00000;20.00000;0.80447;1
 24.91200;15.05000; 2.718076e-002; 97.15328;80.00000;20.00000;0.80447;1
 24.90600;15.10000; 2.654010e-002; 97.15328;80.00000;20.00000;0.80447;1
 24.91000;15.15000; 2.644861e-002; 97.15328;80.00000;20.00000;0.80447;1
 24.91500;15.20000; 2.681471e-002; 97.15135;80.00000;20.00000;0.80447;1
 24.89900;15.25000; 2.663157e-002; 97.14942;80.00000;20.00000;0.80447;1
 24.89800;15.30000; 2.654005e-002; 97.14845;80.00000;20.00000;0.80447;1
 24.92100;15.35000; 2.708930e-002; 97.14170;80.00000;20.00000;0.80446;1
 24.90700;15.40000; 2.672314e-002; 97.13784;80.00000;20.00000;0.80447;1
 24.91800;15.45000; 2.553348e-002; 97.13591;80.00000;20.00000;0.80447;1
 24.91700;15.50000; 2.553347e-002; 97.13205;80.00000;20.00000;0.80447;1
 24.91700;15.55000; 2.608258e-002; 97.13012;80.00000;20.00000;0.80447;1
 24.92100;15.60000; 2.599109e-002; 97.12722;80.00000;20.00000;0.80446;1
 24.93100;15.65000; 2.663177e-002; 97.12529;80.00000;20.00000;0.80446;1
 24.91800;15.70000; 2.672321e-002; 97.12047;80.00000;20.00000;0.80447;1
 24.92600;15.75000; 2.562504e-002; 97.11757;80.00000;20.00000;0.80446;1
 24.92000;15.80000; 2.635715e-002; 97.10985;80.00000;20.00000;0.80446;1
 24.91600;15.85000; 2.480133e-002; 97.09441;80.00000;20.00000;0.80447;1
 24.92900;15.90000; 2.553355e-002; 97.07994;80.00000;20.00000;0.80446;1
 24.93000;15.95000; 2.535051e-002; 97.07608;80.00000;20.00000;0.80446;1
 24.92700;16.00000; 2.516746e-002; 97.07608;80.00000;20.00000;0.80446;1
 24.94500;16.05000; 2.480150e-002; 97.07511;80.00000;20.00000;0.80446;1
 24.92300;16.10000; 2.562503e-002; 97.07704;80.00000;20.00000;0.80446;1
 24.92700;16.15000; 2.525898e-002; 97.08187;80.00000;20.00000;0.80446;1
 24.93300;16.20000; 2.516750e-002; 97.08187;80.00000;20.00000;0.80446;1
 24.93100;16.25000; 2.416079e-002; 97.08283;80.00000;20.00000;0.80446;1
 24.92800;16.30000; 2.489291e-002; 97.08283;80.00000;20.00000;0.80446;1
 24.93000;16.35000; 2.416078e-002; 97.08090;80.00000;20.00000;0.80446;1
 24.94700;16.40000; 2.370328e-002; 97.07897;80.00000;20.00000;0.80446;1
 24.93100;16.45000; 2.425230e-002; 97.07801;80.00000;20.00000;0.80446;1
 24.94200;16.50000; 2.434389e-002; 97.07511;80.00000;20.00000;0.80446;1
 24.94500;16.55000; 2.443542e-002; 97.07318;80.00000;20.00000;0.80446;1
 24.94700;16.60000; 2.434391e-002; 97.06450;80.00000;20.00000;0.80446;1
 24.96100;16.65000; 2.416096e-002; 97.06064;80.00000;20.00000;0.80446;1
 24.95300;16.70000; 2.406939e-002; 97.05775;80.00000;20.00000;0.80446;1
 24.96800;16.75000; 2.397796e-002; 97.05389;80.00000;20.00000;0.80446;1
 24.96000;16.80000; 2.443551e-002; 97.05003;80.00000;20.00000;0.80446;1
 24.96300;16.85000; 2.434401e-002; 97.04810;80.00000;20.00000;0.80446;1
 24.95600;16.90000; 2.397789e-002; 97.04713;80.00000;20.00000;0.80446;1
 24.98000;16.95000; 2.406954e-002; 97.04713;80.00000;20.00000;0.80445;1
 24.97000;17.00000; 2.443557e-002; 97.04713;80.00000;20.00000;0.80446;1
 24.96900;17.05000; 2.342885e-002; 97.04617;80.00000;20.00000;0.80446;1
 24.94500;17.10000; 2.416087e-002; 97.04424;80.00000;20.00000;0.80446;1
 24.96600;17.15000; 2.443554e-002; 97.04231;80.00000;20.00000;0.80446;1
 24.95400;17.20000; 2.434396e-002; 97.03941;80.00000;20.00000;0.80446;1
 24.96000;17.25000; 2.406943e-002; 97.02976;80.00000;20.00000;0.80446;1
 24.96500;17.30000; 2.452706e-002; 97.02397;80.00000;20.00000;0.80446;1
 24.95700;17.35000; 2.352030e-002; 97.01915;80.00000;20.00000;0.80446;1
 24.95200;17.40000; 2.489306e-002; 97.01529;80.00000;20.00000;0.80446;1
 24.95400;17.45000; 2.370333e-002; 97.01143;80.00000;20.00000;0.80446;1
 24.96100;17.50000; 2.370337e-002; 97.01143;80.00000;20.00000;0.80446;1
 24.95200;17.55000; 2.333724e-002; 97.01143;80.00000;20.00000;0.80446;1
 24.96300;17.60000; 2.379490e-002; 97.01143;80.00000;20.00000;0.80446;1
 24.97800;17.65000; 2.315435e-002; 97.01143;80.00000;20.00000;0.80445;1
 24.96400;17.70000; 2.352034e-002; 97.01239;80.00000;20.00000;0.80446;1
 24.96700;17.75000; 2.388644e-002; 97.01046;80.00000;20.00000;0.80446;1
 24.95300;17.80000; 2.370332e-002; 97.00853;80.00000;20.00000;0.80446;1
 24.97800;17.85000; 2.342890e-002; 97.00564;80.00000;20.00000;0.80445;1
 24.97200;17.90000; 2.306279e-002; 97.00371;80.00000;20.00000;0.80445;1
 24.97500;17.95000; 2.352041e-002; 96.99309;80.00000;20.00000;0.80445;1
 24.98100;18.00000; 2.425259e-002; 96.98730;80.00000;20.00000;0.80445;1
 24.97200;18.05000; 2.269672e-002; 96.98344;80.00000;20.00000;0.80445;1
 24.98200;18.10000; 2.342893e-002; 96.97958;80.00000;20.00000;0.80445;1
 24.97100;18.15000; 2.379494e-002; 96.97669;80.00000;20.00000;0.80446;1
 24.96900;18.20000; 2.287974e-002; 96.97572;80.00000;20.00000;0.80446;1
 24.96500;18.25000; 2.370339e-002; 96.97572;80.00000;20.00000;0.80446;1
 24.96800;18.30000; 2.278822e-002; 96.97283;80.00000;20.00000;0.80446;1
 24.97300;18.35000; 2.315432e-002; 96.96993;80.00000;20.00000;0.80445;1
 24.96300;18.40000; 2.297123e-002; 96.96704;80.00000;20.00000;0.80446;1
 24.96800;18.45000; 2.297125e-002; 96.96414;80.00000;20.00000;0.80446;1
 24.97500;18.50000; 2.287977e-002; 96.96125;80.00000;20.00000;0.80445;1
 24.96900;18.55000; 2.269670e-002; 96.96028;80.00000;20.00000;0.80446;1
 24.96300;18.60000; 2.278819e-002; 96.95739;80.00000;20.00000;0.80446;1
 24.97700;18.65000; 2.297130e-002; 96.94677;80.00000;20.00000;0.80445;1
 24.97200;18.70000; 2.269672e-002; 96.94195;80.00000;20.00000;0.80445;1
 24.97600;18.75000; 2.342889e-002; 96.93712;80.00000;20.00000;0.80445;1
 24.98100;18.80000; 2.379500e-002; 96.93326;80.00000;20.00000;0.80445;1
 24.98500;18.85000; 2.269679e-002; 96.93230;80.00000;20.00000;0.80445;1
 24.98900;18.90000; 2.269681e-002; 96.93230;80.00000;20.00000;0.80445;1
 24.98500;18.95000; 2.342894e-002; 96.93230;80.00000;20.00000;0.80445;1
 24.97900;19.00000; 2.269676e-002; 96.93230;80.00000;20.00000;0.80445;1
 24.99300;19.05000; 2.315443e-002; 96.93230;80.00000;20.00000;0.80445;1
 24.99800;19.10000; 2.260534e-002; 96.93230;80.00000;20.00000;0.80445;1
 25.00000;19.15000; 2.388662e-002; 96.93230;80.00000;20.00000;0.80445;1
 25.00900;19.20000; 2.306300e-002; 96.93133;80.00000;20.00000;0.80445;1
 24.98400;19.25000; 2.324590e-002; 96.92361;80.00000;20.00000;0.80445;1
 24.99200;19.30000; 2.287986e-002; 96.91589;80.00000;20.00000;0.80445;1
 24.98300;19.35000; 2.388653e-002; 96.91300;80.00000;20.00000;0.80445;1
 24.98600;19.40000; 2.306287e-002; 96.91300;80.00000;20.00000;0.80445;1
 24.99000;19.45000; 2.251378e-002; 96.91203;80.00000;20.00000;0.80445;1
 24.97700;19.50000; 2.260523e-002; 96.91010;80.00000;20.00000;0.80445;1
 24.97700;19.55000; 2.324586e-002; 96.90817;80.00000;20.00000;0.80445;1
 25.00400;19.60000; 2.287993e-002; 96.90528;80.00000;20.00000;0.80445;1
 24.99200;19.65000; 2.233075e-002; 96.90335;80.00000;20.00000;0.80445;1
 24.97800;19.70000; 2.205611e-002; 96.90335;80.00000;20.00000;0.80445;1
 24.98300;19.75000; 2.269678e-002; 96.89949;80.00000;20.00000;0.80445;1
 24.97700;19.80000; 2.242218e-002; 96.89466;80.00000;20.00000;0.80445;1
 24.98100;19.85000; 2.242221e-002; 96.89370;80.00000;20.00000;0.80445;1
 24.98900;19.90000; 2.196465e-002; 96.89273;80.00000;20.00000;0.80445;1
 24.97700;19.95000; 2.178155e-002; 96.89080;80.00000;20.00000;0.80445;1
 24.99000;20.00000; 2.205617e-002; 96.88984;80.00000;20.00000;0.80445;1
 24.99600;20.05000; 2.178165e-002; 96.88887;80.00000;20.00000;0.80445;1
 24.97500;20.10000; 2.242218e-002; 96.88308;80.00000;20.00000;0.80445;1
 24.98900;20.15000; 2.086642e-002; 96.87633;80.00000;20.00000;0.80445;1
 24.99300;20.20000; 2.178163e-002; 96.86861;80.00000;20.00000;0.80445;1
 24.97800;20.25000; 2.205612e-002; 96.86475;80.00000;20.00000;0.80445;1
 25.00100;20.30000; 2.178167e-002; 96.86378;80.00000;20.00000;0.80445;1
 24.98800;20.35000; 2.123249e-002; 96.86282;80.00000;20.00000;0.80445;1
 24.98200;20.40000; 2.123246e-002; 96.86282;80.00000;20.00000;0.80445;1
 24.99300;20.45000; 2.141556e-002; 96.86282;80.00000;20.00000;0.80445;1
 24.98500;20.50000; 2.169007e-002; 96.86282;80.00000;20.00000;0.80445;1
 24.98400;20.55000; 2.150703e-002; 96.86282;80.00000;20.00000;0.80445;1
 24.99400;20.60000; 2.104948e-002; 96.86282;80.00000;20.00000;0.80445;1
 24.97900;20.65000; 2.068333e-002; 96.86282;80.00000;20.00000;0.80445;1
 24.98800;20.70000; 2.095793e-002; 96.86185;80.00000;20.00000;0.80445;1
 24.99600;20.75000; 2.059189e-002; 96.86089;80.00000;20.00000;0.80445;1
 24.98200;20.80000; 2.013423e-002; 96.85992;80.00000;20.00000;0.80445;1
 24.99600;20.85000; 2.050037e-002; 96.85896;80.00000;20.00000;0.80445;1
 24.99500;20.90000; 2.040885e-002; 96.85799;80.00000;20.00000;0.80445;1
 24.99100;20.95000; 2.059187e-002; 96.85124;80.00000;20.00000;0.80445;1
 25.00000;21.00000; 2.004280e-002; 96.84931;80.00000;20.00000;0.80445;1
 24.99200;21.05000; 1.995124e-002; 96.84834;80.00000;20.00000;0.80445;1
 24.99800;21.10000; 2.040887e-002; 96.84159;80.00000;20.00000;0.80445;1
 24.97900;21.15000; 2.031725e-002; 96.83676;80.00000;20.00000;0.80445;1
 25.00600;21.20000; 2.050042e-002; 96.83387;80.00000;20.00000;0.80445;1
 24.99400;21.25000; 2.040885e-002; 96.83001;80.00000;20.00000;0.80445;1
 24.97700;21.30000; 2.059180e-002; 96.82808;80.00000;20.00000;0.80445;1
 24.98600;21.35000; 2.022577e-002; 96.82422;80.00000;20.00000;0.80445;1
 24.99900;21.40000; 1.995127e-002; 96.82229;80.00000;20.00000;0.80445;1
 24.99300;21.45000; 2.068340e-002; 96.81939;80.00000;20.00000;0.80445;1
 24.98800;21.50000; 2.050034e-002; 96.81650;80.00000;20.00000;0.80445;1
 24.98600;21.55000; 2.031729e-002; 96.81650;80.00000;20.00000;0.80445;1
 24.98000;21.60000; 2.095789e-002; 96.81457;80.00000;20.00000;0.80445;1
 24.99400;21.65000; 2.050036e-002; 96.81264;80.00000;20.00000;0.80445;1
 24.99200;21.70000; 2.114099e-002; 96.80974;80.00000;20.00000;0.80445;1
 24.99100;21.75000; 1.995123e-002; 96.80781;80.00000;20.00000;0.80445;1
 24.98300;21.80000; 2.031727e-002; 96.80588;80.00000;20.00000;0.80445;1
 24.99800;21.85000; 1.985975e-002; 96.80299;80.00000;20.00000;0.80445;1
 24.99400;21.90000; 2.004277e-002; 96.80106;80.00000;20.00000;0.80445;1
 24.99400;21.95000; 1.995125e-002; 96.79816;80.00000;20.00000;0.80445;1
 25.00400;22.00000; 1.985978e-002; 96.79623;80.00000;20.00000;0.80445;1
 25.00000;22.05000; 1.949368e-002; 96.79334;80.00000;20.00000;0.80445;1
 24.99500;22.10000; 2.013429e-002; 96.79237;80.00000;20.00000;0.80445;1
 24.99200;22.15000; 2.022580e-002; 96.79237;80.00000;20.00000;0.80445;1
 24.99200;22.20000; 2.013428e-002; 96.79141;80.00000;20.00000;0.80445;1
 24.99500;22.25000; 1.995125e-002; 96.79141;80.00000;20.00000;0.80445;1
 25.00200;22.30000; 1.958521e-002; 96.79044;80.00000;20.00000;0.80445;1
 24.99100;22.35000; 2.013427e-002; 96.79044;80.00000;20.00000;0.80445;1
 24.99600;22.40000; 1.976822e-002; 96.79044;80.00000;20.00000;0.80445;1
 24.98700;22.45000; 1.949362e-002; 96.78948;80.00000;20.00000;0.80445;1
 24.99600;22.50000; 1.949366e-002; 96.78948;80.00000;20.00000;0.80445;1
 24.98500;22.55000; 1.921905e-002; 96.78851;80.00000;20.00000;0.80445;1
 25.00900;22.60000; 1.848700e-002; 96.78851;80.00000;20.00000;0.80445;1
 24.99700;22.65000; 1.885303e-002; 96.78755;80.00000;20.00000;0.80445;1
 24.99600;22.70000; 1.839543e-002; 96.78562;80.00000;20.00000;0.80445;1
 24.99600;22.75000; 1.921910e-002; 96.78465;80.00000;20.00000;0.80445;1
 25.00900;22.80000; 1.867004e-002; 96.78272;80.00000;20.00000;0.80445;1
 25.00000;22.85000; 1.857848e-002; 96.78176;80.00000;20.00000;0.80445;1
 25.01600;22.90000; 1.857855e-002; 96.77983;80.00000;20.00000;0.80445;1
 24.98500;22.95000; 1.857842e-002; 96.77886;80.00000;20.00000;0.80445;1
 24.97900;23.00000; 1.812079e-002; 96.77790;80.00000;20.00000;0.80445;1
 24.98100;23.05000; 1.748017e-002; 96.77597;80.00000;20.00000;0.80445;1
 24.99900;23.10000; 1.766328e-002; 96.76825;80.00000;20.00000;0.80445;1
 25.01100;23.15000; 1.757181e-002; 96.76246;80.00000;20.00000;0.80445;1
 25.01300;23.20000; 1.738878e-002; 96.76053;80.00000;20.00000;0.80445;1
 24.99400;23.25000; 1.748022e-002; 96.75763;80.00000;20.00000;0.80445;1
 24.99700;23.30000; 1.766328e-002; 96.75570;80.00000;20.00000;0.80445;1
 24.99400;23.35000; 1.683959e-002; 96.75377;80.00000;20.00000;0.80445;1
 24.98800;23.40000; 1.665652e-002; 96.75184;80.00000;20.00000;0.80445;1
 25.00000;23.45000; 1.693113e-002; 96.74991;80.00000;20.00000;0.80445;1
 24.98400;23.50000; 1.720562e-002; 96.74798;80.00000;20.00000;0.80445;1
 24.99600;23.55000; 1.702263e-002; 96.74605;80.00000;20.00000;0.80445;1
 24.99300;23.60000; 1.647351e-002; 96.74412;80.00000;20.00000;0.80445;1
 25.00200;23.65000; 1.647354e-002; 96.74412;80.00000;20.00000;0.80445;1
 24.98800;23.70000; 1.683956e-002; 96.74412;80.00000;20.00000;0.80445;1
 24.98900;23.75000; 1.638197e-002; 96.74412;80.00000;20.00000;0.80445;1
 24.99100;23.80000; 1.638198e-002; 96.74219;80.00000;20.00000;0.80445;1
 24.99900;23.85000; 1.546681e-002; 96.74123;80.00000;20.00000;0.80445;1
 25.00600;23.90000; 1.610748e-002; 96.73930;80.00000;20.00000;0.80445;1
 24.97700;23.95000; 1.528369e-002; 96.73833;80.00000;20.00000;0.80445;1
 24.99200;24.00000; 1.564983e-002; 96.73640;80.00000;20.00000;0.80445;1
 25.00100;24.05000; 1.555834e-002; 96.73544;80.00000;20.00000;0.80445;1
 25.00900;24.10000; 1.510077e-002; 96.73351;80.00000;20.00000;0.80445;1
 24.99700;24.15000; 1.510073e-002; 96.73254;80.00000;20.00000;0.80445;1
 24.99800;24.20000; 1.500921e-002; 96.73061;80.00000;20.00000;0.80445;1
 24.98600;24.25000; 1.528373e-002; 96.72868;80.00000;20.00000;0.80445;1
 24.99400;24.30000; 1.519223e-002; 96.72579;80.00000;20.00000;0.80445;1
 24.99300;24.35000; 1.528375e-002; 96.72289;80.00000;20.00000;0.80445;1
 24.99500;24.40000; 1.564984e-002; 96.72096;80.00000;20.00000;0.80445;1
 24.98600;24.45000; 1.446005e-002; 96.71903;80.00000;20.00000;0.80445;1
 24.98900;24.50000; 1.482614e-002; 96.71710;80.00000;20.00000;0.80445;1
 24.98500;24.55000; 1.473461e-002; 96.71614;80.00000;20.00000;0.80445;1
 24.99500;24.60000; 1.436856e-002; 96.71421;80.00000;20.00000;0.80445;1
 24.99400;24.65000; 1.409400e-002; 96.71228;80.00000;20.00000;0.80445;1
 24.98100;24.70000; 1.345332e-002; 96.71035;80.00000;20.00000;0.80445;1
 24.98900;24.75000; 1.436854e-002; 96.70938;80.00000;20.00000;0.80445;1
 25.00100;24.80000; 1.436858e-002; 96.70842;80.00000;20.00000;0.80445;1
 24.99600;24.85000; 1.345337e-002; 96.70745;80.00000;20.00000;0.80445;1
 24.99500;24.90000; 1.391096e-002; 96.70649;80.00000;20.00000;0.80445;1
 25.00900;24.95000; 1.345341e-002; 96.70552;80.00000;20.00000;0.80445;1
 24.99600;25.00000; 1.363641e-002; 96.70359;80.00000;20.00000;0.80445;1
 24.99000;25.05000; 1.345335e-002; 96.69973;80.00000;20.00000;0.80445;1
 24.99200;25.10000; 1.354488e-002; 96.69105;80.00000;20.00000;0.80445;1
 24.99800;25.15000; 1.336186e-002; 96.68333;80.00000;20.00000;0.80445;1
 25.00100;25.20000; 1.372795e-002; 96.68043;80.00000;20.00000;0.80445;1
 24.99800;25.25000; 1.308730e-002; 96.68043;80.00000;20.00000;0.80445;1
 24.99500;25.30000; 1.290425e-002; 96.67947;80.00000;20.00000;0.80445;1
 24.99100;25.35000; 1.308728e-002; 96.67754;80.00000;20.00000;0.80445;1
 24.98200;25.40000; 1.281269e-002; 96.67561;80.00000;20.00000;0.80445;1
 24.99800;25.45000; 1.308730e-002; 96.67368;80.00000;20.00000;0.80445;1
 25.00200;25.50000; 1.317883e-002; 96.67175;80.00000;20.00000;0.80445;1
 25.00500;25.55000; 1.281276e-002; 96.66885;80.00000;20.00000;0.80445;1
 24.99000;25.60000; 1.290424e-002; 96.66885;80.00000;20.00000;0.80445;1
 24.98300;25.65000; 1.345333e-002; 96.66885;80.00000;20.00000;0.80445;1
 25.00200;25.70000; 1.290427e-002; 96.66885;80.00000;20.00000;0.80445;1
 24.97400;25.75000; 1.272115e-002; 96.66885;80.00000;20.00000;0.80445;1
 24.99000;25.80000; 1.262968e-002; 96.66885;80.00000;20.00000;0.80445;1
 24.98000;25.85000; 1.327028e-002; 96.66789;80.00000;20.00000;0.80445;1
 25.00200;25.90000; 1.244667e-002; 96.66789;80.00000;20.00000;0.80445;1
 25.00700;25.95000; 1.262973e-002; 96.66789;80.00000;20.00000;0.80445;1
 25.02000;26.00000; 1.262977e-002; 96.66789;80.00000;20.00000;0.80445;1
 24.98900;26.05000; 1.290423e-002; 96.66789;80.00000;20.00000;0.80445;1
 25.00300;26.10000; 1.180604e-002; 96.66692;80.00000;20.00000;0.80445;1
 24.99200;26.15000; 1.345336e-002; 96.66692;80.00000;20.00000;0.80445;1
 24.98500;26.20000; 1.198903e-002; 96.66692;80.00000;20.00000;0.80445;1
 24.99100;26.25000; 1.226360e-002; 96.66692;80.00000;20.00000;0.80445;1
 25.00100;26.30000; 1.198907e-002; 96.66692;80.00000;20.00000;0.80445;1
 25.00800;26.35000; 1.153149e-002; 96.66692;80.00000;20.00000;0.80445;1
 24.99300;26.40000; 1.217209e-002; 96.66596;80.00000;20.00000;0.80445;1
 24.99300;26.45000; 1.272121e-002; 96.67271;80.00000;20.00000;0.80445;1
 25.01000;26.50000; 1.235518e-002; 96.67657;80.00000;20.00000;0.80445;1
 25.01100;26.55000; 1.208062e-002; 96.68140;80.00000;20.00000;0.80445;1
 25.01100;26.60000; 1.235518e-002; 96.68622;80.00000;20.00000;0.80445;1
 24.99900;26.65000; 1.262970e-002; 96.68429;80.00000;20.00000;0.80445;1
 25.01100;26.70000; 1.281278e-002; 96.68236;80.00000;20.00000;0.80445;1
 24.99400;26.75000; 1.308729e-002; 96.68043;80.00000;20.00000;0.80445;1
 24.99800;26.80000; 1.290426e-002; 96.67754;80.00000;20.00000;0.80445;1
 25.00200;26.85000; 1.226364e-002; 96.67464;80.00000;20.00000;0.80445;1
 24.98300;26.90000; 1.262966e-002; 96.67175;80.00000;20.00000;0.80445;1
 24.98800;26.95000; 1.262967e-002; 96.67175;80.00000;20.00000;0.80445;1
 25.00700;27.00000; 1.235517e-002; 96.67175;80.00000;20.00000;0.80445;1
 24.99600;27.05000; 1.235514e-002; 96.67175;80.00000;20.00000;0.80445;1
 24.99700;27.10000; 1.180602e-002; 96.67175;80.00000;20.00000;0.80445;1
 24.98500;27.15000; 1.208055e-002; 96.67175;80.00000;20.00000;0.80445;1
 25.00200;27.20000; 1.226364e-002; 96.67175;80.00000;20.00000;0.80445;1
 24.97900;27.25000; 1.235509e-002; 96.67175;80.00000;20.00000;0.80445;1
 24.98900;27.30000; 1.217208e-002; 96.67175;80.00000;20.00000;0.80445;1
 24.99600;27.35000; 1.272122e-002; 96.67175;80.00000;20.00000;0.80445;1
 24.98200;27.40000; 1.253814e-002; 96.67175;80.00000;20.00000;0.80445;1
 24.99800;27.45000; 1.272122e-002; 96.67271;80.00000;20.00000;0.80445;1
 25.00000;27.50000; 1.189755e-002; 96.67175;80.00000;20.00000;0.80445;1
 24.98300;27.55000; 1.226358e-002; 96.67175;80.00000;20.00000;0.80445;1
 24.96200;27.60000; 1.262960e-002; 96.67175;80.00000;20.00000;0.80446;1
 24.98200;27.65000; 1.253814e-002; 96.67175;80.00000;20.00000;0.80445;1
 24.99000;27.70000; 1.317880e-002; 96.67078;80.00000;20.00000;0.80445;1
 24.98400;27.75000; 1.198903e-002; 96.67078;80.00000;20.00000;0.80445;1
 24.98400;27.80000; 1.244662e-002; 96.67175;80.00000;20.00000;0.80445;1
 24.98700;27.85000; 1.281271e-002; 96.67078;80.00000;20.00000;0.80445;1
 24.98200;27.90000; 1.226358e-002; 96.67078;80.00000;20.00000;0.80445;1
 24.99100;27.95000; 1.244664e-002; 96.66885;80.00000;20.00000;0.80445;1
 24.99300;28.00000; 1.180601e-002; 96.66210;80.00000;20.00000;0.80445;1
 24.98700;28.05000; 1.244663e-002; 96.66017;80.00000;20.00000;0.80445;1
 25.00000;28.10000; 1.308731e-002; 96.65824;80.00000;20.00000;0.80445;1
 25.00200;28.15000; 1.253820e-002; 96.65631;80.00000;20.00000;0.80445;1
 24.99200;28.20000; 1.235513e-002; 96.65438;80.00000;20.00000;0.80445;1
 24.98300;28.25000; 1.244662e-002; 96.64859;80.00000;20.00000;0.80445;1
 24.98800;28.30000; 1.299575e-002; 96.64473;80.00000;20.00000;0.80445;1
 24.98800;28.35000; 1.345335e-002; 96.64183;80.00000;20.00000;0.80445;1
 24.98900;28.40000; 1.272120e-002; 96.63894;80.00000;20.00000;0.80445;1
 24.99300;28.45000; 1.327032e-002; 96.63990;80.00000;20.00000;0.80445;1
 25.00300;28.50000; 1.345340e-002; 96.64376;80.00000;20.00000;0.80445;1
 24.99100;28.55000; 1.345336e-002; 96.64473;80.00000;20.00000;0.80445;1
 24.99600;28.60000; 1.354489e-002; 96.64569;80.00000;20.00000;0.80445;1
 24.99100;28.65000; 1.400247e-002; 96.64666;80.00000;20.00000;0.80445;1
 24.98900;28.70000; 1.299575e-002; 96.64762;80.00000;20.00000;0.80445;1
 24.98800;28.75000; 1.345335e-002; 96.64859;80.00000;20.00000;0.80445;1
 24.98300;28.80000; 1.354485e-002; 96.64955;80.00000;20.00000;0.80445;1
 24.97600;28.85000; 1.336179e-002; 96.64955;80.00000;20.00000;0.80445;1
 24.99600;28.90000; 1.409401e-002; 96.64955;80.00000;20.00000;0.80445;1
 24.98300;28.95000; 1.372789e-002; 96.64955;80.00000;20.00000;0.80445;1
 24.99100;29.00000; 1.372792e-002; 96.64859;80.00000;20.00000;0.80445;1
 24.98200;29.05000; 1.354485e-002; 96.64762;80.00000;20.00000;0.80445;1
 24.98800;29.10000; 1.327031e-002; 96.64666;80.00000;20.00000;0.80445;1
 24.98900;29.15000; 1.299575e-002; 96.64569;80.00000;20.00000;0.80445;1
 24.98600;29.20000; 1.272119e-002; 96.64473;80.00000;20.00000;0.80445;1
 25.01100;29.25000; 1.308734e-002; 96.64183;80.00000;20.00000;0.80445;1
 25.00600;29.30000; 1.272125e-002; 96.64087;80.00000;20.00000;0.80445;1
 24.99200;29.35000; 1.354488e-002; 96.63990;80.00000;20.00000;0.80445;1
 25.00100;29.40000; 1.317883e-002; 96.63894;80.00000;20.00000;0.80445;1
 25.00900;29.45000; 1.290430e-002; 96.63797;80.00000;20.00000;0.80445;1
 25.00200;29.50000; 1.308731e-002; 96.63604;80.00000;20.00000;0.80445;1
 25.02400;29.55000; 1.272130e-002; 96.62832;80.00000;20.00000;0.80445;1
 25.00400;29.60000; 1.327036e-002; 96.62157;80.00000;20.00000;0.80445;1
 25.00100;29.65000; 1.336187e-002; 96.61867;80.00000;20.00000;0.80445;1
 24.99900;29.70000; 1.281274e-002; 96.61674;80.00000;20.00000;0.80445;1
 25.00100;29.75000; 1.354491e-002; 96.61095;80.00000;20.00000;0.80445;1
 25.00900;29.80000; 1.336189e-002; 96.60323;80.00000;20.00000;0.80445;1
 25.00300;29.85000; 1.372795e-002; 96.59841;80.00000;20.00000;0.80445;1
 25.00600;29.90000; 1.336188e-002; 96.59455;80.00000;20.00000;0.80445;1
 25.00700;29.95000; 1.372797e-002; 96.59165;80.00000;20.00000;0.80445;1
 25.01200;29.99583; 1.327038e-002; 96.59165;80.00000;20.00000;0.80445;1
 25.00800;30.00083; 1.336189e-002; 96.58876;80.00000;20.00000;0.80445;2
 25.01200;30.00583; 1.327038e-002; 96.58876;80.00000;20.00000;0.80445;2
 25.01500;30.01083; 1.327039e-002; 96.58876;80.00000;20.00000;0.80445;2
 25.00600;30.01583; 1.363644e-002; 96.58779;80.00000;20.00000;0.80445;2
 25.01300;30.02083; 1.381951e-002; 96.58779;80.00000;20.00000;0.80445;2
 25.00600;30.02583; 1.372796e-002; 96.58779;80.00000;20.00000;0.80445;2
 24.99900;30.03083; 1.336186e-002; 96.58779;80.00000;20.00000;0.80445;2
 25.00100;30.03583; 1.299579e-002; 96.58779;80.00000;20.00000;0.80445;2
 25.00700;30.04083; 1.290429e-002; 96.58779;80.00000;20.00000;0.80445;2
 25.00800;30.04583; 1.290429e-002; 96.58683;80.00000;20.00000;0.80445;2
 25.00400;30.05083; 1.281276e-002; 96.58683;80.00000;20.00000;0.80445;2
 24.99800;30.05583; 1.272122e-002; 96.58683;80.00000;20.00000;0.80445;2
 25.01200;30.06083; 1.290430e-002; 96.58586;80.00000;20.00000;0.80445;2
 25.00400;30.06583; 1.290428e-002; 96.58586;80.00000;20.00000;0.80445;2
 25.00800;30.07083; 1.299581e-002; 96.58490;80.00000;20.00000;0.80445;2
 25.00700;30.07583; 1.290429e-002; 96.58393;80.00000;20.00000;0.80445;2
 25.00700;30.08083; 1.281277e-002; 96.58297;80.00000;20.00000;0.80445;2
 25.00400;30.08583; 1.281276e-002; 96.58200;80.00000;20.00000;0.80445;2
 25.01900;30.09083; 1.272129e-002; 96.58104;80.00000;20.00000;0.80445;2
 25.01000;30.09583; 1.290430e-002; 96.58104;80.00000;20.00000;0.80445;2
 25.01500;30.10083; 1.290431e-002; 96.58007;80.00000;20.00000;0.80445;2
 24.99900;30.10583; 1.281274e-002; 96.58007;80.00000;20.00000;0.80445;2
 25.01200;30.11083; 1.281278e-002; 96.57911;80.00000;20.00000;0.80445;2
 24.99300;30.11583; 1.272121e-002; 96.57814;80.00000;20.00000;0.80445;2
 24.99700;30.12083; 1.290426e-002; 96.57814;80.00000;20.00000;0.80445;2
 25.02100;30.12583; 1.290433e-002; 96.57718;80.00000;20.00000;0.80445;2
 25.01500;30.13083; 1.272127e-002; 96.57718;80.00000;20.00000;0.80445;2
 25.00400;30.13583; 1.253820e-002; 96.57718;80.00000;20.00000;0.80445;2
 25.00800;30.14083; 1.253821e-002; 96.57621;80.00000;20.00000;0.80445;2
 25.01300;30.14583; 1.281279e-002; 96.57621;80.00000;20.00000;0.80445;2
 25.02200;30.15083; 1.299585e-002; 96.57525;80.00000;20.00000;0.80445;2
 25.01000;30.15583; 1.327038e-002; 96.57525;80.00000;20.00000;0.80445;2
 25.01000;30.16083; 1.345342e-002; 96.57428;80.00000;20.00000;0.80445;2
 25.01300;30.16583; 1.336191e-002; 96.57428;80.00000;20.00000;0.80445;2
 25.02400;30.17083; 1.317890e-002; 96.57428;80.00000;20.00000;0.80445;2
 25.00800;30.17583; 1.253821e-002; 96.57332;80.00000;20.00000;0.80445;2
 25.02500;30.18083; 1.217218e-002; 96.57332;80.00000;20.00000;0.80444;2
 25.02200;30.18583; 1.198913e-002; 96.57332;80.00000;20.00000;0.80445;2
 25.01800;30.19083; 1.198912e-002; 96.57235;80.00000;20.00000;0.80445;2
 25.01900;30.19583; 1.226369e-002; 96.57235;80.00000;20.00000;0.80445;2
 25.03200;30.20083; 1.217220e-002; 96.57139;80.00000;20.00000;0.80444;2
 25.03300;30.20583; 1.217221e-002; 96.57139;80.00000;20.00000;0.80444;2
 25.03000;30.21083; 1.198916e-002; 96.57139;80.00000;20.00000;0.80444;2
 25.03000;30.21583; 1.189764e-002; 96.57042;80.00000;20.00000;0.80444;2
 25.03600;30.22083; 1.189765e-002; 96.57042;80.00000;20.00000;0.80444;2
 25.03000;30.22583; 1.180611e-002; 96.57042;80.00000;20.00000;0.80444;2
 25.02700;30.23083; 1.180611e-002; 96.56946;80.00000;20.00000;0.80444;2
 25.03000;30.23583; 1.198916e-002; 96.56946;80.00000;20.00000;0.80444;2
 25.03900;30.24083; 1.198918e-002; 96.56850;80.00000;20.00000;0.80444;2
 25.03200;30.24583; 1.208068e-002; 96.56850;80.00000;20.00000;0.80444;2
 25.04900;30.25083; 1.189769e-002; 96.56850;80.00000;20.00000;0.80444;2
 25.04400;30.25583; 1.171463e-002; 96.56753;80.00000;20.00000;0.80444;2
 25.04100;30.26083; 1.189767e-002; 96.56753;80.00000;20.00000;0.80444;2
 25.04700;30.26583; 1.208072e-002; 96.56753;80.00000;20.00000;0.80444;2
 25.05300;30.27083; 1.180618e-002; 96.56657;80.00000;20.00000;0.80444;2
 25.03700;30.27583; 1.153157e-002; 96.56657;80.00000;20.00000;0.80444;2
 25.06800;30.28083; 1.180622e-002; 96.56560;80.00000;20.00000;0.80444;2
 25.05800;30.28583; 1.171467e-002; 96.56560;80.00000;20.00000;0.80444;2
 25.06500;30.29083; 1.144013e-002; 96.56657;80.00000;20.00000;0.80444;2
 25.06700;30.29583; 1.134861e-002; 96.56657;80.00000;20.00000;0.80444;2
 25.07300;30.30083; 1.107407e-002; 96.56657;80.00000;20.00000;0.80444;2
 25.05900;30.30583; 1.089099e-002; 96.56657;80.00000;20.00000;0.80444;2
 25.07600;30.31083; 1.043343e-002; 96.56560;80.00000;20.00000;0.80444;2
 25.08400;30.31583; 1.025040e-002; 96.56560;80.00000;20.00000;0.80443;2
 25.08400;30.32083; 1.025040e-002; 96.56657;80.00000;20.00000;0.80443;2
 25.08100;30.32583; 1.034192e-002; 96.56753;80.00000;20.00000;0.80443;2
 25.08400;30.33083; 1.006736e-002; 96.56850;80.00000;20.00000;0.80443;2
 25.09900;30.33583; 9.792829e-003; 96.56946;80.00000;20.00000;0.80443;2
 25.09400;30.34083; 9.152167e-003; 96.57139;80.00000;20.00000;0.80443;2
 25.10300;30.34583; 8.694577e-003; 96.57332;80.00000;20.00000;0.80443;2
 25.10700;30.35083; 8.420017e-003; 96.57428;80.00000;20.00000;0.80443;2
 25.11000;30.35583; 8.420023e-003; 96.57525;80.00000;20.00000;0.80443;2
 25.10500;30.36083; 8.420014e-003; 96.57621;80.00000;20.00000;0.80443;2
 25.11600;30.36583; 8.145469e-003; 96.57718;80.00000;20.00000;0.80443;2
 25.12300;30.37083; 7.870916e-003; 96.57525;80.00000;20.00000;0.80443;2
 25.13700;30.37583; 7.687896e-003; 96.57525;80.00000;20.00000;0.80442;2
 25.14000;30.38083; 7.321812e-003; 96.57428;80.00000;20.00000;0.80442;2
 25.12800;30.38583; 7.321790e-003; 96.57235;80.00000;20.00000;0.80443;2
 25.14000;30.39083; 7.321812e-003; 96.57139;80.00000;20.00000;0.80442;2
 25.14600;30.39583; 7.230299e-003; 96.57042;80.00000;20.00000;0.80442;2
 25.15700;30.40083; 6.955749e-003; 96.56850;80.00000;20.00000;0.80442;2
 25.16600;30.40583; 6.589671e-003; 96.56753;80.00000;20.00000;0.80442;2
 25.16900;30.41083; 6.040536e-003; 96.56753;80.00000;20.00000;0.80442;2
 25.17400;30.41583; 5.857497e-003; 96.56560;80.00000;20.00000;0.80442;2
 25.17600;30.42083; 5.399883e-003; 96.56464;80.00000;20.00000;0.80442;2
 25.19400;30.42583; 4.759239e-003; 96.56464;80.00000;20.00000;0.80441;2
 25.20300;30.43083; 4.301629e-003; 96.56271;80.00000;20.00000;0.80441;2
 25.19700;30.43583; 3.935528e-003; 96.56367;80.00000;20.00000;0.80441;2
 25.21500;30.44083; 3.844020e-003; 96.56174;80.00000;20.00000;0.80441;2
 25.21000;30.44583; 3.752491e-003; 96.56174;80.00000;20.00000;0.80441;2
 25.23000;30.45083; 3.386411e-003; 96.56271;80.00000;20.00000;0.80441;2
 25.23400;30.45583; 2.837264e-003; 96.54534;80.00000;20.00000;0.80441;2
 25.24400;30.46083; 2.379647e-003; 96.54630;80.00000;20.00000;0.80440;2
 25.25500;30.46583; 2.196603e-003; 96.54823;80.00000;20.00000;0.80440;2
 25.25300;30.47083; 1.922026e-003; 96.54823;80.00000;20.00000;0.80440;2
 25.26300;30.47583; 1.738980e-003; 96.54920;80.00000;20.00000;0.80440;2
 25.26400;30.48083; 1.647455e-003; 96.54727;80.00000;20.00000;0.80440;2
 25.29600;30.48583; 1.098312e-003; 96.55402;80.00000;20.00000;0.80439;2
 25.29000;30.49083; 7.322070e-004; 96.55209;80.00000;20.00000;0.80439;2
 25.31800;30.49583; 9.152647e-005; 96.55113;80.00000;20.00000;0.80439;2
 25.32100;30.50083;-5.491592e-004; 96.56174;80.00000;20.00000;0.80439;2
 25.33400;30.50583;-8.237414e-004; 96.56078;80.00000;20.00000;0.80439;2
 25.33900;30.51083;-1.189850e-003; 96.55692;80.00000;20.00000;0.80439;2
 25.36200;30.51583;-2.105131e-003; 96.55402;80.00000;20.00000;0.80438;2
 25.36700;30.52083;-2.745827e-003; 96.55499;80.00000;20.00000;0.80438;2
 25.38400;30.52583;-3.478061e-003; 96.55885;80.00000;20.00000;0.80438;2
 25.39300;30.53083;-4.301822e-003; 96.56464;80.00000;20.00000;0.80437;2
 25.40900;30.53583;-5.125594e-003; 96.56560;80.00000;20.00000;0.80437;2
 25.42000;30.54083;-5.674780e-003; 96.56464;80.00000;20.00000;0.80437;2
 25.44800;30.54583;-6.223994e-003; 96.56271;80.00000;20.00000;0.80436;2
 25.45100;30.55083;-6.315527e-003; 96.55788;80.00000;20.00000;0.80436;2
 25.45800;30.55583;-6.956244e-003; 96.55595;80.00000;20.00000;0.80436;2
 25.46100;30.56083;-7.230838e-003; 96.55788;80.00000;20.00000;0.80436;2
 25.47900;30.56583;-7.688519e-003; 96.55788;80.00000;20.00000;0.80436;2
 25.51000;30.57083;-8.420821e-003; 96.55209;80.00000;20.00000;0.80435;2
 25.52500;30.57583;-9.519222e-003; 96.55016;80.00000;20.00000;0.80435;2
 25.54100;30.58083;-1.025151e-002; 96.55113;80.00000;20.00000;0.80435;2
 25.54400;30.58583;-1.098377e-002; 96.55209;80.00000;20.00000;0.80435;2
 25.57900;30.59083;-1.189918e-002; 96.55499;80.00000;20.00000;0.80434;2
 25.58700;30.59583;-1.263146e-002; 96.55402;80.00000;20.00000;0.80434;2
 25.60400;30.60083;-1.354684e-002; 96.55209;80.00000;20.00000;0.80433;2
 25.61600;30.60583;-1.437067e-002; 96.55306;80.00000;20.00000;0.80433;2
 25.62800;30.61083;-1.510298e-002; 96.55209;80.00000;20.00000;0.80433;2
 25.64400;30.61583;-1.574377e-002; 96.55016;80.00000;20.00000;0.80433;2
 25.68100;30.62083;-1.656772e-002; 96.55402;80.00000;20.00000;0.80432;2
 25.68300;30.62583;-1.730000e-002; 96.55981;80.00000;20.00000;0.80432;2
 25.70100;30.63083;-1.794082e-002; 96.55885;80.00000;20.00000;0.80432;2
 25.72700;30.63583;-1.867321e-002; 96.55595;80.00000;20.00000;0.80431;2
 25.73800;30.64083;-1.977169e-002; 96.55595;80.00000;20.00000;0.80431;2
 25.75300;30.64583;-2.013791e-002; 96.55788;80.00000;20.00000;0.80431;2
 25.78800;30.65083;-2.032115e-002; 96.55692;80.00000;20.00000;0.80430;2
 25.79600;30.65583;-2.105348e-002; 96.56271;80.00000;20.00000;0.80430;2
 25.82000;30.66083;-2.315896e-002; 96.56271;80.00000;20.00000;0.80429;2
 25.84700;30.66583;-2.526448e-002; 96.55595;80.00000;20.00000;0.80429;2
 25.87100;30.67083;-2.590540e-002; 96.55595;80.00000;20.00000;0.80428;2
 25.90800;30.67583;-2.636332e-002; 96.55981;80.00000;20.00000;0.80428;2
 25.92300;30.68083;-2.691265e-002; 96.55402;80.00000;20.00000;0.80427;2
 25.94900;30.68583;-2.782822e-002; 96.55692;80.00000;20.00000;0.80427;2
 25.97300;30.69083;-2.901841e-002; 96.56367;80.00000;20.00000;0.80426;2
 25.99600;30.69583;-3.020860e-002; 96.55885;80.00000;20.00000;0.80426;2
 26.00000;30.70083;-3.158175e-002; 96.56078;80.00000;20.00000;0.80426;2
 26.03400;30.70583;-3.295514e-002; 96.56078;80.00000;20.00000;0.80425;2
 26.06900;30.71083;-3.423701e-002; 96.56174;80.00000;20.00000;0.80425;2
 26.08900;30.71583;-3.542724e-002; 96.56464;80.00000;20.00000;0.80424;2
 26.10400;30.72083;-3.615971e-002; 96.56850;80.00000;20.00000;0.80424;2
 26.12900;30.72583;-3.716691e-002; 96.57525;80.00000;20.00000;0.80423;2
 26.15800;30.73083;-3.835725e-002; 96.57235;80.00000;20.00000;0.80423;2
 26.18700;30.73583;-3.963914e-002; 96.56271;80.00000;20.00000;0.80422;2
 26.21600;30.74083;-4.101261e-002; 96.56560;80.00000;20.00000;0.80422;2
 26.24000;30.74583;-4.229450e-002; 96.56850;80.00000;20.00000;0.80421;2
 26.26900;30.75083;-4.348490e-002; 96.56850;80.00000;20.00000;0.80421;2
 26.30100;30.75583;-4.485845e-002; 96.56560;80.00000;20.00000;0.80420;2
 26.32700;30.76083;-4.632350e-002; 96.56271;80.00000;20.00000;0.80420;2
 26.34200;30.76583;-4.778845e-002; 96.56078;80.00000;20.00000;0.80419;2
 26.38400;30.77083;-4.916217e-002; 96.56464;80.00000;20.00000;0.80419;2
 26.41600;30.77583;-5.090200e-002; 96.56367;80.00000;20.00000;0.80418;2
 26.44300;30.78083;-5.255025e-002; 96.56174;80.00000;20.00000;0.80417;2
 26.46400;30.78583;-5.383223e-002; 96.56174;80.00000;20.00000;0.80417;2
 26.49600;30.79083;-5.529748e-002; 96.56271;80.00000;20.00000;0.80416;2
 26.53300;30.79583;-5.676281e-002; 96.55981;80.00000;20.00000;0.80416;2
 26.55700;30.80083;-5.822799e-002; 96.55402;80.00000;20.00000;0.80415;2
 26.58000;30.80583;-5.978473e-002; 96.55499;80.00000;20.00000;0.80415;2
 26.63000;30.81083;-6.152498e-002; 96.55692;80.00000;20.00000;0.80414;2
 26.65900;30.81583;-6.363119e-002; 96.55499;80.00000;20.00000;0.80413;2
 26.70200;30.82083;-6.555453e-002; 96.55306;80.00000;20.00000;0.80412;2
 26.73700;30.82583;-6.711155e-002; 96.54341;80.00000;20.00000;0.80412;2
 26.76600;30.83083;-6.848539e-002; 96.53472;80.00000;20.00000;0.80411;2
 26.80200;30.83583;-6.949313e-002; 96.53086;80.00000;20.00000;0.80411;2
 26.84300;30.84083;-7.114188e-002; 96.52314;80.00000;20.00000;0.80410;2
 26.87100;30.84583;-7.315668e-002; 96.52507;80.00000;20.00000;0.80409;2
 26.90000;30.85083;-7.489684e-002; 96.51542;80.00000;20.00000;0.80409;2
 26.93000;30.85583;-7.636237e-002; 96.49709;80.00000;20.00000;0.80408;2
 26.99100;30.86083;-7.810318e-002; 96.49805;80.00000;20.00000;0.80407;2
 27.00900;30.86583;-7.966009e-002; 96.48744;80.00000;20.00000;0.80407;2
 27.04700;30.87083;-8.121740e-002; 96.48551;80.00000;20.00000;0.80406;2
 27.09400;30.87583;-8.304962e-002; 96.47972;80.00000;20.00000;0.80405;2
 27.11800;30.88083;-8.460672e-002; 96.47103;80.00000;20.00000;0.80404;2
 27.17100;30.88583;-8.616442e-002; 96.46331;80.00000;20.00000;0.80403;2
 27.20600;30.89083;-8.863748e-002; 96.46524;80.00000;20.00000;0.80403;2
 27.25000;30.89583;-9.056134e-002; 96.46331;80.00000;20.00000;0.80402;2
 27.28700;30.90083;-9.239354e-002; 96.45849;80.00000;20.00000;0.80401;2
 27.32200;30.90583;-9.395101e-002; 96.45077;80.00000;20.00000;0.80401;2
 27.37600;30.91083;-9.569208e-002; 96.44980;80.00000;20.00000;0.80400;2
 27.41800;30.91583;-9.770762e-002; 96.44980;80.00000;20.00000;0.80399;2
 27.44800;30.92083;-9.963136e-002; 96.45077;80.00000;20.00000;0.80398;2
 27.50200;30.92583;      -0.10174; 96.44594;80.00000;20.00000;0.80397;2
 27.54300;30.93083;      -0.10385; 96.44787;80.00000;20.00000;0.80396;2
 27.57700;30.93583;      -0.10577; 96.44980;80.00000;20.00000;0.80396;2
 27.62800;30.94083;      -0.10742; 96.45463;80.00000;20.00000;0.80395;2
 27.66300;30.94583;      -0.10925; 96.45559;80.00000;20.00000;0.80394;2
 27.72500;30.95083;      -0.11063; 96.44401;80.00000;20.00000;0.80393;2
 27.77100;30.95583;      -0.11264; 96.45173;80.00000;20.00000;0.80392;2
 27.81300;30.96083;      -0.11457; 96.45559;80.00000;20.00000;0.80391;2
 27.84800;30.96583;      -0.11677; 96.45752;80.00000;20.00000;0.80390;2
 27.90000;30.97083;      -0.11887; 96.45656;80.00000;20.00000;0.80389;2
 27.94500;30.97583;      -0.12089; 96.45945;80.00000;20.00000;0.80389;2
 27.99600;30.98083;      -0.12309; 96.45945;80.00000;20.00000;0.80388;2
 28.03000;30.98583;      -0.12511; 96.45559;80.00000;20.00000;0.80387;2
 28.06600;30.99083;      -0.12703; 96.46138;80.00000;20.00000;0.80386;2
 28.11400;30.99583;      -0.12941; 96.46428;80.00000;20.00000;0.80385;2
 28.17400;31.00083;      -0.13143; 96.46621;80.00000;20.00000;0.80384;2
 28.23000;31.00583;      -0.13381; 96.47103;80.00000;20.00000;0.80383;2
 28.26900;31.01083;      -0.13592; 96.46524;80.00000;20.00000;0.80382;2
 28.32200;31.01583;      -0.13785; 96.46910;80.00000;20.00000;0.80381;2
 28.37500;31.02083;      -0.14005; 96.47393;80.00000;20.00000;0.80380;2
 28.40100;31.02583;      -0.14206; 96.47296;80.00000;20.00000;0.80380;2
 28.48100;31.03083;      -0.14390; 96.47200;80.00000;20.00000;0.80378;2
 28.51600;31.03583;      -0.14600; 96.47393;80.00000;20.00000;0.80377;2
 28.56500;31.04083;      -0.14802; 96.47586;80.00000;20.00000;0.80377;2
 28.63800;31.04583;      -0.15013; 96.48068;80.00000;20.00000;0.80375;2
 28.68500;31.05083;      -0.15178; 96.47489;80.00000;20.00000;0.80374;2
 28.73600;31.05583;      -0.15444; 96.47875;80.00000;20.00000;0.80373;2
 28.78700;31.06083;      -0.15692; 96.47875;80.00000;20.00000;0.80372;2
 28.84900;31.06583;      -0.15866; 96.47489;80.00000;20.00000;0.80371;2
 28.89600;31.07083;      -0.16040; 96.48068;80.00000;20.00000;0.80370;2
 28.93500;31.07583;      -0.16214; 96.48358;80.00000;20.00000;0.80369;2
 28.99700;31.08083;      -0.16425; 96.48358;80.00000;20.00000;0.80368;2
 29.05100;31.08583;      -0.16627; 96.48165;80.00000;20.00000;0.80367;2
 29.11600;31.09083;      -0.16783; 96.48165;80.00000;20.00000;0.80366;2
 29.16500;31.09583;      -0.16948; 96.48358;80.00000;20.00000;0.80365;2
 29.22300;31.10083;      -0.17150; 96.48551;80.00000;20.00000;0.80364;2
 29.27800;31.10583;      -0.17361; 96.49033;80.00000;20.00000;0.80363;2
 29.34900;31.11083;      -0.17608; 96.48454;80.00000;20.00000;0.80361;2
 29.38800;31.11583;      -0.17883; 96.48358;80.00000;20.00000;0.80361;2
 29.44800;31.12083;      -0.18067; 96.48358;80.00000;20.00000;0.80359;2
 29.50500;31.12583;      -0.18269; 96.48744;80.00000;20.00000;0.80358;2
 29.56100;31.13083;      -0.18498; 96.48744;80.00000;20.00000;0.80357;2
 29.61700;31.13583;      -0.18718; 96.48358;80.00000;20.00000;0.80356;2
 29.67300;31.14083;      -0.18920; 96.48358;80.00000;20.00000;0.80355;2
 29.73400;31.14583;      -0.19131; 96.49323;80.00000;20.00000;0.80354;2
 29.80600;31.15083;      -0.19342; 96.50481;80.00000;20.00000;0.80352;2
 29.85300;31.15583;      -0.19452; 96.50288;80.00000;20.00000;0.80351;2
 29.92400;31.16083;      -0.19590; 96.49419;80.00000;20.00000;0.80350;2
 29.98100;31.16583;      -0.19865; 96.49323;80.00000;20.00000;0.80349;2
 30.04900;31.17083;      -0.20131; 96.49998;80.00000;20.00000;0.80348;2
 30.09500;31.17583;      -0.20351; 96.50095;80.00000;20.00000;0.80347;2
 30.15500;31.18083;      -0.20434; 96.49612;80.00000;20.00000;0.80346;2
 30.22700;31.18583;      -0.20645; 96.50191;80.00000;20.00000;0.80344;2
 30.29500;31.19083;      -0.20829; 96.49902;80.00000;20.00000;0.80343;2
 30.36100;31.19583;      -0.20994; 96.50191;80.00000;20.00000;0.80342;2
 30.42300;31.20083;      -0.21159; 96.50384;80.00000;20.00000;0.80340;2
 30.46800;31.20583;      -0.21361; 96.50288;80.00000;20.00000;0.80339;2
 30.54100;31.21083;      -0.21554; 96.50288;80.00000;20.00000;0.80338;2
 30.60800;31.21583;      -0.21719; 96.50095;80.00000;20.00000;0.80337;2
 30.66900;31.22083;      -0.21921; 96.50481;80.00000;20.00000;0.80335;2
 30.74500;31.22583;      -0.22105; 96.51156;80.00000;20.00000;0.80334;2
 30.81300;31.23083;      -0.22270; 96.51253;80.00000;20.00000;0.80333;2
 30.87300;31.23583;      -0.22463; 96.50577;80.00000;20.00000;0.80331;2
 30.92700;31.24083;      -0.22656; 96.49998;80.00000;20.00000;0.80330;2
 30.98700;31.24583;      -0.22830; 96.50191;80.00000;20.00000;0.80329;2
 31.05700;31.25083;      -0.23014; 96.50288;80.00000;20.00000;0.80328;2
 31.11400;31.25583;      -0.23198; 96.50577;80.00000;20.00000;0.80327;2
 31.18000;31.26083;      -0.23363; 96.51060;80.00000;20.00000;0.80325;2
 31.24800;31.26583;      -0.23501; 96.50674;80.00000;20.00000;0.80324;2
 31.32400;31.27083;      -0.23648; 96.49516;80.00000;20.00000;0.80323;2
 31.38500;31.27583;      -0.23786; 96.49612;80.00000;20.00000;0.80321;2
 31.45000;31.28083;      -0.23896; 96.50288;80.00000;20.00000;0.80320;2
 31.52000;31.28583;      -0.23970; 96.50481;80.00000;20.00000;0.80319;2
 31.59200;31.29083;      -0.24090; 96.49516;80.00000;20.00000;0.80317;2
 31.66700;31.29583;      -0.24310; 96.49323;80.00000;20.00000;0.80316;2
 31.71700;31.30083;      -0.24503; 96.48840;80.00000;20.00000;0.80315;2
 31.79800;31.30583;      -0.24650; 96.49323;80.00000;20.00000;0.80313;2
 31.84800;31.31083;      -0.24751; 96.50384;80.00000;20.00000;0.80312;2
 31.93100;31.31583;      -0.24843; 96.49805;80.00000;20.00000;0.80311;2
 32.00100;31.32083;      -0.24908; 96.49033;80.00000;20.00000;0.80309;2
 32.05400;31.32583;      -0.25082; 96.49226;80.00000;20.00000;0.80308;2
 32.13600;31.33083;      -0.25248; 96.49226;80.00000;20.00000;0.80307;2
 32.20200;31.33583;      -0.25368; 96.48937;80.00000;20.00000;0.80305;2
 32.29300;31.34083;      -0.25506; 96.49709;80.00000;20.00000;0.80303;2
 32.34300;31.34583;      -0.25634; 96.50095;80.00000;20.00000;0.80302;2
 32.41800;31.35083;      -0.25745; 96.48937;80.00000;20.00000;0.80301;2
 32.48100;31.35583;      -0.25819; 96.48358;80.00000;20.00000;0.80300;2
 32.54600;31.36083;      -0.25966; 96.49226;80.00000;20.00000;0.80298;2
 32.63000;31.36583;      -0.26113; 96.49902;80.00000;20.00000;0.80297;2
 32.69700;31.37083;      -0.26233; 96.48647;80.00000;20.00000;0.80295;2
 32.76400;31.37583;      -0.26370; 96.48358;80.00000;20.00000;0.80294;2
 32.83100;31.38083;      -0.26490; 96.48261;80.00000;20.00000;0.80293;2
 32.89700;31.38583;      -0.26601; 96.47586;80.00000;20.00000;0.80291;2
 32.96700;31.39083;      -0.26665; 96.47972;80.00000;20.00000;0.80290;2
 33.04200;31.39583;      -0.26721; 96.49033;80.00000;20.00000;0.80289;2
 33.08400;31.40083;      -0.26794; 96.48744;80.00000;20.00000;0.80288;2
 33.18100;31.40583;      -0.26887; 96.47489;80.00000;20.00000;0.80286;2
 33.25500;31.41083;      -0.26970; 96.47489;80.00000;20.00000;0.80284;2
 33.31200;31.41583;      -0.27053; 96.48358;80.00000;20.00000;0.80283;2
 33.40400;31.42083;      -0.27163; 96.49130;80.00000;20.00000;0.80281;2
 33.47700;31.42583;      -0.27246; 96.49226;80.00000;20.00000;0.80280;2
 33.55100;31.43083;      -0.27320; 96.47586;80.00000;20.00000;0.80278;2
 33.61500;31.43583;      -0.27376; 96.47972;80.00000;20.00000;0.80277;2
 33.68000;31.44083;      -0.27422; 96.49419;80.00000;20.00000;0.80276;2
 33.74900;31.44583;      -0.27450; 96.48647;80.00000;20.00000;0.80274;2
 33.83100;31.45083;      -0.27515; 96.46910;80.00000;20.00000;0.80273;2
 33.90400;31.45583;      -0.27570; 96.46428;80.00000;20.00000;0.80271;2
 33.99200;31.46083;      -0.27644; 96.47103;80.00000;20.00000;0.80270;2
 34.04100;31.46583;      -0.27709; 96.47489;80.00000;20.00000;0.80269;2
 34.11300;31.47083;      -0.27774; 96.47489;80.00000;20.00000;0.80267;2
 34.19500;31.47583;      -0.27811; 96.46524;80.00000;20.00000;0.80266;2
 34.28100;31.48083;      -0.27857; 96.46042;80.00000;20.00000;0.80264;2
 34.34500;31.48583;      -0.27931; 96.46428;80.00000;20.00000;0.80263;2
 34.42100;31.49083;      -0.27959; 96.46331;80.00000;20.00000;0.80261;2
 34.49000;31.49583;      -0.27960; 96.46138;80.00000;20.00000;0.80260;2
 34.56600;31.50083;      -0.27997; 96.45945;80.00000;20.00000;0.80258;2
 34.62900;31.50583;      -0.28016; 96.45270;80.00000;20.00000;0.80257;2
 34.69300;31.51083;      -0.28007; 96.45270;80.00000;20.00000;0.80256;2
 34.78800;31.51583;      -0.28053; 96.45656;80.00000;20.00000;0.80254;2
 34.85600;31.52083;      -0.28091; 96.45270;80.00000;20.00000;0.80252;2
 34.93700;31.52583;      -0.28119; 96.44594;80.00000;20.00000;0.80251;2
 35.00500;31.53083;      -0.28220; 96.43919;80.00000;20.00000;0.80249;2
 35.07900;31.53583;      -0.28266; 96.44112;80.00000;20.00000;0.80248;2
 35.13400;31.54083;      -0.28267; 96.45366;80.00000;20.00000;0.80247;2
 35.22500;31.54583;      -0.28267; 96.45849;80.00000;20.00000;0.80245;2
 35.27600;31.55083;      -0.28314; 96.45077;80.00000;20.00000;0.80244;2
 35.35300;31.55583;      -0.28241; 96.44015;80.00000;20.00000;0.80242;2
 35.43500;31.56083;      -0.28214; 96.43436;80.00000;20.00000;0.80241;2
 35.51900;31.56583;      -0.28233; 96.43533;80.00000;20.00000;0.80239;2
 35.58200;31.57083;      -0.28252; 96.44208;80.00000;20.00000;0.80238;2
 35.66600;31.57583;      -0.28243; 96.44594;80.00000;20.00000;0.80236;2
 35.73600;31.58083;      -0.28253; 96.44498;80.00000;20.00000;0.80235;2
 35.81000;31.58583;      -0.28272; 96.43919;80.00000;20.00000;0.80233;2
 35.88400;31.59083;      -0.28254; 96.43436;80.00000;20.00000;0.80232;2
 35.96800;31.59583;      -0.28254; 96.43533;80.00000;20.00000;0.80230;2
 36.03400;31.60083;      -0.28282; 96.43533;80.00000;20.00000;0.80229;2
 36.12000;31.60583;      -0.28265; 96.43533;80.00000;20.00000;0.80227;2
 36.18600;31.61083;      -0.28274; 96.44112;80.00000;20.00000;0.80225;2
 36.26600;31.61583;      -0.28220; 96.44594;80.00000;20.00000;0.80224;2
 36.33600;31.62083;      -0.28174; 96.44498;80.00000;20.00000;0.80222;2
 36.42300;31.62583;      -0.28120; 96.44498;80.00000;20.00000;0.80221;2
 36.47500;31.63083;      -0.28093; 96.44208;80.00000;20.00000;0.80220;2
 36.55600;31.63583;      -0.28103; 96.44015;80.00000;20.00000;0.80218;2
 36.65000;31.64083;      -0.28103; 96.43919;80.00000;20.00000;0.80216;2
 36.71500;31.64583;      -0.28076; 96.43919;80.00000;20.00000;0.80215;2
 36.79900;31.65083;      -0.28058; 96.44498;80.00000;20.00000;0.80213;2
 36.86700;31.65583;      -0.28031; 96.44980;80.00000;20.00000;0.80212;2
 36.94000;31.66083;      -0.27995; 96.45077;80.00000;20.00000;0.80210;2
 37.01000;31.66583;      -0.27904; 96.44691;80.00000;20.00000;0.80209;2
 37.09700;31.67083;      -0.27868; 96.44594;80.00000;20.00000;0.80207;2
 37.16300;31.67583;      -0.27795; 96.44787;80.00000;20.00000;0.80206;2
 37.25200;31.68083;      -0.27768; 96.44305;80.00000;20.00000;0.80204;2
 37.30200;31.68583;      -0.27722; 96.43726;80.00000;20.00000;0.80203;2
 37.38700;31.69083;      -0.27668; 96.43436;80.00000;20.00000;0.80201;2
 37.46800;31.69583;      -0.27558; 96.43726;80.00000;20.00000;0.80199;2
 37.54000;31.70083;      -0.27458; 96.44594;80.00000;20.00000;0.80198;2
 37.61800;31.70583;      -0.27431; 96.44980;80.00000;20.00000;0.80196;2
 37.69000;31.71083;      -0.27385; 96.45077;80.00000;20.00000;0.80195;2
 37.76900;31.71583;      -0.27358; 96.45077;80.00000;20.00000;0.80193;2
 37.84200;31.72083;      -0.27313; 96.45559;80.00000;20.00000;0.80192;2
 37.92200;31.72583;      -0.27268; 96.46042;80.00000;20.00000;0.80190;2
 37.98300;31.73083;      -0.27222; 96.46042;80.00000;20.00000;0.80189;2
 38.06400;31.73583;      -0.27131; 96.45656;80.00000;20.00000;0.80187;2
 38.15300;31.74083;      -0.27076; 96.45366;80.00000;20.00000;0.80185;2
 38.22300;31.74583;      -0.26985; 96.45366;80.00000;20.00000;0.80184;2
 38.29800;31.75083;      -0.26903; 96.45559;80.00000;20.00000;0.80183;2
 38.37000;31.75583;      -0.26848; 96.45752;80.00000;20.00000;0.80181;2
 38.43700;31.76083;      -0.26785; 96.45656;80.00000;20.00000;0.80180;2
 38.53100;31.76583;      -0.26739; 96.45077;80.00000;20.00000;0.80178;2
 38.60200;31.77083;      -0.26703; 96.44980;80.00000;20.00000;0.80176;2
 38.66900;31.77583;      -0.26648; 96.45077;80.00000;20.00000;0.80175;2
 38.73800;31.78083;      -0.26585; 96.45270;80.00000;20.00000;0.80173;2
 38.81900;31.78583;      -0.26493; 96.45559;80.00000;20.00000;0.80172;2
 38.90000;31.79083;      -0.26356; 96.45559;80.00000;20.00000;0.80170;2
 38.96600;31.79583;      -0.26274; 96.45559;80.00000;20.00000;0.80169;2
 39.04300;31.80083;      -0.26201; 96.45270;80.00000;20.00000;0.80167;2
 39.12200;31.80583;      -0.26146; 96.45463;80.00000;20.00000;0.80166;2
 39.19600;31.81083;      -0.26055; 96.45656;80.00000;20.00000;0.80164;2
 39.28000;31.81583;      -0.25973; 96.45945;80.00000;20.00000;0.80162;2
 39.35700;31.82083;      -0.25928; 96.45945;80.00000;20.00000;0.80161;2
 39.42100;31.82583;      -0.25855; 96.45559;80.00000;20.00000;0.80159;2
 39.50100;31.83083;      -0.25800; 96.45173;80.00000;20.00000;0.80158;2
 39.57700;31.83583;      -0.25718; 96.44884;80.00000;20.00000;0.80156;2
 39.66000;31.84083;      -0.25617; 96.44594;80.00000;20.00000;0.80155;2
 39.72100;31.84583;      -0.25498; 96.44498;80.00000;20.00000;0.80153;2
 39.80200;31.85083;      -0.25407; 96.44305;80.00000;20.00000;0.80152;2
 39.88800;31.85583;      -0.25307; 96.44498;80.00000;20.00000;0.80150;2
 39.96800;31.86083;      -0.25234; 96.44594;80.00000;20.00000;0.80148;2
 40.03700;31.86583;      -0.25170; 96.44594;80.00000;20.00000;0.80147;2
 40.10300;31.87083;      -0.25069; 96.44208;80.00000;20.00000;0.80145;2
 40.17900;31.87583;      -0.24987; 96.43919;80.00000;20.00000;0.80144;2
 40.25700;31.88083;      -0.24905; 96.43629;80.00000;20.00000;0.80142;2
 40.33300;31.88583;      -0.24823; 96.43436;80.00000;20.00000;0.80141;2
 40.39400;31.89083;      -0.24722; 96.43533;80.00000;20.00000;0.80139;2
 40.48100;31.89583;      -0.24612; 96.43629;80.00000;20.00000;0.80138;2
 40.55400;31.90083;      -0.24530; 96.43533;80.00000;20.00000;0.80136;2
 40.62800;31.90583;      -0.24439; 96.43436;80.00000;20.00000;0.80135;2
 40.70000;31.91083;      -0.24320; 96.44015;80.00000;20.00000;0.80133;2
 40.78600;31.91583;      -0.24237; 96.44305;80.00000;20.00000;0.80131;2
 40.84900;31.92083;      -0.24146; 96.44498;80.00000;20.00000;0.80130;2
 40.94000;31.92583;      -0.24036; 96.44884;80.00000;20.00000;0.80128;2
 41.00800;31.93083;      -0.23936; 96.44884;80.00000;20.00000;0.80127;2
 41.08700;31.93583;      -0.23835; 96.44594;80.00000;20.00000;0.80125;2
 41.15100;31.94083;      -0.23707; 96.44305;80.00000;20.00000;0.80124;2
 41.23200;31.94583;      -0.23652; 96.43629;80.00000;20.00000;0.80122;2
 41.30800;31.95083;      -0.23561; 96.43436;80.00000;20.00000;0.80120;2
 41.38500;31.95583;      -0.23433; 96.43340;80.00000;20.00000;0.80119;2
 41.45300;31.96083;      -0.23341; 96.43340;80.00000;20.00000;0.80117;2
 41.51900;31.96583;      -0.23231; 96.43340;80.00000;20.00000;0.80116;2
 41.60700;31.97083;      -0.23149; 96.43243;80.00000;20.00000;0.80114;2
 41.68000;31.97583;      -0.23030; 96.43243;80.00000;20.00000;0.80113;2
 41.75100;31.98083;      -0.22948; 96.43147;80.00000;20.00000;0.80111;2
 41.83900;31.98583;      -0.22884; 96.43147;80.00000;20.00000;0.80109;2
 41.91100;31.99083;      -0.22765; 96.42857;80.00000;20.00000;0.80108;2
 41.98600;31.99583;      -0.22646; 96.42761;80.00000;20.00000;0.80106;2
 42.05400;32.00083;      -0.22582; 96.42471;80.00000;20.00000;0.80105;2
 42.14600;32.00583;      -0.22500; 96.42085;80.00000;20.00000;0.80103;2
 42.21300;32.01083;      -0.22408; 96.42182;80.00000;20.00000;0.80102;2
 42.27600;32.01583;      -0.22344; 96.42085;80.00000;20.00000;0.80100;2
 42.35500;32.02083;      -0.22262; 96.42085;80.00000;20.00000;0.80099;2
 42.43100;32.02583;      -0.22124; 96.42375;80.00000;20.00000;0.80097;2
 42.50200;32.03083;      -0.21969; 96.42471;80.00000;20.00000;0.80095;2
 42.59100;32.03583;      -0.21850; 96.42568;80.00000;20.00000;0.80094;2
 42.66800;32.04083;      -0.21731; 96.42471;80.00000;20.00000;0.80092;2
 42.74800;32.04583;      -0.21621; 96.42471;80.00000;20.00000;0.80090;2
 42.81700;32.05083;      -0.21520; 96.42375;80.00000;20.00000;0.80089;2
 42.88800;32.05583;      -0.21438; 96.42182;80.00000;20.00000;0.80087;2
 42.95600;32.06083;      -0.21355; 96.42085;80.00000;20.00000;0.80086;2
 43.03000;32.06583;      -0.21245; 96.42085;80.00000;20.00000;0.80084;2
 43.11700;32.07083;      -0.21163; 96.42085;80.00000;20.00000;0.80083;2
 43.19200;32.07583;      -0.21090; 96.42278;80.00000;20.00000;0.80081;2
 43.26800;32.08083;      -0.21026; 96.42278;80.00000;20.00000;0.80079;2
 43.33700;32.08583;      -0.20925; 96.42278;80.00000;20.00000;0.80078;2
 43.42100;32.09083;      -0.20871; 96.42568;80.00000;20.00000;0.80076;2
 43.49200;32.09583;      -0.20788; 96.42664;80.00000;20.00000;0.80075;2
 43.56900;32.10083;      -0.20678; 96.42857;80.00000;20.00000;0.80073;2
 43.63800;32.10583;      -0.20550; 96.43050;80.00000;20.00000;0.80072;2
 43.70600;32.11083;      -0.20440; 96.43243;80.00000;20.00000;0.80070;2
 43.79700;32.11583;      -0.20321; 96.43147;80.00000;20.00000;0.80068;2
 43.86400;32.12083;      -0.20257; 96.43050;80.00000;20.00000;0.80067;2
 43.95800;32.12583;      -0.20239; 96.42761;80.00000;20.00000;0.80065;2
 44.02200;32.13083;      -0.20147; 96.42568;80.00000;20.00000;0.80064;2
 44.10300;32.13583;      -0.20019; 96.42471;80.00000;20.00000;0.80062;2
 44.17500;32.14083;      -0.19891; 96.42471;80.00000;20.00000;0.80060;2
 44.26100;32.14583;      -0.19818; 96.42471;80.00000;20.00000;0.80059;2
 44.31900;32.15083;      -0.19772; 96.42471;80.00000;20.00000;0.80057;2
 44.40200;32.15583;      -0.19726; 96.42568;80.00000;20.00000;0.80056;2
 44.47500;32.16083;      -0.19607; 96.42471;80.00000;20.00000;0.80054;2
 44.55000;32.16583;      -0.19488; 96.42278;80.00000;20.00000;0.80052;2
 44.62500;32.17083;      -0.19369; 96.42182;80.00000;20.00000;0.80051;2
 44.69200;32.17583;      -0.19268; 96.41892;80.00000;20.00000;0.80049;2
 44.77800;32.18083;      -0.19213; 96.41699;80.00000;20.00000;0.80048;2
 44.85200;32.18583;      -0.19168; 96.41796;80.00000;20.00000;0.80046;2
 44.93300;32.19083;      -0.19122; 96.41989;80.00000;20.00000;0.80044;2
 45.00100;32.19583;      -0.19077; 96.42085;80.00000;20.00000;0.80043;2
 45.06700;32.20083;      -0.18994; 96.42085;80.00000;20.00000;0.80041;2
 45.14600;32.20583;      -0.18967; 96.41892;80.00000;20.00000;0.80040;2
 45.22600;32.21083;      -0.18875; 96.41699;80.00000;20.00000;0.80038;2
 45.30200;32.21583;      -0.18765; 96.41603;80.00000;20.00000;0.80036;2
 45.37400;32.22083;      -0.18674; 96.41506;80.00000;20.00000;0.80035;2
 45.44400;32.22583;      -0.18554; 96.41410;80.00000;20.00000;0.80033;2
 45.52200;32.23083;      -0.18454; 96.41313;80.00000;20.00000;0.80032;2
 45.59500;32.23583;      -0.18390; 96.41410;80.00000;20.00000;0.80030;2
 45.67600;32.24083;      -0.18381; 96.41506;80.00000;20.00000;0.80029;2
 45.74200;32.24583;      -0.18427; 96.41603;80.00000;20.00000;0.80027;2
 45.83700;32.25083;      -0.18418; 96.41506;80.00000;20.00000;0.80025;2
 45.90300;32.25583;      -0.18308; 96.41410;80.00000;20.00000;0.80024;2
 45.98500;32.26083;      -0.18198; 96.41217;80.00000;20.00000;0.80022;2
 46.05900;32.26583;      -0.18033; 96.40831;80.00000;20.00000;0.80020;2
 46.13600;32.27083;      -0.17932; 96.40831;80.00000;20.00000;0.80019;2
 46.21000;32.27583;      -0.17887; 96.40734;80.00000;20.00000;0.80017;2
 46.28900;32.28083;      -0.17823; 96.40734;80.00000;20.00000;0.80015;2
 46.35600;32.28583;      -0.17786; 96.40638;80.00000;20.00000;0.80014;2
 46.43000;32.29083;      -0.17713; 96.40734;80.00000;20.00000;0.80012;2
 46.51500;32.29583;      -0.17630; 96.40638;80.00000;20.00000;0.80011;2
 46.58300;32.30083;      -0.17603; 96.40445;80.00000;20.00000;0.80009;2
 46.65800;32.30583;      -0.17613; 96.40348;80.00000;20.00000;0.80008;2
 46.73100;32.31083;      -0.17521; 96.40445;80.00000;20.00000;0.80006;2
 46.82300;32.31583;      -0.17393; 96.40445;80.00000;20.00000;0.80004;2
 46.88000;32.32083;      -0.17328; 96.40445;80.00000;20.00000;0.80003;2
 46.97900;32.32583;      -0.17292; 96.40348;80.00000;20.00000;0.80001;2
 47.04900;32.33083;      -0.17219; 96.40445;80.00000;20.00000;0.79999;2
 47.12600;32.33583;      -0.17164; 96.40638;80.00000;20.00000;0.79998;2
 47.19200;32.34083;      -0.17137; 96.40734;80.00000;20.00000;0.79996;2
 47.27400;32.34583;      -0.17091; 96.40831;80.00000;20.00000;0.79994;2
 47.33800;32.35083;      -0.17018; 96.40927;80.00000;20.00000;0.79993;2
 47.42800;32.35583;      -0.16944; 96.41024;80.00000;20.00000;0.79991;2
 47.49900;32.36083;      -0.16889; 96.41024;80.00000;20.00000;0.79990;2
 47.57900;32.36583;      -0.16835; 96.41024;80.00000;20.00000;0.79988;2
 47.64200;32.37083;      -0.16816; 96.40927;80.00000;20.00000;0.79986;2
 47.72700;32.37583;      -0.16798; 96.40831;80.00000;20.00000;0.79985;2
 47.80500;32.38083;      -0.16744; 96.40638;80.00000;20.00000;0.79983;2
 47.87600;32.38583;      -0.16652; 96.40638;80.00000;20.00000;0.79981;2
 47.96000;32.39083;      -0.16606; 96.40638;80.00000;20.00000;0.79980;2
 48.02800;32.39583;      -0.16588; 96.40445;80.00000;20.00000;0.79978;2
 48.11700;32.40083;      -0.16588; 96.40348;80.00000;20.00000;0.79976;2
 48.16700;32.40583;      -0.16552; 96.40252;80.00000;20.00000;0.79975;2
 48.26200;32.41083;      -0.16506; 96.40252;80.00000;20.00000;0.79973;2
 48.33900;32.41583;      -0.16470; 96.39769;80.00000;20.00000;0.79971;2
 48.42400;32.42083;      -0.16443; 96.39673;80.00000;20.00000;0.79970;2
 48.48700;32.42583;      -0.16378; 96.39383;80.00000;20.00000;0.79968;2
 48.56900;32.43083;      -0.16324; 96.39287;80.00000;20.00000;0.79967;2
 48.64700;32.43583;      -0.16287; 96.38997;80.00000;20.00000;0.79965;2
 48.72200;32.44083;      -0.16278; 96.38901;80.00000;20.00000;0.79963;2
 48.80500;32.44583;      -0.16251; 96.38901;80.00000;20.00000;0.79961;2
 48.88700;32.45083;      -0.16297; 96.38997;80.00000;20.00000;0.79960;2
 48.96600;32.45583;      -0.16288; 96.38997;80.00000;20.00000;0.79958;2
 49.04000;32.46083;      -0.16234; 96.39190;80.00000;20.00000;0.79956;2
 49.11900;32.46583;      -0.16188; 96.39094;80.00000;20.00000;0.79955;2
 49.19200;32.47083;      -0.16161; 96.38997;80.00000;20.00000;0.79953;2
 49.26900;32.47583;      -0.16069; 96.38804;80.00000;20.00000;0.79951;2
 49.34900;32.48083;      -0.16023; 96.38611;80.00000;20.00000;0.79950;2
 49.43300;32.48583;      -0.16069; 96.38515;80.00000;20.00000;0.79948;2
 49.51200;32.49083;      -0.16088; 96.38322;80.00000;20.00000;0.79946;2
 49.58400;32.49583;      -0.16033; 96.38129;80.00000;20.00000;0.79945;2
 49.66400;32.50083;      -0.15997; 96.37936;80.00000;20.00000;0.79943;2
 49.74100;32.50583;      -0.15988; 96.37743;80.00000;20.00000;0.79941;2
 49.82500;32.51083;      -0.16034; 96.37646;80.00000;20.00000;0.79939;2
 49.89000;32.51583;      -0.16044; 96.37646;80.00000;20.00000;0.79938;2
 49.96900;32.52083;      -0.15998; 96.37646;80.00000;20.00000;0.79936;2
 50.04700;32.52583;      -0.15998; 96.37646;80.00000;20.00000;0.79935;2
 50.13000;32.53083;      -0.15944; 96.37550;80.00000;20.00000;0.79933;2
 50.20600;32.53583;      -0.15898; 96.37453;80.00000;20.00000;0.79931;2
 50.28800;32.54083;      -0.15907; 96.37357;80.00000;20.00000;0.79929;2
 50.36700;32.54583;      -0.15889; 96.37260;80.00000;20.00000;0.79928;2
 50.44300;32.55083;      -0.15862; 96.37260;80.00000;20.00000;0.79926;2
 50.53500;32.55583;      -0.15844; 96.37164;80.00000;20.00000;0.79924;2
 50.60000;32.56083;      -0.15844; 96.37067;80.00000;20.00000;0.79922;2
 50.68900;32.56583;      -0.15863; 96.37067;80.00000;20.00000;0.79921;2
 50.76600;32.57083;      -0.15937; 96.36778;80.00000;20.00000;0.79919;2
 50.84400;32.57583;      -0.15965; 96.36585;80.00000;20.00000;0.79917;2
 50.92500;32.58083;      -0.15965; 96.36681;80.00000;20.00000;0.79915;2
 51.00700;32.58583;      -0.15966; 96.36681;80.00000;20.00000;0.79914;2
 51.08700;32.59083;      -0.15985; 96.36585;80.00000;20.00000;0.79912;2
 51.16600;32.59583;      -0.15994; 96.36488;80.00000;20.00000;0.79910;2
 51.23800;32.60083;      -0.15994; 96.36488;80.00000;20.00000;0.79909;2
 51.31000;32.60583;      -0.16022; 96.36392;80.00000;20.00000;0.79907;2
 51.40500;32.61083;      -0.16014; 96.36392;80.00000;20.00000;0.79905;2
 51.48900;32.61583;      -0.16023; 96.36295;80.00000;20.00000;0.79903;2
 51.56300;32.62083;      -0.16051; 96.36392;80.00000;20.00000;0.79901;2
 51.65000;32.62583;      -0.16070; 96.36392;80.00000;20.00000;0.79900;2
 51.73100;32.63083;      -0.16061; 96.36488;80.00000;20.00000;0.79898;2
 51.80000;32.63583;      -0.16061; 96.36392;80.00000;20.00000;0.79896;2
 51.88900;32.64083;      -0.16071; 96.36392;80.00000;20.00000;0.79894;2
 51.96700;32.64583;      -0.16108; 96.36295;80.00000;20.00000;0.79893;2
 52.04100;32.65083;      -0.16145; 96.36295;80.00000;20.00000;0.79891;2
 52.13400;32.65583;      -0.16155; 96.36102;80.00000;20.00000;0.79889;2
 52.20100;32.66083;      -0.16211; 96.35909;80.00000;20.00000;0.79887;2
 52.30800;32.66583;      -0.16248; 96.35909;80.00000;20.00000;0.79885;2
 52.37300;32.67083;      -0.16248; 96.35813;80.00000;20.00000;0.79884;2
 52.44800;32.67583;      -0.16267; 96.35716;80.00000;20.00000;0.79882;2
 52.54100;32.68083;      -0.16277; 96.35523;80.00000;20.00000;0.79880;2
 52.61500;32.68583;      -0.16351; 96.35427;80.00000;20.00000;0.79878;2
 52.69600;32.69083;      -0.16434; 96.35234;80.00000;20.00000;0.79877;2
 52.78000;32.69583;      -0.16481; 96.35234;80.00000;20.00000;0.79875;2
 52.85600;32.70083;      -0.16582; 96.35137;80.00000;20.00000;0.79873;2
 52.93500;32.70583;      -0.16638; 96.34944;80.00000;20.00000;0.79871;2
 53.04000;32.71083;      -0.16648; 96.34558;80.00000;20.00000;0.79869;2
 53.11600;32.71583;      -0.16666; 96.34365;80.00000;20.00000;0.79867;2
 53.19500;32.72083;      -0.16658; 96.34172;80.00000;20.00000;0.79866;2
 53.28100;32.72583;      -0.16667; 96.33979;80.00000;20.00000;0.79864;2
 53.35800;32.73083;      -0.16686; 96.33690;80.00000;20.00000;0.79862;2
 53.44800;32.73583;      -0.16742; 96.33690;80.00000;20.00000;0.79860;2
 53.53700;32.74083;      -0.16770; 96.33690;80.00000;20.00000;0.79858;2
 53.61800;32.74583;      -0.16807; 96.33786;80.00000;20.00000;0.79856;2
 53.69600;32.75083;      -0.16863; 96.33883;80.00000;20.00000;0.79854;2
 53.78500;32.75583;      -0.16928; 96.33883;80.00000;20.00000;0.79852;2
 53.85300;32.76083;      -0.16937; 96.34076;80.00000;20.00000;0.79851;2
 53.94800;32.76583;      -0.16938; 96.34172;80.00000;20.00000;0.79849;2
 54.02700;32.77083;      -0.17086; 96.34172;80.00000;20.00000;0.79847;2
 54.12000;32.77583;      -0.17169; 96.34172;80.00000;20.00000;0.79845;2
 54.20700;32.78083;      -0.17252; 96.34172;80.00000;20.00000;0.79843;2
 54.28800;32.78583;      -0.17336; 96.34076;80.00000;20.00000;0.79841;2
 54.36200;32.79083;      -0.17428; 96.34076;80.00000;20.00000;0.79840;2
 54.44700;32.79583;      -0.17475; 96.34076;80.00000;20.00000;0.79838;2
 54.54600;32.80083;      -0.17521; 96.34076;80.00000;20.00000;0.79836;2
 54.62700;32.80583;      -0.17559; 96.34076;80.00000;20.00000;0.79834;2
 54.71900;32.81083;      -0.17605; 96.33786;80.00000;20.00000;0.79832;2
 54.80000;32.81583;      -0.17633; 96.33593;80.00000;20.00000;0.79830;2
 54.89100;32.82083;      -0.17689; 96.33497;80.00000;20.00000;0.79828;2
 54.97200;32.82583;      -0.17754; 96.33400;80.00000;20.00000;0.79826;2
 55.05700;32.83083;      -0.17847; 96.33400;80.00000;20.00000;0.79824;2
 55.13500;32.83583;      -0.17958; 96.33111;80.00000;20.00000;0.79823;2
 55.22700;32.84083;      -0.18032; 96.32918;80.00000;20.00000;0.79820;2
 55.31300;32.84583;      -0.18079; 96.32821;80.00000;20.00000;0.79819;2
 55.38800;32.85083;      -0.18153; 96.32725;80.00000;20.00000;0.79817;2
 55.48300;32.85583;      -0.18227; 96.32628;80.00000;20.00000;0.79815;2
 55.57100;32.86083;      -0.18301; 96.32532;80.00000;20.00000;0.79813;2
 55.66600;32.86583;      -0.18385; 96.32435;80.00000;20.00000;0.79811;2
 55.74200;32.87083;      -0.18487; 96.32339;80.00000;20.00000;0.79809;2
 55.82700;32.87583;      -0.18579; 96.32242;80.00000;20.00000;0.79807;2
 55.92400;32.88083;      -0.18654; 96.32049;80.00000;20.00000;0.79805;2
 56.00300;32.88583;      -0.18728; 96.31856;80.00000;20.00000;0.79803;2
 56.08400;32.89083;      -0.18802; 96.31663;80.00000;20.00000;0.79801;2
 56.17500;32.89583;      -0.18876; 96.31567;80.00000;20.00000;0.79799;2
 56.26900;32.90083;      -0.18951; 96.31374;80.00000;20.00000;0.79797;2
 56.36900;32.90583;      -0.19044; 96.31470;80.00000;20.00000;0.79795;2
 56.44300;32.91083;      -0.19145; 96.31374;80.00000;20.00000;0.79793;2
 56.53100;32.91583;      -0.19238; 96.31277;80.00000;20.00000;0.79791;2
 56.62800;32.92083;      -0.19303; 96.31181;80.00000;20.00000;0.79789;2
 56.70800;32.92583;      -0.19396; 96.31084;80.00000;20.00000;0.79787;2
 56.80100;32.93083;      -0.19507; 96.31181;80.00000;20.00000;0.79785;2
 56.87300;32.93583;      -0.19609; 96.31084;80.00000;20.00000;0.79784;2
 56.98100;32.94083;      -0.19711; 96.30988;80.00000;20.00000;0.79781;2
 57.05700;32.94583;      -0.19795; 96.30891;80.00000;20.00000;0.79779;2
 57.16300;32.95083;      -0.19906; 96.30795;80.00000;20.00000;0.79777;2
 57.26200;32.95583;      -0.20027; 96.30409;80.00000;20.00000;0.79775;2
 57.34600;32.96083;      -0.20119; 96.30023;80.00000;20.00000;0.79773;2
 57.42800;32.96583;      -0.20212; 96.29733;80.00000;20.00000;0.79771;2
 57.52100;32.97083;      -0.20286; 96.29444;80.00000;20.00000;0.79769;2
 57.61300;32.97583;      -0.20379; 96.29154;80.00000;20.00000;0.79767;2
 57.69000;32.98083;      -0.20472; 96.28961;80.00000;20.00000;0.79765;2
 57.79700;32.98583;      -0.20574; 96.28961;80.00000;20.00000;0.79763;2
 57.88200;32.99083;      -0.20676; 96.28961;80.00000;20.00000;0.79761;2
 57.97300;32.99583;      -0.20751; 96.28961;80.00000;20.00000;0.79759;2
 58.07000;33.00083;      -0.20871; 96.28768;80.00000;20.00000;0.79757;2
 58.16400;33.00583;      -0.20973; 96.28575;80.00000;20.00000;0.79755;2
 58.25900;33.01083;      -0.21029; 96.28479;80.00000;20.00000;0.79752;2
 58.34200;33.01583;      -0.21141; 96.28382;80.00000;20.00000;0.79750;2
 58.44000;33.02083;      -0.21270; 96.28189;80.00000;20.00000;0.79748;2
 58.52700;33.02583;      -0.21391; 96.28093;80.00000;20.00000;0.79746;2
 58.61400;33.03083;      -0.21502; 96.28189;80.00000;20.00000;0.79744;2
 58.71100;33.03583;      -0.21614; 96.28286;80.00000;20.00000;0.79742;2
 58.80600;33.04083;      -0.21725; 96.28382;80.00000;20.00000;0.79740;2
 58.90600;33.04583;      -0.21836; 96.28382;80.00000;20.00000;0.79738;2
 58.99000;33.05083;      -0.21957; 96.28479;80.00000;20.00000;0.79736;2
 59.07400;33.05583;      -0.22068; 96.27996;80.00000;20.00000;0.79734;2
 59.19200;33.06083;      -0.22152; 96.27803;80.00000;20.00000;0.79731;2
 59.27800;33.06583;      -0.22282; 96.27707;80.00000;20.00000;0.79729;2
 59.37400;33.07083;      -0.22384; 96.27610;80.00000;20.00000;0.79727;2
 59.45900;33.07583;      -0.22477; 96.27610;80.00000;20.00000;0.79725;2
 59.55600;33.08083;      -0.22561; 96.27514;80.00000;20.00000;0.79723;2
 59.64600;33.08583;      -0.22691; 96.27321;80.00000;20.00000;0.79721;2
 59.74900;33.09083;      -0.22821; 96.27224;80.00000;20.00000;0.79719;2
 59.83700;33.09583;      -0.22941; 96.27031;80.00000;20.00000;0.79717;2
 59.91800;33.10083;      -0.23034; 96.26935;80.00000;20.00000;0.79715;2
 60.02500;33.10583;      -0.23173; 96.26838;80.00000;20.00000;0.79712;2
 60.11700;33.11083;      -0.23294; 96.26742;80.00000;20.00000;0.79710;2
 60.20500;33.11583;      -0.23405; 96.26645;80.00000;20.00000;0.79708;2
 60.31400;33.12083;      -0.23517; 96.26549;80.00000;20.00000;0.79706;2
 60.41200;33.12583;      -0.23647; 96.26163;80.00000;20.00000;0.79703;2
 60.50000;33.13083;      -0.23768; 96.25391;80.00000;20.00000;0.79701;2
 60.59600;33.13583;      -0.23944; 96.24812;80.00000;20.00000;0.79699;2
 60.68300;33.14083;      -0.24065; 96.24329;80.00000;20.00000;0.79697;2
 60.79100;33.14583;      -0.24158; 96.24136;80.00000;20.00000;0.79695;2
 60.87700;33.15083;      -0.24269; 96.24233;80.00000;20.00000;0.79693;2
 60.98400;33.15583;      -0.24362; 96.24329;80.00000;20.00000;0.79690;2
 61.06400;33.16083;      -0.24464; 96.24329;80.00000;20.00000;0.79689;2
 61.17600;33.16583;      -0.24585; 96.24233;80.00000;20.00000;0.79686;2
 61.27700;33.17083;      -0.24706; 96.24040;80.00000;20.00000;0.79684;2
 61.36700;33.17583;      -0.24818; 96.23943;80.00000;20.00000;0.79682;2
 61.46300;33.18083;      -0.24938; 96.23750;80.00000;20.00000;0.79679;2
 61.56100;33.18583;      -0.25032; 96.23557;80.00000;20.00000;0.79677;2
 61.64400;33.19083;      -0.25134; 96.23461;80.00000;20.00000;0.79675;2
 61.76300;33.19583;      -0.25218; 96.23557;80.00000;20.00000;0.79672;2
 61.84900;33.20083;      -0.25311; 96.23654;80.00000;20.00000;0.79670;2
 61.94100;33.20583;      -0.25422; 96.23654;80.00000;20.00000;0.79668;2
 62.04500;33.21083;      -0.25553; 96.23557;80.00000;20.00000;0.79666;2
 62.15500;33.21583;      -0.25683; 96.23075;80.00000;20.00000;0.79663;2
 62.24000;33.22083;      -0.25822; 96.22785;80.00000;20.00000;0.79661;2
 62.34800;33.22583;      -0.25925; 96.22592;80.00000;20.00000;0.79659;2
 62.42200;33.23083;      -0.26036; 96.22399;80.00000;20.00000;0.79657;2
 62.53300;33.23583;      -0.26139; 96.22303;80.00000;20.00000;0.79655;2
 62.63000;33.24083;      -0.26250; 96.22110;80.00000;20.00000;0.79652;2
 62.73300;33.24583;      -0.26399; 96.22013;80.00000;20.00000;0.79650;2
 62.82600;33.25083;      -0.26584; 96.21917;80.00000;20.00000;0.79648;2
 62.92600;33.25583;      -0.26724; 96.21917;80.00000;20.00000;0.79646;2
 63.03300;33.26083;      -0.26845; 96.21917;80.00000;20.00000;0.79643;2
 63.12300;33.26583;      -0.27030; 96.21820;80.00000;20.00000;0.79641;2
 63.24300;33.27083;      -0.27124; 96.21048;80.00000;20.00000;0.79638;2
 63.32500;33.27583;      -0.27143; 96.20566;80.00000;20.00000;0.79636;2
 63.43300;33.28083;      -0.27255; 96.20180;80.00000;20.00000;0.79634;2
 63.52400;33.28583;      -0.27366; 96.19794;80.00000;20.00000;0.79632;2
 63.62700;33.29083;      -0.27497; 96.19890;80.00000;20.00000;0.79629;2
 63.73200;33.29583;      -0.27627; 96.19987;80.00000;20.00000;0.79627;2
 63.83100;33.30083;      -0.27729; 96.20180;80.00000;20.00000;0.79625;2
 63.91800;33.30583;      -0.27850; 96.20276;80.00000;20.00000;0.79623;2
 64.02700;33.31083;      -0.27971; 96.20276;80.00000;20.00000;0.79620;2
 64.12500;33.31583;      -0.28083; 96.20180;80.00000;20.00000;0.79618;2
 64.22000;33.32083;      -0.28167; 96.20083;80.00000;20.00000;0.79616;2
 64.32900;33.32583;      -0.28344; 96.19987;80.00000;20.00000;0.79613;2
 64.44400;33.33083;      -0.28474; 96.19601;80.00000;20.00000;0.79610;2
 64.53600;33.33583;      -0.28605; 96.19504;80.00000;20.00000;0.79608;2
 64.63900;33.34083;      -0.28716; 96.19408;80.00000;20.00000;0.79606;2
 64.74700;33.34583;      -0.28838; 96.19022;80.00000;20.00000;0.79603;2
 64.83800;33.35083;      -0.28885; 96.18925;80.00000;20.00000;0.79601;2
 64.94500;33.35583;      -0.28932; 96.18732;80.00000;20.00000;0.79599;2
 65.04100;33.36083;      -0.29080; 96.18636;80.00000;20.00000;0.79597;2
 65.14600;33.36583;      -0.29192; 96.18732;80.00000;20.00000;0.79594;2
 65.24800;33.37083;      -0.29295; 96.18732;80.00000;20.00000;0.79592;2
 65.35000;33.37583;      -0.29416; 96.18539;80.00000;20.00000;0.79589;2
 65.46000;33.38083;      -0.29556; 96.18443;80.00000;20.00000;0.79587;2
 65.55700;33.38583;      -0.29695; 96.17864;80.00000;20.00000;0.79584;2
 65.66600;33.39083;      -0.29835; 96.17381;80.00000;20.00000;0.79582;2
 65.76100;33.39583;      -0.29956; 96.16995;80.00000;20.00000;0.79580;2
 65.86600;33.40083;      -0.30059; 96.16706;80.00000;20.00000;0.79577;2
 65.97100;33.40583;      -0.30134; 96.16513;80.00000;20.00000;0.79575;2
 66.07200;33.41083;      -0.30200; 96.16706;80.00000;20.00000;0.79572;2
 66.16800;33.41583;      -0.30228; 96.16802;80.00000;20.00000;0.79570;2
 66.27800;33.42083;      -0.30312; 96.16899;80.00000;20.00000;0.79568;2
 66.38400;33.42583;      -0.30517; 96.16995;80.00000;20.00000;0.79565;2
 66.47700;33.43083;      -0.30657; 96.16802;80.00000;20.00000;0.79563;2
 66.59900;33.43583;      -0.30722; 96.16609;80.00000;20.00000;0.79560;2
 66.68700;33.44083;      -0.30862; 96.16416;80.00000;20.00000;0.79558;2
 66.79500;33.44583;      -0.30974; 96.16223;80.00000;20.00000;0.79555;2
 66.89600;33.45083;      -0.31095; 96.16127;80.00000;20.00000;0.79553;2
 67.00500;33.45583;      -0.31235; 96.15934;80.00000;20.00000;0.79551;2
 67.10500;33.46083;      -0.31329; 96.15644;80.00000;20.00000;0.79548;2
 67.20700;33.46583;      -0.31413; 96.15451;80.00000;20.00000;0.79546;2
 67.31600;33.47083;      -0.31506; 96.15258;80.00000;20.00000;0.79543;2
 67.42400;33.47583;      -0.31600; 96.15162;80.00000;20.00000;0.79541;2
 67.50500;33.48083;      -0.31684; 96.15065;80.00000;20.00000;0.79539;2
 67.61800;33.48583;      -0.31768; 96.14969;80.00000;20.00000;0.79536;2
 67.72100;33.49083;      -0.31797; 96.14969;80.00000;20.00000;0.79534;2
 67.83000;33.49583;      -0.31854; 96.14872;80.00000;20.00000;0.79531;2
 67.93300;33.50083;      -0.31966; 96.14872;80.00000;20.00000;0.79529;2
 68.04200;33.50583;      -0.32069; 96.14872;80.00000;20.00000;0.79526;2
 68.14600;33.51083;      -0.32246; 96.14776;80.00000;20.00000;0.79524;2
 68.26200;33.51583;      -0.32376; 96.14679;80.00000;20.00000;0.79521;2
 68.34200;33.52083;      -0.32488; 96.14486;80.00000;20.00000;0.79519;2
 68.45100;33.52583;      -0.32554; 96.14293;80.00000;20.00000;0.79516;2
 68.55100;33.53083;      -0.32537; 96.14197;80.00000;20.00000;0.79514;2
 68.67300;33.53583;      -0.32621; 96.14100;80.00000;20.00000;0.79511;2
 68.77300;33.54083;      -0.32696; 96.14004;80.00000;20.00000;0.79509;2
 68.87700;33.54583;      -0.32743; 96.13907;80.00000;20.00000;0.79506;2
 68.98100;33.55083;      -0.32819; 96.13521;80.00000;20.00000;0.79504;2
 69.09500;33.55583;      -0.32903; 96.12846;80.00000;20.00000;0.79501;2
 69.18600;33.56083;      -0.32996; 96.12460;80.00000;20.00000;0.79499;2
 69.30800;33.56583;      -0.33072; 96.11977;80.00000;20.00000;0.79496;2
 69.40500;33.57083;      -0.33165; 96.11591;80.00000;20.00000;0.79494;2
 69.51500;33.57583;      -0.33250; 96.11398;80.00000;20.00000;0.79491;2
 69.62000;33.58083;      -0.33316; 96.11302;80.00000;20.00000;0.79489;2
 69.71300;33.58583;      -0.33400; 96.11398;80.00000;20.00000;0.79486;2
 69.82500;33.59083;      -0.33494; 96.11495;80.00000;20.00000;0.79484;2
 69.94300;33.59583;      -0.33550; 96.11302;80.00000;20.00000;0.79481;2
 70.03300;33.60083;      -0.33570; 96.11205;80.00000;20.00000;0.79479;2
 70.13400;33.60583;      -0.33664; 96.11012;80.00000;20.00000;0.79476;2
 70.24600;33.61083;      -0.33822; 96.10626;80.00000;20.00000;0.79474;2
 70.35200;33.61583;      -0.33944; 96.10337;80.00000;20.00000;0.79471;2
 70.46400;33.62083;      -0.34028; 96.10144;80.00000;20.00000;0.79468;2
 70.57100;33.62583;      -0.34131; 96.10144;80.00000;20.00000;0.79466;2
 70.67400;33.63083;      -0.34225; 96.10047;80.00000;20.00000;0.79463;2
 70.76600;33.63583;      -0.34281; 96.09951;80.00000;20.00000;0.79461;2
 70.88500;33.64083;      -0.34338; 96.09854;80.00000;20.00000;0.79458;2
 70.97900;33.64583;      -0.34386; 96.09758;80.00000;20.00000;0.79456;2
 71.08500;33.65083;      -0.34442; 96.09661;80.00000;20.00000;0.79454;2
 71.19700;33.65583;      -0.34508; 96.09468;80.00000;20.00000;0.79451;2
 71.31600;33.66083;      -0.34565; 96.09179;80.00000;20.00000;0.79448;2
 71.41700;33.66583;      -0.34585; 96.08986;80.00000;20.00000;0.79446;2
 71.52200;33.67083;      -0.34623; 96.08793;80.00000;20.00000;0.79443;2
 71.62600;33.67583;      -0.34689; 96.08696;80.00000;20.00000;0.79441;2
 71.74300;33.68083;      -0.34857; 96.08407;80.00000;20.00000;0.79438;2
 71.82700;33.68583;      -0.34960; 96.08214;80.00000;20.00000;0.79436;2
 71.95200;33.69083;      -0.34970; 96.07924;80.00000;20.00000;0.79433;2
 72.04300;33.69583;      -0.34934; 96.07828;80.00000;20.00000;0.79431;2
 72.15400;33.70083;      -0.34898; 96.07828;80.00000;20.00000;0.79428;2
 72.26100;33.70583;      -0.34918; 96.07539;80.00000;20.00000;0.79425;2
 72.36900;33.71083;      -0.34956; 96.07346;80.00000;20.00000;0.79423;2
 72.47100;33.71583;      -0.35004; 96.07153;80.00000;20.00000;0.79420;2
 72.58400;33.72083;      -0.35098; 96.06574;80.00000;20.00000;0.79418;2
 72.69000;33.72583;      -0.35173; 96.06091;80.00000;20.00000;0.79415;2
 72.79200;33.73083;      -0.35230; 96.05705;80.00000;20.00000;0.79413;2
 72.90000;33.73583;      -0.35323; 96.05319;80.00000;20.00000;0.79410;2
 73.00700;33.74083;      -0.35399; 96.04933;80.00000;20.00000;0.79407;2
 73.11800;33.74583;      -0.35446; 96.04644;80.00000;20.00000;0.79405;2
 73.22600;33.75083;      -0.35512; 96.04547;80.00000;20.00000;0.79402;2
 73.32800;33.75583;      -0.35578; 96.04644;80.00000;20.00000;0.79400;2
 73.44900;33.76083;      -0.35663; 96.04354;80.00000;20.00000;0.79397;2
 73.55100;33.76583;      -0.35729; 96.04161;80.00000;20.00000;0.79394;2
 73.66200;33.77083;      -0.35768; 96.03968;80.00000;20.00000;0.79392;2
 73.77200;33.77583;      -0.35834; 96.03679;80.00000;20.00000;0.79389;2
 73.85900;33.78083;      -0.35890; 96.03486;80.00000;20.00000;0.79387;2
 73.97300;33.78583;      -0.35966; 96.03196;80.00000;20.00000;0.79384;2
 74.08600;33.79083;      -0.36032; 96.03100;80.00000;20.00000;0.79381;2
 74.18600;33.79583;      -0.36042; 96.03100;80.00000;20.00000;0.79379;2
 74.28800;33.80083;      -0.36053; 96.03003;80.00000;20.00000;0.79376;2
 74.40000;33.80583;      -0.36072; 96.02810;80.00000;20.00000;0.79374;2
 74.50300;33.81083;      -0.36092; 96.02714;80.00000;20.00000;0.79371;2
 74.61400;33.81583;      -0.36103; 96.02521;80.00000;20.00000;0.79368;2
 74.72700;33.82083;      -0.36169; 96.02328;80.00000;20.00000;0.79366;2
 74.82500;33.82583;      -0.36226; 96.02135;80.00000;20.00000;0.79363;2
 74.94400;33.83083;      -0.36245; 96.02038;80.00000;20.00000;0.79360;2
 75.05300;33.83583;      -0.36274; 96.01942;80.00000;20.00000;0.79358;2
 75.15300;33.84083;      -0.36294; 96.01652;80.00000;20.00000;0.79355;2
 75.25600;33.84583;      -0.36295; 96.01652;80.00000;20.00000;0.79353;2
 75.36800;33.85083;      -0.36352; 96.01652;80.00000;20.00000;0.79350;2
 75.47600;33.85583;      -0.36409; 96.01652;80.00000;20.00000;0.79347;2
 75.57400;33.86083;      -0.36438; 96.01459;80.00000;20.00000;0.79345;2
 75.67900;33.86583;      -0.36448; 96.01363;80.00000;20.00000;0.79342;2
 75.79300;33.87083;      -0.36468; 96.01170;80.00000;20.00000;0.79340;2
 75.90000;33.87583;      -0.36479; 96.01073;80.00000;20.00000;0.79337;2
 76.00300;33.88083;      -0.36536; 96.00687;80.00000;20.00000;0.79335;2
 76.11600;33.88583;      -0.36583; 96.00494;80.00000;20.00000;0.79332;2
 76.22700;33.89083;      -0.36687; 96.00398;80.00000;20.00000;0.79329;2
 76.35300;33.89583;      -0.36744; 96.00205;80.00000;20.00000;0.79326;2
 76.44200;33.90083;      -0.36800; 96.00108;80.00000;20.00000;0.79324;2
 76.55900;33.90583;      -0.36839; 96.00012;80.00000;20.00000;0.79321;2
 76.66500;33.91083;      -0.36877; 96.00012;80.00000;20.00000;0.79318;2
 76.75700;33.91583;      -0.36841; 95.99915;80.00000;20.00000;0.79316;2
 76.87100;33.92083;      -0.36833; 95.99722;80.00000;20.00000;0.79313;2
 76.98700;33.92583;      -0.36853; 95.99626;80.00000;20.00000;0.79310;2
 77.09300;33.93083;      -0.36845; 95.99529;80.00000;20.00000;0.79308;2
 77.20300;33.93583;      -0.36911; 95.99336;80.00000;20.00000;0.79305;2
 77.30700;33.94083;      -0.36950; 95.99143;80.00000;20.00000;0.79303;2
 77.42900;33.94583;      -0.36979; 95.98950;80.00000;20.00000;0.79300;2
 77.51300;33.95083;      -0.36998; 95.98757;80.00000;20.00000;0.79297;2
 77.62800;33.95583;      -0.37000; 95.98661;80.00000;20.00000;0.79295;2
 77.74000;33.96083;      -0.36973; 95.98564;80.00000;20.00000;0.79292;2
 77.84300;33.96583;      -0.37011; 95.98371;80.00000;20.00000;0.79289;2
 77.95300;33.97083;      -0.37059; 95.98178;80.00000;20.00000;0.79287;2
 78.06600;33.97583;      -0.37107; 95.97985;80.00000;20.00000;0.79284;2
 78.18000;33.98083;      -0.37136; 95.97792;80.00000;20.00000;0.79281;2
 78.28200;33.98583;      -0.37156; 95.97696;80.00000;20.00000;0.79278;2
 78.38200;33.99083;      -0.37185; 95.97503;80.00000;20.00000;0.79276;2
 78.50700;33.99583;      -0.37196; 95.97310;80.00000;20.00000;0.79273;2
 78.60100;34.00083;      -0.37197; 95.97117;80.00000;20.00000;0.79271;2
 78.71200;34.00583;      -0.37189; 95.96924;80.00000;20.00000;0.79268;2
 78.80600;34.01083;      -0.37190; 95.96731;80.00000;20.00000;0.79266;2
 78.92100;34.01583;      -0.37219; 95.96345;80.00000;20.00000;0.79263;2
 79.02500;34.02083;      -0.37257; 95.95959;80.00000;20.00000;0.79260;2
 79.13800;34.02583;      -0.37286; 95.95669;80.00000;20.00000;0.79257;2
 79.25400;34.03083;      -0.37306; 95.95283;80.00000;20.00000;0.79254;2
 79.33800;34.03583;      -0.37298; 95.94994;80.00000;20.00000;0.79252;2
 79.46200;34.04083;      -0.37318; 95.94608;80.00000;20.00000;0.79249;2
 79.57400;34.04583;      -0.37338; 95.94415;80.00000;20.00000;0.79246;2
 79.67800;34.05083;      -0.37376; 95.94318;80.00000;20.00000;0.79244;2
 79.78900;34.05583;      -0.37424; 95.94222;80.00000;20.00000;0.79241;2
 79.89400;34.06083;      -0.37444; 95.94125;80.00000;20.00000;0.79239;2
 79.99400;34.06583;      -0.37464; 95.94029;80.00000;20.00000;0.79236;2
 80.12000;34.07083;      -0.37493; 95.93836;80.00000;20.00000;0.79233;2
 80.22100;34.07583;      -0.37494; 95.93643;80.00000;20.00000;0.79230;2
 80.33200;34.08083;      -0.37477; 95.93450;80.00000;20.00000;0.79228;2
 80.44100;34.08583;      -0.37469; 95.93257;80.00000;20.00000;0.79225;2
 80.54000;34.09083;      -0.37470; 95.92774;80.00000;20.00000;0.79222;2
 80.65600;34.09583;      -0.37490; 95.92485;80.00000;20.00000;0.79220;2
 80.75300;34.10083;      -0.37519; 95.92002;80.00000;20.00000;0.79217;2
 80.87300;34.10583;      -0.37576; 95.91713;80.00000;20.00000;0.79214;2
 80.96900;34.11083;      -0.37605; 95.91520;80.00000;20.00000;0.79212;2
 81.08600;34.11583;      -0.37616; 95.91230;80.00000;20.00000;0.79209;2
 81.19900;34.12083;      -0.37627; 95.91134;80.00000;20.00000;0.79206;2
 81.31200;34.12583;      -0.37619; 95.90941;80.00000;20.00000;0.79203;2
 81.40800;34.13083;      -0.37629; 95.90844;80.00000;20.00000;0.79201;2
 81.51800;34.13583;      -0.37658; 95.90555;80.00000;20.00000;0.79198;2
 81.63500;34.14083;      -0.37678; 95.90362;80.00000;20.00000;0.79195;2
 81.73600;34.14583;      -0.37726; 95.89976;80.00000;20.00000;0.79193;2
 81.83300;34.15083;      -0.37764; 95.89686;80.00000;20.00000;0.79190;2
 81.95300;34.15583;      -0.37831; 95.89397;80.00000;20.00000;0.79187;2
 82.06700;34.16083;      -0.37814; 95.89107;80.00000;20.00000;0.79184;2
 82.18200;34.16583;      -0.37824; 95.88914;80.00000;20.00000;0.79181;2
 82.28300;34.17083;      -0.37835; 95.88528;80.00000;20.00000;0.79179;2
 82.39200;34.17583;      -0.37855; 95.88335;80.00000;20.00000;0.79176;2
 82.49400;34.18083;      -0.37893; 95.87949;80.00000;20.00000;0.79174;2
 82.60000;34.18583;      -0.37913; 95.87853;80.00000;20.00000;0.79171;2
 82.71100;34.19083;      -0.37914; 95.87467;80.00000;20.00000;0.79168;2
 82.81000;34.19583;      -0.37906; 95.87274;80.00000;20.00000;0.79166;2
 82.92600;34.20083;      -0.37945; 95.87081;80.00000;20.00000;0.79163;2
 83.03100;34.20583;      -0.37974; 95.86791;80.00000;20.00000;0.79160;2
 83.13500;34.21083;      -0.37975; 95.86598;80.00000;20.00000;0.79157;2
 83.25300;34.21583;      -0.37995; 95.86309;80.00000;20.00000;0.79154;2
 83.35200;34.22083;      -0.37997; 95.86116;80.00000;20.00000;0.79152;2
 83.45700;34.22583;      -0.37988; 95.85826;80.00000;20.00000;0.79149;2
 83.56700;34.23083;      -0.37999; 95.85633;80.00000;20.00000;0.79146;2
 83.69200;34.23583;      -0.38038; 95.85344;80.00000;20.00000;0.79143;2
 83.79900;34.24083;      -0.38086; 95.84958;80.00000;20.00000;0.79141;2
 83.90300;34.24583;      -0.38124; 95.84668;80.00000;20.00000;0.79138;2
 84.00500;34.25083;      -0.38163; 95.84475;80.00000;20.00000;0.79135;2
 84.12100;34.25583;      -0.38192; 95.84282;80.00000;20.00000;0.79132;2
 84.23200;34.26083;      -0.38230; 95.83896;80.00000;20.00000;0.79130;2
 84.33500;34.26583;      -0.38260; 95.83510;80.00000;20.00000;0.79127;2
 84.43500;34.27083;      -0.38289; 95.83221;80.00000;20.00000;0.79125;2
 84.54100;34.27583;      -0.38290; 95.82835;80.00000;20.00000;0.79122;2
 84.65900;34.28083;      -0.38310; 95.82449;80.00000;20.00000;0.79119;2
 84.76800;34.28583;      -0.38330; 95.82063;80.00000;20.00000;0.79116;2
 84.88200;34.29083;      -0.38378; 95.81580;80.00000;20.00000;0.79113;2
 84.98600;34.29583;      -0.38398; 95.81194;80.00000;20.00000;0.79111;2
 85.09300;34.30083;      -0.38409; 95.80905;80.00000;20.00000;0.79108;2
 85.19600;34.30583;      -0.38419; 95.80615;80.00000;20.00000;0.79105;2
 85.31100;34.31083;      -0.38523; 95.80326;80.00000;20.00000;0.79102;2
 85.42300;34.31583;      -0.38589; 95.80133;80.00000;20.00000;0.79099;2
 85.53400;34.32083;      -0.38628; 95.79843;80.00000;20.00000;0.79097;2
 85.64500;34.32583;      -0.38629; 95.79554;80.00000;20.00000;0.79094;2
 85.74900;34.33083;      -0.38612; 95.79361;80.00000;20.00000;0.79091;2
 85.86600;34.33583;      -0.38604; 95.79264;80.00000;20.00000;0.79088;2
 85.98600;34.34083;      -0.38624; 95.78975;80.00000;20.00000;0.79085;2
 86.08700;34.34583;      -0.38635; 95.78878;80.00000;20.00000;0.79083;2
 86.19200;34.35083;      -0.38664; 95.78685;80.00000;20.00000;0.79080;2
 86.30000;34.35583;      -0.38731; 95.78492;80.00000;20.00000;0.79077;2
 86.41000;34.36083;      -0.38769; 95.78299;80.00000;20.00000;0.79074;2
 86.51400;34.36583;      -0.38799; 95.78106;80.00000;20.00000;0.79072;2
 86.61900;34.37083;      -0.38819; 95.78010;80.00000;20.00000;0.79069;2
 86.72700;34.37583;      -0.38866; 95.77817;80.00000;20.00000;0.79066;2
 86.84700;34.38083;      -0.38914; 95.77624;80.00000;20.00000;0.79063;2
 86.95700;34.38583;      -0.38953; 95.77431;80.00000;20.00000;0.79060;2
 87.06800;34.39083;      -0.39001; 95.77238;80.00000;20.00000;0.79057;2
 87.18300;34.39583;      -0.39058; 95.77045;80.00000;20.00000;0.79055;2
 87.28500;34.40083;      -0.39097; 95.76852;80.00000;20.00000;0.79052;2
 87.39400;34.40583;      -0.39126; 95.76659;80.00000;20.00000;0.79049;2
 87.50200;34.41083;      -0.39184; 95.76466;80.00000;20.00000;0.79046;2
 87.61600;34.41583;      -0.39204; 95.76369;80.00000;20.00000;0.79043;2
 87.73100;34.42083;      -0.39233; 95.76080;80.00000;20.00000;0.79040;2
 87.83800;34.42583;      -0.39225; 95.75887;80.00000;20.00000;0.79038;2
 87.93800;34.43083;      -0.39264; 95.75694;80.00000;20.00000;0.79035;2
 88.06300;34.43583;      -0.39396; 95.75597;80.00000;20.00000;0.79032;2
 88.14500;34.44083;      -0.39527; 95.75404;80.00000;20.00000;0.79030;2
 88.26200;34.44583;      -0.39585; 95.75211;80.00000;20.00000;0.79027;2
 88.38300;34.45083;      -0.39595; 95.75018;80.00000;20.00000;0.79024;2
 88.48700;34.45583;      -0.39606; 95.74825;80.00000;20.00000;0.79021;2
 88.59700;34.46083;      -0.39607; 95.74729;80.00000;20.00000;0.79018;2
 88.70500;34.46583;      -0.39646; 95.74536;80.00000;20.00000;0.79015;2
 88.81400;34.47083;      -0.39675; 95.74246;80.00000;20.00000;0.79013;2
 88.92700;34.47583;      -0.39686; 95.74053;80.00000;20.00000;0.79010;2
 89.04800;34.48083;      -0.39790; 95.73957;80.00000;20.00000;0.79007;2
 89.14500;34.48583;      -0.39829; 95.73764;80.00000;20.00000;0.79004;2
 89.25700;34.49083;      -0.39830; 95.73571;80.00000;20.00000;0.79001;2
 89.37300;34.49583;      -0.39906; 95.73281;80.00000;20.00000;0.78998;2
 89.48000;34.50083;      -0.39954; 95.73185;80.00000;20.00000;0.78995;2
 89.58700;34.50583;      -0.40002; 95.72895;80.00000;20.00000;0.78993;2
 89.69600;34.51083;      -0.40050; 95.72702;80.00000;20.00000;0.78990;2
 89.81800;34.51583;      -0.40108; 95.72413;80.00000;20.00000;0.78987;2
 89.91000;34.52083;      -0.40146; 95.72220;80.00000;20.00000;0.78984;2
 90.01600;34.52583;      -0.40213; 95.72027;80.00000;20.00000;0.78982;2
 90.14400;34.53083;      -0.40336; 95.71834;80.00000;20.00000;0.78978;2
 90.24300;34.53583;      -0.40393; 95.71641;80.00000;20.00000;0.78976;2
 90.35300;34.54083;      -0.40432; 95.71448;80.00000;20.00000;0.78973;2
 90.47000;34.54583;      -0.40461; 95.71255;80.00000;20.00000;0.78970;2
 90.56800;34.55083;      -0.40491; 95.70965;80.00000;20.00000;0.78967;2
 90.68500;34.55583;      -0.40548; 95.70483;80.00000;20.00000;0.78964;2
 90.79600;34.56083;      -0.40606; 95.70290;80.00000;20.00000;0.78961;2
 90.90200;34.56583;      -0.40654; 95.70000;80.00000;20.00000;0.78959;2
 91.02200;34.57083;      -0.40711; 95.69807;80.00000;20.00000;0.78955;2
 91.13400;34.57583;      -0.40769; 95.69614;80.00000;20.00000;0.78953;2
 91.23700;34.58083;      -0.40826; 95.69035;80.00000;20.00000;0.78950;2
 91.35300;34.58583;      -0.40874; 95.68553;80.00000;20.00000;0.78947;2
 91.46300;34.59083;      -0.40913; 95.68360;80.00000;20.00000;0.78944;2
 91.57000;34.59583;      -0.40970; 95.67974;80.00000;20.00000;0.78941;2
 91.68400;34.60083;      -0.41084; 95.67781;80.00000;20.00000;0.78938;2
 91.80100;34.60583;      -0.41141; 95.67491;80.00000;20.00000;0.78935;2
 91.90500;34.61083;      -0.41227; 95.67298;80.00000;20.00000;0.78932;2
 91.99900;34.61583;      -0.41321; 95.67009;80.00000;20.00000;0.78930;2
 92.12400;34.62083;      -0.41323; 95.66719;80.00000;20.00000;0.78927;2
 92.23200;34.62583;      -0.41353; 95.66526;80.00000;20.00000;0.78924;2
 92.35200;34.63083;      -0.41466; 95.66333;80.00000;20.00000;0.78921;2
 92.46800;34.63583;      -0.41570; 95.66044;80.00000;20.00000;0.78918;2
 92.56900;34.64083;      -0.41665; 95.65851;80.00000;20.00000;0.78915;2
 92.66700;34.64583;      -0.41657; 95.65658;80.00000;20.00000;0.78913;2
 92.79700;34.65083;      -0.41668; 95.65465;80.00000;20.00000;0.78909;2
 92.89900;34.65583;      -0.41716; 95.65272;80.00000;20.00000;0.78907;2
 93.01400;34.66083;      -0.41839; 95.65079;80.00000;20.00000;0.78904;2
 93.12800;34.66583;      -0.41943; 95.64886;80.00000;20.00000;0.78901;2
 93.22800;34.67083;      -0.42029; 95.64693;80.00000;20.00000;0.78898;2
 93.34300;34.67583;      -0.42077; 95.64403;80.00000;20.00000;0.78895;2
 93.45600;34.68083;      -0.42163; 95.64307;80.00000;20.00000;0.78892;2
 93.56400;34.68583;      -0.42229; 95.64017;80.00000;20.00000;0.78889;2
 93.68100;34.69083;      -0.42296; 95.63728;80.00000;20.00000;0.78886;2
 93.79100;34.69583;      -0.42382; 95.63631;80.00000;20.00000;0.78883;2
 93.89600;34.70083;      -0.42458; 95.63342;80.00000;20.00000;0.78880;2
 94.01600;34.70583;      -0.42525; 95.63149;80.00000;20.00000;0.78877;2
 94.11100;34.71083;      -0.42601; 95.62956;80.00000;20.00000;0.78875;2
 94.22600;34.71583;      -0.42696; 95.62859;80.00000;20.00000;0.78872;2
 94.35700;34.72083;      -0.42782; 95.62570;80.00000;20.00000;0.78868;2
 94.46500;34.72583;      -0.42830; 95.62377;80.00000;20.00000;0.78865;2
 94.56400;34.73083;      -0.42906; 95.62184;80.00000;20.00000;0.78863;2
 94.67900;34.73583;      -0.42983; 95.61991;80.00000;20.00000;0.78860;2
 94.78700;34.74083;      -0.43078; 95.61798;80.00000;20.00000;0.78857;2
 94.91600;34.74583;      -0.43173; 95.61412;80.00000;20.00000;0.78853;2
 95.01400;34.75083;      -0.43268; 95.61122;80.00000;20.00000;0.78851;2
 95.12100;34.75583;      -0.43334; 95.60736;80.00000;20.00000;0.78848;2
 95.23400;34.76083;      -0.43420; 95.60543;80.00000;20.00000;0.78845;2
 95.34300;34.76583;      -0.43515; 95.60254;80.00000;20.00000;0.78842;2
 95.47400;34.77083;      -0.43620; 95.60061;80.00000;20.00000;0.78839;2
 95.56900;34.77583;      -0.43733; 95.59771;80.00000;20.00000;0.78836;2
 95.67500;34.78083;      -0.43819; 95.59578;80.00000;20.00000;0.78833;2
 95.79500;34.78583;      -0.43914; 95.59289;80.00000;20.00000;0.78830;2
 95.89600;34.79083;      -0.44000; 95.59192;80.00000;20.00000;0.78828;2
 96.00200;34.79583;      -0.44094; 95.59096;80.00000;20.00000;0.78825;2
 96.13300;34.80083;      -0.44190; 95.58999;80.00000;20.00000;0.78821;2
 96.24600;34.80583;      -0.44276; 95.58903;80.00000;20.00000;0.78818;2
 96.34300;34.81083;      -0.44342; 95.58807;80.00000;20.00000;0.78816;2
 96.46600;34.81583;      -0.44428; 95.58710;80.00000;20.00000;0.78812;2
 96.57100;34.82083;      -0.44505; 95.58421;80.00000;20.00000;0.78810;2
 96.69000;34.82583;      -0.44609; 95.58324;80.00000;20.00000;0.78807;2
 96.80300;34.83083;      -0.44648; 95.58131;80.00000;20.00000;0.78804;2
 96.90800;34.83583;      -0.44753; 95.57938;80.00000;20.00000;0.78801;2
 97.01500;34.84083;      -0.44848; 95.57842;80.00000;20.00000;0.78798;2
 97.13900;34.84583;      -0.44962; 95.57649;80.00000;20.00000;0.78795;2
 97.24600;34.85083;      -0.45038; 95.57552;80.00000;20.00000;0.78792;2
 97.36000;34.85583;      -0.45105; 95.57263;80.00000;20.00000;0.78789;2
 97.48200;34.86083;      -0.45219; 95.57070;80.00000;20.00000;0.78785;2
 97.58100;34.86583;      -0.45333; 95.56780;80.00000;20.00000;0.78783;2
 97.69200;34.87083;      -0.45419; 95.56491;80.00000;20.00000;0.78780;2
 97.80500;34.87583;      -0.45542; 95.56201;80.00000;20.00000;0.78777;2
 97.91300;34.88083;      -0.45665; 95.55912;80.00000;20.00000;0.78774;2
 98.02900;34.88583;      -0.45798; 95.55622;80.00000;20.00000;0.78771;2
 98.14200;34.89083;      -0.45921; 95.55429;80.00000;20.00000;0.78768;2
 98.26300;34.89583;      -0.46016; 95.55140;80.00000;20.00000;0.78765;2
 98.35700;34.90083;      -0.46121; 95.54850;80.00000;20.00000;0.78762;2
 98.47700;34.90583;      -0.46244; 95.54657;80.00000;20.00000;0.78759;2
 98.59600;34.91083;      -0.46339; 95.54368;80.00000;20.00000;0.78756;2
 98.71700;34.91583;      -0.46416; 95.54175;80.00000;20.00000;0.78753;2
 98.82100;34.92083;      -0.46492; 95.53885;80.00000;20.00000;0.78750;2
 98.92900;34.92583;      -0.46588; 95.53596;80.00000;20.00000;0.78747;2
 99.03800;34.93083;      -0.46711; 95.53306;80.00000;20.00000;0.78744;2
 99.15300;34.93583;      -0.46825; 95.53113;80.00000;20.00000;0.78741;2
 99.27200;34.94083;      -0.46930; 95.52824;80.00000;20.00000;0.78738;2
 99.39100;34.94583;      -0.46997; 95.52438;80.00000;20.00000;0.78734;2
 99.51000;34.95083;      -0.47102; 95.52148;80.00000;20.00000;0.78731;2
 99.61500;34.95583;      -0.47216; 95.51859;80.00000;20.00000;0.78728;2
 99.72500;34.96083;      -0.47348; 95.51666;80.00000;20.00000;0.78725;2
 99.83600;34.96583;      -0.47481; 95.51376;80.00000;20.00000;0.78722;2
 99.94700;34.97083;      -0.47586; 95.51280;80.00000;20.00000;0.78720;2
100.06000;34.97583;      -0.47691; 95.50990;80.00000;20.00000;0.78716;2
100.18000;34.98083;      -0.47823; 95.50797;80.00000;20.00000;0.78713;2
100.28300;34.98583;      -0.47928; 95.50701;80.00000;20.00000;0.78710;2
100.40400;34.99083;      -0.48042; 95.50508;80.00000;20.00000;0.78707;2
100.51900;34.99583;      -0.48147; 95.50315;80.00000;20.00000;0.78704;2
100.62400;35.00083;      -0.48242; 95.50122;80.00000;20.00000;0.78701;2
100.74300;35.00583;      -0.48347; 95.49929;80.00000;20.00000;0.78698;2
100.86500;35.01083;      -0.48471; 95.49736;80.00000;20.00000;0.78695;2
100.98100;35.01583;      -0.48585; 95.49543;80.00000;20.00000;0.78692;2
101.08400;35.02083;      -0.48718; 95.49350;80.00000;20.00000;0.78689;2
101.20200;35.02583;      -0.48841; 95.49157;80.00000;20.00000;0.78686;2
101.30700;35.03083;      -0.48965; 95.48964;80.00000;20.00000;0.78683;2
101.42200;35.03583;      -0.49060; 95.48674;80.00000;20.00000;0.78680;2
101.52700;35.04083;      -0.49184; 95.48481;80.00000;20.00000;0.78677;2
101.64500;35.04583;      -0.49354; 95.48385;80.00000;20.00000;0.78674;2
101.76000;35.05083;      -0.49487; 95.48095;80.00000;20.00000;0.78671;2
101.87000;35.05583;      -0.49573; 95.47806;80.00000;20.00000;0.78668;2
101.98100;35.06083;      -0.49659; 95.47613;80.00000;20.00000;0.78665;2
102.10600;35.06583;      -0.49764; 95.47323;80.00000;20.00000;0.78661;2
102.21600;35.07083;      -0.49888; 95.47227;80.00000;20.00000;0.78658;2
102.33300;35.07583;      -0.50030; 95.46937;80.00000;20.00000;0.78655;2
102.44900;35.08083;      -0.50173; 95.46744;80.00000;20.00000;0.78652;2
102.55700;35.08583;      -0.50296; 95.46551;80.00000;20.00000;0.78649;2
102.67500;35.09083;      -0.50429; 95.46455;80.00000;20.00000;0.78646;2
102.78600;35.09583;      -0.50553; 95.46358;80.00000;20.00000;0.78643;2
102.90900;35.10083;      -0.50686; 95.46165;80.00000;20.00000;0.78639;2
103.02200;35.10583;      -0.50829; 95.45972;80.00000;20.00000;0.78636;2
103.14300;35.11083;      -0.50943; 95.45779;80.00000;20.00000;0.78633;2
103.24200;35.11583;      -0.51067; 95.45683;80.00000;20.00000;0.78630;2
103.35300;35.12083;      -0.51228; 95.45490;80.00000;20.00000;0.78627;2
103.47600;35.12583;      -0.51380; 95.45297;80.00000;20.00000;0.78624;2
103.60000;35.13083;      -0.51504; 95.45104;80.00000;20.00000;0.78621;2
103.69800;35.13583;      -0.51646; 95.45007;80.00000;20.00000;0.78618;2
103.81900;35.14083;      -0.51742; 95.44814;80.00000;20.00000;0.78615;2
103.92300;35.14583;      -0.51828; 95.44621;80.00000;20.00000;0.78612;2
104.03400;35.15083;      -0.51942; 95.44525;80.00000;20.00000;0.78609;2
104.15400;35.15583;      -0.52169; 95.44332;80.00000;20.00000;0.78606;2
104.27400;35.16083;      -0.52256; 95.44235;80.00000;20.00000;0.78602;2
104.39200;35.16583;      -0.52361; 95.44235;80.00000;20.00000;0.78599;2
104.50200;35.17083;      -0.52494; 95.44042;80.00000;20.00000;0.78596;2
104.61200;35.17583;      -0.52590; 95.43946;80.00000;20.00000;0.78593;2
104.73500;35.18083;      -0.52704; 95.43849;80.00000;20.00000;0.78590;2
104.84900;35.18583;      -0.52847; 95.43753;80.00000;20.00000;0.78587;2
104.95100;35.19083;      -0.52971; 95.43560;80.00000;20.00000;0.78584;2
105.07100;35.19583;      -0.53095; 95.43463;80.00000;20.00000;0.78580;2
105.19400;35.20083;      -0.53247; 95.43174;80.00000;20.00000;0.78577;2
105.31500;35.20583;      -0.53418; 95.42981;80.00000;20.00000;0.78574;2
105.42500;35.21083;      -0.53579; 95.42884;80.00000;20.00000;0.78571;2
105.53400;35.21583;      -0.53750; 95.42691;80.00000;20.00000;0.78568;2
105.65400;35.22083;      -0.53883; 95.42498;80.00000;20.00000;0.78565;2
105.76700;35.22583;      -0.54017; 95.42402;80.00000;20.00000;0.78561;2
105.88100;35.23083;      -0.54113; 95.42209;80.00000;20.00000;0.78558;2
105.99800;35.23583;      -0.54255; 95.42016;80.00000;20.00000;0.78555;2
106.10100;35.24083;      -0.54379; 95.41823;80.00000;20.00000;0.78552;2
106.22800;35.24583;      -0.54503; 95.41726;80.00000;20.00000;0.78549;2
106.33400;35.25083;      -0.54627; 95.41533;80.00000;20.00000;0.78546;2
106.45200;35.25583;      -0.54761; 95.41340;80.00000;20.00000;0.78543;2
106.56000;35.26083;      -0.54875; 95.41244;80.00000;20.00000;0.78540;2
106.68400;35.26583;      -0.55009; 95.41051;80.00000;20.00000;0.78536;2
106.79600;35.27083;      -0.55152; 95.40761;80.00000;20.00000;0.78533;2
106.90700;35.27583;      -0.55276; 95.40568;80.00000;20.00000;0.78530;2
107.02500;35.28083;      -0.55372; 95.40375;80.00000;20.00000;0.78527;2
107.14800;35.28583;      -0.55496; 95.40279;80.00000;20.00000;0.78523;2
107.25400;35.29083;      -0.55658; 95.39989;80.00000;20.00000;0.78520;2
107.37300;35.29583;      -0.55772; 95.39796;80.00000;20.00000;0.78517;2
107.48500;35.30083;      -0.55887; 95.39603;80.00000;20.00000;0.78514;2
107.60300;35.30583;      -0.55983; 95.39217;80.00000;20.00000;0.78511;2
107.70500;35.31083;      -0.56116; 95.39024;80.00000;20.00000;0.78508;2
107.82700;35.31583;      -0.56278; 95.38638;80.00000;20.00000;0.78505;2
107.95000;35.32083;      -0.56440; 95.38445;80.00000;20.00000;0.78501;2
108.06200;35.32583;      -0.56611; 95.38252;80.00000;20.00000;0.78498;2
108.16900;35.33083;      -0.56763; 95.37963;80.00000;20.00000;0.78495;2
108.28800;35.33583;      -0.56888; 95.37770;80.00000;20.00000;0.78492;2
108.40500;35.34083;      -0.57031; 95.37384;80.00000;20.00000;0.78489;2
108.52000;35.34583;      -0.57193; 95.37191;80.00000;20.00000;0.78485;2
108.64600;35.35083;      -0.57317; 95.36998;80.00000;20.00000;0.78482;2
108.75500;35.35583;      -0.57460; 95.36708;80.00000;20.00000;0.78479;2
108.86800;35.36083;      -0.57566; 95.36515;80.00000;20.00000;0.78476;2
108.98300;35.36583;      -0.57709; 95.36226;80.00000;20.00000;0.78473;2
109.09700;35.37083;      -0.57824; 95.36033;80.00000;20.00000;0.78469;2
109.20500;35.37583;      -0.57966; 95.35840;80.00000;20.00000;0.78466;2
109.33000;35.38083;      -0.58082; 95.35550;80.00000;20.00000;0.78463;2
109.44500;35.38583;      -0.58197; 95.35357;80.00000;20.00000;0.78460;2
109.55300;35.39083;      -0.58311; 95.34971;80.00000;20.00000;0.78457;2
109.67200;35.39583;      -0.58473; 95.34875;80.00000;20.00000;0.78453;2
109.79500;35.40083;      -0.58607; 95.34585;80.00000;20.00000;0.78450;2
109.90500;35.40583;      -0.58741; 95.34392;80.00000;20.00000;0.78447;2
110.01200;35.41083;      -0.58875; 95.34199;80.00000;20.00000;0.78444;2
110.12500;35.41583;      -0.58990; 95.33910;80.00000;20.00000;0.78441;2
110.24000;35.42083;      -0.59123; 95.33813;80.00000;20.00000;0.78438;2
110.35400;35.42583;      -0.59304; 95.33524;80.00000;20.00000;0.78434;2
110.48400;35.43083;      -0.59495; 95.33331;80.00000;20.00000;0.78431;2
110.59300;35.43583;      -0.59610; 95.33138;80.00000;20.00000;0.78428;2
110.70900;35.44083;      -0.59725; 95.32945;80.00000;20.00000;0.78425;2
110.81900;35.44583;      -0.59849; 95.32752;80.00000;20.00000;0.78422;2
110.93800;35.45083;      -0.59908; 95.32462;80.00000;20.00000;0.78418;2
111.05400;35.45583;      -0.60014; 95.32269;80.00000;20.00000;0.78415;2
111.17100;35.46083;      -0.60176; 95.32076;80.00000;20.00000;0.78412;2
111.28000;35.46583;      -0.60291; 95.31883;80.00000;20.00000;0.78409;2
111.40500;35.47083;      -0.60444; 95.31690;80.00000;20.00000;0.78405;2
111.51600;35.47583;      -0.60606; 95.31497;80.00000;20.00000;0.78402;2
111.64000;35.48083;      -0.60759; 95.31304;80.00000;20.00000;0.78399;2
111.74900;35.48583;      -0.60893; 95.31208;80.00000;20.00000;0.78395;2
111.86000;35.49083;      -0.61027; 95.31111;80.00000;20.00000;0.78392;2
111.99100;35.49583;      -0.61133; 95.31015;80.00000;20.00000;0.78389;2
112.08500;35.50083;      -0.61266; 95.30918;80.00000;20.00000;0.78386;2
112.20400;35.50583;      -0.61419; 95.30918;80.00000;20.00000;0.78383;2
112.32300;35.51083;      -0.61610; 95.30822;80.00000;20.00000;0.78379;2
112.42700;35.51583;      -0.61687; 95.30822;80.00000;20.00000;0.78376;2
112.55000;35.52083;      -0.61746; 95.30725;80.00000;20.00000;0.78373;2
112.67400;35.52583;      -0.61918; 95.30532;80.00000;20.00000;0.78370;2
112.78100;35.53083;      -0.62071; 95.30532;80.00000;20.00000;0.78367;2
112.89500;35.53583;      -0.62214; 95.30436;80.00000;20.00000;0.78363;2
113.02000;35.54083;      -0.62367; 95.30339;80.00000;20.00000;0.78360;2
113.13300;35.54583;      -0.62530; 95.30339;80.00000;20.00000;0.78357;2
113.25300;35.55083;      -0.62673; 95.30243;80.00000;20.00000;0.78353;2
113.36500;35.55583;      -0.62817; 95.30146;80.00000;20.00000;0.78350;2
113.47800;35.56083;      -0.62857; 95.30050;80.00000;20.00000;0.78347;2
113.58500;35.56583;      -0.62944; 95.29857;80.00000;20.00000;0.78344;2
113.71200;35.57083;      -0.63088; 95.29760;80.00000;20.00000;0.78340;2
113.82900;35.57583;      -0.63316; 95.29664;80.00000;20.00000;0.78337;2
113.92500;35.58083;      -0.63459; 95.29567;80.00000;20.00000;0.78334;2
114.06500;35.58583;      -0.63584; 95.29471;80.00000;20.00000;0.78330;2
114.16900;35.59083;      -0.63747; 95.29374;80.00000;20.00000;0.78327;2
114.28800;35.59583;      -0.63890; 95.29278;80.00000;20.00000;0.78324;2
114.40000;35.60083;      -0.64025; 95.29085;80.00000;20.00000;0.78321;2
114.51500;35.60583;      -0.64140; 95.28988;80.00000;20.00000;0.78318;2
114.62700;35.61083;      -0.64246; 95.28795;80.00000;20.00000;0.78314;2
114.75300;35.61583;      -0.64362; 95.28699;80.00000;20.00000;0.78311;2
114.86500;35.62083;      -0.64515; 95.28602;80.00000;20.00000;0.78308;2
114.98200;35.62583;      -0.64640; 95.28409;80.00000;20.00000;0.78304;2
115.08800;35.63083;      -0.64755; 95.28313;80.00000;20.00000;0.78301;2
115.20800;35.63583;      -0.64880; 95.28120;80.00000;20.00000;0.78298;2
115.32400;35.64083;      -0.65033; 95.27927;80.00000;20.00000;0.78295;2
115.44800;35.64583;      -0.65158; 95.27734;80.00000;20.00000;0.78291;2
115.55800;35.65083;      -0.65265; 95.27637;80.00000;20.00000;0.78288;2
115.67600;35.65583;      -0.65390; 95.27444;80.00000;20.00000;0.78285;2
115.79500;35.66083;      -0.65505; 95.27348;80.00000;20.00000;0.78281;2
115.90600;35.66583;      -0.65640; 95.27058;80.00000;20.00000;0.78278;2
116.03700;35.67083;      -0.65793; 95.26865;80.00000;20.00000;0.78274;2
116.14100;35.67583;      -0.65927; 95.26672;80.00000;20.00000;0.78271;2
116.25700;35.68083;      -0.66099; 95.26383;80.00000;20.00000;0.78268;2
116.37200;35.68583;      -0.66253; 95.26093;80.00000;20.00000;0.78265;2
116.48300;35.69083;      -0.66359; 95.25900;80.00000;20.00000;0.78262;2
116.60000;35.69583;      -0.66484; 95.25611;80.00000;20.00000;0.78258;2
116.71900;35.70083;      -0.66600; 95.25418;80.00000;20.00000;0.78255;2
116.83100;35.70583;      -0.66753; 95.25128;80.00000;20.00000;0.78252;2
116.94600;35.71083;      -0.66906; 95.24839;80.00000;20.00000;0.78249;2
117.07600;35.71583;      -0.67032; 95.24742;80.00000;20.00000;0.78245;2
117.17800;35.72083;      -0.67176; 95.24549;80.00000;20.00000;0.78242;2
117.30000;35.72583;      -0.67235; 95.24356;80.00000;20.00000;0.78238;2
117.41900;35.73083;      -0.67332; 95.24260;80.00000;20.00000;0.78235;2
117.53200;35.73583;      -0.67476; 95.24163;80.00000;20.00000;0.78232;2
117.64600;35.74083;      -0.67611; 95.24067;80.00000;20.00000;0.78229;2
117.76300;35.74583;      -0.67717; 95.23970;80.00000;20.00000;0.78225;2
117.87500;35.75083;      -0.67814; 95.23970;80.00000;20.00000;0.78222;2
117.99500;35.75583;      -0.67911; 95.23874;80.00000;20.00000;0.78219;2
118.10100;35.76083;      -0.68045; 95.23777;80.00000;20.00000;0.78216;2
118.22600;35.76583;      -0.68218; 95.23681;80.00000;20.00000;0.78212;2
118.35500;35.77083;      -0.68400; 95.23584;80.00000;20.00000;0.78208;2
118.45800;35.77583;      -0.68525; 95.23584;80.00000;20.00000;0.78205;2
118.57000;35.78083;      -0.68669; 95.23391;80.00000;20.00000;0.78202;2
118.68700;35.78583;      -0.68804; 95.23295;80.00000;20.00000;0.78199;2
118.80200;35.79083;      -0.68948; 95.23198;80.00000;20.00000;0.78195;2
118.91800;35.79583;      -0.69083; 95.23005;80.00000;20.00000;0.78192;2
119.03200;35.80083;      -0.69217; 95.22909;80.00000;20.00000;0.78189;2
119.15300;35.80583;      -0.69324; 95.22812;80.00000;20.00000;0.78185;2
119.27200;35.81083;      -0.69393; 95.22716;80.00000;20.00000;0.78182;2
119.38900;35.81583;      -0.69500; 95.22233;80.00000;20.00000;0.78179;2
119.50100;35.82083;      -0.69559; 95.22040;80.00000;20.00000;0.78175;2
119.62300;35.82583;      -0.69684; 95.21847;80.00000;20.00000;0.78172;2
119.73300;35.83083;      -0.69800; 95.21654;80.00000;20.00000;0.78169;2
119.84600;35.83583;      -0.69954; 95.21365;80.00000;20.00000;0.78165;2
119.97300;35.84083;      -0.70136; 95.21172;80.00000;20.00000;0.78162;2
120.07800;35.84583;      -0.70299; 95.20979;80.00000;20.00000;0.78159;2
120.19800;35.85083;      -0.70415; 95.20689;80.00000;20.00000;0.78155;2
120.32200;35.85583;      -0.70484; 95.20496;80.00000;20.00000;0.78152;2
120.42400;35.86083;      -0.70675; 95.20400;80.00000;20.00000;0.78149;2
120.54700;35.86583;      -0.70820; 95.20207;80.00000;20.00000;0.78145;2
120.66500;35.87083;      -0.70927; 95.19917;80.00000;20.00000;0.78142;2
120.77200;35.87583;      -0.71014; 95.19821;80.00000;20.00000;0.78139;2
120.91100;35.88083;      -0.71140; 95.19724;80.00000;20.00000;0.78135;2
121.00700;35.88583;      -0.71265; 95.19628;80.00000;20.00000;0.78132;2
121.13600;35.89083;      -0.71410; 95.19435;80.00000;20.00000;0.78128;2
121.24900;35.89583;      -0.71517; 95.19435;80.00000;20.00000;0.78125;2
121.37000;35.90083;      -0.71633; 95.19338;80.00000;20.00000;0.78121;2
121.48300;35.90583;      -0.71730; 95.19242;80.00000;20.00000;0.78118;2
121.60600;35.91083;      -0.71875; 95.19145;80.00000;20.00000;0.78115;2
121.70800;35.91583;      -0.72000; 95.19049;80.00000;20.00000;0.78112;2
121.82900;35.92083;      -0.72154; 95.18952;80.00000;20.00000;0.78108;2
121.94500;35.92583;      -0.72271; 95.18759;80.00000;20.00000;0.78105;2
122.06300;35.93083;      -0.72274; 95.18663;80.00000;20.00000;0.78101;2
122.17400;35.93583;      -0.72427; 95.18566;80.00000;20.00000;0.78098;2
122.29200;35.94083;      -0.72582; 95.18470;80.00000;20.00000;0.78095;2
122.40600;35.94583;      -0.72717; 95.18277;80.00000;20.00000;0.78091;2
122.52900;35.95083;      -0.72852; 95.18180;80.00000;20.00000;0.78088;2
122.64300;35.95583;      -0.72930; 95.18084;80.00000;20.00000;0.78084;2
122.74400;35.96083;      -0.73065; 95.17891;80.00000;20.00000;0.78082;2
122.86900;35.96583;      -0.73219; 95.17794;80.00000;20.00000;0.78078;2
122.98800;35.97083;      -0.73345; 95.17698;80.00000;20.00000;0.78074;2
123.09800;35.97583;      -0.73452; 95.17601;80.00000;20.00000;0.78071;2
123.22100;35.98083;      -0.73578; 95.17408;80.00000;20.00000;0.78068;2
123.31800;35.98583;      -0.73713; 95.17215;80.00000;20.00000;0.78065;2
123.44600;35.99083;      -0.73839; 95.17022;80.00000;20.00000;0.78061;2
123.57000;35.99583;      -0.74012; 95.16926;80.00000;20.00000;0.78057;2
123.68300;36.00083;      -0.74119; 95.16733;80.00000;20.00000;0.78054;2
123.79500;36.00583;      -0.74179; 95.16540;80.00000;20.00000;0.78051;2
123.91900;36.01083;      -0.74210; 95.16443;80.00000;20.00000;0.78047;2
124.02900;36.01583;      -0.74298; 95.16250;80.00000;20.00000;0.78044;2
124.15400;36.02083;      -0.74377; 95.16057;80.00000;20.00000;0.78040;2
124.25800;36.02583;      -0.74597; 95.15961;80.00000;20.00000;0.78037;2
124.37900;36.03083;      -0.74827; 95.15864;80.00000;20.00000;0.78034;2
124.49900;36.03583;      -0.74972; 95.15671;80.00000;20.00000;0.78030;2
124.61300;36.04083;      -0.75088; 95.15382;80.00000;20.00000;0.78027;2
124.72600;36.04583;      -0.75186; 95.15285;80.00000;20.00000;0.78024;2
124.84200;36.05083;      -0.75265; 95.15189;80.00000;20.00000;0.78020;2
124.96300;36.05583;      -0.75372; 95.15092;80.00000;20.00000;0.78017;2
125.07200;36.06083;      -0.75498; 95.14899;80.00000;20.00000;0.78014;2
125.19300;36.06583;      -0.75605; 95.14803;80.00000;20.00000;0.78010;2
125.31900;36.07083;      -0.75693; 95.14610;80.00000;20.00000;0.78006;2
125.42700;36.07583;      -0.75810; 95.14513;80.00000;20.00000;0.78003;2
125.54700;36.08083;      -0.75936; 95.14224;80.00000;20.00000;0.78000;2
125.66600;36.08583;      -0.76090; 95.14127;80.00000;20.00000;0.77996;2
125.77300;36.09083;      -0.76216; 95.13934;80.00000;20.00000;0.77993;2
125.88700;36.09583;      -0.76342; 95.13838;80.00000;20.00000;0.77990;2
126.00800;36.10083;      -0.76440; 95.13645;80.00000;20.00000;0.77986;2
126.12300;36.10583;      -0.76490; 95.13452;80.00000;20.00000;0.77983;2
126.23000;36.11083;      -0.76597; 95.13355;80.00000;20.00000;0.77980;2
126.35300;36.11583;      -0.76742; 95.13066;80.00000;20.00000;0.77976;2
126.47000;36.12083;      -0.76878; 95.12873;80.00000;20.00000;0.77973;2
126.59700;36.12583;      -0.76995; 95.12776;80.00000;20.00000;0.77969;2
126.70900;36.13083;      -0.77083; 95.12583;80.00000;20.00000;0.77966;2
126.81700;36.13583;      -0.77209; 95.12390;80.00000;20.00000;0.77962;2
126.94500;36.14083;      -0.77326; 95.12197;80.00000;20.00000;0.77959;2
127.05300;36.14583;      -0.77443; 95.12101;80.00000;20.00000;0.77955;2
127.17400;36.15083;      -0.77560; 95.12004;80.00000;20.00000;0.77952;2
127.29100;36.15583;      -0.77686; 95.11811;80.00000;20.00000;0.77948;2
127.41000;36.16083;      -0.77803; 95.11715;80.00000;20.00000;0.77945;2
127.51700;36.16583;      -0.77910; 95.11522;80.00000;20.00000;0.77942;2
127.63600;36.17083;      -0.78027; 95.11329;80.00000;20.00000;0.77938;2
127.75600;36.17583;      -0.78144; 95.11232;80.00000;20.00000;0.77935;2
127.85900;36.18083;      -0.78269; 95.11136;80.00000;20.00000;0.77932;2
127.98900;36.18583;      -0.78387; 95.10943;80.00000;20.00000;0.77928;2
128.08800;36.19083;      -0.78512; 95.10750;80.00000;20.00000;0.77925;2
128.22200;36.19583;      -0.78658; 95.10653;80.00000;20.00000;0.77921;2
128.34300;36.20083;      -0.78785; 95.10460;80.00000;20.00000;0.77917;2
128.45500;36.20583;      -0.78892; 95.10364;80.00000;20.00000;0.77914;2
128.57600;36.21083;      -0.79028; 95.10171;80.00000;20.00000;0.77910;2
128.68500;36.21583;      -0.79135; 95.09978;80.00000;20.00000;0.77907;2
128.79900;36.22083;      -0.79233; 95.09881;80.00000;20.00000;0.77904;2
128.91299;36.22583;      -0.79331; 95.09785;80.00000;20.00000;0.77900;2
129.04601;36.23083;      -0.79411; 95.09592;80.00000;20.00000;0.77896;2
129.15500;36.23583;      -0.79518; 95.09399;80.00000;20.00000;0.77893;2
129.27100;36.24083;      -0.79606; 95.09303;80.00000;20.00000;0.77890;2
129.38100;36.24583;      -0.79714; 95.09110;80.00000;20.00000;0.77887;2
129.50800;36.25083;      -0.79822; 95.09013;80.00000;20.00000;0.77883;2
129.61000;36.25583;      -0.79948; 95.08820;80.00000;20.00000;0.77880;2
129.72800;36.26083;      -0.80055; 95.08724;80.00000;20.00000;0.77876;2
129.85300;36.26583;      -0.80153; 95.08531;80.00000;20.00000;0.77872;2
129.96600;36.27083;      -0.80280; 95.08241;80.00000;20.00000;0.77869;2
130.08501;36.27583;      -0.80406; 95.08048;80.00000;20.00000;0.77866;2
130.18201;36.28083;      -0.80542; 95.07855;80.00000;20.00000;0.77863;2
130.31200;36.28583;      -0.80678; 95.07566;80.00000;20.00000;0.77859;2
130.42900;36.29083;      -0.80795; 95.07373;80.00000;20.00000;0.77855;2
130.55200;36.29583;      -0.80903; 95.07083;80.00000;20.00000;0.77852;2
130.66299;36.30083;      -0.81001; 95.06794;80.00000;20.00000;0.77848;2
130.77901;36.30583;      -0.81071; 95.06601;80.00000;20.00000;0.77845;2
130.89500;36.31083;      -0.81150; 95.06408;80.00000;20.00000;0.77841;2
131.01500;36.31583;      -0.81324; 95.06215;80.00000;20.00000;0.77838;2
131.12500;36.32083;      -0.81498; 95.05925;80.00000;20.00000;0.77835;2
131.23300;36.32583;      -0.81586; 95.05829;80.00000;20.00000;0.77831;2
131.36301;36.33083;      -0.81685; 95.05732;80.00000;20.00000;0.77827;2
131.47501;36.33583;      -0.81764; 95.05732;80.00000;20.00000;0.77824;2
131.59300;36.34083;      -0.81834; 95.05539;80.00000;20.00000;0.77821;2
131.69800;36.34583;      -0.81932; 95.05443;80.00000;20.00000;0.77817;2
131.82001;36.35083;      -0.82049; 95.05443;80.00000;20.00000;0.77814;2
131.93401;36.35583;      -0.82186; 95.05346;80.00000;20.00000;0.77810;2
132.05600;36.36083;      -0.82312; 95.05250;80.00000;20.00000;0.77807;2
132.15700;36.36583;      -0.82448; 95.05153;80.00000;20.00000;0.77804;2
132.27100;36.37083;      -0.82575; 95.05153;80.00000;20.00000;0.77800;2
132.39900;36.37583;      -0.82683; 95.05057;80.00000;20.00000;0.77796;2
132.50900;36.38083;      -0.82743; 95.04960;80.00000;20.00000;0.77793;2
132.63499;36.38583;      -0.82832; 95.04767;80.00000;20.00000;0.77789;2
132.74001;36.39083;      -0.82959; 95.04671;80.00000;20.00000;0.77786;2
132.87100;36.39583;      -0.83067; 95.04574;80.00000;20.00000;0.77782;2
132.99200;36.40083;      -0.83185; 95.04478;80.00000;20.00000;0.77779;2
133.11000;36.40583;      -0.83321; 95.04381;80.00000;20.00000;0.77775;2
133.22701;36.41083;      -0.83438; 95.04285;80.00000;20.00000;0.77772;2
133.34500;36.41583;      -0.83546; 95.04188;80.00000;20.00000;0.77768;2
133.46001;36.42083;      -0.83654; 95.04092;80.00000;20.00000;0.77765;2
133.57600;36.42583;      -0.83743; 95.03995;80.00000;20.00000;0.77761;2
133.69400;36.43083;      -0.83870; 95.03899;80.00000;20.00000;0.77758;2
133.81300;36.43583;      -0.83968; 95.03802;80.00000;20.00000;0.77754;2
133.92799;36.44083;      -0.84038; 95.03706;80.00000;20.00000;0.77751;2
134.03500;36.44583;      -0.84108; 95.03609;80.00000;20.00000;0.77747;2
134.16100;36.45083;      -0.84207; 95.03513;80.00000;20.00000;0.77744;2
134.28300;36.45583;      -0.84315; 95.03416;80.00000;20.00000;0.77740;2
134.38800;36.46083;      -0.84451; 95.03320;80.00000;20.00000;0.77737;2
134.50800;36.46583;      -0.84588; 95.03223;80.00000;20.00000;0.77733;2
134.62300;36.47083;      -0.84667; 95.03127;80.00000;20.00000;0.77730;2
134.73900;36.47583;      -0.84756; 95.03030;80.00000;20.00000;0.77726;2
134.85300;36.48083;      -0.84864; 95.02934;80.00000;20.00000;0.77723;2
134.97501;36.48583;      -0.85001; 95.02837;80.00000;20.00000;0.77719;2
135.08900;36.49083;      -0.85099; 95.02741;80.00000;20.00000;0.77716;2
135.20700;36.49583;      -0.85217; 95.02644;80.00000;20.00000;0.77712;2
135.32201;36.50083;      -0.85316; 95.02548;80.00000;20.00000;0.77708;2
135.45000;36.50583;      -0.85452; 95.02451;80.00000;20.00000;0.77705;2
135.55800;36.51083;      -0.85570; 95.02355;80.00000;20.00000;0.77701;2
135.68201;36.51583;      -0.85678; 95.02258;80.00000;20.00000;0.77698;2
135.78700;36.52083;      -0.85767; 95.02162;80.00000;20.00000;0.77694;2
135.89999;36.52583;      -0.85875; 95.02065;80.00000;20.00000;0.77691;2
136.01801;36.53083;      -0.85993; 95.01969;80.00000;20.00000;0.77687;2
136.13300;36.53583;      -0.86110; 95.01872;80.00000;20.00000;0.77684;2
136.24500;36.54083;      -0.86228; 95.01776;80.00000;20.00000;0.77681;2
136.36400;36.54583;      -0.86345; 95.01679;80.00000;20.00000;0.77677;2
136.47400;36.55083;      -0.86444; 95.01583;80.00000;20.00000;0.77674;2
136.59300;36.55583;      -0.86562; 95.01390;80.00000;20.00000;0.77670;2
136.70799;36.56083;      -0.86660; 95.01293;80.00000;20.00000;0.77666;2
136.83701;36.56583;      -0.86750; 95.01197;80.00000;20.00000;0.77663;2
136.94400;36.57083;      -0.86839; 95.01100;80.00000;20.00000;0.77659;2
137.06599;36.57583;      -0.86938; 95.01004;80.00000;20.00000;0.77656;2
137.18201;36.58083;      -0.87046; 95.00907;80.00000;20.00000;0.77652;2
137.30000;36.58583;      -0.87145; 95.00811;80.00000;20.00000;0.77648;2
137.41800;36.59083;      -0.87197; 95.00714;80.00000;20.00000;0.77645;2
137.53500;36.59583;      -0.87286; 95.00618;80.00000;20.00000;0.77641;2
137.65700;36.60083;      -0.87394; 95.00521;80.00000;20.00000;0.77638;2
137.77400;36.60583;      -0.87512; 95.00425;80.00000;20.00000;0.77634;2
137.88300;36.61083;      -0.87611; 95.00328;80.00000;20.00000;0.77631;2
137.98801;36.61583;      -0.87709; 95.00135;80.00000;20.00000;0.77628;2
138.11800;36.62083;      -0.87790; 95.00039;80.00000;20.00000;0.77624;2
138.22600;36.62583;      -0.87898; 94.99942;80.00000;20.00000;0.77620;2
138.35500;36.63083;      -0.88025; 94.99846;80.00000;20.00000;0.77616;2
138.47400;36.63583;      -0.88115; 94.99749;80.00000;20.00000;0.77613;2
138.57100;36.64083;      -0.88213; 94.99556;80.00000;20.00000;0.77610;2
138.70200;36.64583;      -0.88341; 94.99556;80.00000;20.00000;0.77606;2
138.80600;36.65083;      -0.88468; 94.99556;80.00000;20.00000;0.77603;2
138.93401;36.65583;      -0.88567; 94.99653;80.00000;20.00000;0.77599;2
139.04800;36.66083;      -0.88619; 94.99653;80.00000;20.00000;0.77595;2
139.17700;36.66583;      -0.88709; 94.99653;80.00000;20.00000;0.77591;2
139.28200;36.67083;      -0.88855; 94.99653;80.00000;20.00000;0.77588;2
139.39301;36.67583;      -0.88982; 94.99653;80.00000;20.00000;0.77585;2
139.52299;36.68083;      -0.89091; 94.99460;80.00000;20.00000;0.77581;2
139.62700;36.68583;      -0.89237; 94.99363;80.00000;20.00000;0.77577;2
139.74500;36.69083;      -0.89355; 94.99363;80.00000;20.00000;0.77574;2
139.85899;36.69583;      -0.89454; 94.99267;80.00000;20.00000;0.77570;2
139.96899;36.70083;      -0.89581; 94.99170;80.00000;20.00000;0.77567;2
140.09801;36.70583;      -0.89681; 94.99074;80.00000;20.00000;0.77563;2
140.21300;36.71083;      -0.89799; 94.98977;80.00000;20.00000;0.77559;2
140.33501;36.71583;      -0.89936; 94.98977;80.00000;20.00000;0.77556;2
140.46001;36.72083;      -0.89997; 94.98784;80.00000;20.00000;0.77552;2
140.56599;36.72583;      -0.90105; 94.98688;80.00000;20.00000;0.77549;2
140.67900;36.73083;      -0.90100; 94.98688;80.00000;20.00000;0.77545;2
140.78799;36.73583;      -0.90189; 94.98688;80.00000;20.00000;0.77542;2
140.91400;36.74083;      -0.90289; 94.98591;80.00000;20.00000;0.77538;2
141.03000;36.74583;      -0.90407; 94.98591;80.00000;20.00000;0.77534;2
141.13699;36.75083;      -0.90525; 94.98495;80.00000;20.00000;0.77531;2
141.25400;36.75583;      -0.90643; 94.98398;80.00000;20.00000;0.77527;2
141.38600;36.76083;      -0.90771; 94.98302;80.00000;20.00000;0.77523;2
141.49300;36.76583;      -0.90898; 94.98205;80.00000;20.00000;0.77520;2
141.61700;36.77083;      -0.91017; 94.98302;80.00000;20.00000;0.77516;2
141.73300;36.77583;      -0.91144; 94.98302;80.00000;20.00000;0.77513;2
141.84399;36.78083;      -0.91234; 94.98302;80.00000;20.00000;0.77509;2
141.97400;36.78583;      -0.91324; 94.98302;80.00000;20.00000;0.77505;2
142.08099;36.79083;      -0.91433; 94.98302;80.00000;20.00000;0.77502;2
142.19901;36.79583;      -0.91532; 94.98398;80.00000;20.00000;0.77498;2
142.31500;36.80083;      -0.91641; 94.98398;80.00000;20.00000;0.77495;2
142.43900;36.80583;      -0.91740; 94.98302;80.00000;20.00000;0.77491;2
142.54401;36.81083;      -0.91849; 94.98398;80.00000;20.00000;0.77488;2
142.67101;36.81583;      -0.91939; 94.98495;80.00000;20.00000;0.77484;2
142.78799;36.82083;      -0.92028; 94.98495;80.00000;20.00000;0.77480;2
142.90100;36.82583;      -0.92137; 94.98495;80.00000;20.00000;0.77477;2
143.01801;36.83083;      -0.92246; 94.98591;80.00000;20.00000;0.77473;2
143.13100;36.83583;      -0.92326; 94.98591;80.00000;20.00000;0.77470;2
143.24500;36.84083;      -0.92416; 94.98591;80.00000;20.00000;0.77466;2
143.37100;36.84583;      -0.92497; 94.98591;80.00000;20.00000;0.77462;2
143.47600;36.85083;      -0.92567; 94.98591;80.00000;20.00000;0.77459;2
143.59700;36.85583;      -0.92657; 94.98591;80.00000;20.00000;0.77455;2
143.70599;36.86083;      -0.92775; 94.98688;80.00000;20.00000;0.77452;2
143.83800;36.86583;      -0.92894; 94.98591;80.00000;20.00000;0.77448;2
143.93800;36.87083;      -0.93012; 94.98591;80.00000;20.00000;0.77445;2
144.06500;36.87583;      -0.93121; 94.98398;80.00000;20.00000;0.77441;2
144.18100;36.88083;      -0.93192; 94.98398;80.00000;20.00000;0.77437;2
144.29800;36.88583;      -0.93273; 94.98205;80.00000;20.00000;0.77433;2
144.41100;36.89083;      -0.93362; 94.98109;80.00000;20.00000;0.77430;2
144.53400;36.89583;      -0.93481; 94.98109;80.00000;20.00000;0.77426;2
144.65100;36.90083;      -0.93581; 94.97916;80.00000;20.00000;0.77422;2
144.77000;36.90583;      -0.93690; 94.97819;80.00000;20.00000;0.77419;2
144.88300;36.91083;      -0.93789; 94.97819;80.00000;20.00000;0.77415;2
145.00200;36.91583;      -0.93851; 94.97723;80.00000;20.00000;0.77411;2
145.10500;36.92083;      -0.93864; 94.97626;80.00000;20.00000;0.77408;2
145.22800;36.92583;      -0.93926; 94.97433;80.00000;20.00000;0.77404;2
145.35201;36.93083;      -0.94045; 94.97337;80.00000;20.00000;0.77401;2
145.46001;36.93583;      -0.94210; 94.97337;80.00000;20.00000;0.77397;2
145.58299;36.94083;      -0.94272; 94.97240;80.00000;20.00000;0.77393;2
145.69600;36.94583;      -0.94381; 94.97047;80.00000;20.00000;0.77390;2
145.80701;36.95083;      -0.94537; 94.96951;80.00000;20.00000;0.77386;2
145.92599;36.95583;      -0.94637; 94.96854;80.00000;20.00000;0.77383;2
146.04100;36.96083;      -0.94708; 94.96758;80.00000;20.00000;0.77379;2
146.15601;36.96583;      -0.94779; 94.96758;80.00000;20.00000;0.77375;2
146.27400;36.97083;      -0.94888; 94.96661;80.00000;20.00000;0.77372;2
146.39900;36.97583;      -0.94988; 94.96565;80.00000;20.00000;0.77368;2
146.50400;36.98083;      -0.95087; 94.96468;80.00000;20.00000;0.77365;2
146.62100;36.98583;      -0.95178; 94.96372;80.00000;20.00000;0.77361;2
146.74699;36.99083;      -0.95278; 94.96372;80.00000;20.00000;0.77357;2
146.85699;36.99583;      -0.95368; 94.96275;80.00000;20.00000;0.77354;2
146.96800;37.00083;      -0.95457; 94.96275;80.00000;20.00000;0.77350;2
147.08900;37.00583;      -0.95557; 94.96179;80.00000;20.00000;0.77346;2
147.21001;37.01083;      -0.95657; 94.96082;80.00000;20.00000;0.77343;2
147.32401;37.01583;      -0.95738; 94.96082;80.00000;20.00000;0.77339;2
147.44200;37.02083;      -0.95818; 94.95986;80.00000;20.00000;0.77335;2
147.55600;37.02583;      -0.95918; 94.95986;80.00000;20.00000;0.77332;2
147.66299;37.03083;      -0.96037; 94.95889;80.00000;20.00000;0.77328;2
147.77901;37.03583;      -0.96146; 94.95889;80.00000;20.00000;0.77325;2
147.89900;37.04083;      -0.96236; 94.95793;80.00000;20.00000;0.77321;2
148.01700;37.04583;      -0.96307; 94.95793;80.00000;20.00000;0.77317;2
148.14200;37.05083;      -0.96417; 94.95793;80.00000;20.00000;0.77313;2
148.24899;37.05583;      -0.96507; 94.95793;80.00000;20.00000;0.77310;2
148.37601;37.06083;      -0.96598; 94.95696;80.00000;20.00000;0.77306;2
148.48500;37.06583;      -0.96678; 94.95600;80.00000;20.00000;0.77303;2
148.59801;37.07083;      -0.96749; 94.95696;80.00000;20.00000;0.77299;2
148.73000;37.07583;      -0.96812; 94.95600;80.00000;20.00000;0.77295;2
148.83501;37.08083;      -0.96863; 94.95600;80.00000;20.00000;0.77292;2
148.95399;37.08583;      -0.96935; 94.95503;80.00000;20.00000;0.77288;2
149.07401;37.09083;      -0.97035; 94.95503;80.00000;20.00000;0.77284;2
149.19400;37.09583;      -0.97106; 94.95503;80.00000;20.00000;0.77280;2
149.30600;37.10083;      -0.97187; 94.95407;80.00000;20.00000;0.77277;2
149.42200;37.10583;      -0.97287; 94.95310;80.00000;20.00000;0.77273;2
149.53700;37.11083;      -0.97387; 94.95310;80.00000;20.00000;0.77269;2
149.65601;37.11583;      -0.97487; 94.95214;80.00000;20.00000;0.77266;2
149.77000;37.12083;      -0.97586; 94.95117;80.00000;20.00000;0.77262;2
149.87900;37.12583;      -0.97781; 94.95021;80.00000;20.00000;0.77259;2
149.99899;37.13083;      -0.97891; 94.95021;80.00000;20.00000;0.77255;2
150.12199;37.13583;      -0.97982; 94.94924;80.00000;20.00000;0.77251;2
150.23300;37.14083;      -0.97967; 94.94828;80.00000;20.00000;0.77247;2
150.34599;37.14583;      -0.98038; 94.94731;80.00000;20.00000;0.77244;2
150.46400;37.15083;      -0.98100; 94.94731;80.00000;20.00000;0.77240;2
150.58701;37.15583;      -0.98267; 94.94635;80.00000;20.00000;0.77236;2
150.69600;37.16083;      -0.98348; 94.94538;80.00000;20.00000;0.77233;2
150.81100;37.16583;      -0.98429; 94.94538;80.00000;20.00000;0.77229;2
150.92700;37.17083;      -0.98481; 94.94538;80.00000;20.00000;0.77226;2
151.05200;37.17583;      -0.98543; 94.94442;80.00000;20.00000;0.77222;2
151.16100;37.18083;      -0.98634; 94.94345;80.00000;20.00000;0.77218;2
151.28799;37.18583;      -0.98763; 94.94249;80.00000;20.00000;0.77214;2
151.39600;37.19083;      -0.98872; 94.94152;80.00000;20.00000;0.77211;2
151.51401;37.19583;      -0.98905; 94.94152;80.00000;20.00000;0.77207;2
151.62300;37.20083;      -0.99005; 94.94056;80.00000;20.00000;0.77203;2
151.73801;37.20583;      -0.99124; 94.93959;80.00000;20.00000;0.77200;2
151.85201;37.21083;      -0.99215; 94.93863;80.00000;20.00000;0.77196;2
151.98000;37.21583;      -0.99353; 94.93863;80.00000;20.00000;0.77192;2
152.08800;37.22083;      -0.99425; 94.93766;80.00000;20.00000;0.77189;2
152.21700;37.22583;      -0.99487; 94.93766;80.00000;20.00000;0.77185;2
152.32300;37.23083;      -0.99491; 94.93670;80.00000;20.00000;0.77181;2
152.44099;37.23583;      -0.99592; 94.93670;80.00000;20.00000;0.77177;2
152.55499;37.24083;      -0.99701; 94.93573;80.00000;20.00000;0.77174;2
152.66299;37.24583;      -0.99801; 94.93477;80.00000;20.00000;0.77170;2
152.79201;37.25083;      -0.99883; 94.93380;80.00000;20.00000;0.77166;2
152.90900;37.25583;      -0.99973; 94.93284;80.00000;20.00000;0.77163;2
153.01700;37.26083;      -1.00045; 94.93187;80.00000;20.00000;0.77159;2
153.13200;37.26583;      -1.00126; 94.93091;80.00000;20.00000;0.77155;2
153.25400;37.27083;      -1.00198; 94.92994;80.00000;20.00000;0.77152;2
153.36099;37.27583;      -1.00231; 94.92898;80.00000;20.00000;0.77148;2
153.48700;37.28083;      -1.00255; 94.92801;80.00000;20.00000;0.77144;2
153.60899;37.28583;      -1.00317; 94.92608;80.00000;20.00000;0.77140;2
153.71899;37.29083;      -1.00465; 94.92512;80.00000;20.00000;0.77137;2
153.83299;37.29583;      -1.00584; 94.92415;80.00000;20.00000;0.77133;2
153.94901;37.30083;      -1.00704; 94.92319;80.00000;20.00000;0.77129;2
154.06799;37.30583;      -1.00814; 94.92222;80.00000;20.00000;0.77126;2
154.17599;37.31083;      -1.00799; 94.92222;80.00000;20.00000;0.77122;2
154.28700;37.31583;      -1.00804; 94.92126;80.00000;20.00000;0.77119;2
154.41100;37.32083;      -1.00885; 94.92029;80.00000;20.00000;0.77115;2
154.53700;37.32583;      -1.01053; 94.91836;80.00000;20.00000;0.77111;2
154.64999;37.33083;      -1.01153; 94.91740;80.00000;20.00000;0.77107;2
154.76801;37.33583;      -1.01225; 94.91643;80.00000;20.00000;0.77103;2
154.88300;37.34083;      -1.01277; 94.91547;80.00000;20.00000;0.77100;2
154.99699;37.34583;      -1.01359; 94.91643;80.00000;20.00000;0.77096;2
155.11099;37.35083;      -1.01468; 94.91547;80.00000;20.00000;0.77092;2
155.23199;37.35583;      -1.01540; 94.91450;80.00000;20.00000;0.77088;2
155.33900;37.36083;      -1.01621; 94.91450;80.00000;20.00000;0.77085;2
155.46400;37.36583;      -1.01722; 94.91450;80.00000;20.00000;0.77081;2
155.57899;37.37083;      -1.01851; 94.91354;80.00000;20.00000;0.77077;2
155.68700;37.37583;      -1.01970; 94.91450;80.00000;20.00000;0.77074;2
155.80800;37.38083;      -1.02061; 94.91354;80.00000;20.00000;0.77070;2
155.92101;37.38583;      -1.02133; 94.91354;80.00000;20.00000;0.77066;2
156.03700;37.39083;      -1.02157; 94.91257;80.00000;20.00000;0.77063;2
156.14700;37.39583;      -1.02248; 94.91161;80.00000;20.00000;0.77059;2
156.27600;37.40083;      -1.02301; 94.91161;80.00000;20.00000;0.77055;2
156.38600;37.40583;      -1.02382; 94.91064;80.00000;20.00000;0.77051;2
156.49899;37.41083;      -1.02454; 94.91064;80.00000;20.00000;0.77048;2
156.61900;37.41583;      -1.02526; 94.91064;80.00000;20.00000;0.77044;2
156.74200;37.42083;      -1.02589; 94.90968;80.00000;20.00000;0.77040;2
156.84399;37.42583;      -1.02650; 94.90871;80.00000;20.00000;0.77037;2
156.95900;37.43083;      -1.02751; 94.90871;80.00000;20.00000;0.77033;2
157.08299;37.43583;      -1.02880; 94.90775;80.00000;20.00000;0.77029;2
157.20300;37.44083;      -1.02886; 94.90871;80.00000;20.00000;0.77025;2
157.32201;37.44583;      -1.02919; 94.90871;80.00000;20.00000;0.77021;2
157.43600;37.45083;      -1.03115; 94.90775;80.00000;20.00000;0.77018;2
157.55299;37.45583;      -1.03273; 94.90775;80.00000;20.00000;0.77014;2
157.67700;37.46083;      -1.03374; 94.90775;80.00000;20.00000;0.77010;2
157.76801;37.46583;      -1.03397; 94.90775;80.00000;20.00000;0.77007;2
157.89600;37.47083;      -1.03441; 94.90775;80.00000;20.00000;0.77003;2
158.00301;37.47583;      -1.03580; 94.90678;80.00000;20.00000;0.76999;2
158.12500;37.48083;      -1.03585; 94.90678;80.00000;20.00000;0.76995;2
158.23399;37.48583;      -1.03685; 94.90582;80.00000;20.00000;0.76992;2
158.34700;37.49083;      -1.03767; 94.90582;80.00000;20.00000;0.76988;2
158.46600;37.49583;      -1.03839; 94.90485;80.00000;20.00000;0.76984;2
158.59100;37.50083;      -1.03892; 94.90485;80.00000;20.00000;0.76980;2
158.69901;37.50583;      -1.04021; 94.90389;80.00000;20.00000;0.76977;2
158.81100;37.51083;      -1.04160; 94.90292;80.00000;20.00000;0.76973;2
158.93500;37.51583;      -1.04271; 94.90292;80.00000;20.00000;0.76969;2
159.04800;37.52083;      -1.04362; 94.90292;80.00000;20.00000;0.76966;2
159.16100;37.52583;      -1.04415; 94.90292;80.00000;20.00000;0.76962;2
159.27000;37.53083;      -1.04486; 94.90292;80.00000;20.00000;0.76958;2
159.39600;37.53583;      -1.04578; 94.90292;80.00000;20.00000;0.76954;2
159.51401;37.54083;      -1.04660; 94.90389;80.00000;20.00000;0.76950;2
159.62100;37.54583;      -1.04741; 94.90292;80.00000;20.00000;0.76947;2
159.73801;37.55083;      -1.04832; 94.90292;80.00000;20.00000;0.76943;2
159.86400;37.55583;      -1.04876; 94.90292;80.00000;20.00000;0.76939;2
159.96800;37.56083;      -1.04938; 94.90292;80.00000;20.00000;0.76936;2
160.08400;37.56583;      -1.05039; 94.90196;80.00000;20.00000;0.76932;2
160.21001;37.57083;      -1.05131; 94.90196;80.00000;20.00000;0.76928;2
160.31500;37.57583;      -1.05231; 94.90196;80.00000;20.00000;0.76925;2
160.44200;37.58083;      -1.05294; 94.90099;80.00000;20.00000;0.76920;2
160.54300;37.58583;      -1.05375; 94.90196;80.00000;20.00000;0.76917;2
160.66000;37.59083;      -1.05486; 94.90099;80.00000;20.00000;0.76913;2
160.77600;37.59583;      -1.05596; 94.90003;80.00000;20.00000;0.76910;2
160.88699;37.60083;      -1.05658; 94.90003;80.00000;20.00000;0.76906;2
161.00301;37.60583;      -1.05731; 94.89906;80.00000;20.00000;0.76902;2
161.12000;37.61083;      -1.05803; 94.89906;80.00000;20.00000;0.76898;2
161.23599;37.61583;      -1.05875; 94.89810;80.00000;20.00000;0.76895;2
161.35300;37.62083;      -1.05976; 94.89810;80.00000;20.00000;0.76891;2
161.46800;37.62583;      -1.06087; 94.89713;80.00000;20.00000;0.76887;2
161.58400;37.63083;      -1.06168; 94.89617;80.00000;20.00000;0.76883;2
161.70100;37.63583;      -1.06289; 94.89520;80.00000;20.00000;0.76879;2
161.81500;37.64083;      -1.06380; 94.89520;80.00000;20.00000;0.76876;2
161.92999;37.64583;      -1.06452; 94.89617;80.00000;20.00000;0.76872;2
162.04201;37.65083;      -1.06515; 94.89520;80.00000;20.00000;0.76868;2
162.15199;37.65583;      -1.06596; 94.89520;80.00000;20.00000;0.76865;2
162.27800;37.66083;      -1.06660; 94.89520;80.00000;20.00000;0.76861;2
162.39400;37.66583;      -1.06770; 94.89520;80.00000;20.00000;0.76857;2
162.50301;37.67083;      -1.06871; 94.89520;80.00000;20.00000;0.76853;2
162.61700;37.67583;      -1.06991; 94.89520;80.00000;20.00000;0.76850;2
162.73801;37.68083;      -1.07140; 94.89520;80.00000;20.00000;0.76846;2
162.85400;37.68583;      -1.07174; 94.89520;80.00000;20.00000;0.76842;2
162.96800;37.69083;      -1.07266; 94.89424;80.00000;20.00000;0.76838;2
163.07800;37.69583;      -1.07328; 94.89424;80.00000;20.00000;0.76834;2
163.19299;37.70083;      -1.07458; 94.89424;80.00000;20.00000;0.76831;2
163.30701;37.70583;      -1.07655; 94.89424;80.00000;20.00000;0.76827;2
163.42700;37.71083;      -1.07756; 94.89424;80.00000;20.00000;0.76823;2
163.54201;37.71583;      -1.07838; 94.89424;80.00000;20.00000;0.76819;2
163.65100;37.72083;      -1.07939; 94.89327;80.00000;20.00000;0.76816;2
163.77400;37.72583;      -1.07973; 94.89327;80.00000;20.00000;0.76812;2
163.88699;37.73083;      -1.08065; 94.89327;80.00000;20.00000;0.76808;2
163.99600;37.73583;      -1.08118; 94.89424;80.00000;20.00000;0.76804;2
164.11400;37.74083;      -1.08210; 94.89327;80.00000;20.00000;0.76801;2
164.22600;37.74583;      -1.08359; 94.89038;80.00000;20.00000;0.76797;2
164.35400;37.75083;      -1.08480; 94.89038;80.00000;20.00000;0.76793;2
164.45100;37.75583;      -1.08551; 94.89038;80.00000;20.00000;0.76789;2
164.58099;37.76083;      -1.08653; 94.88941;80.00000;20.00000;0.76785;2
164.69000;37.76583;      -1.08697; 94.88941;80.00000;20.00000;0.76782;2
164.80099;37.77083;      -1.08759; 94.88748;80.00000;20.00000;0.76778;2
164.92101;37.77583;      -1.08832; 94.88748;80.00000;20.00000;0.76774;2
165.04201;37.78083;      -1.08933; 94.88652;80.00000;20.00000;0.76770;2
165.15601;37.78583;      -1.09063; 94.88555;80.00000;20.00000;0.76766;2
165.26199;37.79083;      -1.09116; 94.88459;80.00000;20.00000;0.76763;2
165.38100;37.79583;      -1.09170; 94.88362;80.00000;20.00000;0.76759;2
165.49300;37.80083;      -1.09214; 94.88266;80.00000;20.00000;0.76755;2
165.61700;37.80583;      -1.09334; 94.88169;80.00000;20.00000;0.76751;2
165.72301;37.81083;      -1.09464; 94.88073;80.00000;20.00000;0.76748;2
165.84500;37.81583;      -1.09575; 94.87880;80.00000;20.00000;0.76744;2
165.95200;37.82083;      -1.09657; 94.87880;80.00000;20.00000;0.76740;2
166.07600;37.82583;      -1.09730; 94.87783;80.00000;20.00000;0.76736;2
166.17599;37.83083;      -1.09783; 94.87687;80.00000;20.00000;0.76733;2
166.29500;37.83583;      -1.09904; 94.87590;80.00000;20.00000;0.76729;2
166.41701;37.84083;      -1.10015; 94.87494;80.00000;20.00000;0.76725;2
166.53300;37.84583;      -1.10145; 94.87494;80.00000;20.00000;0.76721;2
166.64400;37.85083;      -1.10218; 94.87397;80.00000;20.00000;0.76717;2
166.75200;37.85583;      -1.10280; 94.87301;80.00000;20.00000;0.76714;2
166.87601;37.86083;      -1.10382; 94.87301;80.00000;20.00000;0.76710;2
166.98399;37.86583;      -1.10464; 94.87204;80.00000;20.00000;0.76706;2
167.10699;37.87083;      -1.10576; 94.87108;80.00000;20.00000;0.76702;2
167.21700;37.87583;      -1.10677; 94.87108;80.00000;20.00000;0.76698;2
167.32899;37.88083;      -1.10759; 94.87011;80.00000;20.00000;0.76695;2
167.44400;37.88583;      -1.10860; 94.86915;80.00000;20.00000;0.76691;2
167.56400;37.89083;      -1.10962; 94.86915;80.00000;20.00000;0.76687;2
167.67300;37.89583;      -1.11054; 94.86818;80.00000;20.00000;0.76683;2
167.79100;37.90083;      -1.11136; 94.86722;80.00000;20.00000;0.76679;2
167.90199;37.90583;      -1.11180; 94.86625;80.00000;20.00000;0.76676;2
168.02400;37.91083;      -1.11253; 94.86529;80.00000;20.00000;0.76672;2
168.13600;37.91583;      -1.11335; 94.86432;80.00000;20.00000;0.76668;2
168.24800;37.92083;      -1.11408; 94.86336;80.00000;20.00000;0.76664;2
168.36301;37.92583;      -1.11500; 94.86239;80.00000;20.00000;0.76660;2
168.48300;37.93083;      -1.11592; 94.86143;80.00000;20.00000;0.76656;2
168.58701;37.93583;      -1.11693; 94.86046;80.00000;20.00000;0.76653;2
168.70900;37.94083;      -1.11805; 94.85950;80.00000;20.00000;0.76649;2
168.81100;37.94583;      -1.11810; 94.85853;80.00000;20.00000;0.76646;2
168.93401;37.95083;      -1.11825; 94.85757;80.00000;20.00000;0.76641;2
169.06100;37.95583;      -1.11889; 94.85660;80.00000;20.00000;0.76637;2
169.16299;37.96083;      -1.12038; 94.85564;80.00000;20.00000;0.76634;2
169.28000;37.96583;      -1.12169; 94.85564;80.00000;20.00000;0.76630;2
169.40401;37.97083;      -1.12300; 94.85467;80.00000;20.00000;0.76626;2
169.51199;37.97583;      -1.12391; 94.85371;80.00000;20.00000;0.76622;2
169.63800;37.98083;      -1.12532; 94.85371;80.00000;20.00000;0.76618;2
169.74001;37.98583;      -1.12633; 94.85371;80.00000;20.00000;0.76615;2
169.85699;37.99083;      -1.12639; 94.85274;80.00000;20.00000;0.76611;2
169.97501;37.99583;      -1.12750; 94.85081;80.00000;20.00000;0.76607;2
170.08800;38.00083;      -1.12881; 94.84985;80.00000;20.00000;0.76603;2
170.20300;38.00583;      -1.12944; 94.84888;80.00000;20.00000;0.76599;2
170.31500;38.01083;      -1.13017; 94.84792;80.00000;20.00000;0.76595;2
170.43201;38.01583;      -1.13128; 94.84599;80.00000;20.00000;0.76592;2
170.54800;38.02083;      -1.13211; 94.84599;80.00000;20.00000;0.76588;2
170.65900;38.02583;      -1.13313; 94.84406;80.00000;20.00000;0.76584;2
170.77600;38.03083;      -1.13434; 94.84309;80.00000;20.00000;0.76580;2
170.88499;38.03583;      -1.13506; 94.84309;80.00000;20.00000;0.76576;2
171.00101;38.04083;      -1.13570; 94.84213;80.00000;20.00000;0.76573;2
171.11301;38.04583;      -1.13643; 94.84020;80.00000;20.00000;0.76569;2
171.22501;38.05083;      -1.13802; 94.84020;80.00000;20.00000;0.76565;2
171.34300;38.05583;      -1.13885; 94.83923;80.00000;20.00000;0.76561;2
171.47000;38.06083;      -1.13920; 94.83730;80.00000;20.00000;0.76557;2
171.56700;38.06583;      -1.13963; 94.83730;80.00000;20.00000;0.76554;2
171.69800;38.07083;      -1.14018; 94.83634;80.00000;20.00000;0.76549;2
171.79601;38.07583;      -1.14090; 94.83537;80.00000;20.00000;0.76546;2
171.92101;38.08083;      -1.14193; 94.83537;80.00000;20.00000;0.76542;2
172.02699;38.08583;      -1.14275; 94.83441;80.00000;20.00000;0.76538;2
172.14600;38.09083;      -1.14348; 94.83441;80.00000;20.00000;0.76534;2
172.26801;38.09583;      -1.14422; 94.83441;80.00000;20.00000;0.76530;2
172.37801;38.10083;      -1.14514; 94.83344;80.00000;20.00000;0.76527;2
172.48100;38.10583;      -1.14605; 94.83248;80.00000;20.00000;0.76523;2
172.61200;38.11083;      -1.14679; 94.83344;80.00000;20.00000;0.76519;2
172.71400;38.11583;      -1.14752; 94.83248;80.00000;20.00000;0.76515;2
172.82700;38.12083;      -1.14844; 94.83151;80.00000;20.00000;0.76511;2
172.94800;38.12583;      -1.14927; 94.83151;80.00000;20.00000;0.76507;2
173.06599;38.13083;      -1.15001; 94.83055;80.00000;20.00000;0.76503;2
173.19099;38.13583;      -1.15084; 94.82958;80.00000;20.00000;0.76499;2
173.29100;38.14083;      -1.15176; 94.82958;80.00000;20.00000;0.76496;2
173.39700;38.14583;      -1.15229; 94.82862;80.00000;20.00000;0.76492;2
173.51801;38.15083;      -1.15302; 94.82765;80.00000;20.00000;0.76488;2
173.64400;38.15583;      -1.15386; 94.82765;80.00000;20.00000;0.76484;2
173.75301;38.16083;      -1.15497; 94.82669;80.00000;20.00000;0.76480;2
173.87199;38.16583;      -1.15609; 94.82572;80.00000;20.00000;0.76476;2
173.98199;38.17083;      -1.15721; 94.82476;80.00000;20.00000;0.76473;2
174.08501;38.17583;      -1.15813; 94.82476;80.00000;20.00000;0.76469;2
174.19800;38.18083;      -1.15905; 94.82379;80.00000;20.00000;0.76465;2
174.31700;38.18583;      -1.15959; 94.82379;80.00000;20.00000;0.76461;2
174.42799;38.19083;      -1.16032; 94.82283;80.00000;20.00000;0.76458;2
174.54300;38.19583;      -1.16086; 94.82186;80.00000;20.00000;0.76454;2
174.65601;38.20083;      -1.16160; 94.82186;80.00000;20.00000;0.76450;2
174.77499;38.20583;      -1.16291; 94.82090;80.00000;20.00000;0.76446;2
174.88800;38.21083;      -1.16364; 94.81993;80.00000;20.00000;0.76442;2
175.00301;38.21583;      -1.16447; 94.81993;80.00000;20.00000;0.76438;2
175.12100;38.22083;      -1.16521; 94.81897;80.00000;20.00000;0.76434;2
175.22900;38.22583;      -1.16584; 94.81897;80.00000;20.00000;0.76431;2
175.35100;38.23083;      -1.16619; 94.81897;80.00000;20.00000;0.76427;2
175.46400;38.23583;      -1.16702; 94.81800;80.00000;20.00000;0.76423;2
175.58400;38.24083;      -1.16756; 94.81800;80.00000;20.00000;0.76419;2
175.68700;38.24583;      -1.16877; 94.81704;80.00000;20.00000;0.76415;2
175.80600;38.25083;      -1.16951; 94.81607;80.00000;20.00000;0.76411;2
175.90700;38.25583;      -1.17014; 94.81607;80.00000;20.00000;0.76408;2
176.03200;38.26083;      -1.17097; 94.81511;80.00000;20.00000;0.76404;2
176.14101;38.26583;      -1.17151; 94.81414;80.00000;20.00000;0.76400;2
176.26500;38.27083;      -1.17235; 94.81318;80.00000;20.00000;0.76396;2
176.37100;38.27583;      -1.17366; 94.81318;80.00000;20.00000;0.76392;2
176.49300;38.28083;      -1.17478; 94.81221;80.00000;20.00000;0.76388;2
176.60300;38.28583;      -1.17570; 94.81221;80.00000;20.00000;0.76384;2
176.72301;38.29083;      -1.17538; 94.81125;80.00000;20.00000;0.76380;2
176.83200;38.29583;      -1.17582; 94.81028;80.00000;20.00000;0.76376;2
176.94600;38.30083;      -1.17646; 94.81028;80.00000;20.00000;0.76373;2
177.06900;38.30583;      -1.17710; 94.80932;80.00000;20.00000;0.76368;2
177.17700;38.31083;      -1.17851; 94.80932;80.00000;20.00000;0.76365;2
177.29100;38.31583;      -1.17953; 94.80642;80.00000;20.00000;0.76361;2
177.39301;38.32083;      -1.18036; 94.80546;80.00000;20.00000;0.76357;2
177.50101;38.32583;      -1.18119; 94.80353;80.00000;20.00000;0.76354;2
177.63300;38.33083;      -1.18222; 94.80160;80.00000;20.00000;0.76349;2
177.74699;38.33583;      -1.18238; 94.80063;80.00000;20.00000;0.76345;2
177.86400;38.34083;      -1.18253; 94.79870;80.00000;20.00000;0.76341;2
177.97400;38.34583;      -1.18365; 94.79677;80.00000;20.00000;0.76338;2
178.10300;38.35083;      -1.18440; 94.79484;80.00000;20.00000;0.76333;2
178.20500;38.35583;      -1.18513; 94.79388;80.00000;20.00000;0.76330;2
178.31000;38.36083;      -1.18566; 94.79195;80.00000;20.00000;0.76326;2
178.43201;38.36583;      -1.18640; 94.79098;80.00000;20.00000;0.76322;2
178.55400;38.37083;      -1.18695; 94.79098;80.00000;20.00000;0.76318;2
178.65800;38.37583;      -1.18739; 94.79002;80.00000;20.00000;0.76314;2
178.76900;38.38083;      -1.18832; 94.79002;80.00000;20.00000;0.76311;2
178.88901;38.38583;      -1.18993; 94.78905;80.00000;20.00000;0.76307;2
179.00999;38.39083;      -1.19076; 94.78905;80.00000;20.00000;0.76302;2
179.11501;38.39583;      -1.19130; 94.78905;80.00000;20.00000;0.76299;2
179.22900;38.40083;      -1.19223; 94.78809;80.00000;20.00000;0.76295;2
179.34801;38.40583;      -1.19306; 94.78809;80.00000;20.00000;0.76291;2
179.46001;38.41083;      -1.19380; 94.78712;80.00000;20.00000;0.76287;2
179.58200;38.41583;      -1.19425; 94.78712;80.00000;20.00000;0.76283;2
179.68700;38.42083;      -1.19498; 94.78616;80.00000;20.00000;0.76279;2
179.80600;38.42583;      -1.19572; 94.78519;80.00000;20.00000;0.76275;2
179.91299;38.43083;      -1.19645; 94.78423;80.00000;20.00000;0.76272;2
180.03101;38.43583;      -1.19729; 94.78326;80.00000;20.00000;0.76268;2
180.13800;38.44083;      -1.19802; 94.78133;80.00000;20.00000;0.76264;2
180.25500;38.44583;      -1.19895; 94.78133;80.00000;20.00000;0.76260;2
180.37900;38.45083;      -1.19970; 94.78037;80.00000;20.00000;0.76256;2
180.49001;38.45583;      -1.20043; 94.77940;80.00000;20.00000;0.76252;2
180.61400;38.46083;      -1.20108; 94.77844;80.00000;20.00000;0.76248;2
180.72800;38.46583;      -1.20172; 94.77651;80.00000;20.00000;0.76244;2
180.83299;38.47083;      -1.20236; 94.77554;80.00000;20.00000;0.76240;2
180.94299;38.47583;      -1.20309; 94.77458;80.00000;20.00000;0.76237;2
181.04900;38.48083;      -1.20353; 94.77458;80.00000;20.00000;0.76233;2
181.16800;38.48583;      -1.20379; 94.77361;80.00000;20.00000;0.76229;2
181.28101;38.49083;      -1.20434; 94.77265;80.00000;20.00000;0.76225;2
181.39799;38.49583;      -1.20517; 94.77168;80.00000;20.00000;0.76221;2
181.50200;38.50083;      -1.20600; 94.77072;80.00000;20.00000;0.76217;2
181.61800;38.50583;      -1.20645; 94.77072;80.00000;20.00000;0.76213;2
181.73399;38.51083;      -1.20738; 94.76975;80.00000;20.00000;0.76209;2
181.85201;38.51583;      -1.20832; 94.76879;80.00000;20.00000;0.76205;2
181.96700;38.52083;      -1.20877; 94.76782;80.00000;20.00000;0.76201;2
182.07500;38.52583;      -1.20882; 94.76686;80.00000;20.00000;0.76198;2
182.19099;38.53083;      -1.20947; 94.76589;80.00000;20.00000;0.76194;2
182.30499;38.53583;      -1.21030; 94.76493;80.00000;20.00000;0.76190;2
182.41701;38.54083;      -1.21104; 94.76396;80.00000;20.00000;0.76186;2
182.53101;38.54583;      -1.21188; 94.76300;80.00000;20.00000;0.76182;2
182.64101;38.55083;      -1.21232; 94.76203;80.00000;20.00000;0.76178;2
182.76300;38.55583;      -1.21297; 94.76107;80.00000;20.00000;0.76174;2
182.87399;38.56083;      -1.21390; 94.76010;80.00000;20.00000;0.76170;2
182.98199;38.56583;      -1.21502; 94.75914;80.00000;20.00000;0.76167;2
183.09599;38.57083;      -1.21595; 94.75721;80.00000;20.00000;0.76163;2
183.20500;38.57583;      -1.21688; 94.75528;80.00000;20.00000;0.76159;2
183.33299;38.58083;      -1.21763; 94.75431;80.00000;20.00000;0.76154;2
183.45000;38.58583;      -1.21799; 94.75335;80.00000;20.00000;0.76150;2
183.55400;38.59083;      -1.21872; 94.75238;80.00000;20.00000;0.76147;2
183.66901;38.59583;      -1.21907; 94.75045;80.00000;20.00000;0.76143;2
183.77800;38.60083;      -1.21962; 94.74949;80.00000;20.00000;0.76139;2
183.90500;38.60583;      -1.22046; 94.74852;80.00000;20.00000;0.76135;2
184.01500;38.61083;      -1.22100; 94.74563;80.00000;20.00000;0.76131;2
184.12801;38.61583;      -1.22174; 94.74370;80.00000;20.00000;0.76127;2
184.23300;38.62083;      -1.22238; 94.74177;80.00000;20.00000;0.76123;2
184.34700;38.62583;      -1.22274; 94.73984;80.00000;20.00000;0.76120;2
184.46600;38.63083;      -1.22338; 94.73887;80.00000;20.00000;0.76115;2
184.58501;38.63583;      -1.22432; 94.73694;80.00000;20.00000;0.76111;2
184.70300;38.64083;      -1.22516; 94.73598;80.00000;20.00000;0.76107;2
184.80701;38.64583;      -1.22638; 94.73405;80.00000;20.00000;0.76104;2
184.92500;38.65083;      -1.22731; 94.73308;80.00000;20.00000;0.76100;2
185.03101;38.65583;      -1.22747; 94.73115;80.00000;20.00000;0.76096;2
185.14600;38.66083;      -1.22811; 94.73019;80.00000;20.00000;0.76092;2
185.24800;38.66583;      -1.22865; 94.72922;80.00000;20.00000;0.76088;2
185.35699;38.67083;      -1.22939; 94.72729;80.00000;20.00000;0.76085;2
185.47800;38.67583;      -1.23043; 94.72633;80.00000;20.00000;0.76080;2
185.59100;38.68083;      -1.23136; 94.72440;80.00000;20.00000;0.76077;2
185.71300;38.68583;      -1.23230; 94.72343;80.00000;20.00000;0.76072;2
185.82100;38.69083;      -1.23246; 94.72150;80.00000;20.00000;0.76069;2
185.94400;38.69583;      -1.23292; 94.72054;80.00000;20.00000;0.76064;2
186.05499;38.70083;      -1.23404; 94.71861;80.00000;20.00000;0.76060;2
186.16400;38.70583;      -1.23420; 94.71668;80.00000;20.00000;0.76057;2
186.28300;38.71083;      -1.23514; 94.71571;80.00000;20.00000;0.76053;2
186.39301;38.71583;      -1.23578; 94.71475;80.00000;20.00000;0.76049;2
186.49500;38.72083;      -1.23632; 94.71282;80.00000;20.00000;0.76045;2
186.61501;38.72583;      -1.23687; 94.71185;80.00000;20.00000;0.76041;2
186.73000;38.73083;      -1.23771; 94.70992;80.00000;20.00000;0.76037;2
186.84500;38.73583;      -1.23817; 94.70799;80.00000;20.00000;0.76033;2
186.94901;38.74083;      -1.23813; 94.70703;80.00000;20.00000;0.76029;2
187.05701;38.74583;      -1.23858; 94.70510;80.00000;20.00000;0.76026;2
187.17500;38.75083;      -1.23942; 94.70317;80.00000;20.00000;0.76022;2
187.29700;38.75583;      -1.24017; 94.70124;80.00000;20.00000;0.76017;2
187.41499;38.76083;      -1.24091; 94.70027;80.00000;20.00000;0.76013;2
187.51300;38.76583;      -1.24174; 94.69931;80.00000;20.00000;0.76010;2
187.63699;38.77083;      -1.24259; 94.69738;80.00000;20.00000;0.76006;2
187.75000;38.77583;      -1.24313; 94.69545;80.00000;20.00000;0.76002;2
187.86099;38.78083;      -1.24300; 94.69255;80.00000;20.00000;0.75998;2
187.96700;38.78583;      -1.24384; 94.68966;80.00000;20.00000;0.75994;2
188.10100;38.79083;      -1.24498; 94.68773;80.00000;20.00000;0.75989;2
188.20700;38.79583;      -1.24601; 94.68483;80.00000;20.00000;0.75986;2
188.32401;38.80083;      -1.24666; 94.68001;80.00000;20.00000;0.75982;2
188.43201;38.80583;      -1.24740; 94.67615;80.00000;20.00000;0.75978;2
188.54100;38.81083;      -1.24736; 94.67229;80.00000;20.00000;0.75974;2
188.65601;38.81583;      -1.24801; 94.66843;80.00000;20.00000;0.75970;2
188.77299;38.82083;      -1.24876; 94.66457;80.00000;20.00000;0.75966;2
188.88400;38.82583;      -1.25008; 94.66167;80.00000;20.00000;0.75962;2
188.99800;38.83083;      -1.25082; 94.65974;80.00000;20.00000;0.75958;2
189.11400;38.83583;      -1.25138; 94.65974;80.00000;20.00000;0.75954;2
189.23000;38.84083;      -1.25144; 94.65781;80.00000;20.00000;0.75950;2
189.33299;38.84583;      -1.25179; 94.65685;80.00000;20.00000;0.75947;2
189.45200;38.85083;      -1.25273; 94.65588;80.00000;20.00000;0.75942;2
189.56500;38.85583;      -1.25357; 94.65395;80.00000;20.00000;0.75938;2
189.68201;38.86083;      -1.25471; 94.65395;80.00000;20.00000;0.75934;2
189.79300;38.86583;      -1.25584; 94.65202;80.00000;20.00000;0.75930;2
189.90700;38.87083;      -1.25658; 94.65009;80.00000;20.00000;0.75926;2
190.01199;38.87583;      -1.25655; 94.64913;80.00000;20.00000;0.75923;2
190.12700;38.88083;      -1.25681; 94.64720;80.00000;20.00000;0.75919;2
190.24800;38.88583;      -1.25804; 94.64623;80.00000;20.00000;0.75915;2
190.35100;38.89083;      -1.25927; 94.64430;80.00000;20.00000;0.75911;2
190.47301;38.89583;      -1.26002; 94.63948;80.00000;20.00000;0.75907;2
190.58299;38.90083;      -1.26076; 94.63658;80.00000;20.00000;0.75903;2
190.69800;38.90583;      -1.26131; 94.63369;80.00000;20.00000;0.75899;2
190.80701;38.91083;      -1.26205; 94.63272;80.00000;20.00000;0.75895;2
190.91901;38.91583;      -1.26221; 94.62886;80.00000;20.00000;0.75891;2
191.03200;38.92083;      -1.26257; 94.62500;80.00000;20.00000;0.75887;2
191.15500;38.92583;      -1.26332; 94.62211;80.00000;20.00000;0.75883;2
191.26300;38.93083;      -1.26397; 94.62018;80.00000;20.00000;0.75879;2
191.37500;38.93583;      -1.26481; 94.61921;80.00000;20.00000;0.75875;2
191.48900;38.94083;      -1.26526; 94.61632;80.00000;20.00000;0.75871;2
191.59300;38.94583;      -1.26610; 94.61439;80.00000;20.00000;0.75867;2
191.70799;38.95083;      -1.26665; 94.61246;80.00000;20.00000;0.75863;2
191.83299;38.95583;      -1.26770; 94.61149;80.00000;20.00000;0.75859;2
191.93500;38.96083;      -1.26805; 94.60956;80.00000;20.00000;0.75855;2
192.05299;38.96583;      -1.26831; 94.60571;80.00000;20.00000;0.75851;2
192.15900;38.97083;      -1.26905; 94.60378;80.00000;20.00000;0.75848;2
192.27800;38.97583;      -1.26990; 94.60088;80.00000;20.00000;0.75843;2
192.39101;38.98083;      -1.27074; 94.59992;80.00000;20.00000;0.75839;2
192.51401;38.98583;      -1.27150; 94.59799;80.00000;20.00000;0.75835;2
192.61800;38.99083;      -1.27204; 94.59606;80.00000;20.00000;0.75831;2
192.73500;38.99583;      -1.27260; 94.59413;80.00000;20.00000;0.75827;2
192.85100;39.00083;      -1.27315; 94.59220;80.00000;20.00000;0.75823;2
192.94701;39.00583;      -1.27408; 94.59123;80.00000;20.00000;0.75820;2
193.07401;39.01083;      -1.27474; 94.58930;80.00000;20.00000;0.75815;2
193.17700;39.01583;      -1.27451; 94.58737;80.00000;20.00000;0.75812;2
193.28600;39.02083;      -1.27516; 94.58448;80.00000;20.00000;0.75808;2
193.40601;39.02583;      -1.27600; 94.58255;80.00000;20.00000;0.75804;2
193.50101;39.03083;      -1.27684; 94.58255;80.00000;20.00000;0.75800;2
193.62700;39.03583;      -1.27808; 94.57965;80.00000;20.00000;0.75796;2
193.74600;39.04083;      -1.27922; 94.57772;80.00000;20.00000;0.75792;2
193.85699;39.04583;      -1.27987; 94.57579;80.00000;20.00000;0.75788;2
193.97400;39.05083;      -1.28071; 94.56904;80.00000;20.00000;0.75784;2
194.06700;39.05583;      -1.28155; 94.56421;80.00000;20.00000;0.75780;2
194.20399;39.06083;      -1.28163; 94.55842;80.00000;20.00000;0.75776;2
194.30400;39.06583;      -1.28237; 94.55456;80.00000;20.00000;0.75772;2
194.41299;39.07083;      -1.28292; 94.55167;80.00000;20.00000;0.75768;2
194.53999;39.07583;      -1.28397; 94.55167;80.00000;20.00000;0.75764;2
194.65401;39.08083;      -1.28481; 94.54974;80.00000;20.00000;0.75760;2
194.75700;39.08583;      -1.28555; 94.54877;80.00000;20.00000;0.75756;2
194.86200;39.09083;      -1.28620; 94.54684;80.00000;20.00000;0.75752;2
194.97600;39.09583;      -1.28675; 94.54491;80.00000;20.00000;0.75748;2
195.09900;39.10083;      -1.28741; 94.54202;80.00000;20.00000;0.75744;2
195.20300;39.10583;      -1.28796; 94.53912;80.00000;20.00000;0.75740;2
195.31400;39.11083;      -1.28890; 94.53526;80.00000;20.00000;0.75736;2
195.42799;39.11583;      -1.28965; 94.53140;80.00000;20.00000;0.75732;2
195.55099;39.12083;      -1.29041; 94.52754;80.00000;20.00000;0.75728;2
195.64700;39.12583;      -1.29095; 94.52561;80.00000;20.00000;0.75724;2
195.76300;39.13083;      -1.29151; 94.51886;80.00000;20.00000;0.75720;2
195.88100;39.13583;      -1.29226; 94.51500;80.00000;20.00000;0.75716;2
195.99300;39.14083;      -1.29281; 94.51307;80.00000;20.00000;0.75712;2
196.10100;39.14583;      -1.29366; 94.51017;80.00000;20.00000;0.75708;2
196.21201;39.15083;      -1.29411; 94.50824;80.00000;20.00000;0.75704;2
196.33701;39.15583;      -1.29390; 94.50535;80.00000;20.00000;0.75700;2
196.43600;39.16083;      -1.29425; 94.50438;80.00000;20.00000;0.75697;2
196.55200;39.16583;      -1.29519; 94.50149;80.00000;20.00000;0.75692;2
196.66800;39.17083;      -1.29594; 94.49956;80.00000;20.00000;0.75688;2
196.77200;39.17583;      -1.29630; 94.49859;80.00000;20.00000;0.75685;2
196.88600;39.18083;      -1.29695; 94.49763;80.00000;20.00000;0.75681;2
197.00400;39.18583;      -1.29809; 94.49570;80.00000;20.00000;0.75676;2
197.11301;39.19083;      -1.29904; 94.49377;80.00000;20.00000;0.75672;2
197.22000;39.19583;      -1.29969; 94.48991;80.00000;20.00000;0.75669;2
197.33400;39.20083;      -1.30034; 94.48894;80.00000;20.00000;0.75665;2
197.44701;39.20583;      -1.30128; 94.48605;80.00000;20.00000;0.75661;2
197.57201;39.21083;      -1.30185; 94.48412;80.00000;20.00000;0.75656;2
197.66800;39.21583;      -1.30229; 94.48219;80.00000;20.00000;0.75653;2
197.78799;39.22083;      -1.30285; 94.48219;80.00000;20.00000;0.75648;2
197.90401;39.22583;      -1.30351; 94.48026;80.00000;20.00000;0.75644;2
198.00600;39.23083;      -1.30416; 94.47929;80.00000;20.00000;0.75641;2
198.12000;39.23583;      -1.30491; 94.47833;80.00000;20.00000;0.75637;2
198.24001;39.24083;      -1.30586; 94.47447;80.00000;20.00000;0.75632;2
198.34700;39.24583;      -1.30631; 94.47061;80.00000;20.00000;0.75629;2
198.45399;39.25083;      -1.30706; 94.46771;80.00000;20.00000;0.75625;2
198.57001;39.25583;      -1.30762; 94.46578;80.00000;20.00000;0.75621;2
198.67599;39.26083;      -1.30837; 94.46192;80.00000;20.00000;0.75617;2
198.79100;39.26583;      -1.30922; 94.46096;80.00000;20.00000;0.75613;2
198.89799;39.27083;      -1.30987; 94.46192;80.00000;20.00000;0.75609;2
199.01401;39.27583;      -1.31042; 94.46192;80.00000;20.00000;0.75605;2
199.12300;39.28083;      -1.31127; 94.46385;80.00000;20.00000;0.75601;2
199.23000;39.28583;      -1.31182; 94.46385;80.00000;20.00000;0.75597;2
199.34500;39.29083;      -1.31267; 94.46289;80.00000;20.00000;0.75593;2
199.45900;39.29583;      -1.31323; 94.46192;80.00000;20.00000;0.75589;2
199.57401;39.30083;      -1.31379; 94.45999;80.00000;20.00000;0.75585;2
199.69000;39.30583;      -1.31493; 94.45903;80.00000;20.00000;0.75581;2
199.79700;39.31083;      -1.31588; 94.45806;80.00000;20.00000;0.75577;2
199.90800;39.31583;      -1.31643; 94.45613;80.00000;20.00000;0.75573;2
200.01801;39.32083;      -1.31660; 94.45227;80.00000;20.00000;0.75569;2
200.13100;39.32583;      -1.31735; 94.45034;80.00000;20.00000;0.75565;2
200.23801;39.33083;      -1.31839; 94.44745;80.00000;20.00000;0.75561;2
200.35001;39.33583;      -1.31905; 94.44359;80.00000;20.00000;0.75557;2
200.47501;39.34083;      -1.31971; 94.44069;80.00000;20.00000;0.75553;2
200.56900;39.34583;      -1.32065; 94.43490;80.00000;20.00000;0.75549;2
200.69000;39.35083;      -1.32111; 94.42622;80.00000;20.00000;0.75545;2
200.78999;39.35583;      -1.32186; 94.41946;80.00000;20.00000;0.75541;2
200.90500;39.36083;      -1.32271; 94.41464;80.00000;20.00000;0.75537;2
201.01601;39.36583;      -1.32327; 94.41367;80.00000;20.00000;0.75533;2
201.13100;39.37083;      -1.32402; 94.41464;80.00000;20.00000;0.75529;2
201.24500;39.37583;      -1.32468; 94.41464;80.00000;20.00000;0.75525;2
201.36000;39.38083;      -1.32572; 94.41271;80.00000;20.00000;0.75521;2
201.46700;39.38583;      -1.32618; 94.40981;80.00000;20.00000;0.75517;2
201.59599;39.39083;      -1.32675; 94.40692;80.00000;20.00000;0.75512;2
201.69400;39.39583;      -1.32720; 94.40306;80.00000;20.00000;0.75509;2
201.81400;39.40083;      -1.32815; 94.39920;80.00000;20.00000;0.75505;2
201.91701;39.40583;      -1.32900; 94.39823;80.00000;20.00000;0.75501;2
202.02901;39.41083;      -1.32966; 94.39534;80.00000;20.00000;0.75497;2
202.14301;39.41583;      -1.33061; 94.39341;80.00000;20.00000;0.75493;2
202.25600;39.42083;      -1.33175; 94.39051;80.00000;20.00000;0.75489;2
202.37300;39.42583;      -1.33251; 94.38858;80.00000;20.00000;0.75485;2
202.48599;39.43083;      -1.33316; 94.37893;80.00000;20.00000;0.75480;2
202.59000;39.43583;      -1.33421; 94.37218;80.00000;20.00000;0.75477;2
202.70300;39.44083;      -1.33477; 94.36639;80.00000;20.00000;0.75473;2
202.80800;39.44583;      -1.33551; 94.36253;80.00000;20.00000;0.75469;2
202.92400;39.45083;      -1.33608; 94.36349;80.00000;20.00000;0.75465;2
203.03400;39.45583;      -1.33624; 94.36349;80.00000;20.00000;0.75461;2
203.14301;39.46083;      -1.33651; 94.36446;80.00000;20.00000;0.75457;2
203.26700;39.46583;      -1.33737; 94.36253;80.00000;20.00000;0.75452;2
203.37100;39.47083;      -1.33841; 94.36060;80.00000;20.00000;0.75449;2
203.46800;39.47583;      -1.33955; 94.35384;80.00000;20.00000;0.75445;2
203.58800;39.48083;      -1.34001; 94.34805;80.00000;20.00000;0.75441;2
203.71500;39.48583;      -1.34097; 94.34516;80.00000;20.00000;0.75436;2
203.82100;39.49083;      -1.34221; 94.34226;80.00000;20.00000;0.75432;2
203.92599;39.49583;      -1.34326; 94.33937;80.00000;20.00000;0.75429;2
204.03999;39.50083;      -1.34382; 94.33358;80.00000;20.00000;0.75424;2
204.15100;39.50583;      -1.34408; 94.32489;80.00000;20.00000;0.75420;2
204.25900;39.51083;      -1.34464; 94.31814;80.00000;20.00000;0.75417;2
204.36301;39.51583;      -1.34461; 94.31235;80.00000;20.00000;0.75413;2
204.47701;39.52083;      -1.34576; 94.31138;80.00000;20.00000;0.75409;2
204.58701;39.52583;      -1.34690; 94.31042;80.00000;20.00000;0.75405;2
204.69600;39.53083;      -1.34805; 94.30752;80.00000;20.00000;0.75401;2
204.81500;39.53583;      -1.34910; 94.30366;80.00000;20.00000;0.75396;2
204.92599;39.54083;      -1.34956; 94.29691;80.00000;20.00000;0.75392;2
205.03300;39.54583;      -1.35051; 94.29305;80.00000;20.00000;0.75389;2
205.14200;39.55083;      -1.35117; 94.28919;80.00000;20.00000;0.75385;2
205.25700;39.55583;      -1.35173; 94.28533;80.00000;20.00000;0.75381;2
205.36301;39.56083;      -1.35278; 94.28243;80.00000;20.00000;0.75377;2
205.47800;39.56583;      -1.35334; 94.27954;80.00000;20.00000;0.75373;2
205.59700;39.57083;      -1.35400; 94.27761;80.00000;20.00000;0.75368;2
205.70500;39.57583;      -1.35456; 94.27471;80.00000;20.00000;0.75364;2
205.81900;39.58083;      -1.35503; 94.26892;80.00000;20.00000;0.75360;2
205.93100;39.58583;      -1.35569; 94.25927;80.00000;20.00000;0.75356;2
206.04100;39.59083;      -1.35722; 94.25252;80.00000;20.00000;0.75352;2
206.15401;39.59583;      -1.35778; 94.24673;80.00000;20.00000;0.75348;2
206.26601;39.60083;      -1.35825; 94.24576;80.00000;20.00000;0.75344;2
206.37199;39.60583;      -1.35939; 94.24576;80.00000;20.00000;0.75340;2
206.48801;39.61083;      -1.36006; 94.24383;80.00000;20.00000;0.75336;2
206.59900;39.61583;      -1.36111; 94.24190;80.00000;20.00000;0.75332;2
206.71201;39.62083;      -1.36196; 94.23804;80.00000;20.00000;0.75328;2
206.82600;39.62583;      -1.36204; 94.23322;80.00000;20.00000;0.75324;2
206.94000;39.63083;      -1.36280; 94.22936;80.00000;20.00000;0.75320;2
207.04100;39.63583;      -1.36355; 94.22743;80.00000;20.00000;0.75316;2
207.15401;39.64083;      -1.36421; 94.22260;80.00000;20.00000;0.75312;2
207.27800;39.64583;      -1.36536; 94.21874;80.00000;20.00000;0.75307;2
207.36900;39.65083;      -1.36669; 94.21585;80.00000;20.00000;0.75304;2
207.48900;39.65583;      -1.36756; 94.21199;80.00000;20.00000;0.75300;2
207.61501;39.66083;      -1.36871; 94.20909;80.00000;20.00000;0.75295;2
207.71400;39.66583;      -1.36937; 94.20137;80.00000;20.00000;0.75291;2
207.82201;39.67083;      -1.36973; 94.19462;80.00000;20.00000;0.75287;2
207.94701;39.67583;      -1.37001; 94.18690;80.00000;20.00000;0.75283;2
208.04201;39.68083;      -1.37125; 94.18304;80.00000;20.00000;0.75279;2
208.15401;39.68583;      -1.37210; 94.18304;80.00000;20.00000;0.75275;2
208.27100;39.69083;      -1.37267; 94.18304;80.00000;20.00000;0.75271;2
208.37700;39.69583;      -1.37323; 94.18111;80.00000;20.00000;0.75267;2
208.49300;39.70083;      -1.37428; 94.17821;80.00000;20.00000;0.75263;2
208.59900;39.70583;      -1.37533; 94.17146;80.00000;20.00000;0.75259;2
208.71600;39.71083;      -1.37639; 94.16663;80.00000;20.00000;0.75255;2
208.81799;39.71583;      -1.37656; 94.16374;80.00000;20.00000;0.75251;2
208.93401;39.72083;      -1.37771; 94.16181;80.00000;20.00000;0.75247;2
209.04900;39.72583;      -1.37857; 94.15795;80.00000;20.00000;0.75243;2
209.16000;39.73083;      -1.37962; 94.15505;80.00000;20.00000;0.75239;2
209.25900;39.73583;      -1.38037; 94.15119;80.00000;20.00000;0.75235;2
209.37399;39.74083;      -1.38084; 94.14444;80.00000;20.00000;0.75231;2
209.49001;39.74583;      -1.38160; 94.13382;80.00000;20.00000;0.75227;2
209.59100;39.75083;      -1.38177; 94.12514;80.00000;20.00000;0.75223;2
209.70200;39.75583;      -1.38253; 94.12224;80.00000;20.00000;0.75219;2
209.81900;39.76083;      -1.38339; 94.12224;80.00000;20.00000;0.75215;2
209.93100;39.76583;      -1.38454; 94.12321;80.00000;20.00000;0.75211;2
210.04601;39.77083;      -1.38579; 94.12128;80.00000;20.00000;0.75206;2
210.15900;39.77583;      -1.38685; 94.11838;80.00000;20.00000;0.75202;2
210.26900;39.78083;      -1.38790; 94.11356;80.00000;20.00000;0.75198;2
210.36501;39.78583;      -1.38856; 94.10777;80.00000;20.00000;0.75195;2
210.48500;39.79083;      -1.38942; 94.10102;80.00000;20.00000;0.75190;2
210.58200;39.79583;      -1.39027; 94.08944;80.00000;20.00000;0.75187;2
210.69400;39.80083;      -1.39113; 94.08172;80.00000;20.00000;0.75183;2
210.80901;39.80583;      -1.39150; 94.07786;80.00000;20.00000;0.75179;2
210.92300;39.81083;      -1.39256; 94.07786;80.00000;20.00000;0.75174;2
211.03300;39.81583;      -1.39361; 94.07496;80.00000;20.00000;0.75170;2
211.14400;39.82083;      -1.39427; 94.07110;80.00000;20.00000;0.75166;2
211.25301;39.82583;      -1.39464; 94.06628;80.00000;20.00000;0.75162;2
211.36200;39.83083;      -1.39540; 94.06145;80.00000;20.00000;0.75158;2
211.46899;39.83583;      -1.39675; 94.05566;80.00000;20.00000;0.75154;2
211.58400;39.84083;      -1.39751; 94.05180;80.00000;20.00000;0.75150;2
211.69299;39.84583;      -1.39827; 94.04312;80.00000;20.00000;0.75146;2
211.81000;39.85083;      -1.39904; 94.03347;80.00000;20.00000;0.75142;2
211.92000;39.85583;      -1.39960; 94.02575;80.00000;20.00000;0.75138;2
212.03000;39.86083;      -1.39978; 94.02382;80.00000;20.00000;0.75134;2
212.14301;39.86583;      -1.40034; 94.02285;80.00000;20.00000;0.75130;2
212.26401;39.87083;      -1.40160; 94.01803;80.00000;20.00000;0.75125;2
212.37100;39.87583;      -1.40256; 94.01320;80.00000;20.00000;0.75121;2
212.48000;39.88083;      -1.40342; 94.00838;80.00000;20.00000;0.75117;2
212.58600;39.88583;      -1.40457; 94.00259;80.00000;20.00000;0.75113;2
212.69501;39.89083;      -1.40533; 93.99004;80.00000;20.00000;0.75109;2
212.80701;39.89583;      -1.40609; 93.97653;80.00000;20.00000;0.75105;2
212.91901;39.90083;      -1.40646; 93.97074;80.00000;20.00000;0.75101;2
213.03200;39.90583;      -1.40762; 93.96978;80.00000;20.00000;0.75097;2
213.13699;39.91083;      -1.40857; 93.96592;80.00000;20.00000;0.75093;2
213.25500;39.91583;      -1.40973; 93.96013;80.00000;20.00000;0.75089;2
213.36301;39.92083;      -1.41118; 93.95434;80.00000;20.00000;0.75085;2
213.47400;39.92583;      -1.41214; 93.94662;80.00000;20.00000;0.75081;2
213.58299;39.93083;      -1.41339; 93.93697;80.00000;20.00000;0.75077;2
213.69600;39.93583;      -1.41435; 93.92925;80.00000;20.00000;0.75073;2
213.80200;39.94083;      -1.41492; 93.92539;80.00000;20.00000;0.75069;2
213.91299;39.94583;      -1.41470; 93.92442;80.00000;20.00000;0.75065;2
214.01801;39.95083;      -1.41507; 93.91381;80.00000;20.00000;0.75061;2
214.13300;39.95583;      -1.41524; 93.90609;80.00000;20.00000;0.75056;2
214.23900;39.96083;      -1.41630; 93.89837;80.00000;20.00000;0.75053;2
214.35400;39.96583;      -1.41697; 93.88968;80.00000;20.00000;0.75048;2
214.46100;39.97083;      -1.41792; 93.88293;80.00000;20.00000;0.75044;2
214.56799;39.97583;      -1.41898; 93.88100;80.00000;20.00000;0.75040;2
214.68201;39.98083;      -1.42014; 93.87714;80.00000;20.00000;0.75036;2
214.78900;39.98583;      -1.42129; 93.86556;80.00000;20.00000;0.75032;2
214.90700;39.99083;      -1.42226; 93.85880;80.00000;20.00000;0.75028;2
215.00301;39.99583;      -1.42272; 93.85205;80.00000;20.00000;0.75024;2
215.12300;40.00083;      -1.42231; 93.84529;80.00000;20.00000;0.75020;2
215.23399;40.00583;      -1.42278; 93.83564;80.00000;20.00000;0.75016;2
215.34300;40.01083;      -1.42394; 93.82889;80.00000;20.00000;0.75012;2
215.45100;40.01583;      -1.42509; 93.82406;80.00000;20.00000;0.75008;2
215.56500;40.02083;      -1.42665; 93.81731;80.00000;20.00000;0.75004;2
215.67200;40.02583;      -1.42761; 93.80573;80.00000;20.00000;0.75000;2
215.78700;40.03083;      -1.42828; 93.79608;80.00000;20.00000;0.74995;2
215.90401;40.03583;      -1.42944; 93.79125;80.00000;20.00000;0.74991;2
216.00999;40.04083;      -1.43049; 93.78932;80.00000;20.00000;0.74987;2
216.12700;40.04583;      -1.43166; 93.78160;80.00000;20.00000;0.74983;2
216.22800;40.05083;      -1.43300; 93.77099;80.00000;20.00000;0.74979;2
216.33400;40.05583;      -1.43387; 93.76423;80.00000;20.00000;0.74975;2
216.44501;40.06083;      -1.43473; 93.75844;80.00000;20.00000;0.74971;2
216.56000;40.06583;      -1.43569; 93.74976;80.00000;20.00000;0.74967;2
216.67400;40.07083;      -1.43646; 93.73914;80.00000;20.00000;0.74963;2
216.77699;40.07583;      -1.43732; 93.73239;80.00000;20.00000;0.74959;2
216.89301;40.08083;      -1.43809; 93.72467;80.00000;20.00000;0.74954;2
216.99400;40.08583;      -1.43905; 93.71695;80.00000;20.00000;0.74951;2
217.10500;40.09083;      -1.44001; 93.71116;80.00000;20.00000;0.74947;2
217.22099;40.09583;      -1.44098; 93.70344;80.00000;20.00000;0.74942;2
217.32001;40.10083;      -1.44174; 93.69282;80.00000;20.00000;0.74939;2
217.45200;40.10583;      -1.44262; 93.68510;80.00000;20.00000;0.74934;2
217.54800;40.11083;      -1.44347; 93.67835;80.00000;20.00000;0.74930;2
217.66200;40.11583;      -1.44365; 93.67063;80.00000;20.00000;0.74926;2
217.76601;40.12083;      -1.44412; 93.66387;80.00000;20.00000;0.74922;2
217.87399;40.12583;      -1.44449; 93.65519;80.00000;20.00000;0.74918;2
217.98900;40.13083;      -1.44516; 93.64071;80.00000;20.00000;0.74914;2
218.09300;40.13583;      -1.44651; 93.63299;80.00000;20.00000;0.74910;2
218.21201;40.14083;      -1.44837; 93.63106;80.00000;20.00000;0.74905;2
218.31100;40.14583;      -1.44913; 93.62528;80.00000;20.00000;0.74902;2
218.42700;40.15083;      -1.44980; 93.61852;80.00000;20.00000;0.74897;2
218.52800;40.15583;      -1.45086; 93.61080;80.00000;20.00000;0.74894;2
218.63699;40.16083;      -1.45212; 93.59633;80.00000;20.00000;0.74890;2
218.74800;40.16583;      -1.45367; 93.58764;80.00000;20.00000;0.74886;2
218.85699;40.17083;      -1.45463; 93.58764;80.00000;20.00000;0.74881;2
218.97400;40.17583;      -1.45551; 93.58668;80.00000;20.00000;0.74877;2
219.07800;40.18083;      -1.45578; 93.58089;80.00000;20.00000;0.74873;2
219.18800;40.18583;      -1.45655; 93.57413;80.00000;20.00000;0.74869;2
219.30200;40.19083;      -1.45791; 93.56255;80.00000;20.00000;0.74865;2
219.41701;40.19583;      -1.45887; 93.54808;80.00000;20.00000;0.74861;2
219.51601;40.20083;      -1.45954; 93.54325;80.00000;20.00000;0.74857;2
219.63600;40.20583;      -1.46031; 93.54036;80.00000;20.00000;0.74852;2
219.74100;40.21083;      -1.46118; 93.53457;80.00000;20.00000;0.74849;2
219.85201;40.21583;      -1.46194; 93.52781;80.00000;20.00000;0.74844;2
219.96300;40.22083;      -1.46252; 93.51720;80.00000;20.00000;0.74840;2
220.07500;40.22583;      -1.46319; 93.50369;80.00000;20.00000;0.74836;2
220.17900;40.23083;      -1.46415; 93.49790;80.00000;20.00000;0.74832;2
220.28799;40.23583;      -1.46512; 93.49114;80.00000;20.00000;0.74828;2
220.40300;40.24083;      -1.46589; 93.48439;80.00000;20.00000;0.74824;2
220.50999;40.24583;      -1.46675; 93.47570;80.00000;20.00000;0.74820;2
220.62199;40.25083;      -1.46762; 93.46219;80.00000;20.00000;0.74816;2
220.72800;40.25583;      -1.46839; 93.45351;80.00000;20.00000;0.74812;2
220.83099;40.26083;      -1.46906; 93.44772;80.00000;20.00000;0.74808;2
220.95300;40.26583;      -1.46983; 93.44000;80.00000;20.00000;0.74803;2
221.05701;40.27083;      -1.47070; 93.43228;80.00000;20.00000;0.74799;2
221.17200;40.27583;      -1.47157; 93.41877;80.00000;20.00000;0.74795;2
221.27600;40.28083;      -1.47263; 93.40815;80.00000;20.00000;0.74791;2
221.39200;40.28583;      -1.47370; 93.40526;80.00000;20.00000;0.74787;2
221.49600;40.29083;      -1.47466; 93.39947;80.00000;20.00000;0.74783;2
221.61200;40.29583;      -1.47613; 93.38885;80.00000;20.00000;0.74779;2
221.71899;40.30083;      -1.47729; 93.37727;80.00000;20.00000;0.74775;2
221.83400;40.30583;      -1.47797; 93.36280;80.00000;20.00000;0.74770;2
221.94099;40.31083;      -1.47893; 93.35797;80.00000;20.00000;0.74766;2
222.05299;40.31583;      -1.47960; 93.35604;80.00000;20.00000;0.74762;2
222.16000;40.32083;      -1.48057; 93.34543;80.00000;20.00000;0.74758;2
222.26900;40.32583;      -1.48154; 93.33481;80.00000;20.00000;0.74754;2
222.38400;40.33083;      -1.48251; 93.32130;80.00000;20.00000;0.74750;2
222.48500;40.33583;      -1.48337; 93.31262;80.00000;20.00000;0.74746;2
222.60201;40.34083;      -1.48444; 93.31165;80.00000;20.00000;0.74742;2
222.71100;40.34583;      -1.48551; 93.30490;80.00000;20.00000;0.74737;2
222.81599;40.35083;      -1.48638; 93.29428;80.00000;20.00000;0.74734;2
222.93100;40.35583;      -1.48686; 93.28463;80.00000;20.00000;0.74729;2
223.03101;40.36083;      -1.48752; 93.27788;80.00000;20.00000;0.74725;2
223.14999;40.36583;      -1.48840; 93.27209;80.00000;20.00000;0.74721;2
223.24699;40.37083;      -1.48906; 93.25954;80.00000;20.00000;0.74717;2
223.37300;40.37583;      -1.49005; 93.25279;80.00000;20.00000;0.74713;2
223.47701;40.38083;      -1.49190; 93.24507;80.00000;20.00000;0.74709;2
223.58900;40.38583;      -1.49277; 93.23059;80.00000;20.00000;0.74705;2
223.69299;40.39083;      -1.49373; 93.22287;80.00000;20.00000;0.74701;2
223.80099;40.39583;      -1.49401; 93.22191;80.00000;20.00000;0.74697;2
223.91299;40.40083;      -1.49449; 93.21322;80.00000;20.00000;0.74692;2
224.02400;40.40583;      -1.49576; 93.20454;80.00000;20.00000;0.74688;2
224.12700;40.41083;      -1.49633; 93.19103;80.00000;20.00000;0.74684;2
224.24200;40.41583;      -1.49740; 93.18138;80.00000;20.00000;0.74680;2
224.33800;40.42083;      -1.49885; 93.17462;80.00000;20.00000;0.74676;2
224.45599;40.42583;      -1.50022; 93.16883;80.00000;20.00000;0.74672;2
224.56200;40.43083;      -1.50139; 93.16111;80.00000;20.00000;0.74668;2
224.66701;40.43583;      -1.50236; 93.15050;80.00000;20.00000;0.74664;2
224.78200;40.44083;      -1.50353; 93.13795;80.00000;20.00000;0.74660;2
224.90900;40.44583;      -1.50461; 93.13217;80.00000;20.00000;0.74655;2
225.00200;40.45083;      -1.50508; 93.12541;80.00000;20.00000;0.74651;2
225.11000;40.45583;      -1.50575; 93.11383;80.00000;20.00000;0.74647;2
225.21500;40.46083;      -1.50662; 93.09936;80.00000;20.00000;0.74643;2
225.32001;40.46583;      -1.50749; 93.09550;80.00000;20.00000;0.74639;2
225.43401;40.47083;      -1.50836; 93.09260;80.00000;20.00000;0.74635;2
225.54700;40.47583;      -1.50874; 93.08199;80.00000;20.00000;0.74631;2
225.65199;40.48083;      -1.50932; 93.07427;80.00000;20.00000;0.74627;2
225.75700;40.48583;      -1.51038; 93.06558;80.00000;20.00000;0.74623;2
225.86900;40.49083;      -1.51156; 93.05304;80.00000;20.00000;0.74619;2
225.98599;40.49583;      -1.51253; 93.04146;80.00000;20.00000;0.74614;2
226.08299;40.50083;      -1.51369; 93.03856;80.00000;20.00000;0.74611;2
226.19400;40.50583;      -1.51437; 93.03277;80.00000;20.00000;0.74606;2
226.30701;40.51083;      -1.51515; 93.02216;80.00000;20.00000;0.74602;2
226.41100;40.51583;      -1.51602; 93.00961;80.00000;20.00000;0.74598;2
226.52800;40.52083;      -1.51670; 92.99707;80.00000;20.00000;0.74594;2
226.63600;40.52583;      -1.51737; 92.98935;80.00000;20.00000;0.74590;2
226.73000;40.53083;      -1.51814; 92.97584;80.00000;20.00000;0.74586;2
226.85500;40.53583;      -1.51942; 92.96426;80.00000;20.00000;0.74581;2
226.95599;40.54083;      -1.52068; 92.96136;80.00000;20.00000;0.74578;2
227.06200;40.54583;      -1.52175; 92.95557;80.00000;20.00000;0.74574;2
227.17799;40.55083;      -1.52273; 92.93820;80.00000;20.00000;0.74569;2
227.29201;40.55583;      -1.52361; 92.92759;80.00000;20.00000;0.74565;2
227.40500;40.56083;      -1.52458; 92.91987;80.00000;20.00000;0.74561;2
227.51300;40.56583;      -1.52536; 92.91215;80.00000;20.00000;0.74557;2
227.61501;40.57083;      -1.52652; 92.89864;80.00000;20.00000;0.74553;2
227.72800;40.57583;      -1.52760; 92.88899;80.00000;20.00000;0.74548;2
227.84500;40.58083;      -1.52858; 92.87934;80.00000;20.00000;0.74544;2
227.94000;40.58583;      -1.52974; 92.86486;80.00000;20.00000;0.74540;2
228.04700;40.59083;      -1.53081; 92.85618;80.00000;20.00000;0.74536;2
228.16400;40.59583;      -1.53149; 92.85521;80.00000;20.00000;0.74532;2
228.27200;40.60083;      -1.53266; 92.84460;80.00000;20.00000;0.74528;2
228.37700;40.60583;      -1.53344; 92.82723;80.00000;20.00000;0.74524;2
228.48399;40.61083;      -1.53401; 92.81854;80.00000;20.00000;0.74520;2
228.57899;40.61583;      -1.53438; 92.81661;80.00000;20.00000;0.74516;2
228.70900;40.62083;      -1.53488; 92.80889;80.00000;20.00000;0.74511;2
228.81599;40.62583;      -1.53595; 92.79924;80.00000;20.00000;0.74507;2
228.92400;40.63083;      -1.53702; 92.78477;80.00000;20.00000;0.74503;2
229.02800;40.63583;      -1.53800; 92.77319;80.00000;20.00000;0.74499;2
229.13699;40.64083;      -1.53927; 92.77029;80.00000;20.00000;0.74495;2
229.23900;40.64583;      -1.54073; 92.76547;80.00000;20.00000;0.74491;2
229.36301;40.65083;      -1.54241; 92.74810;80.00000;20.00000;0.74486;2
229.47200;40.65583;      -1.54348; 92.73555;80.00000;20.00000;0.74482;2
229.57700;40.66083;      -1.54416; 92.73266;80.00000;20.00000;0.74478;2
229.68201;40.66583;      -1.54395; 92.72783;80.00000;20.00000;0.74474;2
229.78799;40.67083;      -1.54393; 92.71722;80.00000;20.00000;0.74470;2
229.89101;40.67583;      -1.54559; 92.70950;80.00000;20.00000;0.74466;2
230.01401;40.68083;      -1.54708; 92.69985;80.00000;20.00000;0.74462;2
230.11600;40.68583;      -1.54805; 92.68730;80.00000;20.00000;0.74458;2
230.23599;40.69083;      -1.54854; 92.67862;80.00000;20.00000;0.74453;2
230.33400;40.69583;      -1.54921; 92.67283;80.00000;20.00000;0.74449;2
230.45000;40.70083;      -1.55029; 92.66318;80.00000;20.00000;0.74445;2
230.55800;40.70583;      -1.55146; 92.65063;80.00000;20.00000;0.74441;2
230.67300;40.71083;      -1.55215; 92.64292;80.00000;20.00000;0.74437;2
230.76801;40.71583;      -1.55311; 92.63616;80.00000;20.00000;0.74433;2
230.87700;40.72083;      -1.55419; 92.62748;80.00000;20.00000;0.74429;2
230.98000;40.72583;      -1.55516; 92.61397;80.00000;20.00000;0.74425;2
231.09500;40.73083;      -1.55604; 92.60625;80.00000;20.00000;0.74421;2
231.20799;40.73583;      -1.55692; 92.59467;80.00000;20.00000;0.74416;2
231.30701;40.74083;      -1.55770; 92.58309;80.00000;20.00000;0.74412;2
231.41400;40.74583;      -1.55877; 92.57633;80.00000;20.00000;0.74408;2
231.52400;40.75083;      -1.55975; 92.56958;80.00000;20.00000;0.74404;2
231.64799;40.75583;      -1.56064; 92.55800;80.00000;20.00000;0.74399;2
231.74300;40.76083;      -1.56180; 92.54642;80.00000;20.00000;0.74396;2
231.85800;40.76583;      -1.56328; 92.53870;80.00000;20.00000;0.74391;2
231.96600;40.77083;      -1.56436; 92.52615;80.00000;20.00000;0.74387;2
232.08400;40.77583;      -1.56544; 92.51457;80.00000;20.00000;0.74383;2
232.18600;40.78083;      -1.56632; 92.51071;80.00000;20.00000;0.74379;2
232.29500;40.78583;      -1.56670; 92.50010;80.00000;20.00000;0.74375;2
232.39200;40.79083;      -1.56718; 92.48659;80.00000;20.00000;0.74371;2
232.50999;40.79583;      -1.56767; 92.47983;80.00000;20.00000;0.74367;2
232.62399;40.80083;      -1.56845; 92.47018;80.00000;20.00000;0.74362;2
232.72600;40.80583;      -1.57012; 92.45764;80.00000;20.00000;0.74358;2
232.82899;40.81083;      -1.57129; 92.44992;80.00000;20.00000;0.74354;2
232.94400;40.81583;      -1.57237; 92.43834;80.00000;20.00000;0.74350;2
233.05701;40.82083;      -1.57355; 92.42676;80.00000;20.00000;0.74346;2
233.15601;40.82583;      -1.57373; 92.41904;80.00000;20.00000;0.74342;2
233.26100;40.83083;      -1.57412; 92.40649;80.00000;20.00000;0.74338;2
233.36800;40.83583;      -1.57589; 92.39781;80.00000;20.00000;0.74334;2
233.48000;40.84083;      -1.57717; 92.38816;80.00000;20.00000;0.74329;2
233.59100;40.84583;      -1.57805; 92.37465;80.00000;20.00000;0.74325;2
233.70100;40.85083;      -1.57893; 92.36596;80.00000;20.00000;0.74321;2
233.80600;40.85583;      -1.57961; 92.36500;80.00000;20.00000;0.74317;2
233.91901;40.86083;      -1.58000; 92.35438;80.00000;20.00000;0.74313;2
234.02000;40.86583;      -1.58087; 92.33798;80.00000;20.00000;0.74309;2
234.13000;40.87083;      -1.58225; 92.32929;80.00000;20.00000;0.74304;2
234.23801;40.87583;      -1.58353; 92.32640;80.00000;20.00000;0.74300;2
234.34399;40.88083;      -1.58481; 92.31578;80.00000;20.00000;0.74296;2
234.45300;40.88583;      -1.58559; 92.30806;80.00000;20.00000;0.74292;2
234.55901;40.89083;      -1.58657; 92.29745;80.00000;20.00000;0.74288;2
234.66600;40.89583;      -1.58656; 92.28683;80.00000;20.00000;0.74284;2
234.78000;40.90083;      -1.58695; 92.28201;80.00000;20.00000;0.74280;2
234.88200;40.90583;      -1.58812; 92.27429;80.00000;20.00000;0.74276;2
234.99300;40.91083;      -1.58920; 92.26464;80.00000;20.00000;0.74271;2
235.10600;40.91583;      -1.59029; 92.25113;80.00000;20.00000;0.74267;2
235.21300;40.92083;      -1.59127; 92.24244;80.00000;20.00000;0.74263;2
235.31400;40.92583;      -1.59224; 92.23376;80.00000;20.00000;0.74259;2
235.43100;40.93083;      -1.59353; 92.22121;80.00000;20.00000;0.74255;2
235.54500;40.93583;      -1.59471; 92.21349;80.00000;20.00000;0.74250;2
235.64000;40.94083;      -1.59539; 92.20288;80.00000;20.00000;0.74247;2
235.74600;40.94583;      -1.59547; 92.19130;80.00000;20.00000;0.74242;2
235.86099;40.95083;      -1.59666; 92.18454;80.00000;20.00000;0.74238;2
235.96600;40.95583;      -1.59794; 92.17200;80.00000;20.00000;0.74234;2
236.08000;40.96083;      -1.59912; 92.16331;80.00000;20.00000;0.74230;2
236.18700;40.96583;      -1.60070; 92.15463;80.00000;20.00000;0.74225;2
236.29100;40.97083;      -1.60208; 92.14112;80.00000;20.00000;0.74221;2
236.39700;40.97583;      -1.60276; 92.12761;80.00000;20.00000;0.74217;2
236.51100;40.98083;      -1.60325; 92.11796;80.00000;20.00000;0.74213;2
236.61900;40.98583;      -1.60374; 92.10928;80.00000;20.00000;0.74209;2
236.72600;40.99083;      -1.60472; 92.09673;80.00000;20.00000;0.74205;2
236.83900;40.99583;      -1.60590; 92.08901;80.00000;20.00000;0.74200;2
236.95399;41.00083;      -1.60689; 92.07840;80.00000;20.00000;0.74196;2
237.05701;41.00583;      -1.60797; 92.06489;80.00000;20.00000;0.74192;2
237.16499;41.01083;      -1.60826; 92.05138;80.00000;20.00000;0.74188;2
237.27400;41.01583;      -1.60855; 92.04462;80.00000;20.00000;0.74184;2
237.38901;41.02083;      -1.60944; 92.03304;80.00000;20.00000;0.74179;2
237.49100;41.02583;      -1.61062; 92.01953;80.00000;20.00000;0.74175;2
237.59801;41.03083;      -1.61180; 92.00602;80.00000;20.00000;0.74171;2
237.70799;41.03583;      -1.61298; 91.99927;80.00000;20.00000;0.74167;2
237.81500;41.04083;      -1.61357; 91.98865;80.00000;20.00000;0.74163;2
237.92200;41.04583;      -1.61445; 91.97418;80.00000;20.00000;0.74159;2
238.03000;41.05083;      -1.61603; 91.96067;80.00000;20.00000;0.74154;2
238.13901;41.05583;      -1.61752; 91.95295;80.00000;20.00000;0.74150;2
238.25000;41.06083;      -1.61840; 91.94137;80.00000;20.00000;0.74146;2
238.35201;41.06583;      -1.61839; 91.92979;80.00000;20.00000;0.74142;2
238.46300;41.07083;      -1.61888; 91.92207;80.00000;20.00000;0.74138;2
238.56599;41.07583;      -1.62006; 91.90856;80.00000;20.00000;0.74134;2
238.67900;41.08083;      -1.62105; 91.89408;80.00000;20.00000;0.74129;2
238.78500;41.08583;      -1.62223; 91.88057;80.00000;20.00000;0.74125;2
238.89500;41.09083;      -1.62342; 91.86610;80.00000;20.00000;0.74121;2
238.99699;41.09583;      -1.62420; 91.85741;80.00000;20.00000;0.74117;2
239.11400;41.10083;      -1.62460; 91.85162;80.00000;20.00000;0.74113;2
239.21400;41.10583;      -1.62528; 91.83618;80.00000;20.00000;0.74109;2
239.32401;41.11083;      -1.62636; 91.81881;80.00000;20.00000;0.74104;2
239.42400;41.11583;      -1.62764; 91.81013;80.00000;20.00000;0.74101;2
239.54300;41.12083;      -1.62884; 91.79855;80.00000;20.00000;0.74096;2
239.64700;41.12583;      -1.62932; 91.78407;80.00000;20.00000;0.74092;2
239.76199;41.13083;      -1.62992; 91.76960;80.00000;20.00000;0.74087;2
239.86700;41.13583;      -1.63090; 91.76188;80.00000;20.00000;0.74083;2
239.97400;41.14083;      -1.63199; 91.75030;80.00000;20.00000;0.74079;2
240.08200;41.14583;      -1.63337; 91.73775;80.00000;20.00000;0.74075;2
240.18201;41.15083;      -1.63385; 91.73003;80.00000;20.00000;0.74071;2
240.28799;41.15583;      -1.63514; 91.71652;80.00000;20.00000;0.74067;2
240.40700;41.16083;      -1.63643; 91.70205;80.00000;20.00000;0.74062;2
240.51601;41.16583;      -1.63732; 91.68950;80.00000;20.00000;0.74058;2
240.63699;41.17083;      -1.63762; 91.68178;80.00000;20.00000;0.74054;2
240.72900;41.17583;      -1.63790; 91.66827;80.00000;20.00000;0.74050;2
240.84399;41.18083;      -1.63850; 91.65380;80.00000;20.00000;0.74045;2
240.93900;41.18583;      -1.63937; 91.64126;80.00000;20.00000;0.74042;2
241.05299;41.19083;      -1.64116; 91.63354;80.00000;20.00000;0.74037;2
241.16299;41.19583;      -1.64195; 91.62003;80.00000;20.00000;0.74033;2
241.26601;41.20083;      -1.64234; 91.61038;80.00000;20.00000;0.74029;2
241.37399;41.20583;      -1.64273; 91.60073;80.00000;20.00000;0.74025;2
241.48500;41.21083;      -1.64362; 91.58625;80.00000;20.00000;0.74021;2
241.59300;41.21583;      -1.64461; 91.57274;80.00000;20.00000;0.74016;2
241.70399;41.22083;      -1.64590; 91.56309;80.00000;20.00000;0.74012;2
241.80400;41.22583;      -1.64698; 91.55344;80.00000;20.00000;0.74008;2
241.91600;41.23083;      -1.64817; 91.53897;80.00000;20.00000;0.74004;2
242.01801;41.23583;      -1.64975; 91.52546;80.00000;20.00000;0.74000;2
242.13100;41.24083;      -1.65105; 91.51581;80.00000;20.00000;0.73995;2
242.24200;41.24583;      -1.65194; 91.50616;80.00000;20.00000;0.73991;2
242.34399;41.25083;      -1.65223; 91.49265;80.00000;20.00000;0.73987;2
242.45200;41.25583;      -1.65262; 91.48493;80.00000;20.00000;0.73983;2
242.56400;41.26083;      -1.65361; 91.47335;80.00000;20.00000;0.73979;2
242.65800;41.26583;      -1.65519; 91.45887;80.00000;20.00000;0.73975;2
242.77600;41.27083;      -1.65638; 91.44536;80.00000;20.00000;0.73970;2
242.88100;41.27583;      -1.65707; 91.43089;80.00000;20.00000;0.73966;2
242.99500;41.28083;      -1.65737; 91.42124;80.00000;20.00000;0.73962;2
243.09200;41.28583;      -1.65755; 91.39518;80.00000;20.00000;0.73958;2
243.20700;41.29083;      -1.65815; 91.38071;80.00000;20.00000;0.73954;2
243.31400;41.29583;      -1.65904; 91.38167;80.00000;20.00000;0.73949;2
243.41701;41.30083;      -1.66033; 91.37009;80.00000;20.00000;0.73945;2
243.52800;41.30583;      -1.66152; 91.35176;80.00000;20.00000;0.73941;2
243.62900;41.31083;      -1.66241; 91.33728;80.00000;20.00000;0.73937;2
243.74300;41.31583;      -1.66330; 91.32570;80.00000;20.00000;0.73933;2
243.85400;41.32083;      -1.66410; 91.30351;80.00000;20.00000;0.73928;2
243.96100;41.32583;      -1.66459; 91.28710;80.00000;20.00000;0.73924;2
244.07100;41.33083;      -1.66538; 91.27166;80.00000;20.00000;0.73920;2
244.17599;41.33583;      -1.66627; 91.24368;80.00000;20.00000;0.73916;2
244.27699;41.34083;      -1.66696; 91.22920;80.00000;20.00000;0.73912;2
244.39301;41.34583;      -1.66696; 91.20701;80.00000;20.00000;0.73907;2
244.49899;41.35083;      -1.66755; 91.19157;80.00000;20.00000;0.73903;2
244.60300;41.35583;      -1.66854; 91.17613;80.00000;20.00000;0.73899;2
244.71500;41.36083;      -1.66934; 91.15683;80.00000;20.00000;0.73895;2
244.81900;41.36583;      -1.67023; 91.13174;80.00000;20.00000;0.73891;2
244.92400;41.37083;      -1.67112; 91.11534;80.00000;20.00000;0.73887;2
245.03500;41.37583;      -1.67191; 91.10086;80.00000;20.00000;0.73882;2
245.13499;41.38083;      -1.67310; 91.07770;80.00000;20.00000;0.73878;2
245.25301;41.38583;      -1.67370; 91.05358;80.00000;20.00000;0.73874;2
245.35699;41.39083;      -1.67409; 91.03814;80.00000;20.00000;0.73870;2
245.46500;41.39583;      -1.67588; 91.02366;80.00000;20.00000;0.73865;2
245.57300;41.40083;      -1.67727; 91.00243;80.00000;20.00000;0.73861;2
245.68800;41.40583;      -1.67817; 90.98699;80.00000;20.00000;0.73857;2
245.78900;41.41083;      -1.67816; 90.96866;80.00000;20.00000;0.73853;2
245.89700;41.41583;      -1.67926; 90.94936;80.00000;20.00000;0.73848;2
246.00999;41.42083;      -1.68025; 90.93585;80.00000;20.00000;0.73844;2
246.11501;41.42583;      -1.68095; 90.92427;80.00000;20.00000;0.73840;2
246.21600;41.43083;      -1.68173; 90.90690;80.00000;20.00000;0.73836;2
246.31599;41.43583;      -1.68242; 90.89435;80.00000;20.00000;0.73832;2
246.42799;41.44083;      -1.68312; 90.88277;80.00000;20.00000;0.73828;2
246.53200;41.44583;      -1.68391; 90.86830;80.00000;20.00000;0.73824;2
246.64500;41.45083;      -1.68481; 90.85479;80.00000;20.00000;0.73819;2
246.74100;41.45583;      -1.68510; 90.84031;80.00000;20.00000;0.73815;2
246.86099;41.46083;      -1.68600; 90.83259;80.00000;20.00000;0.73811;2
246.96899;41.46583;      -1.68729; 90.82198;80.00000;20.00000;0.73806;2
247.07300;41.47083;      -1.68839; 90.80943;80.00000;20.00000;0.73802;2
247.19400;41.47583;      -1.68869; 90.80171;80.00000;20.00000;0.73798;2
247.28400;41.48083;      -1.68937; 90.78917;80.00000;20.00000;0.73794;2
247.40401;41.48583;      -1.69078; 90.77469;80.00000;20.00000;0.73789;2
247.50999;41.49083;      -1.69207; 90.76215;80.00000;20.00000;0.73785;2
247.60600;41.49583;      -1.69296; 90.75539;80.00000;20.00000;0.73781;2
247.71700;41.50083;      -1.69345; 90.74767;80.00000;20.00000;0.73777;2
247.82201;41.50583;      -1.69375; 90.73706;80.00000;20.00000;0.73773;2
247.92900;41.51083;      -1.69444; 90.72258;80.00000;20.00000;0.73769;2
248.03700;41.51583;      -1.69504; 90.70811;80.00000;20.00000;0.73764;2
248.14799;41.52083;      -1.69574; 90.70039;80.00000;20.00000;0.73760;2
248.25400;41.52583;      -1.69683; 90.69363;80.00000;20.00000;0.73756;2
248.36501;41.53083;      -1.69763; 90.68399;80.00000;20.00000;0.73752;2
248.46500;41.53583;      -1.69852; 90.66951;80.00000;20.00000;0.73748;2
248.56900;41.54083;      -1.69922; 90.65504;80.00000;20.00000;0.73744;2
248.68201;41.54583;      -1.69972; 90.64056;80.00000;20.00000;0.73739;2
248.79100;41.55083;      -1.70052; 90.62609;80.00000;20.00000;0.73735;2
248.89301;41.55583;      -1.70181; 90.62126;80.00000;20.00000;0.73731;2
249.00700;41.56083;      -1.70271; 90.61258;80.00000;20.00000;0.73726;2
249.11900;41.56583;      -1.70361; 90.59907;80.00000;20.00000;0.73722;2
249.22501;41.57083;      -1.70441; 90.58749;80.00000;20.00000;0.73718;2
249.32600;41.57583;      -1.70510; 90.57301;80.00000;20.00000;0.73714;2
249.44000;41.58083;      -1.70590; 90.55854;80.00000;20.00000;0.73709;2
249.53900;41.58583;      -1.70669; 90.54889;80.00000;20.00000;0.73705;2
249.64999;41.59083;      -1.70759; 90.53924;80.00000;20.00000;0.73701;2
249.76100;41.59583;      -1.70849; 90.52476;80.00000;20.00000;0.73697;2
249.86200;41.60083;      -1.70948; 90.51029;80.00000;20.00000;0.73693;2
249.97099;41.60583;      -1.71018; 90.49871;80.00000;20.00000;0.73688;2
250.08000;41.61083;      -1.71078; 90.49388;80.00000;20.00000;0.73684;2
250.17500;41.61583;      -1.71157; 90.48327;80.00000;20.00000;0.73680;2
250.27800;41.62083;      -1.71246; 90.46397;80.00000;20.00000;0.73676;2
250.39400;41.62583;      -1.71327; 90.45335;80.00000;20.00000;0.73672;2
250.49800;41.63083;      -1.71396; 90.44370;80.00000;20.00000;0.73668;2
250.61501;41.63583;      -1.71427; 90.42923;80.00000;20.00000;0.73663;2
250.71800;41.64083;      -1.71536; 90.41765;80.00000;20.00000;0.73659;2
250.82600;41.64583;      -1.71636; 90.40607;80.00000;20.00000;0.73655;2
250.93401;41.65083;      -1.71686; 90.39449;80.00000;20.00000;0.73650;2
251.03500;41.65583;      -1.71795; 90.38194;80.00000;20.00000;0.73646;2
251.14101;41.66083;      -1.71865; 90.36361;80.00000;20.00000;0.73642;2
251.25400;41.66583;      -1.71916; 90.35299;80.00000;20.00000;0.73638;2
251.36200;41.67083;      -1.72006; 90.33948;80.00000;20.00000;0.73633;2
251.46600;41.67583;      -1.72105; 90.32501;80.00000;20.00000;0.73629;2
251.58000;41.68083;      -1.72196; 90.31053;80.00000;20.00000;0.73625;2
251.68600;41.68583;      -1.72276; 90.29702;80.00000;20.00000;0.73621;2
251.78300;41.69083;      -1.72325; 90.28255;80.00000;20.00000;0.73617;2
251.89200;41.69583;      -1.72355; 90.27097;80.00000;20.00000;0.73612;2
252.00700;41.70083;      -1.72405; 90.24974;80.00000;20.00000;0.73608;2
252.10899;41.70583;      -1.72485; 90.23526;80.00000;20.00000;0.73604;2
252.22400;41.71083;      -1.72575; 90.21789;80.00000;20.00000;0.73599;2
252.33000;41.71583;      -1.72655; 90.19666;80.00000;20.00000;0.73595;2
252.42900;41.72083;      -1.72745; 90.17351;80.00000;20.00000;0.73591;2
252.54401;41.72583;      -1.72845; 90.16096;80.00000;20.00000;0.73587;2
252.63901;41.73083;      -1.72944; 90.13780;80.00000;20.00000;0.73583;2
252.74899;41.73583;      -1.73025; 90.11464;80.00000;20.00000;0.73578;2
252.86099;41.74083;      -1.73105; 90.09438;80.00000;20.00000;0.73574;2
252.96600;41.74583;      -1.73195; 90.07315;80.00000;20.00000;0.73570;2
253.07201;41.75083;      -1.73255; 90.05771;80.00000;20.00000;0.73566;2
253.17799;41.75583;      -1.73325; 90.03455;80.00000;20.00000;0.73561;2
253.29100;41.76083;      -1.73385; 90.01139;80.00000;20.00000;0.73557;2
253.38800;41.76583;      -1.73354; 89.99884;80.00000;20.00000;0.73553;2
253.49500;41.77083;      -1.73374; 89.97568;80.00000;20.00000;0.73549;2
253.59599;41.77583;      -1.73474; 89.95252;80.00000;20.00000;0.73545;2
253.71700;41.78083;      -1.73605; 89.93612;80.00000;20.00000;0.73540;2
253.81599;41.78583;      -1.73665; 89.92068;80.00000;20.00000;0.73536;2
253.91299;41.79083;      -1.73744; 89.89848;80.00000;20.00000;0.73532;2
254.03000;41.79583;      -1.73835; 89.87629;80.00000;20.00000;0.73528;2
254.14000;41.80083;      -1.73905; 89.86085;80.00000;20.00000;0.73523;2
254.24200;41.80583;      -1.73995; 89.85313;80.00000;20.00000;0.73519;2
254.34599;41.81083;      -1.74045; 89.83383;80.00000;20.00000;0.73515;2
254.46001;41.81583;      -1.74136; 89.81356;80.00000;20.00000;0.73511;2
254.56000;41.82083;      -1.74205; 89.80005;80.00000;20.00000;0.73507;2
254.67500;41.82583;      -1.74316; 89.78654;80.00000;20.00000;0.73502;2
254.77499;41.83083;      -1.74386; 89.76917;80.00000;20.00000;0.73498;2
254.87199;41.83583;      -1.74465; 89.75759;80.00000;20.00000;0.73494;2
254.97200;41.84083;      -1.74535; 89.73829;80.00000;20.00000;0.73490;2
255.09599;41.84583;      -1.74637; 89.72285;80.00000;20.00000;0.73485;2
255.20200;41.85083;      -1.74757; 89.70549;80.00000;20.00000;0.73481;2
255.30901;41.85583;      -1.74877; 89.69101;80.00000;20.00000;0.73477;2
255.40700;41.86083;      -1.74917; 89.67750;80.00000;20.00000;0.73473;2
255.51900;41.86583;      -1.74897; 89.66206;80.00000;20.00000;0.73468;2
255.62900;41.87083;      -1.74948; 89.64759;80.00000;20.00000;0.73464;2
255.73599;41.87583;      -1.75038; 89.62925;80.00000;20.00000;0.73460;2
255.83800;41.88083;      -1.75138; 89.60706;80.00000;20.00000;0.73456;2
255.95399;41.88583;      -1.75269; 89.59741;80.00000;20.00000;0.73451;2
256.05200;41.89083;      -1.75349; 89.58872;80.00000;20.00000;0.73447;2
256.15701;41.89583;      -1.75359; 89.56653;80.00000;20.00000;0.73443;2
256.27100;41.90083;      -1.75410; 89.55688;80.00000;20.00000;0.73438;2
256.37900;41.90583;      -1.75510; 89.54723;80.00000;20.00000;0.73434;2
256.48300;41.91083;      -1.75600; 89.52986;80.00000;20.00000;0.73430;2
256.59000;41.91583;      -1.75631; 89.51442;80.00000;20.00000;0.73426;2
256.68399;41.92083;      -1.75650; 89.49994;80.00000;20.00000;0.73422;2
256.80099;41.92583;      -1.75721; 89.48643;80.00000;20.00000;0.73417;2
256.90500;41.93083;      -1.75811; 89.47196;80.00000;20.00000;0.73413;2
257.01300;41.93583;      -1.75922; 89.45845;80.00000;20.00000;0.73409;2
257.12000;41.94083;      -1.76012; 89.44397;80.00000;20.00000;0.73405;2
257.23599;41.94583;      -1.76124; 89.43046;80.00000;20.00000;0.73400;2
257.32501;41.95083;      -1.76212; 89.41502;80.00000;20.00000;0.73396;2
257.44299;41.95583;      -1.76314; 89.39572;80.00000;20.00000;0.73392;2
257.54700;41.96083;      -1.76394; 89.37353;80.00000;20.00000;0.73387;2
257.65302;41.96583;      -1.76475; 89.36195;80.00000;20.00000;0.73383;2
257.76501;41.97083;      -1.76546; 89.33975;80.00000;20.00000;0.73379;2
257.87000;41.97583;      -1.76606; 89.32431;80.00000;20.00000;0.73375;2
257.98499;41.98083;      -1.76647; 89.30887;80.00000;20.00000;0.73370;2
258.09000;41.98583;      -1.76707; 89.29150;80.00000;20.00000;0.73366;2
258.19501;41.99083;      -1.76758; 89.26931;80.00000;20.00000;0.73362;2
258.29099;41.99583;      -1.76847; 89.25097;80.00000;20.00000;0.73358;2
258.40701;42.00083;      -1.76939; 89.23264;80.00000;20.00000;0.73353;2
258.50400;42.00583;      -1.77008; 89.21527;80.00000;20.00000;0.73349;2
258.62100;42.01083;      -1.77090; 89.19597;80.00000;20.00000;0.73344;2
258.71799;42.01583;      -1.77169; 89.17764;80.00000;20.00000;0.73341;2
258.83200;42.02083;      -1.77241; 89.15737;80.00000;20.00000;0.73336;2
258.92999;42.02583;      -1.77260; 89.14483;80.00000;20.00000;0.73332;2
259.03900;42.03083;      -1.77301; 89.12360;80.00000;20.00000;0.73328;2
259.14001;42.03583;      -1.77371; 89.10526;80.00000;20.00000;0.73324;2
259.25201;42.04083;      -1.77392; 89.08500;80.00000;20.00000;0.73319;2
259.35599;42.04583;      -1.77462; 89.06859;80.00000;20.00000;0.73315;2
259.45901;42.05083;      -1.77573; 89.04736;80.00000;20.00000;0.73311;2
259.56201;42.05583;      -1.77663; 89.02999;80.00000;20.00000;0.73307;2
259.67599;42.06083;      -1.77754; 89.01552;80.00000;20.00000;0.73302;2
259.77499;42.06583;      -1.77794; 88.99718;80.00000;20.00000;0.73298;2
259.88199;42.07083;      -1.77885; 88.97595;80.00000;20.00000;0.73294;2
259.99200;42.07583;      -1.77956; 88.96341;80.00000;20.00000;0.73290;2
260.09900;42.08083;      -1.78067; 88.94121;80.00000;20.00000;0.73285;2
260.21201;42.08583;      -1.78178; 88.92481;80.00000;20.00000;0.73281;2
260.31500;42.09083;      -1.78259; 88.90937;80.00000;20.00000;0.73277;2
260.42001;42.09583;      -1.78359; 88.89393;80.00000;20.00000;0.73272;2
260.51700;42.10083;      -1.78399; 88.88138;80.00000;20.00000;0.73268;2
260.63400;42.10583;      -1.78400; 88.86498;80.00000;20.00000;0.73264;2
260.73901;42.11083;      -1.78461; 88.84182;80.00000;20.00000;0.73260;2
260.85101;42.11583;      -1.78522; 88.82734;80.00000;20.00000;0.73255;2
260.94299;42.12083;      -1.78642; 88.81480;80.00000;20.00000;0.73251;2
261.05399;42.12583;      -1.78733; 88.79067;80.00000;20.00000;0.73247;2
261.15701;42.13083;      -1.78783; 88.77330;80.00000;20.00000;0.73243;2
261.27200;42.13583;      -1.78845; 88.75593;80.00000;20.00000;0.73238;2
261.36899;42.14083;      -1.78935; 88.73567;80.00000;20.00000;0.73234;2
261.48001;42.14583;      -1.79006; 88.72023;80.00000;20.00000;0.73230;2
261.58600;42.15083;      -1.79057; 88.69997;80.00000;20.00000;0.73225;2
261.68399;42.15583;      -1.79137; 88.68453;80.00000;20.00000;0.73222;2
261.79800;42.16083;      -1.79238; 88.67295;80.00000;20.00000;0.73217;2
261.91101;42.16583;      -1.79250; 88.65654;80.00000;20.00000;0.73212;2
262.01401;42.17083;      -1.79300; 88.63338;80.00000;20.00000;0.73208;2
262.10800;42.17583;      -1.79359; 88.61698;80.00000;20.00000;0.73204;2
262.22000;42.18083;      -1.79431; 88.61312;80.00000;20.00000;0.73200;2
262.32300;42.18583;      -1.79481; 88.58996;80.00000;20.00000;0.73196;2
262.44101;42.19083;      -1.79583; 88.57259;80.00000;20.00000;0.73191;2
262.53699;42.19583;      -1.79623; 88.56197;80.00000;20.00000;0.73187;2
262.65100;42.20083;      -1.79695; 88.54074;80.00000;20.00000;0.73183;2
262.75699;42.20583;      -1.79746; 88.52048;80.00000;20.00000;0.73178;2
262.85400;42.21083;      -1.79826; 88.50504;80.00000;20.00000;0.73174;2
262.95700;42.21583;      -1.79936; 88.48477;80.00000;20.00000;0.73170;2
263.06100;42.22083;      -1.80007; 88.46837;80.00000;20.00000;0.73166;2
263.16800;42.22583;      -1.80048; 88.45100;80.00000;20.00000;0.73162;2
263.28201;42.23083;      -1.80059; 88.43170;80.00000;20.00000;0.73157;2
263.39401;42.23583;      -1.80131; 88.41722;80.00000;20.00000;0.73153;2
263.49500;42.24083;      -1.80251; 88.40468;80.00000;20.00000;0.73149;2
263.58701;42.24583;      -1.80402; 88.37959;80.00000;20.00000;0.73145;2
263.70001;42.25083;      -1.80413; 88.36704;80.00000;20.00000;0.73140;2
263.80200;42.25583;      -1.80463; 88.35450;80.00000;20.00000;0.73136;2
263.90799;42.26083;      -1.80504; 88.33616;80.00000;20.00000;0.73132;2
264.01599;42.26583;      -1.80585; 88.31879;80.00000;20.00000;0.73127;2
264.12799;42.27083;      -1.80667; 88.29756;80.00000;20.00000;0.73123;2
264.23001;42.27583;      -1.80727; 88.28212;80.00000;20.00000;0.73119;2
264.32999;42.28083;      -1.80778; 88.25993;80.00000;20.00000;0.73115;2
264.43399;42.28583;      -1.80808; 88.24738;80.00000;20.00000;0.73111;2
264.54999;42.29083;      -1.80840; 88.22616;80.00000;20.00000;0.73106;2
264.64999;42.29583;      -1.80920; 88.20782;80.00000;20.00000;0.73102;2
264.76001;42.30083;      -1.81072; 88.18756;80.00000;20.00000;0.73097;2
264.85800;42.30583;      -1.81223; 88.17115;80.00000;20.00000;0.73093;2
264.96399;42.31083;      -1.81264; 88.15475;80.00000;20.00000;0.73089;2
265.07300;42.31583;      -1.81275; 88.13352;80.00000;20.00000;0.73085;2
265.18600;42.32083;      -1.81317; 88.11711;80.00000;20.00000;0.73080;2
265.29501;42.32583;      -1.81388; 88.09974;80.00000;20.00000;0.73076;2
265.39301;42.33083;      -1.81438; 88.07465;80.00000;20.00000;0.73072;2
265.49899;42.33583;      -1.81530; 88.05728;80.00000;20.00000;0.73068;2
265.60599;42.34083;      -1.81601; 88.04088;80.00000;20.00000;0.73063;2
265.70901;42.34583;      -1.81641; 88.01868;80.00000;20.00000;0.73059;2
265.81601;42.35083;      -1.81702; 88.00131;80.00000;20.00000;0.73055;2
265.92300;42.35583;      -1.81754; 87.98201;80.00000;20.00000;0.73050;2
266.02301;42.36083;      -1.81804; 87.96850;80.00000;20.00000;0.73046;2
266.12299;42.36583;      -1.81895; 87.93955;80.00000;20.00000;0.73042;2
266.23700;42.37083;      -1.81977; 87.92218;80.00000;20.00000;0.73038;2
266.34698;42.37583;      -1.82058; 87.90674;80.00000;20.00000;0.73033;2
266.45999;42.38083;      -1.82090; 87.89323;80.00000;20.00000;0.73029;2
266.56400;42.38583;      -1.82121; 87.87490;80.00000;20.00000;0.73024;2
266.66800;42.39083;      -1.82192; 87.85367;80.00000;20.00000;0.73020;2
266.77100;42.39583;      -1.82273; 87.83340;80.00000;20.00000;0.73016;2
266.87601;42.40083;      -1.82344; 87.81893;80.00000;20.00000;0.73012;2
266.98300;42.40583;      -1.82435; 87.80638;80.00000;20.00000;0.73007;2
267.08600;42.41083;      -1.82506; 87.78322;80.00000;20.00000;0.73003;2
267.20599;42.41583;      -1.82609; 87.76585;80.00000;20.00000;0.72998;2
267.29800;42.42083;      -1.82699; 87.75427;80.00000;20.00000;0.72995;2
267.41101;42.42583;      -1.82761; 87.73401;80.00000;20.00000;0.72990;2
267.50601;42.43083;      -1.82831; 87.71375;80.00000;20.00000;0.72986;2
267.60699;42.43583;      -1.82912; 87.69831;80.00000;20.00000;0.72982;2
267.72000;42.44083;      -1.82995; 87.67804;80.00000;20.00000;0.72977;2
267.82901;42.44583;      -1.82996; 87.66164;80.00000;20.00000;0.72973;2
267.93500;42.45083;      -1.83057; 87.64523;80.00000;20.00000;0.72969;2
268.04401;42.45583;      -1.83128; 87.61918;80.00000;20.00000;0.72964;2
268.14099;42.46083;      -1.83179; 87.60277;80.00000;20.00000;0.72960;2
268.25601;42.46583;      -1.83221; 87.58637;80.00000;20.00000;0.72956;2
268.36499;42.47083;      -1.83292; 87.56514;80.00000;20.00000;0.72951;2
268.46399;42.47583;      -1.83323; 87.54777;80.00000;20.00000;0.72947;2
268.57101;42.48083;      -1.83414; 87.52654;80.00000;20.00000;0.72943;2
268.67700;42.48583;      -1.83486; 87.51110;80.00000;20.00000;0.72938;2
268.79001;42.49083;      -1.83528; 87.49373;80.00000;20.00000;0.72934;2
268.89401;42.49583;      -1.83599; 87.46767;80.00000;20.00000;0.72930;2
268.99200;42.50083;      -1.83690; 87.45127;80.00000;20.00000;0.72926;2
269.10400;42.50583;      -1.83792; 87.43486;80.00000;20.00000;0.72921;2
269.21600;42.51083;      -1.83804; 87.41267;80.00000;20.00000;0.72917;2
269.31100;42.51583;      -1.83823; 87.39626;80.00000;20.00000;0.72913;2
269.41901;42.52083;      -1.83875; 87.37503;80.00000;20.00000;0.72908;2
269.52301;42.52583;      -1.83946; 87.35863;80.00000;20.00000;0.72904;2
269.63199;42.53083;      -1.84018; 87.34222;80.00000;20.00000;0.72900;2
269.73901;42.53583;      -1.84150; 87.31617;80.00000;20.00000;0.72895;2
269.84601;42.54083;      -1.84232; 87.29880;80.00000;20.00000;0.72891;2
269.94901;42.54583;      -1.84273; 87.28336;80.00000;20.00000;0.72887;2
270.04901;42.55083;      -1.84314; 87.26116;80.00000;20.00000;0.72883;2
270.16101;42.55583;      -1.84406; 87.24380;80.00000;20.00000;0.72878;2
270.26099;42.56083;      -1.84497; 87.22353;80.00000;20.00000;0.72874;2
270.36401;42.56583;      -1.84477; 87.20134;80.00000;20.00000;0.72870;2
270.47501;42.57083;      -1.84479; 87.18493;80.00000;20.00000;0.72865;2
270.57501;42.57583;      -1.84550; 87.16467;80.00000;20.00000;0.72861;2
270.68301;42.58083;      -1.84682; 87.14537;80.00000;20.00000;0.72857;2
270.78900;42.58583;      -1.84804; 87.12510;80.00000;20.00000;0.72852;2
270.89200;42.59083;      -1.84906; 87.10773;80.00000;20.00000;0.72848;2
271.00299;42.59583;      -1.84968; 87.08747;80.00000;20.00000;0.72844;2
271.10300;42.60083;      -1.85039; 87.06720;80.00000;20.00000;0.72840;2
271.21301;42.60583;      -1.85091; 87.04694;80.00000;20.00000;0.72835;2
271.31201;42.61083;      -1.85152; 87.02860;80.00000;20.00000;0.72831;2
271.41800;42.61583;      -1.85233; 87.00737;80.00000;20.00000;0.72827;2
271.51999;42.62083;      -1.85284; 86.98518;80.00000;20.00000;0.72822;2
271.62299;42.62583;      -1.85356; 86.97263;80.00000;20.00000;0.72818;2
271.73599;42.63083;      -1.85388; 86.95333;80.00000;20.00000;0.72814;2
271.84000;42.63583;      -1.85429; 86.93210;80.00000;20.00000;0.72809;2
271.93500;42.64083;      -1.85479; 86.91666;80.00000;20.00000;0.72805;2
272.04901;42.64583;      -1.85511; 86.89350;80.00000;20.00000;0.72801;2
272.15399;42.65083;      -1.85563; 86.88771;80.00000;20.00000;0.72797;2
272.26199;42.65583;      -1.85645; 86.86745;80.00000;20.00000;0.72792;2
272.36801;42.66083;      -1.85696; 86.83850;80.00000;20.00000;0.72788;2
272.47299;42.66583;      -1.85809; 86.82595;80.00000;20.00000;0.72783;2
272.57501;42.67083;      -1.85931; 86.80472;80.00000;20.00000;0.72779;2
272.68100;42.67583;      -1.86023; 86.79218;80.00000;20.00000;0.72775;2
272.77899;42.68083;      -1.86083; 86.77384;80.00000;20.00000;0.72771;2
272.88901;42.68583;      -1.86135; 86.75262;80.00000;20.00000;0.72766;2
272.99799;42.69083;      -1.86157; 86.73718;80.00000;20.00000;0.72762;2
273.10101;42.69583;      -1.86228; 86.71788;80.00000;20.00000;0.72758;2
273.20099;42.70083;      -1.86269; 86.69761;80.00000;20.00000;0.72754;2
273.30499;42.70583;      -1.86321; 86.67542;80.00000;20.00000;0.72749;2
273.41699;42.71083;      -1.86353; 86.66094;80.00000;20.00000;0.72745;2
273.51801;42.71583;      -1.86373; 86.63778;80.00000;20.00000;0.72741;2
273.62201;42.72083;      -1.86415; 86.62234;80.00000;20.00000;0.72736;2
273.73099;42.72583;      -1.86457; 86.60111;80.00000;20.00000;0.72732;2
273.84299;42.73083;      -1.86519; 86.58567;80.00000;20.00000;0.72727;2
273.94699;42.73583;      -1.86601; 86.56541;80.00000;20.00000;0.72723;2
274.05200;42.74083;      -1.86673; 86.54611;80.00000;20.00000;0.72719;2
274.15601;42.74583;      -1.86734; 86.52391;80.00000;20.00000;0.72714;2
274.25900;42.75083;      -1.86796; 86.51137;80.00000;20.00000;0.72710;2
274.35999;42.75583;      -1.86867; 86.49110;80.00000;20.00000;0.72706;2
274.46701;42.76083;      -1.86929; 86.46987;80.00000;20.00000;0.72702;2
274.56601;42.76583;      -1.87031; 86.44864;80.00000;20.00000;0.72698;2
274.67999;42.77083;      -1.87114; 86.43127;80.00000;20.00000;0.72693;2
274.78400;42.77583;      -1.87165; 86.41004;80.00000;20.00000;0.72689;2
274.88800;42.78083;      -1.87105; 86.38785;80.00000;20.00000;0.72684;2
274.99701;42.78583;      -1.87137; 86.37144;80.00000;20.00000;0.72680;2
275.10599;42.79083;      -1.87219; 86.34732;80.00000;20.00000;0.72675;2
275.19400;42.79583;      -1.87371; 86.32416;80.00000;20.00000;0.72672;2
275.31500;42.80083;      -1.87515; 86.29907;80.00000;20.00000;0.72667;2
275.40302;42.80583;      -1.87494; 86.28363;80.00000;20.00000;0.72663;2
275.50900;42.81083;      -1.87475; 86.26240;80.00000;20.00000;0.72659;2
275.62201;42.81583;      -1.87528; 86.24986;80.00000;20.00000;0.72654;2
275.72601;42.82083;      -1.87609; 86.22766;80.00000;20.00000;0.72650;2
275.82999;42.82583;      -1.87712; 86.21029;80.00000;20.00000;0.72646;2
275.94199;42.83083;      -1.87815; 86.18810;80.00000;20.00000;0.72641;2
276.04599;42.83583;      -1.87897; 86.16687;80.00000;20.00000;0.72637;2
276.14200;42.84083;      -1.87927; 86.14757;80.00000;20.00000;0.72633;2
276.24899;42.84583;      -1.88030; 86.12634;80.00000;20.00000;0.72628;2
276.35699;42.85083;      -1.88153; 86.10993;80.00000;20.00000;0.72624;2
276.45499;42.85583;      -1.88265; 86.07905;80.00000;20.00000;0.72620;2
276.56699;42.86083;      -1.88246; 86.05879;80.00000;20.00000;0.72615;2
276.66501;42.86583;      -1.88186; 86.04238;80.00000;20.00000;0.72611;2
276.76501;42.87083;      -1.88207; 86.01922;80.00000;20.00000;0.72607;2
276.87299;42.87583;      -1.88310; 85.99799;80.00000;20.00000;0.72603;2
276.98401;42.88083;      -1.88362; 85.98255;80.00000;20.00000;0.72598;2
277.08499;42.88583;      -1.88403; 85.95843;80.00000;20.00000;0.72594;2
277.19199;42.89083;      -1.88506; 85.93334;80.00000;20.00000;0.72590;2
277.29700;42.89583;      -1.88639; 85.91693;80.00000;20.00000;0.72585;2
277.39999;42.90083;      -1.88701; 85.89763;80.00000;20.00000;0.72581;2
277.50000;42.90583;      -1.88752; 85.87640;80.00000;20.00000;0.72577;2
277.61200;42.91083;      -1.88805; 85.85517;80.00000;20.00000;0.72572;2
277.70999;42.91583;      -1.88886; 85.83780;80.00000;20.00000;0.72568;2
277.82101;42.92083;      -1.88939; 85.81754;80.00000;20.00000;0.72564;2
277.92499;42.92583;      -1.88980; 85.80017;80.00000;20.00000;0.72559;2
278.02802;42.93083;      -1.89022; 85.77991;80.00000;20.00000;0.72555;2
278.13101;42.93583;      -1.89084; 85.76061;80.00000;20.00000;0.72551;2
278.23700;42.94083;      -1.89156; 85.74034;80.00000;20.00000;0.72546;2
278.33600;42.94583;      -1.89278; 85.72201;80.00000;20.00000;0.72542;2
278.44000;42.95083;      -1.89452; 85.69595;80.00000;20.00000;0.72538;2
278.54901;42.95583;      -1.89646; 85.67762;80.00000;20.00000;0.72533;2
278.64700;42.96083;      -1.89819; 85.65735;80.00000;20.00000;0.72529;2
278.75699;42.96583;      -1.89943; 85.63130;80.00000;20.00000;0.72525;2
278.85999;42.97083;      -1.90035; 85.61779;80.00000;20.00000;0.72521;2
278.97000;42.97583;      -1.89976; 85.59173;80.00000;20.00000;0.72516;2
279.07401;42.98083;      -1.89937; 85.56857;80.00000;20.00000;0.72512;2
279.18100;42.98583;      -1.89979; 85.55410;80.00000;20.00000;0.72507;2
279.27399;42.99083;      -1.90060; 85.53287;80.00000;20.00000;0.72503;2
279.38300;42.99583;      -1.90123; 85.51550;80.00000;20.00000;0.72499;2
279.48499;43.00083;      -1.90195; 85.49620;80.00000;20.00000;0.72495;2
279.58801;43.00583;      -1.90358; 85.48172;80.00000;20.00000;0.72490;2
279.69000;43.01083;      -1.90430; 85.46146;80.00000;20.00000;0.72486;2
279.80301;43.01583;      -1.90442; 85.44216;80.00000;20.00000;0.72482;2
279.91199;43.02083;      -1.90434; 85.42093;80.00000;20.00000;0.72477;2
280.01501;43.02583;      -1.90506; 85.40935;80.00000;20.00000;0.72473;2
280.12601;43.03083;      -1.90569; 85.38715;80.00000;20.00000;0.72468;2
280.21899;43.03583;      -1.90671; 85.37171;80.00000;20.00000;0.72464;2
280.33099;43.04083;      -1.90744; 85.35627;80.00000;20.00000;0.72460;2
280.42999;43.04583;      -1.90805; 85.33311;80.00000;20.00000;0.72456;2
280.53900;43.05083;      -1.90858; 85.32057;80.00000;20.00000;0.72451;2
280.64499;43.05583;      -1.90920; 85.29837;80.00000;20.00000;0.72447;2
280.74701;43.06083;      -1.91013; 85.27522;80.00000;20.00000;0.72442;2
280.85599;43.06583;      -1.91116; 85.25978;80.00000;20.00000;0.72438;2
280.96600;43.07083;      -1.91179; 85.23855;80.00000;20.00000;0.72433;2
281.05600;43.07583;      -1.91169; 85.22021;80.00000;20.00000;0.72430;2
281.16101;43.08083;      -1.91272; 85.19995;80.00000;20.00000;0.72425;2
281.26700;43.08583;      -1.91364; 85.18161;80.00000;20.00000;0.72421;2
281.36401;43.09083;      -1.91406; 85.16231;80.00000;20.00000;0.72417;2
281.46799;43.09583;      -1.91387; 85.14205;80.00000;20.00000;0.72413;2
281.58099;43.10083;      -1.91399; 85.11985;80.00000;20.00000;0.72408;2
281.68600;43.10583;      -1.91461; 85.10827;80.00000;20.00000;0.72403;2
281.79300;43.11083;      -1.91575; 85.08704;80.00000;20.00000;0.72399;2
281.89001;43.11583;      -1.91677; 85.06774;80.00000;20.00000;0.72395;2
281.99799;43.12083;      -1.91770; 85.04844;80.00000;20.00000;0.72391;2
282.10599;43.12583;      -1.91863; 85.03011;80.00000;20.00000;0.72386;2
282.20599;43.13083;      -1.91946; 85.00984;80.00000;20.00000;0.72382;2
282.30899;43.13583;      -1.92008; 84.99054;80.00000;20.00000;0.72378;2
282.42001;43.14083;      -1.92081; 84.96835;80.00000;20.00000;0.72373;2
282.52301;43.14583;      -1.92143; 84.95580;80.00000;20.00000;0.72369;2
282.62601;43.15083;      -1.92185; 84.93554;80.00000;20.00000;0.72364;2
282.73001;43.15583;      -1.92217; 84.91624;80.00000;20.00000;0.72360;2
282.84299;43.16083;      -1.92260; 84.89694;80.00000;20.00000;0.72355;2
282.95001;43.16583;      -1.92303; 84.87667;80.00000;20.00000;0.72351;2
283.05499;43.17083;      -1.92365; 84.85544;80.00000;20.00000;0.72347;2
283.14401;43.17583;      -1.92436; 84.84000;80.00000;20.00000;0.72343;2
283.26700;43.18083;      -1.92531; 84.81684;80.00000;20.00000;0.72338;2
283.36499;43.18583;      -1.92593; 84.80237;80.00000;20.00000;0.72334;2
283.46301;43.19083;      -1.92695; 84.78114;80.00000;20.00000;0.72330;2
283.56799;43.19583;      -1.92737; 84.76281;80.00000;20.00000;0.72325;2
283.67599;43.20083;      -1.92688; 84.74351;80.00000;20.00000;0.72321;2
283.78601;43.20583;      -1.92701; 84.72614;80.00000;20.00000;0.72316;2
283.89801;43.21083;      -1.92784; 84.70491;80.00000;20.00000;0.72311;2
283.99100;43.21583;      -1.92937; 84.68368;80.00000;20.00000;0.72308;2
284.09698;43.22083;      -1.93071; 84.66727;80.00000;20.00000;0.72303;2
284.19901;43.22583;      -1.93154; 84.65087;80.00000;20.00000;0.72299;2
284.30200;43.23083;      -1.93175; 84.62578;80.00000;20.00000;0.72295;2
284.40100;43.23583;      -1.93237; 84.60841;80.00000;20.00000;0.72290;2
284.51599;43.24083;      -1.93342; 84.58814;80.00000;20.00000;0.72286;2
284.61099;43.24583;      -1.93424; 84.57077;80.00000;20.00000;0.72282;2
284.72400;43.25083;      -1.93426; 84.55051;80.00000;20.00000;0.72277;2
284.82501;43.25583;      -1.93437; 84.52928;80.00000;20.00000;0.72273;2
284.93799;43.26083;      -1.93511; 84.50805;80.00000;20.00000;0.72268;2
285.04999;43.26583;      -1.93595; 84.49647;80.00000;20.00000;0.72263;2
285.13901;43.27083;      -1.93666; 84.47524;80.00000;20.00000;0.72260;2
285.25000;43.27583;      -1.93740; 84.45690;80.00000;20.00000;0.72255;2
285.35901;43.28083;      -1.93823; 84.43664;80.00000;20.00000;0.72250;2
285.46500;43.28583;      -1.93886; 84.41734;80.00000;20.00000;0.72246;2
285.56299;43.29083;      -1.93938; 84.39418;80.00000;20.00000;0.72242;2
285.66400;43.29583;      -1.93990; 84.37777;80.00000;20.00000;0.72238;2
285.76999;43.30083;      -1.94012; 84.36137;80.00000;20.00000;0.72233;2
285.87500;43.30583;      -1.94034; 84.34110;80.00000;20.00000;0.72229;2
285.97198;43.31083;      -1.94055; 84.31505;80.00000;20.00000;0.72225;2
286.08099;43.31583;      -1.94108; 84.28996;80.00000;20.00000;0.72220;2
286.17999;43.32083;      -1.94180; 84.28031;80.00000;20.00000;0.72216;2
286.29199;43.32583;      -1.94244; 84.26391;80.00000;20.00000;0.72211;2
286.40100;43.33083;      -1.94307; 84.23978;80.00000;20.00000;0.72207;2
286.48801;43.33583;      -1.94388; 84.21855;80.00000;20.00000;0.72203;2
286.59500;43.34083;      -1.94462; 84.19732;80.00000;20.00000;0.72199;2
286.69199;43.34583;      -1.94554; 84.16934;80.00000;20.00000;0.72195;2
286.79800;43.35083;      -1.94627; 84.14618;80.00000;20.00000;0.72190;2
286.89499;43.35583;      -1.94720; 84.13170;80.00000;20.00000;0.72186;2
287.00900;43.36083;      -1.94814; 84.11337;80.00000;20.00000;0.72181;2
287.11899;43.36583;      -1.94878; 84.09310;80.00000;20.00000;0.72177;2
287.22400;43.37083;      -1.94879; 84.06705;80.00000;20.00000;0.72172;2
287.32001;43.37583;      -1.94860; 84.04582;80.00000;20.00000;0.72168;2
287.43100;43.38083;      -1.94903; 84.03134;80.00000;20.00000;0.72164;2
287.52802;43.38583;      -1.95046; 84.01011;80.00000;20.00000;0.72160;2
287.62900;43.39083;      -1.95068; 83.99467;80.00000;20.00000;0.72156;2
287.73700;43.39583;      -1.95101; 83.97248;80.00000;20.00000;0.72151;2
287.84500;43.40083;      -1.95174; 83.95511;80.00000;20.00000;0.72146;2
287.94901;43.40583;      -1.95308; 83.94063;80.00000;20.00000;0.72142;2
288.05200;43.41083;      -1.95381; 83.91940;80.00000;20.00000;0.72138;2
288.15799;43.41583;      -1.95444; 83.89721;80.00000;20.00000;0.72133;2
288.25400;43.42083;      -1.95466; 83.88177;80.00000;20.00000;0.72129;2
288.36899;43.42583;      -1.95509; 83.86536;80.00000;20.00000;0.72124;2
288.46899;43.43083;      -1.95551; 83.84317;80.00000;20.00000;0.72120;2
288.58401;43.43583;      -1.95585; 83.82580;80.00000;20.00000;0.72115;2
288.68201;43.44083;      -1.95616; 83.80457;80.00000;20.00000;0.72111;2
288.78400;43.44583;      -1.95679; 83.78913;80.00000;20.00000;0.72107;2
288.88000;43.45083;      -1.95710; 83.77176;80.00000;20.00000;0.72103;2
288.98199;43.45583;      -1.95824; 83.74571;80.00000;20.00000;0.72099;2
289.08801;43.46083;      -1.95938; 83.72834;80.00000;20.00000;0.72094;2
289.19699;43.46583;      -1.96022; 83.71193;80.00000;20.00000;0.72090;2
289.29800;43.47083;      -1.96075; 83.68974;80.00000;20.00000;0.72085;2
289.40799;43.47583;      -1.96118; 83.67237;80.00000;20.00000;0.72081;2
289.50500;43.48083;      -1.96170; 83.65114;80.00000;20.00000;0.72077;2
289.61499;43.48583;      -1.96213; 83.63473;80.00000;20.00000;0.72072;2
289.71899;43.49083;      -1.96296; 83.61736;80.00000;20.00000;0.72068;2
289.83099;43.49583;      -1.96381; 83.59613;80.00000;20.00000;0.72063;2
289.92499;43.50083;      -1.96443; 83.57297;80.00000;20.00000;0.72059;2
290.02100;43.50583;      -1.96484; 83.56043;80.00000;20.00000;0.72055;2
290.13199;43.51083;      -1.96517; 83.54113;80.00000;20.00000;0.72050;2
290.23901;43.51583;      -1.96571; 83.51893;80.00000;20.00000;0.72046;2
290.34500;43.52083;      -1.96644; 83.50349;80.00000;20.00000;0.72041;2
290.44501;43.52583;      -1.96717; 83.48033;80.00000;20.00000;0.72037;2
290.55301;43.53083;      -1.96760; 83.46489;80.00000;20.00000;0.72033;2
290.65900;43.53583;      -1.96752; 83.44270;80.00000;20.00000;0.72028;2
290.76801;43.54083;      -1.96764; 83.41954;80.00000;20.00000;0.72024;2
290.85599;43.54583;      -1.96795; 83.40603;80.00000;20.00000;0.72020;2
290.96399;43.55083;      -1.96889; 83.38287;80.00000;20.00000;0.72015;2
291.06299;43.55583;      -1.97023; 83.35971;80.00000;20.00000;0.72011;2
291.17499;43.56083;      -1.97108; 83.34041;80.00000;20.00000;0.72007;2
291.27802;43.56583;      -1.97191; 83.31918;80.00000;20.00000;0.72002;2
291.37500;43.57083;      -1.97274; 83.30085;80.00000;20.00000;0.71998;2
291.48199;43.57583;      -1.97296; 83.27479;80.00000;20.00000;0.71994;2
291.58899;43.58083;      -1.97268; 83.25742;80.00000;20.00000;0.71989;2
291.69000;43.58583;      -1.97361; 83.23716;80.00000;20.00000;0.71985;2
291.79099;43.59083;      -1.97486; 83.21979;80.00000;20.00000;0.71981;2
291.89600;43.59583;      -1.97549; 83.19856;80.00000;20.00000;0.71976;2
292.00299;43.60083;      -1.97602; 83.17926;80.00000;20.00000;0.71972;2
292.10699;43.60583;      -1.97665; 83.15996;80.00000;20.00000;0.71967;2
292.21301;43.61083;      -1.97678; 83.14355;80.00000;20.00000;0.71963;2
292.31601;43.61583;      -1.97700; 83.12232;80.00000;20.00000;0.71958;2
292.41901;43.62083;      -1.97753; 83.10302;80.00000;20.00000;0.71954;2
292.51300;43.62583;      -1.97856; 83.08372;80.00000;20.00000;0.71950;2
292.62500;43.63083;      -1.97971; 83.06346;80.00000;20.00000;0.71945;2
292.73401;43.63583;      -1.98065; 83.04126;80.00000;20.00000;0.71941;2
292.83499;43.64083;      -1.98139; 83.02582;80.00000;20.00000;0.71936;2
292.94800;43.64583;      -1.98193; 83.00363;80.00000;20.00000;0.71932;2
293.04700;43.65083;      -1.98204; 82.98626;80.00000;20.00000;0.71928;2
293.14499;43.65583;      -1.98257; 82.96020;80.00000;20.00000;0.71923;2
293.25500;43.66083;      -1.98269; 82.94283;80.00000;20.00000;0.71919;2
293.35901;43.66583;      -1.98333; 82.92160;80.00000;20.00000;0.71914;2
293.45901;43.67083;      -1.98375; 82.90520;80.00000;20.00000;0.71910;2
293.55801;43.67583;      -1.98428; 82.88397;80.00000;20.00000;0.71906;2
293.66599;43.68083;      -1.98512; 82.86274;80.00000;20.00000;0.71901;2
293.78101;43.68583;      -1.98587; 82.84055;80.00000;20.00000;0.71897;2
293.87100;43.69083;      -1.98659; 82.82607;80.00000;20.00000;0.71893;2
293.98001;43.69583;      -1.98712; 82.79809;80.00000;20.00000;0.71888;2
294.08401;43.70083;      -1.98796; 82.78072;80.00000;20.00000;0.71884;2
294.18900;43.70583;      -1.98911; 82.75949;80.00000;20.00000;0.71879;2
294.28799;43.71083;      -1.98964; 82.74115;80.00000;20.00000;0.71875;2
294.39099;43.71583;      -1.98996; 82.72089;80.00000;20.00000;0.71871;2
294.49899;43.72083;      -1.99050; 82.70062;80.00000;20.00000;0.71866;2
294.60599;43.72583;      -1.99062; 82.67843;80.00000;20.00000;0.71862;2
294.70901;43.73083;      -1.99085; 82.66299;80.00000;20.00000;0.71857;2
294.80801;43.73583;      -1.99158; 82.64079;80.00000;20.00000;0.71853;2
294.90799;43.74083;      -1.99210; 82.63018;80.00000;20.00000;0.71849;2
295.01599;43.74583;      -1.99264; 82.61570;80.00000;20.00000;0.71844;2
295.12601;43.75083;      -1.99328; 82.59544;80.00000;20.00000;0.71840;2
295.22501;43.75583;      -1.99391; 82.57324;80.00000;20.00000;0.71835;2
295.32199;43.76083;      -1.99454; 82.56166;80.00000;20.00000;0.71831;2
295.43600;43.76583;      -1.99498; 82.54526;80.00000;20.00000;0.71826;2
295.52701;43.77083;      -1.99591; 82.52210;80.00000;20.00000;0.71823;2
295.63599;43.77583;      -1.99593; 82.50859;80.00000;20.00000;0.71818;2
295.72699;43.78083;      -1.99614; 82.48350;80.00000;20.00000;0.71814;2
295.84299;43.78583;      -1.99741; 82.47192;80.00000;20.00000;0.71809;2
295.94699;43.79083;      -1.99845; 82.45262;80.00000;20.00000;0.71805;2
296.04199;43.79583;      -1.99918; 82.43139;80.00000;20.00000;0.71801;2
296.14899;43.80083;      -1.99992; 82.41595;80.00000;20.00000;0.71796;2
296.25900;43.80583;      -1.99974; 82.39665;80.00000;20.00000;0.71792;2
296.36301;43.81083;      -2.00038; 82.38024;80.00000;20.00000;0.71787;2
296.44699;43.81583;      -2.00068; 82.35901;80.00000;20.00000;0.71784;2
296.56900;43.82083;      -2.00103; 82.34165;80.00000;20.00000;0.71778;2
296.67499;43.82583;      -2.00188; 82.32621;80.00000;20.00000;0.71774;2
296.77301;43.83083;      -2.00220; 82.30884;80.00000;20.00000;0.71770;2
296.87799;43.83583;      -2.00273; 82.28761;80.00000;20.00000;0.71765;2
296.98001;43.84083;      -2.00337; 82.26927;80.00000;20.00000;0.71761;2
297.08301;43.84583;      -2.00390; 82.25287;80.00000;20.00000;0.71757;2
297.18399;43.85083;      -2.00433; 82.23453;80.00000;20.00000;0.71752;2
297.29501;43.85583;      -2.00466; 82.20751;80.00000;20.00000;0.71748;2
297.40399;43.86083;      -2.00531; 82.19497;80.00000;20.00000;0.71743;2
297.49301;43.86583;      -2.00644; 82.18242;80.00000;20.00000;0.71739;2
297.61099;43.87083;      -2.00730; 82.16698;80.00000;20.00000;0.71734;2
297.70901;43.87583;      -2.00813; 82.14672;80.00000;20.00000;0.71730;2
297.79999;43.88083;      -2.00865; 82.13610;80.00000;20.00000;0.71726;2
297.92001;43.88583;      -2.00910; 82.11101;80.00000;20.00000;0.71721;2
298.02100;43.89083;      -2.00953; 82.09075;80.00000;20.00000;0.71717;2
298.12900;43.89583;      -2.01069; 82.07531;80.00000;20.00000;0.71712;2
298.23099;43.90083;      -2.01142; 82.06276;80.00000;20.00000;0.71708;2
298.32999;43.90583;      -2.01216; 82.04346;80.00000;20.00000;0.71704;2
298.42999;43.91083;      -2.01228; 82.02513;80.00000;20.00000;0.71699;2
298.53699;43.91583;      -2.01230; 82.00679;80.00000;20.00000;0.71695;2
298.63501;43.92083;      -2.01283; 81.98653;80.00000;20.00000;0.71691;2
298.74200;43.92583;      -2.01306; 81.96916;80.00000;20.00000;0.71686;2
298.83600;43.93083;      -2.01348; 81.94889;80.00000;20.00000;0.71682;2
298.94000;43.93583;      -2.01463; 81.93345;80.00000;20.00000;0.71678;2
299.04401;43.94083;      -2.01548; 81.91801;80.00000;20.00000;0.71673;2
299.14301;43.94583;      -2.01611; 81.90257;80.00000;20.00000;0.71669;2
299.24200;43.95083;      -2.01664; 81.88327;80.00000;20.00000;0.71665;2
299.35199;43.95583;      -2.01708; 81.86687;80.00000;20.00000;0.71660;2
299.46201;43.96083;      -2.01731; 81.85915;80.00000;20.00000;0.71655;2
299.55899;43.96583;      -2.01774; 81.84468;80.00000;20.00000;0.71651;2
299.66400;43.97083;      -2.01807; 81.82441;80.00000;20.00000;0.71647;2
299.76700;43.97583;      -2.01850; 81.80801;80.00000;20.00000;0.71642;2
299.86301;43.98083;      -2.01923; 81.79353;80.00000;20.00000;0.71638;2
299.97198;43.98583;      -2.01998; 81.77230;80.00000;20.00000;0.71634;2
300.06601;43.99083;      -2.02071; 81.75011;80.00000;20.00000;0.71630;2
300.18399;43.99583;      -2.02126; 81.73370;80.00000;20.00000;0.71625;2
300.28101;44.00083;      -2.02138; 81.71344;80.00000;20.00000;0.71620;2
300.38699;44.00583;      -2.02182; 81.69221;80.00000;20.00000;0.71616;2
300.48901;44.01083;      -2.02245; 81.67001;80.00000;20.00000;0.71612;2
300.59698;44.01583;      -2.02289; 81.64782;80.00000;20.00000;0.71607;2
300.70200;44.02083;      -2.02343; 81.63431;80.00000;20.00000;0.71602;2
300.80600;44.02583;      -2.02417; 81.61115;80.00000;20.00000;0.71598;2
300.90701;44.03083;      -2.02481; 81.59378;80.00000;20.00000;0.71594;2
301.00601;44.03583;      -2.02585; 81.57737;80.00000;20.00000;0.71589;2
301.12000;44.04083;      -2.02712; 81.55711;80.00000;20.00000;0.71585;2
301.22400;44.04583;      -2.02776; 81.53974;80.00000;20.00000;0.71580;2
301.31699;44.05083;      -2.02746; 81.51947;80.00000;20.00000;0.71576;2
301.43201;44.05583;      -2.02740; 81.50210;80.00000;20.00000;0.71571;2
301.52802;44.06083;      -2.02731; 81.48087;80.00000;20.00000;0.71567;2
301.63699;44.06583;      -2.02765; 81.46640;80.00000;20.00000;0.71563;2
301.73700;44.07083;      -2.02797; 81.44324;80.00000;20.00000;0.71558;2
301.83701;44.07583;      -2.02892; 81.43166;80.00000;20.00000;0.71554;2
301.93399;44.08083;      -2.03017; 81.40946;80.00000;20.00000;0.71550;2
302.04599;44.08583;      -2.03082; 81.39402;80.00000;20.00000;0.71545;2
302.14401;44.09083;      -2.03135; 81.37762;80.00000;20.00000;0.71541;2
302.25101;44.09583;      -2.03199; 81.35543;80.00000;20.00000;0.71536;2
302.34900;44.10083;      -2.03283; 81.34288;80.00000;20.00000;0.71532;2
302.45599;44.10583;      -2.03358; 81.32358;80.00000;20.00000;0.71527;2
302.56799;44.11083;      -2.03423; 81.30235;80.00000;20.00000;0.71523;2
302.66000;44.11583;      -2.03475; 81.29560;80.00000;20.00000;0.71519;2
302.76401;44.12083;      -2.03540; 81.27726;80.00000;20.00000;0.71514;2
302.86401;44.12583;      -2.03552; 81.25989;80.00000;20.00000;0.71510;2
302.96899;44.13083;      -2.03606; 81.24445;80.00000;20.00000;0.71506;2
303.08301;44.13583;      -2.03661; 81.22419;80.00000;20.00000;0.71501;2
303.17801;44.14083;      -2.03714; 81.20199;80.00000;20.00000;0.71497;2
303.28400;44.14583;      -2.03696; 81.18655;80.00000;20.00000;0.71492;2
303.38501;44.15083;      -2.03626; 81.17015;80.00000;20.00000;0.71488;2
303.49100;44.15583;      -2.03659; 81.14795;80.00000;20.00000;0.71483;2
303.58600;44.16083;      -2.03774; 81.13444;80.00000;20.00000;0.71479;2
303.69601;44.16583;      -2.03931; 81.11032;80.00000;20.00000;0.71474;2
303.79300;44.17083;      -2.04015; 81.09777;80.00000;20.00000;0.71470;2
303.90500;44.17583;      -2.03998; 81.07461;80.00000;20.00000;0.71465;2
304.00800;44.18083;      -2.04093; 81.05242;80.00000;20.00000;0.71461;2
304.11099;44.18583;      -2.04116; 81.03601;80.00000;20.00000;0.71457;2
304.20801;44.19083;      -2.04149; 81.01575;80.00000;20.00000;0.71452;2
304.32199;44.19583;      -2.04214; 80.99838;80.00000;20.00000;0.71448;2
304.42899;44.20083;      -2.04279; 80.97811;80.00000;20.00000;0.71443;2
304.52499;44.20583;      -2.04321; 80.96171;80.00000;20.00000;0.71439;2
304.62900;44.21083;      -2.04355; 80.94530;80.00000;20.00000;0.71434;2
304.73099;44.21583;      -2.04419; 80.92407;80.00000;20.00000;0.71430;2
304.82501;44.22083;      -2.04492; 80.90767;80.00000;20.00000;0.71426;2
304.92999;44.22583;      -2.04557; 80.89126;80.00000;20.00000;0.71421;2
305.03000;44.23083;      -2.04621; 80.87004;80.00000;20.00000;0.71417;2
305.14001;44.23583;      -2.04665; 80.84784;80.00000;20.00000;0.71412;2
305.24500;44.24083;      -2.04750; 80.83530;80.00000;20.00000;0.71408;2
305.35300;44.24583;      -2.04815; 80.81889;80.00000;20.00000;0.71403;2
305.46701;44.25083;      -2.04901; 80.80442;80.00000;20.00000;0.71398;2
305.55200;44.25583;      -2.04974; 80.78319;80.00000;20.00000;0.71395;2
305.65601;44.26083;      -2.04976; 80.76775;80.00000;20.00000;0.71390;2
305.75900;44.26583;      -2.04989; 80.75713;80.00000;20.00000;0.71386;2
305.87500;44.27083;      -2.05003; 80.73590;80.00000;20.00000;0.71381;2
305.96799;44.27583;      -2.05066; 80.71660;80.00000;20.00000;0.71377;2
306.07001;44.28083;      -2.05110; 80.70502;80.00000;20.00000;0.71372;2
306.17999;44.28583;      -2.05165; 80.68862;80.00000;20.00000;0.71368;2
306.27600;44.29083;      -2.05238; 80.66546;80.00000;20.00000;0.71364;2
306.37799;44.29583;      -2.05323; 80.65291;80.00000;20.00000;0.71359;2
306.48700;44.30083;      -2.05409; 80.63747;80.00000;20.00000;0.71354;2
306.58899;44.30583;      -2.05473; 80.61528;80.00000;20.00000;0.71350;2
306.69901;44.31083;      -2.05538; 80.59791;80.00000;20.00000;0.71345;2
306.80099;44.31583;      -2.05634; 80.58633;80.00000;20.00000;0.71341;2
306.89801;44.32083;      -2.05687; 80.57378;80.00000;20.00000;0.71337;2
306.99200;44.32583;      -2.05709; 80.56317;80.00000;20.00000;0.71333;2
307.09399;44.33083;      -2.05691; 80.54869;80.00000;20.00000;0.71328;2
307.20999;44.33583;      -2.05736; 80.52650;80.00000;20.00000;0.71323;2
307.30701;44.34083;      -2.05758; 80.51492;80.00000;20.00000;0.71319;2
307.40701;44.34583;      -2.05792; 80.50334;80.00000;20.00000;0.71315;2
307.51700;44.35083;      -2.05826; 80.48790;80.00000;20.00000;0.71310;2
307.61499;44.35583;      -2.05900; 80.46860;80.00000;20.00000;0.71306;2
307.71201;44.36083;      -2.05912; 80.44930;80.00000;20.00000;0.71302;2
307.81699;44.36583;      -2.05966; 80.43579;80.00000;20.00000;0.71297;2
307.92499;44.37083;      -2.06042; 80.41938;80.00000;20.00000;0.71293;2
308.03601;44.37583;      -2.06087; 80.39912;80.00000;20.00000;0.71288;2
308.13599;44.38083;      -2.06109; 80.38561;80.00000;20.00000;0.71283;2
308.22800;44.38583;      -2.06111; 80.37210;80.00000;20.00000;0.71279;2
308.33301;44.39083;      -2.06124; 80.35473;80.00000;20.00000;0.71275;2
308.44400;44.39583;      -2.06241; 80.34122;80.00000;20.00000;0.71270;2
308.54599;44.40083;      -2.06285; 80.32096;80.00000;20.00000;0.71266;2
308.63901;44.40583;      -2.06296; 80.30069;80.00000;20.00000;0.71262;2
308.74100;44.41083;      -2.06319; 80.28622;80.00000;20.00000;0.71257;2
308.84601;44.41583;      -2.06343; 80.26595;80.00000;20.00000;0.71253;2
308.95901;44.42083;      -2.06409; 80.25051;80.00000;20.00000;0.71248;2
309.05801;44.42583;      -2.06504; 80.23121;80.00000;20.00000;0.71244;2
309.16199;44.43083;      -2.06630; 80.21288;80.00000;20.00000;0.71239;2
309.26901;44.43583;      -2.06706; 80.19937;80.00000;20.00000;0.71235;2
309.36801;44.44083;      -2.06780; 80.17910;80.00000;20.00000;0.71230;2
309.46899;44.44583;      -2.06834; 80.16366;80.00000;20.00000;0.71226;2
309.58401;44.45083;      -2.06890; 80.14436;80.00000;20.00000;0.71221;2
309.68399;44.45583;      -2.06965; 80.12796;80.00000;20.00000;0.71217;2
309.78900;44.46083;      -2.06947; 80.10673;80.00000;20.00000;0.71212;2
309.89301;44.46583;      -2.06929; 80.09418;80.00000;20.00000;0.71208;2
309.98901;44.47083;      -2.06982; 80.07006;80.00000;20.00000;0.71203;2
310.10001;44.47583;      -2.07110; 80.05751;80.00000;20.00000;0.71199;2
310.19299;44.48083;      -2.07153; 80.03532;80.00000;20.00000;0.71195;2
310.29800;44.48583;      -2.07155; 80.01312;80.00000;20.00000;0.71190;2
310.39700;44.49083;      -2.07168; 79.99672;80.00000;20.00000;0.71186;2
310.50900;44.49583;      -2.07151; 79.97549;80.00000;20.00000;0.71181;2
310.61301;44.50083;      -2.07174; 79.95715;80.00000;20.00000;0.71176;2
310.71600;44.50583;      -2.07312; 79.93689;80.00000;20.00000;0.71172;2
310.82101;44.51083;      -2.07356; 79.91855;80.00000;20.00000;0.71167;2
310.91400;44.51583;      -2.07419; 79.90311;80.00000;20.00000;0.71163;2
311.02499;44.52083;      -2.07485; 79.88285;80.00000;20.00000;0.71159;2
311.11899;44.52583;      -2.07487; 79.86066;80.00000;20.00000;0.71155;2
311.22101;44.53083;      -2.07510; 79.84425;80.00000;20.00000;0.71150;2
311.33401;44.53583;      -2.07586; 79.82881;80.00000;20.00000;0.71145;2
311.44000;44.54083;      -2.07672; 79.81337;80.00000;20.00000;0.71141;2
311.52802;44.54583;      -2.07745; 79.79311;80.00000;20.00000;0.71137;2
311.64301;44.55083;      -2.07811; 79.77670;80.00000;20.00000;0.71132;2
311.74399;44.55583;      -2.07824; 79.76512;80.00000;20.00000;0.71127;2
311.84299;44.56083;      -2.07889; 79.74872;80.00000;20.00000;0.71123;2
311.95001;44.56583;      -2.07954; 79.72556;80.00000;20.00000;0.71119;2
312.05200;44.57083;      -2.07988; 79.70915;80.00000;20.00000;0.71114;2
312.15701;44.57583;      -2.07939; 79.70047;80.00000;20.00000;0.71110;2
312.25400;44.58083;      -2.07910; 79.67924;80.00000;20.00000;0.71105;2
312.35599;44.58583;      -2.07933; 79.65801;80.00000;20.00000;0.71101;2
312.45599;44.59083;      -2.08039; 79.64160;80.00000;20.00000;0.71097;2
312.56601;44.59583;      -2.08125; 79.62616;80.00000;20.00000;0.71092;2
312.67899;44.60083;      -2.08212; 79.60783;80.00000;20.00000;0.71087;2
312.76999;44.60583;      -2.08296; 79.58756;80.00000;20.00000;0.71083;2
312.87100;44.61083;      -2.08330; 79.57212;80.00000;20.00000;0.71079;2
312.97400;44.61583;      -2.08301; 79.55186;80.00000;20.00000;0.71074;2
313.08099;44.62083;      -2.08294; 79.53159;80.00000;20.00000;0.71069;2
313.17200;44.62583;      -2.08306; 79.50940;80.00000;20.00000;0.71066;2
313.27899;44.63083;      -2.08392; 79.49685;80.00000;20.00000;0.71061;2
313.38800;44.63583;      -2.08478; 79.47466;80.00000;20.00000;0.71056;2
313.49301;44.64083;      -2.08481; 79.45825;80.00000;20.00000;0.71052;2
313.58600;44.64583;      -2.08504; 79.44185;80.00000;20.00000;0.71048;2
313.69400;44.65083;      -2.08538; 79.41869;80.00000;20.00000;0.71043;2
313.79401;44.65583;      -2.08572; 79.40615;80.00000;20.00000;0.71039;2
313.90201;44.66083;      -2.08627; 79.38685;80.00000;20.00000;0.71034;2
314.00201;44.66583;      -2.08660; 79.36562;80.00000;20.00000;0.71029;2
314.10400;44.67083;      -2.08715; 79.35018;80.00000;20.00000;0.71025;2
314.21600;44.67583;      -2.08812; 79.32991;80.00000;20.00000;0.71020;2
314.30499;44.68083;      -2.08865; 79.31351;80.00000;20.00000;0.71016;2
314.40799;44.68583;      -2.08888; 79.29710;80.00000;20.00000;0.71012;2
314.52100;44.69083;      -2.08934; 79.27394;80.00000;20.00000;0.71007;2
314.60901;44.69583;      -2.08987; 79.26140;80.00000;20.00000;0.71003;2
314.71799;44.70083;      -2.09001; 79.24210;80.00000;20.00000;0.70998;2
314.81500;44.70583;      -2.08982; 79.21990;80.00000;20.00000;0.70994;2
314.91501;44.71083;      -2.08995; 79.21315;80.00000;20.00000;0.70990;2
315.02301;44.71583;      -2.09040; 79.19385;80.00000;20.00000;0.70985;2
315.12299;44.72083;      -2.09136; 79.17455;80.00000;20.00000;0.70981;2
315.23099;44.72583;      -2.09253; 79.15332;80.00000;20.00000;0.70976;2
315.32901;44.73083;      -2.09214; 79.14077;80.00000;20.00000;0.70972;2
315.42899;44.73583;      -2.09279; 79.12437;80.00000;20.00000;0.70967;2
315.53601;44.74083;      -2.09344; 79.10700;80.00000;20.00000;0.70963;2
315.64499;44.74583;      -2.09389; 79.08673;80.00000;20.00000;0.70958;2
315.73801;44.75083;      -2.09412; 79.07612;80.00000;20.00000;0.70954;2
315.84601;44.75583;      -2.09467; 79.06164;80.00000;20.00000;0.70949;2
315.95001;44.76083;      -2.09522; 79.04234;80.00000;20.00000;0.70945;2
316.04501;44.76583;      -2.09524; 79.02015;80.00000;20.00000;0.70941;2
316.15399;44.77083;      -2.09527; 79.00760;80.00000;20.00000;0.70936;2
316.25900;44.77583;      -2.09593; 78.98637;80.00000;20.00000;0.70931;2
316.35901;44.78083;      -2.09658; 78.96997;80.00000;20.00000;0.70927;2
316.46201;44.78583;      -2.09681; 78.95453;80.00000;20.00000;0.70922;2
316.56100;44.79083;      -2.09673; 78.93619;80.00000;20.00000;0.70918;2
316.66299;44.79583;      -2.09749; 78.91593;80.00000;20.00000;0.70914;2
316.76901;44.80083;      -2.09804; 78.90339;80.00000;20.00000;0.70909;2
316.87000;44.80583;      -2.09775; 78.88698;80.00000;20.00000;0.70905;2
316.97198;44.81083;      -2.09768; 78.87347;80.00000;20.00000;0.70900;2
317.07901;44.81583;      -2.09802; 78.86189;80.00000;20.00000;0.70895;2
317.17899;44.82083;      -2.09878; 78.83777;80.00000;20.00000;0.70891;2
317.28201;44.82583;      -2.09943; 78.82136;80.00000;20.00000;0.70887;2
317.38400;44.83083;      -2.09966; 78.80978;80.00000;20.00000;0.70882;2
317.48700;44.83583;      -2.10021; 78.79338;80.00000;20.00000;0.70878;2
317.59399;44.84083;      -2.10046; 78.77022;80.00000;20.00000;0.70873;2
317.69101;44.84583;      -2.10089; 78.75767;80.00000;20.00000;0.70869;2
317.78201;44.85083;      -2.10143; 78.74320;80.00000;20.00000;0.70865;2
317.89700;44.85583;      -2.10220; 78.73065;80.00000;20.00000;0.70860;2
318.00000;44.86083;      -2.10296; 78.70846;80.00000;20.00000;0.70855;2
318.10400;44.86583;      -2.10361; 78.69205;80.00000;20.00000;0.70851;2
318.20099;44.87083;      -2.10446; 78.67758;80.00000;20.00000;0.70846;2
318.30499;44.87583;      -2.10470; 78.66310;80.00000;20.00000;0.70842;2
318.41101;44.88083;      -2.10515; 78.65152;80.00000;20.00000;0.70837;2
318.50800;44.88583;      -2.10569; 78.63705;80.00000;20.00000;0.70833;2
318.60599;44.89083;      -2.10613; 78.61775;80.00000;20.00000;0.70829;2
318.72000;44.89583;      -2.10597; 78.59845;80.00000;20.00000;0.70824;2
318.82101;44.90083;      -2.10631; 78.57722;80.00000;20.00000;0.70819;2
318.91901;44.90583;      -2.10675; 78.56081;80.00000;20.00000;0.70815;2
319.01901;44.91083;      -2.10677; 78.54055;80.00000;20.00000;0.70811;2
319.12900;44.91583;      -2.10723; 78.52318;80.00000;20.00000;0.70806;2
319.23099;44.92083;      -2.10757; 78.50774;80.00000;20.00000;0.70801;2
319.33499;44.92583;      -2.10833; 78.48554;80.00000;20.00000;0.70797;2
319.42700;44.93083;      -2.10886; 78.47396;80.00000;20.00000;0.70793;2
319.53500;44.93583;      -2.10921; 78.45466;80.00000;20.00000;0.70788;2
319.63699;44.94083;      -2.10893; 78.43247;80.00000;20.00000;0.70784;2
319.74399;44.94583;      -2.10990; 78.42186;80.00000;20.00000;0.70779;2
319.84399;44.95083;      -2.11055; 78.40835;80.00000;20.00000;0.70775;2
319.95099;44.95583;      -2.11121; 78.39098;80.00000;20.00000;0.70770;2
320.05499;44.96083;      -2.11197; 78.36975;80.00000;20.00000;0.70765;2
320.14301;44.96583;      -2.11209; 78.35431;80.00000;20.00000;0.70762;2
320.25601;44.97083;      -2.11234; 78.34273;80.00000;20.00000;0.70757;2
320.35800;44.97583;      -2.11237; 78.32343;80.00000;20.00000;0.70752;2
320.45599;44.98083;      -2.11271; 78.30027;80.00000;20.00000;0.70748;2
320.57001;44.98583;      -2.11327; 78.28772;80.00000;20.00000;0.70743;2
320.65601;44.99083;      -2.11380; 78.27132;80.00000;20.00000;0.70739;2
320.76401;44.99583;      -2.11436; 78.25491;80.00000;20.00000;0.70734;2
320.86700;45.00083;      -2.11491; 78.23368;80.00000;20.00000;0.70730;2
320.97400;45.00583;      -2.11526; 78.22307;80.00000;20.00000;0.70725;2
321.07599;45.01083;      -2.11591; 78.20956;80.00000;20.00000;0.70721;2
321.17300;45.01583;      -2.11656; 78.18929;80.00000;20.00000;0.70716;2
321.26999;45.02083;      -2.11690; 78.16710;80.00000;20.00000;0.70712;2
321.37799;45.02583;      -2.11725; 78.16517;80.00000;20.00000;0.70707;2
321.47699;45.03083;      -2.11748; 78.15262;80.00000;20.00000;0.70703;2
321.58401;45.03583;      -2.11772; 78.13525;80.00000;20.00000;0.70698;2
321.68799;45.04083;      -2.11817; 78.12271;80.00000;20.00000;0.70694;2
321.79700;45.04583;      -2.11842; 78.11113;80.00000;20.00000;0.70689;2
321.88901;45.05083;      -2.11875; 78.09569;80.00000;20.00000;0.70685;2
321.99200;45.05583;      -2.11920; 78.07639;80.00000;20.00000;0.70680;2
322.09299;45.06083;      -2.11954; 78.05419;80.00000;20.00000;0.70676;2
322.19299;45.06583;      -2.11988; 78.04165;80.00000;20.00000;0.70672;2
322.29999;45.07083;      -2.11992; 78.02042;80.00000;20.00000;0.70667;2
322.40201;45.07583;      -2.11974; 78.00401;80.00000;20.00000;0.70662;2
322.50201;45.08083;      -2.11966; 77.98278;80.00000;20.00000;0.70658;2
322.60999;45.08583;      -2.12074; 77.96252;80.00000;20.00000;0.70653;2
322.70901;45.09083;      -2.12150; 77.94033;80.00000;20.00000;0.70649;2
322.80701;45.09583;      -2.12257; 77.91813;80.00000;20.00000;0.70645;2
322.91699;45.10083;      -2.12261; 77.90173;80.00000;20.00000;0.70640;2
323.01199;45.10583;      -2.12263; 77.88050;80.00000;20.00000;0.70636;2
323.11200;45.11083;      -2.12255; 77.86313;80.00000;20.00000;0.70631;2
323.22501;45.11583;      -2.12260; 77.84190;80.00000;20.00000;0.70626;2
323.31699;45.12083;      -2.12397; 77.82935;80.00000;20.00000;0.70622;2
323.42200;45.12583;      -2.12442; 77.81681;80.00000;20.00000;0.70618;2
323.52701;45.13083;      -2.12498; 77.79944;80.00000;20.00000;0.70613;2
323.62799;45.13583;      -2.12490; 77.78110;80.00000;20.00000;0.70609;2
323.71600;45.14083;      -2.12564; 77.76084;80.00000;20.00000;0.70605;2
323.82300;45.14583;      -2.12620; 77.74636;80.00000;20.00000;0.70600;2
323.92899;45.15083;      -2.12686; 77.72610;80.00000;20.00000;0.70595;2
324.03900;45.15583;      -2.12743; 77.70776;80.00000;20.00000;0.70590;2
324.12601;45.16083;      -2.12723; 77.69329;80.00000;20.00000;0.70587;2
324.24301;45.16583;      -2.12686; 77.67206;80.00000;20.00000;0.70581;2
324.34399;45.17083;      -2.12731; 77.65565;80.00000;20.00000;0.70577;2
324.45001;45.17583;      -2.12829; 77.63925;80.00000;20.00000;0.70572;2
324.54099;45.18083;      -2.12872; 77.61898;80.00000;20.00000;0.70568;2
324.64700;45.18583;      -2.12928; 77.60354;80.00000;20.00000;0.70564;2
324.75500;45.19083;      -2.13005; 77.58424;80.00000;20.00000;0.70559;2
324.84900;45.19583;      -2.13090; 77.56591;80.00000;20.00000;0.70555;2
324.95001;45.20083;      -2.13177; 77.54564;80.00000;20.00000;0.70550;2
325.04901;45.20583;      -2.13253; 77.52634;80.00000;20.00000;0.70546;2
325.15900;45.21083;      -2.13267; 77.50415;80.00000;20.00000;0.70541;2
325.26099;45.21583;      -2.13250; 77.47713;80.00000;20.00000;0.70537;2
325.35999;45.22083;      -2.13200; 77.46072;80.00000;20.00000;0.70532;2
325.47101;45.22583;      -2.13194; 77.44046;80.00000;20.00000;0.70527;2
325.56500;45.23083;      -2.13165; 77.41344;80.00000;20.00000;0.70523;2
325.67001;45.23583;      -2.13273; 77.39318;80.00000;20.00000;0.70519;2
325.77100;45.24083;      -2.13391; 77.37098;80.00000;20.00000;0.70514;2
325.87701;45.24583;      -2.13457; 77.34589;80.00000;20.00000;0.70509;2
325.97501;45.25083;      -2.13460; 77.31791;80.00000;20.00000;0.70505;2
326.07800;45.25583;      -2.13463; 77.29764;80.00000;20.00000;0.70501;2
326.17300;45.26083;      -2.13507; 77.27062;80.00000;20.00000;0.70496;2
326.28699;45.26583;      -2.13564; 77.24360;80.00000;20.00000;0.70491;2
326.38699;45.27083;      -2.13619; 77.22237;80.00000;20.00000;0.70487;2
326.48700;45.27583;      -2.13685; 77.19439;80.00000;20.00000;0.70483;2
326.59299;45.28083;      -2.13730; 77.17026;80.00000;20.00000;0.70478;2
326.69000;45.28583;      -2.13712; 77.14614;80.00000;20.00000;0.70474;2
326.79401;45.29083;      -2.13705; 77.12394;80.00000;20.00000;0.70469;2
326.90601;45.29583;      -2.13793; 77.09596;80.00000;20.00000;0.70464;2
327.00000;45.30083;      -2.13868; 77.07859;80.00000;20.00000;0.70460;2
327.10400;45.30583;      -2.13893; 77.06411;80.00000;20.00000;0.70455;2
327.20499;45.31083;      -2.13917; 77.04192;80.00000;20.00000;0.70451;2
327.30701;45.31583;      -2.14004; 77.02551;80.00000;20.00000;0.70446;2
327.40900;45.32083;      -2.14038; 77.01393;80.00000;20.00000;0.70442;2
327.50900;45.32583;      -2.14041; 76.99946;80.00000;20.00000;0.70437;2
327.61099;45.33083;      -2.14065; 76.98498;80.00000;20.00000;0.70433;2
327.71399;45.33583;      -2.14100; 76.97147;80.00000;20.00000;0.70428;2
327.81799;45.34083;      -2.14114; 76.95700;80.00000;20.00000;0.70424;2
327.92200;45.34583;      -2.14212; 76.93674;80.00000;20.00000;0.70419;2
328.01801;45.35083;      -2.14287; 76.92130;80.00000;20.00000;0.70415;2
328.11899;45.35583;      -2.14364; 76.90972;80.00000;20.00000;0.70410;2
328.23001;45.36083;      -2.14431; 76.90393;80.00000;20.00000;0.70405;2
328.32901;45.36583;      -2.14455; 76.89042;80.00000;20.00000;0.70401;2
328.42999;45.37083;      -2.14448; 76.87401;80.00000;20.00000;0.70397;2
328.53000;45.37583;      -2.14503; 76.85664;80.00000;20.00000;0.70392;2
328.62799;45.38083;      -2.14485; 76.84603;80.00000;20.00000;0.70388;2
328.73999;45.38583;      -2.14395; 76.83059;80.00000;20.00000;0.70383;2
328.83401;45.39083;      -2.14418; 76.80646;80.00000;20.00000;0.70379;2
328.94601;45.39583;      -2.14433; 76.79392;80.00000;20.00000;0.70374;2
329.04401;45.40083;      -2.14457; 76.77558;80.00000;20.00000;0.70369;2
329.14600;45.40583;      -2.14492; 76.75339;80.00000;20.00000;0.70365;2
329.25201;45.41083;      -2.14527; 76.73795;80.00000;20.00000;0.70360;2
329.34698;45.41583;      -2.14571; 76.71575;80.00000;20.00000;0.70356;2
329.45401;45.42083;      -2.14617; 76.69259;80.00000;20.00000;0.70351;2
329.55499;45.42583;      -2.14746; 76.67908;80.00000;20.00000;0.70347;2
329.65399;45.43083;      -2.14822; 76.65399;80.00000;20.00000;0.70342;2
329.75699;45.43583;      -2.14867; 76.62987;80.00000;20.00000;0.70338;2
329.86099;45.44083;      -2.14829; 76.61443;80.00000;20.00000;0.70333;2
329.96899;45.44583;      -2.14823; 76.59127;80.00000;20.00000;0.70328;2
330.06699;45.45083;      -2.14794; 76.57969;80.00000;20.00000;0.70324;2
330.16599;45.45583;      -2.14829; 76.55749;80.00000;20.00000;0.70320;2
330.26999;45.46083;      -2.14853; 76.54109;80.00000;20.00000;0.70315;2
330.37100;45.46583;      -2.14867; 76.53433;80.00000;20.00000;0.70311;2
330.47699;45.47083;      -2.14996; 76.51889;80.00000;20.00000;0.70306;2
330.57599;45.47583;      -2.15041; 76.49863;80.00000;20.00000;0.70302;2
330.67999;45.48083;      -2.15076; 76.48705;80.00000;20.00000;0.70297;2
330.77600;45.48583;      -2.15121; 76.46968;80.00000;20.00000;0.70293;2
330.87799;45.49083;      -2.15156; 76.44556;80.00000;20.00000;0.70288;2
330.98499;45.49583;      -2.15191; 76.43591;80.00000;20.00000;0.70283;2
331.09201;45.50083;      -2.15216; 76.42143;80.00000;20.00000;0.70279;2
331.18600;45.50583;      -2.15229; 76.40213;80.00000;20.00000;0.70274;2
331.29099;45.51083;      -2.15264; 76.37994;80.00000;20.00000;0.70270;2
331.39499;45.51583;      -2.15299; 76.36739;80.00000;20.00000;0.70265;2
331.48700;45.52083;      -2.15333; 76.34809;80.00000;20.00000;0.70261;2
331.59201;45.52583;      -2.15399; 76.32686;80.00000;20.00000;0.70256;2
331.69601;45.53083;      -2.15414; 76.31142;80.00000;20.00000;0.70252;2
331.78699;45.53583;      -2.15426; 76.28826;80.00000;20.00000;0.70248;2
331.89999;45.54083;      -2.15431; 76.27379;80.00000;20.00000;0.70243;2
331.99200;45.54583;      -2.15391; 76.25063;80.00000;20.00000;0.70239;2
332.10901;45.55083;      -2.15397; 76.22843;80.00000;20.00000;0.70233;2
332.21399;45.55583;      -2.15442; 76.20624;80.00000;20.00000;0.70229;2
332.30801;45.56083;      -2.15518; 76.18694;80.00000;20.00000;0.70225;2
332.42200;45.56583;      -2.15586; 76.16474;80.00000;20.00000;0.70220;2
332.51901;45.57083;      -2.15526; 76.14062;80.00000;20.00000;0.70215;2
332.61499;45.57583;      -2.15591; 76.11939;80.00000;20.00000;0.70211;2
332.71100;45.58083;      -2.15678; 76.10105;80.00000;20.00000;0.70207;2
332.81799;45.58583;      -2.15693; 76.08079;80.00000;20.00000;0.70202;2
332.92001;45.59083;      -2.15696; 76.05956;80.00000;20.00000;0.70197;2
333.02802;45.59583;      -2.15721; 76.03736;80.00000;20.00000;0.70193;2
333.12201;45.60083;      -2.15755; 76.02192;80.00000;20.00000;0.70188;2
333.22601;45.60583;      -2.15769; 76.01131;80.00000;20.00000;0.70184;2
333.33200;45.61083;      -2.15784; 75.99201;80.00000;20.00000;0.70179;2
333.43301;45.61583;      -2.15745; 75.96885;80.00000;20.00000;0.70175;2
333.52899;45.62083;      -2.15706; 75.96210;80.00000;20.00000;0.70170;2
333.63599;45.62583;      -2.15762; 75.94087;80.00000;20.00000;0.70165;2
333.73001;45.63083;      -2.15786; 75.92060;80.00000;20.00000;0.70161;2
333.83401;45.63583;      -2.15779; 75.90516;80.00000;20.00000;0.70157;2
333.94699;45.64083;      -2.15805; 75.89069;80.00000;20.00000;0.70152;2
334.04001;45.64583;      -2.15881; 75.86946;80.00000;20.00000;0.70148;2
334.15399;45.65083;      -2.15896; 75.85305;80.00000;20.00000;0.70142;2
334.24301;45.65583;      -2.15951; 75.83279;80.00000;20.00000;0.70138;2
334.34201;45.66083;      -2.16017; 75.81542;80.00000;20.00000;0.70134;2
334.46301;45.66583;      -2.16054; 75.79419;80.00000;20.00000;0.70129;2
334.55099;45.67083;      -2.16087; 75.77585;80.00000;20.00000;0.70125;2
334.64801;45.67583;      -2.16111; 75.75559;80.00000;20.00000;0.70120;2
334.74799;45.68083;      -2.16093; 75.73822;80.00000;20.00000;0.70116;2
334.85199;45.68583;      -2.16087; 75.71795;80.00000;20.00000;0.70111;2
334.95599;45.69083;      -2.16080; 75.70155;80.00000;20.00000;0.70107;2
335.05600;45.69583;      -2.16073; 75.68128;80.00000;20.00000;0.70102;2
335.16400;45.70083;      -2.16119; 75.66198;80.00000;20.00000;0.70097;2
335.26001;45.70583;      -2.16122; 75.64268;80.00000;20.00000;0.70093;2
335.35800;45.71083;      -2.16125; 75.61663;80.00000;20.00000;0.70089;2
335.45999;45.71583;      -2.16149; 75.60022;80.00000;20.00000;0.70084;2
335.56699;45.72083;      -2.16185; 75.57610;80.00000;20.00000;0.70079;2
335.66800;45.72583;      -2.16189; 75.55390;80.00000;20.00000;0.70075;2
335.77399;45.73083;      -2.16193; 75.53653;80.00000;20.00000;0.70070;2
335.87299;45.73583;      -2.16217; 75.51048;80.00000;20.00000;0.70066;2
335.97601;45.74083;      -2.16220; 75.48925;80.00000;20.00000;0.70061;2
336.07700;45.74583;      -2.16213; 75.46802;80.00000;20.00000;0.70057;2
336.18399;45.75083;      -2.16228; 75.44583;80.00000;20.00000;0.70052;2
336.27701;45.75583;      -2.16283; 75.42460;80.00000;20.00000;0.70048;2
336.38501;45.76083;      -2.16340; 75.40433;80.00000;20.00000;0.70043;2
336.47601;45.76583;      -2.16363; 75.38310;80.00000;20.00000;0.70039;2
336.58801;45.77083;      -2.16410; 75.36573;80.00000;20.00000;0.70034;2
336.68799;45.77583;      -2.16455; 75.33968;80.00000;20.00000;0.70029;2
336.79501;45.78083;      -2.16502; 75.31845;80.00000;20.00000;0.70025;2
336.89499;45.78583;      -2.16579; 75.29722;80.00000;20.00000;0.70020;2
337.00000;45.79083;      -2.16604; 75.27213;80.00000;20.00000;0.70015;2
337.09201;45.79583;      -2.16616; 75.24993;80.00000;20.00000;0.70011;2
337.19400;45.80083;      -2.16609; 75.22484;80.00000;20.00000;0.70007;2
337.29700;45.80583;      -2.16613; 75.19686;80.00000;20.00000;0.70002;2
337.39999;45.81083;      -2.16627; 75.17177;80.00000;20.00000;0.69998;2
337.50699;45.81583;      -2.16674; 75.15440;80.00000;20.00000;0.69993;2
337.60001;45.82083;      -2.16697; 75.12738;80.00000;20.00000;0.69989;2
337.70300;45.82583;      -2.16690; 75.10229;80.00000;20.00000;0.69984;2
337.80701;45.83083;      -2.16715; 75.07913;80.00000;20.00000;0.69979;2
337.90500;45.83583;      -2.16697; 75.06465;80.00000;20.00000;0.69975;2
338.00900;45.84083;      -2.16701; 75.04149;80.00000;20.00000;0.69970;2
338.11600;45.84583;      -2.16737; 75.02509;80.00000;20.00000;0.69965;2
338.21100;45.85083;      -2.16750; 75.00579;80.00000;20.00000;0.69961;2
338.32300;45.85583;      -2.16755; 74.97877;80.00000;20.00000;0.69956;2
338.41699;45.86083;      -2.16789; 74.96719;80.00000;20.00000;0.69952;2
338.52399;45.86583;      -2.16815; 74.94693;80.00000;20.00000;0.69947;2
338.61700;45.87083;      -2.16775; 74.92473;80.00000;20.00000;0.69943;2
338.72601;45.87583;      -2.16790; 74.90350;80.00000;20.00000;0.69938;2
338.83099;45.88083;      -2.16847; 74.88131;80.00000;20.00000;0.69933;2
338.92999;45.88583;      -2.16871; 74.86490;80.00000;20.00000;0.69929;2
339.02899;45.89083;      -2.16832; 74.84367;80.00000;20.00000;0.69925;2
339.13501;45.89583;      -2.16794; 74.82341;80.00000;20.00000;0.69920;2
339.23801;45.90083;      -2.16851; 74.80121;80.00000;20.00000;0.69915;2
339.33401;45.90583;      -2.16885; 74.77612;80.00000;20.00000;0.69911;2
339.42899;45.91083;      -2.16909; 74.75393;80.00000;20.00000;0.69907;2
339.53799;45.91583;      -2.16945; 74.73656;80.00000;20.00000;0.69902;2
339.63599;45.92083;      -2.16980; 74.71050;80.00000;20.00000;0.69897;2
339.73901;45.92583;      -2.17015; 74.68927;80.00000;20.00000;0.69893;2
339.84299;45.93083;      -2.17061; 74.66804;80.00000;20.00000;0.69888;2
339.94400;45.93583;      -2.17075; 74.64585;80.00000;20.00000;0.69884;2
340.05099;45.94083;      -2.17101; 74.62365;80.00000;20.00000;0.69879;2
340.15100;45.94583;      -2.17146; 74.60435;80.00000;20.00000;0.69874;2
340.25101;45.95083;      -2.17182; 74.58312;80.00000;20.00000;0.69870;2
340.35800;45.95583;      -2.17133; 74.55996;80.00000;20.00000;0.69865;2
340.46201;45.96083;      -2.17127; 74.53777;80.00000;20.00000;0.69860;2
340.55399;45.96583;      -2.17108; 74.51654;80.00000;20.00000;0.69856;2
340.65900;45.97083;      -2.17112; 74.49628;80.00000;20.00000;0.69851;2
340.75400;45.97583;      -2.17136; 74.47119;80.00000;20.00000;0.69847;2
340.86700;45.98083;      -2.17194; 74.44996;80.00000;20.00000;0.69842;2
340.95901;45.98583;      -2.17207; 74.42487;80.00000;20.00000;0.69838;2
341.07199;45.99083;      -2.17212; 74.40364;80.00000;20.00000;0.69833;2
341.16000;45.99583;      -2.17224; 74.38434;80.00000;20.00000;0.69829;2
341.26700;46.00083;      -2.17260; 74.35828;80.00000;20.00000;0.69824;2
341.37000;46.00583;      -2.17296; 74.33802;80.00000;20.00000;0.69820;2
341.46899;46.01083;      -2.17257; 74.31100;80.00000;20.00000;0.69815;2
341.57599;46.01583;      -2.17251; 74.28494;80.00000;20.00000;0.69810;2
341.66000;46.02083;      -2.17315; 74.26950;80.00000;20.00000;0.69806;2
341.77301;46.02583;      -2.17352; 74.24538;80.00000;20.00000;0.69801;2
341.87601;46.03083;      -2.17388; 74.22318;80.00000;20.00000;0.69797;2
341.98001;46.03583;      -2.17349; 74.19906;80.00000;20.00000;0.69792;2
342.07800;46.04083;      -2.17342; 74.17686;80.00000;20.00000;0.69788;2
342.18600;46.04583;      -2.17325; 74.15467;80.00000;20.00000;0.69783;2
342.27701;46.05083;      -2.17307; 74.13344;80.00000;20.00000;0.69779;2
342.37701;46.05583;      -2.17342; 74.10835;80.00000;20.00000;0.69774;2
342.49200;46.06083;      -2.17411; 74.09291;80.00000;20.00000;0.69769;2
342.58600;46.06583;      -2.17477; 74.06878;80.00000;20.00000;0.69765;2
342.68600;46.07083;      -2.17522; 74.04562;80.00000;20.00000;0.69760;2
342.79800;46.07583;      -2.17559; 74.02150;80.00000;20.00000;0.69755;2
342.89200;46.08083;      -2.17604; 73.99931;80.00000;20.00000;0.69751;2
342.99200;46.08583;      -2.17618; 73.97808;80.00000;20.00000;0.69747;2
343.09799;46.09083;      -2.17643; 73.95588;80.00000;20.00000;0.69742;2
343.20200;46.09583;      -2.17637; 73.92983;80.00000;20.00000;0.69737;2
343.29300;46.10083;      -2.17618; 73.91728;80.00000;20.00000;0.69733;2
343.39999;46.10583;      -2.17622; 73.89509;80.00000;20.00000;0.69728;2
343.50101;46.11083;      -2.17616; 73.87193;80.00000;20.00000;0.69724;2
343.60300;46.11583;      -2.17598; 73.85263;80.00000;20.00000;0.69719;2
343.70700;46.12083;      -2.17623; 73.83140;80.00000;20.00000;0.69714;2
343.80200;46.12583;      -2.17658; 73.80920;80.00000;20.00000;0.69710;2
343.90399;46.13083;      -2.17662; 73.78797;80.00000;20.00000;0.69705;2
344.00400;46.13583;      -2.17676; 73.76867;80.00000;20.00000;0.69701;2
344.10800;46.14083;      -2.17659; 73.74744;80.00000;20.00000;0.69696;2
344.21500;46.14583;      -2.17663; 73.72525;80.00000;20.00000;0.69691;2
344.30801;46.15083;      -2.17655; 73.70402;80.00000;20.00000;0.69687;2
344.40701;46.15583;      -2.17690; 73.68472;80.00000;20.00000;0.69683;2
344.50699;46.16083;      -2.17778; 73.65770;80.00000;20.00000;0.69678;2
344.61801;46.16583;      -2.17815; 73.63743;80.00000;20.00000;0.69673;2
344.71701;46.17083;      -2.17787; 73.61041;80.00000;20.00000;0.69669;2
344.81000;46.17583;      -2.17768; 73.58436;80.00000;20.00000;0.69665;2
344.92401;46.18083;      -2.17774; 73.56216;80.00000;20.00000;0.69659;2
345.02301;46.18583;      -2.17809; 73.53514;80.00000;20.00000;0.69655;2
345.10800;46.19083;      -2.17800; 73.51102;80.00000;20.00000;0.69651;2
345.22000;46.19583;      -2.17815; 73.48593;80.00000;20.00000;0.69646;2
345.31799;46.20083;      -2.17850; 73.45891;80.00000;20.00000;0.69642;2
345.42099;46.20583;      -2.17918; 73.43768;80.00000;20.00000;0.69637;2
345.52301;46.21083;      -2.17953; 73.41066;80.00000;20.00000;0.69632;2
345.61301;46.21583;      -2.17977; 73.38461;80.00000;20.00000;0.69628;2
345.72699;46.22083;      -2.18025; 73.36241;80.00000;20.00000;0.69623;2
345.82700;46.22583;      -2.17996; 73.33539;80.00000;20.00000;0.69619;2
345.92499;46.23083;      -2.17968; 73.31127;80.00000;20.00000;0.69614;2
346.02200;46.23583;      -2.17992; 73.28425;80.00000;20.00000;0.69610;2
346.13199;46.24083;      -2.18008; 73.26688;80.00000;20.00000;0.69605;2
346.23099;46.24583;      -2.18053; 73.24275;80.00000;20.00000;0.69600;2
346.32901;46.25083;      -2.18067; 73.22056;80.00000;20.00000;0.69596;2
346.42801;46.25583;      -2.18060; 73.18292;80.00000;20.00000;0.69592;2
346.53101;46.26083;      -2.18117; 73.16652;80.00000;20.00000;0.69587;2
346.63901;46.26583;      -2.18154; 73.14432;80.00000;20.00000;0.69582;2
346.74100;46.27083;      -2.18168; 73.11730;80.00000;20.00000;0.69577;2
346.84601;46.27583;      -2.18183; 73.08835;80.00000;20.00000;0.69573;2
346.93600;46.28083;      -2.18132; 73.06037;80.00000;20.00000;0.69569;2
347.05099;46.28583;      -2.18138; 73.03914;80.00000;20.00000;0.69563;2
347.14700;46.29083;      -2.18152; 73.01309;80.00000;20.00000;0.69559;2
347.25601;46.29583;      -2.18156; 72.97449;80.00000;20.00000;0.69554;2
347.33899;46.30083;      -2.18168; 72.95712;80.00000;20.00000;0.69550;2
347.44699;46.30583;      -2.18236; 72.92817;80.00000;20.00000;0.69546;2
347.55200;46.31083;      -2.18294; 72.90404;80.00000;20.00000;0.69541;2
347.64801;46.31583;      -2.18350; 72.87799;80.00000;20.00000;0.69536;2
347.75299;46.32083;      -2.18386; 72.85000;80.00000;20.00000;0.69532;2
347.85901;46.32583;      -2.18433; 72.82298;80.00000;20.00000;0.69527;2
347.95001;46.33083;      -2.18424; 72.80175;80.00000;20.00000;0.69523;2
348.05499;46.33583;      -2.18376; 72.77280;80.00000;20.00000;0.69518;2
348.16400;46.34083;      -2.18402; 72.73420;80.00000;20.00000;0.69513;2
348.26501;46.34583;      -2.18395; 72.70429;80.00000;20.00000;0.69508;2
348.37000;46.35083;      -2.18421; 72.68402;80.00000;20.00000;0.69504;2
348.46301;46.35583;      -2.18497; 72.65604;80.00000;20.00000;0.69500;2
348.56100;46.36083;      -2.18490; 72.63095;80.00000;20.00000;0.69495;2
348.66699;46.36583;      -2.18484; 72.60393;80.00000;20.00000;0.69490;2
348.75699;46.37083;      -2.18539; 72.57980;80.00000;20.00000;0.69486;2
348.86099;46.37583;      -2.18586; 72.55182;80.00000;20.00000;0.69481;2
348.96799;46.38083;      -2.18622; 72.53059;80.00000;20.00000;0.69477;2
349.07199;46.38583;      -2.18658; 72.50454;80.00000;20.00000;0.69472;2
349.15500;46.39083;      -2.18628; 72.48331;80.00000;20.00000;0.69468;2
349.27600;46.39583;      -2.18613; 72.45629;80.00000;20.00000;0.69463;2
349.36099;46.40083;      -2.18625; 72.43506;80.00000;20.00000;0.69459;2
349.47400;46.40583;      -2.18652; 72.41286;80.00000;20.00000;0.69454;2
349.56500;46.41083;      -2.18750; 72.38874;80.00000;20.00000;0.69450;2
349.67499;46.41583;      -2.18755; 72.36558;80.00000;20.00000;0.69445;2
349.77200;46.42083;      -2.18748; 72.34049;80.00000;20.00000;0.69440;2
349.88000;46.42583;      -2.18774; 72.31829;80.00000;20.00000;0.69435;2
349.97900;46.43083;      -2.18735; 72.29610;80.00000;20.00000;0.69431;2
350.08600;46.43583;      -2.18814; 72.27390;80.00000;20.00000;0.69426;2
350.18701;46.44083;      -2.18892; 72.24592;80.00000;20.00000;0.69421;2
350.29300;46.44583;      -2.18886; 72.22276;80.00000;20.00000;0.69417;2
350.39200;46.45083;      -2.18879; 72.19767;80.00000;20.00000;0.69412;2
350.49399;46.45583;      -2.18893; 72.16968;80.00000;20.00000;0.69407;2
350.58899;46.46083;      -2.18928; 72.14170;80.00000;20.00000;0.69403;2
350.68900;46.46583;      -2.18953; 72.11275;80.00000;20.00000;0.69399;2
350.79199;46.47083;      -2.19042; 72.09152;80.00000;20.00000;0.69394;2
350.89401;46.47583;      -2.19025; 72.06450;80.00000;20.00000;0.69389;2
350.99399;46.48083;      -2.18944; 72.03652;80.00000;20.00000;0.69385;2
351.09900;46.48583;      -2.19033; 72.01239;80.00000;20.00000;0.69380;2
351.20999;46.49083;      -2.19102; 71.98730;80.00000;20.00000;0.69375;2
351.30301;46.49583;      -2.19147; 71.96028;80.00000;20.00000;0.69371;2
351.40100;46.50083;      -2.19161; 71.93133;80.00000;20.00000;0.69366;2
351.50000;46.50583;      -2.19229; 71.90721;80.00000;20.00000;0.69362;2
351.60501;46.51083;      -2.19286; 71.88212;80.00000;20.00000;0.69357;2
351.70901;46.51583;      -2.19269; 71.85510;80.00000;20.00000;0.69352;2
351.80600;46.52083;      -2.19262; 71.83387;80.00000;20.00000;0.69348;2
351.90399;46.52583;      -2.19265; 71.81167;80.00000;20.00000;0.69343;2
352.00699;46.53083;      -2.19280; 71.78079;80.00000;20.00000;0.69339;2
352.11200;46.53583;      -2.19338; 71.75570;80.00000;20.00000;0.69334;2
352.20999;46.54083;      -2.19384; 71.73254;80.00000;20.00000;0.69329;2
352.31100;46.54583;      -2.19430; 71.71035;80.00000;20.00000;0.69325;2
352.41101;46.55083;      -2.19466; 71.68429;80.00000;20.00000;0.69320;2
352.50699;46.55583;      -2.19469; 71.66306;80.00000;20.00000;0.69316;2
352.62000;46.56083;      -2.19475; 71.63508;80.00000;20.00000;0.69311;2
352.72101;46.56583;      -2.19542; 71.61095;80.00000;20.00000;0.69306;2
352.81100;46.57083;      -2.19587; 71.58586;80.00000;20.00000;0.69302;2
352.91800;46.57583;      -2.19635; 71.55885;80.00000;20.00000;0.69297;2
353.01999;46.58083;      -2.19660; 71.53762;80.00000;20.00000;0.69293;2
353.12399;46.58583;      -2.19696; 71.51060;80.00000;20.00000;0.69288;2
353.22000;46.59083;      -2.19731; 71.48937;80.00000;20.00000;0.69284;2
353.32800;46.59583;      -2.19789; 71.46331;80.00000;20.00000;0.69279;2
353.42499;46.60083;      -2.19825; 71.43629;80.00000;20.00000;0.69274;2
353.52802;46.60583;      -2.19808; 71.41410;80.00000;20.00000;0.69269;2
353.63599;46.61083;      -2.19791; 71.38611;80.00000;20.00000;0.69265;2
353.73401;46.61583;      -2.19774; 71.35813;80.00000;20.00000;0.69260;2
353.83401;46.62083;      -2.19788; 71.33690;80.00000;20.00000;0.69256;2
353.93399;46.62583;      -2.19866; 71.30988;80.00000;20.00000;0.69251;2
354.03601;46.63083;      -2.19924; 71.28286;80.00000;20.00000;0.69246;2
354.13501;46.63583;      -2.19970; 71.26163;80.00000;20.00000;0.69242;2
354.24399;46.64083;      -2.19986; 71.23364;80.00000;20.00000;0.69237;2
354.33499;46.64583;      -2.19999; 71.20952;80.00000;20.00000;0.69233;2
354.43799;46.65083;      -2.20035; 71.18539;80.00000;20.00000;0.69228;2
354.54599;46.65583;      -2.20072; 71.15741;80.00000;20.00000;0.69223;2
354.64099;46.66083;      -2.20107; 71.13714;80.00000;20.00000;0.69219;2
354.74500;46.66583;      -2.20165; 71.11109;80.00000;20.00000;0.69214;2
354.83801;46.67083;      -2.20210; 71.08889;80.00000;20.00000;0.69210;2
354.94101;46.67583;      -2.20278; 71.06188;80.00000;20.00000;0.69205;2
355.04300;46.68083;      -2.20272; 71.04161;80.00000;20.00000;0.69200;2
355.14301;46.68583;      -2.20276; 71.01942;80.00000;20.00000;0.69196;2
355.26001;46.69083;      -2.20282; 70.99529;80.00000;20.00000;0.69191;2
355.35300;46.69583;      -2.20263; 70.96827;80.00000;20.00000;0.69186;2
355.44800;46.70083;      -2.20288; 70.94704;80.00000;20.00000;0.69182;2
355.55301;46.70583;      -2.20346; 70.92581;80.00000;20.00000;0.69177;2
355.65201;46.71083;      -2.20371; 70.90362;80.00000;20.00000;0.69173;2
355.75601;46.71583;      -2.20397; 70.88239;80.00000;20.00000;0.69168;2
355.85999;46.72083;      -2.20422; 70.85633;80.00000;20.00000;0.69163;2
355.95300;46.72583;      -2.20436; 70.83510;80.00000;20.00000;0.69159;2
356.05200;46.73083;      -2.20493; 70.80905;80.00000;20.00000;0.69154;2
356.15799;46.73583;      -2.20562; 70.78685;80.00000;20.00000;0.69150;2
356.25900;46.74083;      -2.20566; 70.76755;80.00000;20.00000;0.69145;2
356.34500;46.74583;      -2.20557; 70.74053;80.00000;20.00000;0.69141;2
356.45099;46.75083;      -2.20562; 70.72027;80.00000;20.00000;0.69136;2
356.56000;46.75583;      -2.20578; 70.69325;80.00000;20.00000;0.69131;2
356.66101;46.76083;      -2.20667; 70.67202;80.00000;20.00000;0.69127;2
356.75400;46.76583;      -2.20734; 70.65079;80.00000;20.00000;0.69122;2
356.85999;46.77083;      -2.20738; 70.62570;80.00000;20.00000;0.69117;2
356.95901;46.77583;      -2.20785; 70.59868;80.00000;20.00000;0.69113;2
357.06699;46.78083;      -2.20811; 70.57745;80.00000;20.00000;0.69108;2
357.16599;46.78583;      -2.20847; 70.55043;80.00000;20.00000;0.69103;2
357.26801;46.79083;      -2.20883; 70.52052;80.00000;20.00000;0.69099;2
357.36899;46.79583;      -2.20973; 70.50025;80.00000;20.00000;0.69094;2
357.46100;46.80083;      -2.21018; 70.47227;80.00000;20.00000;0.69090;2
357.56400;46.80583;      -2.21033; 70.45297;80.00000;20.00000;0.69085;2
357.66800;46.81083;      -2.21006; 70.43077;80.00000;20.00000;0.69081;2
357.76801;46.81583;      -2.21020; 70.40858;80.00000;20.00000;0.69076;2
357.86801;46.82083;      -2.21024; 70.37770;80.00000;20.00000;0.69071;2
357.96201;46.82583;      -2.21038; 70.35840;80.00000;20.00000;0.69067;2
358.07800;46.83083;      -2.21076; 70.33717;80.00000;20.00000;0.69062;2
358.16800;46.83583;      -2.21154; 70.31304;80.00000;20.00000;0.69058;2
358.27499;46.84083;      -2.21244; 70.28988;80.00000;20.00000;0.69053;2
358.37299;46.84583;      -2.21354; 70.26479;80.00000;20.00000;0.69048;2
358.47900;46.85083;      -2.21423; 70.24163;80.00000;20.00000;0.69043;2
358.57401;46.85583;      -2.21416; 70.21654;80.00000;20.00000;0.69039;2
358.66501;46.86083;      -2.21376; 70.20207;80.00000;20.00000;0.69035;2
358.77100;46.86583;      -2.21381; 70.17987;80.00000;20.00000;0.69030;2
358.87500;46.87083;      -2.21407; 70.15575;80.00000;20.00000;0.69025;2
358.98999;46.87583;      -2.21466; 70.13452;80.00000;20.00000;0.69020;2
359.07700;46.88083;      -2.21490; 70.11232;80.00000;20.00000;0.69016;2
359.19101;46.88583;      -2.21570; 70.09303;80.00000;20.00000;0.69011;2
359.28400;46.89083;      -2.21648; 70.06601;80.00000;20.00000;0.69007;2
359.37701;46.89583;      -2.21683; 70.04864;80.00000;20.00000;0.69002;2
359.48099;46.90083;      -2.21634; 70.02837;80.00000;20.00000;0.68997;2
359.59100;46.90583;      -2.21651; 70.00714;80.00000;20.00000;0.68992;2
359.68600;46.91083;      -2.21675; 69.98591;80.00000;20.00000;0.68988;2
359.78000;46.91583;      -2.21700; 69.96372;80.00000;20.00000;0.68984;2
359.88901;46.92083;      -2.21823; 69.94249;80.00000;20.00000;0.68979;2
359.99301;46.92583;      -2.21870; 69.92319;80.00000;20.00000;0.68974;2
360.08801;46.93083;      -2.21884; 69.90292;80.00000;20.00000;0.68970;2
360.19501;46.93583;      -2.21900; 69.88459;80.00000;20.00000;0.68965;2
360.28601;46.94083;      -2.21988; 69.86336;80.00000;20.00000;0.68961;2
360.39401;46.94583;      -2.22068; 69.84213;80.00000;20.00000;0.68956;2
360.49500;46.95083;      -2.22040; 69.82476;80.00000;20.00000;0.68951;2
360.58499;46.95583;      -2.22096; 69.80449;80.00000;20.00000;0.68947;2
360.68900;46.96083;      -2.22133; 69.78230;80.00000;20.00000;0.68942;2
360.79001;46.96583;      -2.22201; 69.76300;80.00000;20.00000;0.68937;2
360.88800;46.97083;      -2.22226; 69.74177;80.00000;20.00000;0.68933;2
360.99301;46.97583;      -2.22231; 69.72440;80.00000;20.00000;0.68928;2
361.09799;46.98083;      -2.22236; 69.70317;80.00000;20.00000;0.68923;2
361.20001;46.98583;      -2.22283; 69.68194;80.00000;20.00000;0.68919;2
361.29999;46.99083;      -2.22277; 69.66553;80.00000;20.00000;0.68914;2
361.40100;46.99583;      -2.22270; 69.64527;80.00000;20.00000;0.68909;2
361.50400;47.00083;      -2.22286; 69.62404;80.00000;20.00000;0.68905;2
361.60199;47.00583;      -2.22386; 69.60764;80.00000;20.00000;0.68900;2
361.69901;47.01083;      -2.22496; 69.58737;80.00000;20.00000;0.68896;2
361.80899;47.01583;      -2.22534; 69.56904;80.00000;20.00000;0.68891;2
361.90500;47.02083;      -2.22591; 69.54974;80.00000;20.00000;0.68886;2
361.99899;47.02583;      -2.22637; 69.53044;80.00000;20.00000;0.68882;2
362.11301;47.03083;      -2.22707; 69.50921;80.00000;20.00000;0.68877;2
362.20700;47.03583;      -2.22710; 69.49377;80.00000;20.00000;0.68872;2
362.31100;47.04083;      -2.22715; 69.47254;80.00000;20.00000;0.68868;2
362.40799;47.04583;      -2.22730; 69.45517;80.00000;20.00000;0.68863;2
362.50900;47.05083;      -2.22766; 69.43490;80.00000;20.00000;0.68859;2
362.60599;47.05583;      -2.22781; 69.41174;80.00000;20.00000;0.68854;2
362.72000;47.06083;      -2.22808; 69.39920;80.00000;20.00000;0.68849;2
362.81601;47.06583;      -2.22951; 69.37700;80.00000;20.00000;0.68844;2
362.91800;47.07083;      -2.23019; 69.35963;80.00000;20.00000;0.68840;2
363.02100;47.07583;      -2.23099; 69.33840;80.00000;20.00000;0.68835;2
363.11801;47.08083;      -2.23145; 69.31621;80.00000;20.00000;0.68830;2
363.21799;47.08583;      -2.23139; 69.29980;80.00000;20.00000;0.68826;2
363.31799;47.09083;      -2.23111; 69.27954;80.00000;20.00000;0.68821;2
363.42401;47.09583;      -2.23148; 69.26024;80.00000;20.00000;0.68816;2
363.52100;47.10083;      -2.23195; 69.23997;80.00000;20.00000;0.68812;2
363.62100;47.10583;      -2.23231; 69.22164;80.00000;20.00000;0.68807;2
363.72101;47.11083;      -2.23236; 69.20234;80.00000;20.00000;0.68803;2
363.81799;47.11583;      -2.23271; 69.18207;80.00000;20.00000;0.68798;2
363.92599;47.12083;      -2.23330; 69.15988;80.00000;20.00000;0.68793;2
364.02200;47.12583;      -2.23334; 69.14830;80.00000;20.00000;0.68789;2
364.13101;47.13083;      -2.23350; 69.12707;80.00000;20.00000;0.68784;2
364.22198;47.13583;      -2.23375; 69.10777;80.00000;20.00000;0.68780;2
364.32300;47.14083;      -2.23443; 69.08847;80.00000;20.00000;0.68775;2
364.42999;47.14583;      -2.23491; 69.07207;80.00000;20.00000;0.68770;2
364.52802;47.15083;      -2.23506; 69.05566;80.00000;20.00000;0.68766;2
364.62701;47.15583;      -2.23532; 69.03443;80.00000;20.00000;0.68761;2
364.71799;47.16083;      -2.23567; 69.01803;80.00000;20.00000;0.68757;2
364.83301;47.16583;      -2.23627; 69.00162;80.00000;20.00000;0.68752;2
364.92899;47.17083;      -2.23673; 68.98232;80.00000;20.00000;0.68747;2
365.03601;47.17583;      -2.23689; 68.96399;80.00000;20.00000;0.68742;2
365.13101;47.18083;      -2.23682; 68.94372;80.00000;20.00000;0.68738;2
365.23300;47.18583;      -2.23655; 68.92925;80.00000;20.00000;0.68733;2
365.33701;47.19083;      -2.23659; 68.90705;80.00000;20.00000;0.68728;2
365.43500;47.19583;      -2.23728; 68.89258;80.00000;20.00000;0.68724;2
365.53601;47.20083;      -2.23839; 68.87038;80.00000;20.00000;0.68719;2
365.64099;47.20583;      -2.23887; 68.85784;80.00000;20.00000;0.68714;2
365.74399;47.21083;      -2.23838; 68.83661;80.00000;20.00000;0.68710;2
365.84799;47.21583;      -2.23811; 68.82117;80.00000;20.00000;0.68705;2
365.93701;47.22083;      -2.23857; 68.80090;80.00000;20.00000;0.68701;2
366.03699;47.22583;      -2.23915; 68.78257;80.00000;20.00000;0.68696;2
366.15201;47.23083;      -2.24018; 68.76230;80.00000;20.00000;0.68691;2
366.24200;47.23583;      -2.24106; 68.74493;80.00000;20.00000;0.68687;2
366.34698;47.24083;      -2.24143; 68.72563;80.00000;20.00000;0.68682;2
366.44901;47.24583;      -2.24148; 68.70730;80.00000;20.00000;0.68677;2
366.54599;47.25083;      -2.24173; 68.68607;80.00000;20.00000;0.68673;2
366.64999;47.25583;      -2.24168; 68.67063;80.00000;20.00000;0.68668;2
366.74799;47.26083;      -2.24182; 68.65036;80.00000;20.00000;0.68663;2
366.84900;47.26583;      -2.24208; 68.63299;80.00000;20.00000;0.68659;2
366.95401;47.27083;      -2.24213; 68.61273;80.00000;20.00000;0.68654;2
367.05399;47.27583;      -2.24293; 68.59633;80.00000;20.00000;0.68649;2
367.15100;47.28083;      -2.24340; 68.58185;80.00000;20.00000;0.68645;2
367.24899;47.28583;      -2.24322; 68.56352;80.00000;20.00000;0.68640;2
367.35501;47.29083;      -2.24338; 68.54422;80.00000;20.00000;0.68635;2
367.44800;47.29583;      -2.24385; 68.52974;80.00000;20.00000;0.68631;2
367.55600;47.30083;      -2.24412; 68.51816;80.00000;20.00000;0.68626;2
367.65601;47.30583;      -2.24427; 68.49404;80.00000;20.00000;0.68621;2
367.75201;47.31083;      -2.24398; 68.47763;80.00000;20.00000;0.68617;2
367.85501;47.31583;      -2.24435; 68.46123;80.00000;20.00000;0.68612;2
367.95499;47.32083;      -2.24472; 68.43807;80.00000;20.00000;0.68607;2
368.05499;47.32583;      -2.24519; 68.42263;80.00000;20.00000;0.68603;2
368.15100;47.33083;      -2.24566; 68.41491;80.00000;20.00000;0.68598;2
368.25699;47.33583;      -2.24593; 68.38692;80.00000;20.00000;0.68593;2
368.35901;47.34083;      -2.24598; 68.37148;80.00000;20.00000;0.68589;2
368.46301;47.34583;      -2.24645; 68.35604;80.00000;20.00000;0.68584;2
368.56400;47.35083;      -2.24607; 68.33867;80.00000;20.00000;0.68579;2
368.65399;47.35583;      -2.24567; 68.31648;80.00000;20.00000;0.68575;2
368.76001;47.36083;      -2.24583; 68.30683;80.00000;20.00000;0.68570;2
368.86801;47.36583;      -2.24675; 68.28560;80.00000;20.00000;0.68565;2
368.97198;47.37083;      -2.24701; 68.27016;80.00000;20.00000;0.68560;2
369.06500;47.37583;      -2.24694; 68.26244;80.00000;20.00000;0.68556;2
369.16800;47.38083;      -2.24677; 68.24024;80.00000;20.00000;0.68551;2
369.27200;47.38583;      -2.24671; 68.21805;80.00000;20.00000;0.68546;2
369.37500;47.39083;      -2.24719; 68.21226;80.00000;20.00000;0.68542;2
369.47601;47.39583;      -2.24735; 68.19392;80.00000;20.00000;0.68537;2
369.57599;47.40083;      -2.24814; 68.17462;80.00000;20.00000;0.68532;2
369.66800;47.40583;      -2.24861; 68.15436;80.00000;20.00000;0.68528;2
369.77301;47.41083;      -2.24898; 68.14857;80.00000;20.00000;0.68523;2
369.88101;47.41583;      -2.24925; 68.12927;80.00000;20.00000;0.68518;2
369.96899;47.42083;      -2.24939; 68.11480;80.00000;20.00000;0.68514;2
370.07901;47.42583;      -2.24977; 68.09550;80.00000;20.00000;0.68509;2
370.18500;47.43083;      -2.25025; 68.08006;80.00000;20.00000;0.68504;2
370.28299;47.43583;      -2.25040; 68.06944;80.00000;20.00000;0.68500;2
370.36499;47.44083;      -2.25031; 68.05111;80.00000;20.00000;0.68496;2
370.47601;47.44583;      -2.25016; 68.02795;80.00000;20.00000;0.68491;2
370.57800;47.45083;      -2.24999; 68.02409;80.00000;20.00000;0.68486;2
370.67099;47.45583;      -2.25002; 68.00672;80.00000;20.00000;0.68482;2
370.78201;47.46083;      -2.25041; 67.98742;80.00000;20.00000;0.68477;2
370.87799;47.46583;      -2.25055; 67.97584;80.00000;20.00000;0.68472;2
370.98401;47.47083;      -2.25061; 67.95943;80.00000;20.00000;0.68467;2
371.07999;47.47583;      -2.25032; 67.93724;80.00000;20.00000;0.68463;2
371.17401;47.48083;      -2.24982; 67.92276;80.00000;20.00000;0.68458;2
371.28299;47.48583;      -2.24967; 67.90250;80.00000;20.00000;0.68453;2
371.37399;47.49083;      -2.25013; 67.88609;80.00000;20.00000;0.68449;2
371.47699;47.49583;      -2.25093; 67.87065;80.00000;20.00000;0.68444;2
371.58701;47.50083;      -2.25174; 67.84749;80.00000;20.00000;0.68439;2
371.67899;47.50583;      -2.25221; 67.83495;80.00000;20.00000;0.68435;2
371.79099;47.51083;      -2.25227; 67.82240;80.00000;20.00000;0.68430;2
371.87500;47.51583;      -2.25229; 67.80407;80.00000;20.00000;0.68426;2
371.98801;47.52083;      -2.25236; 67.78959;80.00000;20.00000;0.68421;2
372.08701;47.52583;      -2.25175; 67.77705;80.00000;20.00000;0.68416;2
372.18900;47.53083;      -2.25191; 67.76064;80.00000;20.00000;0.68411;2
372.29199;47.53583;      -2.25174; 67.73652;80.00000;20.00000;0.68406;2
372.38901;47.54083;      -2.25168; 67.72590;80.00000;20.00000;0.68402;2
372.48999;47.54583;      -2.25194; 67.71239;80.00000;20.00000;0.68397;2
372.58499;47.55083;      -2.25251; 67.69792;80.00000;20.00000;0.68393;2
372.69299;47.55583;      -2.25333; 67.67958;80.00000;20.00000;0.68388;2
372.78400;47.56083;      -2.25336; 67.66800;80.00000;20.00000;0.68384;2
372.88699;47.56583;      -2.25341; 67.65063;80.00000;20.00000;0.68379;2
372.99100;47.57083;      -2.25357; 67.63520;80.00000;20.00000;0.68374;2
373.09201;47.57583;      -2.25383; 67.62265;80.00000;20.00000;0.68369;2
373.18500;47.58083;      -2.25397; 67.60914;80.00000;20.00000;0.68365;2
373.28799;47.58583;      -2.25402; 67.59274;80.00000;20.00000;0.68360;2
373.39001;47.59083;      -2.25396; 67.58116;80.00000;20.00000;0.68355;2
373.49200;47.59583;      -2.25401; 67.56861;80.00000;20.00000;0.68351;2
373.58701;47.60083;      -2.25383; 67.55221;80.00000;20.00000;0.68346;2
373.68701;47.60583;      -2.25356; 67.53001;80.00000;20.00000;0.68342;2
373.79599;47.61083;      -2.25362; 67.51361;80.00000;20.00000;0.68337;2
373.90302;47.61583;      -2.25356; 67.50299;80.00000;20.00000;0.68332;2
373.99600;47.62083;      -2.25381; 67.49334;80.00000;20.00000;0.68327;2
374.08701;47.62583;      -2.25492; 67.48080;80.00000;20.00000;0.68323;2
374.19699;47.63083;      -2.25509; 67.47018;80.00000;20.00000;0.68318;2
374.29700;47.63583;      -2.25471; 67.45571;80.00000;20.00000;0.68313;2
374.39999;47.64083;      -2.25465; 67.44220;80.00000;20.00000;0.68309;2
374.49399;47.64583;      -2.25372; 67.42772;80.00000;20.00000;0.68304;2
374.60400;47.65083;      -2.25389; 67.41421;80.00000;20.00000;0.68299;2
374.69601;47.65583;      -2.25457; 67.39974;80.00000;20.00000;0.68295;2
374.79800;47.66083;      -2.25483; 67.38816;80.00000;20.00000;0.68290;2
374.90201;47.66583;      -2.25488; 67.38044;80.00000;20.00000;0.68285;2
374.99899;47.67083;      -2.25514; 67.36789;80.00000;20.00000;0.68281;2
375.09601;47.67583;      -2.25529; 67.35342;80.00000;20.00000;0.68276;2
375.20499;47.68083;      -2.25610; 67.33991;80.00000;20.00000;0.68271;2
375.29501;47.68583;      -2.25624; 67.32543;80.00000;20.00000;0.68267;2
375.39600;47.69083;      -2.25640; 67.31675;80.00000;20.00000;0.68262;2
375.50299;47.69583;      -2.25645; 67.29648;80.00000;20.00000;0.68257;2
375.59900;47.70083;      -2.25671; 67.28008;80.00000;20.00000;0.68253;2
375.70700;47.70583;      -2.25644; 67.26946;80.00000;20.00000;0.68248;2
375.80899;47.71083;      -2.25639; 67.25981;80.00000;20.00000;0.68243;2
375.90500;47.71583;      -2.25632; 67.24630;80.00000;20.00000;0.68238;2
375.99600;47.72083;      -2.25613; 67.23472;80.00000;20.00000;0.68234;2
376.12500;47.72583;      -2.25612; 67.22314;80.00000;20.00000;0.68228;2
376.20300;47.73083;      -2.25613; 67.20674;80.00000;20.00000;0.68225;2
376.31400;47.73583;      -2.25630; 67.19033;80.00000;20.00000;0.68219;2
376.41199;47.74083;      -2.25656; 67.17875;80.00000;20.00000;0.68215;2
376.51599;47.74583;      -2.25802; 67.16717;80.00000;20.00000;0.68210;2
376.60599;47.75083;      -2.25794; 67.15367;80.00000;20.00000;0.68206;2
376.70099;47.75583;      -2.25744; 67.13919;80.00000;20.00000;0.68201;2
376.80200;47.76083;      -2.25738; 67.12568;80.00000;20.00000;0.68197;2
376.90601;47.76583;      -2.25732; 67.11217;80.00000;20.00000;0.68192;2
377.00800;47.77083;      -2.25748; 67.09963;80.00000;20.00000;0.68187;2
377.10501;47.77583;      -2.25752; 67.07936;80.00000;20.00000;0.68182;2
377.20901;47.78083;      -2.25725; 67.07357;80.00000;20.00000;0.68178;2
377.30701;47.78583;      -2.25740; 67.06103;80.00000;20.00000;0.68173;2
377.40701;47.79083;      -2.25810; 67.03497;80.00000;20.00000;0.68168;2
377.50201;47.79583;      -2.25943; 67.02050;80.00000;20.00000;0.68164;2
377.60800;47.80083;      -2.26024; 67.01374;80.00000;20.00000;0.68159;2
377.70200;47.80583;      -2.26050; 66.99444;80.00000;20.00000;0.68155;2
377.80099;47.81083;      -2.26076; 66.97707;80.00000;20.00000;0.68150;2
377.91199;47.81583;      -2.26104; 66.96356;80.00000;20.00000;0.68145;2
378.01300;47.82083;      -2.26109; 66.94426;80.00000;20.00000;0.68140;2
378.11401;47.82583;      -2.26146; 66.92882;80.00000;20.00000;0.68135;2
378.21899;47.83083;      -2.26162; 66.91628;80.00000;20.00000;0.68131;2
378.30099;47.83583;      -2.26186; 66.88636;80.00000;20.00000;0.68127;2
378.41299;47.84083;      -2.26117; 66.87768;80.00000;20.00000;0.68121;2
378.51801;47.84583;      -2.26079; 66.86513;80.00000;20.00000;0.68117;2
378.60999;47.85083;      -2.26082; 66.84776;80.00000;20.00000;0.68112;2
378.71201;47.85583;      -2.26076; 66.83136;80.00000;20.00000;0.68107;2
378.80600;47.86083;      -2.26102; 66.81688;80.00000;20.00000;0.68103;2
378.91101;47.86583;      -2.26097; 66.80530;80.00000;20.00000;0.68098;2
379.01801;47.87083;      -2.26124; 66.78118;80.00000;20.00000;0.68093;2
379.11499;47.87583;      -2.26182; 66.77153;80.00000;20.00000;0.68089;2
379.21201;47.88083;      -2.26219; 66.75705;80.00000;20.00000;0.68084;2
379.31900;47.88583;      -2.26149; 66.74065;80.00000;20.00000;0.68079;2
379.41501;47.89083;      -2.26164; 66.72521;80.00000;20.00000;0.68075;2
379.51199;47.89583;      -2.26190; 66.71459;80.00000;20.00000;0.68070;2
379.61700;47.90083;      -2.26163; 66.69240;80.00000;20.00000;0.68065;2
379.70700;47.90583;      -2.26123; 66.67599;80.00000;20.00000;0.68061;2
379.81000;47.91083;      -2.26128; 66.66056;80.00000;20.00000;0.68056;2
379.91800;47.91583;      -2.26123; 66.64319;80.00000;20.00000;0.68051;2
380.01700;47.92083;      -2.26128; 66.62292;80.00000;20.00000;0.68046;2
380.11700;47.92583;      -2.26122; 66.60748;80.00000;20.00000;0.68042;2
380.21500;47.93083;      -2.26104; 66.58625;80.00000;20.00000;0.68037;2
380.32001;47.93583;      -2.26077; 66.57081;80.00000;20.00000;0.68032;2
380.41400;47.94083;      -2.26092; 66.55151;80.00000;20.00000;0.68028;2
380.51999;47.94583;      -2.26109; 66.53511;80.00000;20.00000;0.68023;2
380.61099;47.95083;      -2.26101; 66.52353;80.00000;20.00000;0.68019;2
380.71600;47.95583;      -2.26096; 66.50809;80.00000;20.00000;0.68014;2
380.82199;47.96083;      -2.26069; 66.49072;80.00000;20.00000;0.68009;2
380.92700;47.96583;      -2.26150; 66.47624;80.00000;20.00000;0.68004;2
381.01901;47.97083;      -2.26132; 66.46563;80.00000;20.00000;0.68000;2
381.11600;47.97583;      -2.26125; 66.44826;80.00000;20.00000;0.67995;2
381.22299;47.98083;      -2.26120; 66.42799;80.00000;20.00000;0.67990;2
381.32001;47.98583;      -2.26103; 66.41352;80.00000;20.00000;0.67985;2
381.42499;47.99083;      -2.26119; 66.40387;80.00000;20.00000;0.67981;2
381.52499;47.99583;      -2.26113; 66.38167;80.00000;20.00000;0.67976;2
381.61801;48.00083;      -2.26106; 66.37395;80.00000;20.00000;0.67972;2
381.72198;48.00583;      -2.26090; 66.36623;80.00000;20.00000;0.67967;2
381.82700;48.01083;      -2.26095; 66.34790;80.00000;20.00000;0.67962;2
381.91901;48.01583;      -2.26099; 66.33246;80.00000;20.00000;0.67957;2
382.02802;48.02083;      -2.26083; 66.31991;80.00000;20.00000;0.67952;2
382.12201;48.02583;      -2.26066; 66.30447;80.00000;20.00000;0.67948;2
382.22198;48.03083;      -2.26092; 66.28035;80.00000;20.00000;0.67943;2
382.32101;48.03583;      -2.26097; 66.26973;80.00000;20.00000;0.67939;2
382.42401;48.04083;      -2.26113; 66.25526;80.00000;20.00000;0.67934;2
382.51801;48.04583;      -2.26117; 66.22920;80.00000;20.00000;0.67929;2
382.61801;48.05083;      -2.26089; 66.21666;80.00000;20.00000;0.67925;2
382.71899;48.05583;      -2.26018; 66.19736;80.00000;20.00000;0.67920;2
382.81900;48.06083;      -2.26001; 66.17613;80.00000;20.00000;0.67915;2
382.93100;48.06583;      -2.26040; 66.16938;80.00000;20.00000;0.67910;2
383.01901;48.07083;      -2.26076; 66.15104;80.00000;20.00000;0.67906;2
383.11899;48.07583;      -2.26135; 66.13367;80.00000;20.00000;0.67901;2
383.21899;48.08083;      -2.26183; 66.12113;80.00000;20.00000;0.67896;2
383.32999;48.08583;      -2.26222; 66.10569;80.00000;20.00000;0.67891;2
383.43201;48.09083;      -2.26227; 66.08156;80.00000;20.00000;0.67886;2
383.52200;48.09583;      -2.26165; 66.07095;80.00000;20.00000;0.67882;2
383.62399;48.10083;      -2.26094; 66.05744;80.00000;20.00000;0.67877;2
383.73801;48.10583;      -2.26112; 66.03042;80.00000;20.00000;0.67872;2
383.82599;48.11083;      -2.26104; 66.02077;80.00000;20.00000;0.67868;2
383.92599;48.11583;      -2.26131; 66.01112;80.00000;20.00000;0.67863;2
384.03500;48.12083;      -2.26180; 65.99278;80.00000;20.00000;0.67858;2
384.13901;48.12583;      -2.26186; 65.97831;80.00000;20.00000;0.67853;2
384.22699;48.13083;      -2.26199; 65.96383;80.00000;20.00000;0.67849;2
384.33701;48.13583;      -2.26195; 65.95032;80.00000;20.00000;0.67844;2
384.43600;48.14083;      -2.26080; 65.93778;80.00000;20.00000;0.67839;2
384.53601;48.14583;      -2.25998; 65.92620;80.00000;20.00000;0.67835;2
384.63101;48.15083;      -2.25991; 65.91365;80.00000;20.00000;0.67830;2
384.72800;48.15583;      -2.26061; 65.90304;80.00000;20.00000;0.67826;2
384.82300;48.16083;      -2.26097; 65.88953;80.00000;20.00000;0.67821;2
384.93399;48.16583;      -2.26115; 65.87505;80.00000;20.00000;0.67816;2
385.03400;48.17083;      -2.26141; 65.86058;80.00000;20.00000;0.67811;2
385.13699;48.17583;      -2.26060; 65.84900;80.00000;20.00000;0.67806;2
385.23499;48.18083;      -2.25988; 65.84224;80.00000;20.00000;0.67802;2
385.33600;48.18583;      -2.25928; 65.83549;80.00000;20.00000;0.67797;2
385.42700;48.19083;      -2.25953; 65.82584;80.00000;20.00000;0.67793;2
385.53400;48.19583;      -2.26046; 65.81136;80.00000;20.00000;0.67788;2
385.63400;48.20083;      -2.26062; 65.79785;80.00000;20.00000;0.67783;2
385.73999;48.20583;      -2.26035; 65.78434;80.00000;20.00000;0.67778;2
385.82999;48.21083;      -2.26016; 65.77469;80.00000;20.00000;0.67774;2
385.93500;48.21583;      -2.25978; 65.76311;80.00000;20.00000;0.67769;2
386.03299;48.22083;      -2.25929; 65.75250;80.00000;20.00000;0.67764;2
386.13400;48.22583;      -2.25857; 65.73995;80.00000;20.00000;0.67760;2
386.24100;48.23083;      -2.25863; 65.72548;80.00000;20.00000;0.67754;2
386.34000;48.23583;      -2.25901; 65.71390;80.00000;20.00000;0.67750;2
386.43100;48.24083;      -2.25904; 65.69363;80.00000;20.00000;0.67746;2
386.53799;48.24583;      -2.25910; 65.69074;80.00000;20.00000;0.67741;2
386.63400;48.25083;      -2.25925; 65.68013;80.00000;20.00000;0.67736;2
386.73001;48.25583;      -2.25951; 65.66662;80.00000;20.00000;0.67731;2
386.83899;48.26083;      -2.25968; 65.64828;80.00000;20.00000;0.67726;2
386.93301;48.26583;      -2.25961; 65.63091;80.00000;20.00000;0.67722;2
387.03299;48.27083;      -2.25933; 65.60968;80.00000;20.00000;0.67717;2
387.13300;48.27583;      -2.25927; 65.59810;80.00000;20.00000;0.67713;2
387.23700;48.28083;      -2.25933; 65.58266;80.00000;20.00000;0.67708;2
387.34000;48.28583;      -2.25895; 65.56047;80.00000;20.00000;0.67703;2
387.44199;48.29083;      -2.25911; 65.53924;80.00000;20.00000;0.67698;2
387.54001;48.29583;      -2.25893; 65.51511;80.00000;20.00000;0.67693;2
387.64099;48.30083;      -2.25866; 65.50546;80.00000;20.00000;0.67689;2
387.73300;48.30583;      -2.25793; 65.48713;80.00000;20.00000;0.67684;2
387.83899;48.31083;      -2.25756; 65.47169;80.00000;20.00000;0.67679;2
387.94199;48.31583;      -2.25706; 65.45142;80.00000;20.00000;0.67674;2
388.04300;48.32083;      -2.25668; 65.43598;80.00000;20.00000;0.67670;2
388.13501;48.32583;      -2.25661; 65.41958;80.00000;20.00000;0.67665;2
388.24200;48.33083;      -2.25645; 65.38870;80.00000;20.00000;0.67660;2
388.33499;48.33583;      -2.25627; 65.37519;80.00000;20.00000;0.67656;2
388.44101;48.34083;      -2.25643; 65.36071;80.00000;20.00000;0.67651;2
388.53299;48.34583;      -2.25658; 65.34334;80.00000;20.00000;0.67647;2
388.63199;48.35083;      -2.25673; 65.32211;80.00000;20.00000;0.67642;2
388.73999;48.35583;      -2.25701; 65.30088;80.00000;20.00000;0.67637;2
388.83899;48.36083;      -2.25728; 65.29027;80.00000;20.00000;0.67632;2
388.93701;48.36583;      -2.25754; 65.27676;80.00000;20.00000;0.67628;2
389.03900;48.37083;      -2.25748; 65.24974;80.00000;20.00000;0.67623;2
389.13699;48.37583;      -2.25764; 65.24009;80.00000;20.00000;0.67618;2
389.23901;48.38083;      -2.25780; 65.22561;80.00000;20.00000;0.67613;2
389.34698;48.38583;      -2.25732; 65.20728;80.00000;20.00000;0.67608;2
389.44000;48.39083;      -2.25681; 65.18412;80.00000;20.00000;0.67604;2
389.54300;48.39583;      -2.25643; 65.17158;80.00000;20.00000;0.67599;2
389.63800;48.40083;      -2.25647; 65.15421;80.00000;20.00000;0.67594;2
389.74301;48.40583;      -2.25652; 65.13877;80.00000;20.00000;0.67589;2
389.84201;48.41083;      -2.25646; 65.11657;80.00000;20.00000;0.67585;2
389.94699;48.41583;      -2.25619; 65.10692;80.00000;20.00000;0.67580;2
390.04401;48.42083;      -2.25602; 65.09727;80.00000;20.00000;0.67575;2
390.14700;48.42583;      -2.25498; 65.08376;80.00000;20.00000;0.67570;2
390.24301;48.43083;      -2.25513; 65.06929;80.00000;20.00000;0.67566;2
390.35599;48.43583;      -2.25553; 65.05771;80.00000;20.00000;0.67561;2
390.45599;48.44083;      -2.25569; 65.04420;80.00000;20.00000;0.67556;2
390.54401;48.44583;      -2.25593; 65.02972;80.00000;20.00000;0.67552;2
390.64801;48.45083;      -2.25555; 65.02200;80.00000;20.00000;0.67547;2
390.75000;48.45583;      -2.25561; 65.01042;80.00000;20.00000;0.67542;2
390.84399;48.46083;      -2.25543; 64.99788;80.00000;20.00000;0.67537;2
390.94299;48.46583;      -2.25515; 64.99016;80.00000;20.00000;0.67533;2
391.04901;48.47083;      -2.25477; 64.97665;80.00000;20.00000;0.67528;2
391.14200;48.47583;      -2.25426; 64.96507;80.00000;20.00000;0.67523;2
391.25201;48.48083;      -2.25411; 64.96024;80.00000;20.00000;0.67518;2
391.34100;48.48583;      -2.25403; 64.94963;80.00000;20.00000;0.67514;2
391.45200;48.49083;      -2.25388; 64.93612;80.00000;20.00000;0.67509;2
391.54901;48.49583;      -2.25381; 64.92454;80.00000;20.00000;0.67504;2
391.63901;48.50083;      -2.25319; 64.91199;80.00000;20.00000;0.67500;2
391.73999;48.50583;      -2.25281; 64.89945;80.00000;20.00000;0.67495;2
391.84201;48.51083;      -2.25231; 64.87725;80.00000;20.00000;0.67490;2
391.94800;48.51583;      -2.25204; 64.86567;80.00000;20.00000;0.67485;2
392.03500;48.52083;      -2.25163; 64.85506;80.00000;20.00000;0.67481;2
392.14200;48.52583;      -2.25169; 64.83769;80.00000;20.00000;0.67476;2
392.24399;48.53083;      -2.25196; 64.82225;80.00000;20.00000;0.67471;2
392.35400;48.53583;      -2.25203; 64.81067;80.00000;20.00000;0.67466;2
392.45200;48.54083;      -2.25164; 64.79426;80.00000;20.00000;0.67461;2
392.55200;48.54583;      -2.25136; 64.77786;80.00000;20.00000;0.67457;2
392.64401;48.55083;      -2.25150; 64.75470;80.00000;20.00000;0.67452;2
392.74301;48.55583;      -2.25144; 64.74215;80.00000;20.00000;0.67448;2
392.83801;48.56083;      -2.25127; 64.72382;80.00000;20.00000;0.67443;2
392.94400;48.56583;      -2.25100; 64.70163;80.00000;20.00000;0.67438;2
393.04401;48.57083;      -2.25072; 64.68619;80.00000;20.00000;0.67433;2
393.14899;48.57583;      -2.25056; 64.66399;80.00000;20.00000;0.67428;2
393.24301;48.58083;      -2.25027; 64.64855;80.00000;20.00000;0.67424;2
393.34399;48.58583;      -2.25021; 64.62539;80.00000;20.00000;0.67419;2
393.44101;48.59083;      -2.25003; 64.60320;80.00000;20.00000;0.67415;2
393.54999;48.59583;      -2.24988; 64.58969;80.00000;20.00000;0.67409;2
393.64401;48.60083;      -2.24959; 64.56653;80.00000;20.00000;0.67405;2
393.74399;48.60583;      -2.24931; 64.55012;80.00000;20.00000;0.67400;2
393.84201;48.61083;      -2.24903; 64.52503;80.00000;20.00000;0.67396;2
393.94199;48.61583;      -2.24897; 64.50187;80.00000;20.00000;0.67391;2
394.04099;48.62083;      -2.24902; 64.49029;80.00000;20.00000;0.67386;2
394.14600;48.62583;      -2.24929; 64.46906;80.00000;20.00000;0.67381;2
394.24799;48.63083;      -2.24934; 64.44976;80.00000;20.00000;0.67376;2
394.33801;48.63583;      -2.24861; 64.43046;80.00000;20.00000;0.67372;2
394.44601;48.64083;      -2.24802; 64.41406;80.00000;20.00000;0.67367;2
394.54001;48.64583;      -2.24740; 64.39765;80.00000;20.00000;0.67363;2
394.64899;48.65083;      -2.24692; 64.37546;80.00000;20.00000;0.67357;2
394.74899;48.65583;      -2.24631; 64.36291;80.00000;20.00000;0.67353;2
394.84000;48.66083;      -2.24667; 64.34458;80.00000;20.00000;0.67348;2
394.95099;48.66583;      -2.24674; 64.32238;80.00000;20.00000;0.67343;2
395.05099;48.67083;      -2.24646; 64.30984;80.00000;20.00000;0.67338;2
395.14099;48.67583;      -2.24660; 64.28861;80.00000;20.00000;0.67334;2
395.24500;48.68083;      -2.24677; 64.27220;80.00000;20.00000;0.67329;2
395.35101;48.68583;      -2.24683; 64.25676;80.00000;20.00000;0.67324;2
395.44800;48.69083;      -2.24676; 64.23457;80.00000;20.00000;0.67320;2
395.54501;48.69583;      -2.24691; 64.22299;80.00000;20.00000;0.67315;2
395.64499;48.70083;      -2.24675; 64.20466;80.00000;20.00000;0.67310;2
395.74399;48.70583;      -2.24581; 64.18343;80.00000;20.00000;0.67305;2
395.84900;48.71083;      -2.24488; 64.17185;80.00000;20.00000;0.67301;2
395.95200;48.71583;      -2.24461; 64.14965;80.00000;20.00000;0.67296;2
396.04700;48.72083;      -2.24388; 64.13421;80.00000;20.00000;0.67291;2
396.14700;48.72583;      -2.24305; 64.12360;80.00000;20.00000;0.67286;2
396.24701;48.73083;      -2.24256; 64.10719;80.00000;20.00000;0.67282;2
396.33499;48.73583;      -2.24280; 64.09079;80.00000;20.00000;0.67277;2
396.43201;48.74083;      -2.24296; 64.08017;80.00000;20.00000;0.67273;2
396.54099;48.74583;      -2.24236; 64.06763;80.00000;20.00000;0.67268;2
396.63800;48.75083;      -2.24241; 64.05219;80.00000;20.00000;0.67263;2
396.73599;48.75583;      -2.24158; 64.03482;80.00000;20.00000;0.67258;2
396.84201;48.76083;      -2.24131; 64.02420;80.00000;20.00000;0.67253;2
396.94199;48.76583;      -2.24103; 64.01166;80.00000;20.00000;0.67249;2
397.04199;48.77083;      -2.24141; 63.99622;80.00000;20.00000;0.67244;2
397.14099;48.77583;      -2.24113; 63.97885;80.00000;20.00000;0.67239;2
397.24500;48.78083;      -2.24074; 63.96534;80.00000;20.00000;0.67234;2
397.33801;48.78583;      -2.24078; 63.94893;80.00000;20.00000;0.67230;2
397.44000;48.79083;      -2.24094; 63.93060;80.00000;20.00000;0.67225;2
397.54599;48.79583;      -2.24078; 63.91709;80.00000;20.00000;0.67220;2
397.64401;48.80083;      -2.24050; 63.89972;80.00000;20.00000;0.67215;2
397.74100;48.80583;      -2.24021; 63.87945;80.00000;20.00000;0.67211;2
397.85101;48.81083;      -2.24017; 63.85533;80.00000;20.00000;0.67205;2
397.94299;48.81583;      -2.23999; 63.85050;80.00000;20.00000;0.67201;2
398.03500;48.82083;      -2.23958; 63.83796;80.00000;20.00000;0.67197;2
398.13599;48.82583;      -2.23942; 63.82059;80.00000;20.00000;0.67192;2
398.23700;48.83083;      -2.23936; 63.80804;80.00000;20.00000;0.67187;2
398.35199;48.83583;      -2.23899; 63.79164;80.00000;20.00000;0.67182;2
398.44601;48.84083;      -2.23881; 63.76655;80.00000;20.00000;0.67177;2
398.54599;48.84583;      -2.23853; 63.75014;80.00000;20.00000;0.67172;2
398.64200;48.85083;      -2.23803; 63.73470;80.00000;20.00000;0.67168;2
398.75400;48.85583;      -2.23765; 63.71251;80.00000;20.00000;0.67162;2
398.85800;48.86083;      -2.23738; 63.69997;80.00000;20.00000;0.67158;2
398.95001;48.86583;      -2.23676; 63.68163;80.00000;20.00000;0.67153;2
399.04999;48.87083;      -2.23637; 63.65944;80.00000;20.00000;0.67148;2
399.15399;48.87583;      -2.23599; 63.65268;80.00000;20.00000;0.67143;2
399.24701;48.88083;      -2.23624; 63.63242;80.00000;20.00000;0.67139;2
399.34500;48.88583;      -2.23607; 63.60733;80.00000;20.00000;0.67134;2
399.45499;48.89083;      -2.23602; 63.59575;80.00000;20.00000;0.67129;2
399.54501;48.89583;      -2.23606; 63.57645;80.00000;20.00000;0.67125;2
399.64499;48.90083;      -2.23589; 63.55425;80.00000;20.00000;0.67120;2
399.74200;48.90583;      -2.23549; 63.54171;80.00000;20.00000;0.67115;2
399.84201;48.91083;      -2.23466; 63.51951;80.00000;20.00000;0.67111;2
399.94000;48.91583;      -2.23427; 63.50311;80.00000;20.00000;0.67106;2
400.04300;48.92083;      -2.23378; 63.49249;80.00000;20.00000;0.67101;2
400.14200;48.92583;      -2.23371; 63.47995;80.00000;20.00000;0.67096;2
400.24200;48.93083;      -2.23409; 63.45872;80.00000;20.00000;0.67092;2
400.34900;48.93583;      -2.23338; 63.45196;80.00000;20.00000;0.67087;2
400.45001;48.94083;      -2.23267; 63.43942;80.00000;20.00000;0.67082;2
400.54401;48.94583;      -2.23249; 63.42205;80.00000;20.00000;0.67077;2
400.64001;48.95083;      -2.23275; 63.40854;80.00000;20.00000;0.67073;2
400.74500;48.95583;      -2.23269; 63.39696;80.00000;20.00000;0.67068;2
400.85699;48.96083;      -2.23265; 63.37959;80.00000;20.00000;0.67062;2
400.95300;48.96583;      -2.23248; 63.36415;80.00000;20.00000;0.67058;2
401.05399;48.97083;      -2.23231; 63.34967;80.00000;20.00000;0.67053;2
401.15399;48.97583;      -2.23159; 63.33520;80.00000;20.00000;0.67048;2
401.24200;48.98083;      -2.23096; 63.32072;80.00000;20.00000;0.67044;2
401.35199;48.98583;      -2.23047; 63.30046;80.00000;20.00000;0.67039;2
401.45099;48.99083;      -2.23008; 63.27826;80.00000;20.00000;0.67034;2
401.54999;48.99583;      -2.22980; 63.27151;80.00000;20.00000;0.67029;2
401.65100;49.00083;      -2.22952; 63.25896;80.00000;20.00000;0.67025;2
401.74799;49.00583;      -2.22912; 63.23870;80.00000;20.00000;0.67020;2
401.84698;49.01083;      -2.22873; 63.22326;80.00000;20.00000;0.67015;2
401.95401;49.01583;      -2.22835; 63.20782;80.00000;20.00000;0.67010;2
402.04700;49.02083;      -2.22795; 63.18370;80.00000;20.00000;0.67006;2
402.14899;49.02583;      -2.22778; 63.17212;80.00000;20.00000;0.67001;2
402.24600;49.03083;      -2.22739; 63.14992;80.00000;20.00000;0.66996;2
402.34500;49.03583;      -2.22721; 63.13448;80.00000;20.00000;0.66991;2
402.44400;49.04083;      -2.22649; 63.11808;80.00000;20.00000;0.66987;2
402.54199;49.04583;      -2.22588; 63.09395;80.00000;20.00000;0.66982;2
402.65399;49.05083;      -2.22518; 63.07079;80.00000;20.00000;0.66977;2
402.74399;49.05583;      -2.22488; 63.05632;80.00000;20.00000;0.66972;2
402.84100;49.06083;      -2.22437; 63.03316;80.00000;20.00000;0.66968;2
402.93799;49.06583;      -2.22332; 63.02158;80.00000;20.00000;0.66963;2
403.04401;49.07083;      -2.22327; 62.99938;80.00000;20.00000;0.66958;2
403.15201;49.07583;      -2.22322; 62.98298;80.00000;20.00000;0.66953;2
403.24100;49.08083;      -2.22270; 62.97236;80.00000;20.00000;0.66949;2
403.33899;49.08583;      -2.22252; 62.95306;80.00000;20.00000;0.66944;2
403.43900;49.09083;      -2.22235; 62.92990;80.00000;20.00000;0.66939;2
403.53699;49.09583;      -2.22218; 62.92025;80.00000;20.00000;0.66935;2
403.63800;49.10083;      -2.22179; 62.90481;80.00000;20.00000;0.66930;2
403.73999;49.10583;      -2.22129; 62.89227;80.00000;20.00000;0.66925;2
403.84500;49.11083;      -2.22113; 62.87586;80.00000;20.00000;0.66920;2
403.94501;49.11583;      -2.22074; 62.85463;80.00000;20.00000;0.66915;2
404.03799;49.12083;      -2.22000; 62.83823;80.00000;20.00000;0.66911;2
404.14001;49.12583;      -2.21950; 62.81700;80.00000;20.00000;0.66906;2
404.24399;49.13083;      -2.21945; 62.79577;80.00000;20.00000;0.66901;2
404.32901;49.13583;      -2.21914; 62.78033;80.00000;20.00000;0.66897;2
404.44400;49.14083;      -2.21745; 62.76006;80.00000;20.00000;0.66891;2
404.53101;49.14583;      -2.21704; 62.74173;80.00000;20.00000;0.66887;2
404.64401;49.15083;      -2.21700; 62.72629;80.00000;20.00000;0.66882;2
404.74100;49.15583;      -2.21682; 62.70506;80.00000;20.00000;0.66877;2
404.83701;49.16083;      -2.21654; 62.69348;80.00000;20.00000;0.66872;2
404.93600;49.16583;      -2.21603; 62.67418;80.00000;20.00000;0.66868;2
405.03900;49.17083;      -2.21554; 62.65295;80.00000;20.00000;0.66863;2
405.14401;49.17583;      -2.21504; 62.64041;80.00000;20.00000;0.66858;2
405.24500;49.18083;      -2.21432; 62.61918;80.00000;20.00000;0.66853;2
405.34201;49.18583;      -2.21370; 62.60277;80.00000;20.00000;0.66848;2
405.44199;49.19083;      -2.21320; 62.59216;80.00000;20.00000;0.66843;2
405.52399;49.19583;      -2.21322; 62.57575;80.00000;20.00000;0.66840;2
405.63000;49.20083;      -2.21306; 62.55259;80.00000;20.00000;0.66834;2
405.73901;49.20583;      -2.21290; 62.53619;80.00000;20.00000;0.66829;2
405.83600;49.21083;      -2.21261; 62.52075;80.00000;20.00000;0.66825;2
405.93500;49.21583;      -2.21167; 62.50338;80.00000;20.00000;0.66820;2
406.03400;49.22083;      -2.21127; 62.48215;80.00000;20.00000;0.66815;2
406.13699;49.22583;      -2.21100; 62.46960;80.00000;20.00000;0.66810;2
406.24100;49.23083;      -2.21039; 62.45320;80.00000;20.00000;0.66805;2
406.33301;49.23583;      -2.20965; 62.44162;80.00000;20.00000;0.66801;2
406.43500;49.24083;      -2.20959; 62.42039;80.00000;20.00000;0.66796;2
406.53799;49.24583;      -2.20899; 62.40109;80.00000;20.00000;0.66791;2
406.64099;49.25083;      -2.20849; 62.38854;80.00000;20.00000;0.66786;2
406.73801;49.25583;      -2.20787; 62.37214;80.00000;20.00000;0.66781;2
406.83701;49.26083;      -2.20748; 62.34898;80.00000;20.00000;0.66777;2
406.93301;49.26583;      -2.20641; 62.33450;80.00000;20.00000;0.66772;2
407.02899;49.27083;      -2.20601; 62.31424;80.00000;20.00000;0.66767;2
407.12900;49.27583;      -2.20573; 62.29590;80.00000;20.00000;0.66763;2
407.23499;49.28083;      -2.20546; 62.27660;80.00000;20.00000;0.66758;2
407.34201;49.28583;      -2.20574; 62.25441;80.00000;20.00000;0.66752;2
407.44101;49.29083;      -2.20567; 62.24090;80.00000;20.00000;0.66748;2
407.52899;49.29583;      -2.20427; 62.22546;80.00000;20.00000;0.66744;2
407.64301;49.30083;      -2.20390; 62.20906;80.00000;20.00000;0.66738;2
407.74200;49.30583;      -2.20383; 62.18879;80.00000;20.00000;0.66733;2
407.84100;49.31083;      -2.20399; 62.16853;80.00000;20.00000;0.66729;2
407.93900;49.31583;      -2.20393; 62.15309;80.00000;20.00000;0.66724;2
408.03201;49.32083;      -2.20396; 62.13572;80.00000;20.00000;0.66719;2
408.13599;49.32583;      -2.20369; 62.11159;80.00000;20.00000;0.66714;2
408.23300;49.33083;      -2.20351; 62.09519;80.00000;20.00000;0.66710;2
408.33899;49.33583;      -2.20224; 62.07975;80.00000;20.00000;0.66705;2
408.44601;49.34083;      -2.20065; 62.05755;80.00000;20.00000;0.66700;2
408.53900;49.34583;      -2.20068; 62.04404;80.00000;20.00000;0.66695;2
408.63199;49.35083;      -2.20105; 62.01992;80.00000;20.00000;0.66691;2
408.74600;49.35583;      -2.20112; 62.00834;80.00000;20.00000;0.66685;2
408.84399;49.36083;      -2.20072; 61.99000;80.00000;20.00000;0.66680;2
408.93799;49.36583;      -2.20054; 61.96877;80.00000;20.00000;0.66676;2
409.04099;49.37083;      -2.20015; 61.95430;80.00000;20.00000;0.66671;2
409.13101;49.37583;      -2.19952; 61.93403;80.00000;20.00000;0.66667;2
409.23001;49.38083;      -2.19913; 61.91473;80.00000;20.00000;0.66662;2
409.34100;49.38583;      -2.19875; 61.89157;80.00000;20.00000;0.66657;2
409.43600;49.39083;      -2.19846; 61.87324;80.00000;20.00000;0.66652;2
409.53201;49.39583;      -2.19739; 61.84911;80.00000;20.00000;0.66647;2
409.63599;49.40083;      -2.19701; 61.82981;80.00000;20.00000;0.66642;2
409.73199;49.40583;      -2.19672; 61.80858;80.00000;20.00000;0.66638;2
409.82999;49.41083;      -2.19610; 61.78446;80.00000;20.00000;0.66633;2
409.93301;49.41583;      -2.19538; 61.76709;80.00000;20.00000;0.66628;2
410.02899;49.42083;      -2.19498; 61.74683;80.00000;20.00000;0.66624;2
410.14401;49.42583;      -2.19439; 61.72560;80.00000;20.00000;0.66618;2
410.22699;49.43083;      -2.19385; 61.70823;80.00000;20.00000;0.66614;2
410.32999;49.43583;      -2.19335; 61.69375;80.00000;20.00000;0.66609;2
410.43500;49.44083;      -2.19286; 61.67735;80.00000;20.00000;0.66604;2
410.53000;49.44583;      -2.19267; 61.65708;80.00000;20.00000;0.66600;2
410.63199;49.45083;      -2.19250; 61.64357;80.00000;20.00000;0.66595;2
410.73700;49.45583;      -2.19234; 61.63103;80.00000;20.00000;0.66590;2
410.83701;49.46083;      -2.19228; 61.60787;80.00000;20.00000;0.66585;2
410.93600;49.46583;      -2.19210; 61.59050;80.00000;20.00000;0.66580;2
411.03000;49.47083;      -2.19081; 61.57409;80.00000;20.00000;0.66575;2
411.14499;49.47583;      -2.19011; 61.55286;80.00000;20.00000;0.66570;2
411.23801;49.48083;      -2.18948; 61.53067;80.00000;20.00000;0.66565;2
411.33801;49.48583;      -2.18909; 61.51716;80.00000;20.00000;0.66561;2
411.43500;49.49083;      -2.18902; 61.49400;80.00000;20.00000;0.66556;2
411.53201;49.49583;      -2.18840; 61.47759;80.00000;20.00000;0.66551;2
411.63400;49.50083;      -2.18812; 61.45250;80.00000;20.00000;0.66546;2
411.73599;49.50583;      -2.18795; 61.42934;80.00000;20.00000;0.66542;2
411.82999;49.51083;      -2.18721; 61.41390;80.00000;20.00000;0.66537;2
411.93900;49.51583;      -2.18650; 61.39171;80.00000;20.00000;0.66532;2
412.04599;49.52083;      -2.18600; 61.37434;80.00000;20.00000;0.66527;2
412.13699;49.52583;      -2.18548; 61.35407;80.00000;20.00000;0.66522;2
412.23999;49.53083;      -2.18498; 61.33574;80.00000;20.00000;0.66517;2
412.34100;49.53583;      -2.18514; 61.31451;80.00000;20.00000;0.66512;2
412.43399;49.54083;      -2.18529; 61.29907;80.00000;20.00000;0.66508;2
412.53699;49.54583;      -2.18501; 61.27591;80.00000;20.00000;0.66503;2
412.63400;49.55083;      -2.18394; 61.26337;80.00000;20.00000;0.66498;2
412.73801;49.55583;      -2.18278; 61.24117;80.00000;20.00000;0.66493;2
412.83200;49.56083;      -2.18259; 61.22477;80.00000;20.00000;0.66489;2
412.93399;49.56583;      -2.18209; 61.20933;80.00000;20.00000;0.66484;2
413.04199;49.57083;      -2.18160; 61.19099;80.00000;20.00000;0.66479;2
413.13400;49.57583;      -2.18075; 61.16976;80.00000;20.00000;0.66474;2
413.23199;49.58083;      -2.18024; 61.15432;80.00000;20.00000;0.66470;2
413.32999;49.58583;      -2.17984; 61.13116;80.00000;20.00000;0.66465;2
413.43399;49.59083;      -2.17945; 61.11862;80.00000;20.00000;0.66460;2
413.54001;49.59583;      -2.17917; 61.09739;80.00000;20.00000;0.66455;2
413.63599;49.60083;      -2.17877; 61.07809;80.00000;20.00000;0.66450;2
413.73901;49.60583;      -2.17827; 61.05782;80.00000;20.00000;0.66445;2
413.83701;49.61083;      -2.17765; 61.04142;80.00000;20.00000;0.66440;2
413.92801;49.61583;      -2.17657; 61.02598;80.00000;20.00000;0.66436;2
414.03299;49.62083;      -2.17596; 61.00764;80.00000;20.00000;0.66431;2
414.14099;49.62583;      -2.17524; 60.98641;80.00000;20.00000;0.66426;2
414.23300;49.63083;      -2.17517; 60.98448;80.00000;20.00000;0.66421;2
414.33099;49.63583;      -2.17488; 60.97194;80.00000;20.00000;0.66417;2
414.42999;49.64083;      -2.17481; 60.95457;80.00000;20.00000;0.66412;2
414.53400;49.64583;      -2.17465; 60.94299;80.00000;20.00000;0.66407;2
414.63101;49.65083;      -2.17424; 60.92948;80.00000;20.00000;0.66402;2
414.73199;49.65583;      -2.17363; 60.91597;80.00000;20.00000;0.66397;2
414.82800;49.66083;      -2.17212; 60.90825;80.00000;20.00000;0.66393;2
414.93399;49.66583;      -2.17106; 60.89667;80.00000;20.00000;0.66388;2
415.02899;49.67083;      -2.17055; 60.88219;80.00000;20.00000;0.66383;2
415.12000;49.67583;      -2.17002; 60.86772;80.00000;20.00000;0.66379;2
415.22501;49.68083;      -2.16941; 60.85421;80.00000;20.00000;0.66374;2
415.32501;49.68583;      -2.16913; 60.83877;80.00000;20.00000;0.66369;2
415.43301;49.69083;      -2.16885; 60.82140;80.00000;20.00000;0.66364;2
415.52701;49.69583;      -2.16856; 60.80017;80.00000;20.00000;0.66359;2
415.62201;49.70083;      -2.16849; 60.78473;80.00000;20.00000;0.66354;2
415.73401;49.70583;      -2.16733; 60.76833;80.00000;20.00000;0.66349;2
415.82300;49.71083;      -2.16625; 60.74613;80.00000;20.00000;0.66345;2
415.92200;49.71583;      -2.16519; 60.73359;80.00000;20.00000;0.66340;2
416.02301;49.72083;      -2.16468; 60.70850;80.00000;20.00000;0.66335;2
416.12500;49.72583;      -2.16417; 60.69595;80.00000;20.00000;0.66330;2
416.22299;49.73083;      -2.16366; 60.67183;80.00000;20.00000;0.66325;2
416.33499;49.73583;      -2.16328; 60.65928;80.00000;20.00000;0.66320;2
416.42001;49.74083;      -2.16264; 60.64095;80.00000;20.00000;0.66316;2
416.51501;49.74583;      -2.16212; 60.62068;80.00000;20.00000;0.66311;2
416.61899;49.75083;      -2.16162; 60.60621;80.00000;20.00000;0.66306;2
416.72501;49.75583;      -2.16101; 60.58594;80.00000;20.00000;0.66301;2
416.82999;49.76083;      -2.16051; 60.56857;80.00000;20.00000;0.66296;2
416.91901;49.76583;      -2.16009; 60.55313;80.00000;20.00000;0.66292;2
417.02399;49.77083;      -2.15970; 60.52997;80.00000;20.00000;0.66287;2
417.12601;49.77583;      -2.15898; 60.50681;80.00000;20.00000;0.66282;2
417.22101;49.78083;      -2.15790; 60.48172;80.00000;20.00000;0.66277;2
417.32700;49.78583;      -2.15718; 60.46146;80.00000;20.00000;0.66272;2
417.42999;49.79083;      -2.15657; 60.44119;80.00000;20.00000;0.66267;2
417.52100;49.79583;      -2.15615; 60.43058;80.00000;20.00000;0.66263;2
417.61600;49.80083;      -2.15564; 60.41514;80.00000;20.00000;0.66258;2
417.71799;49.80583;      -2.15546; 60.38812;80.00000;20.00000;0.66253;2
417.82401;49.81083;      -2.15496; 60.36013;80.00000;20.00000;0.66248;2
417.91699;49.81583;      -2.15422; 60.33987;80.00000;20.00000;0.66244;2
418.01901;49.82083;      -2.15327; 60.31864;80.00000;20.00000;0.66239;2
418.11600;49.82583;      -2.15264; 60.29451;80.00000;20.00000;0.66234;2
418.22400;49.83083;      -2.15237; 60.28101;80.00000;20.00000;0.66229;2
418.32001;49.83583;      -2.15185; 60.26074;80.00000;20.00000;0.66224;2
418.41800;49.84083;      -2.15167; 60.24337;80.00000;20.00000;0.66219;2
418.51401;49.84583;      -2.15138; 60.22311;80.00000;20.00000;0.66215;2
418.61801;49.85083;      -2.15076; 60.20188;80.00000;20.00000;0.66210;2
418.72299;49.85583;      -2.15026; 60.18547;80.00000;20.00000;0.66205;2
418.81201;49.86083;      -2.14951; 60.17775;80.00000;20.00000;0.66200;2
418.92700;49.86583;      -2.14847; 60.15459;80.00000;20.00000;0.66195;2
419.01999;49.87083;      -2.14761; 60.13240;80.00000;20.00000;0.66190;2
419.11801;49.87583;      -2.14688; 60.12082;80.00000;20.00000;0.66186;2
419.21600;49.88083;      -2.14614; 60.09862;80.00000;20.00000;0.66181;2
419.32700;49.88583;      -2.14520; 60.08318;80.00000;20.00000;0.66175;2
419.42700;49.89083;      -2.14425; 60.06195;80.00000;20.00000;0.66171;2
419.51501;49.89583;      -2.14349; 60.04362;80.00000;20.00000;0.66166;2
419.62100;49.90083;      -2.14277; 60.02818;80.00000;20.00000;0.66161;2
419.71399;49.90583;      -2.14214; 60.00405;80.00000;20.00000;0.66157;2
419.81699;49.91083;      -2.14185; 59.98186;80.00000;20.00000;0.66152;2
419.92099;49.91583;      -2.14179; 59.96642;80.00000;20.00000;0.66147;2
420.01401;49.92083;      -2.14161; 59.94326;80.00000;20.00000;0.66142;2
420.11301;49.92583;      -2.14065; 59.92203;80.00000;20.00000;0.66137;2
420.21899;49.93083;      -2.13926; 59.89983;80.00000;20.00000;0.66132;2
420.32001;49.93583;      -2.13841; 59.87281;80.00000;20.00000;0.66127;2
420.41699;49.94083;      -2.13790; 59.85930;80.00000;20.00000;0.66123;2
420.51700;49.94583;      -2.13727; 59.83421;80.00000;20.00000;0.66118;2
420.61700;49.95083;      -2.13643; 59.81009;80.00000;20.00000;0.66113;2
420.71100;49.95583;      -2.13602; 59.78790;80.00000;20.00000;0.66108;2
420.81601;49.96083;      -2.13529; 59.76667;80.00000;20.00000;0.66103;2
420.90701;49.96583;      -2.13454; 59.74640;80.00000;20.00000;0.66099;2
421.01801;49.97083;      -2.13438; 59.72517;80.00000;20.00000;0.66094;2
421.10800;49.97583;      -2.13408; 59.70298;80.00000;20.00000;0.66089;2
421.20700;49.98083;      -2.13334; 59.68078;80.00000;20.00000;0.66084;2
421.31799;49.98583;      -2.13307; 59.66148;80.00000;20.00000;0.66079;2
421.41199;49.99083;      -2.13255; 59.64025;80.00000;20.00000;0.66075;2
421.50800;49.99583;      -2.13192; 59.62288;80.00000;20.00000;0.66070;2
421.60800;50.00083;      -2.13096; 59.59683;80.00000;20.00000;0.66065;2
421.70700;50.00583;      -2.12978; 59.57946;80.00000;20.00000;0.66060;2
421.80600;50.01083;      -2.12882; 59.55919;80.00000;20.00000;0.66055;2
421.91199;50.01583;      -2.12842; 59.54182;80.00000;20.00000;0.66050;2
422.01501;50.02083;      -2.12792; 59.52638;80.00000;20.00000;0.66045;2
422.11099;50.02583;      -2.12751; 59.50419;80.00000;20.00000;0.66041;2
422.20599;50.03083;      -2.12677; 59.48875;80.00000;20.00000;0.66036;2
422.30801;50.03583;      -2.12626; 59.47717;80.00000;20.00000;0.66031;2
422.41501;50.04083;      -2.12520; 59.45497;80.00000;20.00000;0.66026;2
422.51700;50.04583;      -2.12402; 59.43857;80.00000;20.00000;0.66021;2
422.59601;50.05083;      -2.12314; 59.42699;80.00000;20.00000;0.66017;2
422.70599;50.05583;      -2.12275; 59.41058;80.00000;20.00000;0.66012;2
422.79901;50.06083;      -2.12223; 59.39321;80.00000;20.00000;0.66007;2
422.90601;50.06583;      -2.12117; 59.37970;80.00000;20.00000;0.66002;2
423.01001;50.07083;      -2.12077; 59.36909;80.00000;20.00000;0.65997;2
423.10599;50.07583;      -2.12014; 59.34882;80.00000;20.00000;0.65992;2
423.20999;50.08083;      -2.11919; 59.32663;80.00000;20.00000;0.65987;2
423.30200;50.08583;      -2.11844; 59.32084;80.00000;20.00000;0.65983;2
423.39899;50.09083;      -2.11747; 59.30733;80.00000;20.00000;0.65978;2
423.50800;50.09583;      -2.11686; 59.28707;80.00000;20.00000;0.65973;2
423.60199;50.10083;      -2.11600; 59.27066;80.00000;20.00000;0.65968;2
423.70401;50.10583;      -2.11516; 59.24847;80.00000;20.00000;0.65963;2
423.81000;50.11083;      -2.11454; 59.23206;80.00000;20.00000;0.65958;2
423.90601;50.11583;      -2.11380; 59.21566;80.00000;20.00000;0.65954;2
424.00500;50.12083;      -2.11306; 59.19443;80.00000;20.00000;0.65949;2
424.09799;50.12583;      -2.11231; 59.17127;80.00000;20.00000;0.65944;2
424.20099;50.13083;      -2.11180; 59.15872;80.00000;20.00000;0.65939;2
424.30099;50.13583;      -2.11117; 59.13556;80.00000;20.00000;0.65934;2
424.40399;50.14083;      -2.11044; 59.11916;80.00000;20.00000;0.65929;2
424.49701;50.14583;      -2.10958; 59.09696;80.00000;20.00000;0.65925;2
424.60101;50.15083;      -2.10929; 59.07959;80.00000;20.00000;0.65920;2
424.70401;50.15583;      -2.10923; 59.05933;80.00000;20.00000;0.65915;2
424.79999;50.16083;      -2.10871; 59.03713;80.00000;20.00000;0.65910;2
424.90100;50.16583;      -2.10753; 59.02169;80.00000;20.00000;0.65905;2
425.00299;50.17083;      -2.10657; 59.00143;80.00000;20.00000;0.65900;2
425.09799;50.17583;      -2.10504; 58.98213;80.00000;20.00000;0.65896;2
425.19199;50.18083;      -2.10451; 58.96765;80.00000;20.00000;0.65891;2
425.29700;50.18583;      -2.10423; 58.94739;80.00000;20.00000;0.65886;2
425.39499;50.19083;      -2.10349; 58.93002;80.00000;20.00000;0.65881;2
425.51001;50.19583;      -2.10277; 58.90975;80.00000;20.00000;0.65876;2
425.59799;50.20083;      -2.10190; 58.88756;80.00000;20.00000;0.65871;2
425.69800;50.20583;      -2.10161; 58.87212;80.00000;20.00000;0.65867;2
425.79099;50.21083;      -2.10109; 58.85089;80.00000;20.00000;0.65862;2
425.90399;50.21583;      -2.10014; 58.83255;80.00000;20.00000;0.65856;2
425.99899;50.22083;      -2.09884; 58.81712;80.00000;20.00000;0.65852;2
426.08899;50.22583;      -2.09831; 58.79685;80.00000;20.00000;0.65847;2
426.19901;50.23083;      -2.09792; 58.78045;80.00000;20.00000;0.65842;2
426.28699;50.23583;      -2.09749; 58.75922;80.00000;20.00000;0.65838;2
426.38800;50.24083;      -2.09720; 58.74764;80.00000;20.00000;0.65833;2
426.48801;50.24583;      -2.09669; 58.73123;80.00000;20.00000;0.65828;2
426.59500;50.25083;      -2.09596; 58.71193;80.00000;20.00000;0.65823;2
426.69901;50.25583;      -2.09500; 58.69360;80.00000;20.00000;0.65818;2
426.79300;50.26083;      -2.09425; 58.67912;80.00000;20.00000;0.65813;2
426.89200;50.26583;      -2.09373; 58.65886;80.00000;20.00000;0.65808;2
426.99301;50.27083;      -2.09288; 58.64342;80.00000;20.00000;0.65804;2
427.08701;50.27583;      -2.09224; 58.62701;80.00000;20.00000;0.65799;2
427.18301;50.28083;      -2.09172; 58.60771;80.00000;20.00000;0.65794;2
427.28500;50.28583;      -2.09065; 58.58648;80.00000;20.00000;0.65789;2
427.38699;50.29083;      -2.08935; 58.56429;80.00000;20.00000;0.65784;2
427.48700;50.29583;      -2.08906; 58.55367;80.00000;20.00000;0.65779;2
427.58200;50.30083;      -2.08853; 58.53534;80.00000;20.00000;0.65775;2
427.69000;50.30583;      -2.08781; 58.51507;80.00000;20.00000;0.65770;2
427.78400;50.31083;      -2.08650; 58.49963;80.00000;20.00000;0.65765;2
427.88199;50.31583;      -2.08564; 58.48130;80.00000;20.00000;0.65760;2
427.98700;50.32083;      -2.08513; 58.46296;80.00000;20.00000;0.65755;2
428.08499;50.32583;      -2.08483; 58.44463;80.00000;20.00000;0.65750;2
428.18900;50.33083;      -2.08410; 58.42436;80.00000;20.00000;0.65745;2
428.28400;50.33583;      -2.08301; 58.40313;80.00000;20.00000;0.65741;2
428.39899;50.34083;      -2.08218; 58.38866;80.00000;20.00000;0.65735;2
428.48599;50.34583;      -2.08120; 58.36550;80.00000;20.00000;0.65731;2
428.57999;50.35083;      -2.08022; 58.35392;80.00000;20.00000;0.65726;2
428.67999;50.35583;      -2.07970; 58.33269;80.00000;20.00000;0.65721;2
428.77802;50.36083;      -2.07963; 58.31725;80.00000;20.00000;0.65717;2
428.88101;50.36583;      -2.07934; 58.30085;80.00000;20.00000;0.65712;2
428.97699;50.37083;      -2.07848; 58.27865;80.00000;20.00000;0.65707;2
429.07800;50.37583;      -2.07729; 58.26514;80.00000;20.00000;0.65702;2
429.18100;50.38083;      -2.07644; 58.24295;80.00000;20.00000;0.65697;2
429.28000;50.38583;      -2.07547; 58.22075;80.00000;20.00000;0.65692;2
429.37701;50.39083;      -2.07484; 58.20531;80.00000;20.00000;0.65687;2
429.47501;50.39583;      -2.07409; 58.18505;80.00000;20.00000;0.65683;2
429.57700;50.40083;      -2.07279; 58.15899;80.00000;20.00000;0.65678;2
429.67899;50.40583;      -2.07183; 58.14355;80.00000;20.00000;0.65673;2
429.77802;50.41083;      -2.07097; 58.12232;80.00000;20.00000;0.65668;2
429.87799;50.41583;      -2.07012; 58.10109;80.00000;20.00000;0.65663;2
429.96701;50.42083;      -2.06980; 58.08179;80.00000;20.00000;0.65659;2
430.07800;50.42583;      -2.06964; 58.06056;80.00000;20.00000;0.65653;2
430.17499;50.43083;      -2.06878; 58.03933;80.00000;20.00000;0.65649;2
430.26599;50.43583;      -2.06824; 58.01810;80.00000;20.00000;0.65644;2
430.36301;50.44083;      -2.06761; 57.99880;80.00000;20.00000;0.65639;2
430.47601;50.44583;      -2.06700; 57.97854;80.00000;20.00000;0.65634;2
430.56699;50.45083;      -2.06680; 57.96406;80.00000;20.00000;0.65629;2
430.66800;50.45583;      -2.06639; 57.94283;80.00000;20.00000;0.65624;2
430.77600;50.46083;      -2.06477; 57.92546;80.00000;20.00000;0.65619;2
430.86899;50.46583;      -2.06401; 57.90037;80.00000;20.00000;0.65615;2
430.96100;50.47083;      -2.06393; 57.88397;80.00000;20.00000;0.65610;2
431.06400;50.47583;      -2.06296; 57.86370;80.00000;20.00000;0.65605;2
431.16800;50.48083;      -2.06256; 57.84344;80.00000;20.00000;0.65600;2
431.25800;50.48583;      -2.06203; 57.82221;80.00000;20.00000;0.65596;2
431.37701;50.49083;      -2.06131; 57.80774;80.00000;20.00000;0.65590;2
431.47299;50.49583;      -2.06045; 57.78554;80.00000;20.00000;0.65585;2
431.55701;50.50083;      -2.05934; 57.76817;80.00000;20.00000;0.65581;2
431.66800;50.50583;      -2.05873; 57.74694;80.00000;20.00000;0.65576;2
431.76599;50.51083;      -2.05787; 57.72475;80.00000;20.00000;0.65571;2
431.85901;50.51583;      -2.05722; 57.70738;80.00000;20.00000;0.65566;2
431.97198;50.52083;      -2.05594; 57.68615;80.00000;20.00000;0.65561;2
432.06601;50.52583;      -2.05518; 57.66974;80.00000;20.00000;0.65556;2
432.16299;50.53083;      -2.05488; 57.64948;80.00000;20.00000;0.65552;2
432.25900;50.53583;      -2.05514; 57.63307;80.00000;20.00000;0.65547;2
432.36200;50.54083;      -2.05519; 57.61570;80.00000;20.00000;0.65542;2
432.46399;50.54583;      -2.05500; 57.59544;80.00000;20.00000;0.65537;2
432.55701;50.55083;      -2.05380; 57.58289;80.00000;20.00000;0.65532;2
432.65799;50.55583;      -2.05294; 57.56070;80.00000;20.00000;0.65527;2
432.76199;50.56083;      -2.05198; 57.54526;80.00000;20.00000;0.65522;2
432.85599;50.56583;      -2.05122; 57.53464;80.00000;20.00000;0.65518;2
432.95999;50.57083;      -2.05048; 57.51534;80.00000;20.00000;0.65513;2
433.07101;50.57583;      -2.04975; 57.49218;80.00000;20.00000;0.65507;2
433.16199;50.58083;      -2.04944; 57.48543;80.00000;20.00000;0.65503;2
433.25699;50.58583;      -2.04869; 57.46613;80.00000;20.00000;0.65498;2
433.35800;50.59083;      -2.04783; 57.44297;80.00000;20.00000;0.65493;2
433.45999;50.59583;      -2.04698; 57.42656;80.00000;20.00000;0.65488;2
433.56000;50.60083;      -2.04657; 57.41016;80.00000;20.00000;0.65483;2
433.65399;50.60583;      -2.04592; 57.38989;80.00000;20.00000;0.65479;2
433.76099;50.61083;      -2.04530; 57.37735;80.00000;20.00000;0.65473;2
433.84698;50.61583;      -2.04476; 57.35612;80.00000;20.00000;0.65469;2
433.95300;50.62083;      -2.04334; 57.34068;80.00000;20.00000;0.65464;2
434.04901;50.62583;      -2.04169; 57.33200;80.00000;20.00000;0.65459;2
434.15701;50.63083;      -2.04073; 57.30980;80.00000;20.00000;0.65454;2
434.25101;50.63583;      -2.04054; 57.28761;80.00000;20.00000;0.65449;2
434.34900;50.64083;      -2.04091; 57.27506;80.00000;20.00000;0.65445;2
434.44299;50.64583;      -2.04038; 57.25480;80.00000;20.00000;0.65440;2
434.54700;50.65083;      -2.03998; 57.23646;80.00000;20.00000;0.65435;2
434.64899;50.65583;      -2.03912; 57.21620;80.00000;20.00000;0.65430;2
434.74799;50.66083;      -2.03826; 57.19883;80.00000;20.00000;0.65425;2
434.85101;50.66583;      -2.03763; 57.17953;80.00000;20.00000;0.65420;2
434.94901;50.67083;      -2.03654; 57.15926;80.00000;20.00000;0.65415;2
435.04001;50.67583;      -2.03600; 57.13803;80.00000;20.00000;0.65411;2
435.14301;50.68083;      -2.03492; 57.12356;80.00000;20.00000;0.65406;2
435.24100;50.68583;      -2.03428; 57.10136;80.00000;20.00000;0.65401;2
435.34201;50.69083;      -2.03331; 57.08303;80.00000;20.00000;0.65396;2
435.43900;50.69583;      -2.03301; 57.06373;80.00000;20.00000;0.65391;2
435.53900;50.70083;      -2.03304; 57.04829;80.00000;20.00000;0.65386;2
435.64200;50.70583;      -2.03253; 57.02899;80.00000;20.00000;0.65381;2
435.74100;50.71083;      -2.03211; 57.00872;80.00000;20.00000;0.65377;2
435.84000;50.71583;      -2.03159; 56.98749;80.00000;20.00000;0.65372;2
435.94199;50.72083;      -2.03084; 56.97205;80.00000;20.00000;0.65367;2
436.03601;50.72583;      -2.02986; 56.95082;80.00000;20.00000;0.65362;2
436.14301;50.73083;      -2.02901; 56.93249;80.00000;20.00000;0.65357;2
436.24399;50.73583;      -2.02747; 56.91319;80.00000;20.00000;0.65352;2
436.34500;50.74083;      -2.02627; 56.89485;80.00000;20.00000;0.65347;2
436.43399;50.74583;      -2.02585; 56.87362;80.00000;20.00000;0.65343;2
436.54001;50.75083;      -2.02522; 56.85722;80.00000;20.00000;0.65337;2
436.63901;50.75583;      -2.02503; 56.84082;80.00000;20.00000;0.65333;2
436.73801;50.76083;      -2.02462; 56.82055;80.00000;20.00000;0.65328;2
436.84601;50.76583;      -2.02399; 56.80029;80.00000;20.00000;0.65322;2
436.94299;50.77083;      -2.02312; 56.78002;80.00000;20.00000;0.65318;2
437.04199;50.77583;      -2.02260; 56.75686;80.00000;20.00000;0.65313;2
437.13901;50.78083;      -2.02230; 56.74818;80.00000;20.00000;0.65308;2
437.23499;50.78583;      -2.02154; 56.73467;80.00000;20.00000;0.65303;2
437.33801;50.79083;      -2.02045; 56.71247;80.00000;20.00000;0.65298;2
437.43399;50.79583;      -2.01959; 56.69703;80.00000;20.00000;0.65294;2
437.53799;50.80083;      -2.01884; 56.67001;80.00000;20.00000;0.65289;2
437.64301;50.80583;      -2.01821; 56.65457;80.00000;20.00000;0.65283;2
437.73999;50.81083;      -2.01746; 56.64010;80.00000;20.00000;0.65279;2
437.83401;50.81583;      -2.01624; 56.61597;80.00000;20.00000;0.65274;2
437.94299;50.82083;      -2.01585; 56.60343;80.00000;20.00000;0.65269;2
438.04001;50.82583;      -2.01543; 56.58509;80.00000;20.00000;0.65264;2
438.13400;50.83083;      -2.01478; 56.56869;80.00000;20.00000;0.65259;2
438.23599;50.83583;      -2.01392; 56.53974;80.00000;20.00000;0.65254;2
438.34100;50.84083;      -2.01318; 56.53009;80.00000;20.00000;0.65249;2
438.43201;50.84583;      -2.01264; 56.51272;80.00000;20.00000;0.65245;2
438.53601;50.85083;      -2.01200; 56.49052;80.00000;20.00000;0.65240;2
438.63501;50.85583;      -2.01125; 56.48377;80.00000;20.00000;0.65235;2
438.72900;50.86083;      -2.01117; 56.46350;80.00000;20.00000;0.65230;2
438.82501;50.86583;      -2.01018; 56.44999;80.00000;20.00000;0.65225;2
438.93399;50.87083;      -2.00967; 56.43841;80.00000;20.00000;0.65220;2
439.02399;50.87583;      -2.00879; 56.41815;80.00000;20.00000;0.65216;2
439.12799;50.88083;      -2.00771; 56.39692;80.00000;20.00000;0.65211;2
439.22000;50.88583;      -2.00694; 56.38437;80.00000;20.00000;0.65206;2
439.33401;50.89083;      -2.00633; 56.36797;80.00000;20.00000;0.65200;2
439.43799;50.89583;      -2.00547; 56.35350;80.00000;20.00000;0.65195;2
439.52899;50.90083;      -2.00470; 56.33323;80.00000;20.00000;0.65191;2
439.63000;50.90583;      -2.00429; 56.31586;80.00000;20.00000;0.65186;2
439.73499;50.91083;      -2.00343; 56.30332;80.00000;20.00000;0.65181;2
439.82700;50.91583;      -2.00266; 56.28981;80.00000;20.00000;0.65176;2
439.92300;50.92083;      -2.00191; 56.26665;80.00000;20.00000;0.65171;2
440.02200;50.92583;      -2.00149; 56.25024;80.00000;20.00000;0.65167;2
440.12299;50.93083;      -2.00074; 56.23384;80.00000;20.00000;0.65162;2
440.22501;50.93583;      -1.99965; 56.21164;80.00000;20.00000;0.65157;2
440.31699;50.94083;      -1.99832; 56.19910;80.00000;20.00000;0.65152;2
440.42099;50.94583;      -1.99723; 56.17980;80.00000;20.00000;0.65147;2
440.52301;50.95083;      -1.99660; 56.15857;80.00000;20.00000;0.65142;2
440.62201;50.95583;      -1.99595; 56.14602;80.00000;20.00000;0.65137;2
440.72800;50.96083;      -1.99521; 56.12479;80.00000;20.00000;0.65132;2
440.82501;50.96583;      -1.99490; 56.10742;80.00000;20.00000;0.65127;2
440.92801;50.97083;      -1.99438; 56.09584;80.00000;20.00000;0.65122;2
441.02802;50.97583;      -1.99363; 56.07654;80.00000;20.00000;0.65117;2
441.13199;50.98083;      -1.99299; 56.05435;80.00000;20.00000;0.65112;2
441.22400;50.98583;      -1.99200; 56.04277;80.00000;20.00000;0.65108;2
441.32599;50.99083;      -1.99079; 56.02057;80.00000;20.00000;0.65103;2
441.42401;50.99583;      -1.98992; 56.00417;80.00000;20.00000;0.65098;2
441.51901;51.00083;      -1.98905; 55.98390;80.00000;20.00000;0.65093;2
441.61899;51.00583;      -1.98841; 55.96653;80.00000;20.00000;0.65088;2
441.70901;51.01083;      -1.98775; 55.95109;80.00000;20.00000;0.65084;2
441.81299;51.01583;      -1.98711; 55.92890;80.00000;20.00000;0.65079;2
441.92300;51.02083;      -1.98649; 55.90767;80.00000;20.00000;0.65073;2
442.02200;51.02583;      -1.98573; 55.88837;80.00000;20.00000;0.65068;2
442.11401;51.03083;      -1.98519; 55.86811;80.00000;20.00000;0.65064;2
442.21399;51.03583;      -1.98410; 55.84881;80.00000;20.00000;0.65059;2
442.32101;51.04083;      -1.98380; 55.82758;80.00000;20.00000;0.65054;2
442.42499;51.04583;      -1.98362; 55.80635;80.00000;20.00000;0.65049;2
442.52600;51.05083;      -1.98230; 55.78898;80.00000;20.00000;0.65044;2
442.61499;51.05583;      -1.98175; 55.76582;80.00000;20.00000;0.65039;2
442.71701;51.06083;      -1.98123; 55.74266;80.00000;20.00000;0.65034;2
442.81601;51.06583;      -1.98002; 55.73108;80.00000;20.00000;0.65029;2
442.91101;51.07083;      -1.97948; 55.70985;80.00000;20.00000;0.65025;2
443.01599;51.07583;      -1.97941; 55.69151;80.00000;20.00000;0.65019;2
443.11200;51.08083;      -1.97854; 55.67125;80.00000;20.00000;0.65015;2
443.20599;51.08583;      -1.97754; 55.65388;80.00000;20.00000;0.65010;2
443.31500;51.09083;      -1.97578; 55.63844;80.00000;20.00000;0.65005;2
443.40701;51.09583;      -1.97467; 55.61817;80.00000;20.00000;0.65000;2
443.51700;51.10083;      -1.97507; 55.60273;80.00000;20.00000;0.64995;2
443.60699;51.10583;      -1.97486; 55.59212;80.00000;20.00000;0.64990;2
443.71201;51.11083;      -1.97411; 55.57089;80.00000;20.00000;0.64985;2
443.80301;51.11583;      -1.97334; 55.55159;80.00000;20.00000;0.64981;2
443.89700;51.12083;      -1.97280; 55.54001;80.00000;20.00000;0.64976;2
443.99899;51.12583;      -1.97205; 55.52746;80.00000;20.00000;0.64971;2
444.10501;51.13083;      -1.97130; 55.50430;80.00000;20.00000;0.64966;2
444.20401;51.13583;      -1.97043; 55.48886;80.00000;20.00000;0.64961;2
444.29800;51.14083;      -1.97023; 55.48500;80.00000;20.00000;0.64956;2
444.40500;51.14583;      -1.96891; 55.46667;80.00000;20.00000;0.64951;2
444.49899;51.15083;      -1.96826; 55.44544;80.00000;20.00000;0.64946;2
444.59799;51.15583;      -1.96750; 55.43965;80.00000;20.00000;0.64942;2
444.70599;51.16083;      -1.96721; 55.42710;80.00000;20.00000;0.64936;2
444.79999;51.16583;      -1.96633; 55.41359;80.00000;20.00000;0.64932;2
444.89801;51.17083;      -1.96557; 55.39815;80.00000;20.00000;0.64927;2
444.99600;51.17583;      -1.96469; 55.38175;80.00000;20.00000;0.64922;2
445.09399;51.18083;      -1.96393; 55.37017;80.00000;20.00000;0.64917;2
445.20300;51.18583;      -1.96319; 55.36535;80.00000;20.00000;0.64912;2
445.30200;51.19083;      -1.96265; 55.35473;80.00000;20.00000;0.64907;2
445.39499;51.19583;      -1.96143; 55.33543;80.00000;20.00000;0.64902;2
445.49899;51.20083;      -1.96091; 55.32385;80.00000;20.00000;0.64897;2
445.59500;51.20583;      -1.96037; 55.32096;80.00000;20.00000;0.64892;2
445.69601;51.21083;      -1.95961; 55.31613;80.00000;20.00000;0.64887;2
445.79800;51.21583;      -1.95920; 55.29876;80.00000;20.00000;0.64882;2
445.89801;51.22083;      -1.95866; 55.28429;80.00000;20.00000;0.64877;2
445.99899;51.22583;      -1.95802; 55.27078;80.00000;20.00000;0.64873;2
446.09201;51.23083;      -1.95691; 55.25630;80.00000;20.00000;0.64868;2
446.18900;51.23583;      -1.95558; 55.24955;80.00000;20.00000;0.64863;2
446.29099;51.24083;      -1.95403; 55.23797;80.00000;20.00000;0.64858;2
446.39700;51.24583;      -1.95328; 55.22446;80.00000;20.00000;0.64853;2
446.49100;51.25083;      -1.95319; 55.20998;80.00000;20.00000;0.64848;2
446.58701;51.25583;      -1.95310; 55.19647;80.00000;20.00000;0.64844;2
446.68799;51.26083;      -1.95280; 55.18682;80.00000;20.00000;0.64839;2
446.79001;51.26583;      -1.95193; 55.16173;80.00000;20.00000;0.64833;2
446.88901;51.27083;      -1.95094; 55.14726;80.00000;20.00000;0.64829;2
446.98801;51.27583;      -1.95041; 55.14436;80.00000;20.00000;0.64824;2
447.08600;51.28083;      -1.95033; 55.13278;80.00000;20.00000;0.64819;2
447.18799;51.28583;      -1.94991; 55.11348;80.00000;20.00000;0.64814;2
447.29001;51.29083;      -1.94938; 55.09611;80.00000;20.00000;0.64809;2
447.37799;51.29583;      -1.94871; 55.07295;80.00000;20.00000;0.64804;2
447.48901;51.30083;      -1.94797; 55.04207;80.00000;20.00000;0.64799;2
447.57700;51.30583;      -1.94730; 55.03339;80.00000;20.00000;0.64795;2
447.67899;51.31083;      -1.94655; 55.01312;80.00000;20.00000;0.64790;2
447.78201;51.31583;      -1.94579; 54.99382;80.00000;20.00000;0.64785;2
447.89001;51.32083;      -1.94470; 54.96873;80.00000;20.00000;0.64779;2
447.97900;51.32583;      -1.94324; 54.95426;80.00000;20.00000;0.64775;2
448.07999;51.33083;      -1.94260; 54.93303;80.00000;20.00000;0.64770;2
448.17499;51.33583;      -1.94205; 54.90987;80.00000;20.00000;0.64765;2
448.27301;51.34083;      -1.94049; 54.89540;80.00000;20.00000;0.64760;2
448.37100;51.34583;      -1.93984; 54.87610;80.00000;20.00000;0.64755;2
448.47198;51.35083;      -1.93942; 54.85776;80.00000;20.00000;0.64750;2
448.56900;51.35583;      -1.93889; 54.83750;80.00000;20.00000;0.64746;2
448.67300;51.36083;      -1.93824; 54.82013;80.00000;20.00000;0.64741;2
448.76199;51.36583;      -1.93781; 54.80469;80.00000;20.00000;0.64736;2
448.86301;51.37083;      -1.93761; 54.78442;80.00000;20.00000;0.64731;2
448.95700;51.37583;      -1.93650; 54.76802;80.00000;20.00000;0.64727;2
449.07300;51.38083;      -1.93554; 54.74582;80.00000;20.00000;0.64721;2
449.16501;51.38583;      -1.93476; 54.73424;80.00000;20.00000;0.64716;2
449.26099;51.39083;      -1.93433; 54.71784;80.00000;20.00000;0.64711;2
449.37299;51.39583;      -1.93393; 54.69757;80.00000;20.00000;0.64706;2
449.45700;51.40083;      -1.93383; 54.68213;80.00000;20.00000;0.64702;2
449.56201;51.40583;      -1.93353; 54.66669;80.00000;20.00000;0.64697;2
449.66400;51.41083;      -1.93334; 54.65222;80.00000;20.00000;0.64692;2
449.76199;51.41583;      -1.93291; 54.63195;80.00000;20.00000;0.64687;2
449.85599;51.42083;      -1.93146; 54.61458;80.00000;20.00000;0.64682;2
449.96399;51.42583;      -1.93025; 54.60204;80.00000;20.00000;0.64677;2
450.06201;51.43083;      -1.92937; 54.58660;80.00000;20.00000;0.64672;2
450.16101;51.43583;      -1.92872; 54.56247;80.00000;20.00000;0.64667;2
450.26300;51.44083;      -1.92807; 54.55089;80.00000;20.00000;0.64662;2
450.36099;51.44583;      -1.92742; 54.52870;80.00000;20.00000;0.64657;2
450.45300;51.45083;      -1.92653; 54.51229;80.00000;20.00000;0.64653;2
450.55801;51.45583;      -1.92566; 54.49685;80.00000;20.00000;0.64647;2
450.65399;51.46083;      -1.92501; 54.47466;80.00000;20.00000;0.64643;2
450.75000;51.46583;      -1.92435; 54.45343;80.00000;20.00000;0.64638;2
450.85400;51.47083;      -1.92302; 54.43702;80.00000;20.00000;0.64633;2
450.95401;51.47583;      -1.92203; 54.41676;80.00000;20.00000;0.64628;2
451.05499;51.48083;      -1.92138; 54.40036;80.00000;20.00000;0.64623;2
451.15399;51.48583;      -1.92084; 54.37913;80.00000;20.00000;0.64618;2
451.25500;51.49083;      -1.92019; 54.36079;80.00000;20.00000;0.64613;2
451.34698;51.49583;      -1.91930; 54.34632;80.00000;20.00000;0.64608;2
451.45001;51.50083;      -1.91866; 54.32509;80.00000;20.00000;0.64603;2
451.55399;51.50583;      -1.91824; 54.30965;80.00000;20.00000;0.64598;2
451.64999;51.51083;      -1.91770; 54.29228;80.00000;20.00000;0.64593;2
451.75400;51.51583;      -1.91728; 54.27298;80.00000;20.00000;0.64588;2
451.84399;51.52083;      -1.91673; 54.25754;80.00000;20.00000;0.64584;2
451.94601;51.52583;      -1.91597; 54.23824;80.00000;20.00000;0.64579;2
452.04099;51.53083;      -1.91474; 54.22087;80.00000;20.00000;0.64574;2
452.14301;51.53583;      -1.91398; 54.20543;80.00000;20.00000;0.64569;2
452.25000;51.54083;      -1.91379; 54.18420;80.00000;20.00000;0.64564;2
452.34900;51.54583;      -1.91268; 54.17165;80.00000;20.00000;0.64559;2
452.44400;51.55083;      -1.91248; 54.15332;80.00000;20.00000;0.64554;2
452.54501;51.55583;      -1.91217; 54.13112;80.00000;20.00000;0.64549;2
452.64001;51.56083;      -1.91140; 54.11954;80.00000;20.00000;0.64544;2
452.74100;51.56583;      -1.91109; 54.09735;80.00000;20.00000;0.64539;2
452.83701;51.57083;      -1.91032; 54.08191;80.00000;20.00000;0.64535;2
452.94101;51.57583;      -1.90990; 54.07033;80.00000;20.00000;0.64529;2
453.04099;51.58083;      -1.90925; 54.05392;80.00000;20.00000;0.64524;2
453.13300;51.58583;      -1.90824; 54.03752;80.00000;20.00000;0.64520;2
453.23801;51.59083;      -1.90748; 54.02304;80.00000;20.00000;0.64515;2
453.33401;51.59583;      -1.90728; 54.01243;80.00000;20.00000;0.64510;2
453.44000;51.60083;      -1.90732; 53.99506;80.00000;20.00000;0.64505;2
453.53500;51.60583;      -1.90700; 53.98348;80.00000;20.00000;0.64500;2
453.63400;51.61083;      -1.90567; 53.97093;80.00000;20.00000;0.64495;2
453.73700;51.61583;      -1.90410; 53.95646;80.00000;20.00000;0.64490;2
453.83600;51.62083;      -1.90425; 53.94777;80.00000;20.00000;0.64485;2
453.93201;51.62583;      -1.90393; 53.94584;80.00000;20.00000;0.64480;2
454.03699;51.63083;      -1.90283; 53.93523;80.00000;20.00000;0.64475;2
454.12900;51.63583;      -1.90148; 53.91786;80.00000;20.00000;0.64471;2
454.22699;51.64083;      -1.90082; 53.91014;80.00000;20.00000;0.64466;2
454.33200;51.64583;      -1.89995; 53.90821;80.00000;20.00000;0.64461;2
454.43701;51.65083;      -1.89896; 53.89953;80.00000;20.00000;0.64455;2
454.54001;51.65583;      -1.89877; 53.88988;80.00000;20.00000;0.64450;2
454.63501;51.66083;      -1.89891; 53.88312;80.00000;20.00000;0.64445;2
454.73700;51.66583;      -1.89871; 53.87154;80.00000;20.00000;0.64440;2
454.82901;51.67083;      -1.89828; 53.85707;80.00000;20.00000;0.64436;2
454.93100;51.67583;      -1.89728; 53.85321;80.00000;20.00000;0.64431;2
455.02899;51.68083;      -1.89663; 53.84452;80.00000;20.00000;0.64426;2
455.12500;51.68583;      -1.89608; 53.83101;80.00000;20.00000;0.64421;2
455.22800;51.69083;      -1.89520; 53.82329;80.00000;20.00000;0.64416;2
455.32300;51.69583;      -1.89466; 53.81461;80.00000;20.00000;0.64411;2
455.42801;51.70083;      -1.89389; 53.80110;80.00000;20.00000;0.64406;2
455.53201;51.70583;      -1.89290; 53.78759;80.00000;20.00000;0.64401;2
455.62701;51.71083;      -1.89236; 53.77504;80.00000;20.00000;0.64396;2
455.72400;51.71583;      -1.89170; 53.76732;80.00000;20.00000;0.64391;2
455.82800;51.72083;      -1.89105; 53.75478;80.00000;20.00000;0.64386;2
455.91501;51.72583;      -1.89095; 53.74320;80.00000;20.00000;0.64382;2
456.03000;51.73083;      -1.89054; 53.73837;80.00000;20.00000;0.64376;2
456.11099;51.73583;      -1.88929; 53.72872;80.00000;20.00000;0.64372;2
456.21301;51.74083;      -1.88829; 53.71521;80.00000;20.00000;0.64367;2
456.32001;51.74583;      -1.88799; 53.70267;80.00000;20.00000;0.64362;2
456.41800;51.75083;      -1.88790; 53.69109;80.00000;20.00000;0.64357;2
456.51401;51.75583;      -1.88656; 53.68337;80.00000;20.00000;0.64352;2
456.61700;51.76083;      -1.88625; 53.66986;80.00000;20.00000;0.64347;2
456.71100;51.76583;      -1.88478; 53.65635;80.00000;20.00000;0.64342;2
456.81400;51.77083;      -1.88368; 53.64380;80.00000;20.00000;0.64337;2
456.91000;51.77583;      -1.88336; 53.63608;80.00000;20.00000;0.64333;2
457.00400;51.78083;      -1.88304; 53.62354;80.00000;20.00000;0.64328;2
457.10901;51.78583;      -1.88239; 53.61099;80.00000;20.00000;0.64323;2
457.20999;51.79083;      -1.88185; 53.59941;80.00000;20.00000;0.64318;2
457.31900;51.79583;      -1.88120; 53.58687;80.00000;20.00000;0.64312;2
457.41199;51.80083;      -1.88031; 53.57625;80.00000;20.00000;0.64308;2
457.50699;51.80583;      -1.87942; 53.55792;80.00000;20.00000;0.64303;2
457.60699;51.81083;      -1.87830; 53.54344;80.00000;20.00000;0.64298;2
457.70999;51.81583;      -1.87742; 53.52704;80.00000;20.00000;0.64293;2
457.80899;51.82083;      -1.87711; 53.51256;80.00000;20.00000;0.64288;2
457.90601;51.82583;      -1.87667; 53.49423;80.00000;20.00000;0.64283;2
458.00400;51.83083;      -1.87636; 53.47300;80.00000;20.00000;0.64278;2
458.10800;51.83583;      -1.87640; 53.46142;80.00000;20.00000;0.64273;2
458.20901;51.84083;      -1.87563; 53.44598;80.00000;20.00000;0.64268;2
458.29999;51.84583;      -1.87530; 53.42379;80.00000;20.00000;0.64264;2
458.40100;51.85083;      -1.87476; 53.41124;80.00000;20.00000;0.64259;2
458.51300;51.85583;      -1.87389; 53.38712;80.00000;20.00000;0.64253;2
458.61301;51.86083;      -1.87220; 53.37554;80.00000;20.00000;0.64248;2
458.70700;51.86583;      -1.87153; 53.35720;80.00000;20.00000;0.64243;2
458.80801;51.87083;      -1.87134; 53.33597;80.00000;20.00000;0.64238;2
458.89700;51.87583;      -1.87112; 53.32632;80.00000;20.00000;0.64234;2
458.99100;51.88083;      -1.87080; 53.30027;80.00000;20.00000;0.64229;2
459.09698;51.88583;      -1.87004; 53.28579;80.00000;20.00000;0.64224;2
459.19501;51.89083;      -1.86938; 53.27904;80.00000;20.00000;0.64219;2
459.29401;51.89583;      -1.86837; 53.25877;80.00000;20.00000;0.64214;2
459.40100;51.90083;      -1.86772; 53.24430;80.00000;20.00000;0.64209;2
459.48999;51.90583;      -1.86705; 53.23272;80.00000;20.00000;0.64204;2
459.59799;51.91083;      -1.86617; 53.21728;80.00000;20.00000;0.64199;2
459.68799;51.91583;      -1.86493; 53.19315;80.00000;20.00000;0.64195;2
459.78699;51.92083;      -1.86438; 53.18447;80.00000;20.00000;0.64190;2
459.89401;51.92583;      -1.86465; 53.17482;80.00000;20.00000;0.64184;2
459.99899;51.93083;      -1.86446; 53.15069;80.00000;20.00000;0.64179;2
460.08801;51.93583;      -1.86356; 53.14104;80.00000;20.00000;0.64175;2
460.18799;51.94083;      -1.86267; 53.12753;80.00000;20.00000;0.64170;2
460.28299;51.94583;      -1.86223; 53.11402;80.00000;20.00000;0.64165;2
460.38901;51.95083;      -1.86204; 53.10051;80.00000;20.00000;0.64160;2
460.48099;51.95583;      -1.86114; 53.08604;80.00000;20.00000;0.64155;2
460.58301;51.96083;      -1.86037; 53.07639;80.00000;20.00000;0.64150;2
460.68900;51.96583;      -1.85960; 53.06481;80.00000;20.00000;0.64145;2
460.78699;51.97083;      -1.85940; 53.05323;80.00000;20.00000;0.64140;2
460.87900;51.97583;      -1.85931; 53.04068;80.00000;20.00000;0.64135;2
460.98801;51.98083;      -1.85877; 53.02621;80.00000;20.00000;0.64130;2
461.07999;51.98583;      -1.85764; 53.01270;80.00000;20.00000;0.64125;2
461.18600;51.99083;      -1.85722; 53.00015;80.00000;20.00000;0.64120;2
461.27701;51.99583;      -1.85666; 52.98954;80.00000;20.00000;0.64115;2
461.37601;52.00083;      -1.85612; 52.97603;80.00000;20.00000;0.64111;2
461.47900;52.00583;      -1.85592; 52.96638;80.00000;20.00000;0.64105;2
461.57599;52.01083;      -1.85514; 52.94804;80.00000;20.00000;0.64101;2
461.67499;52.01583;      -1.85460; 52.92489;80.00000;20.00000;0.64096;2
461.78400;52.02083;      -1.85418; 52.91234;80.00000;20.00000;0.64090;2
461.87399;52.02583;      -1.85350; 52.90269;80.00000;20.00000;0.64086;2
461.97501;52.03083;      -1.85296; 52.88532;80.00000;20.00000;0.64081;2
462.07501;52.03583;      -1.85265; 52.86988;80.00000;20.00000;0.64076;2
462.18100;52.04083;      -1.85176; 52.86216;80.00000;20.00000;0.64070;2
462.27600;52.04583;      -1.85133; 52.84962;80.00000;20.00000;0.64066;2
462.36700;52.05083;      -1.85077; 52.82935;80.00000;20.00000;0.64061;2
462.47000;52.05583;      -1.85000; 52.81391;80.00000;20.00000;0.64056;2
462.57401;52.06083;      -1.84957; 52.80233;80.00000;20.00000;0.64051;2
462.67700;52.06583;      -1.84903; 52.79558;80.00000;20.00000;0.64046;2
462.77200;52.07083;      -1.84848; 52.78496;80.00000;20.00000;0.64041;2
462.87100;52.07583;      -1.84816; 52.77145;80.00000;20.00000;0.64036;2
462.97000;52.08083;      -1.84750; 52.75698;80.00000;20.00000;0.64031;2
463.06799;52.08583;      -1.84706; 52.74347;80.00000;20.00000;0.64026;2
463.17200;52.09083;      -1.84675; 52.73478;80.00000;20.00000;0.64021;2
463.25900;52.09583;      -1.84619; 52.72803;80.00000;20.00000;0.64017;2
463.36700;52.10083;      -1.84542; 52.72031;80.00000;20.00000;0.64011;2
463.46799;52.10583;      -1.84488; 52.70776;80.00000;20.00000;0.64006;2
463.56400;52.11083;      -1.84467; 52.69425;80.00000;20.00000;0.64002;2
463.66699;52.11583;      -1.84355; 52.68074;80.00000;20.00000;0.63996;2
463.76199;52.12083;      -1.84300; 52.66627;80.00000;20.00000;0.63992;2
463.86899;52.12583;      -1.84223; 52.65951;80.00000;20.00000;0.63986;2
463.97000;52.13083;      -1.84203; 52.64890;80.00000;20.00000;0.63981;2
464.05301;52.13583;      -1.84158; 52.63442;80.00000;20.00000;0.63977;2
464.16000;52.14083;      -1.84092; 52.62091;80.00000;20.00000;0.63972;2
464.26199;52.14583;      -1.84026; 52.61416;80.00000;20.00000;0.63967;2
464.35999;52.15083;      -1.84006; 52.60258;80.00000;20.00000;0.63962;2
464.45700;52.15583;      -1.83985; 52.58907;80.00000;20.00000;0.63957;2
464.55301;52.16083;      -1.83953; 52.57556;80.00000;20.00000;0.63952;2
464.65302;52.16583;      -1.83898; 52.56784;80.00000;20.00000;0.63947;2
464.75601;52.17083;      -1.83810; 52.55722;80.00000;20.00000;0.63942;2
464.85599;52.17583;      -1.83720; 52.54564;80.00000;20.00000;0.63937;2
464.95999;52.18083;      -1.83666; 52.53792;80.00000;20.00000;0.63932;2
465.05099;52.18583;      -1.83575; 52.52538;80.00000;20.00000;0.63927;2
465.14999;52.19083;      -1.83509; 52.51187;80.00000;20.00000;0.63922;2
465.24799;52.19583;      -1.83466; 52.49932;80.00000;20.00000;0.63918;2
465.34900;52.20083;      -1.83411; 52.49257;80.00000;20.00000;0.63912;2
465.44601;52.20583;      -1.83356; 52.47906;80.00000;20.00000;0.63908;2
465.54800;52.21083;      -1.83290; 52.47037;80.00000;20.00000;0.63903;2
465.65100;52.21583;      -1.83235; 52.46169;80.00000;20.00000;0.63897;2
465.74899;52.22083;      -1.83215; 52.44818;80.00000;20.00000;0.63893;2
465.85101;52.22583;      -1.83195; 52.44046;80.00000;20.00000;0.63887;2
465.95001;52.23083;      -1.83094; 52.43467;80.00000;20.00000;0.63882;2
466.04401;52.23583;      -1.83073; 52.42502;80.00000;20.00000;0.63878;2
466.14700;52.24083;      -1.83076; 52.41151;80.00000;20.00000;0.63873;2
466.23801;52.24583;      -1.83031; 52.39704;80.00000;20.00000;0.63868;2
466.34601;52.25083;      -1.82954; 52.38835;80.00000;20.00000;0.63863;2
466.44601;52.25583;      -1.82899; 52.38063;80.00000;20.00000;0.63858;2
466.54300;52.26083;      -1.82902; 52.37388;80.00000;20.00000;0.63853;2
466.63901;52.26583;      -1.82846; 52.36037;80.00000;20.00000;0.63848;2
466.74399;52.27083;      -1.82792; 52.34686;80.00000;20.00000;0.63843;2
466.83899;52.27583;      -1.82690; 52.33431;80.00000;20.00000;0.63838;2
466.95099;52.28083;      -1.82533; 52.32852;80.00000;20.00000;0.63832;2
467.04401;52.28583;      -1.82512; 52.32177;80.00000;20.00000;0.63828;2
467.13400;52.29083;      -1.82548; 52.31019;80.00000;20.00000;0.63823;2
467.23599;52.29583;      -1.82551; 52.29668;80.00000;20.00000;0.63818;2
467.34000;52.30083;      -1.82404; 52.28317;80.00000;20.00000;0.63813;2
467.43100;52.30583;      -1.82302; 52.27255;80.00000;20.00000;0.63809;2
467.53799;52.31083;      -1.82237; 52.26001;80.00000;20.00000;0.63803;2
467.62900;52.31583;      -1.82169; 52.25132;80.00000;20.00000;0.63799;2
467.73199;52.32083;      -1.82149; 52.24264;80.00000;20.00000;0.63793;2
467.83499;52.32583;      -1.82164; 52.22913;80.00000;20.00000;0.63788;2
467.93100;52.33083;      -1.82108; 52.21562;80.00000;20.00000;0.63784;2
468.03500;52.33583;      -1.82100; 52.20500;80.00000;20.00000;0.63778;2
468.13000;52.34083;      -1.82079; 52.20018;80.00000;20.00000;0.63774;2
468.22800;52.34583;      -1.82047; 52.19053;80.00000;20.00000;0.63769;2
468.33401;52.35083;      -1.82027; 52.17798;80.00000;20.00000;0.63763;2
468.43399;52.35583;      -1.81972; 52.16640;80.00000;20.00000;0.63758;2
468.53400;52.36083;      -1.81894; 52.15482;80.00000;20.00000;0.63753;2
468.63300;52.36583;      -1.81839; 52.14710;80.00000;20.00000;0.63748;2
468.73300;52.37083;      -1.81749; 52.13456;80.00000;20.00000;0.63743;2
468.82700;52.37583;      -1.81682; 52.12008;80.00000;20.00000;0.63739;2
468.92999;52.38083;      -1.81685; 52.10850;80.00000;20.00000;0.63734;2
469.03000;52.38583;      -1.81595; 52.10175;80.00000;20.00000;0.63729;2
469.12100;52.39083;      -1.81504; 52.09499;80.00000;20.00000;0.63724;2
469.22400;52.39583;      -1.81472; 52.08341;80.00000;20.00000;0.63719;2
469.32199;52.40083;      -1.81475; 52.06894;80.00000;20.00000;0.63714;2
469.42999;52.40583;      -1.81444; 52.05446;80.00000;20.00000;0.63709;2
469.51801;52.41083;      -1.81422; 52.04771;80.00000;20.00000;0.63704;2
469.61401;52.41583;      -1.81343; 52.03613;80.00000;20.00000;0.63699;2
469.71799;52.42083;      -1.81300; 52.02165;80.00000;20.00000;0.63694;2
469.82300;52.42583;      -1.81257; 52.00814;80.00000;20.00000;0.63689;2
469.92599;52.43083;      -1.81133; 52.00042;80.00000;20.00000;0.63684;2
470.02100;52.43583;      -1.81066; 51.98884;80.00000;20.00000;0.63679;2
470.12201;52.44083;      -1.81022; 51.97726;80.00000;20.00000;0.63674;2
470.22198;52.44583;      -1.80956; 51.96954;80.00000;20.00000;0.63669;2
470.32199;52.45083;      -1.80912; 51.95700;80.00000;20.00000;0.63664;2
470.41800;52.45583;      -1.80810; 51.94253;80.00000;20.00000;0.63659;2
470.51700;52.46083;      -1.80789; 51.92902;80.00000;20.00000;0.63654;2
470.60901;52.46583;      -1.80768; 51.91454;80.00000;20.00000;0.63650;2
470.71301;52.47083;      -1.80725; 51.90489;80.00000;20.00000;0.63644;2
470.80801;52.47583;      -1.80657; 51.89138;80.00000;20.00000;0.63640;2
470.91101;52.48083;      -1.80649; 51.87980;80.00000;20.00000;0.63634;2
471.00699;52.48583;      -1.80616; 51.86822;80.00000;20.00000;0.63630;2
471.10699;52.49083;      -1.80561; 51.85182;80.00000;20.00000;0.63625;2
471.20801;52.49583;      -1.80483; 51.83541;80.00000;20.00000;0.63620;2
471.30801;52.50083;      -1.80358; 51.82383;80.00000;20.00000;0.63615;2
471.40701;52.50583;      -1.80303; 51.81225;80.00000;20.00000;0.63610;2
471.50601;52.51083;      -1.80270; 51.79778;80.00000;20.00000;0.63605;2
471.59900;52.51583;      -1.80179; 51.78330;80.00000;20.00000;0.63600;2
471.70700;52.52083;      -1.80149; 51.76979;80.00000;20.00000;0.63595;2
471.80600;52.52583;      -1.80105; 51.75532;80.00000;20.00000;0.63590;2
471.90399;52.53083;      -1.80038; 51.74663;80.00000;20.00000;0.63585;2
472.00500;52.53583;      -1.79982; 51.73409;80.00000;20.00000;0.63580;2
472.10300;52.54083;      -1.79950; 51.72251;80.00000;20.00000;0.63575;2
472.19901;52.54583;      -1.79917; 51.70900;80.00000;20.00000;0.63570;2
472.29700;52.55083;      -1.79920; 51.69645;80.00000;20.00000;0.63565;2
472.39999;52.55583;      -1.79923; 51.68970;80.00000;20.00000;0.63560;2
472.49301;52.56083;      -1.79901; 51.67619;80.00000;20.00000;0.63555;2
472.60199;52.56583;      -1.79812; 51.66654;80.00000;20.00000;0.63550;2
472.69101;52.57083;      -1.79779; 51.65785;80.00000;20.00000;0.63545;2
472.80301;52.57583;      -1.79736; 51.64338;80.00000;20.00000;0.63540;2
472.88699;52.58083;      -1.79702; 51.63566;80.00000;20.00000;0.63535;2
472.99399;52.58583;      -1.79648; 51.63373;80.00000;20.00000;0.63530;2
473.10300;52.59083;      -1.79582; 51.62408;80.00000;20.00000;0.63525;2
473.20300;52.59583;      -1.79434; 51.60671;80.00000;20.00000;0.63520;2
473.29099;52.60083;      -1.79354; 51.59802;80.00000;20.00000;0.63515;2
473.39200;52.60583;      -1.79275; 51.59706;80.00000;20.00000;0.63510;2
473.48999;52.61083;      -1.79196; 51.58741;80.00000;20.00000;0.63505;2
473.58499;52.61583;      -1.79163; 51.57100;80.00000;20.00000;0.63500;2
473.68900;52.62083;      -1.79167; 51.56328;80.00000;20.00000;0.63495;2
473.78900;52.62583;      -1.79111; 51.56328;80.00000;20.00000;0.63490;2
473.88199;52.63083;      -1.79078; 51.55749;80.00000;20.00000;0.63486;2
473.98199;52.63583;      -1.79034; 51.55170;80.00000;20.00000;0.63481;2
474.08301;52.64083;      -1.79002; 51.54495;80.00000;20.00000;0.63475;2
474.19000;52.64583;      -1.78971; 51.53530;80.00000;20.00000;0.63470;2
474.28601;52.65083;      -1.78915; 51.52951;80.00000;20.00000;0.63465;2
474.38400;52.65583;      -1.78870; 51.52275;80.00000;20.00000;0.63460;2
474.48001;52.66083;      -1.78838; 51.51696;80.00000;20.00000;0.63456;2
474.57901;52.66583;      -1.78782; 51.50828;80.00000;20.00000;0.63451;2
474.67801;52.67083;      -1.78726; 51.50056;80.00000;20.00000;0.63446;2
474.78601;52.67583;      -1.78672; 51.49670;80.00000;20.00000;0.63440;2
474.88101;52.68083;      -1.78674; 51.48898;80.00000;20.00000;0.63435;2
474.97699;52.68583;      -1.78664; 51.48029;80.00000;20.00000;0.63431;2
475.07700;52.69083;      -1.78586; 51.47354;80.00000;20.00000;0.63426;2
475.16901;52.69583;      -1.78471; 51.46293;80.00000;20.00000;0.63421;2
475.27600;52.70083;      -1.78486; 51.45135;80.00000;20.00000;0.63416;2
475.37500;52.70583;      -1.78407; 51.44459;80.00000;20.00000;0.63411;2
475.48001;52.71083;      -1.78399; 51.43205;80.00000;20.00000;0.63405;2
475.56900;52.71583;      -1.78376; 51.42336;80.00000;20.00000;0.63401;2
475.66901;52.72083;      -1.78332; 51.41468;80.00000;20.00000;0.63396;2
475.76300;52.72583;      -1.78334; 51.40117;80.00000;20.00000;0.63391;2
475.85999;52.73083;      -1.78336; 51.38669;80.00000;20.00000;0.63386;2
475.96600;52.73583;      -1.78270; 51.37801;80.00000;20.00000;0.63381;2
476.06799;52.74083;      -1.78203; 51.36836;80.00000;20.00000;0.63376;2
476.16501;52.74583;      -1.78077; 51.35581;80.00000;20.00000;0.63371;2
476.26401;52.75083;      -1.78045; 51.34713;80.00000;20.00000;0.63366;2
476.36401;52.75583;      -1.77989; 51.33555;80.00000;20.00000;0.63361;2
476.47101;52.76083;      -1.77958; 51.32204;80.00000;20.00000;0.63356;2
476.56699;52.76583;      -1.77936; 51.31046;80.00000;20.00000;0.63351;2
476.66599;52.77083;      -1.77881; 51.29791;80.00000;20.00000;0.63346;2
476.75800;52.77583;      -1.77847; 51.29019;80.00000;20.00000;0.63341;2
476.85300;52.78083;      -1.77791; 51.27861;80.00000;20.00000;0.63336;2
476.95999;52.78583;      -1.77748; 51.26510;80.00000;20.00000;0.63331;2
477.06400;52.79083;      -1.77716; 51.26028;80.00000;20.00000;0.63326;2
477.15900;52.79583;      -1.77694; 51.24291;80.00000;20.00000;0.63321;2
477.26199;52.80083;      -1.77674; 51.22940;80.00000;20.00000;0.63316;2
477.36499;52.80583;      -1.77619; 51.21782;80.00000;20.00000;0.63311;2
477.46301;52.81083;      -1.77598; 51.21106;80.00000;20.00000;0.63306;2
477.55399;52.81583;      -1.77541; 51.20141;80.00000;20.00000;0.63301;2
477.66599;52.82083;      -1.77440; 51.18887;80.00000;20.00000;0.63296;2
477.76099;52.82583;      -1.77372; 51.17729;80.00000;20.00000;0.63291;2
477.86099;52.83083;      -1.77235; 51.16378;80.00000;20.00000;0.63286;2
477.95700;52.83583;      -1.77237; 51.15702;80.00000;20.00000;0.63281;2
478.06699;52.84083;      -1.77229; 51.14544;80.00000;20.00000;0.63275;2
478.15601;52.84583;      -1.77184; 51.13290;80.00000;20.00000;0.63271;2
478.25800;52.85083;      -1.77093; 51.12614;80.00000;20.00000;0.63266;2
478.35800;52.85583;      -1.77037; 51.11263;80.00000;20.00000;0.63261;2
478.45599;52.86083;      -1.76970; 51.10395;80.00000;20.00000;0.63256;2
478.54700;52.86583;      -1.76913; 51.09623;80.00000;20.00000;0.63251;2
478.64801;52.87083;      -1.76915; 51.09044;80.00000;20.00000;0.63246;2
478.74799;52.87583;      -1.76929; 51.08272;80.00000;20.00000;0.63241;2
478.84601;52.88083;      -1.76885; 51.07210;80.00000;20.00000;0.63236;2
478.94800;52.88583;      -1.76795; 51.05956;80.00000;20.00000;0.63231;2
479.04401;52.89083;      -1.76680; 51.05377;80.00000;20.00000;0.63226;2
479.14499;52.89583;      -1.76659; 51.04605;80.00000;20.00000;0.63221;2
479.25000;52.90083;      -1.76674; 51.03543;80.00000;20.00000;0.63216;2
479.34299;52.90583;      -1.76582; 51.02289;80.00000;20.00000;0.63211;2
479.44601;52.91083;      -1.76538; 51.01613;80.00000;20.00000;0.63206;2
479.54401;52.91583;      -1.76494; 51.00262;80.00000;20.00000;0.63201;2
479.64200;52.92083;      -1.76438; 50.99201;80.00000;20.00000;0.63196;2
479.73700;52.92583;      -1.76381; 50.99008;80.00000;20.00000;0.63191;2
479.83499;52.93083;      -1.76360; 50.98429;80.00000;20.00000;0.63186;2
479.94000;52.93583;      -1.76293; 50.97464;80.00000;20.00000;0.63181;2
480.04300;52.94083;      -1.76238; 50.96210;80.00000;20.00000;0.63176;2
480.13699;52.94583;      -1.76193; 50.94859;80.00000;20.00000;0.63171;2
480.24500;52.95083;      -1.76173; 50.94376;80.00000;20.00000;0.63166;2
480.34201;52.95583;      -1.76117; 50.94473;80.00000;20.00000;0.63161;2
480.43600;52.96083;      -1.76060; 50.93894;80.00000;20.00000;0.63156;2
480.53400;52.96583;      -1.76027; 50.92253;80.00000;20.00000;0.63151;2
480.63901;52.97083;      -1.75983; 50.90999;80.00000;20.00000;0.63146;2
480.72601;52.97583;      -1.75949; 50.90806;80.00000;20.00000;0.63142;2
480.82700;52.98083;      -1.75917; 50.90709;80.00000;20.00000;0.63137;2
480.93500;52.98583;      -1.75838; 50.90034;80.00000;20.00000;0.63131;2
481.03101;52.99083;      -1.75770; 50.88972;80.00000;20.00000;0.63126;2
481.12799;52.99583;      -1.75702; 50.87621;80.00000;20.00000;0.63121;2
481.22900;53.00083;      -1.75635; 50.86463;80.00000;20.00000;0.63116;2
481.32901;53.00583;      -1.75579; 50.86174;80.00000;20.00000;0.63111;2
481.42001;53.01083;      -1.75533; 50.85691;80.00000;20.00000;0.63107;2
481.51599;53.01583;      -1.75512; 50.84630;80.00000;20.00000;0.63102;2
481.61899;53.02083;      -1.75491; 50.83375;80.00000;20.00000;0.63097;2
481.72000;53.02583;      -1.75435; 50.81928;80.00000;20.00000;0.63092;2
481.82199;53.03083;      -1.75426; 50.81445;80.00000;20.00000;0.63086;2
481.91901;53.03583;      -1.75346; 50.81252;80.00000;20.00000;0.63082;2
482.03201;53.04083;      -1.75269; 50.80191;80.00000;20.00000;0.63076;2
482.12500;53.04583;      -1.75188; 50.79129;80.00000;20.00000;0.63071;2
482.22299;53.05083;      -1.75179; 50.77682;80.00000;20.00000;0.63066;2
482.32101;53.05583;      -1.75134; 50.76813;80.00000;20.00000;0.63061;2
482.41699;53.06083;      -1.75101; 50.76717;80.00000;20.00000;0.63056;2
482.51099;53.06583;      -1.75056; 50.75848;80.00000;20.00000;0.63052;2
482.60901;53.07083;      -1.75034; 50.74883;80.00000;20.00000;0.63047;2
482.72198;53.07583;      -1.74957; 50.74208;80.00000;20.00000;0.63041;2
482.81699;53.08083;      -1.74912; 50.73050;80.00000;20.00000;0.63036;2
482.91800;53.08583;      -1.74914; 50.71602;80.00000;20.00000;0.63031;2
483.01801;53.09083;      -1.74870; 50.71216;80.00000;20.00000;0.63026;2
483.12000;53.09583;      -1.74825; 50.70927;80.00000;20.00000;0.63021;2
483.20901;53.10083;      -1.74803; 50.69962;80.00000;20.00000;0.63016;2
483.30701;53.10583;      -1.74758; 50.68900;80.00000;20.00000;0.63012;2
483.41299;53.11083;      -1.74715; 50.67453;80.00000;20.00000;0.63006;2
483.51001;53.11583;      -1.74681; 50.66681;80.00000;20.00000;0.63001;2
483.61301;53.12083;      -1.74661; 50.66488;80.00000;20.00000;0.62996;2
483.71201;53.12583;      -1.74604; 50.65716;80.00000;20.00000;0.62991;2
483.80899;53.13083;      -1.74595; 50.64751;80.00000;20.00000;0.62986;2
483.89999;53.13583;      -1.74572; 50.63979;80.00000;20.00000;0.62982;2
484.00800;53.14083;      -1.74506; 50.63400;80.00000;20.00000;0.62976;2
484.10101;53.14583;      -1.74460; 50.62724;80.00000;20.00000;0.62972;2
484.21500;53.15083;      -1.74347; 50.62049;80.00000;20.00000;0.62966;2
484.30301;53.15583;      -1.74266; 50.60987;80.00000;20.00000;0.62961;2
484.40500;53.16083;      -1.74222; 50.60215;80.00000;20.00000;0.62956;2
484.49701;53.16583;      -1.74211; 50.58768;80.00000;20.00000;0.62952;2
484.59601;53.17083;      -1.74178; 50.57610;80.00000;20.00000;0.62947;2
484.70499;53.17583;      -1.74147; 50.57417;80.00000;20.00000;0.62941;2
484.80899;53.18083;      -1.74091; 50.56838;80.00000;20.00000;0.62936;2
484.90100;53.18583;      -1.74034; 50.55873;80.00000;20.00000;0.62931;2
485.00400;53.19083;      -1.74013; 50.54618;80.00000;20.00000;0.62926;2
485.08701;53.19583;      -1.73966; 50.53267;80.00000;20.00000;0.62922;2
485.19601;53.20083;      -1.73899; 50.52785;80.00000;20.00000;0.62916;2
485.30899;53.20583;      -1.73904; 50.52495;80.00000;20.00000;0.62911;2
485.39200;53.21083;      -1.73868; 50.51530;80.00000;20.00000;0.62906;2
485.49701;53.21583;      -1.73824; 50.50469;80.00000;20.00000;0.62901;2
485.60001;53.22083;      -1.73722; 50.49214;80.00000;20.00000;0.62896;2
485.69699;53.22583;      -1.73677; 50.48346;80.00000;20.00000;0.62891;2
485.79700;53.23083;      -1.73644; 50.47767;80.00000;20.00000;0.62886;2
485.89401;53.23583;      -1.73646; 50.46899;80.00000;20.00000;0.62881;2
485.98999;53.24083;      -1.73659; 50.45451;80.00000;20.00000;0.62876;2
486.09900;53.24583;      -1.73674; 50.44679;80.00000;20.00000;0.62871;2
486.20401;53.25083;      -1.73654; 50.44583;80.00000;20.00000;0.62865;2
486.29700;53.25583;      -1.73596; 50.43907;80.00000;20.00000;0.62861;2
486.38699;53.26083;      -1.73562; 50.43328;80.00000;20.00000;0.62856;2
486.48401;53.26583;      -1.73552; 50.42653;80.00000;20.00000;0.62851;2
486.58801;53.27083;      -1.73496; 50.41302;80.00000;20.00000;0.62846;2
486.68201;53.27583;      -1.73474; 50.39758;80.00000;20.00000;0.62841;2
486.78799;53.28083;      -1.73442; 50.39275;80.00000;20.00000;0.62836;2
486.88101;53.28583;      -1.73432; 50.38696;80.00000;20.00000;0.62831;2
486.98401;53.29083;      -1.73388; 50.38021;80.00000;20.00000;0.62826;2
487.07800;53.29583;      -1.73284; 50.36477;80.00000;20.00000;0.62821;2
487.17899;53.30083;      -1.73216; 50.34933;80.00000;20.00000;0.62816;2
487.28400;53.30583;      -1.73172; 50.34740;80.00000;20.00000;0.62811;2
487.38400;53.31083;      -1.73150; 50.34450;80.00000;20.00000;0.62806;2
487.48099;53.31583;      -1.73129; 50.33485;80.00000;20.00000;0.62801;2
487.57401;53.32083;      -1.73130; 50.32713;80.00000;20.00000;0.62796;2
487.67200;53.32583;      -1.73144; 50.31941;80.00000;20.00000;0.62791;2
487.78101;53.33083;      -1.73159; 50.30590;80.00000;20.00000;0.62786;2
487.87701;53.33583;      -1.73160; 50.29529;80.00000;20.00000;0.62781;2
487.97699;53.34083;      -1.73151; 50.29239;80.00000;20.00000;0.62776;2
488.06900;53.34583;      -1.73117; 50.29239;80.00000;20.00000;0.62771;2
488.17200;53.35083;      -1.73049; 50.28467;80.00000;20.00000;0.62766;2
488.27499;53.35583;      -1.73005; 50.27502;80.00000;20.00000;0.62761;2
488.37000;53.36083;      -1.72948; 50.26827;80.00000;20.00000;0.62756;2
488.47601;53.36583;      -1.72892; 50.25958;80.00000;20.00000;0.62751;2
488.57901;53.37083;      -1.72859; 50.25090;80.00000;20.00000;0.62745;2
488.67599;53.37583;      -1.72791; 50.24704;80.00000;20.00000;0.62740;2
488.77301;53.38083;      -1.72710; 50.23835;80.00000;20.00000;0.62736;2
488.86801;53.38583;      -1.72630; 50.22967;80.00000;20.00000;0.62731;2
488.96701;53.39083;      -1.72550; 50.22195;80.00000;20.00000;0.62726;2
489.07300;53.39583;      -1.72529; 50.21712;80.00000;20.00000;0.62720;2
489.16501;53.40083;      -1.72460; 50.20844;80.00000;20.00000;0.62716;2
489.26901;53.40583;      -1.72427; 50.19879;80.00000;20.00000;0.62710;2
489.36899;53.41083;      -1.72429; 50.19107;80.00000;20.00000;0.62705;2
489.47000;53.41583;      -1.72408; 50.18431;80.00000;20.00000;0.62700;2
489.56299;53.42083;      -1.72409; 50.17756;80.00000;20.00000;0.62696;2
489.66101;53.42583;      -1.72411; 50.16887;80.00000;20.00000;0.62691;2
489.76901;53.43083;      -1.72368; 50.16019;80.00000;20.00000;0.62685;2
489.86401;53.43583;      -1.72322; 50.15729;80.00000;20.00000;0.62680;2
489.96100;53.44083;      -1.72312; 50.15536;80.00000;20.00000;0.62675;2
490.05701;53.44583;      -1.72279; 50.15054;80.00000;20.00000;0.62671;2
490.15601;53.45083;      -1.72222; 50.14475;80.00000;20.00000;0.62666;2
490.25900;53.45583;      -1.72166; 50.13992;80.00000;20.00000;0.62660;2
490.35800;53.46083;      -1.72132; 50.13413;80.00000;20.00000;0.62655;2
490.45700;53.46583;      -1.72146; 50.12352;80.00000;20.00000;0.62650;2
490.54999;53.47083;      -1.72100; 50.11097;80.00000;20.00000;0.62646;2
490.65302;53.47583;      -1.72079; 50.10325;80.00000;20.00000;0.62640;2
490.75000;53.48083;      -1.72058; 50.09650;80.00000;20.00000;0.62636;2
490.84698;53.48583;      -1.72012; 50.09071;80.00000;20.00000;0.62631;2
490.94699;53.49083;      -1.71979; 50.08588;80.00000;20.00000;0.62626;2
491.05399;53.49583;      -1.71959; 50.07913;80.00000;20.00000;0.62620;2
491.15100;53.50083;      -1.71925; 50.07141;80.00000;20.00000;0.62615;2
491.25201;53.50583;      -1.71869; 50.06465;80.00000;20.00000;0.62610;2
491.34399;53.51083;      -1.71764; 50.06369;80.00000;20.00000;0.62605;2
491.44400;53.51583;      -1.71684; 50.06176;80.00000;20.00000;0.62600;2
491.54401;53.52083;      -1.71674; 50.05404;80.00000;20.00000;0.62595;2
491.64301;53.52583;      -1.71641; 50.04342;80.00000;20.00000;0.62590;2
491.74301;53.53083;      -1.71608; 50.03667;80.00000;20.00000;0.62585;2
491.84399;53.53583;      -1.71598; 50.03281;80.00000;20.00000;0.62580;2
491.94199;53.54083;      -1.71506; 50.02605;80.00000;20.00000;0.62575;2
492.04099;53.54583;      -1.71425; 50.01930;80.00000;20.00000;0.62570;2
492.14099;53.55083;      -1.71428; 50.01254;80.00000;20.00000;0.62565;2
492.23599;53.55583;      -1.71429; 50.00579;80.00000;20.00000;0.62560;2
492.33301;53.56083;      -1.71395; 49.99228;80.00000;20.00000;0.62555;2
492.43799;53.56583;      -1.71363; 49.98167;80.00000;20.00000;0.62550;2
492.53799;53.57083;      -1.71283; 49.97974;80.00000;20.00000;0.62545;2
492.63000;53.57583;      -1.71272; 49.97491;80.00000;20.00000;0.62540;2
492.73499;53.58083;      -1.71333; 49.96430;80.00000;20.00000;0.62535;2
492.84100;53.58583;      -1.71289; 49.95754;80.00000;20.00000;0.62530;2
492.94000;53.59083;      -1.71244; 49.94886;80.00000;20.00000;0.62525;2
493.02600;53.59583;      -1.71174; 49.93535;80.00000;20.00000;0.62520;2
493.13400;53.60083;      -1.71094; 49.92666;80.00000;20.00000;0.62515;2
493.22900;53.60583;      -1.71084; 49.92570;80.00000;20.00000;0.62510;2
493.33401;53.61083;      -1.71052; 49.91991;80.00000;20.00000;0.62505;2
493.42001;53.61583;      -1.70981; 49.91412;80.00000;20.00000;0.62500;2
493.52701;53.62083;      -1.70925; 49.90929;80.00000;20.00000;0.62495;2
493.63000;53.62583;      -1.70892; 49.90157;80.00000;20.00000;0.62490;2
493.72400;53.63083;      -1.70882; 49.89578;80.00000;20.00000;0.62485;2
493.83099;53.63583;      -1.70861; 49.88710;80.00000;20.00000;0.62479;2
493.92599;53.64083;      -1.70827; 49.88131;80.00000;20.00000;0.62475;2
494.02600;53.64583;      -1.70747; 49.87841;80.00000;20.00000;0.62470;2
494.12601;53.65083;      -1.70690; 49.87359;80.00000;20.00000;0.62465;2
494.21899;53.65583;      -1.70656; 49.86876;80.00000;20.00000;0.62460;2
494.32700;53.66083;      -1.70647; 49.85429;80.00000;20.00000;0.62454;2
494.41699;53.66583;      -1.70660; 49.84367;80.00000;20.00000;0.62450;2
494.52200;53.67083;      -1.70603; 49.84174;80.00000;20.00000;0.62444;2
494.62100;53.67583;      -1.70582; 49.84271;80.00000;20.00000;0.62439;2
494.72101;53.68083;      -1.70513; 49.84078;80.00000;20.00000;0.62434;2
494.81900;53.68583;      -1.70468; 49.83595;80.00000;20.00000;0.62429;2
494.91800;53.69083;      -1.70422; 49.82244;80.00000;20.00000;0.62424;2
495.01599;53.69583;      -1.70401; 49.81279;80.00000;20.00000;0.62419;2
495.12399;53.70083;      -1.70392; 49.80700;80.00000;20.00000;0.62414;2
495.21701;53.70583;      -1.70322; 49.80507;80.00000;20.00000;0.62409;2
495.30899;53.71083;      -1.70241; 49.80121;80.00000;20.00000;0.62405;2
495.41400;53.71583;      -1.70232; 49.79349;80.00000;20.00000;0.62399;2
495.51401;53.72083;      -1.70234; 49.78867;80.00000;20.00000;0.62394;2
495.60999;53.72583;      -1.70200; 49.78384;80.00000;20.00000;0.62389;2
495.70999;53.73083;      -1.70155; 49.77998;80.00000;20.00000;0.62384;2
495.81201;53.73583;      -1.70086; 49.77130;80.00000;20.00000;0.62379;2
495.90601;53.74083;      -1.70040; 49.76165;80.00000;20.00000;0.62374;2
496.01199;53.74583;      -1.70007; 49.75393;80.00000;20.00000;0.62369;2
496.10901;53.75083;      -1.69997; 49.75296;80.00000;20.00000;0.62364;2
496.20801;53.75583;      -1.69964; 49.75200;80.00000;20.00000;0.62359;2
496.30399;53.76083;      -1.69883; 49.74910;80.00000;20.00000;0.62354;2
496.41199;53.76583;      -1.69850; 49.74042;80.00000;20.00000;0.62349;2
496.50800;53.77083;      -1.69769; 49.73559;80.00000;20.00000;0.62344;2
496.61499;53.77583;      -1.69666; 49.73173;80.00000;20.00000;0.62338;2
496.70099;53.78083;      -1.69642; 49.72691;80.00000;20.00000;0.62334;2
496.80801;53.78583;      -1.69574; 49.71919;80.00000;20.00000;0.62328;2
496.90201;53.79083;      -1.69528; 49.70857;80.00000;20.00000;0.62324;2
496.99799;53.79583;      -1.69542; 49.70085;80.00000;20.00000;0.62319;2
497.09900;53.80083;      -1.69508; 49.69989;80.00000;20.00000;0.62314;2
497.20901;53.80583;      -1.69452; 49.69892;80.00000;20.00000;0.62308;2
497.29199;53.81083;      -1.69405; 49.69506;80.00000;20.00000;0.62304;2
497.39401;53.81583;      -1.69395; 49.69024;80.00000;20.00000;0.62299;2
497.50601;53.82083;      -1.69387; 49.68541;80.00000;20.00000;0.62293;2
497.59100;53.82583;      -1.69387; 49.68155;80.00000;20.00000;0.62289;2
497.69199;53.83083;      -1.69330; 49.67576;80.00000;20.00000;0.62284;2
497.78699;53.83583;      -1.69272; 49.66611;80.00000;20.00000;0.62279;2
497.88400;53.84083;      -1.69227; 49.65936;80.00000;20.00000;0.62274;2
497.99301;53.84583;      -1.69171; 49.65550;80.00000;20.00000;0.62268;2
498.08801;53.85083;      -1.69077; 49.65164;80.00000;20.00000;0.62263;2
498.18201;53.85583;      -1.69019; 49.64102;80.00000;20.00000;0.62259;2
498.28799;53.86083;      -1.68999; 49.63137;80.00000;20.00000;0.62253;2
498.38199;53.86583;      -1.68952; 49.62558;80.00000;20.00000;0.62249;2
498.48599;53.87083;      -1.68919; 49.62558;80.00000;20.00000;0.62243;2
498.58099;53.87583;      -1.68885; 49.62558;80.00000;20.00000;0.62238;2
498.68500;53.88083;      -1.68852; 49.62269;80.00000;20.00000;0.62233;2
498.78900;53.88583;      -1.68807; 49.61979;80.00000;20.00000;0.62228;2
498.88800;53.89083;      -1.68762; 49.61304;80.00000;20.00000;0.62223;2
498.97900;53.89583;      -1.68715; 49.60918;80.00000;20.00000;0.62218;2
499.07901;53.90083;      -1.68705; 49.60339;80.00000;20.00000;0.62213;2
499.18500;53.90583;      -1.68708; 49.59856;80.00000;20.00000;0.62208;2
499.27802;53.91083;      -1.68685; 49.59084;80.00000;20.00000;0.62203;2
499.38400;53.91583;      -1.68641; 49.58023;80.00000;20.00000;0.62198;2
499.47000;53.92083;      -1.68582; 49.57251;80.00000;20.00000;0.62193;2
499.57999;53.92583;      -1.68538; 49.57154;80.00000;20.00000;0.62188;2
499.67899;53.93083;      -1.68480; 49.57154;80.00000;20.00000;0.62183;2
499.77100;53.93583;      -1.68434; 49.57058;80.00000;20.00000;0.62178;2
499.87299;53.94083;      -1.68365; 49.56672;80.00000;20.00000;0.62173;2
499.97699;53.94583;      -1.68273; 49.55707;80.00000;20.00000;0.62167;2
500.07300;53.95083;      -1.68250; 49.55224;80.00000;20.00000;0.62163;2
500.16800;53.95583;      -1.68192; 49.54742;80.00000;20.00000;0.62158;2
500.27100;53.96083;      -1.68183; 49.54356;80.00000;20.00000;0.62153;2
500.36600;53.96583;      -1.68160; 49.53873;80.00000;20.00000;0.62148;2
500.46799;53.97083;      -1.68103; 49.53487;80.00000;20.00000;0.62143;2
500.56201;53.97583;      -1.68057; 49.52426;80.00000;20.00000;0.62138;2
500.67300;53.98083;      -1.67966; 49.51461;80.00000;20.00000;0.62132;2
500.76199;53.98583;      -1.67930; 49.50979;80.00000;20.00000;0.62128;2
500.86401;53.99083;      -1.67980; 49.50786;80.00000;20.00000;0.62122;2
500.96600;53.99583;      -1.67994; 49.50400;80.00000;20.00000;0.62117;2
501.06100;54.00083;      -1.67983; 49.49242;80.00000;20.00000;0.62112;2
501.15601;54.00583;      -1.67949; 49.48180;80.00000;20.00000;0.62108;2
501.27301;54.01083;      -1.67894; 49.47408;80.00000;20.00000;0.62102;2
501.36301;54.01583;      -1.67835; 49.47215;80.00000;20.00000;0.62097;2
501.45599;54.02083;      -1.67860; 49.46926;80.00000;20.00000;0.62092;2
501.55399;54.02583;      -1.67814; 49.46250;80.00000;20.00000;0.62087;2
501.66000;54.03083;      -1.67722; 49.45671;80.00000;20.00000;0.62082;2
501.76001;54.03583;      -1.67665; 49.44899;80.00000;20.00000;0.62077;2
501.85001;54.04083;      -1.67618; 49.43838;80.00000;20.00000;0.62072;2
501.95200;54.04583;      -1.67560; 49.43066;80.00000;20.00000;0.62067;2
502.04800;54.05083;      -1.67443; 49.42680;80.00000;20.00000;0.62062;2
502.15500;54.05583;      -1.67375; 49.42776;80.00000;20.00000;0.62057;2
502.24899;54.06083;      -1.67328; 49.42390;80.00000;20.00000;0.62052;2
502.35699;54.06583;      -1.67260; 49.41811;80.00000;20.00000;0.62046;2
502.45099;54.07083;      -1.67202; 49.41136;80.00000;20.00000;0.62042;2
502.54700;54.07583;      -1.67132; 49.40364;80.00000;20.00000;0.62037;2
502.64999;54.08083;      -1.67099; 49.39302;80.00000;20.00000;0.62031;2
502.74799;54.08583;      -1.67076; 49.38530;80.00000;20.00000;0.62026;2
502.84900;54.09083;      -1.67067; 49.38144;80.00000;20.00000;0.62021;2
502.95001;54.09583;      -1.67021; 49.38144;80.00000;20.00000;0.62016;2
503.04001;54.10083;      -1.66962; 49.37758;80.00000;20.00000;0.62012;2
503.14899;54.10583;      -1.66930; 49.36890;80.00000;20.00000;0.62006;2
503.25699;54.11083;      -1.66933; 49.35732;80.00000;20.00000;0.62001;2
503.33600;54.11583;      -1.66943; 49.34767;80.00000;20.00000;0.61997;2
503.44199;54.12083;      -1.66910; 49.34381;80.00000;20.00000;0.61991;2
503.54099;54.12583;      -1.66853; 49.34381;80.00000;20.00000;0.61986;2
503.63699;54.13083;      -1.66783; 49.33995;80.00000;20.00000;0.61981;2
503.73801;54.13583;      -1.66713; 49.32837;80.00000;20.00000;0.61976;2
503.83499;54.14083;      -1.66679; 49.32065;80.00000;20.00000;0.61971;2
503.94000;54.14583;      -1.66646; 49.31389;80.00000;20.00000;0.61966;2
504.03900;54.15083;      -1.66624; 49.30617;80.00000;20.00000;0.61961;2
504.13800;54.15583;      -1.66602; 49.29749;80.00000;20.00000;0.61956;2
504.24301;54.16083;      -1.66604; 49.28977;80.00000;20.00000;0.61950;2
504.33401;54.16583;      -1.66569; 49.28784;80.00000;20.00000;0.61946;2
504.42999;54.17083;      -1.66452; 49.28784;80.00000;20.00000;0.61941;2
504.53900;54.17583;      -1.66455; 49.28398;80.00000;20.00000;0.61935;2
504.63699;54.18083;      -1.66433; 49.27143;80.00000;20.00000;0.61930;2
504.73901;54.18583;      -1.66399; 49.26082;80.00000;20.00000;0.61925;2
504.83499;54.19083;      -1.66365; 49.25310;80.00000;20.00000;0.61920;2
504.93900;54.19583;      -1.66331; 49.25117;80.00000;20.00000;0.61915;2
505.02701;54.20083;      -1.66319; 49.25020;80.00000;20.00000;0.61910;2
505.12900;54.20583;      -1.66274; 49.24345;80.00000;20.00000;0.61905;2
505.22101;54.21083;      -1.66215; 49.23283;80.00000;20.00000;0.61901;2
505.32401;54.21583;      -1.66182; 49.22608;80.00000;20.00000;0.61895;2
505.42599;54.22083;      -1.66160; 49.21932;80.00000;20.00000;0.61890;2
505.53201;54.22583;      -1.66115; 49.21353;80.00000;20.00000;0.61885;2
505.62000;54.23083;      -1.66044; 49.20678;80.00000;20.00000;0.61880;2
505.72501;54.23583;      -1.65987; 49.19616;80.00000;20.00000;0.61875;2
505.82001;54.24083;      -1.65940; 49.18844;80.00000;20.00000;0.61870;2
505.93600;54.24583;      -1.65897; 49.18072;80.00000;20.00000;0.61864;2
506.03000;54.25083;      -1.65862; 49.17590;80.00000;20.00000;0.61859;2
506.12799;54.25583;      -1.65828; 49.17397;80.00000;20.00000;0.61854;2
506.21799;54.26083;      -1.65745; 49.16625;80.00000;20.00000;0.61850;2
506.32599;54.26583;      -1.65688; 49.15467;80.00000;20.00000;0.61844;2
506.43201;54.27083;      -1.65655; 49.14791;80.00000;20.00000;0.61839;2
506.52100;54.27583;      -1.65631; 49.14598;80.00000;20.00000;0.61834;2
506.62100;54.28083;      -1.65645; 49.14212;80.00000;20.00000;0.61829;2
506.72501;54.28583;      -1.65588; 49.13440;80.00000;20.00000;0.61824;2
506.82101;54.29083;      -1.65529; 49.12765;80.00000;20.00000;0.61819;2
506.91699;54.29583;      -1.65447; 49.12186;80.00000;20.00000;0.61814;2
507.02499;54.30083;      -1.65450; 49.12186;80.00000;20.00000;0.61809;2
507.11600;54.30583;      -1.65427; 49.11896;80.00000;20.00000;0.61804;2
507.21899;54.31083;      -1.65393; 49.11510;80.00000;20.00000;0.61799;2
507.31500;54.31583;      -1.65347; 49.10931;80.00000;20.00000;0.61794;2
507.41699;54.32083;      -1.65242; 49.10256;80.00000;20.00000;0.61789;2
507.51001;54.32583;      -1.65099; 49.09001;80.00000;20.00000;0.61784;2
507.61200;54.33083;      -1.65054; 49.08133;80.00000;20.00000;0.61779;2
507.70999;54.33583;      -1.64972; 49.08036;80.00000;20.00000;0.61774;2
507.81500;54.34083;      -1.64843; 49.08036;80.00000;20.00000;0.61768;2
507.90799;54.34583;      -1.64856; 49.07747;80.00000;20.00000;0.61763;2
508.01401;54.35083;      -1.64822; 49.07168;80.00000;20.00000;0.61758;2
508.11801;54.35583;      -1.64729; 49.06492;80.00000;20.00000;0.61753;2
508.20999;54.36083;      -1.64694; 49.05720;80.00000;20.00000;0.61748;2
508.31100;54.36583;      -1.64672; 49.04659;80.00000;20.00000;0.61743;2
508.41299;54.37083;      -1.64543; 49.03790;80.00000;20.00000;0.61738;2
508.50000;54.37583;      -1.64495; 49.03404;80.00000;20.00000;0.61733;2
508.60599;54.38083;      -1.64474; 49.03501;80.00000;20.00000;0.61728;2
508.71399;54.38583;      -1.64429; 49.03404;80.00000;20.00000;0.61722;2
508.80801;54.39083;      -1.64453; 49.03115;80.00000;20.00000;0.61718;2
508.89999;54.39583;      -1.64418; 49.02246;80.00000;20.00000;0.61713;2
509.00400;54.40083;      -1.64385; 49.01668;80.00000;20.00000;0.61708;2
509.10400;54.40583;      -1.64386; 49.01282;80.00000;20.00000;0.61702;2
509.19601;54.41083;      -1.64351; 49.01185;80.00000;20.00000;0.61698;2
509.29901;54.41583;      -1.64329; 49.00799;80.00000;20.00000;0.61692;2
509.39301;54.42083;      -1.64306; 49.00413;80.00000;20.00000;0.61688;2
509.49200;54.42583;      -1.64296; 49.00413;80.00000;20.00000;0.61683;2
509.59299;54.43083;      -1.64274; 49.00124;80.00000;20.00000;0.61677;2
509.69601;54.43583;      -1.64228; 48.99931;80.00000;20.00000;0.61672;2
509.79099;54.44083;      -1.64181; 48.99641;80.00000;20.00000;0.61667;2
509.89001;54.44583;      -1.64171; 48.99448;80.00000;20.00000;0.61662;2
509.99100;54.45083;      -1.64101; 48.99159;80.00000;20.00000;0.61657;2
510.09201;54.45583;      -1.63995; 48.98387;80.00000;20.00000;0.61652;2
510.18799;54.46083;      -1.63901; 48.97711;80.00000;20.00000;0.61647;2
510.29099;54.46583;      -1.63903; 48.97036;80.00000;20.00000;0.61642;2
510.39001;54.47083;      -1.63881; 48.96650;80.00000;20.00000;0.61637;2
510.48300;54.47583;      -1.63845; 48.96650;80.00000;20.00000;0.61632;2
510.58301;54.48083;      -1.63787; 48.96746;80.00000;20.00000;0.61627;2
510.68399;54.48583;      -1.63741; 48.96553;80.00000;20.00000;0.61622;2
510.78601;54.49083;      -1.63707; 48.96264;80.00000;20.00000;0.61616;2
510.88901;54.49583;      -1.63674; 48.95974;80.00000;20.00000;0.61611;2
510.99100;54.50083;      -1.63592; 48.95685;80.00000;20.00000;0.61606;2
511.08899;54.50583;      -1.63533; 48.95395;80.00000;20.00000;0.61601;2
511.18799;54.51083;      -1.63463; 48.95106;80.00000;20.00000;0.61596;2
511.28601;54.51583;      -1.63441; 48.94816;80.00000;20.00000;0.61591;2
511.37799;54.52083;      -1.63393; 48.94334;80.00000;20.00000;0.61586;2
511.48700;54.52583;      -1.63301; 48.93755;80.00000;20.00000;0.61581;2
511.58099;54.53083;      -1.63242; 48.93465;80.00000;20.00000;0.61576;2
511.68399;54.53583;      -1.63196; 48.92790;80.00000;20.00000;0.61571;2
511.78699;54.54083;      -1.63150; 48.92018;80.00000;20.00000;0.61565;2
511.88800;54.54583;      -1.63068; 48.91342;80.00000;20.00000;0.61560;2
511.97900;54.55083;      -1.63008; 48.91053;80.00000;20.00000;0.61556;2
512.08600;54.55583;      -1.62975; 48.90956;80.00000;20.00000;0.61550;2
512.18298;54.56083;      -1.62940; 48.90860;80.00000;20.00000;0.61545;2
512.28302;54.56583;      -1.62918; 48.90570;80.00000;20.00000;0.61540;2
512.37500;54.57083;      -1.62919; 48.90184;80.00000;20.00000;0.61535;2
512.48199;54.57583;      -1.62885; 48.89895;80.00000;20.00000;0.61530;2
512.57501;54.58083;      -1.62874; 48.89509;80.00000;20.00000;0.61525;2
512.67102;54.58583;      -1.62863; 48.89123;80.00000;20.00000;0.61520;2
512.77002;54.59083;      -1.62781; 48.88930;80.00000;20.00000;0.61515;2
512.87201;54.59583;      -1.62651; 48.88447;80.00000;20.00000;0.61510;2
512.96503;54.60083;      -1.62603; 48.88061;80.00000;20.00000;0.61505;2
513.06403;54.60583;      -1.62581; 48.87868;80.00000;20.00000;0.61500;2
513.16998;54.61083;      -1.62583; 48.87096;80.00000;20.00000;0.61495;2
513.26202;54.61583;      -1.62584; 48.86517;80.00000;20.00000;0.61490;2
513.36499;54.62083;      -1.62526; 48.86035;80.00000;20.00000;0.61485;2
513.46802;54.62583;      -1.62456; 48.85842;80.00000;20.00000;0.61479;2
513.56097;54.63083;      -1.62385; 48.86035;80.00000;20.00000;0.61475;2
513.67102;54.63583;      -1.62352; 48.86131;80.00000;20.00000;0.61469;2
513.76703;54.64083;      -1.62281; 48.85938;80.00000;20.00000;0.61464;2
513.86902;54.64583;      -1.62211; 48.85745;80.00000;20.00000;0.61459;2
513.96198;54.65083;      -1.62151; 48.85166;80.00000;20.00000;0.61454;2
514.07202;54.65583;      -1.62118; 48.84780;80.00000;20.00000;0.61448;2
514.16602;54.66083;      -1.62071; 48.83719;80.00000;20.00000;0.61444;2
514.25897;54.66583;      -1.62024; 48.82947;80.00000;20.00000;0.61439;2
514.35999;54.67083;      -1.62001; 48.82464;80.00000;20.00000;0.61434;2
514.46100;54.67583;      -1.62003; 48.82368;80.00000;20.00000;0.61429;2
514.56403;54.68083;      -1.61933; 48.82271;80.00000;20.00000;0.61423;2
514.66400;54.68583;      -1.61875; 48.81885;80.00000;20.00000;0.61418;2
514.75598;54.69083;      -1.61851; 48.81403;80.00000;20.00000;0.61413;2
514.86499;54.69583;      -1.61794; 48.80920;80.00000;20.00000;0.61408;2
514.95697;54.70083;      -1.61722; 48.80727;80.00000;20.00000;0.61403;2
515.06403;54.70583;      -1.61629; 48.80438;80.00000;20.00000;0.61398;2
515.15802;54.71083;      -1.61474; 48.79762;80.00000;20.00000;0.61393;2
515.26202;54.71583;      -1.61440; 48.79087;80.00000;20.00000;0.61388;2
515.35999;54.72083;      -1.61405; 48.78604;80.00000;20.00000;0.61383;2
515.44897;54.72583;      -1.61369; 48.78315;80.00000;20.00000;0.61378;2
515.55701;54.73083;      -1.61347; 48.78122;80.00000;20.00000;0.61372;2
515.66101;54.73583;      -1.61265; 48.77736;80.00000;20.00000;0.61367;2
515.75800;54.74083;      -1.61266; 48.76964;80.00000;20.00000;0.61362;2
515.84998;54.74583;      -1.61231; 48.76192;80.00000;20.00000;0.61357;2
515.95599;54.75083;      -1.61137; 48.75613;80.00000;20.00000;0.61352;2
516.05402;54.75583;      -1.61054; 48.75420;80.00000;20.00000;0.61347;2
516.15698;54.76083;      -1.60996; 48.75227;80.00000;20.00000;0.61342;2
516.25201;54.76583;      -1.60937; 48.74841;80.00000;20.00000;0.61337;2
516.35101;54.77083;      -1.60866; 48.74262;80.00000;20.00000;0.61332;2
516.45398;54.77583;      -1.60772; 48.73876;80.00000;20.00000;0.61327;2
516.54401;54.78083;      -1.60712; 48.73490;80.00000;20.00000;0.61322;2
516.64899;54.78583;      -1.60678; 48.73393;80.00000;20.00000;0.61317;2
516.75299;54.79083;      -1.60644; 48.73104;80.00000;20.00000;0.61311;2
516.84802;54.79583;      -1.60633; 48.72428;80.00000;20.00000;0.61306;2
516.94598;54.80083;      -1.60622; 48.71946;80.00000;20.00000;0.61301;2
517.04303;54.80583;      -1.60431; 48.71270;80.00000;20.00000;0.61296;2
517.14099;54.81083;      -1.60372; 48.70498;80.00000;20.00000;0.61291;2
517.23901;54.81583;      -1.60397; 48.69823;80.00000;20.00000;0.61286;2
517.33600;54.82083;      -1.60398; 48.69630;80.00000;20.00000;0.61281;2
517.43597;54.82583;      -1.60351; 48.69726;80.00000;20.00000;0.61276;2
517.54102;54.83083;      -1.60317; 48.69630;80.00000;20.00000;0.61271;2
517.63800;54.83583;      -1.60210; 48.69437;80.00000;20.00000;0.61266;2
517.73798;54.84083;      -1.60163; 48.68665;80.00000;20.00000;0.61261;2
517.83698;54.84583;      -1.60081; 48.68086;80.00000;20.00000;0.61256;2
517.94000;54.85083;      -1.59974; 48.67603;80.00000;20.00000;0.61250;2
518.02802;54.85583;      -1.59854; 48.67217;80.00000;20.00000;0.61246;2
518.12903;54.86083;      -1.59795; 48.66831;80.00000;20.00000;0.61241;2
518.23999;54.86583;      -1.59786; 48.66445;80.00000;20.00000;0.61235;2
518.33301;54.87083;      -1.59762; 48.65963;80.00000;20.00000;0.61230;2
518.43500;54.87583;      -1.59740; 48.65384;80.00000;20.00000;0.61225;2
518.53497;54.88083;      -1.59705; 48.64708;80.00000;20.00000;0.61220;2
518.63898;54.88583;      -1.59647; 48.64129;80.00000;20.00000;0.61215;2
518.72400;54.89083;      -1.59526; 48.63743;80.00000;20.00000;0.61210;2
518.83002;54.89583;      -1.59444; 48.63261;80.00000;20.00000;0.61205;2
518.92499;54.90083;      -1.59420; 48.62875;80.00000;20.00000;0.61200;2
519.02698;54.90583;      -1.59374; 48.62489;80.00000;20.00000;0.61195;2
519.11700;54.91083;      -1.59278; 48.62103;80.00000;20.00000;0.61190;2
519.22302;54.91583;      -1.59268; 48.61813;80.00000;20.00000;0.61185;2
519.32202;54.92083;      -1.59245; 48.61620;80.00000;20.00000;0.61179;2
519.42102;54.92583;      -1.59210; 48.61041;80.00000;20.00000;0.61174;2
519.52301;54.93083;      -1.59127; 48.59980;80.00000;20.00000;0.61169;2
519.61700;54.93583;      -1.59068; 48.59208;80.00000;20.00000;0.61164;2
519.71503;54.94083;      -1.59020; 48.58822;80.00000;20.00000;0.61159;2
519.82001;54.94583;      -1.58938; 48.58918;80.00000;20.00000;0.61154;2
519.91498;54.95083;      -1.58879; 48.59015;80.00000;20.00000;0.61149;2
520.01099;54.95583;      -1.58843; 48.58918;80.00000;20.00000;0.61144;2
520.11700;54.96083;      -1.58761; 48.58629;80.00000;20.00000;0.61139;2
520.21100;54.96583;      -1.58725; 48.58146;80.00000;20.00000;0.61134;2
520.30402;54.97083;      -1.58641; 48.57664;80.00000;20.00000;0.61129;2
520.40997;54.97583;      -1.58631; 48.57374;80.00000;20.00000;0.61124;2
520.51398;54.98083;      -1.58633; 48.56699;80.00000;20.00000;0.61118;2
520.61401;54.98583;      -1.58562; 48.56023;80.00000;20.00000;0.61113;2
520.70599;54.99083;      -1.58538; 48.55251;80.00000;20.00000;0.61108;2
520.80902;54.99583;      -1.58383; 48.54962;80.00000;20.00000;0.61103;2
520.90002;55.00083;      -1.58335; 48.54962;80.00000;20.00000;0.61099;2
521.00800;55.00583;      -1.58313; 48.55058;80.00000;20.00000;0.61093;2
521.11603;55.01083;      -1.58292; 48.54865;80.00000;20.00000;0.61087;2
521.21802;55.01583;      -1.58233; 48.54576;80.00000;20.00000;0.61082;2
521.30798;55.02083;      -1.58197; 48.54286;80.00000;20.00000;0.61078;2
521.40997;55.02583;      -1.58138; 48.53804;80.00000;20.00000;0.61072;2
521.52301;55.03083;      -1.58081; 48.53611;80.00000;20.00000;0.61067;2
521.60797;55.03583;      -1.57995; 48.53225;80.00000;20.00000;0.61062;2
521.71399;55.04083;      -1.57937; 48.52936;80.00000;20.00000;0.61057;2
521.80701;55.04583;      -1.57937; 48.52646;80.00000;20.00000;0.61052;2
521.90997;55.05083;      -1.57891; 48.51971;80.00000;20.00000;0.61047;2
522.01099;55.05583;      -1.57808; 48.51295;80.00000;20.00000;0.61042;2
522.10602;55.06083;      -1.57808; 48.50523;80.00000;20.00000;0.61037;2
522.20801;55.06583;      -1.57798; 48.50234;80.00000;20.00000;0.61031;2
522.31097;55.07083;      -1.57811; 48.50234;80.00000;20.00000;0.61026;2
522.40002;55.07583;      -1.57691; 48.50330;80.00000;20.00000;0.61022;2
522.50598;55.08083;      -1.57596; 48.50427;80.00000;20.00000;0.61016;2
522.61499;55.08583;      -1.57574; 48.50330;80.00000;20.00000;0.61010;2
522.71198;55.09083;      -1.57539; 48.50137;80.00000;20.00000;0.61006;2
522.80701;55.09583;      -1.57455; 48.49655;80.00000;20.00000;0.61001;2
522.90601;55.10083;      -1.57371; 48.48979;80.00000;20.00000;0.60996;2
523.00500;55.10583;      -1.57276; 48.48690;80.00000;20.00000;0.60990;2
523.10901;55.11083;      -1.57181; 48.47918;80.00000;20.00000;0.60985;2
523.19800;55.11583;      -1.57084; 48.47242;80.00000;20.00000;0.60981;2
523.30298;55.12083;      -1.57026; 48.46470;80.00000;20.00000;0.60975;2
523.41101;55.12583;      -1.56992; 48.46084;80.00000;20.00000;0.60970;2
523.50500;55.13083;      -1.56980; 48.45988;80.00000;20.00000;0.60965;2
523.60400;55.13583;      -1.56957; 48.45988;80.00000;20.00000;0.60960;2
523.69800;55.14083;      -1.56921; 48.45795;80.00000;20.00000;0.60955;2
523.79901;55.14583;      -1.56826; 48.45505;80.00000;20.00000;0.60950;2
523.89502;55.15083;      -1.56729; 48.45119;80.00000;20.00000;0.60945;2
523.98798;55.15583;      -1.56669; 48.44733;80.00000;20.00000;0.60940;2
524.10303;55.16083;      -1.56576; 48.44251;80.00000;20.00000;0.60934;2
524.19299;55.16583;      -1.56503; 48.43768;80.00000;20.00000;0.60929;2
524.29602;55.17083;      -1.56323; 48.43286;80.00000;20.00000;0.60924;2
524.38397;55.17583;      -1.56190; 48.42128;80.00000;20.00000;0.60920;2
524.49200;55.18083;      -1.56132; 48.41356;80.00000;20.00000;0.60914;2
524.59998;55.18583;      -1.56061; 48.40777;80.00000;20.00000;0.60909;2
524.69202;55.19083;      -1.56001; 48.40487;80.00000;20.00000;0.60904;2
524.78900;55.19583;      -1.56026; 48.40584;80.00000;20.00000;0.60899;2
524.88300;55.20083;      -1.56014; 48.40294;80.00000;20.00000;0.60894;2
524.97900;55.20583;      -1.55918; 48.40005;80.00000;20.00000;0.60889;2
525.08197;55.21083;      -1.55810; 48.39619;80.00000;20.00000;0.60884;2
525.18597;55.21583;      -1.55631; 48.39233;80.00000;20.00000;0.60878;2
525.28198;55.22083;      -1.55607; 48.38847;80.00000;20.00000;0.60873;2
525.37903;55.22583;      -1.55571; 48.38557;80.00000;20.00000;0.60868;2
525.47498;55.23083;      -1.55523; 48.38075;80.00000;20.00000;0.60864;2
525.57202;55.23583;      -1.55536; 48.37496;80.00000;20.00000;0.60859;2
525.67798;55.24083;      -1.55490; 48.37206;80.00000;20.00000;0.60853;2
525.78101;55.24583;      -1.55443; 48.36820;80.00000;20.00000;0.60848;2
525.88000;55.25083;      -1.55371; 48.36338;80.00000;20.00000;0.60843;2
525.97302;55.25583;      -1.55298; 48.35855;80.00000;20.00000;0.60838;2
526.08301;55.26083;      -1.55252; 48.35180;80.00000;20.00000;0.60832;2
526.18500;55.26583;      -1.55072; 48.34504;80.00000;20.00000;0.60827;2
526.27802;55.27083;      -1.54975; 48.34022;80.00000;20.00000;0.60822;2
526.37799;55.27583;      -1.54892; 48.34022;80.00000;20.00000;0.60817;2
526.47601;55.28083;      -1.54783; 48.34118;80.00000;20.00000;0.60812;2
526.57001;55.28583;      -1.54687; 48.33925;80.00000;20.00000;0.60807;2
526.67798;55.29083;      -1.54652; 48.33539;80.00000;20.00000;0.60802;2
526.76898;55.29583;      -1.54567; 48.32960;80.00000;20.00000;0.60797;2
526.87903;55.30083;      -1.54558; 48.32574;80.00000;20.00000;0.60791;2
526.97302;55.30583;      -1.54546; 48.32188;80.00000;20.00000;0.60786;2
527.06799;55.31083;      -1.54522; 48.31995;80.00000;20.00000;0.60782;2
527.17102;55.31583;      -1.54426; 48.31706;80.00000;20.00000;0.60776;2
527.26898;55.32083;      -1.54378; 48.31223;80.00000;20.00000;0.60771;2
527.37097;55.32583;      -1.54319; 48.30451;80.00000;20.00000;0.60766;2
527.46899;55.33083;      -1.54235; 48.29679;80.00000;20.00000;0.60761;2
527.56799;55.33583;      -1.54163; 48.29197;80.00000;20.00000;0.60756;2
527.66199;55.34083;      -1.54042; 48.29197;80.00000;20.00000;0.60751;2
527.76898;55.34583;      -1.53959; 48.29293;80.00000;20.00000;0.60746;2
527.86200;55.35083;      -1.53886; 48.29390;80.00000;20.00000;0.60741;2
527.96301;55.35583;      -1.53790; 48.29197;80.00000;20.00000;0.60736;2
528.06299;55.36083;      -1.53670; 48.28907;80.00000;20.00000;0.60730;2
528.16199;55.36583;      -1.53622; 48.28328;80.00000;20.00000;0.60725;2
528.25702;55.37083;      -1.53647; 48.27749;80.00000;20.00000;0.60720;2
528.36401;55.37583;      -1.53673; 48.27460;80.00000;20.00000;0.60715;2
528.45801;55.38083;      -1.53673; 48.27267;80.00000;20.00000;0.60710;2
528.56299;55.38583;      -1.53687; 48.26977;80.00000;20.00000;0.60705;2
528.66302;55.39083;      -1.53566; 48.26591;80.00000;20.00000;0.60700;2
528.75800;55.39583;      -1.53421; 48.26205;80.00000;20.00000;0.60695;2
528.84802;55.40083;      -1.53299; 48.25626;80.00000;20.00000;0.60690;2
528.94000;55.40583;      -1.53190; 48.25144;80.00000;20.00000;0.60685;2
529.04999;55.41083;      -1.53119; 48.24565;80.00000;20.00000;0.60680;2
529.15503;55.41583;      -1.53097; 48.24468;80.00000;20.00000;0.60674;2
529.24799;55.42083;      -1.53072; 48.24565;80.00000;20.00000;0.60669;2
529.36102;55.42583;      -1.53014; 48.24372;80.00000;20.00000;0.60664;2
529.44598;55.43083;      -1.52989; 48.24082;80.00000;20.00000;0.60659;2
529.55200;55.43583;      -1.52930; 48.23793;80.00000;20.00000;0.60654;2
529.65002;55.44083;      -1.52833; 48.23310;80.00000;20.00000;0.60649;2
529.74500;55.44583;      -1.52773; 48.23021;80.00000;20.00000;0.60644;2
529.84998;55.45083;      -1.52738; 48.22828;80.00000;20.00000;0.60638;2
529.94897;55.45583;      -1.52617; 48.22635;80.00000;20.00000;0.60633;2
530.04102;55.46083;      -1.52520; 48.22345;80.00000;20.00000;0.60629;2
530.14203;55.46583;      -1.52448; 48.22152;80.00000;20.00000;0.60623;2
530.24597;55.47083;      -1.52376; 48.21766;80.00000;20.00000;0.60618;2
530.35199;55.47583;      -1.52329; 48.21380;80.00000;20.00000;0.60613;2
530.45099;55.48083;      -1.52233; 48.20898;80.00000;20.00000;0.60607;2
530.55298;55.48583;      -1.52136; 48.20029;80.00000;20.00000;0.60602;2
530.64398;55.49083;      -1.52002; 48.19354;80.00000;20.00000;0.60597;2
530.74298;55.49583;      -1.51954; 48.18871;80.00000;20.00000;0.60592;2
530.84302;55.50083;      -1.51919; 48.18775;80.00000;20.00000;0.60587;2
530.94702;55.50583;      -1.51896; 48.18871;80.00000;20.00000;0.60582;2
531.04498;55.51083;      -1.51848; 48.18968;80.00000;20.00000;0.60577;2
531.14001;55.51583;      -1.51775; 48.18775;80.00000;20.00000;0.60572;2
531.23999;55.52083;      -1.51703; 48.18485;80.00000;20.00000;0.60567;2
531.33899;55.52583;      -1.51618; 48.17810;80.00000;20.00000;0.60562;2
531.43298;55.53083;      -1.51521; 48.17327;80.00000;20.00000;0.60557;2
531.53497;55.53583;      -1.51449; 48.17038;80.00000;20.00000;0.60552;2
531.64001;55.54083;      -1.51390; 48.16748;80.00000;20.00000;0.60546;2
531.73297;55.54583;      -1.51256; 48.16459;80.00000;20.00000;0.60541;2
531.83197;55.55083;      -1.51171; 48.16169;80.00000;20.00000;0.60536;2
531.93701;55.55583;      -1.51087; 48.15783;80.00000;20.00000;0.60531;2
532.03400;55.56083;      -1.51063; 48.15590;80.00000;20.00000;0.60526;2
532.12701;55.56583;      -1.51063; 48.15301;80.00000;20.00000;0.60521;2
532.22900;55.57083;      -1.51015; 48.14625;80.00000;20.00000;0.60516;2
532.33600;55.57583;      -1.50944; 48.14143;80.00000;20.00000;0.60510;2
532.43500;55.58083;      -1.50920; 48.13660;80.00000;20.00000;0.60505;2
532.52197;55.58583;      -1.50858; 48.13274;80.00000;20.00000;0.60501;2
532.62201;55.59083;      -1.50701; 48.13274;80.00000;20.00000;0.60496;2
532.73102;55.59583;      -1.50593; 48.13274;80.00000;20.00000;0.60490;2
532.83197;55.60083;      -1.50484; 48.13178;80.00000;20.00000;0.60485;2
532.92902;55.60583;      -1.50399; 48.12888;80.00000;20.00000;0.60480;2
533.02399;55.61083;      -1.50412; 48.12695;80.00000;20.00000;0.60475;2
533.13098;55.61583;      -1.50389; 48.12406;80.00000;20.00000;0.60469;2
533.21698;55.62083;      -1.50339; 48.12116;80.00000;20.00000;0.60465;2
533.32599;55.62583;      -1.50219; 48.12116;80.00000;20.00000;0.60459;2
533.43103;55.63083;      -1.50098; 48.12213;80.00000;20.00000;0.60454;2
533.52899;55.63583;      -1.49989; 48.12116;80.00000;20.00000;0.60449;2
533.61798;55.64083;      -1.49928; 48.11923;80.00000;20.00000;0.60444;2
533.71600;55.64583;      -1.49855; 48.11248;80.00000;20.00000;0.60439;2
533.82098;55.65083;      -1.49783; 48.10765;80.00000;20.00000;0.60434;2
533.91602;55.65583;      -1.49673; 48.10476;80.00000;20.00000;0.60429;2
534.01703;55.66083;      -1.49589; 48.10186;80.00000;20.00000;0.60424;2
534.11798;55.66583;      -1.49528; 48.09897;80.00000;20.00000;0.60418;2
534.21802;55.67083;      -1.49456; 48.09607;80.00000;20.00000;0.60413;2
534.31299;55.67583;      -1.49395; 48.09607;80.00000;20.00000;0.60408;2
534.41400;55.68083;      -1.49323; 48.09414;80.00000;20.00000;0.60403;2
534.50702;55.68583;      -1.49237; 48.09125;80.00000;20.00000;0.60398;2
534.60498;55.69083;      -1.49127; 48.08739;80.00000;20.00000;0.60393;2
534.70801;55.69583;      -1.49055; 48.08063;80.00000;20.00000;0.60388;2
534.80798;55.70083;      -1.49031; 48.07581;80.00000;20.00000;0.60383;2
534.91199;55.70583;      -1.48984; 48.07098;80.00000;20.00000;0.60377;2
535.00897;55.71083;      -1.48850; 48.06712;80.00000;20.00000;0.60372;2
535.11298;55.71583;      -1.48765; 48.06809;80.00000;20.00000;0.60367;2
535.21301;55.72083;      -1.48668; 48.06616;80.00000;20.00000;0.60362;2
535.31299;55.72583;      -1.48596; 48.06326;80.00000;20.00000;0.60357;2
535.40900;55.73083;      -1.48522; 48.06037;80.00000;20.00000;0.60352;2
535.50897;55.73583;      -1.48462; 48.05651;80.00000;20.00000;0.60347;2
535.60498;55.74083;      -1.48425; 48.05458;80.00000;20.00000;0.60342;2
535.70898;55.74583;      -1.48365; 48.05168;80.00000;20.00000;0.60336;2
535.80103;55.75083;      -1.48340; 48.05072;80.00000;20.00000;0.60332;2
535.90100;55.75583;      -1.48194; 48.04879;80.00000;20.00000;0.60326;2
536.00702;55.76083;      -1.48061; 48.04589;80.00000;20.00000;0.60321;2
536.10101;55.76583;      -1.47964; 48.03818;80.00000;20.00000;0.60316;2
536.20099;55.77083;      -1.47854; 48.03432;80.00000;20.00000;0.60311;2
536.29602;55.77583;      -1.47793; 48.03046;80.00000;20.00000;0.60306;2
536.39001;55.78083;      -1.47780; 48.02949;80.00000;20.00000;0.60301;2
536.49799;55.78583;      -1.47672; 48.02660;80.00000;20.00000;0.60296;2
536.60101;55.79083;      -1.47563; 48.02370;80.00000;20.00000;0.60290;2
536.70099;55.79583;      -1.47490; 48.02177;80.00000;20.00000;0.60285;2
536.78998;55.80083;      -1.47477; 48.01888;80.00000;20.00000;0.60280;2
536.90002;55.80583;      -1.47393; 48.01598;80.00000;20.00000;0.60275;2
536.99200;55.81083;      -1.47344; 48.01116;80.00000;20.00000;0.60270;2
537.09900;55.81583;      -1.47296; 48.00440;80.00000;20.00000;0.60264;2
537.19800;55.82083;      -1.47223; 47.99958;80.00000;20.00000;0.60259;2
537.29199;55.82583;      -1.46978; 47.99475;80.00000;20.00000;0.60255;2
537.38702;55.83083;      -1.46856; 47.99282;80.00000;20.00000;0.60250;2
537.49597;55.83583;      -1.46784; 47.99379;80.00000;20.00000;0.60244;2
537.58801;55.84083;      -1.46759; 47.99186;80.00000;20.00000;0.60239;2
537.69299;55.84583;      -1.46662; 47.98896;80.00000;20.00000;0.60234;2
537.78802;55.85083;      -1.46613; 47.98607;80.00000;20.00000;0.60229;2
537.88397;55.85583;      -1.46600; 47.98317;80.00000;20.00000;0.60224;2
537.98401;55.86083;      -1.46540; 47.98028;80.00000;20.00000;0.60219;2
538.09302;55.86583;      -1.46431; 47.97931;80.00000;20.00000;0.60213;2
538.18500;55.87083;      -1.46382; 47.97931;80.00000;20.00000;0.60208;2
538.28400;55.87583;      -1.46357; 47.97835;80.00000;20.00000;0.60203;2
538.38300;55.88083;      -1.46284; 47.97545;80.00000;20.00000;0.60198;2
538.49298;55.88583;      -1.46176; 47.96773;80.00000;20.00000;0.60192;2
538.58197;55.89083;      -1.46077; 47.96387;80.00000;20.00000;0.60188;2
538.68103;55.89583;      -1.45991; 47.96098;80.00000;20.00000;0.60183;2
538.78699;55.90083;      -1.45956; 47.95808;80.00000;20.00000;0.60177;2
538.87500;55.90583;      -1.45942; 47.95615;80.00000;20.00000;0.60173;2
538.98102;55.91083;      -1.45784; 47.95422;80.00000;20.00000;0.60167;2
539.09198;55.91583;      -1.45651; 47.95326;80.00000;20.00000;0.60162;2
539.18701;55.92083;      -1.45455; 47.95133;80.00000;20.00000;0.60157;2
539.27899;55.92583;      -1.45369; 47.94843;80.00000;20.00000;0.60152;2
539.38000;55.93083;      -1.45259; 47.94650;80.00000;20.00000;0.60147;2
539.48297;55.93583;      -1.45223; 47.94457;80.00000;20.00000;0.60141;2
539.57898;55.94083;      -1.45247; 47.94168;80.00000;20.00000;0.60136;2
539.68298;55.94583;      -1.45223; 47.93782;80.00000;20.00000;0.60131;2
539.78198;55.95083;      -1.45187; 47.93396;80.00000;20.00000;0.60126;2
539.87402;55.95583;      -1.45149; 47.93106;80.00000;20.00000;0.60121;2
539.97302;55.96083;      -1.44929; 47.92720;80.00000;20.00000;0.60116;2
540.07300;55.96583;      -1.44696; 47.92527;80.00000;20.00000;0.60111;2
540.17798;55.97083;      -1.44673; 47.92141;80.00000;20.00000;0.60105;2
540.27100;55.97583;      -1.44660; 47.91852;80.00000;20.00000;0.60101;2
540.36902;55.98083;      -1.44660; 47.91562;80.00000;20.00000;0.60096;2
540.46399;55.98583;      -1.44610; 47.91273;80.00000;20.00000;0.60091;2
540.57501;55.99083;      -1.44477; 47.90887;80.00000;20.00000;0.60085;2
540.66901;55.99583;      -1.44342; 47.89729;80.00000;20.00000;0.60080;2
540.77502;56.00083;      -1.44281; 47.88860;80.00000;20.00000;0.60075;2
540.87000;56.00583;      -1.44232; 47.88378;80.00000;20.00000;0.60070;2
540.96698;56.01083;      -1.44170; 47.88378;80.00000;20.00000;0.60065;2
541.06897;56.01583;      -1.44073; 47.88571;80.00000;20.00000;0.60059;2
541.17102;56.02083;      -1.43975; 47.88571;80.00000;20.00000;0.60054;2
541.26001;56.02583;      -1.43998; 47.88378;80.00000;20.00000;0.60049;2
541.36401;56.03083;      -1.43913; 47.88185;80.00000;20.00000;0.60044;2
541.47699;56.03583;      -1.43829; 47.87992;80.00000;20.00000;0.60038;2
541.56500;56.04083;      -1.43582; 47.87799;80.00000;20.00000;0.60034;2
541.66302;56.04583;      -1.43386; 47.87509;80.00000;20.00000;0.60029;2
541.75201;56.05083;      -1.43299; 47.87316;80.00000;20.00000;0.60024;2
541.86798;56.05583;      -1.43227; 47.87123;80.00000;20.00000;0.60018;2
541.96503;56.06083;      -1.43153; 47.86544;80.00000;20.00000;0.60013;2
542.06403;56.06583;      -1.43178; 47.86158;80.00000;20.00000;0.60008;2
542.15399;56.07083;      -1.43115; 47.85869;80.00000;20.00000;0.60003;2
542.26398;56.07583;      -1.43129; 47.85676;80.00000;20.00000;0.59997;2
542.35901;56.08083;      -1.42993; 47.85097;80.00000;20.00000;0.59993;2
542.45599;56.08583;      -1.42919; 47.84711;80.00000;20.00000;0.59988;2
542.55402;56.09083;      -1.42895; 47.84228;80.00000;20.00000;0.59982;2
542.65503;56.09583;      -1.42809; 47.83939;80.00000;20.00000;0.59977;2
542.75500;56.10083;      -1.42649; 47.83939;80.00000;20.00000;0.59972;2
542.85602;56.10583;      -1.42551; 47.84035;80.00000;20.00000;0.59967;2
542.95502;56.11083;      -1.42478; 47.83939;80.00000;20.00000;0.59962;2
543.05402;56.11583;      -1.42367; 47.83553;80.00000;20.00000;0.59957;2
543.14801;56.12083;      -1.42305; 47.83263;80.00000;20.00000;0.59952;2
543.24701;56.12583;      -1.42256; 47.83070;80.00000;20.00000;0.59947;2
543.35199;56.13083;      -1.42158; 47.82684;80.00000;20.00000;0.59941;2
543.44897;56.13583;      -1.42121; 47.82395;80.00000;20.00000;0.59936;2
543.54700;56.14083;      -1.41998; 47.82298;80.00000;20.00000;0.59931;2
543.64203;56.14583;      -1.41923; 47.82298;80.00000;20.00000;0.59926;2
543.75299;56.15083;      -1.41777; 47.82009;80.00000;20.00000;0.59920;2
543.84497;56.15583;      -1.41616; 47.81816;80.00000;20.00000;0.59916;2
543.94098;56.16083;      -1.41481; 47.81430;80.00000;20.00000;0.59911;2
544.04498;56.16583;      -1.41432; 47.80947;80.00000;20.00000;0.59905;2
544.14203;56.17083;      -1.41382; 47.80754;80.00000;20.00000;0.59900;2
544.24103;56.17583;      -1.41296; 47.80368;80.00000;20.00000;0.59895;2
544.33801;56.18083;      -1.41210; 47.79886;80.00000;20.00000;0.59890;2
544.44501;56.18583;      -1.41137; 47.79596;80.00000;20.00000;0.59885;2
544.53998;56.19083;      -1.41062; 47.78824;80.00000;20.00000;0.59880;2
544.64398;56.19583;      -1.40989; 47.78149;80.00000;20.00000;0.59874;2
544.73901;56.20083;      -1.40865; 47.77377;80.00000;20.00000;0.59869;2
544.84003;56.20583;      -1.40791; 47.77087;80.00000;20.00000;0.59864;2
544.94598;56.21083;      -1.40718; 47.77087;80.00000;20.00000;0.59859;2
545.03302;56.21583;      -1.40655; 47.77087;80.00000;20.00000;0.59854;2
545.14203;56.22083;      -1.40521; 47.77184;80.00000;20.00000;0.59848;2
545.23297;56.22583;      -1.40470; 47.77087;80.00000;20.00000;0.59844;2
545.33398;56.23083;      -1.40421; 47.76894;80.00000;20.00000;0.59839;2
545.43701;56.23583;      -1.40360; 47.76412;80.00000;20.00000;0.59833;2
545.53802;56.24083;      -1.40286; 47.75736;80.00000;20.00000;0.59828;2
545.63300;56.24583;      -1.40150; 47.75447;80.00000;20.00000;0.59823;2
545.73499;56.25083;      -1.40088; 47.75061;80.00000;20.00000;0.59818;2
545.83398;56.25583;      -1.39940; 47.74578;80.00000;20.00000;0.59813;2
545.92902;56.26083;      -1.39841; 47.74385;80.00000;20.00000;0.59808;2
546.02802;56.26583;      -1.39853; 47.74289;80.00000;20.00000;0.59803;2
546.13501;56.27083;      -1.39817; 47.74096;80.00000;20.00000;0.59797;2
546.22498;56.27583;      -1.39791; 47.73131;80.00000;20.00000;0.59792;2
546.32599;56.28083;      -1.39729; 47.72359;80.00000;20.00000;0.59787;2
546.42999;56.28583;      -1.39655; 47.71683;80.00000;20.00000;0.59782;2
546.53497;56.29083;      -1.39594; 47.71490;80.00000;20.00000;0.59776;2
546.63599;56.29583;      -1.39446; 47.71587;80.00000;20.00000;0.59771;2
546.72900;56.30083;      -1.39310; 47.71683;80.00000;20.00000;0.59766;2
546.82300;56.30583;      -1.39173; 47.71490;80.00000;20.00000;0.59761;2
546.93298;56.31083;      -1.39162; 47.71201;80.00000;20.00000;0.59756;2
547.02399;56.31583;      -1.39099; 47.70911;80.00000;20.00000;0.59751;2
547.12500;56.32083;      -1.39012; 47.70429;80.00000;20.00000;0.59746;2
547.23499;56.32583;      -1.38952; 47.70236;80.00000;20.00000;0.59740;2
547.32898;56.33083;      -1.38914; 47.70043;80.00000;20.00000;0.59735;2
547.41498;56.33583;      -1.38838; 47.69850;80.00000;20.00000;0.59731;2
547.52600;56.34083;      -1.38728; 47.69657;80.00000;20.00000;0.59725;2
547.62201;56.34583;      -1.38555; 47.69464;80.00000;20.00000;0.59720;2
547.72498;56.35083;      -1.38431; 47.69078;80.00000;20.00000;0.59715;2
547.82397;56.35583;      -1.38357; 47.68692;80.00000;20.00000;0.59710;2
547.91498;56.36083;      -1.38269; 47.68402;80.00000;20.00000;0.59705;2
548.01898;56.36583;      -1.38171; 47.68113;80.00000;20.00000;0.59699;2
548.12000;56.37083;      -1.38109; 47.67920;80.00000;20.00000;0.59694;2
548.21198;56.37583;      -1.38071; 47.67630;80.00000;20.00000;0.59689;2
548.31201;56.38083;      -1.38009; 47.67051;80.00000;20.00000;0.59684;2
548.41101;56.38583;      -1.37811; 47.66472;80.00000;20.00000;0.59679;2
548.51300;56.39083;      -1.37761; 47.65990;80.00000;20.00000;0.59674;2
548.60797;56.39583;      -1.37662; 47.65604;80.00000;20.00000;0.59669;2
548.71198;56.40083;      -1.37575; 47.65604;80.00000;20.00000;0.59663;2
548.80603;56.40583;      -1.37488; 47.65700;80.00000;20.00000;0.59659;2
548.90601;56.41083;      -1.37389; 47.65700;80.00000;20.00000;0.59653;2
549.00800;56.41583;      -1.37290; 47.65507;80.00000;20.00000;0.59648;2
549.10101;56.42083;      -1.37165; 47.65218;80.00000;20.00000;0.59643;2
549.21301;56.42583;      -1.37141; 47.65025;80.00000;20.00000;0.59637;2
549.30603;56.43083;      -1.37116; 47.64832;80.00000;20.00000;0.59633;2
549.41101;56.43583;      -1.37079; 47.64542;80.00000;20.00000;0.59627;2
549.50598;56.44083;      -1.37016; 47.64349;80.00000;20.00000;0.59622;2
549.59998;56.44583;      -1.36941; 47.64446;80.00000;20.00000;0.59617;2
549.70099;56.45083;      -1.36866; 47.64253;80.00000;20.00000;0.59612;2
549.79797;56.45583;      -1.36767; 47.64156;80.00000;20.00000;0.59607;2
549.90198;56.46083;      -1.36680; 47.63963;80.00000;20.00000;0.59602;2
549.99799;56.46583;      -1.36568; 47.63770;80.00000;20.00000;0.59597;2
550.10400;56.47083;      -1.36531; 47.63481;80.00000;20.00000;0.59591;2
550.19397;56.47583;      -1.36505; 47.63288;80.00000;20.00000;0.59587;2
550.29700;56.48083;      -1.36418; 47.63095;80.00000;20.00000;0.59581;2
550.39203;56.48583;      -1.36318; 47.62805;80.00000;20.00000;0.59576;2
550.49402;56.49083;      -1.36281; 47.62516;80.00000;20.00000;0.59571;2
550.59497;56.49583;      -1.36157; 47.62323;80.00000;20.00000;0.59566;2
550.69098;56.50083;      -1.35971; 47.62130;80.00000;20.00000;0.59561;2
550.78802;56.50583;      -1.35957; 47.62130;80.00000;20.00000;0.59556;2
550.89502;56.51083;      -1.35921; 47.61937;80.00000;20.00000;0.59550;2
550.99298;56.51583;      -1.35833; 47.61744;80.00000;20.00000;0.59545;2
551.09003;56.52083;      -1.35684; 47.61551;80.00000;20.00000;0.59540;2
551.19702;56.52583;      -1.35573; 47.61358;80.00000;20.00000;0.59535;2
551.28802;56.53083;      -1.35473; 47.61165;80.00000;20.00000;0.59530;2
551.39600;56.53583;      -1.35399; 47.61068;80.00000;20.00000;0.59524;2
551.49701;56.54083;      -1.35349; 47.60779;80.00000;20.00000;0.59519;2
551.59399;56.54583;      -1.35224; 47.60682;80.00000;20.00000;0.59514;2
551.68701;56.55083;      -1.35099; 47.60586;80.00000;20.00000;0.59509;2
551.78998;56.55583;      -1.34987; 47.60296;80.00000;20.00000;0.59504;2
551.88397;56.56083;      -1.34949; 47.59910;80.00000;20.00000;0.59499;2
551.98999;56.56583;      -1.34900; 47.59621;80.00000;20.00000;0.59493;2
552.08502;56.57083;      -1.34812; 47.59042;80.00000;20.00000;0.59488;2
552.18500;56.57583;      -1.34737; 47.58366;80.00000;20.00000;0.59483;2
552.28802;56.58083;      -1.34662; 47.57691;80.00000;20.00000;0.59478;2
552.39099;56.58583;      -1.34575; 47.57208;80.00000;20.00000;0.59473;2
552.48401;56.59083;      -1.34537; 47.57112;80.00000;20.00000;0.59468;2
552.59100;56.59583;      -1.34463; 47.57015;80.00000;20.00000;0.59462;2
552.68701;56.60083;      -1.34338; 47.56919;80.00000;20.00000;0.59457;2
552.78802;56.60583;      -1.34263; 47.56726;80.00000;20.00000;0.59452;2
552.88300;56.61083;      -1.34163; 47.56340;80.00000;20.00000;0.59447;2
552.97601;56.61583;      -1.34087; 47.56050;80.00000;20.00000;0.59442;2
553.08398;56.62083;      -1.34000; 47.55761;80.00000;20.00000;0.59437;2
553.18903;56.62583;      -1.33901; 47.55278;80.00000;20.00000;0.59431;2
553.28101;56.63083;      -1.33862; 47.54893;80.00000;20.00000;0.59426;2
553.37903;56.63583;      -1.33800; 47.54314;80.00000;20.00000;0.59421;2
553.48602;56.64083;      -1.33750; 47.53928;80.00000;20.00000;0.59416;2
553.58398;56.64583;      -1.33675; 47.53638;80.00000;20.00000;0.59411;2
553.68500;56.65083;      -1.33588; 47.53542;80.00000;20.00000;0.59405;2
553.78998;56.65583;      -1.33538; 47.53445;80.00000;20.00000;0.59400;2
553.88397;56.66083;      -1.33474; 47.53156;80.00000;20.00000;0.59395;2
553.97900;56.66583;      -1.33386; 47.52384;80.00000;20.00000;0.59390;2
554.08002;56.67083;      -1.33311; 47.51708;80.00000;20.00000;0.59385;2
554.18298;56.67583;      -1.33224; 47.51033;80.00000;20.00000;0.59380;2
554.28198;56.68083;      -1.33136; 47.50743;80.00000;20.00000;0.59374;2
554.37701;56.68583;      -1.33011; 47.50743;80.00000;20.00000;0.59369;2
554.47803;56.69083;      -1.32911; 47.50743;80.00000;20.00000;0.59364;2
554.57800;56.69583;      -1.32836; 47.50550;80.00000;20.00000;0.59359;2
554.67798;56.70083;      -1.32711; 47.50357;80.00000;20.00000;0.59354;2
554.77600;56.70583;      -1.32549; 47.49682;80.00000;20.00000;0.59349;2
554.88300;56.71083;      -1.32425; 47.49296;80.00000;20.00000;0.59343;2
554.97400;56.71583;      -1.32336; 47.48813;80.00000;20.00000;0.59338;2
555.07202;56.72083;      -1.32273; 47.48427;80.00000;20.00000;0.59333;2
555.17200;56.72583;      -1.32198; 47.48138;80.00000;20.00000;0.59328;2
555.26599;56.73083;      -1.32172; 47.48041;80.00000;20.00000;0.59323;2
555.36401;56.73583;      -1.32059; 47.47752;80.00000;20.00000;0.59318;2
555.45898;56.74083;      -1.31995; 47.47462;80.00000;20.00000;0.59313;2
555.57098;56.74583;      -1.31810; 47.47559;80.00000;20.00000;0.59307;2
555.66803;56.75083;      -1.31722; 47.47366;80.00000;20.00000;0.59302;2
555.76703;56.75583;      -1.31658; 47.47076;80.00000;20.00000;0.59297;2
555.87000;56.76083;      -1.31559; 47.46690;80.00000;20.00000;0.59292;2
555.96802;56.76583;      -1.31446; 47.46015;80.00000;20.00000;0.59287;2
556.06403;56.77083;      -1.31419; 47.45532;80.00000;20.00000;0.59282;2
556.16400;56.77583;      -1.31369; 47.45050;80.00000;20.00000;0.59277;2
556.27301;56.78083;      -1.31295; 47.44760;80.00000;20.00000;0.59271;2
556.36200;56.78583;      -1.31243; 47.44857;80.00000;20.00000;0.59266;2
556.45801;56.79083;      -1.31043; 47.44857;80.00000;20.00000;0.59261;2
556.56000;56.79583;      -1.30868; 47.44953;80.00000;20.00000;0.59256;2
556.66101;56.80083;      -1.30768; 47.44857;80.00000;20.00000;0.59251;2
556.74701;56.80583;      -1.30778; 47.44664;80.00000;20.00000;0.59246;2
556.85400;56.81083;      -1.30703; 47.44374;80.00000;20.00000;0.59241;2
556.95502;56.81583;      -1.30665; 47.44278;80.00000;20.00000;0.59235;2
557.06000;56.82083;      -1.30552; 47.44085;80.00000;20.00000;0.59230;2
557.15198;56.82583;      -1.30451; 47.43892;80.00000;20.00000;0.59225;2
557.25403;56.83083;      -1.30276; 47.43602;80.00000;20.00000;0.59220;2
557.36298;56.83583;      -1.30177; 47.43602;80.00000;20.00000;0.59214;2
557.45203;56.84083;      -1.30137; 47.43699;80.00000;20.00000;0.59210;2
557.56000;56.84583;      -1.30050; 47.43602;80.00000;20.00000;0.59204;2
557.65100;56.85083;      -1.30011; 47.43506;80.00000;20.00000;0.59199;2
557.75800;56.85583;      -1.29899; 47.43409;80.00000;20.00000;0.59194;2
557.85400;56.86083;      -1.29785; 47.43313;80.00000;20.00000;0.59189;2
557.95502;56.86583;      -1.29685; 47.43120;80.00000;20.00000;0.59183;2
558.04401;56.87083;      -1.29558; 47.43023;80.00000;20.00000;0.59179;2
558.15900;56.87583;      -1.29385; 47.42830;80.00000;20.00000;0.59173;2
558.25702;56.88083;      -1.29259; 47.42734;80.00000;20.00000;0.59168;2
558.34198;56.88583;      -1.29181; 47.42348;80.00000;20.00000;0.59163;2
558.45599;56.89083;      -1.29132; 47.42155;80.00000;20.00000;0.59157;2
558.54602;56.89583;      -1.29055; 47.41962;80.00000;20.00000;0.59153;2
558.64899;56.90083;      -1.29005; 47.41769;80.00000;20.00000;0.59147;2
558.74902;56.90583;      -1.28954; 47.41286;80.00000;20.00000;0.59142;2
558.84601;56.91083;      -1.28903; 47.40997;80.00000;20.00000;0.59137;2
558.94098;56.91583;      -1.28739; 47.40804;80.00000;20.00000;0.59132;2
559.05200;56.92083;      -1.28577; 47.40611;80.00000;20.00000;0.59126;2
559.15198;56.92583;      -1.28476; 47.40418;80.00000;20.00000;0.59121;2
559.25000;56.93083;      -1.28375; 47.40225;80.00000;20.00000;0.59116;2
559.34601;56.93583;      -1.28262; 47.39839;80.00000;20.00000;0.59111;2
559.45001;56.94083;      -1.28137; 47.39549;80.00000;20.00000;0.59106;2
559.54797;56.94583;      -1.28148; 47.39067;80.00000;20.00000;0.59101;2
559.64301;56.95083;      -1.28158; 47.38295;80.00000;20.00000;0.59096;2
559.74402;56.95583;      -1.28157; 47.37716;80.00000;20.00000;0.59090;2
559.84802;56.96083;      -1.28144; 47.37233;80.00000;20.00000;0.59085;2
559.94897;56.96583;      -1.28106; 47.37137;80.00000;20.00000;0.59080;2
560.04999;56.97083;      -1.27943; 47.37233;80.00000;20.00000;0.59074;2
560.14099;56.97583;      -1.27816; 47.37137;80.00000;20.00000;0.59070;2
560.24298;56.98083;      -1.27727; 47.37040;80.00000;20.00000;0.59064;2
560.33398;56.98583;      -1.27638; 47.36847;80.00000;20.00000;0.59060;2
560.44299;56.99083;      -1.27563; 47.36558;80.00000;20.00000;0.59054;2
560.54199;56.99583;      -1.27474; 47.36268;80.00000;20.00000;0.59049;2
560.64099;57.00083;      -1.27323; 47.35979;80.00000;20.00000;0.59044;2
560.73999;57.00583;      -1.27197; 47.35593;80.00000;20.00000;0.59039;2
560.84302;57.01083;      -1.27084; 47.35303;80.00000;20.00000;0.59033;2
560.93903;57.01583;      -1.26945; 47.34917;80.00000;20.00000;0.59028;2
561.03699;57.02083;      -1.26931; 47.34531;80.00000;20.00000;0.59023;2
561.14502;57.02583;      -1.26856; 47.34242;80.00000;20.00000;0.59017;2
561.23602;57.03083;      -1.26791; 47.34049;80.00000;20.00000;0.59013;2
561.33002;57.03583;      -1.26577; 47.33759;80.00000;20.00000;0.59008;2
561.43701;57.04083;      -1.26489; 47.33759;80.00000;20.00000;0.59002;2
561.53497;57.04583;      -1.26388; 47.33566;80.00000;20.00000;0.58997;2
561.64203;57.05083;      -1.26300; 47.33470;80.00000;20.00000;0.58992;2
561.71997;57.05583;      -1.26271; 47.33180;80.00000;20.00000;0.58987;2
561.83002;57.06083;      -1.26146; 47.33084;80.00000;20.00000;0.58982;2
561.92297;57.06583;      -1.26082; 47.32891;80.00000;20.00000;0.58977;2
562.03198;57.07083;      -1.25969; 47.32698;80.00000;20.00000;0.58971;2
562.12097;57.07583;      -1.25842; 47.32505;80.00000;20.00000;0.58967;2
562.22302;57.08083;      -1.25678; 47.32408;80.00000;20.00000;0.58961;2
562.32599;57.08583;      -1.25590; 47.32505;80.00000;20.00000;0.58956;2
562.41803;57.09083;      -1.25525; 47.32505;80.00000;20.00000;0.58951;2
562.52698;57.09583;      -1.25462; 47.32408;80.00000;20.00000;0.58945;2
562.62903;57.10083;      -1.25398; 47.32408;80.00000;20.00000;0.58940;2
562.73199;57.10583;      -1.25310; 47.32312;80.00000;20.00000;0.58935;2
562.82202;57.11083;      -1.25257; 47.32119;80.00000;20.00000;0.58930;2
562.91901;57.11583;      -1.25168; 47.32119;80.00000;20.00000;0.58925;2
563.01202;57.12083;      -1.25054; 47.31926;80.00000;20.00000;0.58920;2
563.11603;57.12583;      -1.24903; 47.31829;80.00000;20.00000;0.58915;2
563.23102;57.13083;      -1.24840; 47.31829;80.00000;20.00000;0.58909;2
563.32599;57.13583;      -1.24763; 47.31636;80.00000;20.00000;0.58904;2
563.42102;57.14083;      -1.24636; 47.31540;80.00000;20.00000;0.58899;2
563.52301;57.14583;      -1.24498; 47.31540;80.00000;20.00000;0.58894;2
563.61499;57.15083;      -1.24370; 47.31347;80.00000;20.00000;0.58889;2
563.71301;57.15583;      -1.24268; 47.31250;80.00000;20.00000;0.58884;2
563.82397;57.16083;      -1.24193; 47.31057;80.00000;20.00000;0.58878;2
563.91498;57.16583;      -1.24191; 47.30768;80.00000;20.00000;0.58873;2
564.01202;57.17083;      -1.24139; 47.30189;80.00000;20.00000;0.58868;2
564.11798;57.17583;      -1.23988; 47.29803;80.00000;20.00000;0.58863;2
564.21802;57.18083;      -1.23886; 47.29417;80.00000;20.00000;0.58857;2
564.31097;57.18583;      -1.23809; 47.29031;80.00000;20.00000;0.58853;2
564.40997;57.19083;      -1.23745; 47.28838;80.00000;20.00000;0.58847;2
564.51599;57.19583;      -1.23719; 47.28838;80.00000;20.00000;0.58842;2
564.61700;57.20083;      -1.23617; 47.28838;80.00000;20.00000;0.58837;2
564.71002;57.20583;      -1.23552; 47.28838;80.00000;20.00000;0.58832;2
564.81702;57.21083;      -1.23426; 47.28838;80.00000;20.00000;0.58826;2
564.90601;57.21583;      -1.23311; 47.28741;80.00000;20.00000;0.58821;2
565.00800;57.22083;      -1.23197; 47.28548;80.00000;20.00000;0.58816;2
565.11200;57.22583;      -1.23121; 47.28259;80.00000;20.00000;0.58811;2
565.20801;57.23083;      -1.23056; 47.27873;80.00000;20.00000;0.58806;2
565.30603;57.23583;      -1.22866; 47.27487;80.00000;20.00000;0.58801;2
565.40802;57.24083;      -1.22765; 47.27390;80.00000;20.00000;0.58795;2
565.50897;57.24583;      -1.22713; 47.27004;80.00000;20.00000;0.58790;2
565.60303;57.25083;      -1.22636; 47.26715;80.00000;20.00000;0.58785;2
565.71301;57.25583;      -1.22585; 47.26522;80.00000;20.00000;0.58779;2
565.80902;57.26083;      -1.22508; 47.26136;80.00000;20.00000;0.58774;2
565.90399;57.26583;      -1.22418; 47.25943;80.00000;20.00000;0.58769;2
566.00299;57.27083;      -1.22303; 47.25653;80.00000;20.00000;0.58764;2
566.10901;57.27583;      -1.22190; 47.25460;80.00000;20.00000;0.58759;2
566.20502;57.28083;      -1.22062; 47.25171;80.00000;20.00000;0.58754;2
566.30103;57.28583;      -1.21997; 47.25074;80.00000;20.00000;0.58749;2
566.39301;57.29083;      -1.21945; 47.24785;80.00000;20.00000;0.58744;2
566.49701;57.29583;      -1.21856; 47.24592;80.00000;20.00000;0.58739;2
566.60400;57.30083;      -1.21754; 47.24399;80.00000;20.00000;0.58733;2
566.69800;57.30583;      -1.21664; 47.23916;80.00000;20.00000;0.58728;2
566.79999;57.31083;      -1.21587; 47.23434;80.00000;20.00000;0.58723;2
566.89801;57.31583;      -1.21523; 47.23144;80.00000;20.00000;0.58718;2
567.00201;57.32083;      -1.21421; 47.22758;80.00000;20.00000;0.58712;2
567.10797;57.32583;      -1.21345; 47.22372;80.00000;20.00000;0.58707;2
567.20203;57.33083;      -1.21255; 47.22179;80.00000;20.00000;0.58702;2
567.28900;57.33583;      -1.21151; 47.22083;80.00000;20.00000;0.58697;2
567.40100;57.34083;      -1.21088; 47.22179;80.00000;20.00000;0.58691;2
567.49500;57.34583;      -1.20985; 47.22083;80.00000;20.00000;0.58687;2
567.58899;57.35083;      -1.20895; 47.22083;80.00000;20.00000;0.58682;2
567.69202;57.35583;      -1.20768; 47.21890;80.00000;20.00000;0.58676;2
567.79401;57.36083;      -1.20716; 47.21697;80.00000;20.00000;0.58671;2
567.89099;57.36583;      -1.20689; 47.21600;80.00000;20.00000;0.58666;2
567.99103;57.37083;      -1.20599; 47.21311;80.00000;20.00000;0.58661;2
568.09399;57.37583;      -1.20522; 47.21118;80.00000;20.00000;0.58655;2
568.19501;57.38083;      -1.20420; 47.20828;80.00000;20.00000;0.58650;2
568.28802;57.38583;      -1.20317; 47.20732;80.00000;20.00000;0.58645;2
568.39899;57.39083;      -1.20204; 47.20539;80.00000;20.00000;0.58639;2
568.48798;57.39583;      -1.20050; 47.20539;80.00000;20.00000;0.58635;2
568.59698;57.40083;      -1.19936; 47.20249;80.00000;20.00000;0.58629;2
568.69202;57.40583;      -1.19858; 47.20056;80.00000;20.00000;0.58624;2
568.78900;57.41083;      -1.19743; 47.19863;80.00000;20.00000;0.58619;2
568.88898;57.41583;      -1.19653; 47.19767;80.00000;20.00000;0.58614;2
568.98401;57.42083;      -1.19575; 47.19477;80.00000;20.00000;0.58609;2
569.08002;57.42583;      -1.19485; 47.19284;80.00000;20.00000;0.58604;2
569.18103;57.43083;      -1.19383; 47.19188;80.00000;20.00000;0.58599;2
569.29102;57.43583;      -1.19319; 47.18995;80.00000;20.00000;0.58593;2
569.38898;57.44083;      -1.19267; 47.18802;80.00000;20.00000;0.58588;2
569.48901;57.44583;      -1.19214; 47.18705;80.00000;20.00000;0.58582;2
569.58698;57.45083;      -1.19124; 47.18416;80.00000;20.00000;0.58577;2
569.68201;57.45583;      -1.18971; 47.18319;80.00000;20.00000;0.58572;2
569.77802;57.46083;      -1.18868; 47.18030;80.00000;20.00000;0.58567;2
569.88599;57.46583;      -1.18741; 47.17933;80.00000;20.00000;0.58562;2
569.99298;57.47083;      -1.18589; 47.17740;80.00000;20.00000;0.58556;2
570.08301;57.47583;      -1.18536; 47.17451;80.00000;20.00000;0.58551;2
570.19098;57.48083;      -1.18534; 47.16968;80.00000;20.00000;0.58546;2
570.28497;57.48583;      -1.18469; 47.16486;80.00000;20.00000;0.58541;2
570.37799;57.49083;      -1.18340; 47.16100;80.00000;20.00000;0.58536;2
570.48798;57.49583;      -1.18239; 47.15714;80.00000;20.00000;0.58530;2
570.58002;57.50083;      -1.18148; 47.15521;80.00000;20.00000;0.58526;2
570.68402;57.50583;      -1.18083; 47.15521;80.00000;20.00000;0.58520;2
570.78699;57.51083;      -1.18006; 47.15424;80.00000;20.00000;0.58515;2
570.88501;57.51583;      -1.17928; 47.15328;80.00000;20.00000;0.58510;2
570.98102;57.52083;      -1.17838; 47.15135;80.00000;20.00000;0.58505;2
571.07599;57.52583;      -1.17747; 47.14942;80.00000;20.00000;0.58500;2
571.17297;57.53083;      -1.17594; 47.14652;80.00000;20.00000;0.58495;2
571.27600;57.53583;      -1.17479; 47.14459;80.00000;20.00000;0.58489;2
571.37299;57.54083;      -1.17375; 47.14266;80.00000;20.00000;0.58484;2
571.48102;57.54583;      -1.17299; 47.14170;80.00000;20.00000;0.58478;2
571.56500;57.55083;      -1.17282; 47.13977;80.00000;20.00000;0.58474;2
571.67499;57.55583;      -1.17180; 47.13977;80.00000;20.00000;0.58468;2
571.78003;57.56083;      -1.17053; 47.13784;80.00000;20.00000;0.58463;2
571.87500;57.56583;      -1.16975; 47.13398;80.00000;20.00000;0.58458;2
571.97601;57.57083;      -1.16897; 47.12819;80.00000;20.00000;0.58453;2
572.07501;57.57583;      -1.16807; 47.12529;80.00000;20.00000;0.58447;2
572.16602;57.58083;      -1.16703; 47.12336;80.00000;20.00000;0.58443;2
572.27802;57.58583;      -1.16626; 47.12047;80.00000;20.00000;0.58437;2
572.37598;57.59083;      -1.16561; 47.11950;80.00000;20.00000;0.58432;2
572.46997;57.59583;      -1.16445; 47.11854;80.00000;20.00000;0.58427;2
572.56897;57.60083;      -1.16291; 47.11757;80.00000;20.00000;0.58422;2
572.66498;57.60583;      -1.16188; 47.11468;80.00000;20.00000;0.58417;2
572.76501;57.61083;      -1.16022; 47.11371;80.00000;20.00000;0.58411;2
572.87000;57.61583;      -1.15869; 47.11371;80.00000;20.00000;0.58406;2
572.96802;57.62083;      -1.15753; 47.11275;80.00000;20.00000;0.58401;2
573.06403;57.62583;      -1.15662; 47.11178;80.00000;20.00000;0.58396;2
573.16803;57.63083;      -1.15635; 47.11178;80.00000;20.00000;0.58390;2
573.26300;57.63583;      -1.15594; 47.11082;80.00000;20.00000;0.58385;2
573.36798;57.64083;      -1.15504; 47.11082;80.00000;20.00000;0.58380;2
573.46301;57.64583;      -1.15426; 47.10503;80.00000;20.00000;0.58375;2
573.56702;57.65083;      -1.15323; 47.09924;80.00000;20.00000;0.58370;2
573.66400;57.65583;      -1.15232; 47.09538;80.00000;20.00000;0.58364;2
573.76099;57.66083;      -1.15141; 47.09055;80.00000;20.00000;0.58359;2
573.86902;57.66583;      -1.15089; 47.09055;80.00000;20.00000;0.58354;2
573.96301;57.67083;      -1.14998; 47.09248;80.00000;20.00000;0.58349;2
574.06403;57.67583;      -1.14920; 47.09345;80.00000;20.00000;0.58344;2
574.15698;57.68083;      -1.14816; 47.09345;80.00000;20.00000;0.58339;2
574.25897;57.68583;      -1.14662; 47.09152;80.00000;20.00000;0.58333;2
574.36401;57.69083;      -1.14585; 47.08959;80.00000;20.00000;0.58328;2
574.46002;57.69583;      -1.14494; 47.08766;80.00000;20.00000;0.58323;2
574.56598;57.70083;      -1.14378; 47.08573;80.00000;20.00000;0.58317;2
574.66101;57.70583;      -1.14287; 47.08283;80.00000;20.00000;0.58312;2
574.76898;57.71083;      -1.14210; 47.07801;80.00000;20.00000;0.58307;2
574.85901;57.71583;      -1.14156; 47.07608;80.00000;20.00000;0.58302;2
574.96100;57.72083;      -1.14141; 47.07222;80.00000;20.00000;0.58297;2
575.06000;57.72583;      -1.14050; 47.06932;80.00000;20.00000;0.58291;2
575.16302;57.73083;      -1.13922; 47.06643;80.00000;20.00000;0.58286;2
575.25403;57.73583;      -1.13792; 47.06353;80.00000;20.00000;0.58281;2
575.35797;57.74083;      -1.13676; 47.06064;80.00000;20.00000;0.58276;2
575.45801;57.74583;      -1.13585; 47.05775;80.00000;20.00000;0.58271;2
575.55298;57.75083;      -1.13469; 47.05389;80.00000;20.00000;0.58266;2
575.65002;57.75583;      -1.13340; 47.05003;80.00000;20.00000;0.58261;2
575.75800;57.76083;      -1.13237; 47.04520;80.00000;20.00000;0.58255;2
575.86200;57.76583;      -1.13146; 47.04231;80.00000;20.00000;0.58250;2
575.95099;57.77083;      -1.13042; 47.04134;80.00000;20.00000;0.58245;2
576.05402;57.77583;      -1.12926; 47.03845;80.00000;20.00000;0.58240;2
576.15601;57.78083;      -1.12835; 47.03555;80.00000;20.00000;0.58234;2
576.25897;57.78583;      -1.12744; 47.03459;80.00000;20.00000;0.58229;2
576.34802;57.79083;      -1.12677; 47.03169;80.00000;20.00000;0.58224;2
576.45203;57.79583;      -1.12700; 47.02976;80.00000;20.00000;0.58219;2
576.55103;57.80083;      -1.12685; 47.02687;80.00000;20.00000;0.58214;2
576.64697;57.80583;      -1.12644; 47.02590;80.00000;20.00000;0.58209;2
576.75098;57.81083;      -1.12604; 47.02301;80.00000;20.00000;0.58203;2
576.84900;57.81583;      -1.12538; 47.01722;80.00000;20.00000;0.58198;2
576.94702;57.82083;      -1.12371; 47.01239;80.00000;20.00000;0.58193;2
577.05298;57.82583;      -1.12217; 47.00853;80.00000;20.00000;0.58187;2
577.14203;57.83083;      -1.12150; 47.00371;80.00000;20.00000;0.58183;2
577.24799;57.83583;      -1.12060; 47.00178;80.00000;20.00000;0.58177;2
577.34399;57.84083;      -1.11956; 47.00274;80.00000;20.00000;0.58172;2
577.44299;57.84583;      -1.11902; 47.00274;80.00000;20.00000;0.58167;2
577.53998;57.85083;      -1.11773; 47.00371;80.00000;20.00000;0.58162;2
577.63702;57.85583;      -1.11669; 47.00178;80.00000;20.00000;0.58157;2
577.74200;57.86083;      -1.11565; 46.99985;80.00000;20.00000;0.58151;2
577.83197;57.86583;      -1.11486; 46.99792;80.00000;20.00000;0.58147;2
577.94202;57.87083;      -1.11408; 46.99599;80.00000;20.00000;0.58141;2
578.03302;57.87583;      -1.11328; 46.99309;80.00000;20.00000;0.58136;2
578.14001;57.88083;      -1.11263; 46.99213;80.00000;20.00000;0.58130;2
578.23798;57.88583;      -1.11222; 46.99020;80.00000;20.00000;0.58125;2
578.34399;57.89083;      -1.11157; 46.99020;80.00000;20.00000;0.58120;2
578.44000;57.89583;      -1.11090; 46.98730;80.00000;20.00000;0.58115;2
578.54102;57.90083;      -1.11025; 46.98634;80.00000;20.00000;0.58109;2
578.64099;57.90583;      -1.10997; 46.98441;80.00000;20.00000;0.58104;2
578.74200;57.91083;      -1.10893; 46.97862;80.00000;20.00000;0.58099;2
578.83899;57.91583;      -1.10750; 46.97669;80.00000;20.00000;0.58094;2
578.94098;57.92083;      -1.10621; 46.97379;80.00000;20.00000;0.58089;2
579.03998;57.92583;      -1.10491; 46.96897;80.00000;20.00000;0.58083;2
579.13098;57.93083;      -1.10399; 46.96607;80.00000;20.00000;0.58079;2
579.23102;57.93583;      -1.10346; 46.96221;80.00000;20.00000;0.58073;2
579.34003;57.94083;      -1.10369; 46.96221;80.00000;20.00000;0.58068;2
579.43597;57.94583;      -1.10277; 46.96028;80.00000;20.00000;0.58063;2
579.53003;57.95083;      -1.10147; 46.95739;80.00000;20.00000;0.58058;2
579.63300;57.95583;      -1.10005; 46.95546;80.00000;20.00000;0.58052;2
579.72998;57.96083;      -1.09926; 46.95546;80.00000;20.00000;0.58047;2
579.83197;57.96583;      -1.09898; 46.95353;80.00000;20.00000;0.58042;2
579.93103;57.97083;      -1.09794; 46.95160;80.00000;20.00000;0.58037;2
580.02100;57.97583;      -1.09663; 46.95063;80.00000;20.00000;0.58032;2
580.12299;57.98083;      -1.09597; 46.94870;80.00000;20.00000;0.58027;2
580.22699;57.98583;      -1.09595; 46.94870;80.00000;20.00000;0.58021;2
580.32202;57.99083;      -1.09566; 46.94774;80.00000;20.00000;0.58016;2
580.42401;57.99583;      -1.09525; 46.94677;80.00000;20.00000;0.58011;2
580.51599;58.00083;      -1.09445; 46.94484;80.00000;20.00000;0.58006;2
580.62598;58.00583;      -1.09329; 46.94195;80.00000;20.00000;0.58000;2
580.71600;58.01083;      -1.09237; 46.94098;80.00000;20.00000;0.57996;2
580.82001;58.01583;      -1.09120; 46.93809;80.00000;20.00000;0.57990;2
580.92102;58.02083;      -1.09016; 46.93712;80.00000;20.00000;0.57985;2
581.02197;58.02583;      -1.08924; 46.93616;80.00000;20.00000;0.57980;2
581.12402;58.03083;      -1.08845; 46.93326;80.00000;20.00000;0.57974;2
581.22998;58.03583;      -1.08779; 46.93230;80.00000;20.00000;0.57969;2
581.32397;58.04083;      -1.08712; 46.93133;80.00000;20.00000;0.57964;2
581.42401;58.04583;      -1.08671; 46.92844;80.00000;20.00000;0.57959;2
581.53198;58.05083;      -1.08593; 46.92265;80.00000;20.00000;0.57953;2
581.63000;58.05583;      -1.08476; 46.91975;80.00000;20.00000;0.57948;2
581.72198;58.06083;      -1.08332; 46.91686;80.00000;20.00000;0.57943;2
581.82001;58.06583;      -1.08240; 46.91300;80.00000;20.00000;0.57938;2
581.92200;58.07083;      -1.08161; 46.91010;80.00000;20.00000;0.57932;2
582.01703;58.07583;      -1.08094; 46.91010;80.00000;20.00000;0.57928;2
582.12598;58.08083;      -1.08029; 46.91107;80.00000;20.00000;0.57922;2
582.22400;58.08583;      -1.07962; 46.91107;80.00000;20.00000;0.57917;2
582.32599;58.09083;      -1.07921; 46.91107;80.00000;20.00000;0.57911;2
582.42297;58.09583;      -1.07841; 46.91107;80.00000;20.00000;0.57906;2
582.51703;58.10083;      -1.07863; 46.91010;80.00000;20.00000;0.57901;2
582.61700;58.10583;      -1.07810; 46.90914;80.00000;20.00000;0.57896;2
582.71399;58.11083;      -1.07679; 46.90721;80.00000;20.00000;0.57891;2
582.81799;58.11583;      -1.07638; 46.90624;80.00000;20.00000;0.57886;2
582.91101;58.12083;      -1.07584; 46.90528;80.00000;20.00000;0.57881;2
583.01801;58.12583;      -1.07543; 46.90431;80.00000;20.00000;0.57875;2
583.11700;58.13083;      -1.07502; 46.90142;80.00000;20.00000;0.57870;2
583.21198;58.13583;      -1.07359; 46.90045;80.00000;20.00000;0.57865;2
583.31403;58.14083;      -1.07190; 46.90045;80.00000;20.00000;0.57860;2
583.41998;58.14583;      -1.07073; 46.89756;80.00000;20.00000;0.57854;2
583.51398;58.15083;      -1.06968; 46.89659;80.00000;20.00000;0.57849;2
583.61102;58.15583;      -1.06939; 46.89563;80.00000;20.00000;0.57844;2
583.71002;58.16083;      -1.06923; 46.89466;80.00000;20.00000;0.57839;2
583.81201;58.16583;      -1.06857; 46.89273;80.00000;20.00000;0.57834;2
583.91199;58.17083;      -1.06701; 46.89177;80.00000;20.00000;0.57828;2
584.01099;58.17583;      -1.06596; 46.89080;80.00000;20.00000;0.57823;2
584.11401;58.18083;      -1.06568; 46.88887;80.00000;20.00000;0.57818;2
584.21198;58.18583;      -1.06501; 46.88694;80.00000;20.00000;0.57813;2
584.30402;58.19083;      -1.06446; 46.88501;80.00000;20.00000;0.57808;2
584.40900;58.19583;      -1.06354; 46.88308;80.00000;20.00000;0.57802;2
584.50299;58.20083;      -1.06249; 46.88019;80.00000;20.00000;0.57797;2
584.61499;58.20583;      -1.06170; 46.87536;80.00000;20.00000;0.57791;2
584.70697;58.21083;      -1.06064; 46.87247;80.00000;20.00000;0.57787;2
584.80603;58.21583;      -1.05998; 46.87054;80.00000;20.00000;0.57781;2
584.90399;58.22083;      -1.05892; 46.86861;80.00000;20.00000;0.57776;2
585.01202;58.22583;      -1.05788; 46.86668;80.00000;20.00000;0.57771;2
585.10101;58.23083;      -1.05695; 46.86475;80.00000;20.00000;0.57766;2
585.19397;58.23583;      -1.05652; 46.86282;80.00000;20.00000;0.57761;2
585.30603;58.24083;      -1.05600; 46.86089;80.00000;20.00000;0.57755;2
585.40198;58.24583;      -1.05494; 46.85896;80.00000;20.00000;0.57750;2
585.50000;58.25083;      -1.05376; 46.85703;80.00000;20.00000;0.57745;2
585.59302;58.25583;      -1.05308; 46.85510;80.00000;20.00000;0.57740;2
585.70398;58.26083;      -1.05204; 46.85027;80.00000;20.00000;0.57734;2
585.79102;58.26583;      -1.05123; 46.84834;80.00000;20.00000;0.57730;2
585.89001;58.27083;      -1.05018; 46.84545;80.00000;20.00000;0.57725;2
586.00098;58.27583;      -1.04939; 46.84448;80.00000;20.00000;0.57719;2
586.09698;58.28083;      -1.04884; 46.84448;80.00000;20.00000;0.57714;2
586.19897;58.28583;      -1.04907; 46.84352;80.00000;20.00000;0.57708;2
586.28699;58.29083;      -1.04839; 46.84352;80.00000;20.00000;0.57704;2
586.39697;58.29583;      -1.04785; 46.84255;80.00000;20.00000;0.57698;2
586.49298;58.30083;      -1.04731; 46.84062;80.00000;20.00000;0.57693;2
586.59399;58.30583;      -1.04651; 46.83966;80.00000;20.00000;0.57688;2
586.69501;58.31083;      -1.04584; 46.83773;80.00000;20.00000;0.57682;2
586.80103;58.31583;      -1.04518; 46.83869;80.00000;20.00000;0.57677;2
586.88599;58.32083;      -1.04436; 46.83869;80.00000;20.00000;0.57672;2
586.99200;58.32583;      -1.04331; 46.83676;80.00000;20.00000;0.57667;2
587.09302;58.33083;      -1.04252; 46.83676;80.00000;20.00000;0.57662;2
587.18597;58.33583;      -1.04107; 46.83483;80.00000;20.00000;0.57657;2
587.28802;58.34083;      -1.04079; 46.83483;80.00000;20.00000;0.57651;2
587.38702;58.34583;      -1.04062; 46.83001;80.00000;20.00000;0.57646;2
587.49597;58.35083;      -1.04009; 46.82518;80.00000;20.00000;0.57640;2
587.58502;58.35583;      -1.03928; 46.82325;80.00000;20.00000;0.57636;2
587.68799;58.36083;      -1.03861; 46.82036;80.00000;20.00000;0.57630;2
587.79199;58.36583;      -1.03820; 46.81746;80.00000;20.00000;0.57625;2
587.88702;58.37083;      -1.03816; 46.81553;80.00000;20.00000;0.57620;2
587.99200;58.37583;      -1.03724; 46.81360;80.00000;20.00000;0.57614;2
588.08698;58.38083;      -1.03669; 46.81264;80.00000;20.00000;0.57609;2
588.18701;58.38583;      -1.03627; 46.81071;80.00000;20.00000;0.57604;2
588.28601;58.39083;      -1.03572; 46.80878;80.00000;20.00000;0.57599;2
588.38599;58.39583;      -1.03454; 46.80588;80.00000;20.00000;0.57594;2
588.47998;58.40083;      -1.03386; 46.80395;80.00000;20.00000;0.57589;2
588.57501;58.40583;      -1.03306; 46.80202;80.00000;20.00000;0.57584;2
588.68799;58.41083;      -1.03265; 46.79913;80.00000;20.00000;0.57578;2
588.77802;58.41583;      -1.03235; 46.79913;80.00000;20.00000;0.57573;2
588.87598;58.42083;      -1.03142; 46.80009;80.00000;20.00000;0.57568;2
588.98297;58.42583;      -1.03050; 46.80009;80.00000;20.00000;0.57562;2
589.08801;58.43083;      -1.02842; 46.79913;80.00000;20.00000;0.57557;2
589.19202;58.43583;      -1.02711; 46.79816;80.00000;20.00000;0.57551;2
589.28101;58.44083;      -1.02630; 46.79720;80.00000;20.00000;0.57547;2
589.37201;58.44583;      -1.02575; 46.79334;80.00000;20.00000;0.57542;2
589.48297;58.45083;      -1.02521; 46.79141;80.00000;20.00000;0.57536;2
589.58398;58.45583;      -1.02466; 46.78948;80.00000;20.00000;0.57531;2
589.68103;58.46083;      -1.02386; 46.78851;80.00000;20.00000;0.57526;2
589.77698;58.46583;      -1.02280; 46.78755;80.00000;20.00000;0.57521;2
589.88202;58.47083;      -1.02187; 46.78658;80.00000;20.00000;0.57515;2
589.97803;58.47583;      -1.02132; 46.78562;80.00000;20.00000;0.57510;2
590.08502;58.48083;      -1.02065; 46.78465;80.00000;20.00000;0.57505;2
590.18298;58.48583;      -1.01972; 46.78272;80.00000;20.00000;0.57500;2
590.28101;58.49083;      -1.01904; 46.78176;80.00000;20.00000;0.57494;2
590.38000;58.49583;      -1.01849; 46.77983;80.00000;20.00000;0.57489;2
590.48297;58.50083;      -1.01795; 46.77886;80.00000;20.00000;0.57484;2
590.58502;58.50583;      -1.01753; 46.77693;80.00000;20.00000;0.57478;2
590.67798;58.51083;      -1.01813; 46.77597;80.00000;20.00000;0.57474;2
590.78003;58.51583;      -1.01810; 46.77018;80.00000;20.00000;0.57468;2
590.88098;58.52083;      -1.01755; 46.76632;80.00000;20.00000;0.57463;2
590.97400;58.52583;      -1.01700; 46.76342;80.00000;20.00000;0.57458;2
591.07599;58.53083;      -1.01568; 46.75956;80.00000;20.00000;0.57453;2
591.17401;58.53583;      -1.01487; 46.75667;80.00000;20.00000;0.57448;2
591.27002;58.54083;      -1.01419; 46.75377;80.00000;20.00000;0.57442;2
591.37500;58.54583;      -1.01288; 46.75281;80.00000;20.00000;0.57437;2
591.47803;58.55083;      -1.01157; 46.75184;80.00000;20.00000;0.57432;2
591.56702;58.55583;      -1.01062; 46.74991;80.00000;20.00000;0.57427;2
591.67798;58.56083;      -1.00932; 46.74798;80.00000;20.00000;0.57421;2
591.76898;58.56583;      -1.00889; 46.74412;80.00000;20.00000;0.57416;2
591.87598;58.57083;      -1.00834; 46.74123;80.00000;20.00000;0.57411;2
591.96899;58.57583;      -1.00753; 46.73833;80.00000;20.00000;0.57406;2
592.06897;58.58083;      -1.00698; 46.73640;80.00000;20.00000;0.57401;2
592.16699;58.58583;      -1.00630; 46.73544;80.00000;20.00000;0.57395;2
592.26703;58.59083;      -1.00588; 46.73254;80.00000;20.00000;0.57390;2
592.37000;58.59583;      -1.00546; 46.73158;80.00000;20.00000;0.57385;2
592.46503;58.60083;      -1.00478; 46.72965;80.00000;20.00000;0.57380;2
592.56702;58.60583;      -1.00359; 46.72579;80.00000;20.00000;0.57374;2
592.65900;58.61083;      -1.00303; 46.72386;80.00000;20.00000;0.57370;2
592.76501;58.61583;      -1.00223; 46.72193;80.00000;20.00000;0.57364;2
592.86401;58.62083;      -1.00143; 46.71903;80.00000;20.00000;0.57359;2
592.95898;58.62583;      -1.00074; 46.71807;80.00000;20.00000;0.57354;2
593.06097;58.63083;      -0.99994; 46.71710;80.00000;20.00000;0.57348;2
593.16400;58.63583;      -0.99913; 46.71421;80.00000;20.00000;0.57343;2
593.25299;58.64083;      -0.99819; 46.71228;80.00000;20.00000;0.57338;2
593.36298;58.64583;      -0.99752; 46.70938;80.00000;20.00000;0.57333;2
593.46698;58.65083;      -0.99748; 46.70456;80.00000;20.00000;0.57327;2
593.56702;58.65583;      -0.99719; 46.70166;80.00000;20.00000;0.57322;2
593.65802;58.66083;      -0.99689; 46.69684;80.00000;20.00000;0.57317;2
593.75403;58.66583;      -0.99621; 46.69394;80.00000;20.00000;0.57312;2
593.85602;58.67083;      -0.99527; 46.69105;80.00000;20.00000;0.57307;2
593.95599;58.67583;      -0.99408; 46.69008;80.00000;20.00000;0.57301;2
594.05603;58.68083;      -0.99314; 46.69008;80.00000;20.00000;0.57296;2
594.15997;58.68583;      -0.99285; 46.68815;80.00000;20.00000;0.57291;2
594.24799;58.69083;      -0.99267; 46.68622;80.00000;20.00000;0.57286;2
594.35797;58.69583;      -0.99252; 46.68333;80.00000;20.00000;0.57280;2
594.45398;58.70083;      -0.99119; 46.67754;80.00000;20.00000;0.57275;2
594.55298;58.70583;      -0.99038; 46.67464;80.00000;20.00000;0.57270;2
594.66101;58.71083;      -0.99022; 46.67175;80.00000;20.00000;0.57264;2
594.74701;58.71583;      -0.98953; 46.67078;80.00000;20.00000;0.57260;2
594.84698;58.72083;      -0.98897; 46.66982;80.00000;20.00000;0.57255;2
594.96198;58.72583;      -0.98818; 46.66885;80.00000;20.00000;0.57249;2
595.04797;58.73083;      -0.98748; 46.66596;80.00000;20.00000;0.57244;2
595.15302;58.73583;      -0.98668; 46.66499;80.00000;20.00000;0.57239;2
595.24402;58.74083;      -0.98599; 46.66403;80.00000;20.00000;0.57234;2
595.35101;58.74583;      -0.98531; 46.66403;80.00000;20.00000;0.57228;2
595.44897;58.75083;      -0.98515; 46.66210;80.00000;20.00000;0.57223;2
595.55103;58.75583;      -0.98498; 46.66113;80.00000;20.00000;0.57218;2
595.64801;58.76083;      -0.98455; 46.65631;80.00000;20.00000;0.57213;2
595.75403;58.76583;      -0.98388; 46.65438;80.00000;20.00000;0.57207;2
595.84698;58.77083;      -0.98319; 46.65245;80.00000;20.00000;0.57202;2
595.95099;58.77583;      -0.98264; 46.65052;80.00000;20.00000;0.57197;2
596.04901;58.78083;      -0.98234; 46.64859;80.00000;20.00000;0.57192;2
596.14801;58.78583;      -0.98217; 46.64569;80.00000;20.00000;0.57186;2
596.24902;58.79083;      -0.98175; 46.64569;80.00000;20.00000;0.57181;2
596.34698;58.79583;      -0.98119; 46.64569;80.00000;20.00000;0.57176;2
596.44800;58.80083;      -0.98103; 46.64376;80.00000;20.00000;0.57171;2
596.54303;58.80583;      -0.98060; 46.64376;80.00000;20.00000;0.57166;2
596.64398;58.81083;      -0.98005; 46.64183;80.00000;20.00000;0.57160;2
596.73798;58.81583;      -0.97871; 46.63894;80.00000;20.00000;0.57155;2
596.84497;58.82083;      -0.97817; 46.63508;80.00000;20.00000;0.57150;2
596.95001;58.82583;      -0.97736; 46.63122;80.00000;20.00000;0.57144;2
597.04401;58.83083;      -0.97628; 46.62832;80.00000;20.00000;0.57139;2
597.15198;58.83583;      -0.97612; 46.62446;80.00000;20.00000;0.57134;2
597.24402;58.84083;      -0.97582; 46.62157;80.00000;20.00000;0.57129;2
597.34198;58.84583;      -0.97500; 46.62253;80.00000;20.00000;0.57124;2
597.43903;58.85083;      -0.97458; 46.62253;80.00000;20.00000;0.57119;2
597.54102;58.85583;      -0.97376; 46.62350;80.00000;20.00000;0.57113;2
597.64203;58.86083;      -0.97308; 46.62543;80.00000;20.00000;0.57108;2
597.73199;58.86583;      -0.97265; 46.62446;80.00000;20.00000;0.57103;2
597.84003;58.87083;      -0.97158; 46.62350;80.00000;20.00000;0.57097;2
597.94000;58.87583;      -0.97064; 46.62253;80.00000;20.00000;0.57092;2
598.03198;58.88083;      -0.97085; 46.62157;80.00000;20.00000;0.57087;2
598.13300;58.88583;      -0.97055; 46.61964;80.00000;20.00000;0.57082;2
598.23499;58.89083;      -0.96961; 46.61867;80.00000;20.00000;0.57077;2
598.33099;58.89583;      -0.96905; 46.61674;80.00000;20.00000;0.57072;2
598.43402;58.90083;      -0.96876; 46.61578;80.00000;20.00000;0.57066;2
598.53003;58.90583;      -0.96781; 46.61481;80.00000;20.00000;0.57061;2
598.63202;58.91083;      -0.96558; 46.61385;80.00000;20.00000;0.57056;2
598.73199;58.91583;      -0.96464; 46.61481;80.00000;20.00000;0.57051;2
598.83502;58.92083;      -0.96550; 46.61481;80.00000;20.00000;0.57045;2
598.93103;58.92583;      -0.96533; 46.61385;80.00000;20.00000;0.57040;2
599.03400;58.93083;      -0.96542; 46.61385;80.00000;20.00000;0.57035;2
599.13098;58.93583;      -0.96448; 46.61288;80.00000;20.00000;0.57030;2
599.22998;58.94083;      -0.96353; 46.61192;80.00000;20.00000;0.57024;2
599.33099;58.94583;      -0.96272; 46.61095;80.00000;20.00000;0.57019;2
599.43298;58.95083;      -0.96139; 46.61095;80.00000;20.00000;0.57014;2
599.52502;58.95583;      -0.96057; 46.60999;80.00000;20.00000;0.57009;2
599.62701;58.96083;      -0.96027; 46.60806;80.00000;20.00000;0.57004;2
599.72699;58.96583;      -0.96010; 46.60709;80.00000;20.00000;0.56998;2
599.82599;58.97083;      -0.95967; 46.60709;80.00000;20.00000;0.56993;2
599.92102;58.97583;      -0.95924; 46.60613;80.00000;20.00000;0.56988;2
600.03497;58.98083;      -0.95869; 46.60613;80.00000;20.00000;0.56982;2
600.12598;58.98583;      -0.95864; 46.60806;80.00000;20.00000;0.56977;2
600.22302;58.99083;      -0.95769; 46.60806;80.00000;20.00000;0.56972;2
600.32300;58.99583;      -0.95740; 46.60709;80.00000;20.00000;0.56967;2
600.43500;59.00083;      -0.95724; 46.60709;80.00000;20.00000;0.56961;2
600.53302;59.00583;      -0.95693; 46.60516;80.00000;20.00000;0.56956;2
600.62903;59.01083;      -0.95650; 46.60516;80.00000;20.00000;0.56951;2
600.71997;59.01583;      -0.95594; 46.60323;80.00000;20.00000;0.56946;2
600.82300;59.02083;      -0.95538; 46.60323;80.00000;20.00000;0.56941;2
600.91901;59.02583;      -0.95469; 46.60034;80.00000;20.00000;0.56936;2
601.01703;59.03083;      -0.95439; 46.59937;80.00000;20.00000;0.56930;2
601.12000;59.03583;      -0.95422; 46.59841;80.00000;20.00000;0.56925;2
601.22101;59.04083;      -0.95418; 46.59744;80.00000;20.00000;0.56920;2
601.31799;59.04583;      -0.95310; 46.59648;80.00000;20.00000;0.56915;2
601.41699;59.05083;      -0.95177; 46.59551;80.00000;20.00000;0.56909;2
601.51703;59.05583;      -0.95121; 46.59262;80.00000;20.00000;0.56904;2
601.61499;59.06083;      -0.95065; 46.59165;80.00000;20.00000;0.56899;2
601.71002;59.06583;      -0.95021; 46.58972;80.00000;20.00000;0.56894;2
601.81299;59.07083;      -0.94991; 46.58876;80.00000;20.00000;0.56889;2
601.91602;59.07583;      -0.94962; 46.58779;80.00000;20.00000;0.56883;2
602.01703;59.08083;      -0.94970; 46.58586;80.00000;20.00000;0.56878;2
602.11603;59.08583;      -0.94966; 46.58393;80.00000;20.00000;0.56873;2
602.21600;59.09083;      -0.94962; 46.58297;80.00000;20.00000;0.56867;2
602.31799;59.09583;      -0.94906; 46.58104;80.00000;20.00000;0.56862;2
602.41302;59.10083;      -0.94902; 46.58007;80.00000;20.00000;0.56857;2
602.52100;59.10583;      -0.94859; 46.57621;80.00000;20.00000;0.56851;2
602.61798;59.11083;      -0.94777; 46.57139;80.00000;20.00000;0.56846;2
602.71600;59.11583;      -0.94656; 46.56753;80.00000;20.00000;0.56841;2
602.81403;59.12083;      -0.94574; 46.56271;80.00000;20.00000;0.56836;2
602.91602;59.12583;      -0.94505; 46.56174;80.00000;20.00000;0.56831;2
603.01398;59.13083;      -0.94423; 46.55885;80.00000;20.00000;0.56825;2
603.10699;59.13583;      -0.94341; 46.55692;80.00000;20.00000;0.56820;2
603.20801;59.14083;      -0.94272; 46.54920;80.00000;20.00000;0.56815;2
603.30701;59.14583;      -0.94216; 46.54341;80.00000;20.00000;0.56810;2
603.40997;59.15083;      -0.94186; 46.54051;80.00000;20.00000;0.56805;2
603.51898;59.15583;      -0.94208; 46.53762;80.00000;20.00000;0.56799;2
603.61200;59.16083;      -0.94203; 46.53376;80.00000;20.00000;0.56794;2
603.71100;59.16583;      -0.94160; 46.53183;80.00000;20.00000;0.56789;2
603.81500;59.17083;      -0.94065; 46.52893;80.00000;20.00000;0.56783;2
603.91302;59.17583;      -0.93944; 46.52411;80.00000;20.00000;0.56778;2
604.00299;59.18083;      -0.93913; 46.52025;80.00000;20.00000;0.56773;2
604.10699;59.18583;      -0.93922; 46.51639;80.00000;20.00000;0.56768;2
604.20801;59.19083;      -0.93905; 46.51639;80.00000;20.00000;0.56763;2
604.30603;59.19583;      -0.93888; 46.51349;80.00000;20.00000;0.56757;2
604.40802;59.20083;      -0.93832; 46.51156;80.00000;20.00000;0.56752;2
604.50403;59.20583;      -0.93749; 46.50867;80.00000;20.00000;0.56747;2
604.59698;59.21083;      -0.93667; 46.50867;80.00000;20.00000;0.56742;2
604.70697;59.21583;      -0.93611; 46.50577;80.00000;20.00000;0.56736;2
604.79401;59.22083;      -0.93463; 46.50481;80.00000;20.00000;0.56732;2
604.90002;59.22583;      -0.93459; 46.50288;80.00000;20.00000;0.56726;2
605.00702;59.23083;      -0.93469; 46.50095;80.00000;20.00000;0.56721;2
605.09601;59.23583;      -0.93450; 46.49612;80.00000;20.00000;0.56716;2
605.19897;59.24083;      -0.93420; 46.49226;80.00000;20.00000;0.56710;2
605.30402;59.24583;      -0.93391; 46.48937;80.00000;20.00000;0.56705;2
605.40503;59.25083;      -0.93321; 46.48551;80.00000;20.00000;0.56700;2
605.49902;59.25583;      -0.93135; 46.48261;80.00000;20.00000;0.56695;2
605.58801;59.26083;      -0.92987; 46.48165;80.00000;20.00000;0.56690;2
605.69501;59.26583;      -0.92931; 46.48261;80.00000;20.00000;0.56684;2
605.78998;59.27083;      -0.93017; 46.48358;80.00000;20.00000;0.56679;2
605.89600;59.27583;      -0.93039; 46.48454;80.00000;20.00000;0.56674;2
605.99200;59.28083;      -0.92995; 46.48454;80.00000;20.00000;0.56669;2
606.08698;59.28583;      -0.93004; 46.48551;80.00000;20.00000;0.56664;2
606.18597;59.29083;      -0.92947; 46.48647;80.00000;20.00000;0.56658;2
606.28497;59.29583;      -0.92904; 46.48744;80.00000;20.00000;0.56653;2
606.38599;59.30083;      -0.92874; 46.48840;80.00000;20.00000;0.56648;2
606.49402;59.30583;      -0.92818; 46.48937;80.00000;20.00000;0.56642;2
606.57703;59.31083;      -0.92747; 46.48937;80.00000;20.00000;0.56638;2
606.67999;59.31583;      -0.92678; 46.49033;80.00000;20.00000;0.56632;2
606.78003;59.32083;      -0.92622; 46.49033;80.00000;20.00000;0.56627;2
606.87799;59.32583;      -0.92617; 46.49033;80.00000;20.00000;0.56622;2
606.98499;59.33083;      -0.92561; 46.49130;80.00000;20.00000;0.56616;2
607.07501;59.33583;      -0.92504; 46.49130;80.00000;20.00000;0.56612;2
607.17603;59.34083;      -0.92461; 46.49130;80.00000;20.00000;0.56606;2
607.27502;59.34583;      -0.92365; 46.49130;80.00000;20.00000;0.56601;2
607.38397;59.35083;      -0.92231; 46.49130;80.00000;20.00000;0.56595;2
607.48499;59.35583;      -0.92201; 46.49226;80.00000;20.00000;0.56590;2
607.58301;59.36083;      -0.92157; 46.49226;80.00000;20.00000;0.56585;2
607.67999;59.36583;      -0.92114; 46.49130;80.00000;20.00000;0.56580;2
607.78601;59.37083;      -0.92136; 46.49033;80.00000;20.00000;0.56574;2
607.87799;59.37583;      -0.92131; 46.49033;80.00000;20.00000;0.56569;2
607.97803;59.38083;      -0.92152; 46.48937;80.00000;20.00000;0.56564;2
608.07501;59.38583;      -0.92134; 46.48937;80.00000;20.00000;0.56559;2
608.17798;59.39083;      -0.92104; 46.47972;80.00000;20.00000;0.56554;2
608.27698;59.39583;      -0.92048; 46.47586;80.00000;20.00000;0.56548;2
608.37598;59.40083;      -0.91939; 46.46910;80.00000;20.00000;0.56543;2
608.47198;59.40583;      -0.91908; 46.46428;80.00000;20.00000;0.56538;2
608.56598;59.41083;      -0.91825; 46.45945;80.00000;20.00000;0.56533;2
608.67297;59.41583;      -0.91769; 46.45559;80.00000;20.00000;0.56528;2
608.77002;59.42083;      -0.91738; 46.45173;80.00000;20.00000;0.56522;2
608.87799;59.42583;      -0.91747; 46.44980;80.00000;20.00000;0.56517;2
608.97198;59.43083;      -0.91677; 46.44594;80.00000;20.00000;0.56512;2
609.07300;59.43583;      -0.91621; 46.44305;80.00000;20.00000;0.56506;2
609.17297;59.44083;      -0.91603; 46.43919;80.00000;20.00000;0.56501;2
609.26801;59.44583;      -0.91650; 46.43533;80.00000;20.00000;0.56496;2
609.37097;59.45083;      -0.91659; 46.42761;80.00000;20.00000;0.56491;2
609.46503;59.45583;      -0.91628; 46.42182;80.00000;20.00000;0.56486;2
609.57599;59.46083;      -0.91586; 46.41506;80.00000;20.00000;0.56480;2
609.66602;59.46583;      -0.91502; 46.41313;80.00000;20.00000;0.56475;2
609.76703;59.47083;      -0.91445; 46.41217;80.00000;20.00000;0.56470;2
609.87000;59.47583;      -0.91376; 46.41120;80.00000;20.00000;0.56464;2
609.96399;59.48083;      -0.91345; 46.41120;80.00000;20.00000;0.56460;2
610.06897;59.48583;      -0.91354; 46.41024;80.00000;20.00000;0.56454;2
610.16498;59.49083;      -0.91323; 46.41024;80.00000;20.00000;0.56449;2
610.26300;59.49583;      -0.91279; 46.40831;80.00000;20.00000;0.56444;2
610.36700;59.50083;      -0.91236; 46.40734;80.00000;20.00000;0.56438;2
610.47101;59.50583;      -0.91192; 46.40638;80.00000;20.00000;0.56433;2
610.56403;59.51083;      -0.91174; 46.40638;80.00000;20.00000;0.56428;2
610.66302;59.51583;      -0.91117; 46.40541;80.00000;20.00000;0.56423;2
610.77600;59.52083;      -0.91088; 46.40445;80.00000;20.00000;0.56417;2
610.87201;59.52583;      -0.91044; 46.40348;80.00000;20.00000;0.56412;2
610.96503;59.53083;      -0.91026; 46.40252;80.00000;20.00000;0.56407;2
611.06702;59.53583;      -0.91034; 46.40059;80.00000;20.00000;0.56401;2
611.16101;59.54083;      -0.91003; 46.39866;80.00000;20.00000;0.56396;2
611.26099;59.54583;      -0.90959; 46.39576;80.00000;20.00000;0.56391;2
611.36200;59.55083;      -0.90877; 46.39480;80.00000;20.00000;0.56386;2
611.46100;59.55583;      -0.90846; 46.39383;80.00000;20.00000;0.56381;2
611.57501;59.56083;      -0.90842; 46.39190;80.00000;20.00000;0.56375;2
611.67603;59.56583;      -0.90838; 46.39094;80.00000;20.00000;0.56369;2
611.76898;59.57083;      -0.90846; 46.38997;80.00000;20.00000;0.56364;2
611.86603;59.57583;      -0.90815; 46.38804;80.00000;20.00000;0.56359;2
611.96899;59.58083;      -0.90758; 46.38611;80.00000;20.00000;0.56354;2
612.05798;59.58583;      -0.90622; 46.38418;80.00000;20.00000;0.56349;2
612.16901;59.59083;      -0.90579; 46.38418;80.00000;20.00000;0.56343;2
612.26398;59.59583;      -0.90561; 46.38322;80.00000;20.00000;0.56338;2
612.37097;59.60083;      -0.90505; 46.38129;80.00000;20.00000;0.56333;2
612.45898;59.60583;      -0.90473; 46.38032;80.00000;20.00000;0.56328;2
612.56097;59.61083;      -0.90443; 46.37453;80.00000;20.00000;0.56323;2
612.65900;59.61583;      -0.90399; 46.37260;80.00000;20.00000;0.56318;2
612.76099;59.62083;      -0.90381; 46.36874;80.00000;20.00000;0.56312;2
612.85498;59.62583;      -0.90363; 46.36585;80.00000;20.00000;0.56307;2
612.96399;59.63083;      -0.90333; 46.36295;80.00000;20.00000;0.56301;2
613.06097;59.63583;      -0.90315; 46.36102;80.00000;20.00000;0.56296;2
613.15399;59.64083;      -0.90270; 46.35909;80.00000;20.00000;0.56291;2
613.24902;59.64583;      -0.90200; 46.35716;80.00000;20.00000;0.56286;2
613.35400;59.65083;      -0.90183; 46.35523;80.00000;20.00000;0.56281;2
613.45398;59.65583;      -0.90126; 46.35427;80.00000;20.00000;0.56276;2
613.55298;59.66083;      -0.89964; 46.35427;80.00000;20.00000;0.56270;2
613.65198;59.66583;      -0.89894; 46.35330;80.00000;20.00000;0.56265;2
613.76001;59.67083;      -0.89916; 46.35234;80.00000;20.00000;0.56259;2
613.84399;59.67583;      -0.89936; 46.35041;80.00000;20.00000;0.56255;2
613.94800;59.68083;      -0.89932; 46.34944;80.00000;20.00000;0.56250;2
614.04602;59.68583;      -0.89940; 46.34848;80.00000;20.00000;0.56244;2
614.14398;59.69083;      -0.89870; 46.34848;80.00000;20.00000;0.56239;2
614.25299;59.69583;      -0.89814; 46.34848;80.00000;20.00000;0.56233;2
614.34698;59.70083;      -0.89795; 46.35041;80.00000;20.00000;0.56229;2
614.44897;59.70583;      -0.89738; 46.35137;80.00000;20.00000;0.56223;2
614.54901;59.71083;      -0.89681; 46.35041;80.00000;20.00000;0.56218;2
614.64697;59.71583;      -0.89677; 46.35041;80.00000;20.00000;0.56213;2
614.74597;59.72083;      -0.89659; 46.35041;80.00000;20.00000;0.56208;2
614.84399;59.72583;      -0.89654; 46.35041;80.00000;20.00000;0.56202;2
614.94702;59.73083;      -0.89623; 46.35041;80.00000;20.00000;0.56197;2
615.03699;59.73583;      -0.89539; 46.35041;80.00000;20.00000;0.56192;2
615.14600;59.74083;      -0.89483; 46.34655;80.00000;20.00000;0.56186;2
615.24402;59.74583;      -0.89438; 46.34462;80.00000;20.00000;0.56181;2
615.34497;59.75083;      -0.89381; 46.34269;80.00000;20.00000;0.56176;2
615.44702;59.75583;      -0.89364; 46.34076;80.00000;20.00000;0.56171;2
615.53900;59.76083;      -0.89319; 46.33883;80.00000;20.00000;0.56166;2
615.63898;59.76583;      -0.89327; 46.33690;80.00000;20.00000;0.56160;2
615.74103;59.77083;      -0.89270; 46.33593;80.00000;20.00000;0.56155;2
615.83197;59.77583;      -0.89265; 46.33400;80.00000;20.00000;0.56150;2
615.93402;59.78083;      -0.89247; 46.33304;80.00000;20.00000;0.56145;2
616.03699;59.78583;      -0.89203; 46.33304;80.00000;20.00000;0.56139;2
616.12598;59.79083;      -0.89185; 46.33207;80.00000;20.00000;0.56135;2
616.24103;59.79583;      -0.89142; 46.33014;80.00000;20.00000;0.56129;2
616.33398;59.80083;      -0.89097; 46.32918;80.00000;20.00000;0.56124;2
616.43701;59.80583;      -0.89053; 46.32821;80.00000;20.00000;0.56118;2
616.52899;59.81083;      -0.89035; 46.32532;80.00000;20.00000;0.56113;2
616.63098;59.81583;      -0.88991; 46.32242;80.00000;20.00000;0.56108;2
616.72998;59.82083;      -0.88999; 46.31953;80.00000;20.00000;0.56103;2
616.82800;59.82583;      -0.88981; 46.31567;80.00000;20.00000;0.56098;2
616.93402;59.83083;      -0.88937; 46.31374;80.00000;20.00000;0.56092;2
617.02301;59.83583;      -0.88866; 46.31084;80.00000;20.00000;0.56087;2
617.12903;59.84083;      -0.88822; 46.30698;80.00000;20.00000;0.56082;2
617.22998;59.84583;      -0.88818; 46.30505;80.00000;20.00000;0.56077;2
617.32501;59.85083;      -0.88865; 46.30409;80.00000;20.00000;0.56072;2
617.42401;59.85583;      -0.88900; 46.30216;80.00000;20.00000;0.56066;2
617.52899;59.86083;      -0.88935; 46.29926;80.00000;20.00000;0.56061;2
617.63599;59.86583;      -0.88970; 46.29830;80.00000;20.00000;0.56055;2
617.72699;59.87083;      -0.88964; 46.29637;80.00000;20.00000;0.56050;2
617.82800;59.87583;      -0.88960; 46.29154;80.00000;20.00000;0.56045;2
617.92902;59.88083;      -0.88955; 46.28672;80.00000;20.00000;0.56040;2
618.02100;59.88583;      -0.88897; 46.28286;80.00000;20.00000;0.56035;2
618.12299;59.89083;      -0.88787; 46.27996;80.00000;20.00000;0.56029;2
618.22400;59.89583;      -0.88796; 46.27514;80.00000;20.00000;0.56024;2
618.31897;59.90083;      -0.88791; 46.27417;80.00000;20.00000;0.56019;2
618.42297;59.90583;      -0.88760; 46.27417;80.00000;20.00000;0.56014;2
618.53198;59.91083;      -0.88716; 46.27321;80.00000;20.00000;0.56008;2
618.62000;59.91583;      -0.88632; 46.27224;80.00000;20.00000;0.56003;2
618.72101;59.92083;      -0.88640; 46.27128;80.00000;20.00000;0.55998;2
618.81799;59.92583;      -0.88675; 46.26935;80.00000;20.00000;0.55993;2
618.91901;59.93083;      -0.88683; 46.26645;80.00000;20.00000;0.55987;2
619.01099;59.93583;      -0.88677; 46.26549;80.00000;20.00000;0.55983;2
619.11200;59.94083;      -0.88686; 46.26356;80.00000;20.00000;0.55977;2
619.22302;59.94583;      -0.88708; 46.26066;80.00000;20.00000;0.55971;2
619.32202;59.95083;      -0.88743; 46.25873;80.00000;20.00000;0.55966;2
619.41901;59.95583;      -0.88777; 46.25873;80.00000;20.00000;0.55961;2
619.51703;59.96083;      -0.88759; 46.25680;80.00000;20.00000;0.55956;2
619.61499;59.96583;      -0.88754; 46.25487;80.00000;20.00000;0.55951;2
619.71100;59.97083;      -0.88710; 46.25294;80.00000;20.00000;0.55946;2
619.81500;59.97583;      -0.88666; 46.25198;80.00000;20.00000;0.55940;2
619.91101;59.98083;      -0.88634; 46.24908;80.00000;20.00000;0.55935;2
620.00800;59.98583;      -0.88577; 46.24812;80.00000;20.00000;0.55930;2
620.10999;59.99083;      -0.88546; 46.24619;80.00000;20.00000;0.55925;2
620.20502;59.99583;      -0.88461; 46.24522;80.00000;20.00000;0.55920;2
620.30798;60.00083;      -0.88457; 46.24426;80.00000;20.00000;0.55914;2
620.40198;60.00583;      -0.88504; 46.24233;80.00000;20.00000;0.55909;2
620.50098;60.01083;      -0.88526; 46.24136;80.00000;20.00000;0.55904;2
620.59998;60.01583;      -0.88547; 46.23943;80.00000;20.00000;0.55899;2
620.70001;60.02083;      -0.88555; 46.23847;80.00000;20.00000;0.55893;2
620.80103;60.02583;      -0.88564; 46.23461;80.00000;20.00000;0.55888;2
620.90997;60.03083;      -0.88533; 46.23364;80.00000;20.00000;0.55882;2
621.00201;60.03583;      -0.88502; 46.23364;80.00000;20.00000;0.55877;2
621.10199;60.04083;      -0.88510; 46.23268;80.00000;20.00000;0.55872;2
621.20599;60.04583;      -0.88479; 46.23171;80.00000;20.00000;0.55867;2
621.30298;60.05083;      -0.88435; 46.23171;80.00000;20.00000;0.55862;2
621.40601;60.05583;      -0.88456; 46.23171;80.00000;20.00000;0.55856;2
621.50403;60.06083;      -0.88465; 46.23171;80.00000;20.00000;0.55851;2
621.60101;60.06583;      -0.88459; 46.23075;80.00000;20.00000;0.55846;2
621.70203;60.07083;      -0.88468; 46.23075;80.00000;20.00000;0.55841;2
621.80200;60.07583;      -0.88463; 46.22978;80.00000;20.00000;0.55835;2
621.89203;60.08083;      -0.88497; 46.22785;80.00000;20.00000;0.55831;2
621.99597;60.08583;      -0.88493; 46.22592;80.00000;20.00000;0.55825;2
622.09698;60.09083;      -0.88501; 46.22496;80.00000;20.00000;0.55820;2
622.19397;60.09583;      -0.88522; 46.22303;80.00000;20.00000;0.55815;2
622.29797;60.10083;      -0.88557; 46.22303;80.00000;20.00000;0.55809;2
622.40503;60.10583;      -0.88514; 46.22110;80.00000;20.00000;0.55803;2
622.48700;60.11083;      -0.88507; 46.21917;80.00000;20.00000;0.55799;2
622.59100;60.11583;      -0.88529; 46.21820;80.00000;20.00000;0.55794;2
622.69000;60.12083;      -0.88511; 46.21724;80.00000;20.00000;0.55788;2
622.79401;60.12583;      -0.88520; 46.21627;80.00000;20.00000;0.55783;2
622.89502;60.13083;      -0.88489; 46.21531;80.00000;20.00000;0.55778;2
622.98602;60.13583;      -0.88470; 46.21531;80.00000;20.00000;0.55773;2
623.09900;60.14083;      -0.88426; 46.21434;80.00000;20.00000;0.55767;2
623.19000;60.14583;      -0.88381; 46.21241;80.00000;20.00000;0.55762;2
623.29401;60.15083;      -0.88443; 46.21145;80.00000;20.00000;0.55757;2
623.39301;60.15583;      -0.88478; 46.21145;80.00000;20.00000;0.55751;2
623.49402;60.16083;      -0.88473; 46.20855;80.00000;20.00000;0.55746;2
623.59497;60.16583;      -0.88508; 46.20566;80.00000;20.00000;0.55741;2
623.69000;60.17083;      -0.88555; 46.20373;80.00000;20.00000;0.55736;2
623.79498;60.17583;      -0.88577; 46.20083;80.00000;20.00000;0.55730;2
623.88800;60.18083;      -0.88585; 46.19987;80.00000;20.00000;0.55725;2
623.98798;60.18583;      -0.88554; 46.19697;80.00000;20.00000;0.55720;2
624.08698;60.19083;      -0.88562; 46.19504;80.00000;20.00000;0.55715;2
624.19397;60.19583;      -0.88558; 46.19311;80.00000;20.00000;0.55709;2
624.28802;60.20083;      -0.88553; 46.19311;80.00000;20.00000;0.55704;2
624.38501;60.20583;      -0.88574; 46.19215;80.00000;20.00000;0.55699;2
624.49500;60.21083;      -0.88583; 46.19311;80.00000;20.00000;0.55693;2
624.58801;60.21583;      -0.88565; 46.19311;80.00000;20.00000;0.55688;2
624.68201;60.22083;      -0.88520; 46.19215;80.00000;20.00000;0.55683;2
624.78601;60.22583;      -0.88422; 46.19118;80.00000;20.00000;0.55678;2
624.88397;60.23083;      -0.88351; 46.19022;80.00000;20.00000;0.55673;2
624.98199;60.23583;      -0.88360; 46.18925;80.00000;20.00000;0.55667;2
625.08002;60.24083;      -0.88407; 46.18925;80.00000;20.00000;0.55662;2
625.18597;60.24583;      -0.88469; 46.18829;80.00000;20.00000;0.55657;2
625.28198;60.25083;      -0.88543; 46.18732;80.00000;20.00000;0.55652;2
625.38098;60.25583;      -0.88578; 46.18636;80.00000;20.00000;0.55646;2
625.47803;60.26083;      -0.88547; 46.18636;80.00000;20.00000;0.55641;2
625.58002;60.26583;      -0.88529; 46.18539;80.00000;20.00000;0.55636;2
625.68402;60.27083;      -0.88538; 46.18443;80.00000;20.00000;0.55630;2
625.77301;60.27583;      -0.88545; 46.18539;80.00000;20.00000;0.55626;2
625.88397;60.28083;      -0.88541; 46.18539;80.00000;20.00000;0.55620;2
625.97302;60.28583;      -0.88509; 46.18539;80.00000;20.00000;0.55615;2
626.07501;60.29083;      -0.88451; 46.18346;80.00000;20.00000;0.55610;2
626.17999;60.29583;      -0.88434; 46.18250;80.00000;20.00000;0.55604;2
626.27899;60.30083;      -0.88455; 46.18057;80.00000;20.00000;0.55599;2
626.37500;60.30583;      -0.88503; 46.17671;80.00000;20.00000;0.55594;2
626.47601;60.31083;      -0.88525; 46.17574;80.00000;20.00000;0.55588;2
626.57703;60.31583;      -0.88507; 46.17478;80.00000;20.00000;0.55583;2
626.67401;60.32083;      -0.88435; 46.17285;80.00000;20.00000;0.55578;2
626.77698;60.32583;      -0.88404; 46.17188;80.00000;20.00000;0.55573;2
626.86902;60.33083;      -0.88386; 46.17188;80.00000;20.00000;0.55568;2
626.96997;60.33583;      -0.88381; 46.17092;80.00000;20.00000;0.55562;2
627.06897;60.34083;      -0.88416; 46.16995;80.00000;20.00000;0.55557;2
627.16602;60.34583;      -0.88450; 46.16899;80.00000;20.00000;0.55552;2
627.26898;60.35083;      -0.88525; 46.16802;80.00000;20.00000;0.55547;2
627.37500;60.35583;      -0.88574; 46.16706;80.00000;20.00000;0.55541;2
627.47498;60.36083;      -0.88582; 46.16706;80.00000;20.00000;0.55536;2
627.57300;60.36583;      -0.88604; 46.16609;80.00000;20.00000;0.55531;2
627.66602;60.37083;      -0.88598; 46.16609;80.00000;20.00000;0.55526;2
627.77502;60.37583;      -0.88568; 46.16513;80.00000;20.00000;0.55520;2
627.88000;60.38083;      -0.88537; 46.16416;80.00000;20.00000;0.55514;2
627.97400;60.38583;      -0.88571; 46.16223;80.00000;20.00000;0.55509;2
628.07202;60.39083;      -0.88593; 46.16127;80.00000;20.00000;0.55504;2
628.16400;60.39583;      -0.88627; 46.16030;80.00000;20.00000;0.55499;2
628.27002;60.40083;      -0.88649; 46.15837;80.00000;20.00000;0.55494;2
628.36603;60.40583;      -0.88644; 46.15451;80.00000;20.00000;0.55489;2
628.47400;60.41083;      -0.88587; 46.15065;80.00000;20.00000;0.55483;2
628.55902;60.41583;      -0.88541; 46.14872;80.00000;20.00000;0.55478;2
628.65997;60.42083;      -0.88576; 46.14486;80.00000;20.00000;0.55473;2
628.76801;60.42583;      -0.88599; 46.14486;80.00000;20.00000;0.55467;2
628.86499;60.43083;      -0.88633; 46.14583;80.00000;20.00000;0.55462;2
628.96198;60.43583;      -0.88641; 46.14583;80.00000;20.00000;0.55457;2
629.05499;60.44083;      -0.88636; 46.14679;80.00000;20.00000;0.55452;2
629.15802;60.44583;      -0.88605; 46.14679;80.00000;20.00000;0.55447;2
629.26099;60.45083;      -0.88560; 46.14583;80.00000;20.00000;0.55441;2
629.36499;60.45583;      -0.88583; 46.14583;80.00000;20.00000;0.55436;2
629.46301;60.46083;      -0.88591; 46.14486;80.00000;20.00000;0.55431;2
629.55499;60.46583;      -0.88599; 46.14390;80.00000;20.00000;0.55426;2
629.65399;60.47083;      -0.88607; 46.14197;80.00000;20.00000;0.55421;2
629.75299;60.47583;      -0.88602; 46.14100;80.00000;20.00000;0.55415;2
629.84900;60.48083;      -0.88610; 46.14004;80.00000;20.00000;0.55410;2
629.95898;60.48583;      -0.88606; 46.13907;80.00000;20.00000;0.55404;2
630.05200;60.49083;      -0.88627; 46.13714;80.00000;20.00000;0.55400;2
630.15698;60.49583;      -0.88623; 46.13521;80.00000;20.00000;0.55394;2
630.24902;60.50083;      -0.88617; 46.13425;80.00000;20.00000;0.55389;2
630.35400;60.50583;      -0.88653; 46.13232;80.00000;20.00000;0.55384;2
630.45203;60.51083;      -0.88688; 46.13039;80.00000;20.00000;0.55378;2
630.53998;60.51583;      -0.88722; 46.12846;80.00000;20.00000;0.55374;2
630.64600;60.52083;      -0.88678; 46.12749;80.00000;20.00000;0.55368;2
630.75000;60.52583;      -0.88713; 46.12460;80.00000;20.00000;0.55363;2
630.84900;60.53083;      -0.88748; 46.12267;80.00000;20.00000;0.55357;2
630.94897;60.53583;      -0.88770; 46.12074;80.00000;20.00000;0.55352;2
631.05603;60.54083;      -0.88779; 46.11977;80.00000;20.00000;0.55347;2
631.14600;60.54583;      -0.88773; 46.11881;80.00000;20.00000;0.55342;2
631.24298;60.55083;      -0.88768; 46.11881;80.00000;20.00000;0.55337;2
631.34399;60.55583;      -0.88803; 46.11784;80.00000;20.00000;0.55331;2
631.44098;60.56083;      -0.88825; 46.11784;80.00000;20.00000;0.55326;2
631.55798;60.56583;      -0.88835; 46.11688;80.00000;20.00000;0.55320;2
631.64001;60.57083;      -0.88855; 46.11495;80.00000;20.00000;0.55316;2
631.74402;60.57583;      -0.88864; 46.11398;80.00000;20.00000;0.55310;2
631.84302;60.58083;      -0.88965; 46.11302;80.00000;20.00000;0.55305;2
631.94897;60.58583;      -0.89001; 46.11109;80.00000;20.00000;0.55299;2
632.04498;60.59083;      -0.88943; 46.10530;80.00000;20.00000;0.55294;2
632.14502;60.59583;      -0.88991; 46.10337;80.00000;20.00000;0.55289;2
632.25098;60.60083;      -0.89040; 46.10144;80.00000;20.00000;0.55283;2
632.34198;60.60583;      -0.88968; 46.10047;80.00000;20.00000;0.55279;2
632.44397;60.61083;      -0.88963; 46.09661;80.00000;20.00000;0.55273;2
632.53699;60.61583;      -0.88971; 46.09372;80.00000;20.00000;0.55268;2
632.63800;60.62083;      -0.88953; 46.09179;80.00000;20.00000;0.55263;2
632.74298;60.62583;      -0.89015; 46.08986;80.00000;20.00000;0.55257;2
632.84698;60.63083;      -0.89077; 46.08793;80.00000;20.00000;0.55252;2
632.93701;60.63583;      -0.89072; 46.08600;80.00000;20.00000;0.55247;2
633.03998;60.64083;      -0.89081; 46.08407;80.00000;20.00000;0.55242;2
633.14801;60.64583;      -0.89130; 46.08117;80.00000;20.00000;0.55236;2
633.24103;60.65083;      -0.89151; 46.07924;80.00000;20.00000;0.55231;2
633.34003;60.65583;      -0.89146; 46.07442;80.00000;20.00000;0.55226;2
633.43402;60.66083;      -0.89128; 46.07153;80.00000;20.00000;0.55221;2
633.54303;60.66583;      -0.89137; 46.06767;80.00000;20.00000;0.55215;2
633.63501;60.67083;      -0.89145; 46.06477;80.00000;20.00000;0.55210;2
633.73499;60.67583;      -0.89153; 46.06091;80.00000;20.00000;0.55205;2
633.83502;60.68083;      -0.89175; 46.06091;80.00000;20.00000;0.55200;2
633.94202;60.68583;      -0.89211; 46.05995;80.00000;20.00000;0.55194;2
634.03601;60.69083;      -0.89246; 46.05995;80.00000;20.00000;0.55189;2
634.13501;60.69583;      -0.89267; 46.05802;80.00000;20.00000;0.55184;2
634.23499;60.70083;      -0.89276; 46.05609;80.00000;20.00000;0.55178;2
634.32898;60.70583;      -0.89324; 46.05416;80.00000;20.00000;0.55173;2
634.43201;60.71083;      -0.89333; 46.05223;80.00000;20.00000;0.55168;2
634.53699;60.71583;      -0.89342; 46.05030;80.00000;20.00000;0.55162;2
634.62500;60.72083;      -0.89376; 46.04933;80.00000;20.00000;0.55158;2
634.72498;60.72583;      -0.89411; 46.04451;80.00000;20.00000;0.55153;2
634.82501;60.73083;      -0.89447; 46.04354;80.00000;20.00000;0.55147;2
634.91602;60.73583;      -0.89468; 46.04161;80.00000;20.00000;0.55142;2
635.01801;60.74083;      -0.89356; 46.03775;80.00000;20.00000;0.55137;2
635.12097;60.74583;      -0.89392; 46.03389;80.00000;20.00000;0.55132;2
635.21899;60.75083;      -0.89440; 46.03196;80.00000;20.00000;0.55126;2
635.31702;60.75583;      -0.89462; 46.03003;80.00000;20.00000;0.55121;2
635.41901;60.76083;      -0.89524; 46.02714;80.00000;20.00000;0.55116;2
635.51898;60.76583;      -0.89600; 46.02617;80.00000;20.00000;0.55111;2
635.61700;60.77083;      -0.89662; 46.02424;80.00000;20.00000;0.55105;2
635.72302;60.77583;      -0.89671; 46.02328;80.00000;20.00000;0.55100;2
635.82098;60.78083;      -0.89693; 46.02135;80.00000;20.00000;0.55095;2
635.91998;60.78583;      -0.89701; 46.02038;80.00000;20.00000;0.55089;2
636.02002;60.79083;      -0.89696; 46.02038;80.00000;20.00000;0.55084;2
636.11700;60.79583;      -0.89705; 46.01942;80.00000;20.00000;0.55079;2
636.21100;60.80083;      -0.89780; 46.01749;80.00000;20.00000;0.55074;2
636.31598;60.80583;      -0.89896; 46.01652;80.00000;20.00000;0.55068;2
636.41498;60.81083;      -0.89944; 46.01556;80.00000;20.00000;0.55063;2
636.52301;60.81583;      -0.89980; 46.01556;80.00000;20.00000;0.55057;2
636.61499;60.82083;      -0.89962; 46.01459;80.00000;20.00000;0.55053;2
636.71301;60.82583;      -0.89983; 46.01556;80.00000;20.00000;0.55047;2
636.80701;60.83083;      -0.89978; 46.01652;80.00000;20.00000;0.55042;2
636.90802;60.83583;      -0.89973; 46.01652;80.00000;20.00000;0.55037;2
637.00702;60.84083;      -0.89995; 46.01652;80.00000;20.00000;0.55032;2
637.10602;60.84583;      -0.90084; 46.01652;80.00000;20.00000;0.55027;2
637.21399;60.85083;      -0.90147; 46.01652;80.00000;20.00000;0.55021;2
637.29797;60.85583;      -0.90114; 46.01652;80.00000;20.00000;0.55016;2
637.39301;60.86083;      -0.90122; 46.01652;80.00000;20.00000;0.55011;2
637.49799;60.86583;      -0.90172; 46.01556;80.00000;20.00000;0.55006;2
637.61401;60.87083;      -0.90168; 46.01556;80.00000;20.00000;0.55000;2
637.70801;60.87583;      -0.90190; 46.01459;80.00000;20.00000;0.54995;2
637.79901;60.88083;      -0.90198; 46.00880;80.00000;20.00000;0.54990;2
637.90601;60.88583;      -0.90274; 46.00301;80.00000;20.00000;0.54984;2
638.00403;60.89083;      -0.90376; 45.99819;80.00000;20.00000;0.54979;2
638.10101;60.89583;      -0.90425; 45.99433;80.00000;20.00000;0.54974;2
638.19702;60.90083;      -0.90460; 45.99336;80.00000;20.00000;0.54969;2
638.30200;60.90583;      -0.90496; 45.99336;80.00000;20.00000;0.54963;2
638.40100;60.91083;      -0.90558; 45.99336;80.00000;20.00000;0.54958;2
638.50500;60.91583;      -0.90607; 45.99336;80.00000;20.00000;0.54953;2
638.59998;60.92083;      -0.90643; 45.99143;80.00000;20.00000;0.54948;2
638.69299;60.92583;      -0.90637; 45.98950;80.00000;20.00000;0.54943;2
638.79797;60.93083;      -0.90633; 45.98757;80.00000;20.00000;0.54937;2
638.88898;60.93583;      -0.90628; 45.98564;80.00000;20.00000;0.54932;2
638.99701;60.94083;      -0.90610; 45.98275;80.00000;20.00000;0.54927;2
639.09601;60.94583;      -0.90605; 45.97985;80.00000;20.00000;0.54921;2
639.19000;60.95083;      -0.90614; 45.97696;80.00000;20.00000;0.54916;2
639.29901;60.95583;      -0.90650; 45.97406;80.00000;20.00000;0.54911;2
639.39398;60.96083;      -0.90685; 45.97213;80.00000;20.00000;0.54906;2
639.48798;60.96583;      -0.90747; 45.96924;80.00000;20.00000;0.54901;2
639.58698;60.97083;      -0.90782; 45.96538;80.00000;20.00000;0.54895;2
639.68597;60.97583;      -0.90845; 45.96441;80.00000;20.00000;0.54890;2
639.79498;60.98083;      -0.90881; 45.96345;80.00000;20.00000;0.54884;2
639.89203;60.98583;      -0.90876; 45.96345;80.00000;20.00000;0.54879;2
639.99298;60.99083;      -0.90898; 45.96248;80.00000;20.00000;0.54874;2
640.09698;60.99583;      -0.90975; 45.96152;80.00000;20.00000;0.54868;2
640.19501;61.00083;      -0.90970; 45.95959;80.00000;20.00000;0.54863;2
640.29498;61.00583;      -0.91019; 45.95766;80.00000;20.00000;0.54858;2
640.40002;61.01083;      -0.91149; 45.95669;80.00000;20.00000;0.54852;2
640.49701;61.01583;      -0.91104; 45.95476;80.00000;20.00000;0.54847;2
640.59302;61.02083;      -0.91085; 45.95283;80.00000;20.00000;0.54842;2
640.68903;61.02583;      -0.91080; 45.95090;80.00000;20.00000;0.54837;2
640.79498;61.03083;      -0.91117; 45.94994;80.00000;20.00000;0.54831;2
640.89301;61.03583;      -0.91206; 45.94897;80.00000;20.00000;0.54826;2
640.99200;61.04083;      -0.91214; 45.94801;80.00000;20.00000;0.54821;2
641.09399;61.04583;      -0.91250; 45.94704;80.00000;20.00000;0.54816;2
641.19501;61.05083;      -0.91273; 45.94608;80.00000;20.00000;0.54810;2
641.29797;61.05583;      -0.91295; 45.94415;80.00000;20.00000;0.54805;2
641.39502;61.06083;      -0.91304; 45.94318;80.00000;20.00000;0.54800;2
641.48700;61.06583;      -0.91312; 45.94222;80.00000;20.00000;0.54795;2
641.59003;61.07083;      -0.91348; 45.94125;80.00000;20.00000;0.54789;2
641.68701;61.07583;      -0.91423; 45.94125;80.00000;20.00000;0.54784;2
641.78003;61.08083;      -0.91485; 45.94029;80.00000;20.00000;0.54779;2
641.88501;61.08583;      -0.91508; 45.94029;80.00000;20.00000;0.54774;2
641.98102;61.09083;      -0.91490; 45.94125;80.00000;20.00000;0.54769;2
642.08099;61.09583;      -0.91499; 45.94125;80.00000;20.00000;0.54763;2
642.17297;61.10083;      -0.91507; 45.94125;80.00000;20.00000;0.54759;2
642.27899;61.10583;      -0.91449; 45.94125;80.00000;20.00000;0.54753;2
642.38599;61.11083;      -0.91458; 45.94125;80.00000;20.00000;0.54747;2
642.48297;61.11583;      -0.91521; 45.94125;80.00000;20.00000;0.54742;2
642.57898;61.12083;      -0.91556; 45.93932;80.00000;20.00000;0.54737;2
642.67798;61.12583;      -0.91646; 45.93836;80.00000;20.00000;0.54732;2
642.78302;61.13083;      -0.91709; 45.93739;80.00000;20.00000;0.54726;2
642.87097;61.13583;      -0.91784; 45.93739;80.00000;20.00000;0.54722;2
642.97302;61.14083;      -0.91806; 45.93643;80.00000;20.00000;0.54716;2
643.07800;61.14583;      -0.91869; 45.93643;80.00000;20.00000;0.54711;2
643.16498;61.15083;      -0.91918; 45.93643;80.00000;20.00000;0.54706;2
643.28101;61.15583;      -0.91874; 45.93546;80.00000;20.00000;0.54700;2
643.37598;61.16083;      -0.91856; 45.93450;80.00000;20.00000;0.54695;2
643.46899;61.16583;      -0.91904; 45.93353;80.00000;20.00000;0.54690;2
643.57202;61.17083;      -0.91886; 45.93353;80.00000;20.00000;0.54684;2
643.67499;61.17583;      -0.91909; 45.93160;80.00000;20.00000;0.54679;2
643.76501;61.18083;      -0.91904; 45.92967;80.00000;20.00000;0.54674;2
643.86798;61.18583;      -0.92061; 45.92871;80.00000;20.00000;0.54669;2
643.97699;61.19083;      -0.92138; 45.92678;80.00000;20.00000;0.54663;2
644.06702;61.19583;      -0.92200; 45.92485;80.00000;20.00000;0.54658;2
644.16302;61.20083;      -0.92249; 45.92195;80.00000;20.00000;0.54653;2
644.27399;61.20583;      -0.92232; 45.91906;80.00000;20.00000;0.54647;2
644.37201;61.21083;      -0.92281; 45.91616;80.00000;20.00000;0.54642;2
644.46503;61.21583;      -0.92343; 45.91327;80.00000;20.00000;0.54637;2
644.56403;61.22083;      -0.92406; 45.91037;80.00000;20.00000;0.54632;2
644.66400;61.22583;      -0.92550; 45.90941;80.00000;20.00000;0.54627;2
644.76398;61.23083;      -0.92559; 45.90748;80.00000;20.00000;0.54621;2
644.85999;61.23583;      -0.92554; 45.90748;80.00000;20.00000;0.54616;2
644.96399;61.24083;      -0.92658; 45.90748;80.00000;20.00000;0.54611;2
645.05701;61.24583;      -0.92733; 45.90555;80.00000;20.00000;0.54606;2
645.16302;61.25083;      -0.92702; 45.90458;80.00000;20.00000;0.54600;2
645.25897;61.25583;      -0.92751; 45.90362;80.00000;20.00000;0.54595;2
645.34698;61.26083;      -0.92759; 45.90169;80.00000;20.00000;0.54591;2
645.45300;61.26583;      -0.92796; 45.90072;80.00000;20.00000;0.54585;2
645.55499;61.27083;      -0.92805; 45.89976;80.00000;20.00000;0.54580;2
645.65302;61.27583;      -0.92787; 45.89783;80.00000;20.00000;0.54574;2
645.75299;61.28083;      -0.92782; 45.89300;80.00000;20.00000;0.54569;2
645.84900;61.28583;      -0.92926; 45.89204;80.00000;20.00000;0.54564;2
645.95203;61.29083;      -0.93030; 45.89011;80.00000;20.00000;0.54558;2
646.04999;61.29583;      -0.93106; 45.88818;80.00000;20.00000;0.54553;2
646.15100;61.30083;      -0.93156; 45.88528;80.00000;20.00000;0.54548;2
646.25403;61.30583;      -0.93165; 45.88239;80.00000;20.00000;0.54542;2
646.35303;61.31083;      -0.93228; 45.88142;80.00000;20.00000;0.54537;2
646.45099;61.31583;      -0.93277; 45.88046;80.00000;20.00000;0.54532;2
646.54700;61.32083;      -0.93286; 45.87853;80.00000;20.00000;0.54527;2
646.64697;61.32583;      -0.93255; 45.87660;80.00000;20.00000;0.54522;2
646.74701;61.33083;      -0.93345; 45.87563;80.00000;20.00000;0.54516;2
646.84198;61.33583;      -0.93380; 45.87467;80.00000;20.00000;0.54511;2
646.93597;61.34083;      -0.93456; 45.87177;80.00000;20.00000;0.54506;2
647.05603;61.34583;      -0.93535; 45.86888;80.00000;20.00000;0.54500;2
647.15100;61.35083;      -0.93665; 45.86791;80.00000;20.00000;0.54495;2
647.24597;61.35583;      -0.93768; 45.86598;80.00000;20.00000;0.54490;2
647.34198;61.36083;      -0.93872; 45.86212;80.00000;20.00000;0.54485;2
647.44299;61.36583;      -0.93948; 45.85826;80.00000;20.00000;0.54480;2
647.54901;61.37083;      -0.94066; 45.85440;80.00000;20.00000;0.54474;2
647.63800;61.37583;      -0.94128; 45.85054;80.00000;20.00000;0.54469;2
647.73999;61.38083;      -0.94219; 45.84668;80.00000;20.00000;0.54464;2
647.84100;61.38583;      -0.94215; 45.84572;80.00000;20.00000;0.54458;2
647.94501;61.39083;      -0.94211; 45.84668;80.00000;20.00000;0.54453;2
648.04199;61.39583;      -0.94287; 45.84668;80.00000;20.00000;0.54448;2
648.15100;61.40083;      -0.94338; 45.84765;80.00000;20.00000;0.54442;2
648.24597;61.40583;      -0.94428; 45.84765;80.00000;20.00000;0.54437;2
648.34698;61.41083;      -0.94491; 45.84861;80.00000;20.00000;0.54432;2
648.43903;61.41583;      -0.94513; 45.84765;80.00000;20.00000;0.54427;2
648.53900;61.42083;      -0.94590; 45.84668;80.00000;20.00000;0.54422;2
648.64301;61.42583;      -0.94653; 45.84572;80.00000;20.00000;0.54416;2
648.74298;61.43083;      -0.94717; 45.84475;80.00000;20.00000;0.54411;2
648.84399;61.43583;      -0.94753; 45.84379;80.00000;20.00000;0.54405;2
648.93701;61.44083;      -0.94789; 45.84282;80.00000;20.00000;0.54400;2
649.03802;61.44583;      -0.94825; 45.84186;80.00000;20.00000;0.54395;2
649.13501;61.45083;      -0.94794; 45.84089;80.00000;20.00000;0.54390;2
649.23999;61.45583;      -0.94817; 45.83800;80.00000;20.00000;0.54384;2
649.34003;61.46083;      -0.95016; 45.83703;80.00000;20.00000;0.54379;2
649.44000;61.46583;      -0.95079; 45.83510;80.00000;20.00000;0.54374;2
649.53003;61.47083;      -0.95087; 45.83317;80.00000;20.00000;0.54369;2
649.63202;61.47583;      -0.95029; 45.83221;80.00000;20.00000;0.54364;2
649.73199;61.48083;      -0.94998; 45.83028;80.00000;20.00000;0.54358;2
649.82898;61.48583;      -0.95007; 45.82738;80.00000;20.00000;0.54353;2
649.93298;61.49083;      -0.95003; 45.82642;80.00000;20.00000;0.54348;2
650.03101;61.49583;      -0.95025; 45.82545;80.00000;20.00000;0.54342;2
650.13898;61.50083;      -0.95049; 45.82449;80.00000;20.00000;0.54337;2
650.23700;61.50583;      -0.95072; 45.82256;80.00000;20.00000;0.54332;2
650.33301;61.51083;      -0.95135; 45.82256;80.00000;20.00000;0.54326;2
650.44000;61.51583;      -0.95199; 45.82449;80.00000;20.00000;0.54321;2
650.53497;61.52083;      -0.95262; 45.82449;80.00000;20.00000;0.54316;2
650.63898;61.52583;      -0.95312; 45.82545;80.00000;20.00000;0.54310;2
650.73401;61.53083;      -0.95375; 45.82545;80.00000;20.00000;0.54305;2
650.83099;61.53583;      -0.95438; 45.82642;80.00000;20.00000;0.54300;2
650.92798;61.54083;      -0.95461; 45.82545;80.00000;20.00000;0.54295;2
651.02600;61.54583;      -0.95552; 45.82642;80.00000;20.00000;0.54290;2
651.13000;61.55083;      -0.95643; 45.82738;80.00000;20.00000;0.54284;2
651.23297;61.55583;      -0.95693; 45.82738;80.00000;20.00000;0.54279;2
651.33398;61.56083;      -0.95757; 45.82835;80.00000;20.00000;0.54273;2
651.42999;61.56583;      -0.95820; 45.82835;80.00000;20.00000;0.54268;2
651.53198;61.57083;      -0.95857; 45.82931;80.00000;20.00000;0.54263;2
651.62799;61.57583;      -0.95920; 45.82835;80.00000;20.00000;0.54258;2
651.72601;61.58083;      -0.95970; 45.82835;80.00000;20.00000;0.54253;2
651.82703;61.58583;      -0.96006; 45.82835;80.00000;20.00000;0.54247;2
651.92102;61.59083;      -0.96069; 45.82931;80.00000;20.00000;0.54242;2
652.02100;61.59583;      -0.96106; 45.83028;80.00000;20.00000;0.54237;2
652.12000;61.60083;      -0.96156; 45.82931;80.00000;20.00000;0.54232;2
652.21899;61.60583;      -0.96179; 45.82931;80.00000;20.00000;0.54227;2
652.31299;61.61083;      -0.96201; 45.82835;80.00000;20.00000;0.54222;2
652.42200;61.61583;      -0.96239; 45.82835;80.00000;20.00000;0.54216;2
652.52301;61.62083;      -0.96289; 45.82738;80.00000;20.00000;0.54210;2
652.61700;61.62583;      -0.96325; 45.82642;80.00000;20.00000;0.54205;2
652.71899;61.63083;      -0.96348; 45.82545;80.00000;20.00000;0.54200;2
652.82703;61.63583;      -0.96385; 45.82642;80.00000;20.00000;0.54194;2
652.91498;61.64083;      -0.96407; 45.82449;80.00000;20.00000;0.54190;2
653.01202;61.64583;      -0.96444; 45.82256;80.00000;20.00000;0.54185;2
653.12201;61.65083;      -0.96427; 45.82256;80.00000;20.00000;0.54179;2
653.21301;61.65583;      -0.96408; 45.82159;80.00000;20.00000;0.54174;2
653.31403;61.66083;      -0.96459; 45.82159;80.00000;20.00000;0.54169;2
653.41498;61.66583;      -0.96577; 45.81966;80.00000;20.00000;0.54163;2
653.51398;61.67083;      -0.96627; 45.81966;80.00000;20.00000;0.54158;2
653.61700;61.67583;      -0.96677; 45.81870;80.00000;20.00000;0.54153;2
653.71301;61.68083;      -0.96714; 45.81773;80.00000;20.00000;0.54147;2
653.81097;61.68583;      -0.96777; 45.81773;80.00000;20.00000;0.54142;2
653.90997;61.69083;      -0.96855; 45.81677;80.00000;20.00000;0.54137;2
654.00201;61.69583;      -0.96904; 45.81580;80.00000;20.00000;0.54132;2
654.10602;61.70083;      -0.96914; 45.81387;80.00000;20.00000;0.54127;2
654.19800;61.70583;      -0.96923; 45.81098;80.00000;20.00000;0.54122;2
654.30902;61.71083;      -0.96933; 45.80712;80.00000;20.00000;0.54116;2
654.40900;61.71583;      -0.97011; 45.80519;80.00000;20.00000;0.54111;2
654.50201;61.72083;      -0.97074; 45.80326;80.00000;20.00000;0.54106;2
654.59900;61.72583;      -0.97097; 45.80036;80.00000;20.00000;0.54100;2
654.70599;61.73083;      -0.97134; 45.79940;80.00000;20.00000;0.54095;2
654.80798;61.73583;      -0.97212; 45.79843;80.00000;20.00000;0.54089;2
654.90302;61.74083;      -0.97248; 45.79747;80.00000;20.00000;0.54084;2
655.01398;61.74583;      -0.97286; 45.79747;80.00000;20.00000;0.54078;2
655.10999;61.75083;      -0.97363; 45.79747;80.00000;20.00000;0.54073;2
655.20203;61.75583;      -0.97386; 45.79650;80.00000;20.00000;0.54069;2
655.29401;61.76083;      -0.97449; 45.79554;80.00000;20.00000;0.54064;2
655.40100;61.76583;      -0.97527; 45.79554;80.00000;20.00000;0.54058;2
655.49902;61.77083;      -0.97619; 45.79457;80.00000;20.00000;0.54053;2
655.59900;61.77583;      -0.97751; 45.79361;80.00000;20.00000;0.54047;2
655.69202;61.78083;      -0.97814; 45.79264;80.00000;20.00000;0.54043;2
655.79498;61.78583;      -0.97769; 45.79168;80.00000;20.00000;0.54037;2
655.89301;61.79083;      -0.97738; 45.79071;80.00000;20.00000;0.54032;2
656.00000;61.79583;      -0.97776; 45.78975;80.00000;20.00000;0.54026;2
656.09802;61.80083;      -0.97839; 45.78782;80.00000;20.00000;0.54021;2
656.19897;61.80583;      -0.97945; 45.78685;80.00000;20.00000;0.54016;2
656.30200;61.81083;      -0.98036; 45.78589;80.00000;20.00000;0.54010;2
656.40399;61.81583;      -0.98060; 45.78492;80.00000;20.00000;0.54005;2
656.49200;61.82083;      -0.98109; 45.78299;80.00000;20.00000;0.54000;2
656.59497;61.82583;      -0.98242; 45.78106;80.00000;20.00000;0.53995;2
656.69598;61.83083;      -0.98279; 45.78010;80.00000;20.00000;0.53989;2
656.79199;61.83583;      -0.98288; 45.77913;80.00000;20.00000;0.53984;2
656.88800;61.84083;      -0.98338; 45.77817;80.00000;20.00000;0.53979;2
656.99103;61.84583;      -0.98321; 45.77720;80.00000;20.00000;0.53974;2
657.09198;61.85083;      -0.98358; 45.77624;80.00000;20.00000;0.53968;2
657.18799;61.85583;      -0.98435; 45.77624;80.00000;20.00000;0.53963;2
657.28699;61.86083;      -0.98499; 45.77431;80.00000;20.00000;0.53958;2
657.38000;61.86583;      -0.98549; 45.77431;80.00000;20.00000;0.53953;2
657.48999;61.87083;      -0.98574; 45.77334;80.00000;20.00000;0.53947;2
657.58698;61.87583;      -0.98651; 45.77238;80.00000;20.00000;0.53942;2
657.68903;61.88083;      -0.98716; 45.77238;80.00000;20.00000;0.53937;2
657.78802;61.88583;      -0.98807; 45.77141;80.00000;20.00000;0.53931;2
657.88501;61.89083;      -0.98871; 45.76852;80.00000;20.00000;0.53926;2
657.98798;61.89583;      -0.98895; 45.76755;80.00000;20.00000;0.53921;2
658.07501;61.90083;      -0.98944; 45.76755;80.00000;20.00000;0.53916;2
658.17902;61.90583;      -0.98996; 45.76659;80.00000;20.00000;0.53911;2
658.27802;61.91083;      -0.99033; 45.76562;80.00000;20.00000;0.53906;2
658.38501;61.91583;      -0.99111; 45.76369;80.00000;20.00000;0.53900;2
658.48102;61.92083;      -0.99162; 45.76176;80.00000;20.00000;0.53895;2
658.57501;61.92583;      -0.99212; 45.76080;80.00000;20.00000;0.53890;2
658.67999;61.93083;      -0.99263; 45.75983;80.00000;20.00000;0.53884;2
658.77899;61.93583;      -0.99273; 45.75790;80.00000;20.00000;0.53879;2
658.88098;61.94083;      -0.99310; 45.75694;80.00000;20.00000;0.53874;2
658.97998;61.94583;      -0.99388; 45.75597;80.00000;20.00000;0.53868;2
659.07599;61.95083;      -0.99466; 45.75501;80.00000;20.00000;0.53863;2
659.17798;61.95583;      -0.99599; 45.75404;80.00000;20.00000;0.53858;2
659.28198;61.96083;      -0.99664; 45.75308;80.00000;20.00000;0.53852;2
659.37799;61.96583;      -0.99714; 45.75115;80.00000;20.00000;0.53847;2
659.47302;61.97083;      -0.99751; 45.75018;80.00000;20.00000;0.53842;2
659.57397;61.97583;      -0.99829; 45.75018;80.00000;20.00000;0.53837;2
659.67297;61.98083;      -0.99893; 45.74922;80.00000;20.00000;0.53832;2
659.77197;61.98583;      -0.99944; 45.74729;80.00000;20.00000;0.53826;2
659.87500;61.99083;      -0.99968; 45.74632;80.00000;20.00000;0.53821;2
659.97803;61.99583;      -0.99992; 45.74439;80.00000;20.00000;0.53815;2
660.07800;62.00083;      -1.00002; 45.74343;80.00000;20.00000;0.53810;2
660.17700;62.00583;      -0.99998; 45.73957;80.00000;20.00000;0.53805;2
660.28003;62.01083;      -1.00035; 45.73378;80.00000;20.00000;0.53799;2
660.36798;62.01583;      -1.00099; 45.72992;80.00000;20.00000;0.53795;2
660.47400;62.02083;      -1.00191; 45.72413;80.00000;20.00000;0.53789;2
660.57001;62.02583;      -1.00297; 45.72220;80.00000;20.00000;0.53784;2
660.66998;62.03083;      -1.00416; 45.72123;80.00000;20.00000;0.53779;2
660.77600;62.03583;      -1.00522; 45.72123;80.00000;20.00000;0.53773;2
660.87402;62.04083;      -1.00559; 45.72220;80.00000;20.00000;0.53768;2
660.97601;62.04583;      -1.00597; 45.72123;80.00000;20.00000;0.53762;2
661.06403;62.05083;      -1.00619; 45.72123;80.00000;20.00000;0.53758;2
661.17102;62.05583;      -1.00712; 45.71930;80.00000;20.00000;0.53752;2
661.27100;62.06083;      -1.00804; 45.71834;80.00000;20.00000;0.53747;2
661.37097;62.06583;      -1.00842; 45.71737;80.00000;20.00000;0.53742;2
661.47699;62.07083;      -1.00852; 45.71641;80.00000;20.00000;0.53736;2
661.56598;62.07583;      -1.00916; 45.71448;80.00000;20.00000;0.53731;2
661.66998;62.08083;      -1.00967; 45.71448;80.00000;20.00000;0.53726;2
661.77600;62.08583;      -1.01033; 45.71351;80.00000;20.00000;0.53720;2
661.85901;62.09083;      -1.01137; 45.71255;80.00000;20.00000;0.53716;2
661.96899;62.09583;      -1.01203; 45.71158;80.00000;20.00000;0.53710;2
662.06000;62.10083;      -1.01184; 45.71062;80.00000;20.00000;0.53705;2
662.16302;62.10583;      -1.01181; 45.70965;80.00000;20.00000;0.53700;2
662.26398;62.11083;      -1.01164; 45.70483;80.00000;20.00000;0.53694;2
662.36298;62.11583;      -1.01201; 45.70290;80.00000;20.00000;0.53689;2
662.46899;62.12083;      -1.01239; 45.70193;80.00000;20.00000;0.53683;2
662.56702;62.12583;      -1.01331; 45.70097;80.00000;20.00000;0.53678;2
662.65900;62.13083;      -1.01491; 45.70000;80.00000;20.00000;0.53673;2
662.76599;62.13583;      -1.01447; 45.69904;80.00000;20.00000;0.53668;2
662.86200;62.14083;      -1.01511; 45.69807;80.00000;20.00000;0.53663;2
662.95502;62.14583;      -1.01589; 45.69711;80.00000;20.00000;0.53658;2
663.05603;62.15083;      -1.01682; 45.69614;80.00000;20.00000;0.53652;2
663.14899;62.15583;      -1.01719; 45.69518;80.00000;20.00000;0.53647;2
663.26202;62.16083;      -1.01771; 45.69325;80.00000;20.00000;0.53641;2
663.35199;62.16583;      -1.01863; 45.69228;80.00000;20.00000;0.53637;2
663.45398;62.17083;      -1.01942; 45.69132;80.00000;20.00000;0.53631;2
663.55798;62.17583;      -1.01925; 45.69035;80.00000;20.00000;0.53626;2
663.64600;62.18083;      -1.01975; 45.68842;80.00000;20.00000;0.53621;2
663.74701;62.18583;      -1.01944; 45.68649;80.00000;20.00000;0.53616;2
663.85199;62.19083;      -1.01982; 45.68360;80.00000;20.00000;0.53610;2
663.95599;62.19583;      -1.02102; 45.68263;80.00000;20.00000;0.53605;2
664.05298;62.20083;      -1.02153; 45.68167;80.00000;20.00000;0.53599;2
664.15802;62.20583;      -1.02164; 45.68167;80.00000;20.00000;0.53594;2
664.25098;62.21083;      -1.02104; 45.68263;80.00000;20.00000;0.53589;2
664.35901;62.21583;      -1.02115; 45.68167;80.00000;20.00000;0.53583;2
664.45099;62.22083;      -1.02248; 45.68167;80.00000;20.00000;0.53578;2
664.55103;62.22583;      -1.02300; 45.68070;80.00000;20.00000;0.53573;2
664.65399;62.23083;      -1.02310; 45.67974;80.00000;20.00000;0.53567;2
664.74799;62.23583;      -1.02361; 45.67974;80.00000;20.00000;0.53563;2
664.84998;62.24083;      -1.02454; 45.67974;80.00000;20.00000;0.53557;2
664.94397;62.24583;      -1.02546; 45.67974;80.00000;20.00000;0.53552;2
665.05103;62.25083;      -1.02570; 45.67877;80.00000;20.00000;0.53546;2
665.14899;62.25583;      -1.02580; 45.67877;80.00000;20.00000;0.53541;2
665.24597;62.26083;      -1.02659; 45.67781;80.00000;20.00000;0.53536;2
665.34399;62.26583;      -1.02696; 45.67781;80.00000;20.00000;0.53531;2
665.44598;62.27083;      -1.02762; 45.67684;80.00000;20.00000;0.53525;2
665.55298;62.27583;      -1.02828; 45.67684;80.00000;20.00000;0.53520;2
665.64899;62.28083;      -1.02934; 45.67684;80.00000;20.00000;0.53515;2
665.74799;62.28583;      -1.03013; 45.67588;80.00000;20.00000;0.53509;2
665.84900;62.29083;      -1.03105; 45.67588;80.00000;20.00000;0.53504;2
665.94501;62.29583;      -1.03101; 45.67395;80.00000;20.00000;0.53499;2
666.03900;62.30083;      -1.03139; 45.67202;80.00000;20.00000;0.53494;2
666.13898;62.30583;      -1.03231; 45.67105;80.00000;20.00000;0.53489;2
666.23901;62.31083;      -1.03297; 45.67009;80.00000;20.00000;0.53483;2
666.34100;62.31583;      -1.03321; 45.66526;80.00000;20.00000;0.53478;2
666.44501;62.32083;      -1.03332; 45.66237;80.00000;20.00000;0.53473;2
666.54901;62.32583;      -1.03342; 45.65947;80.00000;20.00000;0.53467;2
666.64502;62.33083;      -1.03380; 45.65561;80.00000;20.00000;0.53462;2
666.74200;62.33583;      -1.03458; 45.65272;80.00000;20.00000;0.53457;2
666.84100;62.34083;      -1.03524; 45.65272;80.00000;20.00000;0.53452;2
666.94299;62.34583;      -1.03493; 45.65079;80.00000;20.00000;0.53446;2
667.04401;62.35083;      -1.03462; 45.64982;80.00000;20.00000;0.53441;2
667.14398;62.35583;      -1.03486; 45.64886;80.00000;20.00000;0.53435;2
667.23901;62.36083;      -1.03565; 45.64789;80.00000;20.00000;0.53430;2
667.33698;62.36583;      -1.03616; 45.64596;80.00000;20.00000;0.53425;2
667.43799;62.37083;      -1.03640; 45.64403;80.00000;20.00000;0.53420;2
667.53198;62.37583;      -1.03636; 45.64307;80.00000;20.00000;0.53415;2
667.62500;62.38083;      -1.03687; 45.63921;80.00000;20.00000;0.53410;2
667.72498;62.38583;      -1.03711; 45.63535;80.00000;20.00000;0.53405;2
667.82300;62.39083;      -1.03790; 45.63342;80.00000;20.00000;0.53399;2
667.93103;62.39583;      -1.03884; 45.62956;80.00000;20.00000;0.53394;2
668.03198;62.40083;      -1.03950; 45.62473;80.00000;20.00000;0.53388;2
668.13501;62.40583;      -1.04002; 45.62280;80.00000;20.00000;0.53383;2
668.21997;62.41083;      -1.04038; 45.62087;80.00000;20.00000;0.53378;2
668.32800;62.41583;      -1.04063; 45.61798;80.00000;20.00000;0.53373;2
668.42603;62.42083;      -1.04114; 45.61701;80.00000;20.00000;0.53367;2
668.52197;62.42583;      -1.04166; 45.61605;80.00000;20.00000;0.53362;2
668.62598;62.43083;      -1.04218; 45.61412;80.00000;20.00000;0.53357;2
668.72498;62.43583;      -1.04270; 45.61026;80.00000;20.00000;0.53352;2
668.82898;62.44083;      -1.04308; 45.60833;80.00000;20.00000;0.53346;2
668.91803;62.44583;      -1.04331; 45.60543;80.00000;20.00000;0.53341;2
669.02197;62.45083;      -1.04356; 45.60061;80.00000;20.00000;0.53336;2
669.11798;62.45583;      -1.04407; 45.59385;80.00000;20.00000;0.53331;2
669.22400;62.46083;      -1.04418; 45.58807;80.00000;20.00000;0.53325;2
669.32397;62.46583;      -1.04484; 45.58228;80.00000;20.00000;0.53320;2
669.41803;62.47083;      -1.04507; 45.57938;80.00000;20.00000;0.53315;2
669.51801;62.47583;      -1.04600; 45.57938;80.00000;20.00000;0.53310;2
669.62097;62.48083;      -1.04694; 45.58035;80.00000;20.00000;0.53304;2
669.72198;62.48583;      -1.04815; 45.58035;80.00000;20.00000;0.53299;2
669.82098;62.49083;      -1.04853; 45.58131;80.00000;20.00000;0.53293;2
669.91400;62.49583;      -1.04863; 45.58131;80.00000;20.00000;0.53289;2
670.01300;62.50083;      -1.04915; 45.58035;80.00000;20.00000;0.53283;2
670.12299;62.50583;      -1.04967; 45.57842;80.00000;20.00000;0.53277;2
670.20801;62.51083;      -1.05018; 45.57649;80.00000;20.00000;0.53273;2
670.31299;62.51583;      -1.05070; 45.57552;80.00000;20.00000;0.53267;2
670.42200;62.52083;      -1.05109; 45.57359;80.00000;20.00000;0.53262;2
670.52002;62.52583;      -1.05147; 45.57263;80.00000;20.00000;0.53256;2
670.62097;62.53083;      -1.05213; 45.57166;80.00000;20.00000;0.53251;2
670.71503;62.53583;      -1.05237; 45.57070;80.00000;20.00000;0.53246;2
670.81799;62.54083;      -1.05261; 45.56877;80.00000;20.00000;0.53241;2
670.91803;62.54583;      -1.05327; 45.56780;80.00000;20.00000;0.53235;2
671.01398;62.55083;      -1.05406; 45.56684;80.00000;20.00000;0.53230;2
671.11298;62.55583;      -1.05458; 45.56491;80.00000;20.00000;0.53225;2
671.21100;62.56083;      -1.05538; 45.55912;80.00000;20.00000;0.53220;2
671.32001;62.56583;      -1.05577; 45.55719;80.00000;20.00000;0.53214;2
671.41699;62.57083;      -1.05656; 45.55622;80.00000;20.00000;0.53209;2
671.51202;62.57583;      -1.05611; 45.55429;80.00000;20.00000;0.53204;2
671.61902;62.58083;      -1.05636; 45.55429;80.00000;20.00000;0.53198;2
671.70801;62.58583;      -1.05687; 45.55333;80.00000;20.00000;0.53193;2
671.80902;62.59083;      -1.05698; 45.55236;80.00000;20.00000;0.53188;2
671.91699;62.59583;      -1.05709; 45.55140;80.00000;20.00000;0.53182;2
672.00800;62.60083;      -1.05760; 45.55043;80.00000;20.00000;0.53177;2
672.11499;62.60583;      -1.05868; 45.54947;80.00000;20.00000;0.53172;2
672.21301;62.61083;      -1.05976; 45.55043;80.00000;20.00000;0.53167;2
672.31299;62.61583;      -1.06055; 45.55140;80.00000;20.00000;0.53161;2
672.41699;62.62083;      -1.06136; 45.55236;80.00000;20.00000;0.53156;2
672.50800;62.62583;      -1.06132; 45.55429;80.00000;20.00000;0.53151;2
672.61603;62.63083;      -1.06018; 45.55622;80.00000;20.00000;0.53145;2
672.71503;62.63583;      -1.06001; 45.55912;80.00000;20.00000;0.53140;2
672.80603;62.64083;      -1.06066; 45.56008;80.00000;20.00000;0.53135;2
672.90503;62.64583;      -1.06132; 45.56105;80.00000;20.00000;0.53130;2
673.00800;62.65083;      -1.06198; 45.56298;80.00000;20.00000;0.53124;2
673.10602;62.65583;      -1.06236; 45.56394;80.00000;20.00000;0.53119;2
673.20599;62.66083;      -1.06261; 45.56491;80.00000;20.00000;0.53114;2
673.29498;62.66583;      -1.06312; 45.56587;80.00000;20.00000;0.53109;2
673.40198;62.67083;      -1.06351; 45.56684;80.00000;20.00000;0.53103;2
673.50201;62.67583;      -1.06473; 45.56780;80.00000;20.00000;0.53098;2
673.59998;62.68083;      -1.06483; 45.56684;80.00000;20.00000;0.53093;2
673.69800;62.68583;      -1.06466; 45.56587;80.00000;20.00000;0.53088;2
673.80103;62.69083;      -1.06477; 45.56587;80.00000;20.00000;0.53082;2
673.90399;62.69583;      -1.06529; 45.56587;80.00000;20.00000;0.53077;2
674.00500;62.70083;      -1.06623; 45.56491;80.00000;20.00000;0.53072;2
674.09601;62.70583;      -1.06675; 45.56201;80.00000;20.00000;0.53067;2
674.19501;62.71083;      -1.06644; 45.56008;80.00000;20.00000;0.53061;2
674.29602;62.71583;      -1.06668; 45.55912;80.00000;20.00000;0.53056;2
674.39899;62.72083;      -1.06693; 45.55719;80.00000;20.00000;0.53051;2
674.50098;62.72583;      -1.06746; 45.55526;80.00000;20.00000;0.53045;2
674.59399;62.73083;      -1.06769; 45.55526;80.00000;20.00000;0.53040;2
674.70099;62.73583;      -1.06795; 45.55333;80.00000;20.00000;0.53035;2
674.79797;62.74083;      -1.06833; 45.55333;80.00000;20.00000;0.53029;2
674.89099;62.74583;      -1.06871; 45.55140;80.00000;20.00000;0.53025;2
674.99902;62.75083;      -1.06882; 45.54947;80.00000;20.00000;0.53019;2
675.09802;62.75583;      -1.06948; 45.54850;80.00000;20.00000;0.53014;2
675.19501;62.76083;      -1.07014; 45.54657;80.00000;20.00000;0.53008;2
675.29700;62.76583;      -1.07067; 45.54464;80.00000;20.00000;0.53003;2
675.39398;62.77083;      -1.07063; 45.54368;80.00000;20.00000;0.52998;2
675.48901;62.77583;      -1.07143; 45.54175;80.00000;20.00000;0.52993;2
675.59302;62.78083;      -1.07182; 45.54078;80.00000;20.00000;0.52987;2
675.69000;62.78583;      -1.07234; 45.53789;80.00000;20.00000;0.52982;2
675.78699;62.79083;      -1.07328; 45.53692;80.00000;20.00000;0.52977;2
675.88397;62.79583;      -1.07394; 45.53499;80.00000;20.00000;0.52972;2
675.98999;62.80083;      -1.07308; 45.53306;80.00000;20.00000;0.52966;2
676.09003;62.80583;      -1.07319; 45.53113;80.00000;20.00000;0.52961;2
676.18903;62.81083;      -1.07385; 45.52727;80.00000;20.00000;0.52956;2
676.28998;62.81583;      -1.07521; 45.52534;80.00000;20.00000;0.52950;2
676.38898;62.82083;      -1.07532; 45.52341;80.00000;20.00000;0.52945;2
676.48499;62.82583;      -1.07472; 45.52052;80.00000;20.00000;0.52940;2
676.58600;62.83083;      -1.07497; 45.51762;80.00000;20.00000;0.52935;2
676.68402;62.83583;      -1.07522; 45.51569;80.00000;20.00000;0.52929;2
676.79303;62.84083;      -1.07631; 45.51569;80.00000;20.00000;0.52924;2
676.89801;62.84583;      -1.07726; 45.51376;80.00000;20.00000;0.52918;2
676.98700;62.85083;      -1.07763; 45.51376;80.00000;20.00000;0.52913;2
677.08502;62.85583;      -1.07774; 45.51376;80.00000;20.00000;0.52908;2
677.19000;62.86083;      -1.07813; 45.51376;80.00000;20.00000;0.52903;2
677.28497;62.86583;      -1.07837; 45.51376;80.00000;20.00000;0.52897;2
677.37903;62.87083;      -1.07861; 45.51376;80.00000;20.00000;0.52892;2
677.48102;62.87583;      -1.07914; 45.51473;80.00000;20.00000;0.52887;2
677.59003;62.88083;      -1.07967; 45.51473;80.00000;20.00000;0.52881;2
677.67902;62.88583;      -1.08005; 45.51473;80.00000;20.00000;0.52877;2
677.78003;62.89083;      -1.08044; 45.51473;80.00000;20.00000;0.52871;2
677.88098;62.89583;      -1.08055; 45.51473;80.00000;20.00000;0.52866;2
677.98499;62.90083;      -1.08080; 45.51376;80.00000;20.00000;0.52860;2
678.08301;62.90583;      -1.08160; 45.51280;80.00000;20.00000;0.52855;2
678.18298;62.91083;      -1.08227; 45.51280;80.00000;20.00000;0.52850;2
678.28400;62.91583;      -1.08307; 45.51087;80.00000;20.00000;0.52844;2
678.38702;62.92083;      -1.08333; 45.50990;80.00000;20.00000;0.52839;2
678.48499;62.92583;      -1.08343; 45.50894;80.00000;20.00000;0.52834;2
678.57703;62.93083;      -1.08353; 45.50797;80.00000;20.00000;0.52829;2
678.67902;62.93583;      -1.08406; 45.50797;80.00000;20.00000;0.52824;2
678.78101;62.94083;      -1.08431; 45.50604;80.00000;20.00000;0.52818;2
678.87299;62.94583;      -1.08413; 45.50315;80.00000;20.00000;0.52813;2
678.96802;62.95083;      -1.08368; 45.50122;80.00000;20.00000;0.52808;2
679.06897;62.95583;      -1.08337; 45.49929;80.00000;20.00000;0.52803;2
679.17401;62.96083;      -1.08335; 45.49736;80.00000;20.00000;0.52797;2
679.27100;62.96583;      -1.08401; 45.49543;80.00000;20.00000;0.52792;2
679.37000;62.97083;      -1.08440; 45.49446;80.00000;20.00000;0.52787;2
679.46802;62.97583;      -1.08422; 45.49253;80.00000;20.00000;0.52782;2
679.57001;62.98083;      -1.08433; 45.49060;80.00000;20.00000;0.52776;2
679.67700;62.98583;      -1.08445; 45.48964;80.00000;20.00000;0.52771;2
679.77002;62.99083;      -1.08455; 45.48867;80.00000;20.00000;0.52766;2
679.87097;62.99583;      -1.08466; 45.48674;80.00000;20.00000;0.52760;2
679.96698;63.00083;      -1.08505; 45.48481;80.00000;20.00000;0.52755;2
680.06201;63.00583;      -1.08501; 45.48385;80.00000;20.00000;0.52750;2
680.17297;63.01083;      -1.08527; 45.48192;80.00000;20.00000;0.52744;2
680.25702;63.01583;      -1.08564; 45.47999;80.00000;20.00000;0.52740;2
680.36798;63.02083;      -1.08646; 45.47613;80.00000;20.00000;0.52734;2
680.46600;63.02583;      -1.08713; 45.47227;80.00000;20.00000;0.52729;2
680.56500;63.03083;      -1.08724; 45.47034;80.00000;20.00000;0.52723;2
680.66302;63.03583;      -1.08748; 45.46744;80.00000;20.00000;0.52718;2
680.77100;63.04083;      -1.08802; 45.46358;80.00000;20.00000;0.52712;2
680.86298;63.04583;      -1.08840; 45.46165;80.00000;20.00000;0.52708;2
680.97198;63.05083;      -1.08852; 45.45876;80.00000;20.00000;0.52702;2
681.07397;63.05583;      -1.08877; 45.45779;80.00000;20.00000;0.52696;2
681.16498;63.06083;      -1.08873; 45.45586;80.00000;20.00000;0.52692;2
681.27002;63.06583;      -1.08899; 45.45393;80.00000;20.00000;0.52686;2
681.36700;63.07083;      -1.08937; 45.45104;80.00000;20.00000;0.52681;2
681.46399;63.07583;      -1.08934; 45.44911;80.00000;20.00000;0.52676;2
681.56000;63.08083;      -1.08986; 45.44621;80.00000;20.00000;0.52671;2
681.65997;63.08583;      -1.09067; 45.44621;80.00000;20.00000;0.52665;2
681.75897;63.09083;      -1.09134; 45.44525;80.00000;20.00000;0.52660;2
681.86200;63.09583;      -1.09145; 45.44332;80.00000;20.00000;0.52655;2
681.96503;63.10083;      -1.09171; 45.43946;80.00000;20.00000;0.52649;2
682.06500;63.10583;      -1.09224; 45.43753;80.00000;20.00000;0.52644;2
682.16199;63.11083;      -1.09262; 45.43463;80.00000;20.00000;0.52639;2
682.25897;63.11583;      -1.09301; 45.43270;80.00000;20.00000;0.52634;2
682.36298;63.12083;      -1.09326; 45.42981;80.00000;20.00000;0.52628;2
682.45697;63.12583;      -1.09379; 45.42981;80.00000;20.00000;0.52623;2
682.55603;63.13083;      -1.09404; 45.42981;80.00000;20.00000;0.52618;2
682.65503;63.13583;      -1.09345; 45.42981;80.00000;20.00000;0.52613;2
682.76099;63.14083;      -1.09356; 45.42981;80.00000;20.00000;0.52607;2
682.86798;63.14583;      -1.09340; 45.42981;80.00000;20.00000;0.52601;2
682.96301;63.15083;      -1.09379; 45.42981;80.00000;20.00000;0.52596;2
683.06500;63.15583;      -1.09362; 45.42981;80.00000;20.00000;0.52591;2
683.15802;63.16083;      -1.09414; 45.42884;80.00000;20.00000;0.52586;2
683.25403;63.16583;      -1.09509; 45.42788;80.00000;20.00000;0.52581;2
683.35999;63.17083;      -1.09576; 45.42691;80.00000;20.00000;0.52575;2
683.45599;63.17583;      -1.09601; 45.42691;80.00000;20.00000;0.52570;2
683.56403;63.18083;      -1.09641; 45.42595;80.00000;20.00000;0.52564;2
683.65399;63.18583;      -1.09679; 45.42498;80.00000;20.00000;0.52560;2
683.75000;63.19083;      -1.09648; 45.42402;80.00000;20.00000;0.52554;2
683.85498;63.19583;      -1.09603; 45.42305;80.00000;20.00000;0.52549;2
683.95300;63.20083;      -1.09600; 45.42305;80.00000;20.00000;0.52544;2
684.05701;63.20583;      -1.09598; 45.42112;80.00000;20.00000;0.52538;2
684.16199;63.21083;      -1.09651; 45.42112;80.00000;20.00000;0.52533;2
684.25201;63.21583;      -1.09675; 45.41919;80.00000;20.00000;0.52528;2
684.35101;63.22083;      -1.09658; 45.41726;80.00000;20.00000;0.52523;2
684.45001;63.22583;      -1.09683; 45.41726;80.00000;20.00000;0.52517;2
684.55298;63.23083;      -1.09695; 45.41533;80.00000;20.00000;0.52512;2
684.65002;63.23583;      -1.09733; 45.41437;80.00000;20.00000;0.52507;2
684.75098;63.24083;      -1.09745; 45.41437;80.00000;20.00000;0.52501;2
684.84998;63.24583;      -1.09756; 45.41244;80.00000;20.00000;0.52496;2
684.95203;63.25083;      -1.09781; 45.41147;80.00000;20.00000;0.52491;2
685.04999;63.25583;      -1.09820; 45.40954;80.00000;20.00000;0.52485;2
685.15302;63.26083;      -1.09789; 45.40954;80.00000;20.00000;0.52480;2
685.24701;63.26583;      -1.09856; 45.41051;80.00000;20.00000;0.52475;2
685.34497;63.27083;      -1.09825; 45.41147;80.00000;20.00000;0.52470;2
685.44397;63.27583;      -1.09864; 45.41244;80.00000;20.00000;0.52465;2
685.55200;63.28083;      -1.09904; 45.41437;80.00000;20.00000;0.52459;2
685.64301;63.28583;      -1.09900; 45.41437;80.00000;20.00000;0.52454;2
685.73999;63.29083;      -1.09896; 45.41630;80.00000;20.00000;0.52449;2
685.83698;63.29583;      -1.09949; 45.41726;80.00000;20.00000;0.52444;2
685.94000;63.30083;      -1.09975; 45.41919;80.00000;20.00000;0.52438;2
686.04102;63.30583;      -1.10028; 45.42016;80.00000;20.00000;0.52433;2
686.14099;63.31083;      -1.10053; 45.42016;80.00000;20.00000;0.52428;2
686.24500;63.31583;      -1.10051; 45.42016;80.00000;20.00000;0.52422;2
686.34399;63.32083;      -1.10048; 45.42112;80.00000;20.00000;0.52417;2
686.43799;63.32583;      -1.10044; 45.42112;80.00000;20.00000;0.52412;2
686.53998;63.33083;      -1.10014; 45.41726;80.00000;20.00000;0.52406;2
686.64301;63.33583;      -1.10025; 45.41340;80.00000;20.00000;0.52401;2
686.73602;63.34083;      -1.10035; 45.41244;80.00000;20.00000;0.52396;2
686.84100;63.34583;      -1.10061; 45.41051;80.00000;20.00000;0.52390;2
686.93298;63.35083;      -1.09987; 45.40954;80.00000;20.00000;0.52385;2
687.04303;63.35583;      -1.10013; 45.40858;80.00000;20.00000;0.52380;2
687.14001;63.36083;      -1.10109; 45.40665;80.00000;20.00000;0.52374;2
687.24402;63.36583;      -1.10148; 45.40472;80.00000;20.00000;0.52369;2
687.34302;63.37083;      -1.10173; 45.40375;80.00000;20.00000;0.52364;2
687.44598;63.37583;      -1.10199; 45.40279;80.00000;20.00000;0.52358;2
687.53302;63.38083;      -1.10251; 45.40086;80.00000;20.00000;0.52354;2
687.63898;63.38583;      -1.10319; 45.39989;80.00000;20.00000;0.52348;2
687.73700;63.39083;      -1.10372; 45.39893;80.00000;20.00000;0.52343;2
687.83502;63.39583;      -1.10383; 45.39603;80.00000;20.00000;0.52338;2
687.93298;63.40083;      -1.10436; 45.39507;80.00000;20.00000;0.52332;2
688.03900;63.40583;      -1.10476; 45.39410;80.00000;20.00000;0.52327;2
688.14398;63.41083;      -1.10530; 45.39217;80.00000;20.00000;0.52321;2
688.23798;63.41583;      -1.10499; 45.39121;80.00000;20.00000;0.52316;2
688.33398;63.42083;      -1.10495; 45.38831;80.00000;20.00000;0.52311;2
688.43799;63.42583;      -1.10479; 45.38542;80.00000;20.00000;0.52306;2
688.54102;63.43083;      -1.10490; 45.38445;80.00000;20.00000;0.52300;2
688.62701;63.43583;      -1.10514; 45.38252;80.00000;20.00000;0.52296;2
688.73199;63.44083;      -1.10484; 45.38156;80.00000;20.00000;0.52290;2
688.83002;63.44583;      -1.10495; 45.38156;80.00000;20.00000;0.52285;2
688.91998;63.45083;      -1.10505; 45.37963;80.00000;20.00000;0.52280;2
689.02802;63.45583;      -1.10545; 45.37770;80.00000;20.00000;0.52274;2
689.13397;63.46083;      -1.10670; 45.37770;80.00000;20.00000;0.52269;2
689.22699;63.46583;      -1.10708; 45.37577;80.00000;20.00000;0.52264;2
689.32800;63.47083;      -1.10762; 45.37480;80.00000;20.00000;0.52258;2
689.43597;63.47583;      -1.10760; 45.37384;80.00000;20.00000;0.52253;2
689.53198;63.48083;      -1.10757; 45.36998;80.00000;20.00000;0.52248;2
689.62402;63.48583;      -1.10739; 45.36708;80.00000;20.00000;0.52243;2
689.73297;63.49083;      -1.10723; 45.36419;80.00000;20.00000;0.52237;2
689.83698;63.49583;      -1.10735; 45.36129;80.00000;20.00000;0.52231;2
689.92798;63.50083;      -1.10745; 45.35743;80.00000;20.00000;0.52227;2
690.02698;63.50583;      -1.10756; 45.35454;80.00000;20.00000;0.52221;2
690.13098;63.51083;      -1.10754; 45.35454;80.00000;20.00000;0.52216;2
690.23499;63.51583;      -1.10751; 45.35068;80.00000;20.00000;0.52210;2
690.32501;63.52083;      -1.10733; 45.34875;80.00000;20.00000;0.52205;2
690.42999;63.52583;      -1.10731; 45.34682;80.00000;20.00000;0.52200;2
690.52197;63.53083;      -1.10769; 45.34489;80.00000;20.00000;0.52195;2
690.62500;63.53583;      -1.10781; 45.34296;80.00000;20.00000;0.52190;2
690.72601;63.54083;      -1.10807; 45.34103;80.00000;20.00000;0.52184;2
690.82300;63.54583;      -1.10860; 45.33813;80.00000;20.00000;0.52179;2
690.93103;63.55083;      -1.10928; 45.33717;80.00000;20.00000;0.52173;2
691.02802;63.55583;      -1.10968; 45.33813;80.00000;20.00000;0.52168;2
691.12402;63.56083;      -1.10978; 45.33717;80.00000;20.00000;0.52163;2
691.22998;63.56583;      -1.11033; 45.33813;80.00000;20.00000;0.52157;2
691.33398;63.57083;      -1.11030; 45.33620;80.00000;20.00000;0.52152;2
691.41998;63.57583;      -1.10984; 45.33524;80.00000;20.00000;0.52147;2
691.52197;63.58083;      -1.10981; 45.33331;80.00000;20.00000;0.52142;2
691.62299;63.58583;      -1.10992; 45.32752;80.00000;20.00000;0.52137;2
691.72400;63.59083;      -1.10961; 45.32366;80.00000;20.00000;0.52131;2
691.82202;63.59583;      -1.10958; 45.32269;80.00000;20.00000;0.52126;2
691.91199;63.60083;      -1.10954; 45.32076;80.00000;20.00000;0.52121;2
692.01398;63.60583;      -1.10938; 45.31883;80.00000;20.00000;0.52116;2
692.11902;63.61083;      -1.10935; 45.31980;80.00000;20.00000;0.52110;2
692.22803;63.61583;      -1.10920; 45.31787;80.00000;20.00000;0.52104;2
692.32898;63.62083;      -1.10945; 45.31690;80.00000;20.00000;0.52099;2
692.42700;63.62583;      -1.10956; 45.31594;80.00000;20.00000;0.52094;2
692.52100;63.63083;      -1.10967; 45.31497;80.00000;20.00000;0.52089;2
692.62000;63.63583;      -1.10964; 45.31497;80.00000;20.00000;0.52084;2
692.71802;63.64083;      -1.11003; 45.31497;80.00000;20.00000;0.52078;2
692.82202;63.64583;      -1.11086; 45.31401;80.00000;20.00000;0.52073;2
692.91803;63.65083;      -1.11139; 45.31401;80.00000;20.00000;0.52068;2
693.02301;63.65583;      -1.11151; 45.31304;80.00000;20.00000;0.52062;2
693.11902;63.66083;      -1.11133; 45.31208;80.00000;20.00000;0.52057;2
693.21198;63.66583;      -1.11116; 45.31208;80.00000;20.00000;0.52052;2
693.32397;63.67083;      -1.11058; 45.31208;80.00000;20.00000;0.52046;2
693.42499;63.67583;      -1.11069; 45.31111;80.00000;20.00000;0.52041;2
693.51501;63.68083;      -1.11108; 45.31015;80.00000;20.00000;0.52036;2
693.61603;63.68583;      -1.11218; 45.31015;80.00000;20.00000;0.52031;2
693.71503;63.69083;      -1.11272; 45.30822;80.00000;20.00000;0.52025;2
693.81097;63.69583;      -1.11283; 45.30725;80.00000;20.00000;0.52020;2
693.90802;63.70083;      -1.11251; 45.30243;80.00000;20.00000;0.52015;2
694.01398;63.70583;      -1.11221; 45.29953;80.00000;20.00000;0.52010;2
694.11102;63.71083;      -1.11218; 45.29664;80.00000;20.00000;0.52004;2
694.21100;63.71583;      -1.11158; 45.29471;80.00000;20.00000;0.51999;2
694.30798;63.72083;      -1.11141; 45.29181;80.00000;20.00000;0.51994;2
694.40997;63.72583;      -1.11181; 45.28988;80.00000;20.00000;0.51989;2
694.50000;63.73083;      -1.11191; 45.28988;80.00000;20.00000;0.51984;2
694.60498;63.73583;      -1.11189; 45.28892;80.00000;20.00000;0.51978;2
694.70001;63.74083;      -1.11171; 45.28988;80.00000;20.00000;0.51973;2
694.80499;63.74583;      -1.11169; 45.28988;80.00000;20.00000;0.51968;2
694.90399;63.75083;      -1.11166; 45.28988;80.00000;20.00000;0.51962;2
695.00201;63.75583;      -1.11206; 45.28892;80.00000;20.00000;0.51957;2
695.10400;63.76083;      -1.11217; 45.28699;80.00000;20.00000;0.51952;2
695.20203;63.76583;      -1.11242; 45.28602;80.00000;20.00000;0.51947;2
695.30298;63.77083;      -1.11353; 45.28506;80.00000;20.00000;0.51941;2
695.39697;63.77583;      -1.11378; 45.28409;80.00000;20.00000;0.51936;2
695.49902;63.78083;      -1.11418; 45.28216;80.00000;20.00000;0.51931;2
695.59003;63.78583;      -1.11457; 45.28120;80.00000;20.00000;0.51926;2
695.69897;63.79083;      -1.11483; 45.28023;80.00000;20.00000;0.51920;2
695.80603;63.79583;      -1.11481; 45.27830;80.00000;20.00000;0.51915;2
695.90100;63.80083;      -1.11464; 45.27637;80.00000;20.00000;0.51909;2
696.00000;63.80583;      -1.11461; 45.27444;80.00000;20.00000;0.51904;2
696.10199;63.81083;      -1.11458; 45.27348;80.00000;20.00000;0.51899;2
696.20898;63.81583;      -1.11541; 45.27251;80.00000;20.00000;0.51893;2
696.30603;63.82083;      -1.11581; 45.26769;80.00000;20.00000;0.51888;2
696.39899;63.82583;      -1.11662; 45.26576;80.00000;20.00000;0.51883;2
696.49902;63.83083;      -1.11674; 45.26479;80.00000;20.00000;0.51878;2
696.59900;63.83583;      -1.11643; 45.26190;80.00000;20.00000;0.51872;2
696.69397;63.84083;      -1.11682; 45.26093;80.00000;20.00000;0.51867;2
696.80103;63.84583;      -1.11680; 45.25997;80.00000;20.00000;0.51862;2
696.88702;63.85083;      -1.11690; 45.25900;80.00000;20.00000;0.51857;2
697.00000;63.85583;      -1.11689; 45.25804;80.00000;20.00000;0.51851;2
697.10101;63.86083;      -1.11672; 45.25707;80.00000;20.00000;0.51846;2
697.18701;63.86583;      -1.11696; 45.25514;80.00000;20.00000;0.51841;2
697.30499;63.87083;      -1.11752; 45.25321;80.00000;20.00000;0.51835;2
697.38800;63.87583;      -1.11790; 45.25225;80.00000;20.00000;0.51831;2
697.49597;63.88083;      -1.11816; 45.25225;80.00000;20.00000;0.51825;2
697.59497;63.88583;      -1.11870; 45.24935;80.00000;20.00000;0.51820;2
697.69702;63.89083;      -1.11967; 45.24742;80.00000;20.00000;0.51814;2
697.79901;63.89583;      -1.11965; 45.24549;80.00000;20.00000;0.51809;2
697.88702;63.90083;      -1.11961; 45.24356;80.00000;20.00000;0.51804;2
697.98999;63.90583;      -1.11930; 45.24163;80.00000;20.00000;0.51799;2
698.09497;63.91083;      -1.11928; 45.24067;80.00000;20.00000;0.51793;2
698.19501;63.91583;      -1.11939; 45.24067;80.00000;20.00000;0.51788;2
698.29401;63.92083;      -1.11950; 45.23874;80.00000;20.00000;0.51782;2
698.39899;63.92583;      -1.11977; 45.23777;80.00000;20.00000;0.51777;2
698.49701;63.93083;      -1.12002; 45.23777;80.00000;20.00000;0.51772;2
698.59003;63.93583;      -1.11999; 45.23777;80.00000;20.00000;0.51767;2
698.69598;63.94083;      -1.11997; 45.23874;80.00000;20.00000;0.51761;2
698.79498;63.94583;      -1.11994; 45.23874;80.00000;20.00000;0.51756;2
698.89899;63.95083;      -1.12020; 45.23874;80.00000;20.00000;0.51750;2
698.98999;63.95583;      -1.12045; 45.23777;80.00000;20.00000;0.51745;2
699.09399;63.96083;      -1.12114; 45.23874;80.00000;20.00000;0.51740;2
699.19202;63.96583;      -1.12125; 45.23874;80.00000;20.00000;0.51735;2
699.29498;63.97083;      -1.12137; 45.23970;80.00000;20.00000;0.51729;2
699.39001;63.97583;      -1.12133; 45.23970;80.00000;20.00000;0.51724;2
699.49298;63.98083;      -1.12060; 45.23970;80.00000;20.00000;0.51719;2
699.59003;63.98583;      -1.12085; 45.24067;80.00000;20.00000;0.51714;2
699.68903;63.99083;      -1.12139; 45.23584;80.00000;20.00000;0.51708;2
699.78900;63.99583;      -1.12165; 45.23295;80.00000;20.00000;0.51703;2
699.89301;64.00083;      -1.12163; 45.23005;80.00000;20.00000;0.51698;2
699.98798;64.00583;      -1.12145; 45.22812;80.00000;20.00000;0.51693;2
700.09601;64.01083;      -1.12143; 45.22523;80.00000;20.00000;0.51687;2
700.19800;64.01583;      -1.12155; 45.22233;80.00000;20.00000;0.51681;2
700.29102;64.02083;      -1.12180; 45.22137;80.00000;20.00000;0.51676;2
700.38702;64.02583;      -1.12191; 45.22137;80.00000;20.00000;0.51671;2
700.48602;64.03083;      -1.12188; 45.22137;80.00000;20.00000;0.51666;2
700.58600;64.03583;      -1.12171; 45.22137;80.00000;20.00000;0.51661;2
700.68298;64.04083;      -1.12126; 45.22137;80.00000;20.00000;0.51656;2
700.79102;64.04583;      -1.12138; 45.22233;80.00000;20.00000;0.51650;2
700.89001;64.05083;      -1.12107; 45.22330;80.00000;20.00000;0.51645;2
700.99597;64.05583;      -1.12076; 45.22330;80.00000;20.00000;0.51639;2
701.08502;64.06083;      -1.12086; 45.22233;80.00000;20.00000;0.51634;2
701.18799;64.06583;      -1.12084; 45.22233;80.00000;20.00000;0.51629;2
701.28400;64.07083;      -1.12066; 45.22233;80.00000;20.00000;0.51624;2
701.38702;64.07583;      -1.12064; 45.22137;80.00000;20.00000;0.51618;2
701.48401;64.08083;      -1.12018; 45.22137;80.00000;20.00000;0.51613;2
701.58398;64.08583;      -1.12001; 45.22040;80.00000;20.00000;0.51608;2
701.67999;64.09083;      -1.12027; 45.22040;80.00000;20.00000;0.51603;2
701.78601;64.09583;      -1.12039; 45.21944;80.00000;20.00000;0.51597;2
701.88599;64.10083;      -1.12093; 45.21847;80.00000;20.00000;0.51592;2
701.97803;64.10583;      -1.12118; 45.21558;80.00000;20.00000;0.51587;2
702.07898;64.11083;      -1.12144; 45.21461;80.00000;20.00000;0.51582;2
702.18103;64.11583;      -1.12170; 45.21365;80.00000;20.00000;0.51576;2
702.27698;64.12083;      -1.12138; 45.21268;80.00000;20.00000;0.51571;2
702.37598;64.12583;      -1.12164; 45.21075;80.00000;20.00000;0.51566;2
702.47998;64.13083;      -1.12162; 45.20979;80.00000;20.00000;0.51560;2
702.57800;64.13583;      -1.12159; 45.20786;80.00000;20.00000;0.51555;2
702.67798;64.14083;      -1.12113; 45.20689;80.00000;20.00000;0.51550;2
702.77899;64.14583;      -1.12068; 45.20496;80.00000;20.00000;0.51544;2
702.87701;64.15083;      -1.12079; 45.20400;80.00000;20.00000;0.51539;2
702.97699;64.15583;      -1.12090; 45.20303;80.00000;20.00000;0.51534;2
703.07001;64.16083;      -1.12115; 45.20207;80.00000;20.00000;0.51529;2
703.16998;64.16583;      -1.12141; 45.20110;80.00000;20.00000;0.51524;2
703.26398;64.17083;      -1.12109; 45.19917;80.00000;20.00000;0.51519;2
703.37201;64.17583;      -1.12150; 45.19917;80.00000;20.00000;0.51513;2
703.47699;64.18083;      -1.12220; 45.19531;80.00000;20.00000;0.51507;2
703.56299;64.18583;      -1.12258; 45.19145;80.00000;20.00000;0.51503;2
703.66602;64.19083;      -1.12227; 45.19049;80.00000;20.00000;0.51497;2
703.77399;64.19583;      -1.12197; 45.18952;80.00000;20.00000;0.51492;2
703.86798;64.20083;      -1.12222; 45.18759;80.00000;20.00000;0.51487;2
703.98401;64.20583;      -1.12250; 45.18470;80.00000;20.00000;0.51480;2
704.06702;64.21083;      -1.12317; 45.18277;80.00000;20.00000;0.51476;2
704.16803;64.21583;      -1.12428; 45.18180;80.00000;20.00000;0.51471;2
704.27301;64.22083;      -1.12426; 45.17891;80.00000;20.00000;0.51465;2
704.37097;64.22583;      -1.12380; 45.17408;80.00000;20.00000;0.51460;2
704.47601;64.23083;      -1.12335; 45.17119;80.00000;20.00000;0.51454;2
704.56799;64.23583;      -1.12346; 45.16733;80.00000;20.00000;0.51449;2
704.66998;64.24083;      -1.12401; 45.16443;80.00000;20.00000;0.51444;2
704.77600;64.24583;      -1.12470; 45.16250;80.00000;20.00000;0.51438;2
704.86603;64.25083;      -1.12524; 45.16154;80.00000;20.00000;0.51434;2
704.96802;64.25583;      -1.12507; 45.16154;80.00000;20.00000;0.51428;2
705.07397;64.26083;      -1.12476; 45.16057;80.00000;20.00000;0.51423;2
705.16803;64.26583;      -1.12516; 45.16057;80.00000;20.00000;0.51418;2
705.27197;64.27083;      -1.12528; 45.16154;80.00000;20.00000;0.51412;2
705.36700;64.27583;      -1.12525; 45.16057;80.00000;20.00000;0.51407;2
705.46997;64.28083;      -1.12565; 45.15961;80.00000;20.00000;0.51402;2
705.57001;64.28583;      -1.12577; 45.15961;80.00000;20.00000;0.51396;2
705.66803;64.29083;      -1.12574; 45.15768;80.00000;20.00000;0.51391;2
705.76001;64.29583;      -1.12570; 45.15671;80.00000;20.00000;0.51386;2
705.86603;64.30083;      -1.12611; 45.15671;80.00000;20.00000;0.51381;2
705.96600;64.30583;      -1.12609; 45.15478;80.00000;20.00000;0.51375;2
706.06598;64.31083;      -1.12635; 45.15382;80.00000;20.00000;0.51370;2
706.16803;64.31583;      -1.12646; 45.15285;80.00000;20.00000;0.51364;2
706.26501;64.32083;      -1.12686; 45.15092;80.00000;20.00000;0.51359;2
706.36902;64.32583;      -1.12698; 45.14803;80.00000;20.00000;0.51354;2
706.47498;64.33083;      -1.12711; 45.14513;80.00000;20.00000;0.51348;2
706.56598;64.33583;      -1.12707; 45.14417;80.00000;20.00000;0.51343;2
706.66901;64.34083;      -1.12705; 45.14320;80.00000;20.00000;0.51338;2
706.77399;64.34583;      -1.12717; 45.14031;80.00000;20.00000;0.51332;2
706.87097;64.35083;      -1.12728; 45.13741;80.00000;20.00000;0.51327;2
706.96899;64.35583;      -1.12711; 45.13645;80.00000;20.00000;0.51322;2
707.07098;64.36083;      -1.12694; 45.13452;80.00000;20.00000;0.51317;2
707.16400;64.36583;      -1.12648; 45.13355;80.00000;20.00000;0.51312;2
707.26300;64.37083;      -1.12616; 45.13259;80.00000;20.00000;0.51306;2
707.36798;64.37583;      -1.12614; 45.13162;80.00000;20.00000;0.51301;2
707.45398;64.38083;      -1.12624; 45.12969;80.00000;20.00000;0.51296;2
707.57001;64.38583;      -1.12652; 45.12969;80.00000;20.00000;0.51290;2
707.66400;64.39083;      -1.12634; 45.12873;80.00000;20.00000;0.51285;2
707.75403;64.39583;      -1.12630; 45.12680;80.00000;20.00000;0.51280;2
707.85797;64.40083;      -1.12628; 45.12583;80.00000;20.00000;0.51275;2
707.96100;64.40583;      -1.12568; 45.12390;80.00000;20.00000;0.51269;2
708.04999;64.41083;      -1.12478; 45.12294;80.00000;20.00000;0.51265;2
708.16101;64.41583;      -1.12505; 45.12197;80.00000;20.00000;0.51259;2
708.26099;64.42083;      -1.12603; 45.12101;80.00000;20.00000;0.51253;2
708.36499;64.42583;      -1.12572; 45.11908;80.00000;20.00000;0.51248;2
708.45898;64.43083;      -1.12511; 45.11715;80.00000;20.00000;0.51243;2
708.55902;64.43583;      -1.12595; 45.11618;80.00000;20.00000;0.51238;2
708.65399;64.44083;      -1.12548; 45.11522;80.00000;20.00000;0.51233;2
708.75098;64.44583;      -1.12560; 45.11425;80.00000;20.00000;0.51227;2
708.85999;64.45083;      -1.12601; 45.11425;80.00000;20.00000;0.51222;2
708.94702;64.45583;      -1.12482; 45.11522;80.00000;20.00000;0.51217;2
709.05798;64.46083;      -1.12509; 45.11522;80.00000;20.00000;0.51211;2
709.14899;64.46583;      -1.12549; 45.11425;80.00000;20.00000;0.51206;2
709.24500;64.47083;      -1.12574; 45.11425;80.00000;20.00000;0.51201;2
709.34698;64.47583;      -1.12629; 45.11522;80.00000;20.00000;0.51196;2
709.45599;64.48083;      -1.12642; 45.11425;80.00000;20.00000;0.51190;2
709.55298;64.48583;      -1.12697; 45.11425;80.00000;20.00000;0.51185;2
709.65399;64.49083;      -1.12708; 45.11329;80.00000;20.00000;0.51179;2
709.76099;64.49583;      -1.12721; 45.11329;80.00000;20.00000;0.51174;2
709.85101;64.50083;      -1.12688; 45.11136;80.00000;20.00000;0.51169;2
709.94897;64.50583;      -1.12815; 45.10653;80.00000;20.00000;0.51164;2
710.04901;64.51083;      -1.12898; 45.10267;80.00000;20.00000;0.51159;2
710.14801;64.51583;      -1.12809; 45.09978;80.00000;20.00000;0.51153;2
710.25098;64.52083;      -1.12793; 45.09689;80.00000;20.00000;0.51148;2
710.34601;64.52583;      -1.12761; 45.09496;80.00000;20.00000;0.51143;2
710.44800;64.53083;      -1.12729; 45.09303;80.00000;20.00000;0.51137;2
710.55298;64.53583;      -1.12785; 45.09303;80.00000;20.00000;0.51132;2
710.64899;64.54083;      -1.12753; 45.09303;80.00000;20.00000;0.51127;2
710.75201;64.54583;      -1.12722; 45.09303;80.00000;20.00000;0.51121;2
710.84399;64.55083;      -1.12732; 45.09206;80.00000;20.00000;0.51116;2
710.95203;64.55583;      -1.12745; 45.09110;80.00000;20.00000;0.51111;2
711.05200;64.56083;      -1.12714; 45.09013;80.00000;20.00000;0.51105;2
711.14001;64.56583;      -1.12796; 45.08917;80.00000;20.00000;0.51101;2
711.25299;64.57083;      -1.12852; 45.08820;80.00000;20.00000;0.51095;2
711.36102;64.57583;      -1.12894; 45.08627;80.00000;20.00000;0.51089;2
711.45203;64.58083;      -1.12904; 45.08531;80.00000;20.00000;0.51084;2
711.54498;64.58583;      -1.12887; 45.08338;80.00000;20.00000;0.51079;2
711.65503;64.59083;      -1.12928; 45.08241;80.00000;20.00000;0.51073;2
711.75098;64.59583;      -1.12925; 45.07952;80.00000;20.00000;0.51068;2
711.84802;64.60083;      -1.12908; 45.07855;80.00000;20.00000;0.51063;2
711.94598;64.60583;      -1.12919; 45.07662;80.00000;20.00000;0.51058;2
712.04401;64.61083;      -1.12945; 45.07469;80.00000;20.00000;0.51053;2
712.13800;64.61583;      -1.12956; 45.07373;80.00000;20.00000;0.51048;2
712.24597;64.62083;      -1.12926; 45.06987;80.00000;20.00000;0.51042;2
712.34601;64.62583;      -1.12952; 45.06794;80.00000;20.00000;0.51037;2
712.44397;64.63083;      -1.12920; 45.06601;80.00000;20.00000;0.51031;2
712.54303;64.63583;      -1.12903; 45.06504;80.00000;20.00000;0.51026;2
712.64600;64.64083;      -1.12886; 45.06311;80.00000;20.00000;0.51021;2
712.74298;64.64583;      -1.12897; 45.06311;80.00000;20.00000;0.51016;2
712.84302;64.65083;      -1.12880; 45.06215;80.00000;20.00000;0.51010;2
712.94098;64.65583;      -1.12834; 45.06311;80.00000;20.00000;0.51005;2
713.03601;64.66083;      -1.12802; 45.06408;80.00000;20.00000;0.51000;2
713.13800;64.66583;      -1.12756; 45.06504;80.00000;20.00000;0.50995;2
713.24200;64.67083;      -1.12768; 45.06504;80.00000;20.00000;0.50989;2
713.34900;64.67583;      -1.12766; 45.06504;80.00000;20.00000;0.50983;2
713.44098;64.68083;      -1.12792; 45.06504;80.00000;20.00000;0.50979;2
713.54901;64.68583;      -1.12775; 45.06601;80.00000;20.00000;0.50973;2
713.63702;64.69083;      -1.12728; 45.06601;80.00000;20.00000;0.50968;2
713.73798;64.69583;      -1.12725; 45.06601;80.00000;20.00000;0.50963;2
713.84100;64.70083;      -1.12752; 45.06504;80.00000;20.00000;0.50957;2
713.93701;64.70583;      -1.12778; 45.06504;80.00000;20.00000;0.50952;2
714.03900;64.71083;      -1.12790; 45.06504;80.00000;20.00000;0.50947;2
714.13397;64.71583;      -1.12786; 45.06408;80.00000;20.00000;0.50942;2
714.22998;64.72083;      -1.12783; 45.06408;80.00000;20.00000;0.50937;2
714.33398;64.72583;      -1.12795; 45.06311;80.00000;20.00000;0.50931;2
714.44299;64.73083;      -1.12750; 45.06311;80.00000;20.00000;0.50925;2
714.53302;64.73583;      -1.12747; 45.06215;80.00000;20.00000;0.50921;2
714.63397;64.74083;      -1.12729; 45.06215;80.00000;20.00000;0.50915;2
714.73401;64.74583;      -1.12727; 45.06215;80.00000;20.00000;0.50910;2
714.83899;64.75083;      -1.12652; 45.06118;80.00000;20.00000;0.50904;2
714.93799;64.75583;      -1.12664; 45.06022;80.00000;20.00000;0.50899;2
715.03302;64.76083;      -1.12675; 45.05829;80.00000;20.00000;0.50894;2
715.13599;64.76583;      -1.12702; 45.05829;80.00000;20.00000;0.50889;2
715.23602;64.77083;      -1.12656; 45.05829;80.00000;20.00000;0.50883;2
715.33099;64.77583;      -1.12623; 45.05732;80.00000;20.00000;0.50878;2
715.44000;64.78083;      -1.12636; 45.05732;80.00000;20.00000;0.50872;2
715.54797;64.78583;      -1.12649; 45.05636;80.00000;20.00000;0.50867;2
715.63800;64.79083;      -1.12659; 45.05443;80.00000;20.00000;0.50862;2
715.73499;64.79583;      -1.12714; 45.05346;80.00000;20.00000;0.50857;2
715.83502;64.80083;      -1.12798; 45.05346;80.00000;20.00000;0.50851;2
715.93597;64.80583;      -1.12781; 45.05250;80.00000;20.00000;0.50846;2
716.03003;64.81083;      -1.12720; 45.05057;80.00000;20.00000;0.50841;2
716.13702;64.81583;      -1.12733; 45.04960;80.00000;20.00000;0.50835;2
716.23602;64.82083;      -1.12701; 45.04864;80.00000;20.00000;0.50830;2
716.33099;64.82583;      -1.12755; 45.04767;80.00000;20.00000;0.50825;2
716.43799;64.83083;      -1.12782; 45.04478;80.00000;20.00000;0.50819;2
716.53003;64.83583;      -1.12779; 45.04188;80.00000;20.00000;0.50815;2
716.63300;64.84083;      -1.12820; 45.03995;80.00000;20.00000;0.50809;2
716.73901;64.84583;      -1.12803; 45.03706;80.00000;20.00000;0.50803;2
716.83099;64.85083;      -1.12785; 45.03513;80.00000;20.00000;0.50799;2
716.93298;64.85583;      -1.12812; 45.03320;80.00000;20.00000;0.50793;2
717.03601;64.86083;      -1.12838; 45.03223;80.00000;20.00000;0.50788;2
717.13702;64.86583;      -1.12865; 45.03223;80.00000;20.00000;0.50782;2
717.23297;64.87083;      -1.12847; 45.03127;80.00000;20.00000;0.50777;2
717.33099;64.87583;      -1.12786; 45.02934;80.00000;20.00000;0.50772;2
717.43701;64.88083;      -1.12813; 45.02837;80.00000;20.00000;0.50766;2
717.53198;64.88583;      -1.12824; 45.02741;80.00000;20.00000;0.50761;2
717.63397;64.89083;      -1.12793; 45.02548;80.00000;20.00000;0.50756;2
717.72998;64.89583;      -1.12775; 45.02451;80.00000;20.00000;0.50751;2
717.84100;64.90083;      -1.12774; 45.02548;80.00000;20.00000;0.50745;2
717.94000;64.90583;      -1.12771; 45.02548;80.00000;20.00000;0.50740;2
718.03198;64.91083;      -1.12767; 45.02644;80.00000;20.00000;0.50735;2
718.13098;64.91583;      -1.12779; 45.02644;80.00000;20.00000;0.50730;2
718.23102;64.92083;      -1.12762; 45.02644;80.00000;20.00000;0.50724;2
718.33099;64.92583;      -1.12745; 45.02355;80.00000;20.00000;0.50719;2
718.42999;64.93083;      -1.12742; 45.02162;80.00000;20.00000;0.50714;2
718.53101;64.93583;      -1.12710; 45.02065;80.00000;20.00000;0.50708;2
718.62500;64.94083;      -1.12619; 45.01969;80.00000;20.00000;0.50703;2
718.72601;64.94583;      -1.12602; 45.01776;80.00000;20.00000;0.50698;2
718.83301;64.95083;      -1.12557; 45.01583;80.00000;20.00000;0.50692;2
718.93298;64.95583;      -1.12496; 45.01486;80.00000;20.00000;0.50687;2
719.03497;64.96083;      -1.12508; 45.01390;80.00000;20.00000;0.50682;2
719.12903;64.96583;      -1.12461; 45.01197;80.00000;20.00000;0.50677;2
719.23499;64.97083;      -1.12401; 45.01100;80.00000;20.00000;0.50671;2
719.33099;64.97583;      -1.12369; 45.01197;80.00000;20.00000;0.50666;2
719.42297;64.98083;      -1.12350; 45.01100;80.00000;20.00000;0.50661;2
719.52502;64.98583;      -1.12333; 45.01100;80.00000;20.00000;0.50656;2
719.62201;64.99083;      -1.12359; 45.01004;80.00000;20.00000;0.50651;2
719.73199;64.99583;      -1.12358; 45.00811;80.00000;20.00000;0.50645;2
719.82898;65.00083;      -1.12325; 45.00811;80.00000;20.00000;0.50640;2
719.92798;65.00583;      -1.12308; 45.00714;80.00000;20.00000;0.50634;2
720.02802;65.01083;      -1.12291; 45.00618;80.00000;20.00000;0.50629;2
720.12701;65.01583;      -1.12273; 45.00618;80.00000;20.00000;0.50624;2
720.22900;65.02083;      -1.12242; 45.00521;80.00000;20.00000;0.50618;2
720.32098;65.02583;      -1.12223; 45.00521;80.00000;20.00000;0.50613;2
720.43103;65.03083;      -1.12105; 45.00618;80.00000;20.00000;0.50608;2
720.52802;65.03583;      -1.12059; 45.00714;80.00000;20.00000;0.50602;2
720.62598;65.04083;      -1.12114; 45.00811;80.00000;20.00000;0.50597;2
720.72302;65.04583;      -1.12140; 45.00907;80.00000;20.00000;0.50592;2
720.82300;65.05083;      -1.12137; 45.00811;80.00000;20.00000;0.50587;2
720.91901;65.05583;      -1.12104; 45.00907;80.00000;20.00000;0.50582;2
721.01703;65.06083;      -1.12029; 45.01004;80.00000;20.00000;0.50577;2
721.12201;65.06583;      -1.12012; 45.01100;80.00000;20.00000;0.50571;2
721.22198;65.07083;      -1.12024; 45.01197;80.00000;20.00000;0.50566;2
721.31702;65.07583;      -1.12035; 45.01293;80.00000;20.00000;0.50561;2
721.41998;65.08083;      -1.12061; 45.01293;80.00000;20.00000;0.50555;2
721.52399;65.08583;      -1.12045; 45.01390;80.00000;20.00000;0.50550;2
721.61603;65.09083;      -1.11968; 45.01100;80.00000;20.00000;0.50545;2
721.72803;65.09583;      -1.11952; 45.00907;80.00000;20.00000;0.50539;2
721.82001;65.10083;      -1.11948; 45.00714;80.00000;20.00000;0.50534;2
721.91901;65.10583;      -1.11931; 45.00521;80.00000;20.00000;0.50529;2
722.02600;65.11083;      -1.11943; 45.00232;80.00000;20.00000;0.50523;2
722.11700;65.11583;      -1.11939; 44.99749;80.00000;20.00000;0.50518;2
722.22498;65.12083;      -1.11923; 44.99460;80.00000;20.00000;0.50512;2
722.32202;65.12583;      -1.11949; 44.99170;80.00000;20.00000;0.50507;2
722.42499;65.13083;      -1.11947; 44.98784;80.00000;20.00000;0.50502;2
722.51300;65.13583;      -1.11957; 44.98688;80.00000;20.00000;0.50497;2
722.62299;65.14083;      -1.11999; 44.98688;80.00000;20.00000;0.50491;2
722.72302;65.14583;      -1.11952; 44.98591;80.00000;20.00000;0.50486;2
722.81897;65.15083;      -1.11935; 44.98302;80.00000;20.00000;0.50481;2
722.91803;65.15583;      -1.11917; 44.97916;80.00000;20.00000;0.50476;2
723.01898;65.16083;      -1.11914; 44.97433;80.00000;20.00000;0.50470;2
723.12097;65.16583;      -1.11926; 44.97144;80.00000;20.00000;0.50465;2
723.21600;65.17083;      -1.11952; 44.96854;80.00000;20.00000;0.50460;2
723.32300;65.17583;      -1.11965; 44.96661;80.00000;20.00000;0.50454;2
723.41498;65.18083;      -1.11961; 44.96468;80.00000;20.00000;0.50449;2
723.51703;65.18583;      -1.12046; 44.96275;80.00000;20.00000;0.50444;2
723.62097;65.19083;      -1.12044; 44.95986;80.00000;20.00000;0.50438;2
723.72400;65.19583;      -1.11924; 44.95696;80.00000;20.00000;0.50433;2
723.82001;65.20083;      -1.11979; 44.95503;80.00000;20.00000;0.50428;2
723.91803;65.20583;      -1.11933; 44.95310;80.00000;20.00000;0.50423;2
724.02100;65.21083;      -1.11959; 44.94731;80.00000;20.00000;0.50417;2
724.12201;65.21583;      -1.11971; 44.94345;80.00000;20.00000;0.50412;2
724.21802;65.22083;      -1.12012; 44.93959;80.00000;20.00000;0.50407;2
724.32202;65.22583;      -1.12053; 44.93670;80.00000;20.00000;0.50401;2
724.42102;65.23083;      -1.12050; 44.93284;80.00000;20.00000;0.50396;2
724.52399;65.23583;      -1.11989; 44.93284;80.00000;20.00000;0.50390;2
724.61603;65.24083;      -1.11971; 44.93284;80.00000;20.00000;0.50386;2
724.72101;65.24583;      -1.12013; 44.93284;80.00000;20.00000;0.50380;2
724.81598;65.25083;      -1.12038; 44.93284;80.00000;20.00000;0.50375;2
724.90997;65.25583;      -1.12035; 44.93187;80.00000;20.00000;0.50370;2
725.02399;65.26083;      -1.11990; 44.93091;80.00000;20.00000;0.50364;2
725.11700;65.26583;      -1.11972; 44.92994;80.00000;20.00000;0.50359;2
725.22803;65.27083;      -1.11970; 44.92898;80.00000;20.00000;0.50353;2
725.32397;65.27583;      -1.11952; 44.92898;80.00000;20.00000;0.50348;2
725.41803;65.28083;      -1.11934; 44.92801;80.00000;20.00000;0.50343;2
725.51801;65.28583;      -1.11902; 44.92801;80.00000;20.00000;0.50338;2
725.61401;65.29083;      -1.11884; 44.92705;80.00000;20.00000;0.50333;2
725.71301;65.29583;      -1.11910; 44.92608;80.00000;20.00000;0.50327;2
725.80603;65.30083;      -1.11921; 44.92608;80.00000;20.00000;0.50322;2
725.91302;65.30583;      -1.11890; 44.92608;80.00000;20.00000;0.50317;2
726.00800;65.31083;      -1.11930; 44.92608;80.00000;20.00000;0.50312;2
726.10797;65.31583;      -1.11971; 44.92705;80.00000;20.00000;0.50306;2
726.21002;65.32083;      -1.11940; 44.92705;80.00000;20.00000;0.50301;2
726.30499;65.32583;      -1.11922; 44.92608;80.00000;20.00000;0.50296;2
726.40503;65.33083;      -1.11933; 44.92705;80.00000;20.00000;0.50291;2
726.51001;65.33583;      -1.11887; 44.92608;80.00000;20.00000;0.50285;2
726.61200;65.34083;      -1.11958; 44.92512;80.00000;20.00000;0.50280;2
726.70898;65.34583;      -1.11999; 44.92512;80.00000;20.00000;0.50275;2
726.80402;65.35083;      -1.12039; 44.92415;80.00000;20.00000;0.50270;2
726.90601;65.35583;      -1.12007; 44.92415;80.00000;20.00000;0.50264;2
727.01099;65.36083;      -1.11961; 44.92126;80.00000;20.00000;0.50259;2
727.10498;65.36583;      -1.11928; 44.91933;80.00000;20.00000;0.50254;2
727.21100;65.37083;      -1.11955; 44.91740;80.00000;20.00000;0.50248;2
727.31799;65.37583;      -1.11953; 44.91643;80.00000;20.00000;0.50242;2
727.40698;65.38083;      -1.11964; 44.91547;80.00000;20.00000;0.50238;2
727.50598;65.38583;      -1.11961; 44.91547;80.00000;20.00000;0.50232;2
727.60498;65.39083;      -1.11943; 44.91257;80.00000;20.00000;0.50227;2
727.70599;65.39583;      -1.12029; 44.91161;80.00000;20.00000;0.50222;2
727.80298;65.40083;      -1.12055; 44.91064;80.00000;20.00000;0.50217;2
727.90100;65.40583;      -1.12081; 44.91064;80.00000;20.00000;0.50211;2
728.00299;65.41083;      -1.12093; 44.90968;80.00000;20.00000;0.50206;2
728.10699;65.41583;      -1.12105; 44.90871;80.00000;20.00000;0.50200;2
728.20502;65.42083;      -1.12102; 44.90775;80.00000;20.00000;0.50195;2
728.30103;65.42583;      -1.12055; 44.90678;80.00000;20.00000;0.50190;2
728.40002;65.43083;      -1.12023; 44.90678;80.00000;20.00000;0.50185;2
728.50299;65.43583;      -1.12035; 44.90582;80.00000;20.00000;0.50179;2
728.60400;65.44083;      -1.12047; 44.90292;80.00000;20.00000;0.50174;2
728.70599;65.44583;      -1.12059; 44.90099;80.00000;20.00000;0.50169;2
728.80103;65.45083;      -1.12055; 44.90003;80.00000;20.00000;0.50164;2
728.90100;65.45583;      -1.12082; 44.89906;80.00000;20.00000;0.50158;2
729.00598;65.46083;      -1.12138; 44.89810;80.00000;20.00000;0.50153;2
729.09900;65.46583;      -1.12120; 44.89520;80.00000;20.00000;0.50148;2
729.21399;65.47083;      -1.12104; 44.89231;80.00000;20.00000;0.50142;2
729.30499;65.47583;      -1.12101; 44.89134;80.00000;20.00000;0.50137;2
729.40997;65.48083;      -1.12098; 44.88845;80.00000;20.00000;0.50131;2
729.49902;65.48583;      -1.12065; 44.88555;80.00000;20.00000;0.50127;2
729.61200;65.49083;      -1.12049; 44.88362;80.00000;20.00000;0.50121;2
729.70599;65.49583;      -1.12089; 44.88266;80.00000;20.00000;0.50116;2
729.80603;65.50083;      -1.12101; 44.88362;80.00000;20.00000;0.50110;2
729.90601;65.50583;      -1.12187; 44.88459;80.00000;20.00000;0.50105;2
730.00098;65.51083;      -1.12242; 44.88459;80.00000;20.00000;0.50100;2
730.10199;65.51583;      -1.12283; 44.88362;80.00000;20.00000;0.50095;2
730.20001;65.52083;      -1.12074; 44.88266;80.00000;20.00000;0.50089;2
730.29999;65.52583;      -1.11998; 44.88266;80.00000;20.00000;0.50084;2
730.40601;65.53083;      -1.11967; 44.88169;80.00000;20.00000;0.50079;2
730.50598;65.53583;      -1.12008; 44.88073;80.00000;20.00000;0.50073;2
730.59802;65.54083;      -1.12033; 44.87976;80.00000;20.00000;0.50068;2
730.70099;65.54583;      -1.12002; 44.87976;80.00000;20.00000;0.50063;2
730.80701;65.55083;      -1.11999; 44.87494;80.00000;20.00000;0.50057;2
730.90900;65.55583;      -1.11982; 44.87301;80.00000;20.00000;0.50052;2
731.00500;65.56083;      -1.12023; 44.87108;80.00000;20.00000;0.50047;2
731.10101;65.56583;      -1.12020; 44.87011;80.00000;20.00000;0.50042;2
731.19598;65.57083;      -1.12001; 44.86625;80.00000;20.00000;0.50037;2
731.29602;65.57583;      -1.12013; 44.86336;80.00000;20.00000;0.50031;2
731.40399;65.58083;      -1.12011; 44.86239;80.00000;20.00000;0.50026;2
731.49799;65.58583;      -1.11993; 44.86046;80.00000;20.00000;0.50021;2
731.59900;65.59083;      -1.11887; 44.85853;80.00000;20.00000;0.50015;2
731.69397;65.59583;      -1.11796; 44.85660;80.00000;20.00000;0.50010;2
731.79797;65.60083;      -1.11823; 44.85564;80.00000;20.00000;0.50005;2
731.89697;65.60583;      -1.11790; 44.85371;80.00000;20.00000;0.49999;2
731.99799;65.61083;      -1.11758; 44.85274;80.00000;20.00000;0.49994;2
732.09302;65.61583;      -1.11725; 44.84985;80.00000;20.00000;0.49989;2
732.19397;65.62083;      -1.11708; 44.84888;80.00000;20.00000;0.49984;2
732.29199;65.62583;      -1.11646; 44.84695;80.00000;20.00000;0.49979;2
732.39203;65.63083;      -1.11628; 44.84502;80.00000;20.00000;0.49973;2
732.49402;65.63583;      -1.11655; 44.84406;80.00000;20.00000;0.49968;2
732.59100;65.64083;      -1.11666; 44.84406;80.00000;20.00000;0.49963;2
732.69397;65.64583;      -1.11664; 44.84309;80.00000;20.00000;0.49957;2
732.79102;65.65083;      -1.11646; 44.84116;80.00000;20.00000;0.49952;2
732.88898;65.65583;      -1.11598; 44.84020;80.00000;20.00000;0.49947;2
732.99298;65.66083;      -1.11522; 44.83923;80.00000;20.00000;0.49941;2
733.09198;65.66583;      -1.11475; 44.83923;80.00000;20.00000;0.49936;2
733.19000;65.67083;      -1.11428; 44.83923;80.00000;20.00000;0.49931;2
733.28802;65.67583;      -1.11366; 44.83923;80.00000;20.00000;0.49926;2
733.39502;65.68083;      -1.11334; 44.83827;80.00000;20.00000;0.49920;2
733.48999;65.68583;      -1.11345; 44.83730;80.00000;20.00000;0.49915;2
733.58398;65.69083;      -1.11297; 44.83730;80.00000;20.00000;0.49910;2
733.69299;65.69583;      -1.11295; 44.83634;80.00000;20.00000;0.49904;2
733.79199;65.70083;      -1.11248; 44.83634;80.00000;20.00000;0.49899;2
733.88800;65.70583;      -1.11215; 44.83537;80.00000;20.00000;0.49894;2
733.99597;65.71083;      -1.11184; 44.83248;80.00000;20.00000;0.49888;2
734.09399;65.71583;      -1.11107; 44.83151;80.00000;20.00000;0.49883;2
734.19397;65.72083;      -1.11000; 44.82958;80.00000;20.00000;0.49878;2
734.28802;65.72583;      -1.10982; 44.82862;80.00000;20.00000;0.49873;2
734.38501;65.73083;      -1.10934; 44.82572;80.00000;20.00000;0.49868;2
734.48102;65.73583;      -1.10842; 44.82379;80.00000;20.00000;0.49862;2
734.59302;65.74083;      -1.10811; 44.82283;80.00000;20.00000;0.49857;2
734.68103;65.74583;      -1.10822; 44.82090;80.00000;20.00000;0.49852;2
734.78802;65.75083;      -1.10893; 44.82090;80.00000;20.00000;0.49846;2
734.88702;65.75583;      -1.10905; 44.82090;80.00000;20.00000;0.49841;2
734.98798;65.76083;      -1.10784; 44.82186;80.00000;20.00000;0.49836;2
735.08502;65.76583;      -1.10633; 44.82186;80.00000;20.00000;0.49830;2
735.18903;65.77083;      -1.10586; 44.82186;80.00000;20.00000;0.49825;2
735.28497;65.77583;      -1.10597; 44.82283;80.00000;20.00000;0.49820;2
735.38599;65.78083;      -1.10550; 44.82379;80.00000;20.00000;0.49814;2
735.48499;65.78583;      -1.10532; 44.82379;80.00000;20.00000;0.49809;2
735.58398;65.79083;      -1.10499; 44.82283;80.00000;20.00000;0.49804;2
735.68500;65.79583;      -1.10363; 44.82283;80.00000;20.00000;0.49799;2
735.78400;65.80083;      -1.10316; 44.82283;80.00000;20.00000;0.49793;2
735.88300;65.80583;      -1.10165; 44.82186;80.00000;20.00000;0.49788;2
735.98297;65.81083;      -1.10147; 44.82186;80.00000;20.00000;0.49783;2
736.07800;65.81583;      -1.10114; 44.82186;80.00000;20.00000;0.49778;2
736.18298;65.82083;      -1.10082; 44.82090;80.00000;20.00000;0.49772;2
736.29199;65.82583;      -1.10035; 44.81993;80.00000;20.00000;0.49766;2
736.39301;65.83083;      -1.09973; 44.81993;80.00000;20.00000;0.49761;2
736.48602;65.83583;      -1.09925; 44.81800;80.00000;20.00000;0.49756;2
736.58099;65.84083;      -1.09773; 44.81607;80.00000;20.00000;0.49751;2
736.67999;65.84583;      -1.09681; 44.81607;80.00000;20.00000;0.49746;2
736.78900;65.85083;      -1.09576; 44.81704;80.00000;20.00000;0.49740;2
736.88898;65.85583;      -1.09528; 44.81414;80.00000;20.00000;0.49735;2
736.99200;65.86083;      -1.09466; 44.81125;80.00000;20.00000;0.49729;2
737.08197;65.86583;      -1.09388; 44.81028;80.00000;20.00000;0.49725;2
737.17603;65.87083;      -1.09325; 44.81028;80.00000;20.00000;0.49720;2
737.29303;65.87583;      -1.09264; 44.80932;80.00000;20.00000;0.49713;2
737.38397;65.88083;      -1.09171; 44.80835;80.00000;20.00000;0.49709;2
737.48798;65.88583;      -1.09065; 44.80739;80.00000;20.00000;0.49703;2
737.58899;65.89083;      -1.08884; 44.80739;80.00000;20.00000;0.49698;2
737.69202;65.89583;      -1.08733; 44.80642;80.00000;20.00000;0.49692;2
737.79999;65.90083;      -1.08731; 44.80642;80.00000;20.00000;0.49687;2
737.89301;65.90583;      -1.08727; 44.80546;80.00000;20.00000;0.49682;2
737.98798;65.91083;      -1.08693; 44.80449;80.00000;20.00000;0.49677;2
738.08301;65.91583;      -1.08586; 44.80353;80.00000;20.00000;0.49672;2
738.19702;65.92083;      -1.08480; 44.80160;80.00000;20.00000;0.49665;2
738.28900;65.92583;      -1.08402; 44.79677;80.00000;20.00000;0.49661;2
738.38898;65.93083;      -1.08339; 44.79291;80.00000;20.00000;0.49655;2
738.48798;65.93583;      -1.08277; 44.79002;80.00000;20.00000;0.49650;2
738.59198;65.94083;      -1.08170; 44.78712;80.00000;20.00000;0.49645;2
738.69501;65.94583;      -1.08019; 44.78326;80.00000;20.00000;0.49639;2
738.79498;65.95083;      -1.07867; 44.78133;80.00000;20.00000;0.49634;2
738.88800;65.95583;      -1.07819; 44.78037;80.00000;20.00000;0.49629;2
738.97900;65.96083;      -1.07755; 44.77747;80.00000;20.00000;0.49624;2
739.08801;65.96583;      -1.07664; 44.77554;80.00000;20.00000;0.49618;2
739.17297;65.97083;      -1.07569; 44.77361;80.00000;20.00000;0.49614;2
739.28101;65.97583;      -1.07433; 44.77072;80.00000;20.00000;0.49608;2
739.38300;65.98083;      -1.07297; 44.76879;80.00000;20.00000;0.49603;2
739.48297;65.98583;      -1.07145; 44.76686;80.00000;20.00000;0.49597;2
739.58301;65.99083;      -1.06978; 44.76396;80.00000;20.00000;0.49592;2
739.67999;65.99583;      -1.06826; 44.76300;80.00000;20.00000;0.49587;2
739.77899;66.00083;      -1.06748; 44.76010;80.00000;20.00000;0.49582;2
739.88599;66.00583;      -1.06731; 44.75817;80.00000;20.00000;0.49576;2
739.98798;66.01083;      -1.06668; 44.75624;80.00000;20.00000;0.49571;2
740.08002;66.01583;      -1.06604; 44.75431;80.00000;20.00000;0.49566;2
740.17902;66.02083;      -1.06526; 44.74949;80.00000;20.00000;0.49560;2
740.28802;66.02583;      -1.06420; 44.74659;80.00000;20.00000;0.49555;2
740.38702;66.03083;      -1.06387; 44.74466;80.00000;20.00000;0.49549;2
740.47302;66.03583;      -1.06248; 44.74273;80.00000;20.00000;0.49545;2
740.58002;66.04083;      -1.06141; 44.73694;80.00000;20.00000;0.49539;2
740.68201;66.04583;      -1.06019; 44.73405;80.00000;20.00000;0.49534;2
740.78198;66.05083;      -1.05911; 44.73405;80.00000;20.00000;0.49528;2
740.88599;66.05583;      -1.05923; 44.73212;80.00000;20.00000;0.49523;2
740.98401;66.06083;      -1.05815; 44.73019;80.00000;20.00000;0.49518;2
741.08197;66.06583;      -1.05633; 44.72826;80.00000;20.00000;0.49513;2
741.18701;66.07083;      -1.05526; 44.72729;80.00000;20.00000;0.49507;2
741.28003;66.07583;      -1.05492; 44.72536;80.00000;20.00000;0.49502;2
741.37903;66.08083;      -1.05399; 44.72247;80.00000;20.00000;0.49497;2
741.48297;66.08583;      -1.05277; 44.72054;80.00000;20.00000;0.49491;2
741.57300;66.09083;      -1.05198; 44.71861;80.00000;20.00000;0.49487;2
741.67902;66.09583;      -1.05091; 44.71764;80.00000;20.00000;0.49481;2
741.78003;66.10083;      -1.04938; 44.71764;80.00000;20.00000;0.49476;2
741.87402;66.10583;      -1.04889; 44.71668;80.00000;20.00000;0.49471;2
741.97699;66.11083;      -1.04812; 44.71475;80.00000;20.00000;0.49465;2
742.08099;66.11583;      -1.04719; 44.71378;80.00000;20.00000;0.49460;2
742.17798;66.12083;      -1.04626; 44.71378;80.00000;20.00000;0.49455;2
742.27600;66.12583;      -1.04518; 44.71282;80.00000;20.00000;0.49449;2
742.38202;66.13083;      -1.04381; 44.71282;80.00000;20.00000;0.49444;2
742.48297;66.13583;      -1.04243; 44.71185;80.00000;20.00000;0.49438;2
742.57599;66.14083;      -1.04119; 44.71185;80.00000;20.00000;0.49433;2
742.67999;66.14583;      -1.04012; 44.70992;80.00000;20.00000;0.49428;2
742.77802;66.15083;      -1.03918; 44.70606;80.00000;20.00000;0.49423;2
742.87701;66.15583;      -1.03810; 44.70413;80.00000;20.00000;0.49417;2
742.97998;66.16083;      -1.03717; 44.70124;80.00000;20.00000;0.49412;2
743.08002;66.16583;      -1.03609; 44.69834;80.00000;20.00000;0.49407;2
743.17902;66.17083;      -1.03501; 44.69641;80.00000;20.00000;0.49401;2
743.28601;66.17583;      -1.03409; 44.69545;80.00000;20.00000;0.49396;2
743.38397;66.18083;      -1.03375; 44.69641;80.00000;20.00000;0.49391;2
743.47900;66.18583;      -1.03296; 44.69738;80.00000;20.00000;0.49386;2
743.57599;66.19083;      -1.03202; 44.69834;80.00000;20.00000;0.49380;2
743.67902;66.19583;      -1.03124; 44.69931;80.00000;20.00000;0.49375;2
743.77502;66.20083;      -1.03105; 44.70027;80.00000;20.00000;0.49370;2
743.87799;66.20583;      -1.03072; 44.70124;80.00000;20.00000;0.49364;2
743.97803;66.21083;      -1.02904; 44.70317;80.00000;20.00000;0.49359;2
744.08002;66.21583;      -1.02766; 44.70317;80.00000;20.00000;0.49354;2
744.17700;66.22083;      -1.02672; 44.70220;80.00000;20.00000;0.49349;2
744.27399;66.22583;      -1.02623; 44.70124;80.00000;20.00000;0.49343;2
744.37402;66.23083;      -1.02515; 44.70027;80.00000;20.00000;0.49338;2
744.47101;66.23583;      -1.02376; 44.70027;80.00000;20.00000;0.49333;2
744.57501;66.24083;      -1.02268; 44.69834;80.00000;20.00000;0.49328;2
744.67499;66.24583;      -1.02160; 44.69834;80.00000;20.00000;0.49322;2
744.78003;66.25083;      -1.02082; 44.69738;80.00000;20.00000;0.49317;2
744.87903;66.25583;      -1.02078; 44.69738;80.00000;20.00000;0.49311;2
744.98297;66.26083;      -1.02029; 44.69641;80.00000;20.00000;0.49306;2
745.07202;66.26583;      -1.01905; 44.69545;80.00000;20.00000;0.49301;2
745.17297;66.27083;      -1.01781; 44.69448;80.00000;20.00000;0.49296;2
745.27399;66.27583;      -1.01673; 44.69545;80.00000;20.00000;0.49291;2
745.37097;66.28083;      -1.01609; 44.69545;80.00000;20.00000;0.49285;2
745.47198;66.28583;      -1.01515; 44.69641;80.00000;20.00000;0.49280;2
745.56897;66.29083;      -1.01242; 44.69641;80.00000;20.00000;0.49275;2
745.67499;66.29583;      -1.01059; 44.69545;80.00000;20.00000;0.49269;2
745.77802;66.30083;      -1.00951; 44.69641;80.00000;20.00000;0.49264;2
745.86902;66.30583;      -1.00811; 44.69545;80.00000;20.00000;0.49259;2
745.96600;66.31083;      -1.00732; 44.69545;80.00000;20.00000;0.49254;2
746.08197;66.31583;      -1.00610; 44.69448;80.00000;20.00000;0.49248;2
746.17902;66.32083;      -1.00546; 44.68966;80.00000;20.00000;0.49243;2
746.27502;66.32583;      -1.00422; 44.68869;80.00000;20.00000;0.49237;2
746.37201;66.33083;      -1.00298; 44.68676;80.00000;20.00000;0.49232;2
746.46997;66.33583;      -1.00218; 44.68676;80.00000;20.00000;0.49227;2
746.57898;66.34083;      -1.00140; 44.68387;80.00000;20.00000;0.49221;2
746.67499;66.34583;      -1.00061; 44.68194;80.00000;20.00000;0.49216;2
746.77502;66.35083;      -0.99937; 44.68001;80.00000;20.00000;0.49211;2
746.88000;66.35583;      -0.99739; 44.68001;80.00000;20.00000;0.49205;2
746.96899;66.36083;      -0.99719; 44.67808;80.00000;20.00000;0.49201;2
747.06897;66.36583;      -0.99670; 44.67808;80.00000;20.00000;0.49195;2
747.17603;66.37083;      -0.99546; 44.67711;80.00000;20.00000;0.49190;2
747.28198;66.37583;      -0.99408; 44.67615;80.00000;20.00000;0.49184;2
747.37903;66.38083;      -0.99284; 44.67518;80.00000;20.00000;0.49179;2
747.47803;66.38583;      -0.99174; 44.67325;80.00000;20.00000;0.49174;2
747.57202;66.39083;      -0.99020; 44.67229;80.00000;20.00000;0.49169;2
747.67798;66.39583;      -0.98881; 44.67132;80.00000;20.00000;0.49163;2
747.77802;66.40083;      -0.98787; 44.67036;80.00000;20.00000;0.49158;2
747.88397;66.40583;      -0.98694; 44.66939;80.00000;20.00000;0.49152;2
747.97101;66.41083;      -0.98613; 44.66843;80.00000;20.00000;0.49148;2
748.07397;66.41583;      -0.98609; 44.66650;80.00000;20.00000;0.49142;2
748.18103;66.42083;      -0.98605; 44.66650;80.00000;20.00000;0.49137;2
748.27698;66.42583;      -0.98571; 44.66553;80.00000;20.00000;0.49131;2
748.37201;66.43083;      -0.98431; 44.66457;80.00000;20.00000;0.49126;2
748.47900;66.43583;      -0.98247; 44.66360;80.00000;20.00000;0.49121;2
748.58099;66.44083;      -0.98078; 44.66264;80.00000;20.00000;0.49115;2
748.66998;66.44583;      -0.98058; 44.66071;80.00000;20.00000;0.49111;2
748.77600;66.45083;      -0.97919; 44.66071;80.00000;20.00000;0.49105;2
748.87598;66.45583;      -0.97810; 44.65878;80.00000;20.00000;0.49100;2
748.96802;66.46083;      -0.97729; 44.65685;80.00000;20.00000;0.49095;2
749.07501;66.46583;      -0.97636; 44.65588;80.00000;20.00000;0.49089;2
749.17297;66.47083;      -0.97541; 44.65395;80.00000;20.00000;0.49084;2
749.27698;66.47583;      -0.97402; 44.65202;80.00000;20.00000;0.49079;2
749.37201;66.48083;      -0.97352; 44.65009;80.00000;20.00000;0.49073;2
749.47900;66.48583;      -0.97333; 44.64720;80.00000;20.00000;0.49068;2
749.57300;66.49083;      -0.97328; 44.64044;80.00000;20.00000;0.49063;2
749.68298;66.49583;      -0.97264; 44.63562;80.00000;20.00000;0.49057;2
749.77301;66.50083;      -0.97199; 44.63079;80.00000;20.00000;0.49052;2
749.87402;66.50583;      -0.97059; 44.62693;80.00000;20.00000;0.49047;2
749.97699;66.51083;      -0.96920; 44.62597;80.00000;20.00000;0.49041;2
750.07800;66.51583;      -0.96795; 44.62597;80.00000;20.00000;0.49036;2
750.18201;66.52083;      -0.96686; 44.62404;80.00000;20.00000;0.49031;2
750.27399;66.52583;      -0.96636; 44.62500;80.00000;20.00000;0.49026;2
750.37097;66.53083;      -0.96586; 44.62404;80.00000;20.00000;0.49021;2
750.46899;66.53583;      -0.96521; 44.62404;80.00000;20.00000;0.49015;2
750.57898;66.54083;      -0.96457; 44.62307;80.00000;20.00000;0.49010;2
750.67297;66.54583;      -0.96347; 44.62307;80.00000;20.00000;0.49005;2
750.76599;66.55083;      -0.96266; 44.62211;80.00000;20.00000;0.49000;2
750.87500;66.55583;      -0.96173; 44.62018;80.00000;20.00000;0.48994;2
750.97601;66.56083;      -0.96108; 44.61825;80.00000;20.00000;0.48989;2
751.07098;66.56583;      -0.96013; 44.61825;80.00000;20.00000;0.48984;2
751.17798;66.57083;      -0.95918; 44.61632;80.00000;20.00000;0.48978;2
751.27100;66.57583;      -0.95808; 44.61535;80.00000;20.00000;0.48973;2
751.37299;66.58083;      -0.95728; 44.61342;80.00000;20.00000;0.48968;2
751.47101;66.58583;      -0.95678; 44.61246;80.00000;20.00000;0.48962;2
751.57001;66.59083;      -0.95598; 44.60956;80.00000;20.00000;0.48957;2
751.67603;66.59583;      -0.95549; 44.60764;80.00000;20.00000;0.48951;2
751.77002;66.60083;      -0.95453; 44.60571;80.00000;20.00000;0.48947;2
751.87299;66.60583;      -0.95374; 44.60378;80.00000;20.00000;0.48941;2
751.97101;66.61083;      -0.95309; 44.59799;80.00000;20.00000;0.48936;2
752.07501;66.61583;      -0.95154; 44.59702;80.00000;20.00000;0.48930;2
752.17401;66.62083;      -0.95089; 44.59606;80.00000;20.00000;0.48925;2
752.27502;66.62583;      -0.95084; 44.59413;80.00000;20.00000;0.48920;2
752.36902;66.63083;      -0.95049; 44.59220;80.00000;20.00000;0.48915;2
752.47101;66.63583;      -0.94999; 44.59027;80.00000;20.00000;0.48909;2
752.58002;66.64083;      -0.94965; 44.58930;80.00000;20.00000;0.48904;2
752.67499;66.64583;      -0.94884; 44.58737;80.00000;20.00000;0.48899;2
752.77002;66.65083;      -0.94834; 44.58544;80.00000;20.00000;0.48894;2
752.87598;66.65583;      -0.94724; 44.58448;80.00000;20.00000;0.48888;2
752.97400;66.66083;      -0.94659; 44.58255;80.00000;20.00000;0.48883;2
753.07703;66.66583;      -0.94564; 44.58062;80.00000;20.00000;0.48877;2
753.17102;66.67083;      -0.94453; 44.57772;80.00000;20.00000;0.48872;2
753.27301;66.67583;      -0.94449; 44.57579;80.00000;20.00000;0.48867;2
753.37799;66.68083;      -0.94490; 44.57386;80.00000;20.00000;0.48861;2
753.47400;66.68583;      -0.94409; 44.57386;80.00000;20.00000;0.48856;2
753.58197;66.69083;      -0.94330; 44.57193;80.00000;20.00000;0.48851;2
753.67297;66.69583;      -0.94279; 44.57097;80.00000;20.00000;0.48846;2
753.77600;66.70083;      -0.94229; 44.56904;80.00000;20.00000;0.48840;2
753.88300;66.70583;      -0.94164; 44.56807;80.00000;20.00000;0.48835;2
753.97498;66.71083;      -0.94098; 44.56807;80.00000;20.00000;0.48830;2
754.07501;66.71583;      -0.94003; 44.56711;80.00000;20.00000;0.48825;2
754.17102;66.72083;      -0.93953; 44.56614;80.00000;20.00000;0.48819;2
754.27301;66.72583;      -0.93857; 44.56421;80.00000;20.00000;0.48814;2
754.37903;66.73083;      -0.93747; 44.56132;80.00000;20.00000;0.48808;2
754.47198;66.73583;      -0.93697; 44.55746;80.00000;20.00000;0.48804;2
754.57898;66.74083;      -0.93632; 44.55456;80.00000;20.00000;0.48798;2
754.68103;66.74583;      -0.93567; 44.55167;80.00000;20.00000;0.48792;2
754.77100;66.75083;      -0.93485; 44.54877;80.00000;20.00000;0.48788;2
754.87097;66.75583;      -0.93405; 44.54684;80.00000;20.00000;0.48782;2
754.97900;66.76083;      -0.93356; 44.54684;80.00000;20.00000;0.48777;2
755.07703;66.76583;      -0.93305; 44.54588;80.00000;20.00000;0.48771;2
755.16901;66.77083;      -0.93284; 44.54491;80.00000;20.00000;0.48767;2
755.26898;66.77583;      -0.93249; 44.54298;80.00000;20.00000;0.48761;2
755.37500;66.78083;      -0.93169; 44.54202;80.00000;20.00000;0.48756;2
755.47601;66.78583;      -0.93089; 44.54009;80.00000;20.00000;0.48750;2
755.57202;66.79083;      -0.92963; 44.53816;80.00000;20.00000;0.48745;2
755.67102;66.79583;      -0.92822; 44.53816;80.00000;20.00000;0.48740;2
755.76898;66.80083;      -0.92665; 44.53623;80.00000;20.00000;0.48735;2
755.87201;66.80583;      -0.92509; 44.53623;80.00000;20.00000;0.48729;2
755.96899;66.81083;      -0.92444; 44.53719;80.00000;20.00000;0.48724;2
756.06702;66.81583;      -0.92438; 44.53816;80.00000;20.00000;0.48719;2
756.17499;66.82083;      -0.92449; 44.53912;80.00000;20.00000;0.48713;2
756.26501;66.82583;      -0.92428; 44.54105;80.00000;20.00000;0.48709;2
756.36603;66.83083;      -0.92378; 44.54105;80.00000;20.00000;0.48703;2
756.47101;66.83583;      -0.92267; 44.54105;80.00000;20.00000;0.48698;2
756.56799;66.84083;      -0.92171; 44.54105;80.00000;20.00000;0.48693;2
756.67102;66.84583;      -0.92076; 44.54009;80.00000;20.00000;0.48687;2
756.76398;66.85083;      -0.92009; 44.54009;80.00000;20.00000;0.48682;2
756.86700;66.85583;      -0.91914; 44.53912;80.00000;20.00000;0.48677;2
756.96698;66.86083;      -0.91909; 44.53912;80.00000;20.00000;0.48671;2
757.06702;66.86583;      -0.91888; 44.53816;80.00000;20.00000;0.48666;2
757.17297;66.87083;      -0.91808; 44.53623;80.00000;20.00000;0.48661;2
757.27301;66.87583;      -0.91652; 44.53623;80.00000;20.00000;0.48655;2
757.37201;66.88083;      -0.91556; 44.53623;80.00000;20.00000;0.48650;2
757.46503;66.88583;      -0.91429; 44.53333;80.00000;20.00000;0.48645;2
757.56598;66.89083;      -0.91303; 44.53237;80.00000;20.00000;0.48640;2
757.67200;66.89583;      -0.91192; 44.53140;80.00000;20.00000;0.48634;2
757.77002;66.90083;      -0.91126; 44.53044;80.00000;20.00000;0.48629;2
757.87299;66.90583;      -0.91121; 44.52851;80.00000;20.00000;0.48624;2
757.97101;66.91083;      -0.91131; 44.52561;80.00000;20.00000;0.48618;2
758.07098;66.91583;      -0.91035; 44.52368;80.00000;20.00000;0.48613;2
758.16302;66.92083;      -0.90983; 44.52175;80.00000;20.00000;0.48608;2
758.27100;66.92583;      -0.90979; 44.52079;80.00000;20.00000;0.48602;2
758.37299;66.93083;      -0.90868; 44.51886;80.00000;20.00000;0.48597;2
758.47400;66.93583;      -0.90741; 44.51789;80.00000;20.00000;0.48592;2
758.57300;66.94083;      -0.90721; 44.51693;80.00000;20.00000;0.48587;2
758.67401;66.94583;      -0.90700; 44.51693;80.00000;20.00000;0.48581;2
758.77600;66.95083;      -0.90589; 44.51596;80.00000;20.00000;0.48576;2
758.87000;66.95583;      -0.90386; 44.51500;80.00000;20.00000;0.48571;2
758.96802;66.96083;      -0.90290; 44.51500;80.00000;20.00000;0.48566;2
759.07397;66.96583;      -0.90240; 44.51307;80.00000;20.00000;0.48560;2
759.17499;66.97083;      -0.90174; 44.51210;80.00000;20.00000;0.48555;2
759.27698;66.97583;      -0.90062; 44.51017;80.00000;20.00000;0.48549;2
759.37500;66.98083;      -0.90027; 44.51017;80.00000;20.00000;0.48544;2
759.47101;66.98583;      -0.90006; 44.51114;80.00000;20.00000;0.48539;2
759.57501;66.99083;      -0.89879; 44.51017;80.00000;20.00000;0.48534;2
759.67297;66.99583;      -0.89813; 44.51017;80.00000;20.00000;0.48528;2
759.76801;67.00083;      -0.89731; 44.51017;80.00000;20.00000;0.48523;2
759.87701;67.00583;      -0.89757; 44.51017;80.00000;20.00000;0.48518;2
759.96997;67.01083;      -0.89751; 44.51017;80.00000;20.00000;0.48513;2
760.07300;67.01583;      -0.89625; 44.51017;80.00000;20.00000;0.48507;2
760.16998;67.02083;      -0.89452; 44.50921;80.00000;20.00000;0.48502;2
760.27399;67.02583;      -0.89401; 44.50921;80.00000;20.00000;0.48497;2
760.37097;67.03083;      -0.89304; 44.51017;80.00000;20.00000;0.48491;2
760.46997;67.03583;      -0.89223; 44.51017;80.00000;20.00000;0.48486;2
760.56299;67.04083;      -0.89217; 44.50921;80.00000;20.00000;0.48481;2
760.67401;67.04583;      -0.89182; 44.50921;80.00000;20.00000;0.48475;2
760.76898;67.05083;      -0.89191; 44.50631;80.00000;20.00000;0.48470;2
760.86798;67.05583;      -0.88928; 44.50342;80.00000;20.00000;0.48465;2
760.97302;67.06083;      -0.88831; 44.49956;80.00000;20.00000;0.48460;2
761.07098;67.06583;      -0.88704; 44.49763;80.00000;20.00000;0.48454;2
761.17297;67.07083;      -0.88592; 44.49570;80.00000;20.00000;0.48449;2
761.26398;67.07583;      -0.88586; 44.49184;80.00000;20.00000;0.48444;2
761.36902;67.08083;      -0.88566; 44.48991;80.00000;20.00000;0.48439;2
761.46997;67.08583;      -0.88545; 44.48991;80.00000;20.00000;0.48433;2
761.57001;67.09083;      -0.88448; 44.48894;80.00000;20.00000;0.48428;2
761.66803;67.09583;      -0.88291; 44.48701;80.00000;20.00000;0.48423;2
761.76599;67.10083;      -0.88224; 44.48605;80.00000;20.00000;0.48418;2
761.86499;67.10583;      -0.88264; 44.48412;80.00000;20.00000;0.48412;2
761.97198;67.11083;      -0.88259; 44.48315;80.00000;20.00000;0.48407;2
762.07098;67.11583;      -0.88223; 44.48122;80.00000;20.00000;0.48401;2
762.17200;67.12083;      -0.87989; 44.47929;80.00000;20.00000;0.48396;2
762.26801;67.12583;      -0.87923; 44.47833;80.00000;20.00000;0.48391;2
762.37299;67.13083;      -0.87750; 44.47640;80.00000;20.00000;0.48386;2
762.47198;67.13583;      -0.87379; 44.47350;80.00000;20.00000;0.48380;2
762.56702;67.14083;      -0.87160; 44.47157;80.00000;20.00000;0.48375;2
762.66400;67.14583;      -0.87078; 44.47061;80.00000;20.00000;0.48370;2
762.77197;67.15083;      -0.86951; 44.46868;80.00000;20.00000;0.48364;2
762.86902;67.15583;      -0.86854; 44.46771;80.00000;20.00000;0.48359;2
762.97302;67.16083;      -0.86757; 44.46578;80.00000;20.00000;0.48354;2
763.06799;67.16583;      -0.86705; 44.46385;80.00000;20.00000;0.48349;2
763.16199;67.17083;      -0.86653; 44.45999;80.00000;20.00000;0.48344;2
763.28101;67.17583;      -0.86619; 44.45806;80.00000;20.00000;0.48338;2
763.36499;67.18083;      -0.86627; 44.45710;80.00000;20.00000;0.48333;2
763.47302;67.18583;      -0.86561; 44.45517;80.00000;20.00000;0.48327;2
763.56897;67.19083;      -0.86311; 44.45034;80.00000;20.00000;0.48322;2
763.67700;67.19583;      -0.86230; 44.44841;80.00000;20.00000;0.48317;2
763.77197;67.20083;      -0.86239; 44.44648;80.00000;20.00000;0.48312;2
763.87299;67.20583;      -0.86202; 44.44455;80.00000;20.00000;0.48306;2
763.97498;67.21083;      -0.86182; 44.44262;80.00000;20.00000;0.48301;2
764.07300;67.21583;      -0.86145; 44.44069;80.00000;20.00000;0.48296;2
764.17499;67.22083;      -0.86063; 44.43973;80.00000;20.00000;0.48290;2
764.27600;67.22583;      -0.85920; 44.43587;80.00000;20.00000;0.48285;2
764.37201;67.23083;      -0.85868; 44.43297;80.00000;20.00000;0.48280;2
764.47198;67.23583;      -0.85725; 44.43104;80.00000;20.00000;0.48275;2
764.56598;67.24083;      -0.85566; 44.42911;80.00000;20.00000;0.48270;2
764.67102;67.24583;      -0.85454; 44.42525;80.00000;20.00000;0.48264;2
764.77502;67.25083;      -0.85372; 44.42043;80.00000;20.00000;0.48259;2
764.86603;67.25583;      -0.85289; 44.41657;80.00000;20.00000;0.48254;2
764.97400;67.26083;      -0.85223; 44.41367;80.00000;20.00000;0.48248;2
765.06897;67.26583;      -0.85201; 44.40981;80.00000;20.00000;0.48243;2
765.17499;67.27083;      -0.85211; 44.40981;80.00000;20.00000;0.48237;2
765.27802;67.27583;      -0.85129; 44.41078;80.00000;20.00000;0.48232;2
765.37598;67.28083;      -0.85001; 44.41174;80.00000;20.00000;0.48227;2
765.47400;67.28583;      -0.84888; 44.41174;80.00000;20.00000;0.48222;2
765.57898;67.29083;      -0.84791; 44.41271;80.00000;20.00000;0.48216;2
765.67401;67.29583;      -0.84754; 44.41271;80.00000;20.00000;0.48211;2
765.76599;67.30083;      -0.84701; 44.41271;80.00000;20.00000;0.48206;2
765.87701;67.30583;      -0.84712; 44.41174;80.00000;20.00000;0.48200;2
765.96899;67.31083;      -0.84674; 44.41078;80.00000;20.00000;0.48195;2
766.07501;67.31583;      -0.84562; 44.40981;80.00000;20.00000;0.48190;2
766.17401;67.32083;      -0.84495; 44.40885;80.00000;20.00000;0.48185;2
766.27197;67.32583;      -0.84397; 44.40788;80.00000;20.00000;0.48179;2
766.36798;67.33083;      -0.84268; 44.40692;80.00000;20.00000;0.48174;2
766.46802;67.33583;      -0.84171; 44.40595;80.00000;20.00000;0.48169;2
766.57300;67.34083;      -0.84073; 44.40499;80.00000;20.00000;0.48163;2
766.67798;67.34583;      -0.83961; 44.40499;80.00000;20.00000;0.48158;2
766.77100;67.35083;      -0.83877; 44.40499;80.00000;20.00000;0.48153;2
766.87598;67.35583;      -0.83826; 44.40402;80.00000;20.00000;0.48147;2
766.97198;67.36083;      -0.83667; 44.40306;80.00000;20.00000;0.48142;2
767.07599;67.36583;      -0.83615; 44.40209;80.00000;20.00000;0.48137;2
767.15997;67.37083;      -0.83546; 44.40113;80.00000;20.00000;0.48132;2
767.27301;67.37583;      -0.83694; 44.40016;80.00000;20.00000;0.48126;2
767.36603;67.38083;      -0.83657; 44.39727;80.00000;20.00000;0.48122;2
767.47101;67.38583;      -0.83529; 44.39630;80.00000;20.00000;0.48116;2
767.57001;67.39083;      -0.83446; 44.39534;80.00000;20.00000;0.48111;2
767.66901;67.39583;      -0.83363; 44.39437;80.00000;20.00000;0.48106;2
767.77399;67.40083;      -0.83266; 44.39437;80.00000;20.00000;0.48100;2
767.87701;67.40583;      -0.83183; 44.39341;80.00000;20.00000;0.48095;2
767.97198;67.41083;      -0.83131; 44.39341;80.00000;20.00000;0.48090;2
768.07098;67.41583;      -0.83048; 44.39437;80.00000;20.00000;0.48084;2
768.17297;67.42083;      -0.82965; 44.39437;80.00000;20.00000;0.48079;2
768.27399;67.42583;      -0.82852; 44.39437;80.00000;20.00000;0.48074;2
768.37201;67.43083;      -0.82754; 44.39437;80.00000;20.00000;0.48068;2
768.47498;67.43583;      -0.82717; 44.39534;80.00000;20.00000;0.48063;2
768.56500;67.44083;      -0.82695; 44.39437;80.00000;20.00000;0.48058;2
768.67700;67.44583;      -0.82644; 44.39437;80.00000;20.00000;0.48052;2
768.75800;67.45083;      -0.82590; 44.39534;80.00000;20.00000;0.48048;2
768.85699;67.45583;      -0.82537; 44.39630;80.00000;20.00000;0.48043;2
768.96301;67.46083;      -0.82425; 44.39534;80.00000;20.00000;0.48037;2
769.06299;67.46583;      -0.82280; 44.39630;80.00000;20.00000;0.48032;2
769.16302;67.47083;      -0.82167; 44.39534;80.00000;20.00000;0.48027;2
769.27197;67.47583;      -0.82054; 44.39534;80.00000;20.00000;0.48021;2
769.37000;67.48083;      -0.81940; 44.39534;80.00000;20.00000;0.48016;2
769.46698;67.48583;      -0.81826; 44.39534;80.00000;20.00000;0.48011;2
769.56702;67.49083;      -0.81804; 44.39534;80.00000;20.00000;0.48005;2
769.66803;67.49583;      -0.81783; 44.39534;80.00000;20.00000;0.48000;2
769.77600;67.50083;      -0.81731; 44.39534;80.00000;20.00000;0.47994;2
769.87299;67.50583;      -0.81648; 44.39437;80.00000;20.00000;0.47989;2
769.96997;67.51083;      -0.81580; 44.39437;80.00000;20.00000;0.47984;2
770.07001;67.51583;      -0.81543; 44.39437;80.00000;20.00000;0.47979;2
770.16498;67.52083;      -0.81459; 44.39244;80.00000;20.00000;0.47974;2
770.27100;67.52583;      -0.81377; 44.39148;80.00000;20.00000;0.47968;2
770.37000;67.53083;      -0.81386; 44.39051;80.00000;20.00000;0.47963;2
770.47498;67.53583;      -0.81410; 44.39051;80.00000;20.00000;0.47957;2
770.56897;67.54083;      -0.81373; 44.38955;80.00000;20.00000;0.47952;2
770.67700;67.54583;      -0.81198; 44.38858;80.00000;20.00000;0.47947;2
770.75897;67.55083;      -0.81083; 44.38665;80.00000;20.00000;0.47942;2
770.86902;67.55583;      -0.81016; 44.38569;80.00000;20.00000;0.47936;2
770.97498;67.56083;      -0.80979; 44.38472;80.00000;20.00000;0.47931;2
771.06500;67.56583;      -0.80956; 44.38086;80.00000;20.00000;0.47926;2
771.17297;67.57083;      -0.80951; 44.37797;80.00000;20.00000;0.47920;2
771.27100;67.57583;      -0.80944; 44.37411;80.00000;20.00000;0.47915;2
771.36798;67.58083;      -0.80968; 44.37121;80.00000;20.00000;0.47910;2
771.47302;67.58583;      -0.80962; 44.36832;80.00000;20.00000;0.47905;2
771.57397;67.59083;      -0.80925; 44.36735;80.00000;20.00000;0.47899;2
771.66498;67.59583;      -0.80826; 44.36639;80.00000;20.00000;0.47894;2
771.76599;67.60083;      -0.80819; 44.36639;80.00000;20.00000;0.47889;2
771.87701;67.60583;      -0.80783; 44.36639;80.00000;20.00000;0.47883;2
771.97101;67.61083;      -0.80745; 44.36639;80.00000;20.00000;0.47878;2
772.06702;67.61583;      -0.80723; 44.36639;80.00000;20.00000;0.47873;2
772.16302;67.62083;      -0.80732; 44.36542;80.00000;20.00000;0.47868;2
772.27100;67.62583;      -0.80710; 44.36542;80.00000;20.00000;0.47862;2
772.36401;67.63083;      -0.80642; 44.36446;80.00000;20.00000;0.47858;2
772.45898;67.63583;      -0.80527; 44.36349;80.00000;20.00000;0.47853;2
772.56201;67.64083;      -0.80444; 44.36349;80.00000;20.00000;0.47847;2
772.66803;67.64583;      -0.80438; 44.36253;80.00000;20.00000;0.47841;2
772.77301;67.65083;      -0.80478; 44.36156;80.00000;20.00000;0.47836;2
772.86902;67.65583;      -0.80502; 44.35770;80.00000;20.00000;0.47831;2
772.96698;67.66083;      -0.80465; 44.35384;80.00000;20.00000;0.47826;2
773.06500;67.66583;      -0.80412; 44.35288;80.00000;20.00000;0.47820;2
773.17700;67.67083;      -0.80329; 44.34805;80.00000;20.00000;0.47815;2
773.27100;67.67583;      -0.80214; 44.34419;80.00000;20.00000;0.47810;2
773.37000;67.68083;      -0.80192; 44.34226;80.00000;20.00000;0.47804;2
773.47302;67.68583;      -0.80171; 44.34033;80.00000;20.00000;0.47799;2
773.56500;67.69083;      -0.80194; 44.33744;80.00000;20.00000;0.47794;2
773.66901;67.69583;      -0.80157; 44.33551;80.00000;20.00000;0.47789;2
773.76599;67.70083;      -0.80135; 44.33358;80.00000;20.00000;0.47783;2
773.87299;67.70583;      -0.80067; 44.33261;80.00000;20.00000;0.47778;2
773.96997;67.71083;      -0.80045; 44.33068;80.00000;20.00000;0.47773;2
774.08002;67.71583;      -0.80055; 44.32586;80.00000;20.00000;0.47767;2
774.17603;67.72083;      -0.80079; 44.32200;80.00000;20.00000;0.47762;2
774.26398;67.72583;      -0.80071; 44.31814;80.00000;20.00000;0.47757;2
774.38000;67.73083;      -0.80020; 44.31524;80.00000;20.00000;0.47751;2
774.47400;67.73583;      -0.79889; 44.31235;80.00000;20.00000;0.47746;2
774.57703;67.74083;      -0.79806; 44.31042;80.00000;20.00000;0.47741;2
774.66699;67.74583;      -0.79845; 44.31042;80.00000;20.00000;0.47736;2
774.76703;67.75083;      -0.79854; 44.31042;80.00000;20.00000;0.47731;2
774.86700;67.75583;      -0.79754; 44.30945;80.00000;20.00000;0.47725;2
774.97101;67.76083;      -0.79671; 44.30945;80.00000;20.00000;0.47720;2
775.06299;67.76583;      -0.79633; 44.30752;80.00000;20.00000;0.47715;2
775.16302;67.77083;      -0.79611; 44.30656;80.00000;20.00000;0.47710;2
775.27698;67.77583;      -0.79574; 44.30463;80.00000;20.00000;0.47704;2
775.36499;67.78083;      -0.79505; 44.30270;80.00000;20.00000;0.47699;2
775.47601;67.78583;      -0.79530; 44.30173;80.00000;20.00000;0.47693;2
775.56598;67.79083;      -0.79554; 44.29884;80.00000;20.00000;0.47688;2
775.67297;67.79583;      -0.79548; 44.29787;80.00000;20.00000;0.47683;2
775.76703;67.80083;      -0.79556; 44.29691;80.00000;20.00000;0.47678;2
775.87402;67.80583;      -0.79550; 44.29691;80.00000;20.00000;0.47672;2
775.96997;67.81083;      -0.79512; 44.29691;80.00000;20.00000;0.47667;2
776.06702;67.81583;      -0.79490; 44.29594;80.00000;20.00000;0.47662;2
776.16803;67.82083;      -0.79452; 44.29498;80.00000;20.00000;0.47657;2
776.27301;67.82583;      -0.79400; 44.29305;80.00000;20.00000;0.47651;2
776.36499;67.83083;      -0.79439; 44.29305;80.00000;20.00000;0.47646;2
776.47302;67.83583;      -0.79495; 44.29112;80.00000;20.00000;0.47641;2
776.56702;67.84083;      -0.79534; 44.29015;80.00000;20.00000;0.47636;2
776.67102;67.84583;      -0.79574; 44.28919;80.00000;20.00000;0.47630;2
776.77100;67.85083;      -0.79567; 44.28919;80.00000;20.00000;0.47625;2
776.86798;67.85583;      -0.79545; 44.28822;80.00000;20.00000;0.47620;2
776.96802;67.86083;      -0.79554; 44.28629;80.00000;20.00000;0.47614;2
777.07202;67.86583;      -0.79532; 44.28436;80.00000;20.00000;0.47609;2
777.16803;67.87083;      -0.79525; 44.28340;80.00000;20.00000;0.47604;2
777.26599;67.87583;      -0.79518; 44.28243;80.00000;20.00000;0.47599;2
777.37598;67.88083;      -0.79512; 44.28147;80.00000;20.00000;0.47593;2
777.47101;67.88583;      -0.79536; 44.27954;80.00000;20.00000;0.47588;2
777.57599;67.89083;      -0.79576; 44.27857;80.00000;20.00000;0.47582;2
777.66803;67.89583;      -0.79569; 44.27761;80.00000;20.00000;0.47577;2
777.76099;67.90083;      -0.79577; 44.27471;80.00000;20.00000;0.47573;2
777.86102;67.90583;      -0.79617; 44.27278;80.00000;20.00000;0.47567;2
777.97498;67.91083;      -0.79689; 44.27085;80.00000;20.00000;0.47561;2
778.06799;67.91583;      -0.79697; 44.26796;80.00000;20.00000;0.47556;2
778.16901;67.92083;      -0.79629; 44.26410;80.00000;20.00000;0.47551;2
778.26599;67.92583;      -0.79575; 44.26120;80.00000;20.00000;0.47546;2
778.36902;67.93083;      -0.79538; 44.25831;80.00000;20.00000;0.47540;2
778.47302;67.93583;      -0.79547; 44.25734;80.00000;20.00000;0.47535;2
778.56598;67.94083;      -0.79633; 44.25541;80.00000;20.00000;0.47530;2
778.66901;67.94583;      -0.79673; 44.25348;80.00000;20.00000;0.47525;2
778.76898;67.95083;      -0.79728; 44.25059;80.00000;20.00000;0.47519;2
778.87201;67.95583;      -0.79768; 44.24576;80.00000;20.00000;0.47514;2
778.96503;67.96083;      -0.79792; 44.24190;80.00000;20.00000;0.47509;2
779.06897;67.96583;      -0.79848; 44.23804;80.00000;20.00000;0.47504;2
779.17297;67.97083;      -0.79872; 44.23418;80.00000;20.00000;0.47498;2
779.27002;67.97583;      -0.79912; 44.23129;80.00000;20.00000;0.47493;2
779.36700;67.98083;      -0.80076; 44.23129;80.00000;20.00000;0.47488;2
779.47198;67.98583;      -0.80163; 44.23129;80.00000;20.00000;0.47482;2
779.58099;67.99083;      -0.80203; 44.23032;80.00000;20.00000;0.47477;2
779.66400;67.99583;      -0.80226; 44.22936;80.00000;20.00000;0.47472;2
779.76703;68.00083;      -0.80189; 44.22743;80.00000;20.00000;0.47467;2
779.86902;68.00583;      -0.80151; 44.22550;80.00000;20.00000;0.47461;2
779.96698;68.01083;      -0.80160; 44.22357;80.00000;20.00000;0.47456;2
780.07001;68.01583;      -0.80231; 44.22164;80.00000;20.00000;0.47451;2
780.17200;68.02083;      -0.80225; 44.21971;80.00000;20.00000;0.47445;2
780.26898;68.02583;      -0.80218; 44.21778;80.00000;20.00000;0.47440;2
780.36401;68.03083;      -0.80180; 44.21585;80.00000;20.00000;0.47435;2
780.46899;68.03583;      -0.80205; 44.21585;80.00000;20.00000;0.47430;2
780.57098;68.04083;      -0.80245; 44.21585;80.00000;20.00000;0.47424;2
780.66302;68.04583;      -0.80284; 44.21006;80.00000;20.00000;0.47419;2
780.77197;68.05083;      -0.80356; 44.20620;80.00000;20.00000;0.47414;2
780.86798;68.05583;      -0.80365; 44.20427;80.00000;20.00000;0.47409;2
780.96698;68.06083;      -0.80358; 44.20041;80.00000;20.00000;0.47403;2
781.07001;68.06583;      -0.80414; 44.19848;80.00000;20.00000;0.47398;2
781.17200;68.07083;      -0.80470; 44.19558;80.00000;20.00000;0.47393;2
781.27399;68.07583;      -0.80463; 44.18883;80.00000;20.00000;0.47387;2
781.37500;68.08083;      -0.80426; 44.18304;80.00000;20.00000;0.47382;2
781.46698;68.08583;      -0.80403; 44.17725;80.00000;20.00000;0.47377;2
781.56897;68.09083;      -0.80396; 44.17628;80.00000;20.00000;0.47372;2
781.67499;68.09583;      -0.80515; 44.17821;80.00000;20.00000;0.47366;2
781.76703;68.10083;      -0.80616; 44.17918;80.00000;20.00000;0.47361;2
781.87299;68.10583;      -0.80626; 44.18014;80.00000;20.00000;0.47356;2
781.97998;68.11083;      -0.80682; 44.18111;80.00000;20.00000;0.47350;2
782.07001;68.11583;      -0.80706; 44.18207;80.00000;20.00000;0.47345;2
782.17297;68.12083;      -0.80777; 44.18111;80.00000;20.00000;0.47340;2
782.27100;68.12583;      -0.80786; 44.17918;80.00000;20.00000;0.47335;2
782.37000;68.13083;      -0.80795; 44.17821;80.00000;20.00000;0.47329;2
782.47803;68.13583;      -0.80820; 44.17628;80.00000;20.00000;0.47324;2
782.56897;68.14083;      -0.80844; 44.17435;80.00000;20.00000;0.47319;2
782.66699;68.14583;      -0.80868; 44.17242;80.00000;20.00000;0.47314;2
782.76398;68.15083;      -0.80846; 44.17049;80.00000;20.00000;0.47309;2
782.87701;68.15583;      -0.80825; 44.16760;80.00000;20.00000;0.47303;2
782.97302;68.16083;      -0.80818; 44.16663;80.00000;20.00000;0.47298;2
783.06000;68.16583;      -0.80795; 44.16663;80.00000;20.00000;0.47293;2
783.16498;68.17083;      -0.80804; 44.16760;80.00000;20.00000;0.47287;2
783.27399;68.17583;      -0.80798; 44.16760;80.00000;20.00000;0.47282;2
783.36603;68.18083;      -0.80807; 44.16856;80.00000;20.00000;0.47277;2
783.47302;68.18583;      -0.80816; 44.16856;80.00000;20.00000;0.47271;2
783.56702;68.19083;      -0.80840; 44.16953;80.00000;20.00000;0.47266;2
783.67499;68.19583;      -0.80850; 44.16953;80.00000;20.00000;0.47261;2
783.77002;68.20083;      -0.80874; 44.17049;80.00000;20.00000;0.47256;2
783.87000;68.20583;      -0.80883; 44.17146;80.00000;20.00000;0.47250;2
783.97198;68.21083;      -0.80908; 44.17242;80.00000;20.00000;0.47245;2
784.06897;68.21583;      -0.80917; 44.17146;80.00000;20.00000;0.47240;2
784.16699;68.22083;      -0.81004; 44.17146;80.00000;20.00000;0.47235;2
784.26898;68.22583;      -0.81075; 44.17146;80.00000;20.00000;0.47229;2
784.36603;68.23083;      -0.81100; 44.17146;80.00000;20.00000;0.47224;2
784.47101;68.23583;      -0.81140; 44.17146;80.00000;20.00000;0.47219;2
784.57098;68.24083;      -0.81212; 44.17049;80.00000;20.00000;0.47213;2
784.67401;68.24583;      -0.81237; 44.17049;80.00000;20.00000;0.47208;2
784.77197;68.25083;      -0.81433; 44.17049;80.00000;20.00000;0.47203;2
784.87201;68.25583;      -0.81473; 44.17049;80.00000;20.00000;0.47197;2
784.96899;68.26083;      -0.81388; 44.17049;80.00000;20.00000;0.47192;2
785.07703;68.26583;      -0.81336; 44.17146;80.00000;20.00000;0.47187;2
785.16803;68.27083;      -0.81344; 44.17146;80.00000;20.00000;0.47182;2
785.26599;68.27583;      -0.81384; 44.16856;80.00000;20.00000;0.47177;2
785.36798;68.28083;      -0.81393; 44.16663;80.00000;20.00000;0.47171;2
785.46698;68.28583;      -0.81402; 44.16663;80.00000;20.00000;0.47166;2
785.56500;68.29083;      -0.81443; 44.16567;80.00000;20.00000;0.47161;2
785.66400;68.29583;      -0.81514; 44.16567;80.00000;20.00000;0.47156;2
785.76001;68.30083;      -0.81476; 44.16277;80.00000;20.00000;0.47151;2
785.86798;68.30583;      -0.81470; 44.16181;80.00000;20.00000;0.47145;2
785.96600;68.31083;      -0.81495; 44.16084;80.00000;20.00000;0.47140;2
786.06403;68.31583;      -0.81550; 44.16084;80.00000;20.00000;0.47135;2
786.16901;68.32083;      -0.81576; 44.15988;80.00000;20.00000;0.47129;2
786.26099;68.32583;      -0.81600; 44.15988;80.00000;20.00000;0.47124;2
786.36798;68.33083;      -0.81703; 44.15891;80.00000;20.00000;0.47119;2
786.46698;68.33583;      -0.81728; 44.15891;80.00000;20.00000;0.47113;2
786.56598;68.34083;      -0.81753; 44.15795;80.00000;20.00000;0.47108;2
786.66498;68.34583;      -0.81746; 44.15698;80.00000;20.00000;0.47103;2
786.76898;68.35083;      -0.81709; 44.15795;80.00000;20.00000;0.47097;2
786.87201;68.35583;      -0.81718; 44.15795;80.00000;20.00000;0.47092;2
786.96997;68.36083;      -0.81727; 44.15891;80.00000;20.00000;0.47087;2
787.06097;68.36583;      -0.81720; 44.16084;80.00000;20.00000;0.47082;2
787.17603;68.37083;      -0.81715; 44.15988;80.00000;20.00000;0.47076;2
787.27502;68.37583;      -0.81708; 44.15988;80.00000;20.00000;0.47071;2
787.36700;68.38083;      -0.81685; 44.16084;80.00000;20.00000;0.47066;2
787.47198;68.38583;      -0.81710; 44.15988;80.00000;20.00000;0.47060;2
787.57397;68.39083;      -0.81751; 44.15988;80.00000;20.00000;0.47055;2
787.66400;68.39583;      -0.81791; 44.15988;80.00000;20.00000;0.47050;2
787.77197;68.40083;      -0.81800; 44.15988;80.00000;20.00000;0.47045;2
787.86401;68.40583;      -0.81793; 44.15891;80.00000;20.00000;0.47040;2
787.96698;68.41083;      -0.81834; 44.15988;80.00000;20.00000;0.47034;2
788.07202;68.41583;      -0.81844; 44.15988;80.00000;20.00000;0.47029;2
788.16199;68.42083;      -0.81836; 44.15988;80.00000;20.00000;0.47024;2
788.27002;68.42583;      -0.81862; 44.15988;80.00000;20.00000;0.47018;2
788.36298;68.43083;      -0.81870; 44.15988;80.00000;20.00000;0.47013;2
788.46698;68.43583;      -0.81927; 44.15602;80.00000;20.00000;0.47008;2
788.56403;68.44083;      -0.82030; 44.15216;80.00000;20.00000;0.47003;2
788.66400;68.44583;      -0.82070; 44.15023;80.00000;20.00000;0.46998;2
788.77002;68.45083;      -0.82096; 44.14733;80.00000;20.00000;0.46992;2
788.86798;68.45583;      -0.82089; 44.14540;80.00000;20.00000;0.46987;2
788.96198;68.46083;      -0.82066; 44.14347;80.00000;20.00000;0.46982;2
789.06799;68.46583;      -0.82029; 44.14347;80.00000;20.00000;0.46976;2
789.16199;68.47083;      -0.82100; 44.14251;80.00000;20.00000;0.46971;2
789.26703;68.47583;      -0.82079; 44.14154;80.00000;20.00000;0.46966;2
789.36902;68.48083;      -0.82010; 44.13961;80.00000;20.00000;0.46960;2
789.46997;68.48583;      -0.82050; 44.13865;80.00000;20.00000;0.46955;2
789.56799;68.49083;      -0.82106; 44.13672;80.00000;20.00000;0.46950;2
789.66699;68.49583;      -0.82131; 44.13479;80.00000;20.00000;0.46945;2
789.77197;68.50083;      -0.82172; 44.13382;80.00000;20.00000;0.46939;2
789.86200;68.50583;      -0.82212; 44.13189;80.00000;20.00000;0.46935;2
789.96600;68.51083;      -0.82269; 44.13093;80.00000;20.00000;0.46929;2
790.06702;68.51583;      -0.82309; 44.13093;80.00000;20.00000;0.46924;2
790.16400;68.52083;      -0.82303; 44.13189;80.00000;20.00000;0.46919;2
790.27002;68.52583;      -0.82297; 44.13093;80.00000;20.00000;0.46913;2
790.36902;68.53083;      -0.82337; 44.13189;80.00000;20.00000;0.46908;2
790.46503;68.53583;      -0.82393; 44.13093;80.00000;20.00000;0.46903;2
790.56500;68.54083;      -0.82387; 44.12996;80.00000;20.00000;0.46897;2
790.66803;68.54583;      -0.82412; 44.13093;80.00000;20.00000;0.46892;2
790.77301;68.55083;      -0.82422; 44.12803;80.00000;20.00000;0.46887;2
790.86499;68.55583;      -0.82462; 44.12514;80.00000;20.00000;0.46882;2
790.96698;68.56083;      -0.82440; 44.12514;80.00000;20.00000;0.46876;2
791.07300;68.56583;      -0.82450; 44.12321;80.00000;20.00000;0.46871;2
791.15997;68.57083;      -0.82442; 44.12031;80.00000;20.00000;0.46866;2
791.26398;68.57583;      -0.82452; 44.11838;80.00000;20.00000;0.46861;2
791.36902;68.58083;      -0.82461; 44.11549;80.00000;20.00000;0.46855;2
791.46600;68.58583;      -0.82486; 44.11356;80.00000;20.00000;0.46850;2
791.56702;68.59083;      -0.82448; 44.11163;80.00000;20.00000;0.46845;2
791.67401;68.59583;      -0.82442; 44.11067;80.00000;20.00000;0.46839;2
791.76398;68.60083;      -0.82419; 44.10584;80.00000;20.00000;0.46834;2
791.86200;68.60583;      -0.82460; 44.10295;80.00000;20.00000;0.46829;2
791.96301;68.61083;      -0.82469; 44.10005;80.00000;20.00000;0.46824;2
792.06097;68.61583;      -0.82463; 44.09619;80.00000;20.00000;0.46819;2
792.16199;68.62083;      -0.82409; 44.09137;80.00000;20.00000;0.46813;2
792.26501;68.62583;      -0.82592; 44.08751;80.00000;20.00000;0.46808;2
792.35999;68.63083;      -0.82553; 44.08268;80.00000;20.00000;0.46803;2
792.46301;68.63583;      -0.82563; 44.07882;80.00000;20.00000;0.46798;2
792.57397;68.64083;      -0.82620; 44.07882;80.00000;20.00000;0.46792;2
792.66400;68.64583;      -0.82644; 44.07979;80.00000;20.00000;0.46787;2
792.76202;68.65083;      -0.82685; 44.07882;80.00000;20.00000;0.46782;2
792.85699;68.65583;      -0.82694; 44.07786;80.00000;20.00000;0.46777;2
792.96698;68.66083;      -0.82767; 44.07593;80.00000;20.00000;0.46771;2
793.06403;68.66583;      -0.82760; 44.06821;80.00000;20.00000;0.46766;2
793.16699;68.67083;      -0.82754; 44.06531;80.00000;20.00000;0.46760;2
793.26898;68.67583;      -0.82779; 44.06049;80.00000;20.00000;0.46755;2
793.36298;68.68083;      -0.82851; 44.05856;80.00000;20.00000;0.46750;2
793.46997;68.68583;      -0.82893; 44.05566;80.00000;20.00000;0.46744;2
793.57001;68.69083;      -0.82949; 44.05277;80.00000;20.00000;0.46739;2
793.66400;68.69583;      -0.82958; 44.05277;80.00000;20.00000;0.46734;2
793.77100;68.70083;      -0.83047; 44.05373;80.00000;20.00000;0.46729;2
793.87299;68.70583;      -0.83104; 44.05277;80.00000;20.00000;0.46723;2
793.96997;68.71083;      -0.83144; 44.05277;80.00000;20.00000;0.46718;2
794.06897;68.71583;      -0.83154; 44.05277;80.00000;20.00000;0.46713;2
794.16699;68.72083;      -0.83178; 44.05277;80.00000;20.00000;0.46708;2
794.27197;68.72583;      -0.83188; 44.05277;80.00000;20.00000;0.46702;2
794.36603;68.73083;      -0.83181; 44.05180;80.00000;20.00000;0.46697;2
794.46802;68.73583;      -0.83207; 44.05277;80.00000;20.00000;0.46692;2
794.56598;68.74083;      -0.83232; 44.04794;80.00000;20.00000;0.46687;2
794.66602;68.74583;      -0.83320; 44.04408;80.00000;20.00000;0.46682;2

